2026/09/29 11:55:59.627, 0, 1, 0
2026/09/29 11:55:59.630, 1, 1, 0
2026/09/29 11:55:59.632, 2, 1, 0
2026/09/29 11:55:59.634, 3, 1, 0
2026/09/29 11:55:59.637, 4, 1, 0
2026/09/29 11:55:59.639, 5, 1, 0
2026/09/29 11:55:59.641, 6, 1, 0
2026/09/29 11:55:59.643, 7, 1, 0
2026/09/29 11:56:00.645, 0, 1, 0
2026/09/29 11:56:00.645, 1, 1, 0
2026/09/29 11:56:00.646, 2, 1, 0
2026/09/29 11:56:00.646, 3, 1, 0
2026/09/29 11:56:00.646, 4, 1, 0
2026/09/29 11:56:00.646, 5, 1, 0
2026/09/29 11:56:00.646, 6, 1, 0
2026/09/29 11:56:00.646, 7, 1, 0
2026/09/29 11:56:01.646, 0, 1, 0
2026/09/29 11:56:01.653, 1, 1, 0
2026/09/29 11:56:01.683, 2, 1, 0
2026/09/29 11:56:01.683, 3, 1, 0
2026/09/29 11:56:01.684, 4, 1, 0
2026/09/29 11:56:01.684, 5, 1, 0
2026/09/29 11:56:01.684, 6, 1, 0
2026/09/29 11:56:01.684, 7, 1, 0
2026/09/29 11:56:02.684, 0, 4, 0
2026/09/29 11:56:02.684, 1, 4, 0
2026/09/29 11:56:02.684, 2, 4, 0
2026/09/29 11:56:02.684, 3, 4, 0
2026/09/29 11:56:02.684, 4, 4, 0
2026/09/29 11:56:02.684, 5, 4, 0
2026/09/29 11:56:02.684, 6, 4, 0
2026/09/29 11:56:02.684, 7, 4, 0
2026/09/29 11:56:03.684, 0, 4, 0
2026/09/29 11:56:03.685, 1, 4, 0
2026/09/29 11:56:03.685, 2, 4, 0
2026/09/29 11:56:03.685, 3, 4, 0
2026/09/29 11:56:03.685, 4, 4, 0
2026/09/29 11:56:03.685, 5, 4, 0
2026/09/29 11:56:03.685, 6, 4, 0
2026/09/29 11:56:03.685, 7, 4, 0
2026/09/29 11:56:04.685, 0, 4, 0
2026/09/29 11:56:04.685, 1, 4, 0
2026/09/29 11:56:04.685, 2, 4, 0
2026/09/29 11:56:04.685, 3, 4, 0
2026/09/29 11:56:04.685, 4, 4, 0
2026/09/29 11:56:04.685, 5, 4, 0
2026/09/29 11:56:04.685, 6, 4, 0
2026/09/29 11:56:04.686, 7, 4, 0
2026/09/29 11:56:05.686, 0, 4, 0
2026/09/29 11:56:05.686, 1, 4, 0
2026/09/29 11:56:05.686, 2, 4, 0
2026/09/29 11:56:05.686, 3, 4, 0
2026/09/29 11:56:05.686, 4, 4, 0
2026/09/29 11:56:05.686, 5, 4, 0
2026/09/29 11:56:05.686, 6, 4, 0
2026/09/29 11:56:05.686, 7, 4, 0
2026/09/29 11:56:06.686, 0, 4, 0
2026/09/29 11:56:06.686, 1, 4, 0
2026/09/29 11:56:06.686, 2, 4, 0
2026/09/29 11:56:06.686, 3, 4, 0
2026/09/29 11:56:06.687, 4, 4, 0
2026/09/29 11:56:06.687, 5, 4, 0
2026/09/29 11:56:06.687, 6, 4, 0
2026/09/29 11:56:06.687, 7, 4, 0
2026/09/29 11:56:07.687, 0, 4, 0
2026/09/29 11:56:07.687, 1, 4, 0
2026/09/29 11:56:07.687, 2, 4, 0
2026/09/29 11:56:07.687, 3, 4, 0
2026/09/29 11:56:07.687, 4, 4, 0
2026/09/29 11:56:07.687, 5, 4, 0
2026/09/29 11:56:07.687, 6, 4, 0
2026/09/29 11:56:07.687, 7, 4, 0
2026/09/29 11:56:08.687, 0, 4, 0
2026/09/29 11:56:08.687, 1, 4, 0
2026/09/29 11:56:08.688, 2, 4, 0
2026/09/29 11:56:08.688, 3, 4, 0
2026/09/29 11:56:08.688, 4, 4, 0
2026/09/29 11:56:08.688, 5, 4, 0
2026/09/29 11:56:08.688, 6, 4, 0
2026/09/29 11:56:08.688, 7, 4, 0
2026/09/29 11:56:09.688, 0, 4, 0
2026/09/29 11:56:09.688, 1, 4, 0
2026/09/29 11:56:09.688, 2, 4, 0
2026/09/29 11:56:09.688, 3, 4, 0
2026/09/29 11:56:09.688, 4, 4, 0
2026/09/29 11:56:09.688, 5, 4, 0
2026/09/29 11:56:09.688, 6, 4, 0
2026/09/29 11:56:09.689, 7, 4, 0
2026/09/29 11:56:10.689, 0, 4, 0
2026/09/29 11:56:10.689, 1, 4, 0
2026/09/29 11:56:10.692, 2, 4, 0
2026/09/29 11:56:10.695, 3, 4, 0
2026/09/29 11:56:10.696, 4, 4, 0
2026/09/29 11:56:10.696, 5, 4, 0
2026/09/29 11:56:10.697, 6, 4, 0
2026/09/29 11:56:10.697, 7, 4, 0
2026/09/29 11:56:11.698, 0, 4, 0
2026/09/29 11:56:11.698, 1, 4, 0
2026/09/29 11:56:11.698, 2, 4, 0
2026/09/29 11:56:11.698, 3, 4, 0
2026/09/29 11:56:11.698, 4, 4, 0
2026/09/29 11:56:11.698, 5, 4, 0
2026/09/29 11:56:11.698, 6, 4, 0
2026/09/29 11:56:11.699, 7, 4, 0
2026/09/29 11:56:12.699, 0, 96, 0
2026/09/29 11:56:12.732, 1, 4, 0
2026/09/29 11:56:12.732, 2, 4, 0
2026/09/29 11:56:12.733, 3, 4, 0
2026/09/29 11:56:12.733, 4, 21, 0
2026/09/29 11:56:12.733, 5, 21, 0
2026/09/29 11:56:12.734, 6, 4, 0
2026/09/29 11:56:12.737, 7, 4, 0
2026/09/29 11:56:13.742, 0, 510, 0
2026/09/29 11:56:13.743, 1, 510, 0
2026/09/29 11:56:13.743, 2, 510, 0
2026/09/29 11:56:13.743, 3, 510, 0
2026/09/29 11:56:13.743, 4, 510, 2
2026/09/29 11:56:13.743, 5, 510, 1
2026/09/29 11:56:13.743, 6, 510, 0
2026/09/29 11:56:13.743, 7, 510, 0
2026/09/29 11:56:14.743, 0, 606, 0
2026/09/29 11:56:14.744, 1, 606, 0
2026/09/29 11:56:14.744, 2, 606, 0
2026/09/29 11:56:14.744, 3, 606, 0
2026/09/29 11:56:14.744, 4, 606, 0
2026/09/29 11:56:14.744, 5, 606, 0
2026/09/29 11:56:14.744, 6, 606, 0
2026/09/29 11:56:14.744, 7, 606, 4
2026/09/29 11:56:15.744, 0, 606, 0
2026/09/29 11:56:15.744, 1, 606, 0
2026/09/29 11:56:15.744, 2, 606, 0
2026/09/29 11:56:15.744, 3, 606, 0
2026/09/29 11:56:15.744, 4, 606, 0
2026/09/29 11:56:15.745, 5, 606, 0
2026/09/29 11:56:15.745, 6, 606, 0
2026/09/29 11:56:15.745, 7, 606, 0
2026/09/29 11:56:16.745, 0, 606, 0
2026/09/29 11:56:16.745, 1, 606, 0
2026/09/29 11:56:16.745, 2, 606, 0
2026/09/29 11:56:16.745, 3, 606, 0
2026/09/29 11:56:16.745, 4, 606, 0
2026/09/29 11:56:16.745, 5, 606, 0
2026/09/29 11:56:16.745, 6, 606, 0
2026/09/29 11:56:16.745, 7, 606, 0
2026/09/29 11:56:17.745, 0, 606, 0
2026/09/29 11:56:17.745, 1, 606, 0
2026/09/29 11:56:17.745, 2, 606, 0
2026/09/29 11:56:17.746, 3, 606, 0
2026/09/29 11:56:17.746, 4, 606, 0
2026/09/29 11:56:17.746, 5, 606, 0
2026/09/29 11:56:17.746, 6, 606, 0
2026/09/29 11:56:17.746, 7, 606, 0
2026/09/29 11:56:18.746, 0, 606, 0
2026/09/29 11:56:18.746, 1, 606, 0
2026/09/29 11:56:18.746, 2, 606, 0
2026/09/29 11:56:18.746, 3, 606, 0
2026/09/29 11:56:18.746, 4, 606, 0
2026/09/29 11:56:18.746, 5, 606, 0
2026/09/29 11:56:18.746, 6, 606, 0
2026/09/29 11:56:18.746, 7, 606, 0
2026/09/29 11:56:19.746, 0, 606, 0
2026/09/29 11:56:19.747, 1, 606, 0
2026/09/29 11:56:19.747, 2, 606, 0
2026/09/29 11:56:19.747, 3, 606, 0
2026/09/29 11:56:19.747, 4, 606, 0
2026/09/29 11:56:19.747, 5, 606, 0
2026/09/29 11:56:19.747, 6, 606, 0
2026/09/29 11:56:19.747, 7, 606, 0
2026/09/29 11:56:20.747, 0, 606, 0
2026/09/29 11:56:20.747, 1, 606, 0
2026/09/29 11:56:20.748, 2, 606, 0
2026/09/29 11:56:20.748, 3, 606, 0
2026/09/29 11:56:20.748, 4, 606, 0
2026/09/29 11:56:20.748, 5, 606, 0
2026/09/29 11:56:20.748, 6, 606, 0
2026/09/29 11:56:20.748, 7, 606, 0
2026/09/29 11:56:21.748, 0, 606, 0
2026/09/29 11:56:21.748, 1, 606, 0
2026/09/29 11:56:21.748, 2, 606, 0
2026/09/29 11:56:21.748, 3, 606, 0
2026/09/29 11:56:21.748, 4, 606, 0
2026/09/29 11:56:21.748, 5, 606, 0
2026/09/29 11:56:21.748, 6, 606, 0
2026/09/29 11:56:21.748, 7, 606, 0
2026/09/29 11:56:22.749, 0, 606, 0
2026/09/29 11:56:22.749, 1, 606, 0
2026/09/29 11:56:22.749, 2, 606, 0
2026/09/29 11:56:22.749, 3, 606, 0
2026/09/29 11:56:22.749, 4, 606, 0
2026/09/29 11:56:22.749, 5, 606, 0
2026/09/29 11:56:22.749, 6, 606, 0
2026/09/29 11:56:22.749, 7, 606, 0
2026/09/29 11:56:23.749, 0, 606, 0
2026/09/29 11:56:23.749, 1, 606, 0
2026/09/29 11:56:23.749, 2, 606, 0
2026/09/29 11:56:23.749, 3, 606, 0
2026/09/29 11:56:23.749, 4, 606, 0
2026/09/29 11:56:23.749, 5, 606, 0
2026/09/29 11:56:23.750, 6, 606, 0
2026/09/29 11:56:23.750, 7, 606, 0
2026/09/29 11:56:24.750, 0, 606, 0
2026/09/29 11:56:24.750, 1, 606, 0
2026/09/29 11:56:24.750, 2, 606, 0
2026/09/29 11:56:24.750, 3, 606, 0
2026/09/29 11:56:24.750, 4, 606, 0
2026/09/29 11:56:24.750, 5, 606, 0
2026/09/29 11:56:24.750, 6, 606, 0
2026/09/29 11:56:24.750, 7, 606, 0
2026/09/29 11:56:25.750, 0, 606, 0
2026/09/29 11:56:25.750, 1, 606, 0
2026/09/29 11:56:25.750, 2, 606, 0
2026/09/29 11:56:25.751, 3, 606, 0
2026/09/29 11:56:25.751, 4, 606, 0
2026/09/29 11:56:25.751, 5, 606, 0
2026/09/29 11:56:25.751, 6, 606, 0
2026/09/29 11:56:25.751, 7, 606, 0
2026/09/29 11:56:26.751, 0, 606, 0
2026/09/29 11:56:26.751, 1, 606, 0
2026/09/29 11:56:26.751, 2, 606, 0
2026/09/29 11:56:26.751, 3, 606, 0
2026/09/29 11:56:26.751, 4, 606, 0
2026/09/29 11:56:26.751, 5, 606, 0
2026/09/29 11:56:26.751, 6, 606, 0
2026/09/29 11:56:26.751, 7, 606, 0
2026/09/29 11:56:27.751, 0, 606, 0
2026/09/29 11:56:27.752, 1, 606, 0
2026/09/29 11:56:27.752, 2, 606, 0
2026/09/29 11:56:27.752, 3, 606, 0
2026/09/29 11:56:27.752, 4, 606, 0
2026/09/29 11:56:27.752, 5, 606, 0
2026/09/29 11:56:27.752, 6, 606, 0
2026/09/29 11:56:27.752, 7, 606, 0
2026/09/29 11:56:28.752, 0, 606, 0
2026/09/29 11:56:28.752, 1, 606, 0
2026/09/29 11:56:28.752, 2, 606, 0
2026/09/29 11:56:28.752, 3, 606, 0
2026/09/29 11:56:28.752, 4, 606, 0
2026/09/29 11:56:28.752, 5, 606, 0
2026/09/29 11:56:28.752, 6, 606, 0
2026/09/29 11:56:28.752, 7, 606, 0
2026/09/29 11:56:29.753, 0, 606, 0
2026/09/29 11:56:29.753, 1, 606, 0
2026/09/29 11:56:29.753, 2, 606, 0
2026/09/29 11:56:29.753, 3, 606, 0
2026/09/29 11:56:29.753, 4, 606, 0
2026/09/29 11:56:29.753, 5, 606, 0
2026/09/29 11:56:29.753, 6, 606, 0
2026/09/29 11:56:29.753, 7, 606, 0
2026/09/29 11:56:30.753, 0, 606, 0
2026/09/29 11:56:30.753, 1, 606, 0
2026/09/29 11:56:30.753, 2, 606, 0
2026/09/29 11:56:30.753, 3, 606, 0
2026/09/29 11:56:30.754, 4, 606, 0
2026/09/29 11:56:30.754, 5, 606, 0
2026/09/29 11:56:30.754, 6, 606, 0
2026/09/29 11:56:30.754, 7, 606, 0
2026/09/29 11:56:31.754, 0, 606, 0
2026/09/29 11:56:31.754, 1, 606, 0
2026/09/29 11:56:31.754, 2, 606, 0
2026/09/29 11:56:31.754, 3, 606, 0
2026/09/29 11:56:31.754, 4, 606, 0
2026/09/29 11:56:31.754, 5, 606, 0
2026/09/29 11:56:31.754, 6, 606, 0
2026/09/29 11:56:31.754, 7, 606, 0
2026/09/29 11:56:32.754, 0, 606, 0
2026/09/29 11:56:32.755, 1, 606, 0
2026/09/29 11:56:32.755, 2, 606, 0
2026/09/29 11:56:32.755, 3, 606, 0
2026/09/29 11:56:32.755, 4, 606, 0
2026/09/29 11:56:32.755, 5, 606, 0
2026/09/29 11:56:32.755, 6, 606, 0
2026/09/29 11:56:32.755, 7, 606, 0
2026/09/29 11:56:33.755, 0, 606, 0
2026/09/29 11:56:33.755, 1, 606, 0
2026/09/29 11:56:33.755, 2, 606, 0
2026/09/29 11:56:33.755, 3, 606, 0
2026/09/29 11:56:33.755, 4, 606, 0
2026/09/29 11:56:33.755, 5, 606, 0
2026/09/29 11:56:33.755, 6, 606, 0
2026/09/29 11:56:33.755, 7, 606, 0
2026/09/29 11:56:34.756, 0, 606, 0
2026/09/29 11:56:34.756, 1, 606, 0
2026/09/29 11:56:34.757, 2, 606, 0
2026/09/29 11:56:34.757, 3, 606, 0
2026/09/29 11:56:34.757, 4, 606, 0
2026/09/29 11:56:34.757, 5, 606, 0
2026/09/29 11:56:34.757, 6, 606, 0
2026/09/29 11:56:34.757, 7, 606, 0
2026/09/29 11:56:35.757, 0, 606, 0
2026/09/29 11:56:35.757, 1, 606, 0
2026/09/29 11:56:35.757, 2, 606, 0
2026/09/29 11:56:35.758, 3, 606, 0
2026/09/29 11:56:35.758, 4, 606, 0
2026/09/29 11:56:35.758, 5, 606, 0
2026/09/29 11:56:35.758, 6, 606, 0
2026/09/29 11:56:35.758, 7, 606, 0
2026/09/29 11:56:36.758, 0, 606, 0
2026/09/29 11:56:36.758, 1, 606, 0
2026/09/29 11:56:36.758, 2, 606, 0
2026/09/29 11:56:36.758, 3, 606, 0
2026/09/29 11:56:36.758, 4, 606, 0
2026/09/29 11:56:36.758, 5, 606, 0
2026/09/29 11:56:36.758, 6, 606, 0
2026/09/29 11:56:36.758, 7, 606, 0
2026/09/29 11:56:37.758, 0, 606, 0
2026/09/29 11:56:37.759, 1, 606, 0
2026/09/29 11:56:37.759, 2, 606, 0
2026/09/29 11:56:37.759, 3, 606, 0
2026/09/29 11:56:37.759, 4, 606, 0
2026/09/29 11:56:37.759, 5, 606, 0
2026/09/29 11:56:37.759, 6, 606, 0
2026/09/29 11:56:37.759, 7, 606, 0
2026/09/29 11:56:38.759, 0, 606, 0
2026/09/29 11:56:38.759, 1, 606, 0
2026/09/29 11:56:38.759, 2, 606, 0
2026/09/29 11:56:38.759, 3, 606, 0
2026/09/29 11:56:38.759, 4, 606, 0
2026/09/29 11:56:38.759, 5, 606, 0
2026/09/29 11:56:38.759, 6, 606, 0
2026/09/29 11:56:38.760, 7, 606, 0
2026/09/29 11:56:39.760, 0, 606, 0
2026/09/29 11:56:39.760, 1, 606, 0
2026/09/29 11:56:39.760, 2, 606, 0
2026/09/29 11:56:39.760, 3, 606, 0
2026/09/29 11:56:39.760, 4, 606, 0
2026/09/29 11:56:39.760, 5, 606, 0
2026/09/29 11:56:39.760, 6, 606, 0
2026/09/29 11:56:39.760, 7, 606, 0
2026/09/29 11:56:40.761, 0, 606, 0
2026/09/29 11:56:40.761, 1, 606, 0
2026/09/29 11:56:40.761, 2, 606, 0
2026/09/29 11:56:40.761, 3, 606, 0
2026/09/29 11:56:40.761, 4, 606, 0
2026/09/29 11:56:40.761, 5, 606, 0
2026/09/29 11:56:40.761, 6, 606, 0
2026/09/29 11:56:40.761, 7, 606, 0
2026/09/29 11:56:41.761, 0, 606, 0
2026/09/29 11:56:41.761, 1, 606, 0
2026/09/29 11:56:41.761, 2, 606, 0
2026/09/29 11:56:41.761, 3, 606, 0
2026/09/29 11:56:41.761, 4, 606, 0
2026/09/29 11:56:41.761, 5, 606, 0
2026/09/29 11:56:41.761, 6, 606, 0
2026/09/29 11:56:41.762, 7, 606, 0
2026/09/29 11:56:42.762, 0, 606, 0
2026/09/29 11:56:42.762, 1, 606, 0
2026/09/29 11:56:42.762, 2, 606, 0
2026/09/29 11:56:42.762, 3, 606, 0
2026/09/29 11:56:42.762, 4, 606, 0
2026/09/29 11:56:42.762, 5, 606, 0
2026/09/29 11:56:42.762, 6, 606, 0
2026/09/29 11:56:42.762, 7, 606, 0
2026/09/29 11:56:43.762, 0, 606, 0
2026/09/29 11:56:43.762, 1, 606, 0
2026/09/29 11:56:43.763, 2, 606, 0
2026/09/29 11:56:43.763, 3, 606, 0
2026/09/29 11:56:43.763, 4, 606, 0
2026/09/29 11:56:43.763, 5, 606, 0
2026/09/29 11:56:43.763, 6, 606, 0
2026/09/29 11:56:43.763, 7, 606, 0
2026/09/29 11:56:44.763, 0, 606, 0
2026/09/29 11:56:44.763, 1, 606, 0
2026/09/29 11:56:44.763, 2, 606, 0
2026/09/29 11:56:44.763, 3, 606, 0
2026/09/29 11:56:44.763, 4, 606, 0
2026/09/29 11:56:44.763, 5, 606, 0
2026/09/29 11:56:44.764, 6, 606, 0
2026/09/29 11:56:44.764, 7, 606, 0
2026/09/29 11:56:45.764, 0, 606, 0
2026/09/29 11:56:45.764, 1, 606, 0
2026/09/29 11:56:45.764, 2, 606, 0
2026/09/29 11:56:45.764, 3, 606, 0
2026/09/29 11:56:45.764, 4, 606, 0
2026/09/29 11:56:45.764, 5, 606, 0
2026/09/29 11:56:45.764, 6, 606, 0
2026/09/29 11:56:45.764, 7, 606, 0
2026/09/29 11:56:46.764, 0, 606, 0
2026/09/29 11:56:46.764, 1, 606, 0
2026/09/29 11:56:46.764, 2, 606, 0
2026/09/29 11:56:46.765, 3, 606, 0
2026/09/29 11:56:46.765, 4, 606, 0
2026/09/29 11:56:46.765, 5, 606, 0
2026/09/29 11:56:46.765, 6, 606, 0
2026/09/29 11:56:46.765, 7, 606, 0
2026/09/29 11:56:47.765, 0, 606, 0
2026/09/29 11:56:47.765, 1, 606, 0
2026/09/29 11:56:47.765, 2, 606, 0
2026/09/29 11:56:47.765, 3, 606, 0
2026/09/29 11:56:47.765, 4, 606, 0
2026/09/29 11:56:47.765, 5, 606, 0
2026/09/29 11:56:47.765, 6, 606, 0
2026/09/29 11:56:47.765, 7, 606, 0
2026/09/29 11:56:48.765, 0, 606, 0
2026/09/29 11:56:48.766, 1, 606, 0
2026/09/29 11:56:48.766, 2, 606, 0
2026/09/29 11:56:48.766, 3, 606, 0
2026/09/29 11:56:48.766, 4, 606, 0
2026/09/29 11:56:48.766, 5, 606, 0
2026/09/29 11:56:48.766, 6, 606, 0
2026/09/29 11:56:48.766, 7, 606, 0
2026/09/29 11:56:49.766, 0, 606, 0
2026/09/29 11:56:49.766, 1, 606, 0
2026/09/29 11:56:49.767, 2, 606, 0
2026/09/29 11:56:49.767, 3, 606, 0
2026/09/29 11:56:49.767, 4, 606, 0
2026/09/29 11:56:49.768, 5, 606, 0
2026/09/29 11:56:49.768, 6, 606, 0
2026/09/29 11:56:49.768, 7, 606, 0
2026/09/29 11:56:50.768, 0, 606, 0
2026/09/29 11:56:50.768, 1, 606, 0
2026/09/29 11:56:50.768, 2, 606, 0
2026/09/29 11:56:50.768, 3, 606, 0
2026/09/29 11:56:50.768, 4, 606, 0
2026/09/29 11:56:50.768, 5, 606, 0
2026/09/29 11:56:50.768, 6, 606, 0
2026/09/29 11:56:50.768, 7, 606, 0
2026/09/29 11:56:51.768, 0, 606, 0
2026/09/29 11:56:51.768, 1, 606, 0
2026/09/29 11:56:51.768, 2, 606, 0
2026/09/29 11:56:51.768, 3, 606, 0
2026/09/29 11:56:51.769, 4, 606, 0
2026/09/29 11:56:51.769, 5, 606, 0
2026/09/29 11:56:51.769, 6, 606, 0
2026/09/29 11:56:51.769, 7, 606, 0
2026/09/29 11:56:52.769, 0, 606, 0
2026/09/29 11:56:52.769, 1, 606, 0
2026/09/29 11:56:52.769, 2, 606, 0
2026/09/29 11:56:52.769, 3, 606, 0
2026/09/29 11:56:52.769, 4, 606, 0
2026/09/29 11:56:52.769, 5, 606, 0
2026/09/29 11:56:52.769, 6, 606, 0
2026/09/29 11:56:52.769, 7, 606, 0
2026/09/29 11:56:53.769, 0, 606, 0
2026/09/29 11:56:53.770, 1, 606, 0
2026/09/29 11:56:53.770, 2, 606, 0
2026/09/29 11:56:53.770, 3, 606, 0
2026/09/29 11:56:53.770, 4, 606, 0
2026/09/29 11:56:53.770, 5, 606, 0
2026/09/29 11:56:53.770, 6, 606, 0
2026/09/29 11:56:53.770, 7, 606, 0
2026/09/29 11:56:54.770, 0, 606, 0
2026/09/29 11:56:54.770, 1, 606, 0
2026/09/29 11:56:54.771, 2, 606, 0
2026/09/29 11:56:54.771, 3, 606, 0
2026/09/29 11:56:54.771, 4, 606, 0
2026/09/29 11:56:54.771, 5, 606, 0
2026/09/29 11:56:54.771, 6, 606, 0
2026/09/29 11:56:54.771, 7, 606, 0
2026/09/29 11:56:55.771, 0, 606, 0
2026/09/29 11:56:55.771, 1, 606, 0
2026/09/29 11:56:55.771, 2, 606, 0
2026/09/29 11:56:55.771, 3, 606, 0
2026/09/29 11:56:55.771, 4, 606, 0
2026/09/29 11:56:55.771, 5, 606, 0
2026/09/29 11:56:55.771, 6, 606, 0
2026/09/29 11:56:55.771, 7, 606, 0
2026/09/29 11:56:56.772, 0, 606, 0
2026/09/29 11:56:56.772, 1, 606, 0
2026/09/29 11:56:56.772, 2, 606, 0
2026/09/29 11:56:56.772, 3, 606, 0
2026/09/29 11:56:56.772, 4, 606, 0
2026/09/29 11:56:56.772, 5, 606, 0
2026/09/29 11:56:56.772, 6, 606, 0
2026/09/29 11:56:56.772, 7, 606, 0
2026/09/29 11:56:57.772, 0, 606, 0
2026/09/29 11:56:57.773, 1, 606, 0
2026/09/29 11:56:57.773, 2, 606, 0
2026/09/29 11:56:57.773, 3, 606, 0
2026/09/29 11:56:57.773, 4, 606, 0
2026/09/29 11:56:57.773, 5, 606, 0
2026/09/29 11:56:57.773, 6, 606, 0
2026/09/29 11:56:57.773, 7, 606, 0
2026/09/29 11:56:58.773, 0, 606, 0
2026/09/29 11:56:58.773, 1, 606, 0
2026/09/29 11:56:58.773, 2, 606, 0
2026/09/29 11:56:58.773, 3, 606, 0
2026/09/29 11:56:58.773, 4, 606, 0
2026/09/29 11:56:58.773, 5, 606, 0
2026/09/29 11:56:58.773, 6, 606, 0
2026/09/29 11:56:58.773, 7, 606, 0
2026/09/29 11:56:59.774, 0, 606, 0
2026/09/29 11:56:59.774, 1, 606, 0
2026/09/29 11:56:59.775, 2, 606, 0
2026/09/29 11:56:59.775, 3, 606, 0
2026/09/29 11:56:59.775, 4, 606, 0
2026/09/29 11:56:59.775, 5, 606, 0
2026/09/29 11:56:59.775, 6, 606, 0
2026/09/29 11:56:59.775, 7, 606, 0
2026/09/29 11:57:00.775, 0, 606, 0
2026/09/29 11:57:00.775, 1, 606, 0
2026/09/29 11:57:00.775, 2, 606, 0
2026/09/29 11:57:00.775, 3, 606, 0
2026/09/29 11:57:00.775, 4, 606, 0
2026/09/29 11:57:00.775, 5, 606, 0
2026/09/29 11:57:00.775, 6, 606, 0
2026/09/29 11:57:00.775, 7, 606, 0
2026/09/29 11:57:01.776, 0, 606, 0
2026/09/29 11:57:01.776, 1, 606, 0
2026/09/29 11:57:01.776, 2, 606, 0
2026/09/29 11:57:01.776, 3, 606, 0
2026/09/29 11:57:01.776, 4, 606, 0
2026/09/29 11:57:01.776, 5, 606, 0
2026/09/29 11:57:01.776, 6, 606, 0
2026/09/29 11:57:01.776, 7, 606, 0
2026/09/29 11:57:02.776, 0, 606, 0
2026/09/29 11:57:02.776, 1, 606, 0
2026/09/29 11:57:02.776, 2, 606, 0
2026/09/29 11:57:02.776, 3, 606, 0
2026/09/29 11:57:02.776, 4, 606, 0
2026/09/29 11:57:02.776, 5, 606, 0
2026/09/29 11:57:02.776, 6, 606, 0
2026/09/29 11:57:02.776, 7, 606, 0
2026/09/29 11:57:03.776, 0, 606, 0
2026/09/29 11:57:03.777, 1, 606, 0
2026/09/29 11:57:03.777, 2, 606, 0
2026/09/29 11:57:03.777, 3, 606, 0
2026/09/29 11:57:03.777, 4, 606, 0
2026/09/29 11:57:03.777, 5, 606, 0
2026/09/29 11:57:03.777, 6, 606, 0
2026/09/29 11:57:03.777, 7, 606, 0
2026/09/29 11:57:04.777, 0, 606, 0
2026/09/29 11:57:04.777, 1, 606, 0
2026/09/29 11:57:04.779, 2, 606, 0
2026/09/29 11:57:04.779, 3, 606, 0
2026/09/29 11:57:04.779, 4, 606, 0
2026/09/29 11:57:04.779, 5, 606, 0
2026/09/29 11:57:04.779, 6, 606, 0
2026/09/29 11:57:04.779, 7, 606, 0
2026/09/29 11:57:05.780, 0, 606, 0
2026/09/29 11:57:05.780, 1, 606, 0
2026/09/29 11:57:05.780, 2, 606, 0
2026/09/29 11:57:05.780, 3, 606, 0
2026/09/29 11:57:05.780, 4, 606, 0
2026/09/29 11:57:05.780, 5, 606, 0
2026/09/29 11:57:05.780, 6, 606, 0
2026/09/29 11:57:05.780, 7, 606, 0
2026/09/29 11:57:06.780, 0, 606, 0
2026/09/29 11:57:06.780, 1, 606, 0
2026/09/29 11:57:06.780, 2, 606, 0
2026/09/29 11:57:06.780, 3, 606, 0
2026/09/29 11:57:06.780, 4, 606, 0
2026/09/29 11:57:06.780, 5, 606, 0
2026/09/29 11:57:06.781, 6, 606, 0
2026/09/29 11:57:06.781, 7, 606, 0
2026/09/29 11:57:07.781, 0, 606, 0
2026/09/29 11:57:07.781, 1, 606, 0
2026/09/29 11:57:07.781, 2, 606, 0
2026/09/29 11:57:07.781, 3, 606, 0
2026/09/29 11:57:07.781, 4, 606, 0
2026/09/29 11:57:07.781, 5, 606, 0
2026/09/29 11:57:07.781, 6, 606, 0
2026/09/29 11:57:07.781, 7, 606, 0
2026/09/29 11:57:08.782, 0, 606, 0
2026/09/29 11:57:08.782, 1, 606, 0
2026/09/29 11:57:08.782, 2, 606, 0
2026/09/29 11:57:08.782, 3, 606, 0
2026/09/29 11:57:08.782, 4, 606, 0
2026/09/29 11:57:08.782, 5, 606, 0
2026/09/29 11:57:08.782, 6, 606, 0
2026/09/29 11:57:08.782, 7, 606, 0
2026/09/29 11:57:09.782, 0, 606, 0
2026/09/29 11:57:09.782, 1, 606, 0
2026/09/29 11:57:09.783, 2, 606, 0
2026/09/29 11:57:09.783, 3, 606, 0
2026/09/29 11:57:09.783, 4, 606, 0
2026/09/29 11:57:09.784, 5, 606, 0
2026/09/29 11:57:09.784, 6, 606, 0
2026/09/29 11:57:09.784, 7, 606, 0
2026/09/29 11:57:10.784, 0, 606, 0
2026/09/29 11:57:10.784, 1, 606, 0
2026/09/29 11:57:10.784, 2, 606, 0
2026/09/29 11:57:10.784, 3, 606, 0
2026/09/29 11:57:10.784, 4, 606, 0
2026/09/29 11:57:10.784, 5, 606, 0
2026/09/29 11:57:10.784, 6, 606, 0
2026/09/29 11:57:10.784, 7, 606, 0
2026/09/29 11:57:11.784, 0, 606, 0
2026/09/29 11:57:11.785, 1, 606, 0
2026/09/29 11:57:11.785, 2, 606, 0
2026/09/29 11:57:11.785, 3, 606, 0
2026/09/29 11:57:11.785, 4, 606, 0
2026/09/29 11:57:11.785, 5, 606, 0
2026/09/29 11:57:11.785, 6, 606, 0
2026/09/29 11:57:11.785, 7, 606, 0
2026/09/29 11:57:12.785, 0, 606, 0
2026/09/29 11:57:12.785, 1, 606, 0
2026/09/29 11:57:12.786, 2, 606, 0
2026/09/29 11:57:12.786, 3, 606, 0
2026/09/29 11:57:12.786, 4, 606, 0
2026/09/29 11:57:12.786, 5, 606, 0
2026/09/29 11:57:12.786, 6, 606, 0
2026/09/29 11:57:12.786, 7, 606, 0
2026/09/29 11:57:13.786, 0, 606, 0
2026/09/29 11:57:13.786, 1, 606, 0
2026/09/29 11:57:13.786, 2, 606, 0
2026/09/29 11:57:13.786, 3, 606, 0
2026/09/29 11:57:13.786, 4, 606, 0
2026/09/29 11:57:13.786, 5, 606, 0
2026/09/29 11:57:13.786, 6, 606, 0
2026/09/29 11:57:13.786, 7, 606, 0
2026/09/29 11:57:14.787, 0, 606, 0
2026/09/29 11:57:14.787, 1, 606, 0
2026/09/29 11:57:14.787, 2, 606, 0
2026/09/29 11:57:14.787, 3, 606, 0
2026/09/29 11:57:14.787, 4, 606, 0
2026/09/29 11:57:14.787, 5, 606, 0
2026/09/29 11:57:14.787, 6, 606, 0
2026/09/29 11:57:14.787, 7, 606, 0
2026/09/29 11:57:15.787, 0, 606, 0
2026/09/29 11:57:15.787, 1, 606, 0
2026/09/29 11:57:15.787, 2, 606, 0
2026/09/29 11:57:15.788, 3, 606, 0
2026/09/29 11:57:15.788, 4, 606, 0
2026/09/29 11:57:15.788, 5, 606, 0
2026/09/29 11:57:15.788, 6, 606, 0
2026/09/29 11:57:15.788, 7, 606, 0
2026/09/29 11:57:16.788, 0, 606, 0
2026/09/29 11:57:16.788, 1, 606, 0
2026/09/29 11:57:16.788, 2, 606, 0
2026/09/29 11:57:16.788, 3, 606, 0
2026/09/29 11:57:16.788, 4, 606, 0
2026/09/29 11:57:16.788, 5, 606, 0
2026/09/29 11:57:16.788, 6, 606, 0
2026/09/29 11:57:16.788, 7, 606, 0
2026/09/29 11:57:17.789, 0, 606, 0
2026/09/29 11:57:17.789, 1, 606, 0
2026/09/29 11:57:17.789, 2, 606, 0
2026/09/29 11:57:17.789, 3, 606, 0
2026/09/29 11:57:17.789, 4, 606, 0
2026/09/29 11:57:17.789, 5, 606, 0
2026/09/29 11:57:17.789, 6, 606, 0
2026/09/29 11:57:17.789, 7, 606, 0
2026/09/29 11:57:18.789, 0, 606, 0
2026/09/29 11:57:18.789, 1, 606, 0
2026/09/29 11:57:18.789, 2, 606, 0
2026/09/29 11:57:18.789, 3, 606, 0
2026/09/29 11:57:18.789, 4, 606, 0
2026/09/29 11:57:18.790, 5, 606, 0
2026/09/29 11:57:18.790, 6, 606, 0
2026/09/29 11:57:18.790, 7, 606, 0
2026/09/29 11:57:19.790, 0, 606, 0
2026/09/29 11:57:19.791, 1, 606, 0
2026/09/29 11:57:19.791, 2, 606, 0
2026/09/29 11:57:19.791, 3, 606, 0
2026/09/29 11:57:19.791, 4, 606, 0
2026/09/29 11:57:19.791, 5, 606, 0
2026/09/29 11:57:19.791, 6, 606, 0
2026/09/29 11:57:19.791, 7, 606, 0
2026/09/29 11:57:20.791, 0, 606, 0
2026/09/29 11:57:20.791, 1, 606, 0
2026/09/29 11:57:20.791, 2, 606, 0
2026/09/29 11:57:20.791, 3, 606, 0
2026/09/29 11:57:20.791, 4, 606, 0
2026/09/29 11:57:20.791, 5, 606, 0
2026/09/29 11:57:20.791, 6, 606, 0
2026/09/29 11:57:20.791, 7, 606, 0
2026/09/29 11:57:21.792, 0, 606, 0
2026/09/29 11:57:21.792, 1, 606, 0
2026/09/29 11:57:21.792, 2, 606, 0
2026/09/29 11:57:21.792, 3, 606, 0
2026/09/29 11:57:21.792, 4, 606, 0
2026/09/29 11:57:21.792, 5, 606, 0
2026/09/29 11:57:21.792, 6, 606, 0
2026/09/29 11:57:21.792, 7, 606, 0
2026/09/29 11:57:22.792, 0, 606, 0
2026/09/29 11:57:22.792, 1, 606, 0
2026/09/29 11:57:22.792, 2, 606, 0
2026/09/29 11:57:22.793, 3, 606, 0
2026/09/29 11:57:22.793, 4, 606, 0
2026/09/29 11:57:22.793, 5, 606, 0
2026/09/29 11:57:22.793, 6, 606, 0
2026/09/29 11:57:22.793, 7, 606, 0
2026/09/29 11:57:23.793, 0, 606, 0
2026/09/29 11:57:23.793, 1, 606, 0
2026/09/29 11:57:23.793, 2, 606, 0
2026/09/29 11:57:23.793, 3, 606, 0
2026/09/29 11:57:23.793, 4, 606, 0
2026/09/29 11:57:23.793, 5, 606, 0
2026/09/29 11:57:23.793, 6, 606, 0
2026/09/29 11:57:23.793, 7, 606, 0
2026/09/29 11:57:24.794, 0, 606, 0
2026/09/29 11:57:24.794, 1, 606, 0
2026/09/29 11:57:24.794, 2, 606, 0
2026/09/29 11:57:24.794, 3, 606, 0
2026/09/29 11:57:24.794, 4, 606, 0
2026/09/29 11:57:24.794, 5, 606, 0
2026/09/29 11:57:24.794, 6, 606, 0
2026/09/29 11:57:24.794, 7, 606, 0
2026/09/29 11:57:25.794, 0, 606, 0
2026/09/29 11:57:25.794, 1, 606, 0
2026/09/29 11:57:25.794, 2, 606, 0
2026/09/29 11:57:25.794, 3, 606, 0
2026/09/29 11:57:25.795, 4, 606, 0
2026/09/29 11:57:25.795, 5, 606, 0
2026/09/29 11:57:25.795, 6, 606, 0
2026/09/29 11:57:25.795, 7, 606, 0
2026/09/29 11:57:26.795, 0, 606, 0
2026/09/29 11:57:26.795, 1, 606, 0
2026/09/29 11:57:26.795, 2, 606, 0
2026/09/29 11:57:26.795, 3, 606, 0
2026/09/29 11:57:26.795, 4, 606, 0
2026/09/29 11:57:26.795, 5, 606, 0
2026/09/29 11:57:26.795, 6, 606, 0
2026/09/29 11:57:26.796, 7, 606, 0
2026/09/29 11:57:27.796, 0, 606, 0
2026/09/29 11:57:27.796, 1, 606, 0
2026/09/29 11:57:27.796, 2, 606, 0
2026/09/29 11:57:27.796, 3, 606, 0
2026/09/29 11:57:27.796, 4, 606, 0
2026/09/29 11:57:27.796, 5, 606, 0
2026/09/29 11:57:27.796, 6, 606, 0
2026/09/29 11:57:27.796, 7, 606, 0
2026/09/29 11:57:28.797, 0, 606, 0
2026/09/29 11:57:28.797, 1, 606, 0
2026/09/29 11:57:28.797, 2, 606, 0
2026/09/29 11:57:28.797, 3, 606, 0
2026/09/29 11:57:28.797, 4, 606, 0
2026/09/29 11:57:28.797, 5, 606, 0
2026/09/29 11:57:28.797, 6, 606, 0
2026/09/29 11:57:28.797, 7, 606, 0
2026/09/29 11:57:29.797, 0, 606, 0
2026/09/29 11:57:29.798, 1, 606, 0
2026/09/29 11:57:29.798, 2, 606, 0
2026/09/29 11:57:29.798, 3, 606, 0
2026/09/29 11:57:29.798, 4, 606, 0
2026/09/29 11:57:29.798, 5, 606, 0
2026/09/29 11:57:29.798, 6, 606, 0
2026/09/29 11:57:29.799, 7, 606, 0
2026/09/29 11:57:30.799, 0, 606, 0
2026/09/29 11:57:30.799, 1, 606, 0
2026/09/29 11:57:30.799, 2, 606, 0
2026/09/29 11:57:30.799, 3, 606, 0
2026/09/29 11:57:30.799, 4, 606, 0
2026/09/29 11:57:30.799, 5, 606, 0
2026/09/29 11:57:30.799, 6, 606, 0
2026/09/29 11:57:30.799, 7, 606, 0
2026/09/29 11:57:31.800, 0, 606, 0
2026/09/29 11:57:31.800, 1, 606, 0
2026/09/29 11:57:31.800, 2, 606, 0
2026/09/29 11:57:31.800, 3, 606, 0
2026/09/29 11:57:31.800, 4, 606, 0
2026/09/29 11:57:31.800, 5, 606, 0
2026/09/29 11:57:31.800, 6, 606, 0
2026/09/29 11:57:31.800, 7, 606, 0
2026/09/29 11:57:32.801, 0, 606, 0
2026/09/29 11:57:32.801, 1, 606, 0
2026/09/29 11:57:32.801, 2, 606, 0
2026/09/29 11:57:32.801, 3, 606, 0
2026/09/29 11:57:32.801, 4, 606, 0
2026/09/29 11:57:32.801, 5, 606, 0
2026/09/29 11:57:32.801, 6, 606, 0
2026/09/29 11:57:32.801, 7, 606, 0
2026/09/29 11:57:33.801, 0, 606, 0
2026/09/29 11:57:33.801, 1, 606, 0
2026/09/29 11:57:33.801, 2, 606, 0
2026/09/29 11:57:33.801, 3, 606, 0
2026/09/29 11:57:33.801, 4, 606, 0
2026/09/29 11:57:33.801, 5, 606, 0
2026/09/29 11:57:33.802, 6, 606, 0
2026/09/29 11:57:33.802, 7, 606, 0
2026/09/29 11:57:34.802, 0, 606, 0
2026/09/29 11:57:34.803, 1, 606, 0
2026/09/29 11:57:34.803, 2, 606, 0
2026/09/29 11:57:34.803, 3, 606, 0
2026/09/29 11:57:34.803, 4, 606, 0
2026/09/29 11:57:34.803, 5, 606, 0
2026/09/29 11:57:34.803, 6, 606, 0
2026/09/29 11:57:34.803, 7, 606, 0
2026/09/29 11:57:35.803, 0, 606, 0
2026/09/29 11:57:35.803, 1, 606, 0
2026/09/29 11:57:35.803, 2, 606, 0
2026/09/29 11:57:35.803, 3, 606, 0
2026/09/29 11:57:35.803, 4, 606, 0
2026/09/29 11:57:35.803, 5, 606, 0
2026/09/29 11:57:35.803, 6, 606, 0
2026/09/29 11:57:35.804, 7, 606, 0
2026/09/29 11:57:36.804, 0, 606, 0
2026/09/29 11:57:36.804, 1, 606, 0
2026/09/29 11:57:36.804, 2, 606, 0
2026/09/29 11:57:36.804, 3, 606, 0
2026/09/29 11:57:36.804, 4, 606, 0
2026/09/29 11:57:36.804, 5, 606, 0
2026/09/29 11:57:36.804, 6, 606, 0
2026/09/29 11:57:36.804, 7, 606, 0
2026/09/29 11:57:37.804, 0, 606, 0
2026/09/29 11:57:37.805, 1, 606, 0
2026/09/29 11:57:37.805, 2, 606, 0
2026/09/29 11:57:37.805, 3, 606, 0
2026/09/29 11:57:37.805, 4, 606, 0
2026/09/29 11:57:37.805, 5, 606, 0
2026/09/29 11:57:37.805, 6, 606, 0
2026/09/29 11:57:37.805, 7, 606, 0
2026/09/29 11:57:38.805, 0, 606, 0
2026/09/29 11:57:38.805, 1, 606, 0
2026/09/29 11:57:38.805, 2, 606, 0
2026/09/29 11:57:38.805, 3, 606, 0
2026/09/29 11:57:38.805, 4, 606, 0
2026/09/29 11:57:38.805, 5, 606, 0
2026/09/29 11:57:38.805, 6, 606, 0
2026/09/29 11:57:38.806, 7, 606, 0
2026/09/29 11:57:39.806, 0, 606, 0
2026/09/29 11:57:39.806, 1, 606, 0
2026/09/29 11:57:39.807, 2, 606, 0
2026/09/29 11:57:39.807, 3, 606, 0
2026/09/29 11:57:39.807, 4, 606, 0
2026/09/29 11:57:39.807, 5, 606, 0
2026/09/29 11:57:39.807, 6, 606, 0
2026/09/29 11:57:39.807, 7, 606, 0
2026/09/29 11:57:40.807, 0, 606, 0
2026/09/29 11:57:40.807, 1, 606, 0
2026/09/29 11:57:40.807, 2, 606, 0
2026/09/29 11:57:40.807, 3, 606, 0
2026/09/29 11:57:40.807, 4, 606, 0
2026/09/29 11:57:40.807, 5, 606, 0
2026/09/29 11:57:40.807, 6, 606, 0
2026/09/29 11:57:40.807, 7, 606, 0
2026/09/29 11:57:41.808, 0, 606, 0
2026/09/29 11:57:41.808, 1, 606, 0
2026/09/29 11:57:41.808, 2, 606, 0
2026/09/29 11:57:41.808, 3, 606, 0
2026/09/29 11:57:41.808, 4, 606, 0
2026/09/29 11:57:41.808, 5, 606, 0
2026/09/29 11:57:41.808, 6, 606, 0
2026/09/29 11:57:41.808, 7, 606, 0
2026/09/29 11:57:42.809, 0, 606, 0
2026/09/29 11:57:42.809, 1, 606, 0
2026/09/29 11:57:42.809, 2, 606, 0
2026/09/29 11:57:42.809, 3, 606, 0
2026/09/29 11:57:42.809, 4, 606, 0
2026/09/29 11:57:42.809, 5, 606, 0
2026/09/29 11:57:42.809, 6, 606, 0
2026/09/29 11:57:42.809, 7, 606, 0
2026/09/29 11:57:43.809, 0, 606, 0
2026/09/29 11:57:43.809, 1, 606, 0
2026/09/29 11:57:43.809, 2, 606, 0
2026/09/29 11:57:43.809, 3, 606, 0
2026/09/29 11:57:43.810, 4, 606, 0
2026/09/29 11:57:43.810, 5, 606, 0
2026/09/29 11:57:43.810, 6, 606, 0
2026/09/29 11:57:43.810, 7, 606, 0
2026/09/29 11:57:44.810, 0, 606, 0
2026/09/29 11:57:44.810, 1, 606, 0
2026/09/29 11:57:44.810, 2, 606, 0
2026/09/29 11:57:44.811, 3, 606, 0
2026/09/29 11:57:44.811, 4, 606, 0
2026/09/29 11:57:44.811, 5, 606, 0
2026/09/29 11:57:44.811, 6, 606, 0
2026/09/29 11:57:44.811, 7, 606, 0
2026/09/29 11:57:45.811, 0, 606, 0
2026/09/29 11:57:45.811, 1, 606, 0
2026/09/29 11:57:45.811, 2, 606, 0
2026/09/29 11:57:45.811, 3, 606, 0
2026/09/29 11:57:45.811, 4, 606, 0
2026/09/29 11:57:45.811, 5, 606, 0
2026/09/29 11:57:45.811, 6, 606, 0
2026/09/29 11:57:45.811, 7, 606, 0
2026/09/29 11:57:46.811, 0, 606, 0
2026/09/29 11:57:46.812, 1, 606, 0
2026/09/29 11:57:46.812, 2, 606, 0
2026/09/29 11:57:46.812, 3, 606, 0
2026/09/29 11:57:46.812, 4, 606, 0
2026/09/29 11:57:46.812, 5, 606, 0
2026/09/29 11:57:46.812, 6, 606, 0
2026/09/29 11:57:46.812, 7, 606, 0
2026/09/29 11:57:47.812, 0, 606, 0
2026/09/29 11:57:47.812, 1, 606, 0
2026/09/29 11:57:47.812, 2, 606, 0
2026/09/29 11:57:47.812, 3, 606, 0
2026/09/29 11:57:47.812, 4, 606, 0
2026/09/29 11:57:47.812, 5, 606, 0
2026/09/29 11:57:47.812, 6, 606, 0
2026/09/29 11:57:47.812, 7, 606, 0
2026/09/29 11:57:48.813, 0, 606, 0
2026/09/29 11:57:48.813, 1, 606, 0
2026/09/29 11:57:48.813, 2, 606, 0
2026/09/29 11:57:48.813, 3, 606, 0
2026/09/29 11:57:48.813, 4, 606, 0
2026/09/29 11:57:48.813, 5, 606, 0
2026/09/29 11:57:48.813, 6, 606, 0
2026/09/29 11:57:48.813, 7, 606, 0
2026/09/29 11:57:49.813, 0, 606, 0
2026/09/29 11:57:49.814, 1, 606, 0
2026/09/29 11:57:49.814, 2, 606, 0
2026/09/29 11:57:49.814, 3, 606, 0
2026/09/29 11:57:49.814, 4, 606, 0
2026/09/29 11:57:49.814, 5, 606, 0
2026/09/29 11:57:49.814, 6, 606, 0
2026/09/29 11:57:49.814, 7, 606, 0
2026/09/29 11:57:50.814, 0, 606, 0
2026/09/29 11:57:50.814, 1, 606, 0
2026/09/29 11:57:50.814, 2, 606, 0
2026/09/29 11:57:50.814, 3, 606, 0
2026/09/29 11:57:50.814, 4, 606, 0
2026/09/29 11:57:50.814, 5, 606, 0
2026/09/29 11:57:50.814, 6, 606, 0
2026/09/29 11:57:50.815, 7, 606, 0
2026/09/29 11:57:51.815, 0, 606, 0
2026/09/29 11:57:51.815, 1, 606, 0
2026/09/29 11:57:51.815, 2, 606, 0
2026/09/29 11:57:51.815, 3, 606, 0
2026/09/29 11:57:51.815, 4, 606, 0
2026/09/29 11:57:51.815, 5, 606, 0
2026/09/29 11:57:51.815, 6, 606, 0
2026/09/29 11:57:51.815, 7, 606, 0
2026/09/29 11:57:52.815, 0, 606, 0
2026/09/29 11:57:52.815, 1, 606, 0
2026/09/29 11:57:52.816, 2, 606, 0
2026/09/29 11:57:52.816, 3, 606, 0
2026/09/29 11:57:52.816, 4, 606, 0
2026/09/29 11:57:52.816, 5, 606, 0
2026/09/29 11:57:52.816, 6, 606, 0
2026/09/29 11:57:52.816, 7, 606, 0
2026/09/29 11:57:53.816, 0, 606, 0
2026/09/29 11:57:53.816, 1, 606, 0
2026/09/29 11:57:53.816, 2, 606, 0
2026/09/29 11:57:53.816, 3, 606, 0
2026/09/29 11:57:53.816, 4, 606, 0
2026/09/29 11:57:53.816, 5, 606, 0
2026/09/29 11:57:53.816, 6, 606, 0
2026/09/29 11:57:53.816, 7, 606, 0
2026/09/29 11:57:54.817, 0, 606, 0
2026/09/29 11:57:54.817, 1, 606, 0
2026/09/29 11:57:54.817, 2, 606, 0
2026/09/29 11:57:54.817, 3, 606, 0
2026/09/29 11:57:54.817, 4, 606, 0
2026/09/29 11:57:54.817, 5, 606, 0
2026/09/29 11:57:54.817, 6, 606, 0
2026/09/29 11:57:54.817, 7, 606, 0
2026/09/29 11:57:55.817, 0, 606, 0
2026/09/29 11:57:55.817, 1, 606, 0
2026/09/29 11:57:55.818, 2, 606, 0
2026/09/29 11:57:55.818, 3, 606, 0
2026/09/29 11:57:55.818, 4, 606, 0
2026/09/29 11:57:55.818, 5, 606, 0
2026/09/29 11:57:55.818, 6, 606, 0
2026/09/29 11:57:55.818, 7, 606, 0
2026/09/29 11:57:56.818, 0, 606, 0
2026/09/29 11:57:56.818, 1, 606, 0
2026/09/29 11:57:56.818, 2, 606, 0
2026/09/29 11:57:56.818, 3, 606, 0
2026/09/29 11:57:56.818, 4, 606, 0
2026/09/29 11:57:56.818, 5, 606, 0
2026/09/29 11:57:56.818, 6, 606, 0
2026/09/29 11:57:56.820, 7, 606, 0
2026/09/29 11:57:57.820, 0, 606, 0
2026/09/29 11:57:57.820, 1, 606, 0
2026/09/29 11:57:57.820, 2, 606, 0
2026/09/29 11:57:57.820, 3, 606, 0
2026/09/29 11:57:57.820, 4, 606, 0
2026/09/29 11:57:57.820, 5, 606, 0
2026/09/29 11:57:57.820, 6, 606, 0
2026/09/29 11:57:57.820, 7, 606, 0
2026/09/29 11:57:58.821, 0, 606, 0
2026/09/29 11:57:58.821, 1, 606, 0
2026/09/29 11:57:58.821, 2, 606, 0
2026/09/29 11:57:58.821, 3, 606, 0
2026/09/29 11:57:58.821, 4, 606, 0
2026/09/29 11:57:58.821, 5, 606, 0
2026/09/29 11:57:58.821, 6, 606, 0
2026/09/29 11:57:58.821, 7, 606, 0
2026/09/29 11:57:59.821, 0, 966, 0
2026/09/29 11:57:59.821, 1, 606, 0
2026/09/29 11:57:59.821, 2, 606, 0
2026/09/29 11:57:59.821, 3, 606, 1
2026/09/29 11:57:59.822, 4, 606, 0
2026/09/29 11:57:59.822, 5, 606, 0
2026/09/29 11:57:59.822, 6, 606, 0
2026/09/29 11:57:59.822, 7, 606, 0
2026/09/29 11:58:00.822, 0, 2148, 11
2026/09/29 11:58:00.822, 1, 1826, 0
2026/09/29 11:58:00.822, 2, 2148, 13
2026/09/29 11:58:00.822, 3, 1486, 5
2026/09/29 11:58:00.822, 4, 1726, 14
2026/09/29 11:58:00.822, 5, 2026, 0
2026/09/29 11:58:00.822, 6, 2146, 10
2026/09/29 11:58:00.822, 7, 2146, 15
2026/09/29 11:58:01.822, 0, 2150, 0
2026/09/29 11:58:01.823, 1, 2148, 0
2026/09/29 11:58:01.823, 2, 2150, 0
2026/09/29 11:58:01.823, 3, 2148, 8
2026/09/29 11:58:01.823, 4, 2148, 0
2026/09/29 11:58:01.823, 5, 2148, 0
2026/09/29 11:58:01.823, 6, 2150, 0
2026/09/29 11:58:01.823, 7, 2150, 0
2026/09/29 11:58:02.823, 0, 2152, 0
2026/09/29 11:58:02.823, 1, 2150, 0
2026/09/29 11:58:02.823, 2, 2152, 0
2026/09/29 11:58:02.823, 3, 2150, 0
2026/09/29 11:58:02.823, 4, 2150, 0
2026/09/29 11:58:02.823, 5, 2150, 0
2026/09/29 11:58:02.823, 6, 2150, 0
2026/09/29 11:58:02.823, 7, 2150, 0
2026/09/29 11:58:03.832, 0, 2154, 0
2026/09/29 11:58:03.832, 1, 2152, 1
2026/09/29 11:58:03.832, 2, 2154, 0
2026/09/29 11:58:03.832, 3, 2152, 0
2026/09/29 11:58:03.832, 4, 2152, 0
2026/09/29 11:58:03.832, 5, 2152, 0
2026/09/29 11:58:03.832, 6, 2154, 0
2026/09/29 11:58:03.832, 7, 2154, 1
2026/09/29 11:58:04.833, 0, 2156, 0
2026/09/29 11:58:04.834, 1, 2154, 0
2026/09/29 11:58:04.834, 2, 2156, 0
2026/09/29 11:58:04.834, 3, 2152, 0
2026/09/29 11:58:04.834, 4, 2154, 0
2026/09/29 11:58:04.834, 5, 2154, 0
2026/09/29 11:58:04.835, 6, 2154, 0
2026/09/29 11:58:04.835, 7, 2156, 0
2026/09/29 11:58:05.836, 0, 2158, 0
2026/09/29 11:58:05.836, 1, 2154, 0
2026/09/29 11:58:05.836, 2, 2158, 1
2026/09/29 11:58:05.836, 3, 2154, 1
2026/09/29 11:58:05.836, 4, 2156, 0
2026/09/29 11:58:05.836, 5, 2156, 0
2026/09/29 11:58:05.836, 6, 2156, 0
2026/09/29 11:58:05.836, 7, 2158, 0
2026/09/29 11:58:06.836, 0, 2160, 0
2026/09/29 11:58:06.836, 1, 2156, 0
2026/09/29 11:58:06.837, 2, 2158, 0
2026/09/29 11:58:06.837, 3, 2154, 0
2026/09/29 11:58:06.837, 4, 2158, 0
2026/09/29 11:58:06.837, 5, 2158, 0
2026/09/29 11:58:06.837, 6, 2158, 0
2026/09/29 11:58:06.837, 7, 2160, 0
2026/09/29 11:58:07.837, 0, 2162, 0
2026/09/29 11:58:07.837, 1, 2158, 0
2026/09/29 11:58:07.837, 2, 2160, 0
2026/09/29 11:58:07.837, 3, 2156, 0
2026/09/29 11:58:07.837, 4, 2160, 0
2026/09/29 11:58:07.837, 5, 2160, 0
2026/09/29 11:58:07.837, 6, 2160, 0
2026/09/29 11:58:07.839, 7, 2162, 0
2026/09/29 11:58:08.839, 0, 2164, 1
2026/09/29 11:58:08.840, 1, 2160, 0
2026/09/29 11:58:08.840, 2, 2162, 0
2026/09/29 11:58:08.840, 3, 2158, 0
2026/09/29 11:58:08.840, 4, 2162, 0
2026/09/29 11:58:08.840, 5, 2162, 0
2026/09/29 11:58:08.840, 6, 2162, 0
2026/09/29 11:58:08.840, 7, 2164, 0
2026/09/29 11:58:09.840, 0, 2166, 0
2026/09/29 11:58:09.840, 1, 2162, 0
2026/09/29 11:58:09.840, 2, 2164, 0
2026/09/29 11:58:09.840, 3, 2160, 0
2026/09/29 11:58:09.841, 4, 2164, 0
2026/09/29 11:58:09.841, 5, 2164, 0
2026/09/29 11:58:09.841, 6, 2164, 0
2026/09/29 11:58:09.841, 7, 2166, 0
2026/09/29 11:58:10.841, 0, 2168, 1
2026/09/29 11:58:10.841, 1, 2164, 0
2026/09/29 11:58:10.842, 2, 2166, 0
2026/09/29 11:58:10.842, 3, 2162, 1
2026/09/29 11:58:10.842, 4, 2166, 0
2026/09/29 11:58:10.842, 5, 2166, 0
2026/09/29 11:58:10.843, 6, 2166, 0
2026/09/29 11:58:10.843, 7, 2168, 0
2026/09/29 11:58:11.843, 0, 2170, 0
2026/09/29 11:58:11.844, 1, 2166, 0
2026/09/29 11:58:11.844, 2, 2168, 0
2026/09/29 11:58:11.844, 3, 2164, 0
2026/09/29 11:58:11.844, 4, 2168, 0
2026/09/29 11:58:11.844, 5, 2168, 1
2026/09/29 11:58:11.844, 6, 2168, 0
2026/09/29 11:58:11.844, 7, 2170, 0
2026/09/29 11:58:12.844, 0, 2172, 0
2026/09/29 11:58:12.845, 1, 2168, 0
2026/09/29 11:58:12.847, 2, 2170, 0
2026/09/29 11:58:12.850, 3, 2164, 0
2026/09/29 11:58:12.852, 4, 2170, 0
2026/09/29 11:58:12.854, 5, 2170, 0
2026/09/29 11:58:12.854, 6, 2168, 0
2026/09/29 11:58:12.855, 7, 2172, 0
2026/09/29 11:58:13.855, 0, 2174, 0
2026/09/29 11:58:13.856, 1, 2170, 0
2026/09/29 11:58:13.856, 2, 2172, 0
2026/09/29 11:58:13.856, 3, 2166, 0
2026/09/29 11:58:13.856, 4, 2172, 0
2026/09/29 11:58:13.856, 5, 2172, 0
2026/09/29 11:58:13.856, 6, 2170, 0
2026/09/29 11:58:13.856, 7, 2174, 0
2026/09/29 11:58:14.856, 0, 2176, 0
2026/09/29 11:58:14.856, 1, 2172, 0
2026/09/29 11:58:14.856, 2, 2172, 0
2026/09/29 11:58:14.856, 3, 2168, 0
2026/09/29 11:58:14.856, 4, 2174, 0
2026/09/29 11:58:14.856, 5, 2174, 0
2026/09/29 11:58:14.856, 6, 2172, 0
2026/09/29 11:58:14.857, 7, 2176, 1
2026/09/29 11:58:15.857, 0, 2178, 0
2026/09/29 11:58:15.858, 1, 2174, 0
2026/09/29 11:58:15.858, 2, 2174, 0
2026/09/29 11:58:15.859, 3, 2170, 0
2026/09/29 11:58:15.859, 4, 2176, 0
2026/09/29 11:58:15.860, 5, 2176, 0
2026/09/29 11:58:15.860, 6, 2174, 0
2026/09/29 11:58:15.860, 7, 2178, 0
2026/09/29 11:58:16.860, 0, 2180, 0
2026/09/29 11:58:16.860, 1, 2176, 0
2026/09/29 11:58:16.861, 2, 2176, 0
2026/09/29 11:58:16.861, 3, 2172, 0
2026/09/29 11:58:16.861, 4, 2178, 0
2026/09/29 11:58:16.861, 5, 2178, 0
2026/09/29 11:58:16.861, 6, 2176, 0
2026/09/29 11:58:16.861, 7, 2180, 0
2026/09/29 11:58:17.861, 0, 2182, 0
2026/09/29 11:58:17.861, 1, 2178, 0
2026/09/29 11:58:17.861, 2, 2178, 0
2026/09/29 11:58:17.861, 3, 2174, 0
2026/09/29 11:58:17.861, 4, 2180, 0
2026/09/29 11:58:17.861, 5, 2180, 0
2026/09/29 11:58:17.861, 6, 2176, 0
2026/09/29 11:58:17.862, 7, 2182, 0
2026/09/29 11:58:18.862, 0, 2184, 0
2026/09/29 11:58:18.862, 1, 2180, 0
2026/09/29 11:58:18.862, 2, 2180, 0
2026/09/29 11:58:18.862, 3, 2176, 0
2026/09/29 11:58:18.863, 4, 2182, 0
2026/09/29 11:58:18.863, 5, 2182, 0
2026/09/29 11:58:18.863, 6, 2178, 0
2026/09/29 11:58:18.863, 7, 2184, 0
2026/09/29 11:58:19.863, 0, 2184, 0
2026/09/29 11:58:19.863, 1, 2182, 0
2026/09/29 11:58:19.863, 2, 2182, 0
2026/09/29 11:58:19.863, 3, 2178, 0
2026/09/29 11:58:19.863, 4, 2184, 0
2026/09/29 11:58:19.863, 5, 2182, 0
2026/09/29 11:58:19.863, 6, 2180, 0
2026/09/29 11:58:19.863, 7, 2186, 0
2026/09/29 11:58:20.863, 0, 2188, 0
2026/09/29 11:58:20.864, 1, 2184, 0
2026/09/29 11:58:20.864, 2, 2184, 0
2026/09/29 11:58:20.864, 3, 2180, 1
2026/09/29 11:58:20.864, 4, 2186, 0
2026/09/29 11:58:20.864, 5, 2184, 0
2026/09/29 11:58:20.864, 6, 2182, 0
2026/09/29 11:58:20.864, 7, 2188, 1
2026/09/29 11:58:21.864, 0, 2188, 0
2026/09/29 11:58:21.864, 1, 2186, 0
2026/09/29 11:58:21.864, 2, 2186, 0
2026/09/29 11:58:21.864, 3, 2180, 0
2026/09/29 11:58:21.864, 4, 2188, 0
2026/09/29 11:58:21.864, 5, 2186, 0
2026/09/29 11:58:21.865, 6, 2184, 0
2026/09/29 11:58:21.865, 7, 2188, 0
2026/09/29 11:58:22.865, 0, 2190, 0
2026/09/29 11:58:22.865, 1, 2188, 0
2026/09/29 11:58:22.865, 2, 2188, 0
2026/09/29 11:58:22.865, 3, 2182, 0
2026/09/29 11:58:22.865, 4, 2190, 1
2026/09/29 11:58:22.865, 5, 2188, 0
2026/09/29 11:58:22.865, 6, 2184, 0
2026/09/29 11:58:22.865, 7, 2190, 0
2026/09/29 11:58:23.866, 0, 2192, 0
2026/09/29 11:58:23.866, 1, 2188, 0
2026/09/29 11:58:23.866, 2, 2188, 0
2026/09/29 11:58:23.866, 3, 2184, 0
2026/09/29 11:58:23.866, 4, 2192, 0
2026/09/29 11:58:23.866, 5, 2190, 0
2026/09/29 11:58:23.866, 6, 2186, 0
2026/09/29 11:58:23.866, 7, 2192, 0
2026/09/29 11:58:24.866, 0, 2194, 0
2026/09/29 11:58:24.867, 1, 2190, 0
2026/09/29 11:58:24.867, 2, 2190, 0
2026/09/29 11:58:24.867, 3, 2186, 0
2026/09/29 11:58:24.867, 4, 2194, 0
2026/09/29 11:58:24.867, 5, 2192, 0
2026/09/29 11:58:24.867, 6, 2188, 0
2026/09/29 11:58:24.867, 7, 2194, 0
2026/09/29 11:58:25.867, 0, 2196, 0
2026/09/29 11:58:25.867, 1, 2190, 0
2026/09/29 11:58:25.867, 2, 2192, 0
2026/09/29 11:58:25.868, 3, 2188, 0
2026/09/29 11:58:25.868, 4, 2196, 0
2026/09/29 11:58:25.868, 5, 2194, 0
2026/09/29 11:58:25.868, 6, 2188, 0
2026/09/29 11:58:25.868, 7, 2196, 0
2026/09/29 11:58:26.868, 0, 2196, 1
2026/09/29 11:58:26.868, 1, 2192, 0
2026/09/29 11:58:26.868, 2, 2192, 1
2026/09/29 11:58:26.869, 3, 2190, 0
2026/09/29 11:58:26.869, 4, 2198, 0
2026/09/29 11:58:26.870, 5, 2196, 1
2026/09/29 11:58:26.870, 6, 2190, 0
2026/09/29 11:58:26.871, 7, 2198, 0
2026/09/29 11:58:27.871, 0, 2198, 0
2026/09/29 11:58:27.871, 1, 2194, 0
2026/09/29 11:58:27.871, 2, 2194, 0
2026/09/29 11:58:27.871, 3, 2192, 0
2026/09/29 11:58:27.871, 4, 2200, 1
2026/09/29 11:58:27.871, 5, 2196, 0
2026/09/29 11:58:27.871, 6, 2192, 0
2026/09/29 11:58:27.871, 7, 2200, 0
2026/09/29 11:58:28.871, 0, 2200, 0
2026/09/29 11:58:28.872, 1, 2196, 0
2026/09/29 11:58:28.872, 2, 2196, 0
2026/09/29 11:58:28.872, 3, 2192, 1
2026/09/29 11:58:28.872, 4, 2202, 1
2026/09/29 11:58:28.872, 5, 2198, 0
2026/09/29 11:58:28.872, 6, 2192, 0
2026/09/29 11:58:28.872, 7, 2202, 0
2026/09/29 11:58:29.872, 0, 2202, 0
2026/09/29 11:58:29.872, 1, 2196, 0
2026/09/29 11:58:29.872, 2, 2198, 1
2026/09/29 11:58:29.872, 3, 2194, 0
2026/09/29 11:58:29.872, 4, 2202, 0
2026/09/29 11:58:29.872, 5, 2200, 0
2026/09/29 11:58:29.873, 6, 2194, 0
2026/09/29 11:58:29.873, 7, 2204, 0
2026/09/29 11:58:30.873, 0, 2202, 0
2026/09/29 11:58:30.873, 1, 2198, 0
2026/09/29 11:58:30.873, 2, 2200, 0
2026/09/29 11:58:30.873, 3, 2194, 1
2026/09/29 11:58:30.873, 4, 2206, 0
2026/09/29 11:58:30.873, 5, 2202, 0
2026/09/29 11:58:30.873, 6, 2196, 0
2026/09/29 11:58:30.873, 7, 2206, 0
2026/09/29 11:58:31.873, 0, 2204, 0
2026/09/29 11:58:31.873, 1, 2200, 1
2026/09/29 11:58:31.874, 2, 2202, 0
2026/09/29 11:58:31.874, 3, 2196, 0
2026/09/29 11:58:31.874, 4, 2206, 0
2026/09/29 11:58:31.874, 5, 2204, 0
2026/09/29 11:58:31.874, 6, 2198, 0
2026/09/29 11:58:31.874, 7, 2208, 1
2026/09/29 11:58:32.874, 0, 2206, 0
2026/09/29 11:58:32.874, 1, 2202, 1
2026/09/29 11:58:32.874, 2, 2202, 0
2026/09/29 11:58:32.874, 3, 2198, 1
2026/09/29 11:58:32.874, 4, 2208, 0
2026/09/29 11:58:32.875, 5, 2206, 0
2026/09/29 11:58:32.875, 6, 2198, 0
2026/09/29 11:58:32.875, 7, 2210, 0
2026/09/29 11:58:33.878, 0, 2206, 0
2026/09/29 11:58:33.878, 1, 2204, 0
2026/09/29 11:58:33.878, 2, 2204, 0
2026/09/29 11:58:33.878, 3, 2198, 0
2026/09/29 11:58:33.878, 4, 2210, 0
2026/09/29 11:58:33.878, 5, 2208, 0
2026/09/29 11:58:33.878, 6, 2200, 0
2026/09/29 11:58:33.878, 7, 2212, 0
2026/09/29 11:58:34.878, 0, 2208, 0
2026/09/29 11:58:34.879, 1, 2206, 0
2026/09/29 11:58:34.879, 2, 2206, 0
2026/09/29 11:58:34.879, 3, 2200, 1
2026/09/29 11:58:34.879, 4, 2212, 1
2026/09/29 11:58:34.879, 5, 2210, 0
2026/09/29 11:58:34.879, 6, 2202, 1
2026/09/29 11:58:34.879, 7, 2214, 0
2026/09/29 11:58:35.879, 0, 2208, 0
2026/09/29 11:58:35.879, 1, 2208, 0
2026/09/29 11:58:35.879, 2, 2208, 0
2026/09/29 11:58:35.879, 3, 2200, 0
2026/09/29 11:58:35.879, 4, 2214, 0
2026/09/29 11:58:35.879, 5, 2212, 0
2026/09/29 11:58:35.879, 6, 2204, 0
2026/09/29 11:58:35.879, 7, 2216, 0
2026/09/29 11:58:36.880, 0, 2210, 0
2026/09/29 11:58:36.880, 1, 2210, 0
2026/09/29 11:58:36.880, 2, 2210, 0
2026/09/29 11:58:36.880, 3, 2202, 0
2026/09/29 11:58:36.880, 4, 2216, 0
2026/09/29 11:58:36.880, 5, 2214, 0
2026/09/29 11:58:36.880, 6, 2204, 0
2026/09/29 11:58:36.880, 7, 2218, 1
2026/09/29 11:58:37.881, 0, 2210, 0
2026/09/29 11:58:37.881, 1, 2212, 0
2026/09/29 11:58:37.881, 2, 2212, 0
2026/09/29 11:58:37.881, 3, 2202, 0
2026/09/29 11:58:37.881, 4, 2218, 0
2026/09/29 11:58:37.881, 5, 2216, 1
2026/09/29 11:58:37.881, 6, 2206, 0
2026/09/29 11:58:37.881, 7, 2220, 0
2026/09/29 11:58:38.881, 0, 2212, 0
2026/09/29 11:58:38.881, 1, 2214, 0
2026/09/29 11:58:38.881, 2, 2212, 0
2026/09/29 11:58:38.881, 3, 2204, 0
2026/09/29 11:58:38.881, 4, 2220, 0
2026/09/29 11:58:38.881, 5, 2218, 0
2026/09/29 11:58:38.882, 6, 2208, 0
2026/09/29 11:58:38.882, 7, 2220, 0
2026/09/29 11:58:39.882, 0, 2214, 1
2026/09/29 11:58:39.882, 1, 2216, 0
2026/09/29 11:58:39.882, 2, 2214, 0
2026/09/29 11:58:39.882, 3, 2204, 0
2026/09/29 11:58:39.882, 4, 2222, 1
2026/09/29 11:58:39.882, 5, 2218, 0
2026/09/29 11:58:39.882, 6, 2210, 0
2026/09/29 11:58:39.882, 7, 2222, 0
2026/09/29 11:58:40.882, 0, 2214, 0
2026/09/29 11:58:40.882, 1, 2218, 0
2026/09/29 11:58:40.882, 2, 2216, 0
2026/09/29 11:58:40.883, 3, 2206, 0
2026/09/29 11:58:40.883, 4, 2224, 0
2026/09/29 11:58:40.883, 5, 2220, 1
2026/09/29 11:58:40.883, 6, 2212, 0
2026/09/29 11:58:40.883, 7, 2224, 0
2026/09/29 11:58:41.883, 0, 2216, 0
2026/09/29 11:58:41.883, 1, 2220, 0
2026/09/29 11:58:41.884, 2, 2218, 0
2026/09/29 11:58:41.884, 3, 2206, 0
2026/09/29 11:58:41.884, 4, 2226, 0
2026/09/29 11:58:41.885, 5, 2222, 0
2026/09/29 11:58:41.885, 6, 2212, 0
2026/09/29 11:58:41.885, 7, 2226, 0
2026/09/29 11:58:42.885, 0, 2218, 0
2026/09/29 11:58:42.885, 1, 2220, 0
2026/09/29 11:58:42.885, 2, 2220, 0
2026/09/29 11:58:42.885, 3, 2208, 0
2026/09/29 11:58:42.885, 4, 2228, 1
2026/09/29 11:58:42.885, 5, 2224, 0
2026/09/29 11:58:42.885, 6, 2214, 0
2026/09/29 11:58:42.885, 7, 2228, 0
2026/09/29 11:58:43.885, 0, 2220, 0
2026/09/29 11:58:43.886, 1, 2222, 0
2026/09/29 11:58:43.886, 2, 2222, 0
2026/09/29 11:58:43.886, 3, 2208, 0
2026/09/29 11:58:43.886, 4, 2230, 0
2026/09/29 11:58:43.887, 5, 2224, 0
2026/09/29 11:58:43.887, 6, 2216, 0
2026/09/29 11:58:43.888, 7, 2230, 0
2026/09/29 11:58:44.888, 0, 2220, 0
2026/09/29 11:58:44.890, 1, 2224, 0
2026/09/29 11:58:44.891, 2, 2222, 0
2026/09/29 11:58:44.891, 3, 2210, 1
2026/09/29 11:58:44.891, 4, 2232, 0
2026/09/29 11:58:44.892, 5, 2226, 0
2026/09/29 11:58:44.892, 6, 2218, 0
2026/09/29 11:58:44.893, 7, 2232, 0
2026/09/29 11:58:45.893, 0, 2222, 0
2026/09/29 11:58:45.893, 1, 2224, 1
2026/09/29 11:58:45.893, 2, 2224, 0
2026/09/29 11:58:45.893, 3, 2212, 0
2026/09/29 11:58:45.893, 4, 2234, 0
2026/09/29 11:58:45.893, 5, 2228, 0
2026/09/29 11:58:45.893, 6, 2220, 1
2026/09/29 11:58:45.894, 7, 2232, 1
2026/09/29 11:58:46.894, 0, 2224, 0
2026/09/29 11:58:46.894, 1, 2226, 1
2026/09/29 11:58:46.894, 2, 2226, 0
2026/09/29 11:58:46.894, 3, 2212, 0
2026/09/29 11:58:46.895, 4, 2236, 0
2026/09/29 11:58:46.895, 5, 2228, 0
2026/09/29 11:58:46.895, 6, 2220, 0
2026/09/29 11:58:46.895, 7, 2234, 0
2026/09/29 11:58:47.895, 0, 2224, 0
2026/09/29 11:58:47.895, 1, 2228, 0
2026/09/29 11:58:47.895, 2, 2228, 0
2026/09/29 11:58:47.896, 3, 2214, 0
2026/09/29 11:58:47.896, 4, 13078, 5
2026/09/29 11:58:47.896, 5, 2230, 0
2026/09/29 11:58:47.896, 6, 2222, 0
2026/09/29 11:58:47.896, 7, 2236, 0
2026/09/29 11:58:48.896, 0, 2226, 1
2026/09/29 11:58:48.899, 1, 2230, 0
2026/09/29 11:58:48.900, 2, 2230, 0
2026/09/29 11:58:48.900, 3, 2214, 0
2026/09/29 11:58:48.900, 4, 13078, 0
2026/09/29 11:58:48.900, 5, 2232, 0
2026/09/29 11:58:48.900, 6, 2224, 0
2026/09/29 11:58:48.900, 7, 13078, 0
2026/09/29 11:58:49.901, 0, 2228, 0
2026/09/29 11:58:49.901, 1, 2232, 0
2026/09/29 11:58:49.901, 2, 2232, 0
2026/09/29 11:58:49.901, 3, 2216, 0
2026/09/29 11:58:49.901, 4, 13078, 0
2026/09/29 11:58:49.901, 5, 2234, 0
2026/09/29 11:58:49.901, 6, 2226, 0
2026/09/29 11:58:49.901, 7, 13078, 0
2026/09/29 11:58:50.901, 0, 2228, 0
2026/09/29 11:58:50.901, 1, 2234, 0
2026/09/29 11:58:50.901, 2, 2234, 0
2026/09/29 11:58:50.901, 3, 2216, 0
2026/09/29 11:58:50.901, 4, 13078, 0
2026/09/29 11:58:50.901, 5, 2234, 0
2026/09/29 11:58:50.901, 6, 2228, 0
2026/09/29 11:58:50.902, 7, 13078, 0
2026/09/29 11:58:51.902, 0, 2230, 0
2026/09/29 11:58:51.902, 1, 2236, 0
2026/09/29 11:58:51.902, 2, 2234, 0
2026/09/29 11:58:51.902, 3, 2218, 0
2026/09/29 11:58:51.902, 4, 13078, 0
2026/09/29 11:58:51.902, 5, 2236, 0
2026/09/29 11:58:51.902, 6, 2228, 0
2026/09/29 11:58:51.902, 7, 13078, 0
2026/09/29 11:58:52.902, 0, 2232, 0
2026/09/29 11:58:52.902, 1, 2238, 0
2026/09/29 11:58:52.902, 2, 2236, 0
2026/09/29 11:58:52.902, 3, 2218, 0
2026/09/29 11:58:52.903, 4, 13078, 0
2026/09/29 11:58:52.903, 5, 2238, 0
2026/09/29 11:58:52.903, 6, 2230, 0
2026/09/29 11:58:52.903, 7, 13078, 0
2026/09/29 11:58:53.903, 0, 2232, 0
2026/09/29 11:58:53.903, 1, 13078, 0
2026/09/29 11:58:53.903, 2, 13078, 0
2026/09/29 11:58:53.903, 3, 2220, 0
2026/09/29 11:58:53.903, 4, 13078, 0
2026/09/29 11:58:53.903, 5, 13078, 8
2026/09/29 11:58:53.903, 6, 2232, 0
2026/09/29 11:58:53.903, 7, 13078, 0
2026/09/29 11:58:54.903, 0, 2234, 0
2026/09/29 11:58:54.904, 1, 13078, 0
2026/09/29 11:58:54.904, 2, 13078, 0
2026/09/29 11:58:54.904, 3, 2220, 0
2026/09/29 11:58:54.904, 4, 13078, 12
2026/09/29 11:58:54.904, 5, 13078, 0
2026/09/29 11:58:54.904, 6, 2234, 0
2026/09/29 11:58:54.904, 7, 13078, 0
2026/09/29 11:58:55.904, 0, 2234, 0
2026/09/29 11:58:55.904, 1, 13078, 0
2026/09/29 11:58:55.904, 2, 13078, 0
2026/09/29 11:58:55.904, 3, 2222, 0
2026/09/29 11:58:55.904, 4, 13078, 67
2026/09/29 11:58:55.904, 5, 13078, 0
2026/09/29 11:58:55.904, 6, 2236, 0
2026/09/29 11:58:55.904, 7, 13078, 0
2026/09/29 11:58:56.905, 0, 2236, 0
2026/09/29 11:58:56.905, 1, 13078, 0
2026/09/29 11:58:56.905, 2, 13078, 0
2026/09/29 11:58:56.905, 3, 2222, 0
2026/09/29 11:58:56.905, 4, 13078, 0
2026/09/29 11:58:56.905, 5, 13078, 0
2026/09/29 11:58:56.905, 6, 2236, 0
2026/09/29 11:58:56.905, 7, 13078, 10
2026/09/29 11:58:57.905, 0, 2238, 0
2026/09/29 11:58:57.905, 1, 13078, 0
2026/09/29 11:58:57.905, 2, 13078, 0
2026/09/29 11:58:57.905, 3, 2224, 0
2026/09/29 11:58:57.905, 4, 13078, 0
2026/09/29 11:58:57.905, 5, 13078, 0
2026/09/29 11:58:57.906, 6, 13078, 0
2026/09/29 11:58:57.906, 7, 13078, 17
2026/09/29 11:58:58.906, 0, 13078, 0
2026/09/29 11:58:58.906, 1, 13078, 0
2026/09/29 11:58:58.906, 2, 13078, 0
2026/09/29 11:58:58.906, 3, 2224, 0
2026/09/29 11:58:58.906, 4, 14300, 4
2026/09/29 11:58:58.906, 5, 13078, 0
2026/09/29 11:58:58.906, 6, 13078, 0
2026/09/29 11:58:58.906, 7, 13078, 10
2026/09/29 11:58:59.906, 0, 13078, 0
2026/09/29 11:58:59.906, 1, 13078, 0
2026/09/29 11:58:59.907, 2, 13078, 0
2026/09/29 11:58:59.907, 3, 2226, 1
2026/09/29 11:58:59.907, 4, 14300, 0
2026/09/29 11:58:59.907, 5, 13078, 0
2026/09/29 11:58:59.907, 6, 13078, 0
2026/09/29 11:58:59.907, 7, 13078, 0
2026/09/29 11:59:00.907, 0, 13078, 0
2026/09/29 11:59:00.907, 1, 13078, 0
2026/09/29 11:59:00.907, 2, 13078, 0
2026/09/29 11:59:00.907, 3, 2228, 0
2026/09/29 11:59:00.907, 4, 14300, 0
2026/09/29 11:59:00.907, 5, 13078, 0
2026/09/29 11:59:00.907, 6, 13078, 0
2026/09/29 11:59:00.907, 7, 13078, 0
2026/09/29 11:59:01.908, 0, 13078, 0
2026/09/29 11:59:01.908, 1, 13078, 0
2026/09/29 11:59:01.908, 2, 13078, 0
2026/09/29 11:59:01.908, 3, 2230, 0
2026/09/29 11:59:01.908, 4, 14300, 20
2026/09/29 11:59:01.908, 5, 13078, 0
2026/09/29 11:59:01.908, 6, 13078, 0
2026/09/29 11:59:01.908, 7, 13078, 0
2026/09/29 11:59:02.908, 0, 13078, 0
2026/09/29 11:59:02.908, 1, 13078, 11
2026/09/29 11:59:02.908, 2, 13078, 12
2026/09/29 11:59:02.908, 3, 2230, 0
2026/09/29 11:59:02.908, 4, 14532, 0
2026/09/29 11:59:02.908, 5, 13078, 10
2026/09/29 11:59:02.908, 6, 13078, 0
2026/09/29 11:59:02.909, 7, 14300, 0
2026/09/29 11:59:03.909, 0, 13078, 0
2026/09/29 11:59:03.909, 1, 13078, 56
2026/09/29 11:59:03.909, 2, 13078, 14
2026/09/29 11:59:03.909, 3, 2232, 0
2026/09/29 11:59:03.909, 4, 14532, 0
2026/09/29 11:59:03.909, 5, 13078, 11
2026/09/29 11:59:03.909, 6, 13078, 0
2026/09/29 11:59:03.909, 7, 14300, 0
2026/09/29 11:59:04.909, 0, 13078, 0
2026/09/29 11:59:04.909, 1, 13078, 0
2026/09/29 11:59:04.909, 2, 13078, 67
2026/09/29 11:59:04.909, 3, 2232, 0
2026/09/29 11:59:04.910, 4, 14532, 0
2026/09/29 11:59:04.910, 5, 13078, 45
2026/09/29 11:59:04.910, 6, 13078, 0
2026/09/29 11:59:04.910, 7, 14300, 0
2026/09/29 11:59:05.910, 0, 13078, 0
2026/09/29 11:59:05.910, 1, 13078, 0
2026/09/29 11:59:05.910, 2, 13078, 0
2026/09/29 11:59:05.910, 3, 2234, 0
2026/09/29 11:59:05.910, 4, 14532, 0
2026/09/29 11:59:05.910, 5, 13078, 0
2026/09/29 11:59:05.910, 6, 13078, 0
2026/09/29 11:59:05.910, 7, 14300, 12
2026/09/29 11:59:06.910, 0, 13078, 0
2026/09/29 11:59:06.911, 1, 13078, 0
2026/09/29 11:59:06.911, 2, 13078, 0
2026/09/29 11:59:06.911, 3, 2234, 0
2026/09/29 11:59:06.911, 4, 14532, 0
2026/09/29 11:59:06.911, 5, 13078, 0
2026/09/29 11:59:06.911, 6, 13078, 4
2026/09/29 11:59:06.911, 7, 14532, 0
2026/09/29 11:59:07.911, 0, 13078, 0
2026/09/29 11:59:07.911, 1, 14300, 0
2026/09/29 11:59:07.911, 2, 13078, 0
2026/09/29 11:59:07.911, 3, 2236, 1
2026/09/29 11:59:07.912, 4, 14532, 0
2026/09/29 11:59:07.912, 5, 13078, 0
2026/09/29 11:59:07.912, 6, 13078, 3
2026/09/29 11:59:07.912, 7, 14532, 0
2026/09/29 11:59:08.912, 0, 13078, 0
2026/09/29 11:59:08.912, 1, 14300, 0
2026/09/29 11:59:08.912, 2, 13078, 0
2026/09/29 11:59:08.912, 3, 2236, 0
2026/09/29 11:59:08.912, 4, 14532, 0
2026/09/29 11:59:08.912, 5, 14300, 0
2026/09/29 11:59:08.912, 6, 13078, 4
2026/09/29 11:59:08.912, 7, 14532, 0
2026/09/29 11:59:09.913, 0, 13078, 0
2026/09/29 11:59:09.913, 1, 14300, 0
2026/09/29 11:59:09.913, 2, 14300, 0
2026/09/29 11:59:09.913, 3, 2238, 0
2026/09/29 11:59:09.913, 4, 14532, 0
2026/09/29 11:59:09.913, 5, 14300, 0
2026/09/29 11:59:09.913, 6, 13078, 4
2026/09/29 11:59:09.913, 7, 14532, 0
2026/09/29 11:59:10.913, 0, 13078, 0
2026/09/29 11:59:10.914, 1, 14300, 0
2026/09/29 11:59:10.914, 2, 14300, 0
2026/09/29 11:59:10.914, 3, 13078, 0
2026/09/29 11:59:10.914, 4, 14532, 0
2026/09/29 11:59:10.914, 5, 14300, 0
2026/09/29 11:59:10.914, 6, 13078, 13
2026/09/29 11:59:10.914, 7, 14532, 0
2026/09/29 11:59:11.914, 0, 13078, 7
2026/09/29 11:59:11.914, 1, 14300, 6
2026/09/29 11:59:11.914, 2, 14300, 0
2026/09/29 11:59:11.914, 3, 13078, 0
2026/09/29 11:59:11.914, 4, 14532, 0
2026/09/29 11:59:11.914, 5, 14300, 0
2026/09/29 11:59:11.914, 6, 13078, 5
2026/09/29 11:59:11.914, 7, 14532, 0
2026/09/29 11:59:12.914, 0, 13078, 6
2026/09/29 11:59:12.915, 1, 14532, 0
2026/09/29 11:59:12.915, 2, 14300, 0
2026/09/29 11:59:12.915, 3, 13078, 0
2026/09/29 11:59:12.915, 4, 14532, 0
2026/09/29 11:59:12.915, 5, 14300, 0
2026/09/29 11:59:12.915, 6, 13078, 8
2026/09/29 11:59:12.915, 7, 14532, 0
2026/09/29 11:59:13.915, 0, 13078, 10
2026/09/29 11:59:13.915, 1, 14532, 0
2026/09/29 11:59:13.915, 2, 14532, 11
2026/09/29 11:59:13.915, 3, 13078, 0
2026/09/29 11:59:13.915, 4, 14532, 0
2026/09/29 11:59:13.915, 5, 14300, 10
2026/09/29 11:59:13.915, 6, 13078, 0
2026/09/29 11:59:13.915, 7, 14532, 0
2026/09/29 11:59:14.915, 0, 13078, 7
2026/09/29 11:59:14.916, 1, 14532, 0
2026/09/29 11:59:14.916, 2, 14532, 0
2026/09/29 11:59:14.916, 3, 13078, 0
2026/09/29 11:59:14.916, 4, 14532, 0
2026/09/29 11:59:14.916, 5, 14532, 0
2026/09/29 11:59:14.916, 6, 13078, 0
2026/09/29 11:59:14.916, 7, 14532, 0
2026/09/29 11:59:15.916, 0, 13078, 7
2026/09/29 11:59:15.916, 1, 14532, 0
2026/09/29 11:59:15.916, 2, 14532, 0
2026/09/29 11:59:15.916, 3, 13078, 0
2026/09/29 11:59:15.916, 4, 14532, 0
2026/09/29 11:59:15.916, 5, 14532, 0
2026/09/29 11:59:15.916, 6, 13078, 0
2026/09/29 11:59:15.917, 7, 14532, 0
2026/09/29 11:59:16.917, 0, 13078, 0
2026/09/29 11:59:16.917, 1, 14532, 0
2026/09/29 11:59:16.917, 2, 14532, 0
2026/09/29 11:59:16.917, 3, 13078, 0
2026/09/29 11:59:16.917, 4, 14532, 0
2026/09/29 11:59:16.917, 5, 14532, 0
2026/09/29 11:59:16.917, 6, 14300, 0
2026/09/29 11:59:16.917, 7, 14532, 0
2026/09/29 11:59:17.917, 0, 13078, 0
2026/09/29 11:59:17.917, 1, 14532, 0
2026/09/29 11:59:17.917, 2, 14532, 0
2026/09/29 11:59:17.917, 3, 13078, 0
2026/09/29 11:59:17.918, 4, 14532, 0
2026/09/29 11:59:17.918, 5, 14532, 0
2026/09/29 11:59:17.918, 6, 14300, 0
2026/09/29 11:59:17.918, 7, 14532, 0
2026/09/29 11:59:18.918, 0, 13078, 0
2026/09/29 11:59:18.918, 1, 14532, 0
2026/09/29 11:59:18.918, 2, 14532, 0
2026/09/29 11:59:18.918, 3, 13078, 0
2026/09/29 11:59:18.918, 4, 14532, 0
2026/09/29 11:59:18.918, 5, 14532, 0
2026/09/29 11:59:18.918, 6, 14300, 0
2026/09/29 11:59:18.918, 7, 14532, 0
2026/09/29 11:59:19.918, 0, 13078, 0
2026/09/29 11:59:19.919, 1, 14532, 0
2026/09/29 11:59:19.919, 2, 14532, 0
2026/09/29 11:59:19.919, 3, 13078, 11
2026/09/29 11:59:19.919, 4, 14532, 0
2026/09/29 11:59:19.919, 5, 14532, 0
2026/09/29 11:59:19.919, 6, 14300, 0
2026/09/29 11:59:19.919, 7, 14532, 0
2026/09/29 11:59:20.919, 0, 14300, 0
2026/09/29 11:59:20.919, 1, 14532, 0
2026/09/29 11:59:20.919, 2, 14532, 0
2026/09/29 11:59:20.919, 3, 13078, 20
2026/09/29 11:59:20.919, 4, 14532, 0
2026/09/29 11:59:20.919, 5, 14532, 0
2026/09/29 11:59:20.919, 6, 14300, 8
2026/09/29 11:59:20.919, 7, 14532, 0
2026/09/29 11:59:21.920, 0, 14300, 0
2026/09/29 11:59:21.920, 1, 14532, 0
2026/09/29 11:59:21.920, 2, 14532, 0
2026/09/29 11:59:21.920, 3, 13078, 9
2026/09/29 11:59:21.920, 4, 14532, 0
2026/09/29 11:59:21.920, 5, 14532, 0
2026/09/29 11:59:21.920, 6, 14532, 0
2026/09/29 11:59:21.920, 7, 14532, 0
2026/09/29 11:59:22.920, 0, 14300, 0
2026/09/29 11:59:22.920, 1, 14532, 0
2026/09/29 11:59:22.920, 2, 14532, 0
2026/09/29 11:59:22.920, 3, 13078, 0
2026/09/29 11:59:22.920, 4, 14532, 0
2026/09/29 11:59:22.920, 5, 14532, 0
2026/09/29 11:59:22.920, 6, 14532, 0
2026/09/29 11:59:22.920, 7, 14532, 0
2026/09/29 11:59:23.921, 0, 14300, 0
2026/09/29 11:59:23.921, 1, 14532, 0
2026/09/29 11:59:23.921, 2, 14532, 0
2026/09/29 11:59:23.921, 3, 13078, 0
2026/09/29 11:59:23.921, 4, 14532, 0
2026/09/29 11:59:23.921, 5, 14532, 0
2026/09/29 11:59:23.921, 6, 14532, 0
2026/09/29 11:59:23.921, 7, 14532, 0
2026/09/29 11:59:24.921, 0, 14300, 0
2026/09/29 11:59:24.921, 1, 14532, 0
2026/09/29 11:59:24.921, 2, 14532, 0
2026/09/29 11:59:24.921, 3, 13078, 0
2026/09/29 11:59:24.921, 4, 14532, 0
2026/09/29 11:59:24.921, 5, 14532, 0
2026/09/29 11:59:24.921, 6, 14532, 0
2026/09/29 11:59:24.922, 7, 14532, 0
2026/09/29 11:59:25.922, 0, 14300, 0
2026/09/29 11:59:25.922, 1, 14532, 0
2026/09/29 11:59:25.922, 2, 14532, 0
2026/09/29 11:59:25.922, 3, 14300, 0
2026/09/29 11:59:25.922, 4, 14532, 0
2026/09/29 11:59:25.922, 5, 14532, 0
2026/09/29 11:59:25.922, 6, 14532, 0
2026/09/29 11:59:25.922, 7, 14532, 0
2026/09/29 11:59:26.922, 0, 14300, 7
2026/09/29 11:59:26.922, 1, 14532, 0
2026/09/29 11:59:26.923, 2, 14532, 0
2026/09/29 11:59:26.923, 3, 14300, 0
2026/09/29 11:59:26.923, 4, 14532, 0
2026/09/29 11:59:26.923, 5, 14532, 0
2026/09/29 11:59:26.923, 6, 14532, 0
2026/09/29 11:59:26.923, 7, 14532, 0
2026/09/29 11:59:27.923, 0, 14532, 0
2026/09/29 11:59:27.923, 1, 14532, 0
2026/09/29 11:59:27.923, 2, 14532, 0
2026/09/29 11:59:27.923, 3, 14300, 0
2026/09/29 11:59:27.923, 4, 14532, 0
2026/09/29 11:59:27.923, 5, 14532, 0
2026/09/29 11:59:27.923, 6, 14532, 0
2026/09/29 11:59:27.924, 7, 14532, 0
2026/09/29 11:59:28.924, 0, 14532, 0
2026/09/29 11:59:28.924, 1, 14532, 0
2026/09/29 11:59:28.924, 2, 14532, 0
2026/09/29 11:59:28.924, 3, 14300, 0
2026/09/29 11:59:28.924, 4, 14532, 0
2026/09/29 11:59:28.924, 5, 14532, 0
2026/09/29 11:59:28.924, 6, 14532, 0
2026/09/29 11:59:28.924, 7, 14532, 0
2026/09/29 11:59:29.924, 0, 14532, 0
2026/09/29 11:59:29.924, 1, 14532, 0
2026/09/29 11:59:29.924, 2, 14532, 0
2026/09/29 11:59:29.925, 3, 14300, 0
2026/09/29 11:59:29.925, 4, 14532, 0
2026/09/29 11:59:29.925, 5, 14532, 0
2026/09/29 11:59:29.925, 6, 14532, 0
2026/09/29 11:59:29.925, 7, 14532, 0
2026/09/29 11:59:30.925, 0, 14532, 0
2026/09/29 11:59:30.925, 1, 14532, 0
2026/09/29 11:59:30.925, 2, 14532, 0
2026/09/29 11:59:30.925, 3, 14300, 6
2026/09/29 11:59:30.925, 4, 14532, 0
2026/09/29 11:59:30.925, 5, 14532, 0
2026/09/29 11:59:30.925, 6, 14532, 0
2026/09/29 11:59:30.925, 7, 14532, 0
2026/09/29 11:59:31.925, 0, 14736, 0
2026/09/29 11:59:31.926, 1, 15170, 0
2026/09/29 11:59:31.926, 2, 15170, 0
2026/09/29 11:59:31.926, 3, 15170, 0
2026/09/29 11:59:31.926, 4, 15170, 27
2026/09/29 11:59:31.926, 5, 15170, 0
2026/09/29 11:59:31.926, 6, 15170, 2
2026/09/29 11:59:31.926, 7, 15170, 100
2026/09/29 11:59:32.926, 0, 15170, 0
2026/09/29 11:59:32.926, 1, 15170, 99
2026/09/29 11:59:32.926, 2, 15170, 100
2026/09/29 11:59:32.926, 3, 15170, 100
2026/09/29 11:59:32.927, 4, 15170, 100
2026/09/29 11:59:32.927, 5, 15170, 100
2026/09/29 11:59:32.927, 6, 15170, 100
2026/09/29 11:59:32.927, 7, 15170, 25
2026/09/29 11:59:33.927, 0, 16334, 42
2026/09/29 11:59:33.927, 1, 16334, 58
2026/09/29 11:59:33.927, 2, 15854, 72
2026/09/29 11:59:33.927, 3, 15854, 57
2026/09/29 11:59:33.927, 4, 16334, 0
2026/09/29 11:59:33.927, 5, 15854, 96
2026/09/29 11:59:33.927, 6, 15854, 0
2026/09/29 11:59:33.927, 7, 15854, 0
2026/09/29 11:59:34.928, 0, 16842, 0
2026/09/29 11:59:34.928, 1, 16842, 0
2026/09/29 11:59:34.928, 2, 16842, 1
2026/09/29 11:59:34.928, 3, 16842, 0
2026/09/29 11:59:34.928, 4, 16842, 100
2026/09/29 11:59:34.928, 5, 16842, 10
2026/09/29 11:59:34.928, 6, 16842, 0
2026/09/29 11:59:34.928, 7, 16842, 100
2026/09/29 11:59:35.928, 0, 16842, 100
2026/09/29 11:59:35.928, 1, 16842, 100
2026/09/29 11:59:35.928, 2, 16842, 100
2026/09/29 11:59:35.928, 3, 16842, 100
2026/09/29 11:59:35.929, 4, 16842, 100
2026/09/29 11:59:35.929, 5, 16842, 97
2026/09/29 11:59:35.929, 6, 16842, 99
2026/09/29 11:59:35.929, 7, 16842, 100
2026/09/29 11:59:36.929, 0, 16842, 100
2026/09/29 11:59:36.929, 1, 16842, 100
2026/09/29 11:59:36.929, 2, 16842, 99
2026/09/29 11:59:36.929, 3, 16842, 100
2026/09/29 11:59:36.929, 4, 16842, 100
2026/09/29 11:59:36.929, 5, 16842, 100
2026/09/29 11:59:36.929, 6, 16842, 100
2026/09/29 11:59:36.929, 7, 16842, 100
2026/09/29 11:59:37.929, 0, 16842, 100
2026/09/29 11:59:37.930, 1, 16842, 100
2026/09/29 11:59:37.930, 2, 16842, 100
2026/09/29 11:59:37.930, 3, 16842, 100
2026/09/29 11:59:37.930, 4, 16842, 100
2026/09/29 11:59:37.930, 5, 16842, 100
2026/09/29 11:59:37.930, 6, 16842, 100
2026/09/29 11:59:37.930, 7, 16842, 100
2026/09/29 11:59:38.930, 0, 16842, 100
2026/09/29 11:59:38.930, 1, 16842, 100
2026/09/29 11:59:38.930, 2, 16842, 100
2026/09/29 11:59:38.930, 3, 16842, 100
2026/09/29 11:59:38.930, 4, 16842, 100
2026/09/29 11:59:38.930, 5, 16842, 100
2026/09/29 11:59:38.930, 6, 16842, 100
2026/09/29 11:59:38.930, 7, 16842, 100
2026/09/29 11:59:39.931, 0, 16918, 100
2026/09/29 11:59:39.931, 1, 16918, 100
2026/09/29 11:59:39.931, 2, 16918, 99
2026/09/29 11:59:39.931, 3, 16918, 99
2026/09/29 11:59:39.931, 4, 16918, 0
2026/09/29 11:59:39.931, 5, 16918, 100
2026/09/29 11:59:39.931, 6, 16918, 100
2026/09/29 11:59:39.931, 7, 16918, 0
2026/09/29 11:59:40.931, 0, 16918, 100
2026/09/29 11:59:40.931, 1, 16918, 100
2026/09/29 11:59:40.931, 2, 16918, 100
2026/09/29 11:59:40.931, 3, 16918, 100
2026/09/29 11:59:40.932, 4, 16918, 100
2026/09/29 11:59:40.932, 5, 16918, 100
2026/09/29 11:59:40.932, 6, 16918, 100
2026/09/29 11:59:40.932, 7, 16918, 99
2026/09/29 11:59:41.932, 0, 16918, 100
2026/09/29 11:59:41.932, 1, 16918, 100
2026/09/29 11:59:41.932, 2, 16918, 100
2026/09/29 11:59:41.932, 3, 16918, 100
2026/09/29 11:59:41.932, 4, 16918, 100
2026/09/29 11:59:41.932, 5, 16918, 99
2026/09/29 11:59:41.932, 6, 16918, 100
2026/09/29 11:59:41.932, 7, 16918, 100
2026/09/29 11:59:42.933, 0, 16918, 100
2026/09/29 11:59:42.933, 1, 16918, 100
2026/09/29 11:59:42.933, 2, 16918, 100
2026/09/29 11:59:42.933, 3, 16918, 100
2026/09/29 11:59:42.933, 4, 16918, 100
2026/09/29 11:59:42.933, 5, 16918, 100
2026/09/29 11:59:42.933, 6, 16918, 100
2026/09/29 11:59:42.933, 7, 16918, 100
2026/09/29 11:59:43.933, 0, 16918, 100
2026/09/29 11:59:43.934, 1, 16918, 100
2026/09/29 11:59:43.934, 2, 16918, 100
2026/09/29 11:59:43.934, 3, 16918, 100
2026/09/29 11:59:43.934, 4, 16918, 100
2026/09/29 11:59:43.934, 5, 16918, 100
2026/09/29 11:59:43.934, 6, 16918, 100
2026/09/29 11:59:43.934, 7, 16918, 100
2026/09/29 11:59:44.934, 0, 16938, 100
2026/09/29 11:59:44.934, 1, 16938, 100
2026/09/29 11:59:44.934, 2, 16938, 100
2026/09/29 11:59:44.934, 3, 16938, 100
2026/09/29 11:59:44.934, 4, 16938, 100
2026/09/29 11:59:44.934, 5, 16938, 100
2026/09/29 11:59:44.935, 6, 16938, 100
2026/09/29 11:59:44.935, 7, 16938, 100
2026/09/29 11:59:45.935, 0, 16938, 100
2026/09/29 11:59:45.935, 1, 16938, 100
2026/09/29 11:59:45.935, 2, 16938, 100
2026/09/29 11:59:45.935, 3, 16938, 100
2026/09/29 11:59:45.935, 4, 16938, 100
2026/09/29 11:59:45.935, 5, 16938, 100
2026/09/29 11:59:45.935, 6, 16938, 100
2026/09/29 11:59:45.935, 7, 16938, 100
2026/09/29 11:59:46.936, 0, 16938, 100
2026/09/29 11:59:46.936, 1, 16938, 100
2026/09/29 11:59:46.936, 2, 16938, 100
2026/09/29 11:59:46.936, 3, 16938, 100
2026/09/29 11:59:46.936, 4, 16938, 100
2026/09/29 11:59:46.936, 5, 16938, 100
2026/09/29 11:59:46.936, 6, 16938, 100
2026/09/29 11:59:46.936, 7, 16938, 100
2026/09/29 11:59:47.936, 0, 16938, 100
2026/09/29 11:59:47.936, 1, 16938, 100
2026/09/29 11:59:47.936, 2, 16938, 100
2026/09/29 11:59:47.936, 3, 16938, 100
2026/09/29 11:59:47.936, 4, 16938, 100
2026/09/29 11:59:47.936, 5, 16938, 100
2026/09/29 11:59:47.937, 6, 16938, 100
2026/09/29 11:59:47.937, 7, 16938, 100
2026/09/29 11:59:48.937, 0, 16938, 100
2026/09/29 11:59:48.937, 1, 16938, 100
2026/09/29 11:59:48.937, 2, 16938, 100
2026/09/29 11:59:48.937, 3, 16938, 100
2026/09/29 11:59:48.937, 4, 16938, 100
2026/09/29 11:59:48.937, 5, 16938, 100
2026/09/29 11:59:48.937, 6, 16938, 100
2026/09/29 11:59:48.937, 7, 16938, 100
2026/09/29 11:59:49.938, 0, 16938, 100
2026/09/29 11:59:49.938, 1, 16938, 100
2026/09/29 11:59:49.938, 2, 16938, 100
2026/09/29 11:59:49.938, 3, 16938, 100
2026/09/29 11:59:49.938, 4, 16938, 100
2026/09/29 11:59:49.938, 5, 16938, 100
2026/09/29 11:59:49.938, 6, 16938, 100
2026/09/29 11:59:49.938, 7, 16938, 100
2026/09/29 11:59:50.938, 0, 16970, 100
2026/09/29 11:59:50.938, 1, 16970, 97
2026/09/29 11:59:50.938, 2, 16970, 95
2026/09/29 11:59:50.939, 3, 16970, 95
2026/09/29 11:59:50.939, 4, 16970, 100
2026/09/29 11:59:50.939, 5, 16970, 52
2026/09/29 11:59:50.939, 6, 16970, 100
2026/09/29 11:59:50.939, 7, 16970, 99
2026/09/29 11:59:51.939, 0, 16970, 100
2026/09/29 11:59:51.939, 1, 16970, 100
2026/09/29 11:59:51.939, 2, 16970, 100
2026/09/29 11:59:51.939, 3, 16970, 100
2026/09/29 11:59:51.939, 4, 16970, 100
2026/09/29 11:59:51.939, 5, 16970, 100
2026/09/29 11:59:51.939, 6, 16970, 100
2026/09/29 11:59:51.939, 7, 16970, 100
2026/09/29 11:59:52.940, 0, 16970, 100
2026/09/29 11:59:52.940, 1, 16970, 100
2026/09/29 11:59:52.940, 2, 16970, 100
2026/09/29 11:59:52.940, 3, 16970, 100
2026/09/29 11:59:52.940, 4, 16970, 100
2026/09/29 11:59:52.940, 5, 16970, 100
2026/09/29 11:59:52.940, 6, 16970, 100
2026/09/29 11:59:52.940, 7, 16970, 100
2026/09/29 11:59:53.940, 0, 16970, 100
2026/09/29 11:59:53.940, 1, 16970, 100
2026/09/29 11:59:53.940, 2, 16970, 100
2026/09/29 11:59:53.940, 3, 16970, 100
2026/09/29 11:59:53.940, 4, 16970, 100
2026/09/29 11:59:53.941, 5, 16970, 100
2026/09/29 11:59:53.941, 6, 16970, 100
2026/09/29 11:59:53.941, 7, 16970, 100
2026/09/29 11:59:54.941, 0, 16970, 100
2026/09/29 11:59:54.941, 1, 16970, 100
2026/09/29 11:59:54.941, 2, 16970, 100
2026/09/29 11:59:54.941, 3, 16970, 100
2026/09/29 11:59:54.941, 4, 16970, 100
2026/09/29 11:59:54.941, 5, 16970, 100
2026/09/29 11:59:54.941, 6, 16970, 100
2026/09/29 11:59:54.941, 7, 16970, 100
2026/09/29 11:59:55.941, 0, 16970, 99
2026/09/29 11:59:55.942, 1, 16970, 99
2026/09/29 11:59:55.942, 2, 16970, 100
2026/09/29 11:59:55.942, 3, 16970, 100
2026/09/29 11:59:55.942, 4, 16970, 100
2026/09/29 11:59:55.942, 5, 16970, 100
2026/09/29 11:59:55.942, 6, 16970, 99
2026/09/29 11:59:55.942, 7, 16970, 100
2026/09/29 11:59:56.942, 0, 16970, 100
2026/09/29 11:59:56.942, 1, 16970, 100
2026/09/29 11:59:56.942, 2, 16970, 100
2026/09/29 11:59:56.942, 3, 16970, 100
2026/09/29 11:59:56.942, 4, 16970, 100
2026/09/29 11:59:56.942, 5, 16970, 100
2026/09/29 11:59:56.942, 6, 16970, 100
2026/09/29 11:59:56.943, 7, 16970, 100
2026/09/29 11:59:57.943, 0, 16970, 100
2026/09/29 11:59:57.943, 1, 16970, 100
2026/09/29 11:59:57.943, 2, 16970, 100
2026/09/29 11:59:57.943, 3, 16970, 100
2026/09/29 11:59:57.943, 4, 16970, 100
2026/09/29 11:59:57.943, 5, 16970, 100
2026/09/29 11:59:57.943, 6, 16970, 100
2026/09/29 11:59:57.943, 7, 16970, 100
2026/09/29 11:59:58.943, 0, 16970, 100
2026/09/29 11:59:58.943, 1, 16970, 100
2026/09/29 11:59:58.943, 2, 16970, 100
2026/09/29 11:59:58.943, 3, 16970, 100
2026/09/29 11:59:58.944, 4, 16970, 100
2026/09/29 11:59:58.944, 5, 16970, 100
2026/09/29 11:59:58.944, 6, 16970, 100
2026/09/29 11:59:58.944, 7, 16970, 100
2026/09/29 11:59:59.944, 0, 16970, 100
2026/09/29 11:59:59.944, 1, 16970, 100
2026/09/29 11:59:59.944, 2, 16970, 100
2026/09/29 11:59:59.944, 3, 16970, 100
2026/09/29 11:59:59.944, 4, 16970, 100
2026/09/29 11:59:59.944, 5, 16970, 100
2026/09/29 11:59:59.944, 6, 16970, 100
2026/09/29 11:59:59.944, 7, 16970, 100
2026/09/29 12:00:00.945, 0, 16970, 100
2026/09/29 12:00:00.945, 1, 16970, 100
2026/09/29 12:00:00.945, 2, 16970, 100
2026/09/29 12:00:00.945, 3, 16970, 100
2026/09/29 12:00:00.945, 4, 16970, 100
2026/09/29 12:00:00.945, 5, 16970, 100
2026/09/29 12:00:00.945, 6, 16970, 97
2026/09/29 12:00:00.945, 7, 16970, 100
2026/09/29 12:00:01.945, 0, 16970, 100
2026/09/29 12:00:01.945, 1, 16970, 100
2026/09/29 12:00:01.945, 2, 16970, 100
2026/09/29 12:00:01.945, 3, 16970, 100
2026/09/29 12:00:01.945, 4, 16970, 100
2026/09/29 12:00:01.945, 5, 16970, 100
2026/09/29 12:00:01.946, 6, 16970, 100
2026/09/29 12:00:01.946, 7, 16970, 100
2026/09/29 12:00:02.946, 0, 16970, 100
2026/09/29 12:00:02.946, 1, 16970, 99
2026/09/29 12:00:02.946, 2, 16970, 100
2026/09/29 12:00:02.946, 3, 16970, 100
2026/09/29 12:00:02.946, 4, 16970, 100
2026/09/29 12:00:02.946, 5, 16970, 100
2026/09/29 12:00:02.946, 6, 16970, 100
2026/09/29 12:00:02.946, 7, 16970, 100
2026/09/29 12:00:03.946, 0, 16970, 100
2026/09/29 12:00:03.946, 1, 16970, 100
2026/09/29 12:00:03.946, 2, 16970, 100
2026/09/29 12:00:03.947, 3, 16970, 100
2026/09/29 12:00:03.947, 4, 16970, 100
2026/09/29 12:00:03.947, 5, 16970, 100
2026/09/29 12:00:03.947, 6, 16970, 100
2026/09/29 12:00:03.947, 7, 16970, 100
2026/09/29 12:00:04.947, 0, 16970, 100
2026/09/29 12:00:04.947, 1, 16970, 100
2026/09/29 12:00:04.947, 2, 16970, 100
2026/09/29 12:00:04.947, 3, 16970, 100
2026/09/29 12:00:04.947, 4, 16970, 100
2026/09/29 12:00:04.947, 5, 16970, 100
2026/09/29 12:00:04.947, 6, 16970, 100
2026/09/29 12:00:04.947, 7, 16970, 100
2026/09/29 12:00:05.947, 0, 17250, 100
2026/09/29 12:00:05.948, 1, 17250, 100
2026/09/29 12:00:05.948, 2, 17250, 100
2026/09/29 12:00:05.948, 3, 17250, 100
2026/09/29 12:00:05.948, 4, 17250, 94
2026/09/29 12:00:05.948, 5, 17250, 100
2026/09/29 12:00:05.948, 6, 17250, 100
2026/09/29 12:00:05.948, 7, 17250, 100
2026/09/29 12:00:06.948, 0, 17250, 99
2026/09/29 12:00:06.948, 1, 17250, 100
2026/09/29 12:00:06.948, 2, 17250, 100
2026/09/29 12:00:06.948, 3, 17250, 100
2026/09/29 12:00:06.948, 4, 17250, 100
2026/09/29 12:00:06.948, 5, 17250, 100
2026/09/29 12:00:06.948, 6, 17250, 100
2026/09/29 12:00:06.948, 7, 17250, 100
2026/09/29 12:00:07.949, 0, 17250, 100
2026/09/29 12:00:07.949, 1, 17250, 100
2026/09/29 12:00:07.949, 2, 17250, 100
2026/09/29 12:00:07.949, 3, 17250, 100
2026/09/29 12:00:07.949, 4, 17250, 100
2026/09/29 12:00:07.949, 5, 17250, 100
2026/09/29 12:00:07.949, 6, 17250, 100
2026/09/29 12:00:07.949, 7, 17250, 100
2026/09/29 12:00:08.950, 0, 17250, 100
2026/09/29 12:00:08.950, 1, 17250, 100
2026/09/29 12:00:08.950, 2, 17250, 100
2026/09/29 12:00:08.950, 3, 17250, 100
2026/09/29 12:00:08.950, 4, 17250, 100
2026/09/29 12:00:08.950, 5, 17250, 100
2026/09/29 12:00:08.950, 6, 17250, 100
2026/09/29 12:00:08.950, 7, 17250, 100
2026/09/29 12:00:09.950, 0, 17250, 100
2026/09/29 12:00:09.950, 1, 17250, 100
2026/09/29 12:00:09.950, 2, 17250, 100
2026/09/29 12:00:09.950, 3, 17250, 100
2026/09/29 12:00:09.950, 4, 17250, 100
2026/09/29 12:00:09.950, 5, 17250, 100
2026/09/29 12:00:09.951, 6, 17250, 100
2026/09/29 12:00:09.951, 7, 17250, 100
2026/09/29 12:00:10.951, 0, 17250, 100
2026/09/29 12:00:10.951, 1, 17250, 100
2026/09/29 12:00:10.951, 2, 17250, 100
2026/09/29 12:00:10.951, 3, 17250, 100
2026/09/29 12:00:10.951, 4, 17250, 100
2026/09/29 12:00:10.951, 5, 17250, 100
2026/09/29 12:00:10.951, 6, 17250, 100
2026/09/29 12:00:10.951, 7, 17250, 94
2026/09/29 12:00:11.951, 0, 17250, 100
2026/09/29 12:00:11.951, 1, 17250, 100
2026/09/29 12:00:11.951, 2, 17250, 100
2026/09/29 12:00:11.951, 3, 17250, 100
2026/09/29 12:00:11.952, 4, 17250, 100
2026/09/29 12:00:11.952, 5, 17250, 100
2026/09/29 12:00:11.952, 6, 17250, 100
2026/09/29 12:00:11.952, 7, 17250, 100
2026/09/29 12:00:12.952, 0, 17250, 100
2026/09/29 12:00:12.952, 1, 17250, 100
2026/09/29 12:00:12.952, 2, 17250, 100
2026/09/29 12:00:12.952, 3, 17250, 100
2026/09/29 12:00:12.952, 4, 17250, 100
2026/09/29 12:00:12.952, 5, 17250, 100
2026/09/29 12:00:12.952, 6, 17250, 100
2026/09/29 12:00:12.952, 7, 17250, 100
2026/09/29 12:00:13.952, 0, 17250, 100
2026/09/29 12:00:13.953, 1, 17250, 100
2026/09/29 12:00:13.953, 2, 17250, 100
2026/09/29 12:00:13.953, 3, 17250, 100
2026/09/29 12:00:13.953, 4, 17250, 100
2026/09/29 12:00:13.953, 5, 17250, 100
2026/09/29 12:00:13.953, 6, 17250, 100
2026/09/29 12:00:13.953, 7, 17250, 100
2026/09/29 12:00:14.953, 0, 17250, 100
2026/09/29 12:00:14.953, 1, 17250, 100
2026/09/29 12:00:14.953, 2, 17250, 100
2026/09/29 12:00:14.953, 3, 17250, 100
2026/09/29 12:00:14.953, 4, 17250, 100
2026/09/29 12:00:14.953, 5, 17250, 100
2026/09/29 12:00:14.953, 6, 17250, 100
2026/09/29 12:00:14.953, 7, 17250, 100
2026/09/29 12:00:15.954, 0, 17250, 100
2026/09/29 12:00:15.954, 1, 17250, 99
2026/09/29 12:00:15.954, 2, 17250, 100
2026/09/29 12:00:15.954, 3, 17250, 100
2026/09/29 12:00:15.954, 4, 17250, 100
2026/09/29 12:00:15.954, 5, 17250, 100
2026/09/29 12:00:15.954, 6, 17250, 100
2026/09/29 12:00:15.954, 7, 17250, 100
2026/09/29 12:00:16.954, 0, 17250, 100
2026/09/29 12:00:16.954, 1, 17250, 100
2026/09/29 12:00:16.954, 2, 17250, 100
2026/09/29 12:00:16.954, 3, 17250, 100
2026/09/29 12:00:16.954, 4, 17250, 100
2026/09/29 12:00:16.954, 5, 17250, 100
2026/09/29 12:00:16.955, 6, 17250, 100
2026/09/29 12:00:16.955, 7, 17250, 100
2026/09/29 12:00:17.955, 0, 17250, 100
2026/09/29 12:00:17.955, 1, 17250, 100
2026/09/29 12:00:17.955, 2, 17250, 100
2026/09/29 12:00:17.955, 3, 17250, 100
2026/09/29 12:00:17.955, 4, 17250, 100
2026/09/29 12:00:17.955, 5, 17250, 100
2026/09/29 12:00:17.955, 6, 17250, 100
2026/09/29 12:00:17.955, 7, 17250, 100
2026/09/29 12:00:18.955, 0, 17250, 100
2026/09/29 12:00:18.955, 1, 17250, 100
2026/09/29 12:00:18.955, 2, 17250, 100
2026/09/29 12:00:18.955, 3, 17250, 100
2026/09/29 12:00:18.956, 4, 17250, 100
2026/09/29 12:00:18.956, 5, 17250, 100
2026/09/29 12:00:18.956, 6, 17250, 100
2026/09/29 12:00:18.956, 7, 17250, 100
2026/09/29 12:00:19.956, 0, 17250, 100
2026/09/29 12:00:19.956, 1, 17250, 100
2026/09/29 12:00:19.956, 2, 17250, 100
2026/09/29 12:00:19.956, 3, 17250, 99
2026/09/29 12:00:19.956, 4, 17250, 100
2026/09/29 12:00:19.957, 5, 17250, 100
2026/09/29 12:00:19.957, 6, 17250, 100
2026/09/29 12:00:19.957, 7, 17250, 100
2026/09/29 12:00:20.957, 0, 17250, 100
2026/09/29 12:00:20.957, 1, 17250, 100
2026/09/29 12:00:20.957, 2, 17250, 100
2026/09/29 12:00:20.957, 3, 17250, 100
2026/09/29 12:00:20.957, 4, 17250, 100
2026/09/29 12:00:20.957, 5, 17250, 100
2026/09/29 12:00:20.957, 6, 17250, 100
2026/09/29 12:00:20.957, 7, 17250, 100
2026/09/29 12:00:21.958, 0, 17250, 100
2026/09/29 12:00:21.958, 1, 17250, 100
2026/09/29 12:00:21.958, 2, 17250, 100
2026/09/29 12:00:21.958, 3, 17250, 100
2026/09/29 12:00:21.958, 4, 17250, 100
2026/09/29 12:00:21.958, 5, 17250, 100
2026/09/29 12:00:21.958, 6, 17250, 100
2026/09/29 12:00:21.958, 7, 17250, 100
2026/09/29 12:00:22.958, 0, 17250, 100
2026/09/29 12:00:22.958, 1, 17250, 100
2026/09/29 12:00:22.958, 2, 17250, 100
2026/09/29 12:00:22.958, 3, 17250, 100
2026/09/29 12:00:22.958, 4, 17250, 100
2026/09/29 12:00:22.958, 5, 17250, 100
2026/09/29 12:00:22.959, 6, 17250, 100
2026/09/29 12:00:22.959, 7, 17250, 100
2026/09/29 12:00:23.959, 0, 17250, 100
2026/09/29 12:00:23.959, 1, 17250, 100
2026/09/29 12:00:23.959, 2, 17250, 100
2026/09/29 12:00:23.959, 3, 17250, 100
2026/09/29 12:00:23.959, 4, 17250, 100
2026/09/29 12:00:23.959, 5, 17250, 100
2026/09/29 12:00:23.959, 6, 17250, 100
2026/09/29 12:00:23.959, 7, 17250, 100
2026/09/29 12:00:24.959, 0, 17250, 100
2026/09/29 12:00:24.959, 1, 17250, 100
2026/09/29 12:00:24.959, 2, 17250, 100
2026/09/29 12:00:24.959, 3, 17250, 100
2026/09/29 12:00:24.960, 4, 17250, 100
2026/09/29 12:00:24.960, 5, 17250, 100
2026/09/29 12:00:24.960, 6, 17250, 100
2026/09/29 12:00:24.960, 7, 17250, 100
2026/09/29 12:00:25.960, 0, 17250, 100
2026/09/29 12:00:25.960, 1, 17250, 100
2026/09/29 12:00:25.960, 2, 17250, 100
2026/09/29 12:00:25.960, 3, 17250, 100
2026/09/29 12:00:25.960, 4, 17250, 100
2026/09/29 12:00:25.960, 5, 17250, 100
2026/09/29 12:00:25.960, 6, 17250, 100
2026/09/29 12:00:25.960, 7, 17250, 100
2026/09/29 12:00:26.961, 0, 17250, 100
2026/09/29 12:00:26.961, 1, 17250, 98
2026/09/29 12:00:26.961, 2, 17250, 98
2026/09/29 12:00:26.961, 3, 17250, 98
2026/09/29 12:00:26.961, 4, 17250, 100
2026/09/29 12:00:26.961, 5, 17250, 97
2026/09/29 12:00:26.961, 6, 17250, 100
2026/09/29 12:00:26.961, 7, 17250, 100
2026/09/29 12:00:27.962, 0, 17250, 100
2026/09/29 12:00:27.962, 1, 17250, 100
2026/09/29 12:00:27.962, 2, 17250, 100
2026/09/29 12:00:27.962, 3, 17250, 100
2026/09/29 12:00:27.962, 4, 17250, 100
2026/09/29 12:00:27.962, 5, 17250, 100
2026/09/29 12:00:27.962, 6, 17250, 100
2026/09/29 12:00:27.962, 7, 17250, 100
2026/09/29 12:00:28.962, 0, 17250, 99
2026/09/29 12:00:28.962, 1, 17250, 100
2026/09/29 12:00:28.962, 2, 17250, 100
2026/09/29 12:00:28.962, 3, 17250, 100
2026/09/29 12:00:28.962, 4, 17250, 100
2026/09/29 12:00:28.963, 5, 17250, 100
2026/09/29 12:00:28.963, 6, 17250, 100
2026/09/29 12:00:28.963, 7, 17250, 100
2026/09/29 12:00:29.963, 0, 17250, 100
2026/09/29 12:00:29.963, 1, 17250, 100
2026/09/29 12:00:29.963, 2, 17250, 100
2026/09/29 12:00:29.963, 3, 17250, 100
2026/09/29 12:00:29.963, 4, 17250, 100
2026/09/29 12:00:29.963, 5, 17250, 100
2026/09/29 12:00:29.963, 6, 17250, 100
2026/09/29 12:00:29.963, 7, 17250, 100
2026/09/29 12:00:30.963, 0, 17250, 100
2026/09/29 12:00:30.963, 1, 17250, 100
2026/09/29 12:00:30.963, 2, 17250, 100
2026/09/29 12:00:30.964, 3, 17250, 100
2026/09/29 12:00:30.964, 4, 17250, 100
2026/09/29 12:00:30.964, 5, 17250, 100
2026/09/29 12:00:30.964, 6, 17250, 100
2026/09/29 12:00:30.964, 7, 17250, 100
2026/09/29 12:00:31.964, 0, 17250, 94
2026/09/29 12:00:31.964, 1, 17250, 99
2026/09/29 12:00:31.964, 2, 17250, 100
2026/09/29 12:00:31.964, 3, 17250, 100
2026/09/29 12:00:31.964, 4, 17250, 100
2026/09/29 12:00:31.964, 5, 17250, 100
2026/09/29 12:00:31.964, 6, 17250, 100
2026/09/29 12:00:31.964, 7, 17250, 100
2026/09/29 12:00:32.965, 0, 17250, 100
2026/09/29 12:00:32.965, 1, 17250, 100
2026/09/29 12:00:32.965, 2, 17250, 100
2026/09/29 12:00:32.965, 3, 17250, 100
2026/09/29 12:00:32.965, 4, 17250, 100
2026/09/29 12:00:32.965, 5, 17250, 100
2026/09/29 12:00:32.965, 6, 17250, 100
2026/09/29 12:00:32.965, 7, 17250, 100
2026/09/29 12:00:33.966, 0, 17250, 100
2026/09/29 12:00:33.966, 1, 17250, 100
2026/09/29 12:00:33.966, 2, 17250, 100
2026/09/29 12:00:33.966, 3, 17250, 100
2026/09/29 12:00:33.966, 4, 17250, 100
2026/09/29 12:00:33.966, 5, 17250, 100
2026/09/29 12:00:33.966, 6, 17250, 100
2026/09/29 12:00:33.966, 7, 17250, 100
2026/09/29 12:00:34.966, 0, 17250, 100
2026/09/29 12:00:34.966, 1, 17250, 100
2026/09/29 12:00:34.966, 2, 17250, 100
2026/09/29 12:00:34.966, 3, 17250, 100
2026/09/29 12:00:34.967, 4, 17250, 100
2026/09/29 12:00:34.967, 5, 17250, 100
2026/09/29 12:00:34.967, 6, 17250, 100
2026/09/29 12:00:34.967, 7, 17250, 100
2026/09/29 12:00:35.967, 0, 17250, 100
2026/09/29 12:00:35.967, 1, 17250, 100
2026/09/29 12:00:35.967, 2, 17250, 100
2026/09/29 12:00:35.967, 3, 17250, 100
2026/09/29 12:00:35.967, 4, 17250, 100
2026/09/29 12:00:35.967, 5, 17250, 100
2026/09/29 12:00:35.967, 6, 17250, 100
2026/09/29 12:00:35.967, 7, 17250, 100
2026/09/29 12:00:36.967, 0, 17250, 100
2026/09/29 12:00:36.967, 1, 17250, 100
2026/09/29 12:00:36.968, 2, 17250, 100
2026/09/29 12:00:36.968, 3, 17250, 100
2026/09/29 12:00:36.968, 4, 17250, 100
2026/09/29 12:00:36.968, 5, 17250, 100
2026/09/29 12:00:36.968, 6, 17250, 94
2026/09/29 12:00:36.968, 7, 17250, 100
2026/09/29 12:00:37.968, 0, 17250, 100
2026/09/29 12:00:37.968, 1, 17250, 100
2026/09/29 12:00:37.968, 2, 17250, 100
2026/09/29 12:00:37.968, 3, 17250, 100
2026/09/29 12:00:37.968, 4, 17250, 100
2026/09/29 12:00:37.968, 5, 17250, 100
2026/09/29 12:00:37.968, 6, 17250, 100
2026/09/29 12:00:37.968, 7, 17250, 100
2026/09/29 12:00:38.968, 0, 17250, 100
2026/09/29 12:00:38.969, 1, 17250, 100
2026/09/29 12:00:38.969, 2, 17250, 100
2026/09/29 12:00:38.969, 3, 17250, 100
2026/09/29 12:00:38.969, 4, 17250, 100
2026/09/29 12:00:38.969, 5, 17250, 100
2026/09/29 12:00:38.969, 6, 17250, 100
2026/09/29 12:00:38.969, 7, 17250, 100
2026/09/29 12:00:39.969, 0, 17250, 100
2026/09/29 12:00:39.969, 1, 17250, 100
2026/09/29 12:00:39.969, 2, 17250, 100
2026/09/29 12:00:39.969, 3, 17250, 100
2026/09/29 12:00:39.969, 4, 17250, 100
2026/09/29 12:00:39.969, 5, 17250, 100
2026/09/29 12:00:39.969, 6, 17250, 100
2026/09/29 12:00:39.969, 7, 17250, 100
2026/09/29 12:00:40.970, 0, 17250, 100
2026/09/29 12:00:40.970, 1, 17250, 100
2026/09/29 12:00:40.970, 2, 17250, 100
2026/09/29 12:00:40.970, 3, 17250, 100
2026/09/29 12:00:40.970, 4, 17250, 100
2026/09/29 12:00:40.970, 5, 17250, 100
2026/09/29 12:00:40.970, 6, 17250, 100
2026/09/29 12:00:40.970, 7, 17250, 100
2026/09/29 12:00:41.970, 0, 17250, 100
2026/09/29 12:00:41.970, 1, 17250, 99
2026/09/29 12:00:41.970, 2, 17250, 100
2026/09/29 12:00:41.970, 3, 17250, 100
2026/09/29 12:00:41.970, 4, 17250, 100
2026/09/29 12:00:41.971, 5, 17250, 100
2026/09/29 12:00:41.971, 6, 17250, 100
2026/09/29 12:00:41.971, 7, 17250, 100
2026/09/29 12:00:42.971, 0, 17250, 99
2026/09/29 12:00:42.971, 1, 17250, 100
2026/09/29 12:00:42.971, 2, 17250, 100
2026/09/29 12:00:42.971, 3, 17250, 100
2026/09/29 12:00:42.971, 4, 17250, 100
2026/09/29 12:00:42.971, 5, 17250, 100
2026/09/29 12:00:42.971, 6, 17250, 100
2026/09/29 12:00:42.971, 7, 17250, 100
2026/09/29 12:00:43.971, 0, 17250, 100
2026/09/29 12:00:43.971, 1, 17250, 100
2026/09/29 12:00:43.971, 2, 17250, 100
2026/09/29 12:00:43.972, 3, 17250, 100
2026/09/29 12:00:43.972, 4, 17250, 100
2026/09/29 12:00:43.972, 5, 17250, 100
2026/09/29 12:00:43.972, 6, 17250, 100
2026/09/29 12:00:43.972, 7, 17250, 100
2026/09/29 12:00:44.972, 0, 17250, 100
2026/09/29 12:00:44.972, 1, 17250, 100
2026/09/29 12:00:44.972, 2, 17250, 100
2026/09/29 12:00:44.972, 3, 17250, 100
2026/09/29 12:00:44.972, 4, 17250, 100
2026/09/29 12:00:44.972, 5, 17250, 100
2026/09/29 12:00:44.972, 6, 17250, 100
2026/09/29 12:00:44.972, 7, 17250, 100
2026/09/29 12:00:45.972, 0, 17250, 100
2026/09/29 12:00:45.973, 1, 17250, 100
2026/09/29 12:00:45.973, 2, 17250, 100
2026/09/29 12:00:45.973, 3, 17250, 100
2026/09/29 12:00:45.973, 4, 17250, 100
2026/09/29 12:00:45.973, 5, 17250, 100
2026/09/29 12:00:45.973, 6, 17250, 100
2026/09/29 12:00:45.973, 7, 17250, 100
2026/09/29 12:00:46.973, 0, 17250, 100
2026/09/29 12:00:46.973, 1, 17250, 100
2026/09/29 12:00:46.973, 2, 17250, 100
2026/09/29 12:00:46.973, 3, 17250, 100
2026/09/29 12:00:46.973, 4, 17250, 98
2026/09/29 12:00:46.973, 5, 17250, 100
2026/09/29 12:00:46.973, 6, 17250, 100
2026/09/29 12:00:46.973, 7, 17250, 98
2026/09/29 12:00:47.974, 0, 17250, 100
2026/09/29 12:00:47.974, 1, 17250, 99
2026/09/29 12:00:47.974, 2, 17250, 100
2026/09/29 12:00:47.974, 3, 17250, 100
2026/09/29 12:00:47.974, 4, 17250, 100
2026/09/29 12:00:47.974, 5, 17250, 100
2026/09/29 12:00:47.974, 6, 17250, 100
2026/09/29 12:00:47.974, 7, 17250, 100
2026/09/29 12:00:48.974, 0, 17250, 100
2026/09/29 12:00:48.974, 1, 17250, 100
2026/09/29 12:00:48.974, 2, 17250, 100
2026/09/29 12:00:48.974, 3, 17250, 100
2026/09/29 12:00:48.974, 4, 17250, 100
2026/09/29 12:00:48.974, 5, 17250, 100
2026/09/29 12:00:48.975, 6, 17250, 100
2026/09/29 12:00:48.975, 7, 17250, 100
2026/09/29 12:00:49.975, 0, 17250, 100
2026/09/29 12:00:49.975, 1, 17250, 100
2026/09/29 12:00:49.975, 2, 17250, 100
2026/09/29 12:00:49.975, 3, 17250, 100
2026/09/29 12:00:49.975, 4, 17250, 100
2026/09/29 12:00:49.975, 5, 17250, 100
2026/09/29 12:00:49.975, 6, 17250, 100
2026/09/29 12:00:49.975, 7, 17250, 100
2026/09/29 12:00:50.975, 0, 17250, 100
2026/09/29 12:00:50.975, 1, 17250, 100
2026/09/29 12:00:50.975, 2, 17250, 100
2026/09/29 12:00:50.976, 3, 17250, 100
2026/09/29 12:00:50.976, 4, 17250, 100
2026/09/29 12:00:50.976, 5, 17250, 100
2026/09/29 12:00:50.976, 6, 17250, 100
2026/09/29 12:00:50.976, 7, 17250, 100
2026/09/29 12:00:51.976, 0, 17250, 100
2026/09/29 12:00:51.976, 1, 17250, 100
2026/09/29 12:00:51.976, 2, 17250, 100
2026/09/29 12:00:51.976, 3, 17250, 100
2026/09/29 12:00:51.976, 4, 17250, 100
2026/09/29 12:00:51.976, 5, 17250, 100
2026/09/29 12:00:51.976, 6, 17250, 100
2026/09/29 12:00:51.976, 7, 17250, 96
2026/09/29 12:00:52.976, 0, 17250, 100
2026/09/29 12:00:52.977, 1, 17250, 100
2026/09/29 12:00:52.977, 2, 17250, 100
2026/09/29 12:00:52.977, 3, 17250, 100
2026/09/29 12:00:52.977, 4, 17250, 100
2026/09/29 12:00:52.977, 5, 17250, 100
2026/09/29 12:00:52.977, 6, 17250, 100
2026/09/29 12:00:52.977, 7, 17250, 100
2026/09/29 12:00:53.977, 0, 17250, 100
2026/09/29 12:00:53.977, 1, 17250, 100
2026/09/29 12:00:53.977, 2, 17250, 100
2026/09/29 12:00:53.977, 3, 17250, 100
2026/09/29 12:00:53.977, 4, 17250, 100
2026/09/29 12:00:53.977, 5, 17250, 100
2026/09/29 12:00:53.977, 6, 17250, 100
2026/09/29 12:00:53.977, 7, 17250, 100
2026/09/29 12:00:54.977, 0, 17250, 100
2026/09/29 12:00:54.978, 1, 17250, 100
2026/09/29 12:00:54.978, 2, 17250, 100
2026/09/29 12:00:54.978, 3, 17250, 100
2026/09/29 12:00:54.978, 4, 17250, 100
2026/09/29 12:00:54.978, 5, 17250, 100
2026/09/29 12:00:54.978, 6, 17250, 100
2026/09/29 12:00:54.978, 7, 17250, 100
2026/09/29 12:00:55.978, 0, 17250, 100
2026/09/29 12:00:55.978, 1, 17250, 100
2026/09/29 12:00:55.978, 2, 17250, 100
2026/09/29 12:00:55.978, 3, 17250, 100
2026/09/29 12:00:55.978, 4, 17250, 100
2026/09/29 12:00:55.978, 5, 17250, 100
2026/09/29 12:00:55.978, 6, 17250, 100
2026/09/29 12:00:55.979, 7, 17250, 100
2026/09/29 12:00:56.979, 0, 17250, 100
2026/09/29 12:00:56.979, 1, 17250, 100
2026/09/29 12:00:56.979, 2, 17250, 100
2026/09/29 12:00:56.979, 3, 17250, 100
2026/09/29 12:00:56.979, 4, 17250, 100
2026/09/29 12:00:56.979, 5, 17250, 100
2026/09/29 12:00:56.979, 6, 17250, 100
2026/09/29 12:00:56.979, 7, 17250, 100
2026/09/29 12:00:57.980, 0, 17250, 100
2026/09/29 12:00:57.980, 1, 17250, 100
2026/09/29 12:00:57.980, 2, 17250, 100
2026/09/29 12:00:57.980, 3, 17250, 100
2026/09/29 12:00:57.980, 4, 17250, 100
2026/09/29 12:00:57.980, 5, 17250, 100
2026/09/29 12:00:57.980, 6, 17250, 100
2026/09/29 12:00:57.980, 7, 17250, 100
2026/09/29 12:00:58.980, 0, 17250, 100
2026/09/29 12:00:58.980, 1, 17250, 100
2026/09/29 12:00:58.981, 2, 17250, 100
2026/09/29 12:00:58.981, 3, 17250, 100
2026/09/29 12:00:58.981, 4, 17250, 100
2026/09/29 12:00:58.981, 5, 17250, 100
2026/09/29 12:00:58.981, 6, 17250, 100
2026/09/29 12:00:58.981, 7, 17250, 99
2026/09/29 12:00:59.981, 0, 17250, 100
2026/09/29 12:00:59.981, 1, 17250, 100
2026/09/29 12:00:59.981, 2, 17250, 100
2026/09/29 12:00:59.981, 3, 17250, 100
2026/09/29 12:00:59.981, 4, 17250, 100
2026/09/29 12:00:59.981, 5, 17250, 100
2026/09/29 12:00:59.981, 6, 17250, 100
2026/09/29 12:00:59.981, 7, 17250, 100
2026/09/29 12:01:00.981, 0, 17250, 100
2026/09/29 12:01:00.982, 1, 17250, 100
2026/09/29 12:01:00.982, 2, 17250, 100
2026/09/29 12:01:00.982, 3, 17250, 100
2026/09/29 12:01:00.982, 4, 17250, 100
2026/09/29 12:01:00.982, 5, 17250, 100
2026/09/29 12:01:00.982, 6, 17250, 100
2026/09/29 12:01:00.982, 7, 17250, 100
2026/09/29 12:01:01.982, 0, 17250, 100
2026/09/29 12:01:01.982, 1, 17250, 100
2026/09/29 12:01:01.982, 2, 17250, 100
2026/09/29 12:01:01.982, 3, 17250, 100
2026/09/29 12:01:01.982, 4, 17250, 100
2026/09/29 12:01:01.982, 5, 17250, 100
2026/09/29 12:01:01.982, 6, 17250, 100
2026/09/29 12:01:01.982, 7, 17250, 100
2026/09/29 12:01:02.983, 0, 17250, 100
2026/09/29 12:01:02.983, 1, 17250, 100
2026/09/29 12:01:02.983, 2, 17250, 100
2026/09/29 12:01:02.983, 3, 17250, 100
2026/09/29 12:01:02.983, 4, 17250, 100
2026/09/29 12:01:02.983, 5, 17250, 98
2026/09/29 12:01:02.983, 6, 17250, 100
2026/09/29 12:01:02.983, 7, 17250, 100
2026/09/29 12:01:03.983, 0, 17250, 100
2026/09/29 12:01:03.983, 1, 17250, 100
2026/09/29 12:01:03.983, 2, 17250, 100
2026/09/29 12:01:03.983, 3, 17250, 100
2026/09/29 12:01:03.983, 4, 17250, 100
2026/09/29 12:01:03.983, 5, 17250, 100
2026/09/29 12:01:03.983, 6, 17250, 100
2026/09/29 12:01:03.983, 7, 17250, 100
2026/09/29 12:01:04.983, 0, 17250, 100
2026/09/29 12:01:04.984, 1, 17250, 100
2026/09/29 12:01:04.984, 2, 17250, 100
2026/09/29 12:01:04.984, 3, 17250, 100
2026/09/29 12:01:04.984, 4, 17250, 100
2026/09/29 12:01:04.984, 5, 17250, 100
2026/09/29 12:01:04.984, 6, 17250, 100
2026/09/29 12:01:04.984, 7, 17250, 100
2026/09/29 12:01:05.984, 0, 17250, 100
2026/09/29 12:01:05.984, 1, 17250, 100
2026/09/29 12:01:05.984, 2, 17250, 100
2026/09/29 12:01:05.984, 3, 17250, 100
2026/09/29 12:01:05.984, 4, 17250, 100
2026/09/29 12:01:05.984, 5, 17250, 100
2026/09/29 12:01:05.984, 6, 17250, 100
2026/09/29 12:01:05.984, 7, 17250, 100
2026/09/29 12:01:06.985, 0, 17250, 100
2026/09/29 12:01:06.985, 1, 17250, 100
2026/09/29 12:01:06.985, 2, 17250, 100
2026/09/29 12:01:06.985, 3, 17250, 100
2026/09/29 12:01:06.985, 4, 17250, 100
2026/09/29 12:01:06.985, 5, 17250, 100
2026/09/29 12:01:06.985, 6, 17250, 100
2026/09/29 12:01:06.985, 7, 17250, 100
2026/09/29 12:01:07.985, 0, 17250, 93
2026/09/29 12:01:07.985, 1, 17250, 95
2026/09/29 12:01:07.985, 2, 17250, 96
2026/09/29 12:01:07.985, 3, 17250, 96
2026/09/29 12:01:07.985, 4, 17250, 100
2026/09/29 12:01:07.986, 5, 17250, 97
2026/09/29 12:01:07.986, 6, 17250, 100
2026/09/29 12:01:07.986, 7, 17250, 100
2026/09/29 12:01:08.986, 0, 17250, 99
2026/09/29 12:01:08.986, 1, 17250, 100
2026/09/29 12:01:08.986, 2, 17250, 100
2026/09/29 12:01:08.986, 3, 17250, 100
2026/09/29 12:01:08.986, 4, 17250, 100
2026/09/29 12:01:08.986, 5, 17250, 100
2026/09/29 12:01:08.986, 6, 17250, 100
2026/09/29 12:01:08.986, 7, 17250, 100
2026/09/29 12:01:09.986, 0, 17250, 100
2026/09/29 12:01:09.987, 1, 17250, 100
2026/09/29 12:01:09.987, 2, 17250, 100
2026/09/29 12:01:09.987, 3, 17250, 100
2026/09/29 12:01:09.987, 4, 17250, 100
2026/09/29 12:01:09.987, 5, 17250, 100
2026/09/29 12:01:09.987, 6, 17250, 100
2026/09/29 12:01:09.987, 7, 17250, 100
2026/09/29 12:01:10.987, 0, 17250, 100
2026/09/29 12:01:10.987, 1, 17250, 100
2026/09/29 12:01:10.987, 2, 17250, 100
2026/09/29 12:01:10.987, 3, 17250, 100
2026/09/29 12:01:10.987, 4, 17250, 100
2026/09/29 12:01:10.987, 5, 17250, 100
2026/09/29 12:01:10.987, 6, 17250, 100
2026/09/29 12:01:10.987, 7, 17250, 100
2026/09/29 12:01:11.988, 0, 17250, 100
2026/09/29 12:01:11.988, 1, 17250, 100
2026/09/29 12:01:11.988, 2, 17250, 100
2026/09/29 12:01:11.988, 3, 17250, 100
2026/09/29 12:01:11.988, 4, 17250, 100
2026/09/29 12:01:11.988, 5, 17250, 100
2026/09/29 12:01:11.988, 6, 17250, 100
2026/09/29 12:01:11.988, 7, 17250, 100
2026/09/29 12:01:12.988, 0, 17250, 100
2026/09/29 12:01:12.989, 1, 17250, 100
2026/09/29 12:01:12.989, 2, 17250, 100
2026/09/29 12:01:12.989, 3, 17250, 97
2026/09/29 12:01:12.989, 4, 17250, 100
2026/09/29 12:01:12.989, 5, 17250, 100
2026/09/29 12:01:12.989, 6, 17250, 94
2026/09/29 12:01:12.989, 7, 17250, 100
2026/09/29 12:01:13.989, 0, 17250, 100
2026/09/29 12:01:13.989, 1, 17250, 100
2026/09/29 12:01:13.989, 2, 17250, 100
2026/09/29 12:01:13.989, 3, 17250, 100
2026/09/29 12:01:13.990, 4, 17250, 100
2026/09/29 12:01:13.990, 5, 17250, 100
2026/09/29 12:01:13.990, 6, 17250, 100
2026/09/29 12:01:13.990, 7, 17250, 100
2026/09/29 12:01:14.990, 0, 17250, 100
2026/09/29 12:01:14.990, 1, 17250, 100
2026/09/29 12:01:14.990, 2, 17250, 100
2026/09/29 12:01:14.990, 3, 17250, 100
2026/09/29 12:01:14.990, 4, 17250, 100
2026/09/29 12:01:14.990, 5, 17250, 100
2026/09/29 12:01:14.990, 6, 17250, 100
2026/09/29 12:01:14.990, 7, 17250, 100
2026/09/29 12:01:15.990, 0, 17250, 100
2026/09/29 12:01:15.990, 1, 17250, 100
2026/09/29 12:01:15.991, 2, 17250, 100
2026/09/29 12:01:15.991, 3, 17250, 100
2026/09/29 12:01:15.991, 4, 17250, 100
2026/09/29 12:01:15.991, 5, 17250, 100
2026/09/29 12:01:15.991, 6, 17250, 100
2026/09/29 12:01:15.991, 7, 17250, 100
2026/09/29 12:01:16.991, 0, 17250, 100
2026/09/29 12:01:16.991, 1, 17250, 100
2026/09/29 12:01:16.991, 2, 17250, 100
2026/09/29 12:01:16.991, 3, 17250, 100
2026/09/29 12:01:16.991, 4, 17250, 100
2026/09/29 12:01:16.991, 5, 17250, 100
2026/09/29 12:01:16.991, 6, 17250, 100
2026/09/29 12:01:16.991, 7, 17250, 100
2026/09/29 12:01:17.992, 0, 17250, 100
2026/09/29 12:01:17.992, 1, 17250, 100
2026/09/29 12:01:17.992, 2, 17250, 100
2026/09/29 12:01:17.992, 3, 17250, 100
2026/09/29 12:01:17.992, 4, 17250, 100
2026/09/29 12:01:17.992, 5, 17250, 100
2026/09/29 12:01:17.992, 6, 17250, 99
2026/09/29 12:01:17.992, 7, 17250, 100
2026/09/29 12:01:18.993, 0, 17250, 100
2026/09/29 12:01:18.993, 1, 17250, 100
2026/09/29 12:01:18.993, 2, 17250, 100
2026/09/29 12:01:18.993, 3, 17250, 100
2026/09/29 12:01:18.993, 4, 17250, 100
2026/09/29 12:01:18.993, 5, 17250, 100
2026/09/29 12:01:18.993, 6, 17250, 100
2026/09/29 12:01:18.993, 7, 17250, 100
2026/09/29 12:01:19.993, 0, 17250, 100
2026/09/29 12:01:19.994, 1, 17250, 100
2026/09/29 12:01:19.994, 2, 17250, 100
2026/09/29 12:01:19.994, 3, 17250, 100
2026/09/29 12:01:19.994, 4, 17250, 100
2026/09/29 12:01:19.994, 5, 17250, 100
2026/09/29 12:01:19.994, 6, 17250, 100
2026/09/29 12:01:19.994, 7, 17250, 100
2026/09/29 12:01:20.994, 0, 17250, 100
2026/09/29 12:01:20.994, 1, 17250, 100
2026/09/29 12:01:20.994, 2, 17250, 100
2026/09/29 12:01:20.994, 3, 17250, 100
2026/09/29 12:01:20.994, 4, 17250, 100
2026/09/29 12:01:20.994, 5, 17250, 100
2026/09/29 12:01:20.994, 6, 17250, 100
2026/09/29 12:01:20.994, 7, 17250, 100
2026/09/29 12:01:21.995, 0, 17250, 100
2026/09/29 12:01:21.995, 1, 17250, 100
2026/09/29 12:01:21.995, 2, 17250, 100
2026/09/29 12:01:21.995, 3, 17250, 100
2026/09/29 12:01:21.995, 4, 17250, 100
2026/09/29 12:01:21.995, 5, 17250, 100
2026/09/29 12:01:21.995, 6, 17250, 100
2026/09/29 12:01:21.995, 7, 17250, 100
2026/09/29 12:01:22.995, 0, 17250, 100
2026/09/29 12:01:22.995, 1, 17250, 99
2026/09/29 12:01:22.995, 2, 17250, 100
2026/09/29 12:01:22.995, 3, 17250, 100
2026/09/29 12:01:22.995, 4, 17250, 99
2026/09/29 12:01:22.995, 5, 17250, 100
2026/09/29 12:01:22.996, 6, 17250, 100
2026/09/29 12:01:22.996, 7, 17250, 100
2026/09/29 12:01:23.996, 0, 17250, 100
2026/09/29 12:01:23.996, 1, 17250, 100
2026/09/29 12:01:23.996, 2, 17250, 100
2026/09/29 12:01:23.996, 3, 17250, 100
2026/09/29 12:01:23.996, 4, 17250, 100
2026/09/29 12:01:23.996, 5, 17250, 100
2026/09/29 12:01:23.996, 6, 17250, 100
2026/09/29 12:01:23.996, 7, 17250, 100
2026/09/29 12:01:24.996, 0, 17250, 100
2026/09/29 12:01:24.996, 1, 17250, 100
2026/09/29 12:01:24.996, 2, 17250, 100
2026/09/29 12:01:24.997, 3, 17250, 100
2026/09/29 12:01:24.997, 4, 17250, 100
2026/09/29 12:01:24.997, 5, 17250, 100
2026/09/29 12:01:24.997, 6, 17250, 100
2026/09/29 12:01:24.997, 7, 17250, 100
2026/09/29 12:01:25.997, 0, 17250, 100
2026/09/29 12:01:25.997, 1, 17250, 100
2026/09/29 12:01:25.997, 2, 17250, 100
2026/09/29 12:01:25.997, 3, 17250, 100
2026/09/29 12:01:25.997, 4, 17250, 100
2026/09/29 12:01:25.997, 5, 17250, 100
2026/09/29 12:01:25.997, 6, 17250, 100
2026/09/29 12:01:25.997, 7, 17250, 100
2026/09/29 12:01:26.997, 0, 17250, 100
2026/09/29 12:01:26.998, 1, 17250, 100
2026/09/29 12:01:26.998, 2, 17250, 100
2026/09/29 12:01:26.998, 3, 17250, 100
2026/09/29 12:01:26.998, 4, 17250, 100
2026/09/29 12:01:26.998, 5, 17250, 100
2026/09/29 12:01:26.998, 6, 17250, 100
2026/09/29 12:01:26.998, 7, 17250, 100
2026/09/29 12:01:27.998, 0, 17250, 100
2026/09/29 12:01:27.998, 1, 17250, 100
2026/09/29 12:01:27.998, 2, 17250, 100
2026/09/29 12:01:27.998, 3, 17250, 100
2026/09/29 12:01:27.998, 4, 17250, 98
2026/09/29 12:01:27.998, 5, 17250, 100
2026/09/29 12:01:27.998, 6, 17250, 100
2026/09/29 12:01:27.998, 7, 17250, 97
2026/09/29 12:01:28.999, 0, 17250, 100
2026/09/29 12:01:28.999, 1, 17250, 100
2026/09/29 12:01:28.999, 2, 17250, 100
2026/09/29 12:01:28.999, 3, 17250, 100
2026/09/29 12:01:28.999, 4, 17250, 100
2026/09/29 12:01:28.999, 5, 17250, 100
2026/09/29 12:01:28.999, 6, 17250, 100
2026/09/29 12:01:28.999, 7, 17250, 100
2026/09/29 12:01:29.999, 0, 17250, 100
2026/09/29 12:01:29.999, 1, 17250, 100
2026/09/29 12:01:29.999, 2, 17250, 100
2026/09/29 12:01:29.999, 3, 17250, 100
2026/09/29 12:01:29.999, 4, 17250, 100
2026/09/29 12:01:29.999, 5, 17250, 100
2026/09/29 12:01:29.999, 6, 17250, 100
2026/09/29 12:01:30.000, 7, 17250, 100
2026/09/29 12:01:31.000, 0, 17250, 100
2026/09/29 12:01:31.000, 1, 17250, 100
2026/09/29 12:01:31.000, 2, 17250, 100
2026/09/29 12:01:31.000, 3, 17250, 100
2026/09/29 12:01:31.000, 4, 17250, 100
2026/09/29 12:01:31.000, 5, 17250, 100
2026/09/29 12:01:31.000, 6, 17250, 100
2026/09/29 12:01:31.000, 7, 17250, 100
2026/09/29 12:01:32.001, 0, 17250, 100
2026/09/29 12:01:32.001, 1, 17250, 100
2026/09/29 12:01:32.001, 2, 17250, 100
2026/09/29 12:01:32.001, 3, 17250, 100
2026/09/29 12:01:32.001, 4, 17250, 100
2026/09/29 12:01:32.001, 5, 17250, 100
2026/09/29 12:01:32.001, 6, 17250, 100
2026/09/29 12:01:32.001, 7, 17250, 100
2026/09/29 12:01:33.001, 0, 17250, 100
2026/09/29 12:01:33.001, 1, 17250, 100
2026/09/29 12:01:33.002, 2, 17250, 100
2026/09/29 12:01:33.002, 3, 17250, 100
2026/09/29 12:01:33.002, 4, 17250, 100
2026/09/29 12:01:33.002, 5, 17250, 100
2026/09/29 12:01:33.002, 6, 17250, 100
2026/09/29 12:01:33.002, 7, 17250, 100
2026/09/29 12:01:34.002, 0, 17250, 100
2026/09/29 12:01:34.002, 1, 17250, 100
2026/09/29 12:01:34.002, 2, 17250, 100
2026/09/29 12:01:34.002, 3, 17250, 100
2026/09/29 12:01:34.002, 4, 17250, 100
2026/09/29 12:01:34.002, 5, 17250, 100
2026/09/29 12:01:34.002, 6, 17250, 100
2026/09/29 12:01:34.003, 7, 17250, 100
2026/09/29 12:01:35.003, 0, 17250, 100
2026/09/29 12:01:35.003, 1, 17250, 100
2026/09/29 12:01:35.003, 2, 17250, 100
2026/09/29 12:01:35.003, 3, 17250, 100
2026/09/29 12:01:35.003, 4, 17250, 100
2026/09/29 12:01:35.003, 5, 17250, 100
2026/09/29 12:01:35.003, 6, 17250, 100
2026/09/29 12:01:35.003, 7, 17250, 100
2026/09/29 12:01:36.004, 0, 17250, 100
2026/09/29 12:01:36.004, 1, 17250, 100
2026/09/29 12:01:36.004, 2, 17250, 100
2026/09/29 12:01:36.004, 3, 17250, 100
2026/09/29 12:01:36.004, 4, 17250, 100
2026/09/29 12:01:36.004, 5, 17250, 100
2026/09/29 12:01:36.004, 6, 17250, 100
2026/09/29 12:01:36.004, 7, 17250, 100
2026/09/29 12:01:37.004, 0, 17250, 100
2026/09/29 12:01:37.004, 1, 17250, 100
2026/09/29 12:01:37.004, 2, 17250, 100
2026/09/29 12:01:37.004, 3, 17250, 100
2026/09/29 12:01:37.004, 4, 17250, 100
2026/09/29 12:01:37.005, 5, 17250, 100
2026/09/29 12:01:37.005, 6, 17250, 100
2026/09/29 12:01:37.005, 7, 17250, 100
2026/09/29 12:01:38.005, 0, 17250, 100
2026/09/29 12:01:38.005, 1, 17250, 100
2026/09/29 12:01:38.005, 2, 17250, 100
2026/09/29 12:01:38.005, 3, 17250, 100
2026/09/29 12:01:38.005, 4, 17250, 100
2026/09/29 12:01:38.005, 5, 17250, 100
2026/09/29 12:01:38.005, 6, 17250, 100
2026/09/29 12:01:38.005, 7, 17250, 100
2026/09/29 12:01:39.005, 0, 17250, 100
2026/09/29 12:01:39.006, 1, 17250, 100
2026/09/29 12:01:39.006, 2, 17250, 100
2026/09/29 12:01:39.006, 3, 17250, 100
2026/09/29 12:01:39.006, 4, 17250, 100
2026/09/29 12:01:39.006, 5, 17250, 100
2026/09/29 12:01:39.006, 6, 17250, 100
2026/09/29 12:01:39.006, 7, 17250, 100
2026/09/29 12:01:40.006, 0, 17250, 100
2026/09/29 12:01:40.006, 1, 17250, 100
2026/09/29 12:01:40.006, 2, 17250, 100
2026/09/29 12:01:40.006, 3, 17250, 100
2026/09/29 12:01:40.006, 4, 17250, 100
2026/09/29 12:01:40.007, 5, 17250, 100
2026/09/29 12:01:40.007, 6, 17250, 100
2026/09/29 12:01:40.007, 7, 17250, 100
2026/09/29 12:01:41.007, 0, 17250, 100
2026/09/29 12:01:41.007, 1, 17250, 100
2026/09/29 12:01:41.007, 2, 17250, 100
2026/09/29 12:01:41.007, 3, 17250, 100
2026/09/29 12:01:41.007, 4, 17250, 100
2026/09/29 12:01:41.007, 5, 17250, 100
2026/09/29 12:01:41.007, 6, 17250, 100
2026/09/29 12:01:41.007, 7, 17250, 100
2026/09/29 12:01:42.007, 0, 17250, 100
2026/09/29 12:01:42.008, 1, 17250, 100
2026/09/29 12:01:42.008, 2, 17250, 100
2026/09/29 12:01:42.008, 3, 17250, 100
2026/09/29 12:01:42.008, 4, 17250, 100
2026/09/29 12:01:42.008, 5, 17250, 100
2026/09/29 12:01:42.008, 6, 17250, 100
2026/09/29 12:01:42.008, 7, 17250, 100
2026/09/29 12:01:43.008, 0, 17250, 100
2026/09/29 12:01:43.008, 1, 17250, 100
2026/09/29 12:01:43.008, 2, 17250, 100
2026/09/29 12:01:43.008, 3, 17250, 100
2026/09/29 12:01:43.008, 4, 17250, 100
2026/09/29 12:01:43.008, 5, 17250, 100
2026/09/29 12:01:43.009, 6, 17250, 100
2026/09/29 12:01:43.009, 7, 17250, 100
2026/09/29 12:01:44.009, 0, 17250, 98
2026/09/29 12:01:44.009, 1, 17250, 96
2026/09/29 12:01:44.009, 2, 17250, 94
2026/09/29 12:01:44.009, 3, 17250, 100
2026/09/29 12:01:44.009, 4, 17250, 100
2026/09/29 12:01:44.009, 5, 17250, 94
2026/09/29 12:01:44.009, 6, 17250, 100
2026/09/29 12:01:44.009, 7, 17250, 100
2026/09/29 12:01:45.009, 0, 17250, 100
2026/09/29 12:01:45.010, 1, 17250, 100
2026/09/29 12:01:45.010, 2, 17250, 100
2026/09/29 12:01:45.010, 3, 17250, 100
2026/09/29 12:01:45.010, 4, 17250, 100
2026/09/29 12:01:45.010, 5, 17250, 100
2026/09/29 12:01:45.010, 6, 17250, 100
2026/09/29 12:01:45.010, 7, 17250, 100
2026/09/29 12:01:46.010, 0, 17250, 100
2026/09/29 12:01:46.010, 1, 17250, 100
2026/09/29 12:01:46.010, 2, 17250, 100
2026/09/29 12:01:46.010, 3, 17250, 100
2026/09/29 12:01:46.010, 4, 17250, 100
2026/09/29 12:01:46.010, 5, 17250, 100
2026/09/29 12:01:46.011, 6, 17250, 100
2026/09/29 12:01:46.011, 7, 17250, 100
2026/09/29 12:01:47.011, 0, 17250, 100
2026/09/29 12:01:47.011, 1, 17250, 100
2026/09/29 12:01:47.011, 2, 17250, 100
2026/09/29 12:01:47.011, 3, 17250, 100
2026/09/29 12:01:47.011, 4, 17250, 100
2026/09/29 12:01:47.011, 5, 17250, 100
2026/09/29 12:01:47.011, 6, 17250, 100
2026/09/29 12:01:47.011, 7, 17250, 100
2026/09/29 12:01:48.011, 0, 17250, 100
2026/09/29 12:01:48.012, 1, 17250, 100
2026/09/29 12:01:48.012, 2, 17250, 100
2026/09/29 12:01:48.012, 3, 17250, 100
2026/09/29 12:01:48.012, 4, 17250, 100
2026/09/29 12:01:48.012, 5, 17250, 100
2026/09/29 12:01:48.012, 6, 17250, 100
2026/09/29 12:01:48.012, 7, 17250, 100
2026/09/29 12:01:49.012, 0, 17250, 99
2026/09/29 12:01:49.012, 1, 17250, 100
2026/09/29 12:01:49.012, 2, 17250, 100
2026/09/29 12:01:49.012, 3, 17250, 95
2026/09/29 12:01:49.012, 4, 17250, 100
2026/09/29 12:01:49.012, 5, 17250, 100
2026/09/29 12:01:49.012, 6, 17250, 98
2026/09/29 12:01:49.012, 7, 17250, 100
2026/09/29 12:01:50.012, 0, 17250, 100
2026/09/29 12:01:50.013, 1, 17250, 100
2026/09/29 12:01:50.013, 2, 17250, 100
2026/09/29 12:01:50.013, 3, 17250, 100
2026/09/29 12:01:50.013, 4, 17250, 100
2026/09/29 12:01:50.013, 5, 17250, 100
2026/09/29 12:01:50.013, 6, 17250, 99
2026/09/29 12:01:50.013, 7, 17250, 100
2026/09/29 12:01:51.013, 0, 17250, 100
2026/09/29 12:01:51.013, 1, 17250, 100
2026/09/29 12:01:51.013, 2, 17250, 100
2026/09/29 12:01:51.013, 3, 17250, 100
2026/09/29 12:01:51.013, 4, 17250, 100
2026/09/29 12:01:51.013, 5, 17250, 100
2026/09/29 12:01:51.013, 6, 17250, 100
2026/09/29 12:01:51.013, 7, 17250, 100
2026/09/29 12:01:52.013, 0, 17250, 100
2026/09/29 12:01:52.013, 1, 17250, 100
2026/09/29 12:01:52.013, 2, 17250, 100
2026/09/29 12:01:52.013, 3, 17250, 100
2026/09/29 12:01:52.013, 4, 17250, 100
2026/09/29 12:01:52.013, 5, 17250, 100
2026/09/29 12:01:52.013, 6, 17250, 100
2026/09/29 12:01:52.014, 7, 17250, 100
2026/09/29 12:01:53.014, 0, 17250, 100
2026/09/29 12:01:53.014, 1, 17250, 100
2026/09/29 12:01:53.014, 2, 17250, 100
2026/09/29 12:01:53.014, 3, 17250, 100
2026/09/29 12:01:53.014, 4, 17250, 100
2026/09/29 12:01:53.014, 5, 17250, 100
2026/09/29 12:01:53.014, 6, 17250, 100
2026/09/29 12:01:53.014, 7, 17250, 100
2026/09/29 12:01:54.014, 0, 17250, 100
2026/09/29 12:01:54.014, 1, 17250, 100
2026/09/29 12:01:54.014, 2, 17250, 100
2026/09/29 12:01:54.014, 3, 17250, 100
2026/09/29 12:01:54.014, 4, 17250, 100
2026/09/29 12:01:54.014, 5, 17250, 100
2026/09/29 12:01:54.014, 6, 17250, 96
2026/09/29 12:01:54.014, 7, 17250, 100
2026/09/29 12:01:55.014, 0, 17250, 100
2026/09/29 12:01:55.015, 1, 17250, 100
2026/09/29 12:01:55.015, 2, 17250, 100
2026/09/29 12:01:55.015, 3, 17250, 100
2026/09/29 12:01:55.015, 4, 17250, 100
2026/09/29 12:01:55.015, 5, 17250, 100
2026/09/29 12:01:55.015, 6, 17250, 100
2026/09/29 12:01:55.015, 7, 17250, 100
2026/09/29 12:01:56.015, 0, 17250, 100
2026/09/29 12:01:56.015, 1, 17250, 100
2026/09/29 12:01:56.015, 2, 17250, 100
2026/09/29 12:01:56.015, 3, 17250, 100
2026/09/29 12:01:56.015, 4, 17250, 100
2026/09/29 12:01:56.015, 5, 17250, 100
2026/09/29 12:01:56.015, 6, 17250, 100
2026/09/29 12:01:56.015, 7, 17250, 100
2026/09/29 12:01:57.015, 0, 17250, 100
2026/09/29 12:01:57.015, 1, 17250, 100
2026/09/29 12:01:57.015, 2, 17250, 100
2026/09/29 12:01:57.015, 3, 17250, 100
2026/09/29 12:01:57.015, 4, 17250, 100
2026/09/29 12:01:57.015, 5, 17250, 100
2026/09/29 12:01:57.016, 6, 17250, 100
2026/09/29 12:01:57.016, 7, 17250, 100
2026/09/29 12:01:58.016, 0, 17250, 100
2026/09/29 12:01:58.016, 1, 17250, 100
2026/09/29 12:01:58.016, 2, 17250, 100
2026/09/29 12:01:58.016, 3, 17250, 100
2026/09/29 12:01:58.016, 4, 17250, 100
2026/09/29 12:01:58.016, 5, 17250, 100
2026/09/29 12:01:58.016, 6, 17250, 100
2026/09/29 12:01:58.016, 7, 17250, 100
2026/09/29 12:01:59.016, 0, 17250, 100
2026/09/29 12:01:59.016, 1, 17250, 100
2026/09/29 12:01:59.016, 2, 17250, 100
2026/09/29 12:01:59.016, 3, 17250, 100
2026/09/29 12:01:59.016, 4, 17250, 100
2026/09/29 12:01:59.016, 5, 17250, 100
2026/09/29 12:01:59.016, 6, 17250, 100
2026/09/29 12:01:59.016, 7, 17250, 100
2026/09/29 12:02:00.017, 0, 17250, 100
2026/09/29 12:02:00.017, 1, 17250, 100
2026/09/29 12:02:00.017, 2, 17250, 100
2026/09/29 12:02:00.017, 3, 17250, 100
2026/09/29 12:02:00.017, 4, 17250, 100
2026/09/29 12:02:00.017, 5, 17250, 100
2026/09/29 12:02:00.017, 6, 17250, 100
2026/09/29 12:02:00.017, 7, 17250, 100
2026/09/29 12:02:01.017, 0, 17250, 100
2026/09/29 12:02:01.017, 1, 17250, 100
2026/09/29 12:02:01.017, 2, 17250, 100
2026/09/29 12:02:01.017, 3, 17250, 100
2026/09/29 12:02:01.017, 4, 17250, 100
2026/09/29 12:02:01.017, 5, 17250, 100
2026/09/29 12:02:01.017, 6, 17250, 100
2026/09/29 12:02:01.017, 7, 17250, 100
2026/09/29 12:02:02.017, 0, 17250, 100
2026/09/29 12:02:02.017, 1, 17250, 100
2026/09/29 12:02:02.017, 2, 17250, 100
2026/09/29 12:02:02.017, 3, 17250, 100
2026/09/29 12:02:02.017, 4, 17250, 100
2026/09/29 12:02:02.017, 5, 17250, 100
2026/09/29 12:02:02.018, 6, 17250, 100
2026/09/29 12:02:02.018, 7, 17250, 100
2026/09/29 12:02:03.018, 0, 17250, 100
2026/09/29 12:02:03.018, 1, 17250, 100
2026/09/29 12:02:03.018, 2, 17250, 100
2026/09/29 12:02:03.018, 3, 17250, 100
2026/09/29 12:02:03.018, 4, 17250, 100
2026/09/29 12:02:03.018, 5, 17250, 100
2026/09/29 12:02:03.018, 6, 17250, 100
2026/09/29 12:02:03.018, 7, 17250, 100
2026/09/29 12:02:04.018, 0, 17250, 100
2026/09/29 12:02:04.018, 1, 17250, 100
2026/09/29 12:02:04.018, 2, 17250, 100
2026/09/29 12:02:04.018, 3, 17250, 100
2026/09/29 12:02:04.018, 4, 17250, 96
2026/09/29 12:02:04.018, 5, 17250, 100
2026/09/29 12:02:04.018, 6, 17250, 100
2026/09/29 12:02:04.018, 7, 17250, 99
2026/09/29 12:02:05.018, 0, 17250, 100
2026/09/29 12:02:05.018, 1, 17250, 100
2026/09/29 12:02:05.018, 2, 17250, 100
2026/09/29 12:02:05.018, 3, 17250, 100
2026/09/29 12:02:05.019, 4, 17250, 100
2026/09/29 12:02:05.019, 5, 17250, 100
2026/09/29 12:02:05.019, 6, 17250, 100
2026/09/29 12:02:05.019, 7, 17250, 100
2026/09/29 12:02:06.019, 0, 17250, 100
2026/09/29 12:02:06.019, 1, 17250, 100
2026/09/29 12:02:06.019, 2, 17250, 100
2026/09/29 12:02:06.019, 3, 17250, 100
2026/09/29 12:02:06.019, 4, 17250, 100
2026/09/29 12:02:06.019, 5, 17250, 100
2026/09/29 12:02:06.019, 6, 17250, 100
2026/09/29 12:02:06.019, 7, 17250, 100
2026/09/29 12:02:07.019, 0, 17250, 100
2026/09/29 12:02:07.019, 1, 17250, 100
2026/09/29 12:02:07.019, 2, 17250, 100
2026/09/29 12:02:07.019, 3, 17250, 100
2026/09/29 12:02:07.019, 4, 17250, 100
2026/09/29 12:02:07.019, 5, 17250, 100
2026/09/29 12:02:07.019, 6, 17250, 100
2026/09/29 12:02:07.019, 7, 17250, 100
2026/09/29 12:02:08.019, 0, 17250, 100
2026/09/29 12:02:08.019, 1, 17250, 100
2026/09/29 12:02:08.019, 2, 17250, 100
2026/09/29 12:02:08.019, 3, 17250, 100
2026/09/29 12:02:08.020, 4, 17250, 100
2026/09/29 12:02:08.020, 5, 17250, 100
2026/09/29 12:02:08.020, 6, 17250, 100
2026/09/29 12:02:08.020, 7, 17250, 100
2026/09/29 12:02:09.020, 0, 17250, 100
2026/09/29 12:02:09.020, 1, 17250, 100
2026/09/29 12:02:09.020, 2, 17250, 100
2026/09/29 12:02:09.020, 3, 17250, 100
2026/09/29 12:02:09.020, 4, 17250, 100
2026/09/29 12:02:09.020, 5, 17250, 100
2026/09/29 12:02:09.020, 6, 17250, 100
2026/09/29 12:02:09.020, 7, 17250, 99
2026/09/29 12:02:10.020, 0, 17250, 100
2026/09/29 12:02:10.020, 1, 17250, 100
2026/09/29 12:02:10.020, 2, 17250, 100
2026/09/29 12:02:10.020, 3, 17250, 100
2026/09/29 12:02:10.020, 4, 17250, 100
2026/09/29 12:02:10.020, 5, 17250, 100
2026/09/29 12:02:10.020, 6, 17250, 100
2026/09/29 12:02:10.020, 7, 17250, 100
2026/09/29 12:02:11.020, 0, 17250, 100
2026/09/29 12:02:11.020, 1, 17250, 100
2026/09/29 12:02:11.021, 2, 17250, 100
2026/09/29 12:02:11.021, 3, 17250, 100
2026/09/29 12:02:11.021, 4, 17250, 100
2026/09/29 12:02:11.021, 5, 17250, 100
2026/09/29 12:02:11.021, 6, 17250, 100
2026/09/29 12:02:11.021, 7, 17250, 100
2026/09/29 12:02:12.021, 0, 17250, 100
2026/09/29 12:02:12.021, 1, 17250, 100
2026/09/29 12:02:12.021, 2, 17250, 100
2026/09/29 12:02:12.021, 3, 17250, 100
2026/09/29 12:02:12.021, 4, 17250, 100
2026/09/29 12:02:12.021, 5, 17250, 100
2026/09/29 12:02:12.021, 6, 17250, 100
2026/09/29 12:02:12.021, 7, 17250, 100
2026/09/29 12:02:13.021, 0, 17250, 100
2026/09/29 12:02:13.021, 1, 17250, 100
2026/09/29 12:02:13.021, 2, 17250, 100
2026/09/29 12:02:13.021, 3, 17250, 100
2026/09/29 12:02:13.021, 4, 17250, 100
2026/09/29 12:02:13.021, 5, 17250, 100
2026/09/29 12:02:13.021, 6, 17250, 100
2026/09/29 12:02:13.021, 7, 17250, 100
2026/09/29 12:02:14.022, 0, 17250, 100
2026/09/29 12:02:14.022, 1, 17250, 100
2026/09/29 12:02:14.022, 2, 17250, 100
2026/09/29 12:02:14.022, 3, 17250, 100
2026/09/29 12:02:14.022, 4, 17250, 100
2026/09/29 12:02:14.022, 5, 17250, 100
2026/09/29 12:02:14.022, 6, 17250, 100
2026/09/29 12:02:14.022, 7, 17250, 100
2026/09/29 12:02:15.022, 0, 17250, 100
2026/09/29 12:02:15.022, 1, 17250, 100
2026/09/29 12:02:15.022, 2, 17250, 100
2026/09/29 12:02:15.022, 3, 17250, 100
2026/09/29 12:02:15.022, 4, 17250, 100
2026/09/29 12:02:15.022, 5, 17250, 100
2026/09/29 12:02:15.022, 6, 17250, 100
2026/09/29 12:02:15.022, 7, 17250, 100
2026/09/29 12:02:16.022, 0, 17250, 100
2026/09/29 12:02:16.022, 1, 17250, 100
2026/09/29 12:02:16.022, 2, 17250, 100
2026/09/29 12:02:16.022, 3, 17250, 100
2026/09/29 12:02:16.022, 4, 17250, 100
2026/09/29 12:02:16.022, 5, 17250, 100
2026/09/29 12:02:16.023, 6, 17250, 100
2026/09/29 12:02:16.023, 7, 17250, 100
2026/09/29 12:02:17.023, 0, 17250, 100
2026/09/29 12:02:17.023, 1, 17250, 100
2026/09/29 12:02:17.023, 2, 17250, 100
2026/09/29 12:02:17.023, 3, 17250, 100
2026/09/29 12:02:17.023, 4, 17250, 100
2026/09/29 12:02:17.023, 5, 17250, 100
2026/09/29 12:02:17.023, 6, 17250, 100
2026/09/29 12:02:17.023, 7, 17250, 100
2026/09/29 12:02:18.023, 0, 17250, 100
2026/09/29 12:02:18.023, 1, 17250, 100
2026/09/29 12:02:18.023, 2, 17250, 100
2026/09/29 12:02:18.023, 3, 17250, 100
2026/09/29 12:02:18.023, 4, 17250, 100
2026/09/29 12:02:18.023, 5, 17250, 100
2026/09/29 12:02:18.023, 6, 17250, 100
2026/09/29 12:02:18.023, 7, 17250, 100
2026/09/29 12:02:19.023, 0, 17250, 100
2026/09/29 12:02:19.023, 1, 17250, 100
2026/09/29 12:02:19.023, 2, 17250, 100
2026/09/29 12:02:19.023, 3, 17250, 100
2026/09/29 12:02:19.023, 4, 17250, 100
2026/09/29 12:02:19.024, 5, 17250, 100
2026/09/29 12:02:19.024, 6, 17250, 100
2026/09/29 12:02:19.024, 7, 17250, 100
2026/09/29 12:02:20.024, 0, 17250, 100
2026/09/29 12:02:20.024, 1, 17250, 100
2026/09/29 12:02:20.024, 2, 17250, 100
2026/09/29 12:02:20.024, 3, 17250, 100
2026/09/29 12:02:20.024, 4, 17250, 100
2026/09/29 12:02:20.024, 5, 17250, 100
2026/09/29 12:02:20.024, 6, 17250, 100
2026/09/29 12:02:20.024, 7, 17250, 100
2026/09/29 12:02:21.024, 0, 17250, 100
2026/09/29 12:02:21.024, 1, 17250, 100
2026/09/29 12:02:21.024, 2, 17250, 100
2026/09/29 12:02:21.024, 3, 17250, 100
2026/09/29 12:02:21.024, 4, 17250, 100
2026/09/29 12:02:21.024, 5, 17250, 100
2026/09/29 12:02:21.024, 6, 17250, 100
2026/09/29 12:02:21.024, 7, 17250, 100
2026/09/29 12:02:22.024, 0, 17250, 100
2026/09/29 12:02:22.024, 1, 17250, 100
2026/09/29 12:02:22.024, 2, 17250, 100
2026/09/29 12:02:22.025, 3, 17250, 100
2026/09/29 12:02:22.025, 4, 17250, 100
2026/09/29 12:02:22.025, 5, 17250, 100
2026/09/29 12:02:22.025, 6, 17250, 100
2026/09/29 12:02:22.025, 7, 17250, 100
2026/09/29 12:02:23.025, 0, 17250, 100
2026/09/29 12:02:23.025, 1, 17250, 100
2026/09/29 12:02:23.025, 2, 17250, 100
2026/09/29 12:02:23.025, 3, 17250, 100
2026/09/29 12:02:23.025, 4, 17250, 100
2026/09/29 12:02:23.025, 5, 17250, 100
2026/09/29 12:02:23.025, 6, 17250, 100
2026/09/29 12:02:23.025, 7, 17250, 100
2026/09/29 12:02:24.025, 0, 17250, 100
2026/09/29 12:02:24.025, 1, 17250, 100
2026/09/29 12:02:24.025, 2, 17250, 100
2026/09/29 12:02:24.025, 3, 17250, 100
2026/09/29 12:02:24.025, 4, 17250, 100
2026/09/29 12:02:24.025, 5, 17250, 100
2026/09/29 12:02:24.025, 6, 17250, 100
2026/09/29 12:02:24.025, 7, 17250, 100
2026/09/29 12:02:25.026, 0, 17250, 98
2026/09/29 12:02:25.026, 1, 17250, 96
2026/09/29 12:02:25.026, 2, 17250, 94
2026/09/29 12:02:25.026, 3, 17250, 100
2026/09/29 12:02:25.026, 4, 17250, 100
2026/09/29 12:02:25.026, 5, 17250, 95
2026/09/29 12:02:25.026, 6, 17250, 100
2026/09/29 12:02:25.026, 7, 17250, 100
2026/09/29 12:02:26.026, 0, 17250, 100
2026/09/29 12:02:26.026, 1, 17250, 100
2026/09/29 12:02:26.026, 2, 17250, 100
2026/09/29 12:02:26.026, 3, 17250, 100
2026/09/29 12:02:26.026, 4, 17250, 100
2026/09/29 12:02:26.026, 5, 17250, 100
2026/09/29 12:02:26.026, 6, 17250, 100
2026/09/29 12:02:26.026, 7, 17250, 100
2026/09/29 12:02:27.026, 0, 17250, 100
2026/09/29 12:02:27.026, 1, 17250, 100
2026/09/29 12:02:27.026, 2, 17250, 100
2026/09/29 12:02:27.027, 3, 17250, 100
2026/09/29 12:02:27.027, 4, 17250, 100
2026/09/29 12:02:27.027, 5, 17250, 100
2026/09/29 12:02:27.027, 6, 17250, 100
2026/09/29 12:02:27.027, 7, 17250, 100
2026/09/29 12:02:28.027, 0, 17250, 100
2026/09/29 12:02:28.027, 1, 17250, 100
2026/09/29 12:02:28.027, 2, 17250, 100
2026/09/29 12:02:28.027, 3, 17250, 100
2026/09/29 12:02:28.027, 4, 17250, 100
2026/09/29 12:02:28.027, 5, 17250, 100
2026/09/29 12:02:28.027, 6, 17250, 99
2026/09/29 12:02:28.027, 7, 17250, 100
2026/09/29 12:02:29.027, 0, 17250, 100
2026/09/29 12:02:29.027, 1, 17250, 100
2026/09/29 12:02:29.027, 2, 17250, 100
2026/09/29 12:02:29.027, 3, 17250, 100
2026/09/29 12:02:29.027, 4, 17250, 100
2026/09/29 12:02:29.027, 5, 17250, 100
2026/09/29 12:02:29.027, 6, 17250, 99
2026/09/29 12:02:29.027, 7, 17250, 100
2026/09/29 12:02:30.027, 0, 17250, 95
2026/09/29 12:02:30.028, 1, 17250, 100
2026/09/29 12:02:30.028, 2, 17250, 100
2026/09/29 12:02:30.028, 3, 17250, 95
2026/09/29 12:02:30.028, 4, 17250, 100
2026/09/29 12:02:30.028, 5, 17250, 100
2026/09/29 12:02:30.028, 6, 17250, 98
2026/09/29 12:02:30.028, 7, 17250, 100
2026/09/29 12:02:31.028, 0, 17250, 100
2026/09/29 12:02:31.028, 1, 17250, 100
2026/09/29 12:02:31.028, 2, 17250, 100
2026/09/29 12:02:31.028, 3, 17250, 100
2026/09/29 12:02:31.028, 4, 17250, 100
2026/09/29 12:02:31.028, 5, 17250, 100
2026/09/29 12:02:31.028, 6, 17250, 100
2026/09/29 12:02:31.028, 7, 17250, 100
2026/09/29 12:02:32.028, 0, 17250, 100
2026/09/29 12:02:32.028, 1, 17250, 100
2026/09/29 12:02:32.028, 2, 17250, 100
2026/09/29 12:02:32.028, 3, 17250, 100
2026/09/29 12:02:32.028, 4, 17250, 100
2026/09/29 12:02:32.029, 5, 17250, 100
2026/09/29 12:02:32.029, 6, 17250, 100
2026/09/29 12:02:32.029, 7, 17250, 100
2026/09/29 12:02:33.029, 0, 17250, 100
2026/09/29 12:02:33.029, 1, 17250, 100
2026/09/29 12:02:33.029, 2, 17250, 100
2026/09/29 12:02:33.029, 3, 17250, 100
2026/09/29 12:02:33.029, 4, 17250, 100
2026/09/29 12:02:33.029, 5, 17250, 100
2026/09/29 12:02:33.029, 6, 17250, 99
2026/09/29 12:02:33.029, 7, 17250, 100
2026/09/29 12:02:34.029, 0, 17250, 100
2026/09/29 12:02:34.029, 1, 17250, 100
2026/09/29 12:02:34.030, 2, 17250, 100
2026/09/29 12:02:34.030, 3, 17250, 100
2026/09/29 12:02:34.030, 4, 17250, 100
2026/09/29 12:02:34.030, 5, 17250, 100
2026/09/29 12:02:34.030, 6, 17250, 100
2026/09/29 12:02:34.030, 7, 17250, 100
2026/09/29 12:02:35.030, 0, 17250, 100
2026/09/29 12:02:35.030, 1, 17250, 100
2026/09/29 12:02:35.030, 2, 17250, 100
2026/09/29 12:02:35.030, 3, 17250, 100
2026/09/29 12:02:35.030, 4, 17250, 100
2026/09/29 12:02:35.030, 5, 17250, 100
2026/09/29 12:02:35.030, 6, 17250, 97
2026/09/29 12:02:35.030, 7, 17250, 100
2026/09/29 12:02:36.031, 0, 17250, 100
2026/09/29 12:02:36.031, 1, 17250, 100
2026/09/29 12:02:36.031, 2, 17250, 100
2026/09/29 12:02:36.031, 3, 17250, 100
2026/09/29 12:02:36.031, 4, 17250, 100
2026/09/29 12:02:36.031, 5, 17250, 100
2026/09/29 12:02:36.031, 6, 17250, 100
2026/09/29 12:02:36.031, 7, 17250, 100
2026/09/29 12:02:37.031, 0, 17250, 100
2026/09/29 12:02:37.031, 1, 17250, 100
2026/09/29 12:02:37.031, 2, 17250, 100
2026/09/29 12:02:37.032, 3, 17250, 100
2026/09/29 12:02:37.032, 4, 17250, 100
2026/09/29 12:02:37.032, 5, 17250, 100
2026/09/29 12:02:37.032, 6, 17250, 100
2026/09/29 12:02:37.032, 7, 17250, 100
2026/09/29 12:02:38.032, 0, 17250, 100
2026/09/29 12:02:38.032, 1, 17250, 100
2026/09/29 12:02:38.032, 2, 17250, 100
2026/09/29 12:02:38.032, 3, 17250, 100
2026/09/29 12:02:38.032, 4, 17250, 100
2026/09/29 12:02:38.032, 5, 17250, 100
2026/09/29 12:02:38.032, 6, 17250, 100
2026/09/29 12:02:38.032, 7, 17250, 100
2026/09/29 12:02:39.032, 0, 17250, 100
2026/09/29 12:02:39.032, 1, 17250, 100
2026/09/29 12:02:39.033, 2, 17250, 100
2026/09/29 12:02:39.033, 3, 17250, 100
2026/09/29 12:02:39.033, 4, 17250, 100
2026/09/29 12:02:39.033, 5, 17250, 100
2026/09/29 12:02:39.033, 6, 17250, 100
2026/09/29 12:02:39.033, 7, 17250, 100
2026/09/29 12:02:40.033, 0, 17250, 100
2026/09/29 12:02:40.033, 1, 17250, 100
2026/09/29 12:02:40.033, 2, 17250, 100
2026/09/29 12:02:40.033, 3, 17250, 100
2026/09/29 12:02:40.033, 4, 17250, 100
2026/09/29 12:02:40.033, 5, 17250, 100
2026/09/29 12:02:40.033, 6, 17250, 100
2026/09/29 12:02:40.034, 7, 17250, 100
2026/09/29 12:02:41.034, 0, 17250, 100
2026/09/29 12:02:41.034, 1, 17250, 100
2026/09/29 12:02:41.034, 2, 17250, 100
2026/09/29 12:02:41.034, 3, 17250, 100
2026/09/29 12:02:41.034, 4, 17250, 100
2026/09/29 12:02:41.034, 5, 17250, 100
2026/09/29 12:02:41.034, 6, 17250, 100
2026/09/29 12:02:41.034, 7, 17250, 100
2026/09/29 12:02:42.034, 0, 17250, 100
2026/09/29 12:02:42.034, 1, 17250, 100
2026/09/29 12:02:42.035, 2, 17250, 100
2026/09/29 12:02:42.035, 3, 17250, 100
2026/09/29 12:02:42.035, 4, 17250, 100
2026/09/29 12:02:42.035, 5, 17250, 100
2026/09/29 12:02:42.035, 6, 17250, 100
2026/09/29 12:02:42.035, 7, 17250, 100
2026/09/29 12:02:43.035, 0, 17250, 100
2026/09/29 12:02:43.035, 1, 17250, 100
2026/09/29 12:02:43.035, 2, 17250, 100
2026/09/29 12:02:43.035, 3, 17250, 100
2026/09/29 12:02:43.035, 4, 17250, 100
2026/09/29 12:02:43.035, 5, 17250, 100
2026/09/29 12:02:43.035, 6, 17250, 100
2026/09/29 12:02:43.035, 7, 17250, 100
2026/09/29 12:02:44.036, 0, 17250, 100
2026/09/29 12:02:44.036, 1, 17250, 100
2026/09/29 12:02:44.036, 2, 17250, 100
2026/09/29 12:02:44.036, 3, 17250, 100
2026/09/29 12:02:44.036, 4, 17250, 100
2026/09/29 12:02:44.036, 5, 17250, 100
2026/09/29 12:02:44.036, 6, 17250, 100
2026/09/29 12:02:44.036, 7, 17250, 100
2026/09/29 12:02:45.036, 0, 17250, 100
2026/09/29 12:02:45.036, 1, 17250, 100
2026/09/29 12:02:45.036, 2, 17250, 100
2026/09/29 12:02:45.036, 3, 17250, 100
2026/09/29 12:02:45.036, 4, 17250, 96
2026/09/29 12:02:45.037, 5, 17250, 100
2026/09/29 12:02:45.037, 6, 17250, 100
2026/09/29 12:02:45.037, 7, 17250, 100
2026/09/29 12:02:46.037, 0, 17250, 100
2026/09/29 12:02:46.037, 1, 17250, 100
2026/09/29 12:02:46.037, 2, 17250, 100
2026/09/29 12:02:46.037, 3, 17250, 100
2026/09/29 12:02:46.037, 4, 17250, 100
2026/09/29 12:02:46.037, 5, 17250, 100
2026/09/29 12:02:46.037, 6, 17250, 100
2026/09/29 12:02:46.037, 7, 17250, 100
2026/09/29 12:02:47.037, 0, 17250, 100
2026/09/29 12:02:47.038, 1, 17250, 100
2026/09/29 12:02:47.038, 2, 17250, 100
2026/09/29 12:02:47.038, 3, 17250, 100
2026/09/29 12:02:47.038, 4, 17250, 100
2026/09/29 12:02:47.038, 5, 17250, 100
2026/09/29 12:02:47.038, 6, 17250, 100
2026/09/29 12:02:47.038, 7, 17250, 100
2026/09/29 12:02:48.038, 0, 17250, 100
2026/09/29 12:02:48.038, 1, 17250, 100
2026/09/29 12:02:48.038, 2, 17250, 100
2026/09/29 12:02:48.038, 3, 17250, 100
2026/09/29 12:02:48.038, 4, 17250, 100
2026/09/29 12:02:48.038, 5, 17250, 100
2026/09/29 12:02:48.038, 6, 17250, 100
2026/09/29 12:02:48.039, 7, 17250, 100
2026/09/29 12:02:49.039, 0, 17250, 100
2026/09/29 12:02:49.039, 1, 17250, 100
2026/09/29 12:02:49.039, 2, 17250, 100
2026/09/29 12:02:49.039, 3, 17250, 100
2026/09/29 12:02:49.039, 4, 17250, 100
2026/09/29 12:02:49.039, 5, 17250, 100
2026/09/29 12:02:49.039, 6, 17250, 100
2026/09/29 12:02:49.039, 7, 17250, 100
2026/09/29 12:02:50.039, 0, 17250, 100
2026/09/29 12:02:50.039, 1, 17250, 100
2026/09/29 12:02:50.040, 2, 17250, 100
2026/09/29 12:02:50.040, 3, 17250, 100
2026/09/29 12:02:50.040, 4, 17250, 100
2026/09/29 12:02:50.040, 5, 17250, 100
2026/09/29 12:02:50.040, 6, 17250, 100
2026/09/29 12:02:50.040, 7, 17250, 98
2026/09/29 12:02:51.040, 0, 17250, 100
2026/09/29 12:02:51.040, 1, 17250, 100
2026/09/29 12:02:51.040, 2, 17250, 100
2026/09/29 12:02:51.040, 3, 17250, 100
2026/09/29 12:02:51.040, 4, 17250, 100
2026/09/29 12:02:51.040, 5, 17250, 100
2026/09/29 12:02:51.040, 6, 17250, 100
2026/09/29 12:02:51.041, 7, 17250, 100
2026/09/29 12:02:52.041, 0, 17250, 100
2026/09/29 12:02:52.041, 1, 17250, 100
2026/09/29 12:02:52.041, 2, 17250, 100
2026/09/29 12:02:52.041, 3, 17250, 100
2026/09/29 12:02:52.041, 4, 17250, 100
2026/09/29 12:02:52.041, 5, 17250, 100
2026/09/29 12:02:52.041, 6, 17250, 100
2026/09/29 12:02:52.041, 7, 17250, 100
2026/09/29 12:02:53.041, 0, 17250, 100
2026/09/29 12:02:53.041, 1, 17250, 100
2026/09/29 12:02:53.041, 2, 17250, 100
2026/09/29 12:02:53.041, 3, 17250, 100
2026/09/29 12:02:53.041, 4, 17250, 100
2026/09/29 12:02:53.042, 5, 17250, 100
2026/09/29 12:02:53.042, 6, 17250, 100
2026/09/29 12:02:53.042, 7, 17250, 100
2026/09/29 12:02:54.042, 0, 17250, 100
2026/09/29 12:02:54.042, 1, 17250, 100
2026/09/29 12:02:54.042, 2, 17250, 100
2026/09/29 12:02:54.042, 3, 17250, 100
2026/09/29 12:02:54.042, 4, 17250, 100
2026/09/29 12:02:54.042, 5, 17250, 100
2026/09/29 12:02:54.042, 6, 17250, 100
2026/09/29 12:02:54.042, 7, 17250, 100
2026/09/29 12:02:55.042, 0, 17250, 100
2026/09/29 12:02:55.043, 1, 17250, 100
2026/09/29 12:02:55.043, 2, 17250, 100
2026/09/29 12:02:55.043, 3, 17250, 100
2026/09/29 12:02:55.043, 4, 17250, 100
2026/09/29 12:02:55.043, 5, 17250, 100
2026/09/29 12:02:55.043, 6, 17250, 100
2026/09/29 12:02:55.043, 7, 17250, 100
2026/09/29 12:02:56.043, 0, 17250, 100
2026/09/29 12:02:56.043, 1, 17250, 100
2026/09/29 12:02:56.043, 2, 17250, 100
2026/09/29 12:02:56.043, 3, 17250, 100
2026/09/29 12:02:56.043, 4, 17250, 100
2026/09/29 12:02:56.043, 5, 17250, 100
2026/09/29 12:02:56.043, 6, 17250, 100
2026/09/29 12:02:56.044, 7, 17250, 100
2026/09/29 12:02:57.044, 0, 17250, 100
2026/09/29 12:02:57.044, 1, 17250, 100
2026/09/29 12:02:57.044, 2, 17250, 100
2026/09/29 12:02:57.044, 3, 17250, 100
2026/09/29 12:02:57.044, 4, 17250, 100
2026/09/29 12:02:57.044, 5, 17250, 100
2026/09/29 12:02:57.044, 6, 17250, 100
2026/09/29 12:02:57.044, 7, 17250, 100
2026/09/29 12:02:58.044, 0, 17250, 100
2026/09/29 12:02:58.044, 1, 17250, 100
2026/09/29 12:02:58.045, 2, 17250, 100
2026/09/29 12:02:58.045, 3, 17250, 100
2026/09/29 12:02:58.045, 4, 17250, 100
2026/09/29 12:02:58.045, 5, 17250, 100
2026/09/29 12:02:58.045, 6, 17250, 100
2026/09/29 12:02:58.045, 7, 17250, 100
2026/09/29 12:02:59.045, 0, 17250, 100
2026/09/29 12:02:59.045, 1, 17250, 100
2026/09/29 12:02:59.045, 2, 17250, 100
2026/09/29 12:02:59.045, 3, 17250, 100
2026/09/29 12:02:59.045, 4, 17250, 100
2026/09/29 12:02:59.045, 5, 17250, 100
2026/09/29 12:02:59.045, 6, 17250, 100
2026/09/29 12:02:59.045, 7, 17250, 100
2026/09/29 12:03:00.046, 0, 17254, 100
2026/09/29 12:03:00.046, 1, 17254, 100
2026/09/29 12:03:00.046, 2, 17254, 100
2026/09/29 12:03:00.046, 3, 17254, 100
2026/09/29 12:03:00.046, 4, 17254, 100
2026/09/29 12:03:00.046, 5, 17254, 100
2026/09/29 12:03:00.046, 6, 17254, 100
2026/09/29 12:03:00.046, 7, 17254, 100
2026/09/29 12:03:01.046, 0, 17254, 100
2026/09/29 12:03:01.047, 1, 17254, 87
2026/09/29 12:03:01.047, 2, 17254, 64
2026/09/29 12:03:01.047, 3, 17254, 100
2026/09/29 12:03:01.047, 4, 17254, 100
2026/09/29 12:03:01.047, 5, 17254, 72
2026/09/29 12:03:01.047, 6, 17254, 100
2026/09/29 12:03:01.047, 7, 17254, 58
2026/09/29 12:03:02.047, 0, 17254, 0
2026/09/29 12:03:02.047, 1, 17254, 0
2026/09/29 12:03:02.047, 2, 17254, 0
2026/09/29 12:03:02.047, 3, 17254, 100
2026/09/29 12:03:02.047, 4, 17254, 100
2026/09/29 12:03:02.047, 5, 17254, 39
2026/09/29 12:03:02.048, 6, 17254, 100
2026/09/29 12:03:02.048, 7, 17254, 0
2026/09/29 12:03:03.048, 0, 17254, 100
2026/09/29 12:03:03.048, 1, 17254, 100
2026/09/29 12:03:03.048, 2, 17254, 100
2026/09/29 12:03:03.048, 3, 17254, 100
2026/09/29 12:03:03.048, 4, 17254, 100
2026/09/29 12:03:03.048, 5, 17254, 100
2026/09/29 12:03:03.048, 6, 17254, 100
2026/09/29 12:03:03.048, 7, 17254, 100
2026/09/29 12:03:04.048, 0, 17254, 100
2026/09/29 12:03:04.049, 1, 17254, 100
2026/09/29 12:03:04.049, 2, 17254, 100
2026/09/29 12:03:04.049, 3, 17254, 100
2026/09/29 12:03:04.049, 4, 17254, 100
2026/09/29 12:03:04.049, 5, 17254, 100
2026/09/29 12:03:04.049, 6, 17254, 100
2026/09/29 12:03:04.049, 7, 17254, 100
2026/09/29 12:03:05.049, 0, 17254, 100
2026/09/29 12:03:05.049, 1, 17254, 99
2026/09/29 12:03:05.049, 2, 17254, 100
2026/09/29 12:03:05.049, 3, 17254, 100
2026/09/29 12:03:05.049, 4, 17254, 100
2026/09/29 12:03:05.050, 5, 17254, 100
2026/09/29 12:03:05.050, 6, 17254, 100
2026/09/29 12:03:05.050, 7, 17254, 100
2026/09/29 12:03:06.050, 0, 17254, 100
2026/09/29 12:03:06.050, 1, 17254, 100
2026/09/29 12:03:06.050, 2, 17254, 100
2026/09/29 12:03:06.050, 3, 17254, 100
2026/09/29 12:03:06.050, 4, 17254, 100
2026/09/29 12:03:06.050, 5, 17254, 100
2026/09/29 12:03:06.050, 6, 17254, 100
2026/09/29 12:03:06.050, 7, 17254, 100
2026/09/29 12:03:07.050, 0, 17254, 100
2026/09/29 12:03:07.051, 1, 17254, 100
2026/09/29 12:03:07.051, 2, 17254, 100
2026/09/29 12:03:07.051, 3, 17254, 100
2026/09/29 12:03:07.051, 4, 17254, 100
2026/09/29 12:03:07.051, 5, 17254, 100
2026/09/29 12:03:07.051, 6, 17254, 100
2026/09/29 12:03:07.051, 7, 17254, 100
2026/09/29 12:03:08.051, 0, 17254, 100
2026/09/29 12:03:08.051, 1, 17254, 100
2026/09/29 12:03:08.051, 2, 17254, 100
2026/09/29 12:03:08.051, 3, 17254, 100
2026/09/29 12:03:08.051, 4, 17254, 99
2026/09/29 12:03:08.052, 5, 17254, 100
2026/09/29 12:03:08.052, 6, 17254, 100
2026/09/29 12:03:08.052, 7, 17254, 100
2026/09/29 12:03:09.052, 0, 17254, 100
2026/09/29 12:03:09.052, 1, 17254, 100
2026/09/29 12:03:09.052, 2, 17254, 100
2026/09/29 12:03:09.052, 3, 17254, 100
2026/09/29 12:03:09.052, 4, 17254, 100
2026/09/29 12:03:09.052, 5, 17254, 100
2026/09/29 12:03:09.052, 6, 17254, 100
2026/09/29 12:03:09.052, 7, 17254, 100
2026/09/29 12:03:10.052, 0, 17254, 100
2026/09/29 12:03:10.053, 1, 17254, 100
2026/09/29 12:03:10.053, 2, 17254, 100
2026/09/29 12:03:10.053, 3, 17254, 100
2026/09/29 12:03:10.053, 4, 17254, 99
2026/09/29 12:03:10.053, 5, 17254, 100
2026/09/29 12:03:10.053, 6, 17254, 100
2026/09/29 12:03:10.053, 7, 17254, 100
2026/09/29 12:03:11.053, 0, 17254, 100
2026/09/29 12:03:11.053, 1, 17254, 98
2026/09/29 12:03:11.053, 2, 17254, 100
2026/09/29 12:03:11.053, 3, 17254, 100
2026/09/29 12:03:11.053, 4, 17254, 100
2026/09/29 12:03:11.053, 5, 17254, 100
2026/09/29 12:03:11.053, 6, 17254, 100
2026/09/29 12:03:11.054, 7, 17254, 100
2026/09/29 12:03:12.054, 0, 17254, 100
2026/09/29 12:03:12.054, 1, 17254, 100
2026/09/29 12:03:12.054, 2, 17254, 100
2026/09/29 12:03:12.054, 3, 17254, 100
2026/09/29 12:03:12.054, 4, 17254, 100
2026/09/29 12:03:12.054, 5, 17254, 100
2026/09/29 12:03:12.054, 6, 17254, 100
2026/09/29 12:03:12.054, 7, 17254, 100
2026/09/29 12:03:13.054, 0, 17254, 100
2026/09/29 12:03:13.055, 1, 17254, 100
2026/09/29 12:03:13.055, 2, 17254, 99
2026/09/29 12:03:13.055, 3, 17254, 100
2026/09/29 12:03:13.055, 4, 17254, 100
2026/09/29 12:03:13.055, 5, 17254, 100
2026/09/29 12:03:13.055, 6, 17254, 100
2026/09/29 12:03:13.055, 7, 17254, 99
2026/09/29 12:03:14.055, 0, 17254, 100
2026/09/29 12:03:14.055, 1, 17254, 100
2026/09/29 12:03:14.055, 2, 17254, 100
2026/09/29 12:03:14.055, 3, 17254, 100
2026/09/29 12:03:14.055, 4, 17254, 100
2026/09/29 12:03:14.055, 5, 17254, 100
2026/09/29 12:03:14.055, 6, 17254, 100
2026/09/29 12:03:14.056, 7, 17254, 100
2026/09/29 12:03:15.056, 0, 17254, 100
2026/09/29 12:03:15.056, 1, 17254, 100
2026/09/29 12:03:15.056, 2, 17254, 100
2026/09/29 12:03:15.056, 3, 17254, 100
2026/09/29 12:03:15.056, 4, 17254, 100
2026/09/29 12:03:15.056, 5, 17254, 100
2026/09/29 12:03:15.056, 6, 17254, 100
2026/09/29 12:03:15.056, 7, 17254, 100
2026/09/29 12:03:16.056, 0, 17254, 100
2026/09/29 12:03:16.056, 1, 17254, 100
2026/09/29 12:03:16.056, 2, 17254, 100
2026/09/29 12:03:16.057, 3, 17254, 100
2026/09/29 12:03:16.057, 4, 17254, 100
2026/09/29 12:03:16.057, 5, 17254, 100
2026/09/29 12:03:16.057, 6, 17254, 100
2026/09/29 12:03:16.057, 7, 17254, 100
2026/09/29 12:03:17.057, 0, 17254, 100
2026/09/29 12:03:17.057, 1, 17254, 100
2026/09/29 12:03:17.057, 2, 17254, 100
2026/09/29 12:03:17.057, 3, 17254, 100
2026/09/29 12:03:17.057, 4, 17254, 100
2026/09/29 12:03:17.057, 5, 17254, 100
2026/09/29 12:03:17.057, 6, 17254, 100
2026/09/29 12:03:17.057, 7, 17254, 100
2026/09/29 12:03:18.058, 0, 17434, 100
2026/09/29 12:03:18.058, 1, 17434, 100
2026/09/29 12:03:18.058, 2, 17434, 100
2026/09/29 12:03:18.058, 3, 17434, 100
2026/09/29 12:03:18.058, 4, 17434, 100
2026/09/29 12:03:18.058, 5, 17434, 100
2026/09/29 12:03:18.058, 6, 17434, 100
2026/09/29 12:03:18.058, 7, 17434, 100
2026/09/29 12:03:19.059, 0, 17434, 100
2026/09/29 12:03:19.059, 1, 17434, 100
2026/09/29 12:03:19.059, 2, 17434, 100
2026/09/29 12:03:19.059, 3, 17434, 100
2026/09/29 12:03:19.059, 4, 17434, 100
2026/09/29 12:03:19.059, 5, 17434, 100
2026/09/29 12:03:19.059, 6, 17434, 100
2026/09/29 12:03:19.059, 7, 17434, 100
2026/09/29 12:03:20.060, 0, 17434, 100
2026/09/29 12:03:20.060, 1, 17434, 100
2026/09/29 12:03:20.060, 2, 17434, 100
2026/09/29 12:03:20.060, 3, 17434, 100
2026/09/29 12:03:20.060, 4, 17434, 100
2026/09/29 12:03:20.060, 5, 17434, 100
2026/09/29 12:03:20.060, 6, 17434, 100
2026/09/29 12:03:20.060, 7, 17434, 100
2026/09/29 12:03:21.060, 0, 17434, 100
2026/09/29 12:03:21.060, 1, 17434, 100
2026/09/29 12:03:21.060, 2, 17434, 100
2026/09/29 12:03:21.060, 3, 17434, 100
2026/09/29 12:03:21.060, 4, 17434, 100
2026/09/29 12:03:21.060, 5, 17434, 100
2026/09/29 12:03:21.061, 6, 17434, 100
2026/09/29 12:03:21.061, 7, 17434, 100
2026/09/29 12:03:22.061, 0, 17434, 100
2026/09/29 12:03:22.061, 1, 17434, 100
2026/09/29 12:03:22.061, 2, 17434, 100
2026/09/29 12:03:22.061, 3, 17434, 100
2026/09/29 12:03:22.061, 4, 17434, 100
2026/09/29 12:03:22.061, 5, 17434, 100
2026/09/29 12:03:22.061, 6, 17434, 100
2026/09/29 12:03:22.061, 7, 17434, 100
2026/09/29 12:03:23.062, 0, 17434, 100
2026/09/29 12:03:23.062, 1, 17434, 100
2026/09/29 12:03:23.062, 2, 17434, 100
2026/09/29 12:03:23.062, 3, 17434, 100
2026/09/29 12:03:23.062, 4, 17434, 100
2026/09/29 12:03:23.062, 5, 17434, 100
2026/09/29 12:03:23.062, 6, 17434, 100
2026/09/29 12:03:23.062, 7, 17434, 100
2026/09/29 12:03:24.062, 0, 17434, 100
2026/09/29 12:03:24.062, 1, 17434, 100
2026/09/29 12:03:24.062, 2, 17434, 98
2026/09/29 12:03:24.062, 3, 17434, 100
2026/09/29 12:03:24.063, 4, 17434, 100
2026/09/29 12:03:24.063, 5, 17434, 98
2026/09/29 12:03:24.063, 6, 17434, 100
2026/09/29 12:03:24.063, 7, 17434, 100
2026/09/29 12:03:25.063, 0, 17434, 100
2026/09/29 12:03:25.063, 1, 17434, 100
2026/09/29 12:03:25.063, 2, 17434, 100
2026/09/29 12:03:25.063, 3, 17434, 100
2026/09/29 12:03:25.063, 4, 17434, 100
2026/09/29 12:03:25.063, 5, 17434, 100
2026/09/29 12:03:25.063, 6, 17434, 100
2026/09/29 12:03:25.063, 7, 17434, 100
2026/09/29 12:03:26.063, 0, 17434, 100
2026/09/29 12:03:26.063, 1, 17434, 100
2026/09/29 12:03:26.063, 2, 17434, 100
2026/09/29 12:03:26.064, 3, 17434, 100
2026/09/29 12:03:26.064, 4, 17434, 100
2026/09/29 12:03:26.064, 5, 17434, 100
2026/09/29 12:03:26.064, 6, 17434, 100
2026/09/29 12:03:26.064, 7, 17434, 100
2026/09/29 12:03:27.064, 0, 17434, 100
2026/09/29 12:03:27.064, 1, 17434, 100
2026/09/29 12:03:27.064, 2, 17434, 100
2026/09/29 12:03:27.064, 3, 17434, 100
2026/09/29 12:03:27.064, 4, 17434, 100
2026/09/29 12:03:27.064, 5, 17434, 100
2026/09/29 12:03:27.064, 6, 17434, 100
2026/09/29 12:03:27.064, 7, 17434, 100
2026/09/29 12:03:28.065, 0, 17434, 100
2026/09/29 12:03:28.065, 1, 17434, 100
2026/09/29 12:03:28.065, 2, 17434, 100
2026/09/29 12:03:28.065, 3, 17434, 100
2026/09/29 12:03:28.065, 4, 17434, 100
2026/09/29 12:03:28.065, 5, 17434, 100
2026/09/29 12:03:28.065, 6, 17434, 100
2026/09/29 12:03:28.065, 7, 17434, 100
2026/09/29 12:03:29.065, 0, 17434, 100
2026/09/29 12:03:29.065, 1, 17434, 96
2026/09/29 12:03:29.065, 2, 17434, 99
2026/09/29 12:03:29.065, 3, 17434, 98
2026/09/29 12:03:29.066, 4, 17434, 100
2026/09/29 12:03:29.066, 5, 17434, 100
2026/09/29 12:03:29.066, 6, 17434, 100
2026/09/29 12:03:29.066, 7, 17434, 100
2026/09/29 12:03:30.066, 0, 17434, 100
2026/09/29 12:03:30.066, 1, 17434, 100
2026/09/29 12:03:30.066, 2, 17434, 100
2026/09/29 12:03:30.066, 3, 17434, 100
2026/09/29 12:03:30.066, 4, 17434, 100
2026/09/29 12:03:30.066, 5, 17434, 100
2026/09/29 12:03:30.067, 6, 17434, 100
2026/09/29 12:03:30.067, 7, 17434, 100
2026/09/29 12:03:31.067, 0, 17434, 100
2026/09/29 12:03:31.067, 1, 17434, 100
2026/09/29 12:03:31.067, 2, 17434, 100
2026/09/29 12:03:31.067, 3, 17434, 100
2026/09/29 12:03:31.067, 4, 17434, 100
2026/09/29 12:03:31.067, 5, 17434, 100
2026/09/29 12:03:31.067, 6, 17434, 100
2026/09/29 12:03:31.067, 7, 17434, 100
2026/09/29 12:03:32.067, 0, 17434, 100
2026/09/29 12:03:32.068, 1, 17434, 99
2026/09/29 12:03:32.068, 2, 17434, 100
2026/09/29 12:03:32.068, 3, 17434, 100
2026/09/29 12:03:32.068, 4, 17434, 100
2026/09/29 12:03:32.068, 5, 17434, 100
2026/09/29 12:03:32.068, 6, 17434, 100
2026/09/29 12:03:32.068, 7, 17434, 100
2026/09/29 12:03:33.068, 0, 17434, 100
2026/09/29 12:03:33.068, 1, 17434, 100
2026/09/29 12:03:33.068, 2, 17434, 100
2026/09/29 12:03:33.068, 3, 17434, 100
2026/09/29 12:03:33.068, 4, 17434, 100
2026/09/29 12:03:33.069, 5, 17434, 100
2026/09/29 12:03:33.069, 6, 17434, 100
2026/09/29 12:03:33.069, 7, 17434, 100
2026/09/29 12:03:34.069, 0, 17434, 97
2026/09/29 12:03:34.069, 1, 17434, 100
2026/09/29 12:03:34.069, 2, 17434, 100
2026/09/29 12:03:34.069, 3, 17434, 100
2026/09/29 12:03:34.069, 4, 17434, 100
2026/09/29 12:03:34.069, 5, 17434, 100
2026/09/29 12:03:34.069, 6, 17434, 100
2026/09/29 12:03:34.069, 7, 17434, 100
2026/09/29 12:03:35.069, 0, 17434, 100
2026/09/29 12:03:35.070, 1, 17434, 100
2026/09/29 12:03:35.070, 2, 17434, 100
2026/09/29 12:03:35.070, 3, 17434, 100
2026/09/29 12:03:35.070, 4, 17434, 100
2026/09/29 12:03:35.070, 5, 17434, 100
2026/09/29 12:03:35.070, 6, 17434, 100
2026/09/29 12:03:35.070, 7, 17434, 100
2026/09/29 12:03:36.070, 0, 17434, 100
2026/09/29 12:03:36.070, 1, 17434, 100
2026/09/29 12:03:36.070, 2, 17434, 100
2026/09/29 12:03:36.070, 3, 17434, 100
2026/09/29 12:03:36.070, 4, 17434, 100
2026/09/29 12:03:36.071, 5, 17434, 100
2026/09/29 12:03:36.071, 6, 17434, 100
2026/09/29 12:03:36.071, 7, 17434, 100
2026/09/29 12:03:37.071, 0, 17434, 100
2026/09/29 12:03:37.071, 1, 17434, 100
2026/09/29 12:03:37.071, 2, 17434, 100
2026/09/29 12:03:37.071, 3, 17434, 100
2026/09/29 12:03:37.071, 4, 17434, 100
2026/09/29 12:03:37.071, 5, 17434, 100
2026/09/29 12:03:37.071, 6, 17434, 100
2026/09/29 12:03:37.071, 7, 17434, 100
2026/09/29 12:03:38.072, 0, 17434, 100
2026/09/29 12:03:38.072, 1, 17434, 100
2026/09/29 12:03:38.072, 2, 17434, 100
2026/09/29 12:03:38.072, 3, 17434, 100
2026/09/29 12:03:38.072, 4, 17434, 100
2026/09/29 12:03:38.072, 5, 17434, 100
2026/09/29 12:03:38.072, 6, 17434, 100
2026/09/29 12:03:38.072, 7, 17434, 100
2026/09/29 12:03:39.072, 0, 17434, 100
2026/09/29 12:03:39.072, 1, 17434, 100
2026/09/29 12:03:39.072, 2, 17434, 100
2026/09/29 12:03:39.072, 3, 17434, 100
2026/09/29 12:03:39.073, 4, 17434, 100
2026/09/29 12:03:39.073, 5, 17434, 100
2026/09/29 12:03:39.073, 6, 17434, 97
2026/09/29 12:03:39.073, 7, 17434, 100
2026/09/29 12:03:40.073, 0, 17434, 100
2026/09/29 12:03:40.073, 1, 17434, 100
2026/09/29 12:03:40.073, 2, 17434, 100
2026/09/29 12:03:40.073, 3, 17434, 100
2026/09/29 12:03:40.073, 4, 17434, 100
2026/09/29 12:03:40.073, 5, 17434, 100
2026/09/29 12:03:40.073, 6, 17434, 100
2026/09/29 12:03:40.074, 7, 17434, 100
2026/09/29 12:03:41.074, 0, 17434, 100
2026/09/29 12:03:41.074, 1, 17434, 100
2026/09/29 12:03:41.074, 2, 17434, 100
2026/09/29 12:03:41.074, 3, 17434, 100
2026/09/29 12:03:41.074, 4, 17434, 100
2026/09/29 12:03:41.074, 5, 17434, 100
2026/09/29 12:03:41.074, 6, 17434, 100
2026/09/29 12:03:41.074, 7, 17434, 100
2026/09/29 12:03:42.074, 0, 17434, 100
2026/09/29 12:03:42.075, 1, 17434, 100
2026/09/29 12:03:42.075, 2, 17434, 99
2026/09/29 12:03:42.075, 3, 17434, 100
2026/09/29 12:03:42.075, 4, 17434, 100
2026/09/29 12:03:42.075, 5, 17434, 100
2026/09/29 12:03:42.075, 6, 17434, 100
2026/09/29 12:03:42.075, 7, 17434, 100
2026/09/29 12:03:43.075, 0, 17434, 100
2026/09/29 12:03:43.075, 1, 17434, 100
2026/09/29 12:03:43.075, 2, 17434, 100
2026/09/29 12:03:43.075, 3, 17434, 100
2026/09/29 12:03:43.075, 4, 17434, 100
2026/09/29 12:03:43.076, 5, 17434, 100
2026/09/29 12:03:43.076, 6, 17434, 100
2026/09/29 12:03:43.076, 7, 17434, 100
2026/09/29 12:03:44.076, 0, 17434, 100
2026/09/29 12:03:44.076, 1, 17434, 100
2026/09/29 12:03:44.076, 2, 17434, 100
2026/09/29 12:03:44.076, 3, 17434, 100
2026/09/29 12:03:44.076, 4, 17434, 98
2026/09/29 12:03:44.076, 5, 17434, 100
2026/09/29 12:03:44.076, 6, 17434, 100
2026/09/29 12:03:44.076, 7, 17434, 100
2026/09/29 12:03:45.077, 0, 17434, 100
2026/09/29 12:03:45.077, 1, 17434, 100
2026/09/29 12:03:45.077, 2, 17434, 100
2026/09/29 12:03:45.077, 3, 17434, 100
2026/09/29 12:03:45.077, 4, 17434, 100
2026/09/29 12:03:45.077, 5, 17434, 100
2026/09/29 12:03:45.077, 6, 17434, 100
2026/09/29 12:03:45.077, 7, 17434, 100
2026/09/29 12:03:46.077, 0, 17434, 100
2026/09/29 12:03:46.077, 1, 17434, 100
2026/09/29 12:03:46.077, 2, 17434, 100
2026/09/29 12:03:46.078, 3, 17434, 100
2026/09/29 12:03:46.078, 4, 17434, 100
2026/09/29 12:03:46.078, 5, 17434, 100
2026/09/29 12:03:46.078, 6, 17434, 100
2026/09/29 12:03:46.078, 7, 17434, 100
2026/09/29 12:03:47.078, 0, 17434, 100
2026/09/29 12:03:47.078, 1, 17434, 100
2026/09/29 12:03:47.078, 2, 17434, 100
2026/09/29 12:03:47.078, 3, 17434, 100
2026/09/29 12:03:47.078, 4, 17434, 100
2026/09/29 12:03:47.078, 5, 17434, 100
2026/09/29 12:03:47.078, 6, 17434, 100
2026/09/29 12:03:47.078, 7, 17434, 100
2026/09/29 12:03:48.079, 0, 17434, 100
2026/09/29 12:03:48.079, 1, 17434, 100
2026/09/29 12:03:48.079, 2, 17434, 100
2026/09/29 12:03:48.079, 3, 17434, 100
2026/09/29 12:03:48.079, 4, 17434, 100
2026/09/29 12:03:48.079, 5, 17434, 100
2026/09/29 12:03:48.079, 6, 17434, 100
2026/09/29 12:03:48.079, 7, 17434, 100
2026/09/29 12:03:49.079, 0, 17434, 100
2026/09/29 12:03:49.079, 1, 17434, 100
2026/09/29 12:03:49.079, 2, 17434, 100
2026/09/29 12:03:49.079, 3, 17434, 100
2026/09/29 12:03:49.079, 4, 17434, 100
2026/09/29 12:03:49.080, 5, 17434, 100
2026/09/29 12:03:49.080, 6, 17434, 100
2026/09/29 12:03:49.080, 7, 17434, 98
2026/09/29 12:03:50.080, 0, 17434, 100
2026/09/29 12:03:50.080, 1, 17434, 100
2026/09/29 12:03:50.080, 2, 17434, 100
2026/09/29 12:03:50.080, 3, 17434, 100
2026/09/29 12:03:50.080, 4, 17434, 100
2026/09/29 12:03:50.080, 5, 17434, 100
2026/09/29 12:03:50.080, 6, 17434, 100
2026/09/29 12:03:50.080, 7, 17434, 100
2026/09/29 12:03:51.080, 0, 17434, 100
2026/09/29 12:03:51.080, 1, 17434, 100
2026/09/29 12:03:51.080, 2, 17434, 100
2026/09/29 12:03:51.080, 3, 17434, 100
2026/09/29 12:03:51.080, 4, 17434, 100
2026/09/29 12:03:51.080, 5, 17434, 100
2026/09/29 12:03:51.080, 6, 17434, 100
2026/09/29 12:03:51.080, 7, 17434, 100
2026/09/29 12:03:52.080, 0, 17434, 100
2026/09/29 12:03:52.080, 1, 17434, 100
2026/09/29 12:03:52.080, 2, 17434, 100
2026/09/29 12:03:52.081, 3, 17434, 100
2026/09/29 12:03:52.081, 4, 17434, 100
2026/09/29 12:03:52.081, 5, 17434, 100
2026/09/29 12:03:52.081, 6, 17434, 100
2026/09/29 12:03:52.081, 7, 17434, 100
2026/09/29 12:03:53.081, 0, 17434, 100
2026/09/29 12:03:53.081, 1, 17434, 100
2026/09/29 12:03:53.081, 2, 17434, 100
2026/09/29 12:03:53.081, 3, 17434, 100
2026/09/29 12:03:53.081, 4, 17434, 100
2026/09/29 12:03:53.081, 5, 17434, 100
2026/09/29 12:03:53.081, 6, 17434, 100
2026/09/29 12:03:53.081, 7, 17434, 100
2026/09/29 12:03:54.081, 0, 17434, 100
2026/09/29 12:03:54.081, 1, 17434, 100
2026/09/29 12:03:54.081, 2, 17434, 100
2026/09/29 12:03:54.081, 3, 17434, 100
2026/09/29 12:03:54.081, 4, 17434, 100
2026/09/29 12:03:54.081, 5, 17434, 100
2026/09/29 12:03:54.081, 6, 17434, 100
2026/09/29 12:03:54.081, 7, 17434, 100
2026/09/29 12:03:55.081, 0, 17434, 100
2026/09/29 12:03:55.082, 1, 17434, 100
2026/09/29 12:03:55.082, 2, 17434, 100
2026/09/29 12:03:55.082, 3, 17434, 100
2026/09/29 12:03:55.082, 4, 17434, 100
2026/09/29 12:03:55.082, 5, 17434, 100
2026/09/29 12:03:55.082, 6, 17434, 100
2026/09/29 12:03:55.082, 7, 17434, 100
2026/09/29 12:03:56.082, 0, 17434, 100
2026/09/29 12:03:56.082, 1, 17434, 100
2026/09/29 12:03:56.082, 2, 17434, 100
2026/09/29 12:03:56.082, 3, 17434, 100
2026/09/29 12:03:56.082, 4, 17434, 100
2026/09/29 12:03:56.082, 5, 17434, 100
2026/09/29 12:03:56.082, 6, 17434, 100
2026/09/29 12:03:56.082, 7, 17434, 100
2026/09/29 12:03:57.082, 0, 17434, 100
2026/09/29 12:03:57.082, 1, 17434, 100
2026/09/29 12:03:57.082, 2, 17434, 100
2026/09/29 12:03:57.082, 3, 17434, 100
2026/09/29 12:03:57.082, 4, 17434, 100
2026/09/29 12:03:57.082, 5, 17434, 100
2026/09/29 12:03:57.082, 6, 17434, 100
2026/09/29 12:03:57.083, 7, 17434, 100
2026/09/29 12:03:58.083, 0, 17434, 100
2026/09/29 12:03:58.083, 1, 17434, 100
2026/09/29 12:03:58.083, 2, 17434, 100
2026/09/29 12:03:58.083, 3, 17434, 100
2026/09/29 12:03:58.083, 4, 17434, 100
2026/09/29 12:03:58.083, 5, 17434, 100
2026/09/29 12:03:58.083, 6, 17434, 100
2026/09/29 12:03:58.083, 7, 17434, 100
2026/09/29 12:03:59.083, 0, 17434, 100
2026/09/29 12:03:59.083, 1, 17434, 100
2026/09/29 12:03:59.083, 2, 17434, 100
2026/09/29 12:03:59.083, 3, 17434, 100
2026/09/29 12:03:59.083, 4, 17434, 100
2026/09/29 12:03:59.083, 5, 17434, 100
2026/09/29 12:03:59.083, 6, 17434, 100
2026/09/29 12:03:59.083, 7, 17434, 100
2026/09/29 12:04:00.083, 0, 17434, 100
2026/09/29 12:04:00.083, 1, 17434, 100
2026/09/29 12:04:00.083, 2, 17434, 100
2026/09/29 12:04:00.083, 3, 17434, 100
2026/09/29 12:04:00.083, 4, 17434, 100
2026/09/29 12:04:00.084, 5, 17434, 100
2026/09/29 12:04:00.084, 6, 17434, 100
2026/09/29 12:04:00.084, 7, 17434, 100
2026/09/29 12:04:01.084, 0, 17434, 100
2026/09/29 12:04:01.084, 1, 17434, 100
2026/09/29 12:04:01.084, 2, 17434, 100
2026/09/29 12:04:01.084, 3, 17434, 100
2026/09/29 12:04:01.084, 4, 17434, 100
2026/09/29 12:04:01.084, 5, 17434, 100
2026/09/29 12:04:01.084, 6, 17434, 100
2026/09/29 12:04:01.084, 7, 17434, 100
2026/09/29 12:04:02.084, 0, 17434, 100
2026/09/29 12:04:02.084, 1, 17434, 100
2026/09/29 12:04:02.084, 2, 17434, 100
2026/09/29 12:04:02.084, 3, 17434, 100
2026/09/29 12:04:02.084, 4, 17434, 100
2026/09/29 12:04:02.084, 5, 17434, 100
2026/09/29 12:04:02.084, 6, 17434, 100
2026/09/29 12:04:02.084, 7, 17434, 100
2026/09/29 12:04:03.084, 0, 17434, 100
2026/09/29 12:04:03.084, 1, 17434, 100
2026/09/29 12:04:03.085, 2, 17434, 100
2026/09/29 12:04:03.085, 3, 17434, 100
2026/09/29 12:04:03.085, 4, 17434, 100
2026/09/29 12:04:03.085, 5, 17434, 100
2026/09/29 12:04:03.085, 6, 17434, 100
2026/09/29 12:04:03.085, 7, 17434, 100
2026/09/29 12:04:04.085, 0, 17434, 100
2026/09/29 12:04:04.085, 1, 17434, 100
2026/09/29 12:04:04.085, 2, 17434, 100
2026/09/29 12:04:04.085, 3, 17434, 100
2026/09/29 12:04:04.085, 4, 17434, 100
2026/09/29 12:04:04.085, 5, 17434, 100
2026/09/29 12:04:04.085, 6, 17434, 100
2026/09/29 12:04:04.085, 7, 17434, 100
2026/09/29 12:04:05.085, 0, 17434, 100
2026/09/29 12:04:05.085, 1, 17434, 100
2026/09/29 12:04:05.085, 2, 17434, 95
2026/09/29 12:04:05.085, 3, 17434, 100
2026/09/29 12:04:05.085, 4, 17434, 100
2026/09/29 12:04:05.085, 5, 17434, 96
2026/09/29 12:04:05.085, 6, 17434, 100
2026/09/29 12:04:05.085, 7, 17434, 100
2026/09/29 12:04:06.086, 0, 17434, 100
2026/09/29 12:04:06.086, 1, 17434, 100
2026/09/29 12:04:06.086, 2, 17434, 100
2026/09/29 12:04:06.086, 3, 17434, 100
2026/09/29 12:04:06.086, 4, 17434, 100
2026/09/29 12:04:06.086, 5, 17434, 100
2026/09/29 12:04:06.086, 6, 17434, 100
2026/09/29 12:04:06.086, 7, 17434, 100
2026/09/29 12:04:07.086, 0, 17434, 100
2026/09/29 12:04:07.086, 1, 17434, 100
2026/09/29 12:04:07.086, 2, 17434, 100
2026/09/29 12:04:07.086, 3, 17434, 100
2026/09/29 12:04:07.086, 4, 17434, 100
2026/09/29 12:04:07.086, 5, 17434, 100
2026/09/29 12:04:07.086, 6, 17434, 100
2026/09/29 12:04:07.086, 7, 17434, 100
2026/09/29 12:04:08.086, 0, 17434, 100
2026/09/29 12:04:08.086, 1, 17434, 100
2026/09/29 12:04:08.086, 2, 17434, 100
2026/09/29 12:04:08.086, 3, 17434, 100
2026/09/29 12:04:08.086, 4, 17434, 100
2026/09/29 12:04:08.087, 5, 17434, 100
2026/09/29 12:04:08.087, 6, 17434, 100
2026/09/29 12:04:08.087, 7, 17434, 100
2026/09/29 12:04:09.087, 0, 17434, 100
2026/09/29 12:04:09.087, 1, 17434, 100
2026/09/29 12:04:09.087, 2, 17434, 100
2026/09/29 12:04:09.087, 3, 17434, 100
2026/09/29 12:04:09.087, 4, 17434, 100
2026/09/29 12:04:09.087, 5, 17434, 100
2026/09/29 12:04:09.087, 6, 17434, 100
2026/09/29 12:04:09.087, 7, 17434, 100
2026/09/29 12:04:10.087, 0, 17434, 96
2026/09/29 12:04:10.087, 1, 17434, 95
2026/09/29 12:04:10.087, 2, 17434, 100
2026/09/29 12:04:10.087, 3, 17434, 96
2026/09/29 12:04:10.087, 4, 17434, 100
2026/09/29 12:04:10.087, 5, 17434, 100
2026/09/29 12:04:10.087, 6, 17434, 100
2026/09/29 12:04:10.087, 7, 17434, 100
2026/09/29 12:04:11.087, 0, 17434, 100
2026/09/29 12:04:11.087, 1, 17434, 100
2026/09/29 12:04:11.088, 2, 17434, 100
2026/09/29 12:04:11.088, 3, 17434, 100
2026/09/29 12:04:11.088, 4, 17434, 100
2026/09/29 12:04:11.088, 5, 17434, 100
2026/09/29 12:04:11.088, 6, 17434, 100
2026/09/29 12:04:11.088, 7, 17434, 100
2026/09/29 12:04:12.088, 0, 17434, 100
2026/09/29 12:04:12.088, 1, 17434, 100
2026/09/29 12:04:12.088, 2, 17434, 100
2026/09/29 12:04:12.088, 3, 17434, 100
2026/09/29 12:04:12.088, 4, 17434, 100
2026/09/29 12:04:12.088, 5, 17434, 100
2026/09/29 12:04:12.088, 6, 17434, 100
2026/09/29 12:04:12.088, 7, 17434, 100
2026/09/29 12:04:13.088, 0, 17434, 100
2026/09/29 12:04:13.088, 1, 17434, 100
2026/09/29 12:04:13.088, 2, 17434, 100
2026/09/29 12:04:13.088, 3, 17434, 100
2026/09/29 12:04:13.088, 4, 17434, 100
2026/09/29 12:04:13.088, 5, 17434, 100
2026/09/29 12:04:13.088, 6, 17434, 100
2026/09/29 12:04:13.088, 7, 17434, 100
2026/09/29 12:04:14.089, 0, 17434, 100
2026/09/29 12:04:14.089, 1, 17434, 100
2026/09/29 12:04:14.089, 2, 17434, 100
2026/09/29 12:04:14.089, 3, 17434, 100
2026/09/29 12:04:14.089, 4, 17434, 100
2026/09/29 12:04:14.089, 5, 17434, 100
2026/09/29 12:04:14.089, 6, 17434, 100
2026/09/29 12:04:14.089, 7, 17434, 100
2026/09/29 12:04:15.089, 0, 17434, 100
2026/09/29 12:04:15.089, 1, 17434, 100
2026/09/29 12:04:15.089, 2, 17434, 100
2026/09/29 12:04:15.089, 3, 17434, 100
2026/09/29 12:04:15.089, 4, 17434, 100
2026/09/29 12:04:15.089, 5, 17434, 100
2026/09/29 12:04:15.089, 6, 17434, 97
2026/09/29 12:04:15.089, 7, 17434, 100
2026/09/29 12:04:16.089, 0, 17434, 100
2026/09/29 12:04:16.089, 1, 17434, 100
2026/09/29 12:04:16.089, 2, 17434, 100
2026/09/29 12:04:16.089, 3, 17434, 100
2026/09/29 12:04:16.089, 4, 17434, 100
2026/09/29 12:04:16.089, 5, 17434, 100
2026/09/29 12:04:16.090, 6, 17434, 100
2026/09/29 12:04:16.090, 7, 17434, 100
2026/09/29 12:04:17.090, 0, 17434, 100
2026/09/29 12:04:17.090, 1, 17434, 100
2026/09/29 12:04:17.090, 2, 17434, 100
2026/09/29 12:04:17.090, 3, 17434, 100
2026/09/29 12:04:17.090, 4, 17434, 100
2026/09/29 12:04:17.090, 5, 17434, 100
2026/09/29 12:04:17.090, 6, 17434, 100
2026/09/29 12:04:17.090, 7, 17434, 100
2026/09/29 12:04:18.090, 0, 17434, 100
2026/09/29 12:04:18.090, 1, 17434, 100
2026/09/29 12:04:18.090, 2, 17434, 100
2026/09/29 12:04:18.090, 3, 17434, 100
2026/09/29 12:04:18.090, 4, 17434, 100
2026/09/29 12:04:18.090, 5, 17434, 100
2026/09/29 12:04:18.090, 6, 17434, 100
2026/09/29 12:04:18.090, 7, 17434, 100
2026/09/29 12:04:19.090, 0, 17434, 100
2026/09/29 12:04:19.090, 1, 17434, 100
2026/09/29 12:04:19.090, 2, 17434, 100
2026/09/29 12:04:19.090, 3, 17434, 100
2026/09/29 12:04:19.091, 4, 17434, 100
2026/09/29 12:04:19.091, 5, 17434, 100
2026/09/29 12:04:19.091, 6, 17434, 100
2026/09/29 12:04:19.091, 7, 17434, 100
2026/09/29 12:04:20.091, 0, 17434, 100
2026/09/29 12:04:20.091, 1, 17434, 100
2026/09/29 12:04:20.091, 2, 17434, 100
2026/09/29 12:04:20.091, 3, 17434, 100
2026/09/29 12:04:20.091, 4, 17434, 100
2026/09/29 12:04:20.091, 5, 17434, 100
2026/09/29 12:04:20.091, 6, 17434, 100
2026/09/29 12:04:20.091, 7, 17434, 100
2026/09/29 12:04:21.091, 0, 17434, 100
2026/09/29 12:04:21.091, 1, 17434, 100
2026/09/29 12:04:21.091, 2, 17434, 100
2026/09/29 12:04:21.091, 3, 17434, 100
2026/09/29 12:04:21.091, 4, 17434, 100
2026/09/29 12:04:21.091, 5, 17434, 100
2026/09/29 12:04:21.091, 6, 17434, 100
2026/09/29 12:04:21.091, 7, 17434, 100
2026/09/29 12:04:22.091, 0, 17434, 100
2026/09/29 12:04:22.091, 1, 17434, 100
2026/09/29 12:04:22.092, 2, 17434, 100
2026/09/29 12:04:22.092, 3, 17434, 100
2026/09/29 12:04:22.092, 4, 17434, 100
2026/09/29 12:04:22.092, 5, 17434, 100
2026/09/29 12:04:22.092, 6, 17434, 100
2026/09/29 12:04:22.092, 7, 17434, 100
2026/09/29 12:04:23.092, 0, 17434, 100
2026/09/29 12:04:23.092, 1, 17434, 100
2026/09/29 12:04:23.092, 2, 17434, 100
2026/09/29 12:04:23.092, 3, 17434, 100
2026/09/29 12:04:23.092, 4, 17434, 100
2026/09/29 12:04:23.092, 5, 17434, 100
2026/09/29 12:04:23.092, 6, 17434, 100
2026/09/29 12:04:23.092, 7, 17434, 100
2026/09/29 12:04:24.092, 0, 17434, 100
2026/09/29 12:04:24.092, 1, 17434, 100
2026/09/29 12:04:24.092, 2, 17434, 100
2026/09/29 12:04:24.092, 3, 17434, 100
2026/09/29 12:04:24.092, 4, 17434, 100
2026/09/29 12:04:24.092, 5, 17434, 100
2026/09/29 12:04:24.092, 6, 17434, 100
2026/09/29 12:04:24.092, 7, 17434, 100
2026/09/29 12:04:25.093, 0, 17434, 100
2026/09/29 12:04:25.093, 1, 17434, 100
2026/09/29 12:04:25.093, 2, 17434, 100
2026/09/29 12:04:25.093, 3, 17434, 100
2026/09/29 12:04:25.093, 4, 17434, 96
2026/09/29 12:04:25.093, 5, 17434, 100
2026/09/29 12:04:25.093, 6, 17434, 100
2026/09/29 12:04:25.093, 7, 17434, 100
2026/09/29 12:04:26.093, 0, 17434, 100
2026/09/29 12:04:26.093, 1, 17434, 100
2026/09/29 12:04:26.093, 2, 17434, 100
2026/09/29 12:04:26.093, 3, 17434, 100
2026/09/29 12:04:26.093, 4, 17434, 100
2026/09/29 12:04:26.093, 5, 17434, 100
2026/09/29 12:04:26.093, 6, 17434, 100
2026/09/29 12:04:26.093, 7, 17434, 100
2026/09/29 12:04:27.093, 0, 17434, 100
2026/09/29 12:04:27.093, 1, 17434, 100
2026/09/29 12:04:27.093, 2, 17434, 100
2026/09/29 12:04:27.094, 3, 17434, 100
2026/09/29 12:04:27.094, 4, 17434, 100
2026/09/29 12:04:27.094, 5, 17434, 100
2026/09/29 12:04:27.094, 6, 17434, 100
2026/09/29 12:04:27.094, 7, 17434, 100
2026/09/29 12:04:28.094, 0, 17434, 100
2026/09/29 12:04:28.094, 1, 17434, 100
2026/09/29 12:04:28.094, 2, 17434, 100
2026/09/29 12:04:28.094, 3, 17434, 100
2026/09/29 12:04:28.094, 4, 17434, 100
2026/09/29 12:04:28.094, 5, 17434, 100
2026/09/29 12:04:28.094, 6, 17434, 100
2026/09/29 12:04:28.094, 7, 17434, 100
2026/09/29 12:04:29.094, 0, 17434, 100
2026/09/29 12:04:29.094, 1, 17434, 100
2026/09/29 12:04:29.094, 2, 17434, 100
2026/09/29 12:04:29.094, 3, 17434, 100
2026/09/29 12:04:29.094, 4, 17434, 100
2026/09/29 12:04:29.094, 5, 17434, 100
2026/09/29 12:04:29.094, 6, 17434, 100
2026/09/29 12:04:29.094, 7, 17434, 100
2026/09/29 12:04:30.094, 0, 17434, 100
2026/09/29 12:04:30.095, 1, 17434, 100
2026/09/29 12:04:30.095, 2, 17434, 100
2026/09/29 12:04:30.095, 3, 17434, 100
2026/09/29 12:04:30.095, 4, 17434, 100
2026/09/29 12:04:30.095, 5, 17434, 100
2026/09/29 12:04:30.095, 6, 17434, 100
2026/09/29 12:04:30.095, 7, 17434, 98
2026/09/29 12:04:31.095, 0, 17434, 100
2026/09/29 12:04:31.095, 1, 17434, 100
2026/09/29 12:04:31.095, 2, 17434, 100
2026/09/29 12:04:31.095, 3, 17434, 100
2026/09/29 12:04:31.095, 4, 17434, 100
2026/09/29 12:04:31.095, 5, 17434, 100
2026/09/29 12:04:31.095, 6, 17434, 99
2026/09/29 12:04:31.095, 7, 17434, 100
2026/09/29 12:04:32.095, 0, 17434, 100
2026/09/29 12:04:32.095, 1, 17434, 100
2026/09/29 12:04:32.095, 2, 17434, 100
2026/09/29 12:04:32.095, 3, 17434, 100
2026/09/29 12:04:32.095, 4, 17434, 100
2026/09/29 12:04:32.095, 5, 17434, 100
2026/09/29 12:04:32.095, 6, 17434, 100
2026/09/29 12:04:32.095, 7, 17434, 100
2026/09/29 12:04:33.096, 0, 17434, 100
2026/09/29 12:04:33.096, 1, 17434, 100
2026/09/29 12:04:33.096, 2, 17434, 100
2026/09/29 12:04:33.096, 3, 17434, 100
2026/09/29 12:04:33.096, 4, 17434, 100
2026/09/29 12:04:33.096, 5, 17434, 100
2026/09/29 12:04:33.096, 6, 17434, 100
2026/09/29 12:04:33.096, 7, 17434, 100
2026/09/29 12:04:34.096, 0, 17434, 100
2026/09/29 12:04:34.096, 1, 17434, 100
2026/09/29 12:04:34.096, 2, 17434, 100
2026/09/29 12:04:34.096, 3, 17434, 100
2026/09/29 12:04:34.096, 4, 17434, 100
2026/09/29 12:04:34.096, 5, 17434, 100
2026/09/29 12:04:34.096, 6, 17434, 100
2026/09/29 12:04:34.096, 7, 17434, 100
2026/09/29 12:04:35.096, 0, 17434, 100
2026/09/29 12:04:35.096, 1, 17434, 100
2026/09/29 12:04:35.097, 2, 17434, 100
2026/09/29 12:04:35.097, 3, 17434, 100
2026/09/29 12:04:35.097, 4, 17434, 100
2026/09/29 12:04:35.097, 5, 17434, 100
2026/09/29 12:04:35.097, 6, 17434, 100
2026/09/29 12:04:35.097, 7, 17434, 100
2026/09/29 12:04:36.097, 0, 17434, 100
2026/09/29 12:04:36.097, 1, 17434, 100
2026/09/29 12:04:36.097, 2, 17434, 100
2026/09/29 12:04:36.097, 3, 17434, 100
2026/09/29 12:04:36.097, 4, 17434, 100
2026/09/29 12:04:36.097, 5, 17434, 100
2026/09/29 12:04:36.097, 6, 17434, 100
2026/09/29 12:04:36.097, 7, 17434, 100
2026/09/29 12:04:37.098, 0, 17434, 100
2026/09/29 12:04:37.098, 1, 17434, 100
2026/09/29 12:04:37.098, 2, 17434, 100
2026/09/29 12:04:37.098, 3, 17434, 100
2026/09/29 12:04:37.098, 4, 17434, 100
2026/09/29 12:04:37.098, 5, 17434, 100
2026/09/29 12:04:37.098, 6, 17434, 100
2026/09/29 12:04:37.098, 7, 17434, 100
2026/09/29 12:04:38.098, 0, 17434, 100
2026/09/29 12:04:38.099, 1, 17434, 100
2026/09/29 12:04:38.099, 2, 17434, 100
2026/09/29 12:04:38.099, 3, 17434, 100
2026/09/29 12:04:38.099, 4, 17434, 100
2026/09/29 12:04:38.099, 5, 17434, 100
2026/09/29 12:04:38.099, 6, 17434, 100
2026/09/29 12:04:38.099, 7, 17434, 100
2026/09/29 12:04:39.099, 0, 17434, 100
2026/09/29 12:04:39.099, 1, 17434, 100
2026/09/29 12:04:39.099, 2, 17434, 100
2026/09/29 12:04:39.099, 3, 17434, 100
2026/09/29 12:04:39.099, 4, 17434, 100
2026/09/29 12:04:39.099, 5, 17434, 100
2026/09/29 12:04:39.099, 6, 17434, 100
2026/09/29 12:04:39.100, 7, 17434, 100
2026/09/29 12:04:40.100, 0, 17434, 100
2026/09/29 12:04:40.100, 1, 17434, 100
2026/09/29 12:04:40.100, 2, 17434, 100
2026/09/29 12:04:40.100, 3, 17434, 100
2026/09/29 12:04:40.100, 4, 17434, 100
2026/09/29 12:04:40.100, 5, 17434, 100
2026/09/29 12:04:40.100, 6, 17434, 100
2026/09/29 12:04:40.100, 7, 17434, 100
2026/09/29 12:04:41.100, 0, 17434, 100
2026/09/29 12:04:41.101, 1, 17434, 100
2026/09/29 12:04:41.101, 2, 17434, 100
2026/09/29 12:04:41.101, 3, 17434, 100
2026/09/29 12:04:41.101, 4, 17434, 100
2026/09/29 12:04:41.101, 5, 17434, 98
2026/09/29 12:04:41.101, 6, 17434, 100
2026/09/29 12:04:41.101, 7, 17434, 100
2026/09/29 12:04:42.101, 0, 17434, 100
2026/09/29 12:04:42.101, 1, 17434, 100
2026/09/29 12:04:42.101, 2, 17434, 100
2026/09/29 12:04:42.101, 3, 17434, 100
2026/09/29 12:04:42.101, 4, 17434, 100
2026/09/29 12:04:42.101, 5, 17434, 100
2026/09/29 12:04:42.102, 6, 17434, 100
2026/09/29 12:04:42.102, 7, 17434, 100
2026/09/29 12:04:43.102, 0, 17434, 100
2026/09/29 12:04:43.102, 1, 17434, 100
2026/09/29 12:04:43.102, 2, 17434, 100
2026/09/29 12:04:43.102, 3, 17434, 100
2026/09/29 12:04:43.102, 4, 17434, 100
2026/09/29 12:04:43.102, 5, 17434, 100
2026/09/29 12:04:43.102, 6, 17434, 100
2026/09/29 12:04:43.102, 7, 17434, 100
2026/09/29 12:04:44.102, 0, 17434, 100
2026/09/29 12:04:44.103, 1, 17434, 100
2026/09/29 12:04:44.103, 2, 17434, 100
2026/09/29 12:04:44.103, 3, 17434, 100
2026/09/29 12:04:44.103, 4, 17434, 100
2026/09/29 12:04:44.103, 5, 17434, 100
2026/09/29 12:04:44.103, 6, 17434, 100
2026/09/29 12:04:44.103, 7, 17434, 100
2026/09/29 12:04:45.103, 0, 17434, 100
2026/09/29 12:04:45.103, 1, 17434, 100
2026/09/29 12:04:45.103, 2, 17434, 100
2026/09/29 12:04:45.103, 3, 17434, 100
2026/09/29 12:04:45.103, 4, 17434, 100
2026/09/29 12:04:45.103, 5, 17434, 100
2026/09/29 12:04:45.104, 6, 17434, 100
2026/09/29 12:04:45.104, 7, 17434, 100
2026/09/29 12:04:46.104, 0, 17434, 100
2026/09/29 12:04:46.104, 1, 17434, 100
2026/09/29 12:04:46.104, 2, 17434, 99
2026/09/29 12:04:46.104, 3, 17434, 98
2026/09/29 12:04:46.104, 4, 17434, 100
2026/09/29 12:04:46.104, 5, 17434, 97
2026/09/29 12:04:46.104, 6, 17434, 100
2026/09/29 12:04:46.104, 7, 17434, 100
2026/09/29 12:04:47.105, 0, 17434, 100
2026/09/29 12:04:47.105, 1, 17434, 100
2026/09/29 12:04:47.105, 2, 17434, 100
2026/09/29 12:04:47.105, 3, 17434, 100
2026/09/29 12:04:47.105, 4, 17434, 100
2026/09/29 12:04:47.105, 5, 17434, 100
2026/09/29 12:04:47.105, 6, 17434, 100
2026/09/29 12:04:47.105, 7, 17434, 100
2026/09/29 12:04:48.106, 0, 17434, 100
2026/09/29 12:04:48.106, 1, 17434, 100
2026/09/29 12:04:48.106, 2, 17434, 100
2026/09/29 12:04:48.106, 3, 17434, 100
2026/09/29 12:04:48.106, 4, 17434, 100
2026/09/29 12:04:48.106, 5, 17434, 100
2026/09/29 12:04:48.106, 6, 17434, 100
2026/09/29 12:04:48.106, 7, 17434, 100
2026/09/29 12:04:49.106, 0, 17434, 100
2026/09/29 12:04:49.107, 1, 17434, 100
2026/09/29 12:04:49.107, 2, 17434, 100
2026/09/29 12:04:49.107, 3, 17434, 100
2026/09/29 12:04:49.107, 4, 17434, 100
2026/09/29 12:04:49.107, 5, 17434, 100
2026/09/29 12:04:49.107, 6, 17434, 100
2026/09/29 12:04:49.107, 7, 17434, 100
2026/09/29 12:04:50.107, 0, 17434, 100
2026/09/29 12:04:50.107, 1, 17434, 100
2026/09/29 12:04:50.107, 2, 17434, 100
2026/09/29 12:04:50.107, 3, 17434, 100
2026/09/29 12:04:50.107, 4, 17434, 100
2026/09/29 12:04:50.108, 5, 17434, 100
2026/09/29 12:04:50.108, 6, 17434, 100
2026/09/29 12:04:50.108, 7, 17434, 100
2026/09/29 12:04:51.108, 0, 17434, 96
2026/09/29 12:04:51.108, 1, 17434, 97
2026/09/29 12:04:51.108, 2, 17434, 97
2026/09/29 12:04:51.108, 3, 17434, 97
2026/09/29 12:04:51.108, 4, 17434, 100
2026/09/29 12:04:51.108, 5, 17434, 100
2026/09/29 12:04:51.108, 6, 17434, 100
2026/09/29 12:04:51.108, 7, 17434, 100
2026/09/29 12:04:52.109, 0, 17434, 100
2026/09/29 12:04:52.109, 1, 17434, 100
2026/09/29 12:04:52.109, 2, 17434, 100
2026/09/29 12:04:52.109, 3, 17434, 100
2026/09/29 12:04:52.109, 4, 17434, 100
2026/09/29 12:04:52.109, 5, 17434, 100
2026/09/29 12:04:52.109, 6, 17434, 100
2026/09/29 12:04:52.109, 7, 17434, 100
2026/09/29 12:04:53.110, 0, 17434, 100
2026/09/29 12:04:53.110, 1, 17434, 100
2026/09/29 12:04:53.110, 2, 17434, 100
2026/09/29 12:04:53.110, 3, 17434, 100
2026/09/29 12:04:53.110, 4, 17434, 100
2026/09/29 12:04:53.110, 5, 17434, 100
2026/09/29 12:04:53.110, 6, 17434, 100
2026/09/29 12:04:53.110, 7, 17434, 100
2026/09/29 12:04:54.110, 0, 17434, 100
2026/09/29 12:04:54.110, 1, 17434, 100
2026/09/29 12:04:54.110, 2, 17434, 100
2026/09/29 12:04:54.111, 3, 17434, 100
2026/09/29 12:04:54.111, 4, 17434, 100
2026/09/29 12:04:54.111, 5, 17434, 100
2026/09/29 12:04:54.111, 6, 17434, 100
2026/09/29 12:04:54.111, 7, 17434, 100
2026/09/29 12:04:55.111, 0, 17434, 100
2026/09/29 12:04:55.111, 1, 17434, 100
2026/09/29 12:04:55.111, 2, 17434, 100
2026/09/29 12:04:55.111, 3, 17434, 100
2026/09/29 12:04:55.111, 4, 17434, 100
2026/09/29 12:04:55.111, 5, 17434, 100
2026/09/29 12:04:55.111, 6, 17434, 100
2026/09/29 12:04:55.111, 7, 17434, 100
2026/09/29 12:04:56.112, 0, 17434, 100
2026/09/29 12:04:56.112, 1, 17434, 100
2026/09/29 12:04:56.112, 2, 17434, 100
2026/09/29 12:04:56.112, 3, 17434, 100
2026/09/29 12:04:56.112, 4, 17434, 100
2026/09/29 12:04:56.112, 5, 17434, 100
2026/09/29 12:04:56.112, 6, 17434, 94
2026/09/29 12:04:56.112, 7, 17434, 100
2026/09/29 12:04:57.113, 0, 17434, 100
2026/09/29 12:04:57.113, 1, 17434, 100
2026/09/29 12:04:57.113, 2, 17434, 100
2026/09/29 12:04:57.113, 3, 17434, 100
2026/09/29 12:04:57.113, 4, 17434, 100
2026/09/29 12:04:57.113, 5, 17434, 100
2026/09/29 12:04:57.113, 6, 17434, 100
2026/09/29 12:04:57.113, 7, 17434, 100
2026/09/29 12:04:58.114, 0, 17434, 100
2026/09/29 12:04:58.114, 1, 17434, 100
2026/09/29 12:04:58.114, 2, 17434, 100
2026/09/29 12:04:58.114, 3, 17434, 100
2026/09/29 12:04:58.114, 4, 17434, 100
2026/09/29 12:04:58.114, 5, 17434, 100
2026/09/29 12:04:58.114, 6, 17434, 100
2026/09/29 12:04:58.114, 7, 17434, 100
2026/09/29 12:04:59.114, 0, 17434, 100
2026/09/29 12:04:59.115, 1, 17434, 100
2026/09/29 12:04:59.115, 2, 17434, 100
2026/09/29 12:04:59.115, 3, 17434, 100
2026/09/29 12:04:59.115, 4, 17434, 100
2026/09/29 12:04:59.115, 5, 17434, 100
2026/09/29 12:04:59.115, 6, 17434, 100
2026/09/29 12:04:59.115, 7, 17434, 100
2026/09/29 12:05:00.115, 0, 17434, 100
2026/09/29 12:05:00.115, 1, 17434, 100
2026/09/29 12:05:00.115, 2, 17434, 100
2026/09/29 12:05:00.115, 3, 17434, 100
2026/09/29 12:05:00.115, 4, 17434, 100
2026/09/29 12:05:00.115, 5, 17434, 100
2026/09/29 12:05:00.115, 6, 17434, 100
2026/09/29 12:05:00.115, 7, 17434, 100
2026/09/29 12:05:01.116, 0, 17434, 100
2026/09/29 12:05:01.116, 1, 17434, 100
2026/09/29 12:05:01.116, 2, 17434, 100
2026/09/29 12:05:01.116, 3, 17434, 100
2026/09/29 12:05:01.116, 4, 17434, 100
2026/09/29 12:05:01.116, 5, 17434, 100
2026/09/29 12:05:01.116, 6, 17434, 100
2026/09/29 12:05:01.116, 7, 17434, 100
2026/09/29 12:05:02.117, 0, 17434, 100
2026/09/29 12:05:02.117, 1, 17434, 100
2026/09/29 12:05:02.117, 2, 17434, 100
2026/09/29 12:05:02.117, 3, 17434, 100
2026/09/29 12:05:02.117, 4, 17434, 100
2026/09/29 12:05:02.117, 5, 17434, 100
2026/09/29 12:05:02.117, 6, 17434, 100
2026/09/29 12:05:02.117, 7, 17434, 100
2026/09/29 12:05:03.117, 0, 17434, 100
2026/09/29 12:05:03.117, 1, 17434, 100
2026/09/29 12:05:03.117, 2, 17434, 100
2026/09/29 12:05:03.117, 3, 17434, 100
2026/09/29 12:05:03.117, 4, 17434, 100
2026/09/29 12:05:03.118, 5, 17434, 100
2026/09/29 12:05:03.118, 6, 17434, 100
2026/09/29 12:05:03.118, 7, 17434, 100
2026/09/29 12:05:04.118, 0, 17434, 100
2026/09/29 12:05:04.118, 1, 17434, 100
2026/09/29 12:05:04.118, 2, 17434, 100
2026/09/29 12:05:04.118, 3, 17434, 100
2026/09/29 12:05:04.118, 4, 17434, 100
2026/09/29 12:05:04.118, 5, 17434, 100
2026/09/29 12:05:04.118, 6, 17434, 100
2026/09/29 12:05:04.118, 7, 17434, 100
2026/09/29 12:05:05.118, 0, 17434, 100
2026/09/29 12:05:05.119, 1, 17434, 100
2026/09/29 12:05:05.119, 2, 17434, 100
2026/09/29 12:05:05.119, 3, 17434, 100
2026/09/29 12:05:05.119, 4, 17434, 100
2026/09/29 12:05:05.119, 5, 17434, 100
2026/09/29 12:05:05.119, 6, 17434, 100
2026/09/29 12:05:05.119, 7, 17434, 100
2026/09/29 12:05:06.119, 0, 17434, 100
2026/09/29 12:05:06.119, 1, 17434, 100
2026/09/29 12:05:06.119, 2, 17434, 100
2026/09/29 12:05:06.119, 3, 17434, 100
2026/09/29 12:05:06.119, 4, 17434, 99
2026/09/29 12:05:06.120, 5, 17434, 100
2026/09/29 12:05:06.120, 6, 17434, 100
2026/09/29 12:05:06.120, 7, 17434, 100
2026/09/29 12:05:07.120, 0, 17434, 100
2026/09/29 12:05:07.120, 1, 17434, 100
2026/09/29 12:05:07.120, 2, 17434, 100
2026/09/29 12:05:07.120, 3, 17434, 100
2026/09/29 12:05:07.120, 4, 17434, 100
2026/09/29 12:05:07.120, 5, 17434, 100
2026/09/29 12:05:07.120, 6, 17434, 100
2026/09/29 12:05:07.120, 7, 17434, 100
2026/09/29 12:05:08.121, 0, 17434, 100
2026/09/29 12:05:08.121, 1, 17434, 100
2026/09/29 12:05:08.121, 2, 17434, 100
2026/09/29 12:05:08.121, 3, 17434, 100
2026/09/29 12:05:08.121, 4, 17434, 100
2026/09/29 12:05:08.121, 5, 17434, 100
2026/09/29 12:05:08.121, 6, 17434, 100
2026/09/29 12:05:08.121, 7, 17434, 100
2026/09/29 12:05:09.121, 0, 17434, 100
2026/09/29 12:05:09.121, 1, 17434, 100
2026/09/29 12:05:09.121, 2, 17434, 100
2026/09/29 12:05:09.122, 3, 17434, 100
2026/09/29 12:05:09.122, 4, 17434, 100
2026/09/29 12:05:09.122, 5, 17434, 100
2026/09/29 12:05:09.122, 6, 17434, 100
2026/09/29 12:05:09.122, 7, 17434, 100
2026/09/29 12:05:10.122, 0, 17434, 100
2026/09/29 12:05:10.122, 1, 17434, 100
2026/09/29 12:05:10.122, 2, 17434, 100
2026/09/29 12:05:10.122, 3, 17434, 100
2026/09/29 12:05:10.122, 4, 17434, 100
2026/09/29 12:05:10.122, 5, 17434, 100
2026/09/29 12:05:10.122, 6, 17434, 100
2026/09/29 12:05:10.122, 7, 17434, 100
2026/09/29 12:05:11.123, 0, 17434, 100
2026/09/29 12:05:11.123, 1, 17434, 100
2026/09/29 12:05:11.123, 2, 17434, 100
2026/09/29 12:05:11.123, 3, 17434, 100
2026/09/29 12:05:11.123, 4, 17434, 100
2026/09/29 12:05:11.123, 5, 17434, 100
2026/09/29 12:05:11.123, 6, 17434, 100
2026/09/29 12:05:11.123, 7, 17434, 97
2026/09/29 12:05:12.123, 0, 17434, 100
2026/09/29 12:05:12.123, 1, 17434, 100
2026/09/29 12:05:12.124, 2, 17434, 100
2026/09/29 12:05:12.124, 3, 17434, 100
2026/09/29 12:05:12.124, 4, 17434, 100
2026/09/29 12:05:12.124, 5, 17434, 100
2026/09/29 12:05:12.124, 6, 17434, 100
2026/09/29 12:05:12.124, 7, 17434, 100
2026/09/29 12:05:13.124, 0, 17434, 100
2026/09/29 12:05:13.124, 1, 17434, 100
2026/09/29 12:05:13.124, 2, 17434, 100
2026/09/29 12:05:13.124, 3, 17434, 100
2026/09/29 12:05:13.124, 4, 17434, 100
2026/09/29 12:05:13.124, 5, 17434, 100
2026/09/29 12:05:13.124, 6, 17434, 100
2026/09/29 12:05:13.124, 7, 17434, 100
2026/09/29 12:05:14.125, 0, 17434, 100
2026/09/29 12:05:14.125, 1, 17434, 100
2026/09/29 12:05:14.125, 2, 17434, 100
2026/09/29 12:05:14.125, 3, 17434, 100
2026/09/29 12:05:14.125, 4, 17434, 100
2026/09/29 12:05:14.125, 5, 17434, 100
2026/09/29 12:05:14.125, 6, 17434, 100
2026/09/29 12:05:14.125, 7, 17434, 100
2026/09/29 12:05:15.125, 0, 17434, 100
2026/09/29 12:05:15.125, 1, 17434, 100
2026/09/29 12:05:15.125, 2, 17434, 100
2026/09/29 12:05:15.125, 3, 17434, 100
2026/09/29 12:05:15.126, 4, 17434, 100
2026/09/29 12:05:15.126, 5, 17434, 100
2026/09/29 12:05:15.126, 6, 17434, 100
2026/09/29 12:05:15.126, 7, 17434, 100
2026/09/29 12:05:16.126, 0, 17434, 100
2026/09/29 12:05:16.126, 1, 17434, 100
2026/09/29 12:05:16.126, 2, 17434, 100
2026/09/29 12:05:16.126, 3, 17434, 100
2026/09/29 12:05:16.126, 4, 17434, 100
2026/09/29 12:05:16.126, 5, 17434, 100
2026/09/29 12:05:16.126, 6, 17434, 100
2026/09/29 12:05:16.126, 7, 17434, 100
2026/09/29 12:05:17.127, 0, 17434, 100
2026/09/29 12:05:17.127, 1, 17434, 100
2026/09/29 12:05:17.127, 2, 17434, 100
2026/09/29 12:05:17.127, 3, 17434, 100
2026/09/29 12:05:17.127, 4, 17434, 100
2026/09/29 12:05:17.127, 5, 17434, 100
2026/09/29 12:05:17.127, 6, 17434, 100
2026/09/29 12:05:17.127, 7, 17434, 100
2026/09/29 12:05:18.127, 0, 17434, 100
2026/09/29 12:05:18.127, 1, 17434, 100
2026/09/29 12:05:18.128, 2, 17434, 100
2026/09/29 12:05:18.128, 3, 17434, 100
2026/09/29 12:05:18.128, 4, 17434, 100
2026/09/29 12:05:18.128, 5, 17434, 100
2026/09/29 12:05:18.128, 6, 17434, 100
2026/09/29 12:05:18.128, 7, 17434, 100
2026/09/29 12:05:19.128, 0, 17434, 100
2026/09/29 12:05:19.128, 1, 17434, 100
2026/09/29 12:05:19.128, 2, 17434, 100
2026/09/29 12:05:19.128, 3, 17434, 100
2026/09/29 12:05:19.128, 4, 17434, 100
2026/09/29 12:05:19.128, 5, 17434, 100
2026/09/29 12:05:19.128, 6, 17434, 100
2026/09/29 12:05:19.128, 7, 17434, 100
2026/09/29 12:05:20.129, 0, 17434, 100
2026/09/29 12:05:20.129, 1, 17434, 100
2026/09/29 12:05:20.129, 2, 17434, 100
2026/09/29 12:05:20.129, 3, 17434, 100
2026/09/29 12:05:20.129, 4, 17434, 100
2026/09/29 12:05:20.129, 5, 17434, 100
2026/09/29 12:05:20.129, 6, 17434, 100
2026/09/29 12:05:20.129, 7, 17434, 100
2026/09/29 12:05:21.129, 0, 17434, 100
2026/09/29 12:05:21.129, 1, 17434, 100
2026/09/29 12:05:21.129, 2, 17434, 100
2026/09/29 12:05:21.130, 3, 17434, 100
2026/09/29 12:05:21.130, 4, 17434, 100
2026/09/29 12:05:21.130, 5, 17434, 100
2026/09/29 12:05:21.131, 6, 17434, 100
2026/09/29 12:05:21.131, 7, 17434, 100
2026/09/29 12:05:22.131, 0, 17434, 100
2026/09/29 12:05:22.131, 1, 17434, 100
2026/09/29 12:05:22.131, 2, 17434, 100
2026/09/29 12:05:22.131, 3, 17434, 100
2026/09/29 12:05:22.132, 4, 17434, 100
2026/09/29 12:05:22.132, 5, 17434, 100
2026/09/29 12:05:22.132, 6, 17434, 100
2026/09/29 12:05:22.132, 7, 17434, 100
2026/09/29 12:05:23.132, 0, 17434, 100
2026/09/29 12:05:23.132, 1, 17434, 100
2026/09/29 12:05:23.132, 2, 17434, 100
2026/09/29 12:05:23.132, 3, 17434, 100
2026/09/29 12:05:23.132, 4, 17434, 100
2026/09/29 12:05:23.132, 5, 17434, 100
2026/09/29 12:05:23.132, 6, 17434, 100
2026/09/29 12:05:23.132, 7, 17434, 100
2026/09/29 12:05:24.133, 0, 17434, 100
2026/09/29 12:05:24.133, 1, 17434, 100
2026/09/29 12:05:24.133, 2, 17434, 100
2026/09/29 12:05:24.133, 3, 17434, 100
2026/09/29 12:05:24.133, 4, 17434, 100
2026/09/29 12:05:24.133, 5, 17434, 100
2026/09/29 12:05:24.133, 6, 17434, 100
2026/09/29 12:05:24.133, 7, 17434, 100
2026/09/29 12:05:25.133, 0, 17434, 100
2026/09/29 12:05:25.133, 1, 17434, 100
2026/09/29 12:05:25.133, 2, 17434, 100
2026/09/29 12:05:25.133, 3, 17434, 100
2026/09/29 12:05:25.134, 4, 17434, 100
2026/09/29 12:05:25.134, 5, 17434, 100
2026/09/29 12:05:25.134, 6, 17434, 100
2026/09/29 12:05:25.134, 7, 17434, 100
2026/09/29 12:05:26.134, 0, 17434, 100
2026/09/29 12:05:26.134, 1, 17434, 100
2026/09/29 12:05:26.134, 2, 17434, 100
2026/09/29 12:05:26.134, 3, 17434, 100
2026/09/29 12:05:26.134, 4, 17434, 100
2026/09/29 12:05:26.134, 5, 17434, 100
2026/09/29 12:05:26.134, 6, 17434, 100
2026/09/29 12:05:26.134, 7, 17434, 100
2026/09/29 12:05:27.135, 0, 17434, 99
2026/09/29 12:05:27.135, 1, 17434, 96
2026/09/29 12:05:27.135, 2, 17434, 95
2026/09/29 12:05:27.135, 3, 17434, 96
2026/09/29 12:05:27.135, 4, 17434, 100
2026/09/29 12:05:27.135, 5, 17434, 96
2026/09/29 12:05:27.135, 6, 17434, 100
2026/09/29 12:05:27.135, 7, 17434, 100
2026/09/29 12:05:28.135, 0, 17434, 100
2026/09/29 12:05:28.136, 1, 17434, 100
2026/09/29 12:05:28.136, 2, 17434, 100
2026/09/29 12:05:28.136, 3, 17434, 100
2026/09/29 12:05:28.136, 4, 17434, 100
2026/09/29 12:05:28.136, 5, 17434, 100
2026/09/29 12:05:28.136, 6, 17434, 100
2026/09/29 12:05:28.136, 7, 17434, 100
2026/09/29 12:05:29.136, 0, 17434, 100
2026/09/29 12:05:29.136, 1, 17434, 100
2026/09/29 12:05:29.136, 2, 17434, 100
2026/09/29 12:05:29.136, 3, 17434, 100
2026/09/29 12:05:29.136, 4, 17434, 100
2026/09/29 12:05:29.137, 5, 17434, 100
2026/09/29 12:05:29.137, 6, 17434, 100
2026/09/29 12:05:29.137, 7, 17434, 100
2026/09/29 12:05:30.137, 0, 17434, 100
2026/09/29 12:05:30.137, 1, 17434, 100
2026/09/29 12:05:30.137, 2, 17434, 100
2026/09/29 12:05:30.137, 3, 17434, 100
2026/09/29 12:05:30.137, 4, 17434, 100
2026/09/29 12:05:30.137, 5, 17434, 100
2026/09/29 12:05:30.137, 6, 17434, 100
2026/09/29 12:05:30.137, 7, 17434, 100
2026/09/29 12:05:31.137, 0, 17434, 100
2026/09/29 12:05:31.138, 1, 17434, 100
2026/09/29 12:05:31.138, 2, 17434, 100
2026/09/29 12:05:31.138, 3, 17434, 100
2026/09/29 12:05:31.138, 4, 17434, 100
2026/09/29 12:05:31.138, 5, 17434, 100
2026/09/29 12:05:31.138, 6, 17434, 100
2026/09/29 12:05:31.138, 7, 17434, 100
2026/09/29 12:05:32.138, 0, 17434, 100
2026/09/29 12:05:32.138, 1, 17434, 99
2026/09/29 12:05:32.138, 2, 17434, 100
2026/09/29 12:05:32.139, 3, 17434, 100
2026/09/29 12:05:32.139, 4, 17434, 100
2026/09/29 12:05:32.139, 5, 17434, 100
2026/09/29 12:05:32.139, 6, 17434, 98
2026/09/29 12:05:32.139, 7, 17434, 100
2026/09/29 12:05:33.139, 0, 17434, 100
2026/09/29 12:05:33.139, 1, 17434, 100
2026/09/29 12:05:33.139, 2, 17434, 100
2026/09/29 12:05:33.139, 3, 17434, 100
2026/09/29 12:05:33.139, 4, 17434, 100
2026/09/29 12:05:33.139, 5, 17434, 100
2026/09/29 12:05:33.139, 6, 17434, 100
2026/09/29 12:05:33.139, 7, 17434, 100
2026/09/29 12:05:34.139, 0, 17434, 100
2026/09/29 12:05:34.140, 1, 17434, 100
2026/09/29 12:05:34.140, 2, 17434, 100
2026/09/29 12:05:34.140, 3, 17434, 100
2026/09/29 12:05:34.140, 4, 17434, 100
2026/09/29 12:05:34.140, 5, 17434, 100
2026/09/29 12:05:34.140, 6, 17434, 100
2026/09/29 12:05:34.140, 7, 17434, 100
2026/09/29 12:05:35.140, 0, 17434, 100
2026/09/29 12:05:35.140, 1, 17434, 100
2026/09/29 12:05:35.140, 2, 17434, 100
2026/09/29 12:05:35.140, 3, 17434, 100
2026/09/29 12:05:35.140, 4, 17434, 100
2026/09/29 12:05:35.141, 5, 17434, 100
2026/09/29 12:05:35.141, 6, 17434, 100
2026/09/29 12:05:35.141, 7, 17434, 100
2026/09/29 12:05:36.141, 0, 17434, 100
2026/09/29 12:05:36.141, 1, 17434, 100
2026/09/29 12:05:36.141, 2, 17434, 100
2026/09/29 12:05:36.141, 3, 17434, 100
2026/09/29 12:05:36.141, 4, 17434, 100
2026/09/29 12:05:36.141, 5, 17434, 100
2026/09/29 12:05:36.141, 6, 17434, 100
2026/09/29 12:05:36.141, 7, 17434, 100
2026/09/29 12:05:37.141, 0, 17434, 100
2026/09/29 12:05:37.142, 1, 17434, 100
2026/09/29 12:05:37.142, 2, 17434, 100
2026/09/29 12:05:37.142, 3, 17434, 100
2026/09/29 12:05:37.142, 4, 17434, 100
2026/09/29 12:05:37.142, 5, 17434, 100
2026/09/29 12:05:37.142, 6, 17434, 96
2026/09/29 12:05:37.142, 7, 17434, 100
2026/09/29 12:05:38.142, 0, 17434, 100
2026/09/29 12:05:38.142, 1, 17434, 100
2026/09/29 12:05:38.142, 2, 17434, 100
2026/09/29 12:05:38.142, 3, 17434, 100
2026/09/29 12:05:38.143, 4, 17434, 100
2026/09/29 12:05:38.143, 5, 17434, 100
2026/09/29 12:05:38.143, 6, 17434, 100
2026/09/29 12:05:38.143, 7, 17434, 100
2026/09/29 12:05:39.143, 0, 17434, 100
2026/09/29 12:05:39.143, 1, 17434, 100
2026/09/29 12:05:39.143, 2, 17434, 100
2026/09/29 12:05:39.143, 3, 17434, 100
2026/09/29 12:05:39.143, 4, 17434, 100
2026/09/29 12:05:39.143, 5, 17434, 100
2026/09/29 12:05:39.143, 6, 17434, 100
2026/09/29 12:05:39.143, 7, 17434, 100
2026/09/29 12:05:40.143, 0, 17434, 100
2026/09/29 12:05:40.144, 1, 17434, 100
2026/09/29 12:05:40.144, 2, 17434, 100
2026/09/29 12:05:40.144, 3, 17434, 100
2026/09/29 12:05:40.144, 4, 17434, 100
2026/09/29 12:05:40.144, 5, 17434, 100
2026/09/29 12:05:40.144, 6, 17434, 100
2026/09/29 12:05:40.144, 7, 17434, 100
2026/09/29 12:05:41.144, 0, 17434, 100
2026/09/29 12:05:41.144, 1, 17434, 100
2026/09/29 12:05:41.144, 2, 17434, 100
2026/09/29 12:05:41.144, 3, 17434, 100
2026/09/29 12:05:41.145, 4, 17434, 100
2026/09/29 12:05:41.145, 5, 17434, 100
2026/09/29 12:05:41.145, 6, 17434, 100
2026/09/29 12:05:41.145, 7, 17434, 100
2026/09/29 12:05:42.145, 0, 17434, 100
2026/09/29 12:05:42.145, 1, 17434, 100
2026/09/29 12:05:42.145, 2, 17434, 100
2026/09/29 12:05:42.145, 3, 17434, 100
2026/09/29 12:05:42.145, 4, 17434, 100
2026/09/29 12:05:42.145, 5, 17434, 100
2026/09/29 12:05:42.145, 6, 17434, 100
2026/09/29 12:05:42.145, 7, 17434, 100
2026/09/29 12:05:43.146, 0, 17434, 100
2026/09/29 12:05:43.146, 1, 17434, 100
2026/09/29 12:05:43.146, 2, 17434, 100
2026/09/29 12:05:43.146, 3, 17434, 100
2026/09/29 12:05:43.146, 4, 17434, 100
2026/09/29 12:05:43.146, 5, 17434, 100
2026/09/29 12:05:43.146, 6, 17434, 100
2026/09/29 12:05:43.146, 7, 17434, 100
2026/09/29 12:05:44.146, 0, 17434, 100
2026/09/29 12:05:44.146, 1, 17434, 100
2026/09/29 12:05:44.146, 2, 17434, 100
2026/09/29 12:05:44.146, 3, 17434, 100
2026/09/29 12:05:44.147, 4, 17434, 100
2026/09/29 12:05:44.147, 5, 17434, 100
2026/09/29 12:05:44.147, 6, 17434, 100
2026/09/29 12:05:44.147, 7, 17434, 100
2026/09/29 12:05:45.147, 0, 17434, 100
2026/09/29 12:05:45.147, 1, 17434, 100
2026/09/29 12:05:45.147, 2, 17434, 100
2026/09/29 12:05:45.147, 3, 17434, 100
2026/09/29 12:05:45.147, 4, 17434, 100
2026/09/29 12:05:45.147, 5, 17434, 100
2026/09/29 12:05:45.147, 6, 17434, 100
2026/09/29 12:05:45.147, 7, 17434, 100
2026/09/29 12:05:46.147, 0, 17434, 100
2026/09/29 12:05:46.148, 1, 17434, 100
2026/09/29 12:05:46.148, 2, 17434, 100
2026/09/29 12:05:46.148, 3, 17434, 100
2026/09/29 12:05:46.148, 4, 17434, 100
2026/09/29 12:05:46.148, 5, 17434, 100
2026/09/29 12:05:46.148, 6, 17434, 100
2026/09/29 12:05:46.148, 7, 17434, 100
2026/09/29 12:05:47.148, 0, 17434, 100
2026/09/29 12:05:47.148, 1, 17434, 100
2026/09/29 12:05:47.148, 2, 17434, 100
2026/09/29 12:05:47.148, 3, 17434, 100
2026/09/29 12:05:47.148, 4, 17434, 96
2026/09/29 12:05:47.148, 5, 17434, 100
2026/09/29 12:05:47.149, 6, 17434, 100
2026/09/29 12:05:47.149, 7, 17434, 98
2026/09/29 12:05:48.149, 0, 17434, 100
2026/09/29 12:05:48.149, 1, 17434, 100
2026/09/29 12:05:48.149, 2, 17434, 100
2026/09/29 12:05:48.149, 3, 17434, 100
2026/09/29 12:05:48.149, 4, 17434, 100
2026/09/29 12:05:48.149, 5, 17434, 100
2026/09/29 12:05:48.149, 6, 17434, 100
2026/09/29 12:05:48.149, 7, 17434, 100
2026/09/29 12:05:49.149, 0, 17434, 100
2026/09/29 12:05:49.149, 1, 17434, 100
2026/09/29 12:05:49.150, 2, 17434, 100
2026/09/29 12:05:49.150, 3, 17434, 100
2026/09/29 12:05:49.150, 4, 17434, 100
2026/09/29 12:05:49.150, 5, 17434, 100
2026/09/29 12:05:49.150, 6, 17434, 100
2026/09/29 12:05:49.150, 7, 17434, 100
2026/09/29 12:05:50.150, 0, 17434, 100
2026/09/29 12:05:50.150, 1, 17434, 100
2026/09/29 12:05:50.150, 2, 17434, 100
2026/09/29 12:05:50.150, 3, 17434, 100
2026/09/29 12:05:50.150, 4, 17434, 100
2026/09/29 12:05:50.150, 5, 17434, 100
2026/09/29 12:05:50.150, 6, 17434, 100
2026/09/29 12:05:50.151, 7, 17434, 100
2026/09/29 12:05:51.151, 0, 17434, 100
2026/09/29 12:05:51.151, 1, 17434, 100
2026/09/29 12:05:51.151, 2, 17434, 100
2026/09/29 12:05:51.151, 3, 17434, 100
2026/09/29 12:05:51.151, 4, 17434, 100
2026/09/29 12:05:51.151, 5, 17434, 100
2026/09/29 12:05:51.151, 6, 17434, 100
2026/09/29 12:05:51.151, 7, 17434, 100
2026/09/29 12:05:52.151, 0, 17434, 100
2026/09/29 12:05:52.152, 1, 17434, 100
2026/09/29 12:05:52.152, 2, 17434, 100
2026/09/29 12:05:52.152, 3, 17434, 100
2026/09/29 12:05:52.152, 4, 17434, 100
2026/09/29 12:05:52.152, 5, 17434, 100
2026/09/29 12:05:52.152, 6, 17434, 100
2026/09/29 12:05:52.152, 7, 17434, 100
2026/09/29 12:05:53.152, 0, 17434, 100
2026/09/29 12:05:53.152, 1, 17434, 100
2026/09/29 12:05:53.152, 2, 17434, 100
2026/09/29 12:05:53.152, 3, 17434, 100
2026/09/29 12:05:53.152, 4, 17434, 100
2026/09/29 12:05:53.152, 5, 17434, 100
2026/09/29 12:05:53.153, 6, 17434, 100
2026/09/29 12:05:53.153, 7, 17434, 100
2026/09/29 12:05:54.153, 0, 17434, 100
2026/09/29 12:05:54.153, 1, 17434, 100
2026/09/29 12:05:54.153, 2, 17434, 100
2026/09/29 12:05:54.153, 3, 17434, 100
2026/09/29 12:05:54.153, 4, 17434, 100
2026/09/29 12:05:54.153, 5, 17434, 100
2026/09/29 12:05:54.153, 6, 17434, 100
2026/09/29 12:05:54.153, 7, 17434, 100
2026/09/29 12:05:55.153, 0, 17434, 100
2026/09/29 12:05:55.154, 1, 17434, 100
2026/09/29 12:05:55.154, 2, 17434, 100
2026/09/29 12:05:55.154, 3, 17434, 100
2026/09/29 12:05:55.154, 4, 17434, 100
2026/09/29 12:05:55.154, 5, 17434, 100
2026/09/29 12:05:55.154, 6, 17434, 100
2026/09/29 12:05:55.154, 7, 17434, 100
2026/09/29 12:05:56.154, 0, 17434, 100
2026/09/29 12:05:56.154, 1, 17434, 100
2026/09/29 12:05:56.154, 2, 17434, 100
2026/09/29 12:05:56.154, 3, 17434, 100
2026/09/29 12:05:56.154, 4, 17434, 100
2026/09/29 12:05:56.155, 5, 17434, 100
2026/09/29 12:05:56.155, 6, 17434, 100
2026/09/29 12:05:56.155, 7, 17434, 100
2026/09/29 12:05:57.155, 0, 17434, 100
2026/09/29 12:05:57.155, 1, 17434, 100
2026/09/29 12:05:57.155, 2, 17434, 100
2026/09/29 12:05:57.155, 3, 17434, 100
2026/09/29 12:05:57.155, 4, 17434, 100
2026/09/29 12:05:57.155, 5, 17434, 100
2026/09/29 12:05:57.155, 6, 17434, 100
2026/09/29 12:05:57.155, 7, 17434, 100
2026/09/29 12:05:58.156, 0, 17434, 100
2026/09/29 12:05:58.156, 1, 17434, 100
2026/09/29 12:05:58.156, 2, 17434, 100
2026/09/29 12:05:58.156, 3, 17434, 100
2026/09/29 12:05:58.156, 4, 17434, 100
2026/09/29 12:05:58.156, 5, 17434, 100
2026/09/29 12:05:58.156, 6, 17434, 100
2026/09/29 12:05:58.156, 7, 17434, 100
2026/09/29 12:05:59.156, 0, 17434, 100
2026/09/29 12:05:59.156, 1, 17434, 100
2026/09/29 12:05:59.156, 2, 17434, 100
2026/09/29 12:05:59.157, 3, 17434, 100
2026/09/29 12:05:59.157, 4, 17434, 100
2026/09/29 12:05:59.157, 5, 17434, 100
2026/09/29 12:05:59.157, 6, 17434, 100
2026/09/29 12:05:59.157, 7, 17434, 100
2026/09/29 12:06:00.157, 0, 17434, 100
2026/09/29 12:06:00.157, 1, 17434, 100
2026/09/29 12:06:00.157, 2, 17434, 100
2026/09/29 12:06:00.157, 3, 17434, 100
2026/09/29 12:06:00.157, 4, 17434, 100
2026/09/29 12:06:00.157, 5, 17434, 100
2026/09/29 12:06:00.157, 6, 17434, 100
2026/09/29 12:06:00.157, 7, 17434, 100
2026/09/29 12:06:01.157, 0, 17434, 100
2026/09/29 12:06:01.158, 1, 17434, 100
2026/09/29 12:06:01.158, 2, 17434, 100
2026/09/29 12:06:01.158, 3, 17434, 100
2026/09/29 12:06:01.158, 4, 17434, 100
2026/09/29 12:06:01.158, 5, 17434, 100
2026/09/29 12:06:01.158, 6, 17434, 100
2026/09/29 12:06:01.158, 7, 17434, 100
2026/09/29 12:06:02.158, 0, 17434, 100
2026/09/29 12:06:02.158, 1, 17434, 100
2026/09/29 12:06:02.158, 2, 17434, 100
2026/09/29 12:06:02.158, 3, 17434, 100
2026/09/29 12:06:02.159, 4, 17434, 100
2026/09/29 12:06:02.159, 5, 17434, 100
2026/09/29 12:06:02.159, 6, 17434, 100
2026/09/29 12:06:02.159, 7, 17434, 100
2026/09/29 12:06:03.159, 0, 17434, 100
2026/09/29 12:06:03.159, 1, 17434, 100
2026/09/29 12:06:03.159, 2, 17434, 100
2026/09/29 12:06:03.159, 3, 17434, 100
2026/09/29 12:06:03.159, 4, 17434, 100
2026/09/29 12:06:03.159, 5, 17434, 100
2026/09/29 12:06:03.159, 6, 17434, 100
2026/09/29 12:06:03.159, 7, 17434, 100
2026/09/29 12:06:04.159, 0, 17434, 100
2026/09/29 12:06:04.160, 1, 17434, 100
2026/09/29 12:06:04.160, 2, 17434, 100
2026/09/29 12:06:04.160, 3, 17434, 100
2026/09/29 12:06:04.160, 4, 17434, 100
2026/09/29 12:06:04.160, 5, 17434, 100
2026/09/29 12:06:04.160, 6, 17434, 100
2026/09/29 12:06:04.160, 7, 17434, 100
2026/09/29 12:06:05.160, 0, 17434, 100
2026/09/29 12:06:05.160, 1, 17434, 100
2026/09/29 12:06:05.160, 2, 17434, 100
2026/09/29 12:06:05.160, 3, 17434, 100
2026/09/29 12:06:05.160, 4, 17434, 100
2026/09/29 12:06:05.160, 5, 17434, 100
2026/09/29 12:06:05.160, 6, 17434, 100
2026/09/29 12:06:05.160, 7, 17434, 100
2026/09/29 12:06:06.161, 0, 17434, 100
2026/09/29 12:06:06.161, 1, 17434, 100
2026/09/29 12:06:06.161, 2, 17434, 100
2026/09/29 12:06:06.161, 3, 17434, 100
2026/09/29 12:06:06.161, 4, 17434, 100
2026/09/29 12:06:06.161, 5, 17434, 100
2026/09/29 12:06:06.161, 6, 17434, 100
2026/09/29 12:06:06.161, 7, 17434, 100
2026/09/29 12:06:07.161, 0, 17434, 100
2026/09/29 12:06:07.161, 1, 17434, 100
2026/09/29 12:06:07.161, 2, 17434, 100
2026/09/29 12:06:07.161, 3, 17434, 100
2026/09/29 12:06:07.161, 4, 17434, 100
2026/09/29 12:06:07.161, 5, 17434, 97
2026/09/29 12:06:07.161, 6, 17434, 100
2026/09/29 12:06:07.161, 7, 17434, 100
2026/09/29 12:06:08.162, 0, 17434, 97
2026/09/29 12:06:08.162, 1, 17434, 96
2026/09/29 12:06:08.162, 2, 17434, 95
2026/09/29 12:06:08.162, 3, 17434, 100
2026/09/29 12:06:08.162, 4, 17434, 100
2026/09/29 12:06:08.162, 5, 17434, 100
2026/09/29 12:06:08.162, 6, 17434, 100
2026/09/29 12:06:08.162, 7, 17434, 100
2026/09/29 12:06:09.162, 0, 17434, 100
2026/09/29 12:06:09.162, 1, 17434, 100
2026/09/29 12:06:09.162, 2, 17434, 100
2026/09/29 12:06:09.162, 3, 17434, 100
2026/09/29 12:06:09.162, 4, 17434, 100
2026/09/29 12:06:09.162, 5, 17434, 100
2026/09/29 12:06:09.162, 6, 17434, 100
2026/09/29 12:06:09.162, 7, 17434, 100
2026/09/29 12:06:10.162, 0, 17434, 100
2026/09/29 12:06:10.163, 1, 17434, 100
2026/09/29 12:06:10.163, 2, 17434, 100
2026/09/29 12:06:10.163, 3, 17434, 100
2026/09/29 12:06:10.163, 4, 17434, 100
2026/09/29 12:06:10.163, 5, 17434, 100
2026/09/29 12:06:10.163, 6, 17434, 100
2026/09/29 12:06:10.163, 7, 17434, 100
2026/09/29 12:06:11.163, 0, 17434, 100
2026/09/29 12:06:11.163, 1, 17434, 100
2026/09/29 12:06:11.163, 2, 17434, 100
2026/09/29 12:06:11.163, 3, 17434, 100
2026/09/29 12:06:11.163, 4, 17434, 100
2026/09/29 12:06:11.163, 5, 17434, 100
2026/09/29 12:06:11.163, 6, 17434, 100
2026/09/29 12:06:11.163, 7, 17434, 100
2026/09/29 12:06:12.163, 0, 17434, 100
2026/09/29 12:06:12.163, 1, 17434, 100
2026/09/29 12:06:12.164, 2, 17434, 100
2026/09/29 12:06:12.164, 3, 17434, 100
2026/09/29 12:06:12.164, 4, 17434, 100
2026/09/29 12:06:12.164, 5, 17434, 100
2026/09/29 12:06:12.164, 6, 17434, 100
2026/09/29 12:06:12.164, 7, 17434, 100
2026/09/29 12:06:13.164, 0, 17434, 100
2026/09/29 12:06:13.164, 1, 17434, 100
2026/09/29 12:06:13.164, 2, 17434, 100
2026/09/29 12:06:13.164, 3, 17434, 97
2026/09/29 12:06:13.164, 4, 17434, 100
2026/09/29 12:06:13.164, 5, 17434, 100
2026/09/29 12:06:13.164, 6, 17434, 97
2026/09/29 12:06:13.164, 7, 17434, 100
2026/09/29 12:06:14.164, 0, 17434, 100
2026/09/29 12:06:14.164, 1, 17434, 100
2026/09/29 12:06:14.164, 2, 17434, 100
2026/09/29 12:06:14.164, 3, 17434, 100
2026/09/29 12:06:14.164, 4, 17434, 100
2026/09/29 12:06:14.165, 5, 17434, 100
2026/09/29 12:06:14.165, 6, 17434, 99
2026/09/29 12:06:14.165, 7, 17434, 100
2026/09/29 12:06:15.165, 0, 17434, 100
2026/09/29 12:06:15.165, 1, 17434, 100
2026/09/29 12:06:15.165, 2, 17434, 100
2026/09/29 12:06:15.165, 3, 17434, 100
2026/09/29 12:06:15.165, 4, 17434, 100
2026/09/29 12:06:15.165, 5, 17434, 100
2026/09/29 12:06:15.165, 6, 17434, 100
2026/09/29 12:06:15.165, 7, 17434, 100
2026/09/29 12:06:16.165, 0, 17434, 100
2026/09/29 12:06:16.165, 1, 17434, 100
2026/09/29 12:06:16.165, 2, 17434, 100
2026/09/29 12:06:16.165, 3, 17434, 100
2026/09/29 12:06:16.165, 4, 17434, 100
2026/09/29 12:06:16.165, 5, 17434, 100
2026/09/29 12:06:16.165, 6, 17434, 100
2026/09/29 12:06:16.165, 7, 17434, 100
2026/09/29 12:06:17.165, 0, 17434, 100
2026/09/29 12:06:17.165, 1, 17434, 100
2026/09/29 12:06:17.166, 2, 17434, 100
2026/09/29 12:06:17.166, 3, 17434, 100
2026/09/29 12:06:17.166, 4, 17434, 100
2026/09/29 12:06:17.166, 5, 17434, 100
2026/09/29 12:06:17.166, 6, 17434, 100
2026/09/29 12:06:17.166, 7, 17434, 100
2026/09/29 12:06:18.166, 0, 17434, 100
2026/09/29 12:06:18.166, 1, 17434, 100
2026/09/29 12:06:18.166, 2, 17434, 100
2026/09/29 12:06:18.166, 3, 17434, 100
2026/09/29 12:06:18.166, 4, 17434, 100
2026/09/29 12:06:18.166, 5, 17434, 100
2026/09/29 12:06:18.166, 6, 17434, 100
2026/09/29 12:06:18.166, 7, 17434, 100
2026/09/29 12:06:19.166, 0, 17434, 100
2026/09/29 12:06:19.166, 1, 17434, 100
2026/09/29 12:06:19.166, 2, 17434, 100
2026/09/29 12:06:19.166, 3, 17434, 100
2026/09/29 12:06:19.166, 4, 17434, 100
2026/09/29 12:06:19.166, 5, 17434, 100
2026/09/29 12:06:19.166, 6, 17434, 100
2026/09/29 12:06:19.166, 7, 17434, 100
2026/09/29 12:06:20.166, 0, 17434, 100
2026/09/29 12:06:20.167, 1, 17434, 100
2026/09/29 12:06:20.167, 2, 17434, 100
2026/09/29 12:06:20.167, 3, 17434, 100
2026/09/29 12:06:20.167, 4, 17434, 100
2026/09/29 12:06:20.167, 5, 17434, 100
2026/09/29 12:06:20.167, 6, 17434, 100
2026/09/29 12:06:20.167, 7, 17434, 100
2026/09/29 12:06:21.167, 0, 17434, 100
2026/09/29 12:06:21.167, 1, 17434, 100
2026/09/29 12:06:21.167, 2, 17434, 100
2026/09/29 12:06:21.167, 3, 17434, 100
2026/09/29 12:06:21.167, 4, 17434, 100
2026/09/29 12:06:21.167, 5, 17434, 100
2026/09/29 12:06:21.167, 6, 17434, 100
2026/09/29 12:06:21.167, 7, 17434, 100
2026/09/29 12:06:22.167, 0, 17434, 100
2026/09/29 12:06:22.167, 1, 17434, 100
2026/09/29 12:06:22.167, 2, 17434, 100
2026/09/29 12:06:22.167, 3, 17434, 100
2026/09/29 12:06:22.168, 4, 17434, 100
2026/09/29 12:06:22.168, 5, 17434, 100
2026/09/29 12:06:22.168, 6, 17434, 100
2026/09/29 12:06:22.168, 7, 17434, 100
2026/09/29 12:06:23.168, 0, 17434, 100
2026/09/29 12:06:23.168, 1, 17434, 100
2026/09/29 12:06:23.168, 2, 17434, 100
2026/09/29 12:06:23.168, 3, 17434, 100
2026/09/29 12:06:23.168, 4, 17434, 100
2026/09/29 12:06:23.168, 5, 17434, 100
2026/09/29 12:06:23.168, 6, 17434, 100
2026/09/29 12:06:23.168, 7, 17434, 100
2026/09/29 12:06:24.168, 0, 17434, 100
2026/09/29 12:06:24.168, 1, 17434, 100
2026/09/29 12:06:24.168, 2, 17434, 100
2026/09/29 12:06:24.168, 3, 17434, 100
2026/09/29 12:06:24.168, 4, 17434, 100
2026/09/29 12:06:24.168, 5, 17434, 100
2026/09/29 12:06:24.168, 6, 17434, 100
2026/09/29 12:06:24.168, 7, 17434, 100
2026/09/29 12:06:25.168, 0, 17434, 100
2026/09/29 12:06:25.168, 1, 17434, 100
2026/09/29 12:06:25.169, 2, 17434, 100
2026/09/29 12:06:25.169, 3, 17434, 100
2026/09/29 12:06:25.169, 4, 17434, 100
2026/09/29 12:06:25.169, 5, 17434, 100
2026/09/29 12:06:25.169, 6, 17434, 100
2026/09/29 12:06:25.169, 7, 17434, 100
2026/09/29 12:06:26.169, 0, 17434, 100
2026/09/29 12:06:26.169, 1, 17434, 100
2026/09/29 12:06:26.169, 2, 17434, 100
2026/09/29 12:06:26.169, 3, 17434, 100
2026/09/29 12:06:26.169, 4, 17434, 100
2026/09/29 12:06:26.169, 5, 17434, 100
2026/09/29 12:06:26.169, 6, 17434, 100
2026/09/29 12:06:26.169, 7, 17434, 100
2026/09/29 12:06:27.169, 0, 17434, 100
2026/09/29 12:06:27.169, 1, 17434, 100
2026/09/29 12:06:27.169, 2, 17434, 100
2026/09/29 12:06:27.169, 3, 17434, 100
2026/09/29 12:06:27.169, 4, 17434, 100
2026/09/29 12:06:27.169, 5, 17434, 100
2026/09/29 12:06:27.169, 6, 17434, 100
2026/09/29 12:06:27.169, 7, 17434, 100
2026/09/29 12:06:28.170, 0, 17434, 100
2026/09/29 12:06:28.170, 1, 17434, 100
2026/09/29 12:06:28.170, 2, 17434, 100
2026/09/29 12:06:28.170, 3, 17434, 100
2026/09/29 12:06:28.170, 4, 17434, 95
2026/09/29 12:06:28.170, 5, 17434, 100
2026/09/29 12:06:28.170, 6, 17434, 100
2026/09/29 12:06:28.170, 7, 17434, 94
2026/09/29 12:06:29.170, 0, 17434, 100
2026/09/29 12:06:29.170, 1, 17434, 100
2026/09/29 12:06:29.170, 2, 17434, 100
2026/09/29 12:06:29.170, 3, 17434, 100
2026/09/29 12:06:29.171, 4, 17434, 100
2026/09/29 12:06:29.171, 5, 17434, 5
2026/09/29 12:06:29.171, 6, 17434, 100
2026/09/29 12:06:29.171, 7, 17434, 100
2026/09/29 12:06:30.171, 0, 17434, 26
2026/09/29 12:06:30.171, 1, 17434, 5
2026/09/29 12:06:30.171, 2, 17434, 5
2026/09/29 12:06:30.171, 3, 17434, 100
2026/09/29 12:06:30.171, 4, 17434, 97
2026/09/29 12:06:30.171, 5, 17434, 100
2026/09/29 12:06:30.171, 6, 17434, 100
2026/09/29 12:06:30.171, 7, 17434, 98
2026/09/29 12:06:31.172, 0, 17434, 100
2026/09/29 12:06:31.172, 1, 17434, 100
2026/09/29 12:06:31.172, 2, 17434, 100
2026/09/29 12:06:31.172, 3, 17434, 100
2026/09/29 12:06:31.172, 4, 17434, 100
2026/09/29 12:06:31.172, 5, 17434, 100
2026/09/29 12:06:31.172, 6, 17434, 100
2026/09/29 12:06:31.172, 7, 17434, 100
2026/09/29 12:06:32.172, 0, 17434, 100
2026/09/29 12:06:32.172, 1, 17434, 100
2026/09/29 12:06:32.172, 2, 17434, 100
2026/09/29 12:06:32.173, 3, 17434, 100
2026/09/29 12:06:32.173, 4, 17434, 100
2026/09/29 12:06:32.173, 5, 17434, 100
2026/09/29 12:06:32.173, 6, 17434, 100
2026/09/29 12:06:32.173, 7, 17434, 100
2026/09/29 12:06:33.173, 0, 17434, 100
2026/09/29 12:06:33.173, 1, 17434, 100
2026/09/29 12:06:33.173, 2, 17434, 100
2026/09/29 12:06:33.173, 3, 17434, 100
2026/09/29 12:06:33.173, 4, 17434, 100
2026/09/29 12:06:33.173, 5, 17434, 100
2026/09/29 12:06:33.173, 6, 17434, 100
2026/09/29 12:06:33.173, 7, 17434, 99
2026/09/29 12:06:34.174, 0, 17434, 100
2026/09/29 12:06:34.174, 1, 17434, 100
2026/09/29 12:06:34.174, 2, 17434, 100
2026/09/29 12:06:34.174, 3, 17434, 100
2026/09/29 12:06:34.174, 4, 17434, 100
2026/09/29 12:06:34.174, 5, 17434, 100
2026/09/29 12:06:34.174, 6, 17434, 100
2026/09/29 12:06:34.174, 7, 17434, 100
2026/09/29 12:06:35.174, 0, 17434, 100
2026/09/29 12:06:35.174, 1, 17434, 100
2026/09/29 12:06:35.175, 2, 17434, 100
2026/09/29 12:06:35.175, 3, 17434, 100
2026/09/29 12:06:35.175, 4, 17434, 100
2026/09/29 12:06:35.175, 5, 17434, 100
2026/09/29 12:06:35.175, 6, 17434, 100
2026/09/29 12:06:35.175, 7, 17434, 100
2026/09/29 12:06:36.175, 0, 17434, 100
2026/09/29 12:06:36.175, 1, 17434, 100
2026/09/29 12:06:36.175, 2, 17434, 100
2026/09/29 12:06:36.175, 3, 17434, 100
2026/09/29 12:06:36.175, 4, 17434, 100
2026/09/29 12:06:36.175, 5, 17434, 100
2026/09/29 12:06:36.175, 6, 17434, 100
2026/09/29 12:06:36.175, 7, 17434, 100
2026/09/29 12:06:37.176, 0, 17434, 100
2026/09/29 12:06:37.176, 1, 17434, 100
2026/09/29 12:06:37.176, 2, 17434, 100
2026/09/29 12:06:37.176, 3, 17434, 100
2026/09/29 12:06:37.176, 4, 17434, 100
2026/09/29 12:06:37.176, 5, 17434, 100
2026/09/29 12:06:37.176, 6, 17434, 100
2026/09/29 12:06:37.176, 7, 17434, 100
2026/09/29 12:06:38.176, 0, 17434, 100
2026/09/29 12:06:38.176, 1, 17434, 100
2026/09/29 12:06:38.177, 2, 17434, 100
2026/09/29 12:06:38.177, 3, 17434, 100
2026/09/29 12:06:38.177, 4, 17434, 100
2026/09/29 12:06:38.177, 5, 17434, 100
2026/09/29 12:06:38.177, 6, 17434, 100
2026/09/29 12:06:38.177, 7, 17434, 100
2026/09/29 12:06:39.177, 0, 17434, 100
2026/09/29 12:06:39.177, 1, 17434, 100
2026/09/29 12:06:39.177, 2, 17434, 100
2026/09/29 12:06:39.177, 3, 17434, 100
2026/09/29 12:06:39.177, 4, 17434, 100
2026/09/29 12:06:39.177, 5, 17434, 100
2026/09/29 12:06:39.177, 6, 17434, 100
2026/09/29 12:06:39.177, 7, 17434, 100
2026/09/29 12:06:40.178, 0, 17434, 100
2026/09/29 12:06:40.178, 1, 17434, 100
2026/09/29 12:06:40.178, 2, 17434, 100
2026/09/29 12:06:40.178, 3, 17434, 100
2026/09/29 12:06:40.178, 4, 17434, 100
2026/09/29 12:06:40.178, 5, 17434, 100
2026/09/29 12:06:40.178, 6, 17434, 100
2026/09/29 12:06:40.178, 7, 17434, 100
2026/09/29 12:06:41.178, 0, 17434, 100
2026/09/29 12:06:41.178, 1, 17434, 100
2026/09/29 12:06:41.178, 2, 17434, 100
2026/09/29 12:06:41.178, 3, 17434, 100
2026/09/29 12:06:41.178, 4, 17434, 100
2026/09/29 12:06:41.178, 5, 17434, 100
2026/09/29 12:06:41.178, 6, 17434, 100
2026/09/29 12:06:41.179, 7, 17434, 100
2026/09/29 12:06:42.179, 0, 17434, 100
2026/09/29 12:06:42.179, 1, 17434, 100
2026/09/29 12:06:42.179, 2, 17434, 100
2026/09/29 12:06:42.179, 3, 17434, 100
2026/09/29 12:06:42.179, 4, 17434, 100
2026/09/29 12:06:42.179, 5, 17434, 100
2026/09/29 12:06:42.179, 6, 17434, 100
2026/09/29 12:06:42.179, 7, 17434, 100
2026/09/29 12:06:43.179, 0, 17434, 100
2026/09/29 12:06:43.180, 1, 17434, 100
2026/09/29 12:06:43.180, 2, 17434, 100
2026/09/29 12:06:43.180, 3, 17434, 100
2026/09/29 12:06:43.180, 4, 17434, 100
2026/09/29 12:06:43.180, 5, 17434, 100
2026/09/29 12:06:43.180, 6, 17434, 100
2026/09/29 12:06:43.180, 7, 17434, 100
2026/09/29 12:06:44.180, 0, 17434, 100
2026/09/29 12:06:44.180, 1, 17434, 100
2026/09/29 12:06:44.180, 2, 17434, 100
2026/09/29 12:06:44.180, 3, 17434, 100
2026/09/29 12:06:44.180, 4, 17434, 100
2026/09/29 12:06:44.180, 5, 17434, 100
2026/09/29 12:06:44.181, 6, 17434, 100
2026/09/29 12:06:44.181, 7, 17434, 100
2026/09/29 12:06:45.181, 0, 17434, 100
2026/09/29 12:06:45.181, 1, 17434, 100
2026/09/29 12:06:45.181, 2, 17434, 99
2026/09/29 12:06:45.181, 3, 17434, 100
2026/09/29 12:06:45.181, 4, 17434, 100
2026/09/29 12:06:45.181, 5, 17434, 99
2026/09/29 12:06:45.181, 6, 17434, 100
2026/09/29 12:06:45.181, 7, 17434, 100
2026/09/29 12:06:46.181, 0, 17434, 100
2026/09/29 12:06:46.181, 1, 17434, 100
2026/09/29 12:06:46.181, 2, 17434, 100
2026/09/29 12:06:46.182, 3, 17434, 100
2026/09/29 12:06:46.182, 4, 17434, 100
2026/09/29 12:06:46.182, 5, 17434, 100
2026/09/29 12:06:46.182, 6, 17434, 100
2026/09/29 12:06:46.182, 7, 17434, 100
2026/09/29 12:06:47.182, 0, 17434, 100
2026/09/29 12:06:47.182, 1, 17434, 100
2026/09/29 12:06:47.182, 2, 17434, 100
2026/09/29 12:06:47.182, 3, 17434, 100
2026/09/29 12:06:47.182, 4, 17434, 100
2026/09/29 12:06:47.182, 5, 17434, 100
2026/09/29 12:06:47.182, 6, 17434, 100
2026/09/29 12:06:47.182, 7, 17434, 100
2026/09/29 12:06:48.182, 0, 17434, 100
2026/09/29 12:06:48.182, 1, 17434, 100
2026/09/29 12:06:48.182, 2, 17434, 100
2026/09/29 12:06:48.183, 3, 17434, 100
2026/09/29 12:06:48.183, 4, 17434, 100
2026/09/29 12:06:48.183, 5, 17434, 100
2026/09/29 12:06:48.183, 6, 17434, 100
2026/09/29 12:06:48.183, 7, 17434, 100
2026/09/29 12:06:49.183, 0, 17434, 100
2026/09/29 12:06:49.183, 1, 17434, 100
2026/09/29 12:06:49.183, 2, 17434, 100
2026/09/29 12:06:49.183, 3, 17434, 100
2026/09/29 12:06:49.183, 4, 17434, 100
2026/09/29 12:06:49.183, 5, 17434, 100
2026/09/29 12:06:49.183, 6, 17434, 100
2026/09/29 12:06:49.183, 7, 17434, 100
2026/09/29 12:06:50.184, 0, 17434, 100
2026/09/29 12:06:50.184, 1, 17434, 100
2026/09/29 12:06:50.184, 2, 17434, 96
2026/09/29 12:06:50.184, 3, 17434, 100
2026/09/29 12:06:50.184, 4, 17434, 100
2026/09/29 12:06:50.184, 5, 17434, 97
2026/09/29 12:06:50.184, 6, 17434, 100
2026/09/29 12:06:50.184, 7, 17434, 100
2026/09/29 12:06:51.184, 0, 17434, 95
2026/09/29 12:06:51.185, 1, 17434, 96
2026/09/29 12:06:51.186, 2, 17434, 100
2026/09/29 12:06:51.186, 3, 17434, 99
2026/09/29 12:06:51.186, 4, 17434, 100
2026/09/29 12:06:51.186, 5, 17434, 100
2026/09/29 12:06:51.186, 6, 17434, 100
2026/09/29 12:06:51.186, 7, 17434, 100
2026/09/29 12:06:52.186, 0, 17434, 100
2026/09/29 12:06:52.187, 1, 17434, 100
2026/09/29 12:06:52.187, 2, 17434, 100
2026/09/29 12:06:52.187, 3, 17434, 100
2026/09/29 12:06:52.187, 4, 17434, 100
2026/09/29 12:06:52.187, 5, 17434, 100
2026/09/29 12:06:52.187, 6, 17434, 100
2026/09/29 12:06:52.187, 7, 17434, 100
2026/09/29 12:06:53.187, 0, 17434, 100
2026/09/29 12:06:53.187, 1, 17434, 100
2026/09/29 12:06:53.187, 2, 17434, 100
2026/09/29 12:06:53.187, 3, 17434, 100
2026/09/29 12:06:53.187, 4, 17434, 100
2026/09/29 12:06:53.187, 5, 17434, 100
2026/09/29 12:06:53.188, 6, 17434, 100
2026/09/29 12:06:53.188, 7, 17434, 100
2026/09/29 12:06:54.188, 0, 17434, 100
2026/09/29 12:06:54.188, 1, 17434, 100
2026/09/29 12:06:54.188, 2, 17434, 100
2026/09/29 12:06:54.188, 3, 17434, 100
2026/09/29 12:06:54.188, 4, 17434, 100
2026/09/29 12:06:54.188, 5, 17434, 100
2026/09/29 12:06:54.188, 6, 17434, 100
2026/09/29 12:06:54.188, 7, 17434, 100
2026/09/29 12:06:55.188, 0, 17434, 100
2026/09/29 12:06:55.188, 1, 17434, 100
2026/09/29 12:06:55.188, 2, 17434, 100
2026/09/29 12:06:55.189, 3, 17434, 100
2026/09/29 12:06:55.189, 4, 17434, 100
2026/09/29 12:06:55.189, 5, 17434, 100
2026/09/29 12:06:55.189, 6, 17434, 100
2026/09/29 12:06:55.189, 7, 17434, 100
2026/09/29 12:06:56.189, 0, 17434, 100
2026/09/29 12:06:56.189, 1, 17434, 100
2026/09/29 12:06:56.189, 2, 17434, 100
2026/09/29 12:06:56.189, 3, 17434, 97
2026/09/29 12:06:56.189, 4, 17434, 100
2026/09/29 12:06:56.189, 5, 17434, 100
2026/09/29 12:06:56.189, 6, 17434, 97
2026/09/29 12:06:56.189, 7, 17434, 100
2026/09/29 12:06:57.190, 0, 17434, 100
2026/09/29 12:06:57.190, 1, 17434, 100
2026/09/29 12:06:57.190, 2, 17434, 100
2026/09/29 12:06:57.190, 3, 17434, 100
2026/09/29 12:06:57.190, 4, 17434, 100
2026/09/29 12:06:57.190, 5, 17434, 100
2026/09/29 12:06:57.190, 6, 17434, 100
2026/09/29 12:06:57.190, 7, 17434, 100
2026/09/29 12:06:58.190, 0, 17434, 100
2026/09/29 12:06:58.190, 1, 17434, 100
2026/09/29 12:06:58.190, 2, 17434, 99
2026/09/29 12:06:58.190, 3, 17434, 100
2026/09/29 12:06:58.191, 4, 17434, 100
2026/09/29 12:06:58.191, 5, 17434, 100
2026/09/29 12:06:58.191, 6, 17434, 100
2026/09/29 12:06:58.191, 7, 17434, 100
2026/09/29 12:06:59.191, 0, 17434, 100
2026/09/29 12:06:59.191, 1, 17434, 100
2026/09/29 12:06:59.191, 2, 17434, 100
2026/09/29 12:06:59.191, 3, 17434, 100
2026/09/29 12:06:59.191, 4, 17434, 100
2026/09/29 12:06:59.191, 5, 17434, 100
2026/09/29 12:06:59.191, 6, 17434, 100
2026/09/29 12:06:59.191, 7, 17434, 100
2026/09/29 12:07:00.191, 0, 17434, 100
2026/09/29 12:07:00.192, 1, 17434, 100
2026/09/29 12:07:00.192, 2, 17434, 100
2026/09/29 12:07:00.192, 3, 17434, 100
2026/09/29 12:07:00.192, 4, 17434, 100
2026/09/29 12:07:00.192, 5, 17434, 100
2026/09/29 12:07:00.192, 6, 17434, 100
2026/09/29 12:07:00.192, 7, 17434, 99
2026/09/29 12:07:01.192, 0, 17434, 100
2026/09/29 12:07:01.192, 1, 17434, 100
2026/09/29 12:07:01.192, 2, 17434, 100
2026/09/29 12:07:01.192, 3, 17434, 100
2026/09/29 12:07:01.192, 4, 17434, 100
2026/09/29 12:07:01.192, 5, 17434, 100
2026/09/29 12:07:01.192, 6, 17434, 100
2026/09/29 12:07:01.192, 7, 17434, 100
2026/09/29 12:07:02.193, 0, 17434, 100
2026/09/29 12:07:02.193, 1, 17434, 100
2026/09/29 12:07:02.193, 2, 17434, 100
2026/09/29 12:07:02.193, 3, 17434, 100
2026/09/29 12:07:02.193, 4, 17434, 100
2026/09/29 12:07:02.193, 5, 17434, 100
2026/09/29 12:07:02.193, 6, 17434, 100
2026/09/29 12:07:02.193, 7, 17434, 100
2026/09/29 12:07:03.193, 0, 17434, 100
2026/09/29 12:07:03.193, 1, 17434, 100
2026/09/29 12:07:03.193, 2, 17434, 100
2026/09/29 12:07:03.193, 3, 17434, 100
2026/09/29 12:07:03.193, 4, 17434, 100
2026/09/29 12:07:03.193, 5, 17434, 100
2026/09/29 12:07:03.194, 6, 17434, 100
2026/09/29 12:07:03.194, 7, 17434, 100
2026/09/29 12:07:04.194, 0, 17434, 100
2026/09/29 12:07:04.194, 1, 17434, 100
2026/09/29 12:07:04.194, 2, 17434, 100
2026/09/29 12:07:04.194, 3, 17434, 100
2026/09/29 12:07:04.194, 4, 17434, 100
2026/09/29 12:07:04.194, 5, 17434, 100
2026/09/29 12:07:04.194, 6, 17434, 100
2026/09/29 12:07:04.194, 7, 17434, 100
2026/09/29 12:07:05.194, 0, 17434, 100
2026/09/29 12:07:05.194, 1, 17434, 100
2026/09/29 12:07:05.194, 2, 17434, 100
2026/09/29 12:07:05.195, 3, 17434, 100
2026/09/29 12:07:05.195, 4, 17434, 100
2026/09/29 12:07:05.195, 5, 17434, 100
2026/09/29 12:07:05.195, 6, 17434, 100
2026/09/29 12:07:05.195, 7, 17434, 100
2026/09/29 12:07:06.195, 0, 17434, 100
2026/09/29 12:07:06.195, 1, 17434, 100
2026/09/29 12:07:06.195, 2, 17434, 100
2026/09/29 12:07:06.195, 3, 17434, 100
2026/09/29 12:07:06.195, 4, 17434, 99
2026/09/29 12:07:06.195, 5, 17434, 100
2026/09/29 12:07:06.195, 6, 17434, 100
2026/09/29 12:07:06.195, 7, 17434, 100
2026/09/29 12:07:07.195, 0, 17434, 100
2026/09/29 12:07:07.196, 1, 17434, 100
2026/09/29 12:07:07.196, 2, 17434, 100
2026/09/29 12:07:07.196, 3, 17434, 100
2026/09/29 12:07:07.196, 4, 17434, 100
2026/09/29 12:07:07.196, 5, 17434, 100
2026/09/29 12:07:07.196, 6, 17434, 100
2026/09/29 12:07:07.196, 7, 17434, 100
2026/09/29 12:07:08.196, 0, 17434, 100
2026/09/29 12:07:08.196, 1, 17434, 100
2026/09/29 12:07:08.196, 2, 17434, 100
2026/09/29 12:07:08.196, 3, 17434, 100
2026/09/29 12:07:08.196, 4, 17434, 100
2026/09/29 12:07:08.196, 5, 17434, 100
2026/09/29 12:07:08.196, 6, 17434, 100
2026/09/29 12:07:08.196, 7, 17434, 100
2026/09/29 12:07:09.197, 0, 17434, 100
2026/09/29 12:07:09.197, 1, 17434, 100
2026/09/29 12:07:09.197, 2, 17434, 100
2026/09/29 12:07:09.197, 3, 17434, 100
2026/09/29 12:07:09.197, 4, 17434, 100
2026/09/29 12:07:09.197, 5, 17434, 100
2026/09/29 12:07:09.197, 6, 17434, 100
2026/09/29 12:07:09.197, 7, 17434, 100
2026/09/29 12:07:10.197, 0, 17434, 100
2026/09/29 12:07:10.197, 1, 17434, 100
2026/09/29 12:07:10.197, 2, 17434, 100
2026/09/29 12:07:10.197, 3, 17434, 100
2026/09/29 12:07:10.197, 4, 17434, 100
2026/09/29 12:07:10.198, 5, 17434, 100
2026/09/29 12:07:10.198, 6, 17434, 100
2026/09/29 12:07:10.198, 7, 17434, 100
2026/09/29 12:07:11.198, 0, 17434, 100
2026/09/29 12:07:11.198, 1, 17434, 100
2026/09/29 12:07:11.198, 2, 17434, 100
2026/09/29 12:07:11.198, 3, 17434, 100
2026/09/29 12:07:11.198, 4, 17434, 97
2026/09/29 12:07:11.198, 5, 17434, 100
2026/09/29 12:07:11.198, 6, 17434, 100
2026/09/29 12:07:11.198, 7, 17434, 99
2026/09/29 12:07:12.198, 0, 17434, 100
2026/09/29 12:07:12.198, 1, 17434, 100
2026/09/29 12:07:12.198, 2, 17434, 100
2026/09/29 12:07:12.199, 3, 17434, 100
2026/09/29 12:07:12.199, 4, 17434, 100
2026/09/29 12:07:12.199, 5, 17434, 100
2026/09/29 12:07:12.199, 6, 17434, 100
2026/09/29 12:07:12.199, 7, 17434, 100
2026/09/29 12:07:13.199, 0, 17434, 100
2026/09/29 12:07:13.199, 1, 17434, 100
2026/09/29 12:07:13.199, 2, 17434, 100
2026/09/29 12:07:13.199, 3, 17434, 100
2026/09/29 12:07:13.199, 4, 17434, 100
2026/09/29 12:07:13.199, 5, 17434, 100
2026/09/29 12:07:13.199, 6, 17434, 100
2026/09/29 12:07:13.199, 7, 17434, 100
2026/09/29 12:07:14.199, 0, 17434, 100
2026/09/29 12:07:14.200, 1, 17434, 100
2026/09/29 12:07:14.200, 2, 17434, 100
2026/09/29 12:07:14.200, 3, 17434, 100
2026/09/29 12:07:14.200, 4, 17434, 100
2026/09/29 12:07:14.200, 5, 17434, 100
2026/09/29 12:07:14.200, 6, 17434, 100
2026/09/29 12:07:14.200, 7, 17434, 100
2026/09/29 12:07:15.200, 0, 17434, 100
2026/09/29 12:07:15.200, 1, 17434, 100
2026/09/29 12:07:15.200, 2, 17434, 100
2026/09/29 12:07:15.200, 3, 17434, 100
2026/09/29 12:07:15.200, 4, 17434, 100
2026/09/29 12:07:15.200, 5, 17434, 100
2026/09/29 12:07:15.200, 6, 17434, 100
2026/09/29 12:07:15.200, 7, 17434, 100
2026/09/29 12:07:16.201, 0, 17434, 100
2026/09/29 12:07:16.201, 1, 17434, 100
2026/09/29 12:07:16.201, 2, 17434, 100
2026/09/29 12:07:16.201, 3, 17434, 100
2026/09/29 12:07:16.201, 4, 17434, 100
2026/09/29 12:07:16.201, 5, 17434, 100
2026/09/29 12:07:16.201, 6, 17434, 100
2026/09/29 12:07:16.201, 7, 17434, 97
2026/09/29 12:07:17.201, 0, 17434, 100
2026/09/29 12:07:17.201, 1, 17434, 100
2026/09/29 12:07:17.201, 2, 17434, 100
2026/09/29 12:07:17.201, 3, 17434, 100
2026/09/29 12:07:17.201, 4, 17434, 100
2026/09/29 12:07:17.201, 5, 17434, 100
2026/09/29 12:07:17.202, 6, 17434, 100
2026/09/29 12:07:17.202, 7, 17434, 100
2026/09/29 12:07:18.202, 0, 17434, 100
2026/09/29 12:07:18.202, 1, 17434, 100
2026/09/29 12:07:18.202, 2, 17434, 100
2026/09/29 12:07:18.202, 3, 17434, 100
2026/09/29 12:07:18.202, 4, 17434, 100
2026/09/29 12:07:18.202, 5, 17434, 100
2026/09/29 12:07:18.202, 6, 17434, 100
2026/09/29 12:07:18.202, 7, 17434, 100
2026/09/29 12:07:19.202, 0, 17434, 100
2026/09/29 12:07:19.202, 1, 17434, 100
2026/09/29 12:07:19.202, 2, 17434, 100
2026/09/29 12:07:19.203, 3, 17434, 100
2026/09/29 12:07:19.203, 4, 17434, 100
2026/09/29 12:07:19.203, 5, 17434, 100
2026/09/29 12:07:19.203, 6, 17434, 100
2026/09/29 12:07:19.203, 7, 17434, 100
2026/09/29 12:07:20.203, 0, 17434, 100
2026/09/29 12:07:20.203, 1, 17434, 100
2026/09/29 12:07:20.203, 2, 17434, 100
2026/09/29 12:07:20.203, 3, 17434, 100
2026/09/29 12:07:20.203, 4, 17434, 100
2026/09/29 12:07:20.203, 5, 17434, 100
2026/09/29 12:07:20.203, 6, 17434, 100
2026/09/29 12:07:20.203, 7, 17434, 100
2026/09/29 12:07:21.203, 0, 17434, 100
2026/09/29 12:07:21.204, 1, 17434, 100
2026/09/29 12:07:21.205, 2, 17434, 100
2026/09/29 12:07:21.206, 3, 17434, 100
2026/09/29 12:07:21.206, 4, 17434, 100
2026/09/29 12:07:21.207, 5, 17434, 100
2026/09/29 12:07:21.207, 6, 17434, 100
2026/09/29 12:07:21.208, 7, 17434, 100
2026/09/29 12:07:22.209, 0, 17434, 100
2026/09/29 12:07:22.209, 1, 17434, 100
2026/09/29 12:07:22.209, 2, 17434, 100
2026/09/29 12:07:22.209, 3, 17434, 100
2026/09/29 12:07:22.209, 4, 17434, 100
2026/09/29 12:07:22.209, 5, 17434, 100
2026/09/29 12:07:22.209, 6, 17434, 100
2026/09/29 12:07:22.209, 7, 17434, 100
2026/09/29 12:07:23.209, 0, 17434, 100
2026/09/29 12:07:23.210, 1, 17434, 100
2026/09/29 12:07:23.210, 2, 17434, 100
2026/09/29 12:07:23.210, 3, 17434, 100
2026/09/29 12:07:23.210, 4, 17434, 100
2026/09/29 12:07:23.210, 5, 17434, 100
2026/09/29 12:07:23.210, 6, 17434, 100
2026/09/29 12:07:23.210, 7, 17434, 100
2026/09/29 12:07:24.210, 0, 17434, 100
2026/09/29 12:07:24.210, 1, 17434, 100
2026/09/29 12:07:24.210, 2, 17434, 100
2026/09/29 12:07:24.210, 3, 17434, 100
2026/09/29 12:07:24.210, 4, 17434, 100
2026/09/29 12:07:24.210, 5, 17434, 100
2026/09/29 12:07:24.210, 6, 17434, 100
2026/09/29 12:07:24.210, 7, 17434, 100
2026/09/29 12:07:25.211, 0, 17434, 100
2026/09/29 12:07:25.211, 1, 17434, 100
2026/09/29 12:07:25.211, 2, 17434, 100
2026/09/29 12:07:25.211, 3, 17434, 100
2026/09/29 12:07:25.211, 4, 17434, 100
2026/09/29 12:07:25.211, 5, 17434, 100
2026/09/29 12:07:25.211, 6, 17434, 100
2026/09/29 12:07:25.211, 7, 17434, 100
2026/09/29 12:07:26.211, 0, 17434, 100
2026/09/29 12:07:26.211, 1, 17434, 96
2026/09/29 12:07:26.211, 2, 17434, 97
2026/09/29 12:07:26.211, 3, 17434, 100
2026/09/29 12:07:26.211, 4, 17434, 100
2026/09/29 12:07:26.211, 5, 17434, 97
2026/09/29 12:07:26.211, 6, 17434, 100
2026/09/29 12:07:26.212, 7, 17434, 100
2026/09/29 12:07:27.212, 0, 17434, 100
2026/09/29 12:07:27.212, 1, 17434, 100
2026/09/29 12:07:27.212, 2, 17434, 100
2026/09/29 12:07:27.212, 3, 17434, 100
2026/09/29 12:07:27.212, 4, 17434, 100
2026/09/29 12:07:27.212, 5, 17434, 100
2026/09/29 12:07:27.212, 6, 17434, 100
2026/09/29 12:07:27.212, 7, 17434, 100
2026/09/29 12:07:28.212, 0, 17434, 100
2026/09/29 12:07:28.212, 1, 17434, 100
2026/09/29 12:07:28.213, 2, 17434, 100
2026/09/29 12:07:28.213, 3, 17434, 100
2026/09/29 12:07:28.213, 4, 17434, 100
2026/09/29 12:07:28.213, 5, 17434, 100
2026/09/29 12:07:28.213, 6, 17434, 100
2026/09/29 12:07:28.213, 7, 17434, 100
2026/09/29 12:07:29.213, 0, 17434, 100
2026/09/29 12:07:29.213, 1, 17434, 100
2026/09/29 12:07:29.213, 2, 17434, 100
2026/09/29 12:07:29.213, 3, 17434, 100
2026/09/29 12:07:29.213, 4, 17434, 100
2026/09/29 12:07:29.213, 5, 17434, 100
2026/09/29 12:07:29.213, 6, 17434, 100
2026/09/29 12:07:29.213, 7, 17434, 100
2026/09/29 12:07:30.214, 0, 17434, 100
2026/09/29 12:07:30.214, 1, 17434, 100
2026/09/29 12:07:30.214, 2, 17434, 100
2026/09/29 12:07:30.214, 3, 17434, 100
2026/09/29 12:07:30.214, 4, 17434, 100
2026/09/29 12:07:30.214, 5, 17434, 100
2026/09/29 12:07:30.214, 6, 17434, 100
2026/09/29 12:07:30.214, 7, 17434, 100
2026/09/29 12:07:31.214, 0, 17434, 100
2026/09/29 12:07:31.214, 1, 17434, 100
2026/09/29 12:07:31.214, 2, 17434, 100
2026/09/29 12:07:31.214, 3, 17434, 100
2026/09/29 12:07:31.214, 4, 17434, 100
2026/09/29 12:07:31.214, 5, 17434, 100
2026/09/29 12:07:31.214, 6, 17434, 100
2026/09/29 12:07:31.215, 7, 17434, 100
2026/09/29 12:07:32.215, 0, 17434, 96
2026/09/29 12:07:32.215, 1, 17434, 100
2026/09/29 12:07:32.215, 2, 17434, 100
2026/09/29 12:07:32.215, 3, 17434, 97
2026/09/29 12:07:32.215, 4, 17434, 100
2026/09/29 12:07:32.215, 5, 17434, 100
2026/09/29 12:07:32.215, 6, 17434, 96
2026/09/29 12:07:32.215, 7, 17434, 100
2026/09/29 12:07:33.215, 0, 17434, 100
2026/09/29 12:07:33.215, 1, 17434, 100
2026/09/29 12:07:33.215, 2, 17434, 100
2026/09/29 12:07:33.215, 3, 17434, 100
2026/09/29 12:07:33.215, 4, 17434, 100
2026/09/29 12:07:33.216, 5, 17434, 100
2026/09/29 12:07:33.216, 6, 17434, 100
2026/09/29 12:07:33.216, 7, 17434, 100
2026/09/29 12:07:34.216, 0, 17434, 100
2026/09/29 12:07:34.216, 1, 17434, 100
2026/09/29 12:07:34.216, 2, 17434, 100
2026/09/29 12:07:34.216, 3, 17434, 100
2026/09/29 12:07:34.216, 4, 17434, 100
2026/09/29 12:07:34.216, 5, 17434, 100
2026/09/29 12:07:34.216, 6, 17434, 100
2026/09/29 12:07:34.216, 7, 17434, 100
2026/09/29 12:07:35.217, 0, 17434, 100
2026/09/29 12:07:35.217, 1, 17434, 100
2026/09/29 12:07:35.217, 2, 17434, 100
2026/09/29 12:07:35.217, 3, 17434, 100
2026/09/29 12:07:35.217, 4, 17434, 100
2026/09/29 12:07:35.217, 5, 17434, 100
2026/09/29 12:07:35.217, 6, 17434, 100
2026/09/29 12:07:35.217, 7, 17434, 100
2026/09/29 12:07:36.217, 0, 17434, 100
2026/09/29 12:07:36.217, 1, 17434, 100
2026/09/29 12:07:36.217, 2, 17434, 100
2026/09/29 12:07:36.217, 3, 17434, 100
2026/09/29 12:07:36.217, 4, 17434, 100
2026/09/29 12:07:36.217, 5, 17434, 100
2026/09/29 12:07:36.218, 6, 17434, 100
2026/09/29 12:07:36.218, 7, 17434, 100
2026/09/29 12:07:37.218, 0, 17434, 100
2026/09/29 12:07:37.218, 1, 17434, 100
2026/09/29 12:07:37.218, 2, 17434, 100
2026/09/29 12:07:37.218, 3, 17434, 100
2026/09/29 12:07:37.218, 4, 17434, 100
2026/09/29 12:07:37.218, 5, 17434, 100
2026/09/29 12:07:37.218, 6, 17434, 100
2026/09/29 12:07:37.218, 7, 17434, 100
2026/09/29 12:07:38.218, 0, 17434, 100
2026/09/29 12:07:38.218, 1, 17434, 100
2026/09/29 12:07:38.219, 2, 17434, 100
2026/09/29 12:07:38.219, 3, 17434, 100
2026/09/29 12:07:38.219, 4, 17434, 100
2026/09/29 12:07:38.219, 5, 17434, 100
2026/09/29 12:07:38.219, 6, 17434, 100
2026/09/29 12:07:38.219, 7, 17434, 100
2026/09/29 12:07:39.219, 0, 17434, 99
2026/09/29 12:07:39.219, 1, 17434, 100
2026/09/29 12:07:39.219, 2, 17434, 100
2026/09/29 12:07:39.219, 3, 17434, 100
2026/09/29 12:07:39.219, 4, 17434, 100
2026/09/29 12:07:39.219, 5, 17434, 100
2026/09/29 12:07:39.219, 6, 17434, 100
2026/09/29 12:07:39.219, 7, 17434, 100
2026/09/29 12:07:40.220, 0, 17434, 100
2026/09/29 12:07:40.220, 1, 17434, 100
2026/09/29 12:07:40.220, 2, 17434, 100
2026/09/29 12:07:40.220, 3, 17434, 100
2026/09/29 12:07:40.220, 4, 17434, 100
2026/09/29 12:07:40.220, 5, 17434, 100
2026/09/29 12:07:40.220, 6, 17434, 100
2026/09/29 12:07:40.220, 7, 17434, 100
2026/09/29 12:07:41.221, 0, 17434, 100
2026/09/29 12:07:41.221, 1, 17434, 100
2026/09/29 12:07:41.221, 2, 17434, 100
2026/09/29 12:07:41.221, 3, 17434, 100
2026/09/29 12:07:41.221, 4, 17434, 100
2026/09/29 12:07:41.221, 5, 17434, 100
2026/09/29 12:07:41.221, 6, 17434, 100
2026/09/29 12:07:41.221, 7, 17434, 100
2026/09/29 12:07:42.221, 0, 17434, 100
2026/09/29 12:07:42.222, 1, 17434, 100
2026/09/29 12:07:42.222, 2, 17434, 100
2026/09/29 12:07:42.222, 3, 17434, 100
2026/09/29 12:07:42.222, 4, 17434, 99
2026/09/29 12:07:42.222, 5, 17434, 100
2026/09/29 12:07:42.222, 6, 17434, 100
2026/09/29 12:07:42.222, 7, 17434, 100
2026/09/29 12:07:43.222, 0, 17434, 100
2026/09/29 12:07:43.222, 1, 17434, 100
2026/09/29 12:07:43.222, 2, 17434, 100
2026/09/29 12:07:43.222, 3, 17434, 100
2026/09/29 12:07:43.222, 4, 17434, 100
2026/09/29 12:07:43.222, 5, 17434, 100
2026/09/29 12:07:43.223, 6, 17434, 100
2026/09/29 12:07:43.223, 7, 17434, 100
2026/09/29 12:07:44.223, 0, 17434, 100
2026/09/29 12:07:44.223, 1, 17434, 100
2026/09/29 12:07:44.223, 2, 17434, 100
2026/09/29 12:07:44.223, 3, 17434, 100
2026/09/29 12:07:44.223, 4, 17434, 100
2026/09/29 12:07:44.223, 5, 17434, 100
2026/09/29 12:07:44.223, 6, 17434, 100
2026/09/29 12:07:44.223, 7, 17434, 100
2026/09/29 12:07:45.223, 0, 17434, 100
2026/09/29 12:07:45.223, 1, 17434, 100
2026/09/29 12:07:45.223, 2, 17434, 100
2026/09/29 12:07:45.223, 3, 17434, 100
2026/09/29 12:07:45.223, 4, 17434, 100
2026/09/29 12:07:45.224, 5, 17434, 100
2026/09/29 12:07:45.224, 6, 17434, 100
2026/09/29 12:07:45.224, 7, 17434, 100
2026/09/29 12:07:46.224, 0, 17434, 100
2026/09/29 12:07:46.224, 1, 17434, 100
2026/09/29 12:07:46.224, 2, 17434, 99
2026/09/29 12:07:46.224, 3, 17434, 100
2026/09/29 12:07:46.224, 4, 17434, 100
2026/09/29 12:07:46.224, 5, 17434, 100
2026/09/29 12:07:46.224, 6, 17434, 100
2026/09/29 12:07:46.224, 7, 17434, 100
2026/09/29 12:07:47.224, 0, 17434, 100
2026/09/29 12:07:47.224, 1, 17434, 100
2026/09/29 12:07:47.224, 2, 17434, 100
2026/09/29 12:07:47.224, 3, 17434, 100
2026/09/29 12:07:47.224, 4, 17434, 98
2026/09/29 12:07:47.224, 5, 17434, 100
2026/09/29 12:07:47.224, 6, 17434, 100
2026/09/29 12:07:47.225, 7, 17434, 99
2026/09/29 12:07:48.225, 0, 17434, 100
2026/09/29 12:07:48.225, 1, 17434, 100
2026/09/29 12:07:48.225, 2, 17434, 100
2026/09/29 12:07:48.225, 3, 17434, 100
2026/09/29 12:07:48.225, 4, 17434, 100
2026/09/29 12:07:48.225, 5, 17434, 100
2026/09/29 12:07:48.225, 6, 17434, 100
2026/09/29 12:07:48.225, 7, 17434, 100
2026/09/29 12:07:49.225, 0, 17434, 100
2026/09/29 12:07:49.225, 1, 17434, 100
2026/09/29 12:07:49.225, 2, 17434, 100
2026/09/29 12:07:49.225, 3, 17434, 100
2026/09/29 12:07:49.225, 4, 17434, 100
2026/09/29 12:07:49.226, 5, 17434, 100
2026/09/29 12:07:49.226, 6, 17434, 100
2026/09/29 12:07:49.226, 7, 17434, 100
2026/09/29 12:07:50.226, 0, 17434, 100
2026/09/29 12:07:50.226, 1, 17434, 100
2026/09/29 12:07:50.226, 2, 17434, 100
2026/09/29 12:07:50.226, 3, 17434, 100
2026/09/29 12:07:50.226, 4, 17434, 100
2026/09/29 12:07:50.226, 5, 17434, 100
2026/09/29 12:07:50.226, 6, 17434, 100
2026/09/29 12:07:50.227, 7, 17434, 100
2026/09/29 12:07:51.227, 0, 17434, 100
2026/09/29 12:07:51.227, 1, 17434, 100
2026/09/29 12:07:51.227, 2, 17434, 100
2026/09/29 12:07:51.227, 3, 17434, 100
2026/09/29 12:07:51.227, 4, 17434, 100
2026/09/29 12:07:51.227, 5, 17434, 100
2026/09/29 12:07:51.227, 6, 17434, 100
2026/09/29 12:07:51.227, 7, 17434, 100
2026/09/29 12:07:52.227, 0, 17434, 100
2026/09/29 12:07:52.227, 1, 17434, 100
2026/09/29 12:07:52.227, 2, 17434, 100
2026/09/29 12:07:52.227, 3, 17434, 100
2026/09/29 12:07:52.227, 4, 17434, 100
2026/09/29 12:07:52.227, 5, 17434, 100
2026/09/29 12:07:52.227, 6, 17434, 100
2026/09/29 12:07:52.228, 7, 17434, 97
2026/09/29 12:07:53.228, 0, 17434, 100
2026/09/29 12:07:53.228, 1, 17434, 100
2026/09/29 12:07:53.228, 2, 17434, 100
2026/09/29 12:07:53.228, 3, 17434, 100
2026/09/29 12:07:53.228, 4, 17434, 100
2026/09/29 12:07:53.228, 5, 17434, 100
2026/09/29 12:07:53.228, 6, 17434, 100
2026/09/29 12:07:53.228, 7, 17434, 100
2026/09/29 12:07:54.228, 0, 17434, 100
2026/09/29 12:07:54.228, 1, 17434, 100
2026/09/29 12:07:54.228, 2, 17434, 100
2026/09/29 12:07:54.228, 3, 17434, 100
2026/09/29 12:07:54.228, 4, 17434, 100
2026/09/29 12:07:54.228, 5, 17434, 100
2026/09/29 12:07:54.228, 6, 17434, 100
2026/09/29 12:07:54.228, 7, 17434, 100
2026/09/29 12:07:55.229, 0, 17434, 100
2026/09/29 12:07:55.229, 1, 17434, 100
2026/09/29 12:07:55.229, 2, 17434, 100
2026/09/29 12:07:55.229, 3, 17434, 100
2026/09/29 12:07:55.229, 4, 17434, 100
2026/09/29 12:07:55.229, 5, 17434, 100
2026/09/29 12:07:55.229, 6, 17434, 100
2026/09/29 12:07:55.229, 7, 17434, 100
2026/09/29 12:07:56.229, 0, 17434, 100
2026/09/29 12:07:56.229, 1, 17434, 100
2026/09/29 12:07:56.229, 2, 17434, 100
2026/09/29 12:07:56.229, 3, 17434, 100
2026/09/29 12:07:56.229, 4, 17434, 100
2026/09/29 12:07:56.229, 5, 17434, 100
2026/09/29 12:07:56.229, 6, 17434, 100
2026/09/29 12:07:56.230, 7, 17434, 100
2026/09/29 12:07:57.230, 0, 17434, 100
2026/09/29 12:07:57.230, 1, 17434, 100
2026/09/29 12:07:57.230, 2, 17434, 100
2026/09/29 12:07:57.230, 3, 17434, 100
2026/09/29 12:07:57.230, 4, 17434, 100
2026/09/29 12:07:57.230, 5, 17434, 100
2026/09/29 12:07:57.230, 6, 17434, 100
2026/09/29 12:07:57.230, 7, 17434, 100
2026/09/29 12:07:58.230, 0, 17434, 100
2026/09/29 12:07:58.230, 1, 17434, 100
2026/09/29 12:07:58.230, 2, 17434, 100
2026/09/29 12:07:58.230, 3, 17434, 100
2026/09/29 12:07:58.230, 4, 17434, 100
2026/09/29 12:07:58.230, 5, 17434, 100
2026/09/29 12:07:58.230, 6, 17434, 100
2026/09/29 12:07:58.230, 7, 17434, 100
2026/09/29 12:07:59.231, 0, 17434, 100
2026/09/29 12:07:59.231, 1, 17434, 100
2026/09/29 12:07:59.231, 2, 17434, 100
2026/09/29 12:07:59.231, 3, 17434, 100
2026/09/29 12:07:59.231, 4, 17434, 100
2026/09/29 12:07:59.231, 5, 17434, 100
2026/09/29 12:07:59.231, 6, 17434, 100
2026/09/29 12:07:59.231, 7, 17434, 100
2026/09/29 12:08:00.231, 0, 17434, 100
2026/09/29 12:08:00.231, 1, 17434, 100
2026/09/29 12:08:00.231, 2, 17434, 100
2026/09/29 12:08:00.231, 3, 17434, 100
2026/09/29 12:08:00.257, 4, 17434, 100
2026/09/29 12:08:00.257, 5, 17434, 100
2026/09/29 12:08:00.257, 6, 17434, 100
2026/09/29 12:08:00.257, 7, 17434, 100
2026/09/29 12:08:01.257, 0, 17434, 100
2026/09/29 12:08:01.258, 1, 17434, 100
2026/09/29 12:08:01.258, 2, 17434, 100
2026/09/29 12:08:01.258, 3, 17434, 100
2026/09/29 12:08:01.258, 4, 17434, 100
2026/09/29 12:08:01.258, 5, 17434, 100
2026/09/29 12:08:01.258, 6, 17434, 100
2026/09/29 12:08:01.258, 7, 17434, 100
2026/09/29 12:08:02.258, 0, 17434, 100
2026/09/29 12:08:02.258, 1, 17434, 96
2026/09/29 12:08:02.258, 2, 17434, 94
2026/09/29 12:08:02.258, 3, 17434, 100
2026/09/29 12:08:02.258, 4, 17434, 100
2026/09/29 12:08:02.258, 5, 17434, 96
2026/09/29 12:08:02.258, 6, 17434, 100
2026/09/29 12:08:02.258, 7, 17434, 100
2026/09/29 12:08:03.259, 0, 17434, 100
2026/09/29 12:08:03.259, 1, 17434, 100
2026/09/29 12:08:03.259, 2, 17434, 100
2026/09/29 12:08:03.259, 3, 17434, 100
2026/09/29 12:08:03.259, 4, 17434, 100
2026/09/29 12:08:03.259, 5, 17434, 100
2026/09/29 12:08:03.259, 6, 17434, 100
2026/09/29 12:08:03.259, 7, 17434, 100
2026/09/29 12:08:04.259, 0, 17434, 100
2026/09/29 12:08:04.259, 1, 17434, 100
2026/09/29 12:08:04.259, 2, 17434, 100
2026/09/29 12:08:04.259, 3, 17434, 100
2026/09/29 12:08:04.259, 4, 17434, 100
2026/09/29 12:08:04.260, 5, 17434, 100
2026/09/29 12:08:04.260, 6, 17434, 100
2026/09/29 12:08:04.260, 7, 17434, 100
2026/09/29 12:08:05.260, 0, 17434, 100
2026/09/29 12:08:05.260, 1, 17434, 100
2026/09/29 12:08:05.260, 2, 17434, 100
2026/09/29 12:08:05.260, 3, 17434, 100
2026/09/29 12:08:05.260, 4, 17434, 100
2026/09/29 12:08:05.260, 5, 17434, 100
2026/09/29 12:08:05.260, 6, 17434, 100
2026/09/29 12:08:05.260, 7, 17434, 100
2026/09/29 12:08:06.260, 0, 17434, 100
2026/09/29 12:08:06.260, 1, 17434, 100
2026/09/29 12:08:06.260, 2, 17434, 100
2026/09/29 12:08:06.261, 3, 17434, 100
2026/09/29 12:08:06.261, 4, 17434, 100
2026/09/29 12:08:06.261, 5, 17434, 100
2026/09/29 12:08:06.261, 6, 17434, 100
2026/09/29 12:08:06.261, 7, 17434, 100
2026/09/29 12:08:07.261, 0, 17434, 95
2026/09/29 12:08:07.261, 1, 17434, 100
2026/09/29 12:08:07.261, 2, 17434, 100
2026/09/29 12:08:07.261, 3, 17434, 97
2026/09/29 12:08:07.261, 4, 17434, 100
2026/09/29 12:08:07.261, 5, 17434, 100
2026/09/29 12:08:07.261, 6, 17434, 100
2026/09/29 12:08:07.261, 7, 17434, 100
2026/09/29 12:08:08.261, 0, 17434, 100
2026/09/29 12:08:08.262, 1, 17434, 100
2026/09/29 12:08:08.262, 2, 17434, 100
2026/09/29 12:08:08.262, 3, 17434, 100
2026/09/29 12:08:08.262, 4, 17434, 100
2026/09/29 12:08:08.262, 5, 17434, 100
2026/09/29 12:08:08.262, 6, 17434, 100
2026/09/29 12:08:08.262, 7, 17434, 100
2026/09/29 12:08:09.263, 0, 17434, 100
2026/09/29 12:08:09.263, 1, 17434, 100
2026/09/29 12:08:09.263, 2, 17434, 100
2026/09/29 12:08:09.263, 3, 17434, 100
2026/09/29 12:08:09.263, 4, 17434, 100
2026/09/29 12:08:09.263, 5, 17434, 100
2026/09/29 12:08:09.263, 6, 17434, 100
2026/09/29 12:08:09.263, 7, 17434, 100
2026/09/29 12:08:10.263, 0, 17434, 100
2026/09/29 12:08:10.263, 1, 17434, 100
2026/09/29 12:08:10.263, 2, 17434, 100
2026/09/29 12:08:10.263, 3, 17434, 100
2026/09/29 12:08:10.263, 4, 17434, 100
2026/09/29 12:08:10.263, 5, 17434, 100
2026/09/29 12:08:10.263, 6, 17434, 100
2026/09/29 12:08:10.264, 7, 17434, 100
2026/09/29 12:08:11.264, 0, 17434, 100
2026/09/29 12:08:11.264, 1, 17434, 100
2026/09/29 12:08:11.264, 2, 17434, 100
2026/09/29 12:08:11.264, 3, 17434, 100
2026/09/29 12:08:11.264, 4, 17434, 100
2026/09/29 12:08:11.264, 5, 17434, 100
2026/09/29 12:08:11.264, 6, 17434, 100
2026/09/29 12:08:11.264, 7, 17434, 100
2026/09/29 12:08:12.264, 0, 17434, 100
2026/09/29 12:08:12.265, 1, 17434, 100
2026/09/29 12:08:12.265, 2, 17434, 100
2026/09/29 12:08:12.265, 3, 17434, 100
2026/09/29 12:08:12.265, 4, 17434, 100
2026/09/29 12:08:12.265, 5, 17434, 100
2026/09/29 12:08:12.265, 6, 17434, 100
2026/09/29 12:08:12.265, 7, 17434, 100
2026/09/29 12:08:13.265, 0, 17434, 100
2026/09/29 12:08:13.265, 1, 17434, 100
2026/09/29 12:08:13.265, 2, 17434, 100
2026/09/29 12:08:13.265, 3, 17434, 100
2026/09/29 12:08:13.265, 4, 17434, 100
2026/09/29 12:08:13.265, 5, 17434, 100
2026/09/29 12:08:13.265, 6, 17434, 95
2026/09/29 12:08:13.265, 7, 17434, 100
2026/09/29 12:08:14.266, 0, 17434, 100
2026/09/29 12:08:14.266, 1, 17434, 100
2026/09/29 12:08:14.266, 2, 17434, 100
2026/09/29 12:08:14.266, 3, 17434, 100
2026/09/29 12:08:14.266, 4, 17434, 100
2026/09/29 12:08:14.266, 5, 17434, 100
2026/09/29 12:08:14.266, 6, 17434, 100
2026/09/29 12:08:14.266, 7, 17434, 100
2026/09/29 12:08:15.266, 0, 17434, 100
2026/09/29 12:08:15.266, 1, 17434, 100
2026/09/29 12:08:15.266, 2, 17434, 100
2026/09/29 12:08:15.266, 3, 17434, 100
2026/09/29 12:08:15.266, 4, 17434, 100
2026/09/29 12:08:15.267, 5, 17434, 100
2026/09/29 12:08:15.267, 6, 17434, 100
2026/09/29 12:08:15.267, 7, 17434, 100
2026/09/29 12:08:16.267, 0, 17434, 100
2026/09/29 12:08:16.267, 1, 17434, 100
2026/09/29 12:08:16.267, 2, 17434, 100
2026/09/29 12:08:16.267, 3, 17434, 100
2026/09/29 12:08:16.267, 4, 17434, 100
2026/09/29 12:08:16.267, 5, 17434, 100
2026/09/29 12:08:16.267, 6, 17434, 100
2026/09/29 12:08:16.267, 7, 17434, 100
2026/09/29 12:08:17.267, 0, 17434, 100
2026/09/29 12:08:17.267, 1, 17434, 100
2026/09/29 12:08:17.267, 2, 17434, 100
2026/09/29 12:08:17.268, 3, 17434, 100
2026/09/29 12:08:17.268, 4, 17434, 100
2026/09/29 12:08:17.268, 5, 17434, 100
2026/09/29 12:08:17.268, 6, 17434, 100
2026/09/29 12:08:17.268, 7, 17434, 100
2026/09/29 12:08:18.268, 0, 17434, 100
2026/09/29 12:08:18.268, 1, 17434, 100
2026/09/29 12:08:18.268, 2, 17434, 100
2026/09/29 12:08:18.268, 3, 17434, 100
2026/09/29 12:08:18.268, 4, 17434, 100
2026/09/29 12:08:18.268, 5, 17434, 100
2026/09/29 12:08:18.268, 6, 17434, 99
2026/09/29 12:08:18.268, 7, 17434, 100
2026/09/29 12:08:19.268, 0, 17434, 100
2026/09/29 12:08:19.268, 1, 17434, 100
2026/09/29 12:08:19.269, 2, 17434, 100
2026/09/29 12:08:19.269, 3, 17434, 100
2026/09/29 12:08:19.269, 4, 17434, 100
2026/09/29 12:08:19.269, 5, 17434, 100
2026/09/29 12:08:19.269, 6, 17434, 100
2026/09/29 12:08:19.269, 7, 17434, 100
2026/09/29 12:08:20.269, 0, 17434, 100
2026/09/29 12:08:20.269, 1, 17434, 100
2026/09/29 12:08:20.269, 2, 17434, 100
2026/09/29 12:08:20.269, 3, 17434, 100
2026/09/29 12:08:20.269, 4, 17434, 100
2026/09/29 12:08:20.269, 5, 17434, 100
2026/09/29 12:08:20.269, 6, 17434, 100
2026/09/29 12:08:20.269, 7, 17434, 100
2026/09/29 12:08:21.269, 0, 17434, 100
2026/09/29 12:08:21.270, 1, 17434, 100
2026/09/29 12:08:21.270, 2, 17434, 100
2026/09/29 12:08:21.270, 3, 17434, 100
2026/09/29 12:08:21.270, 4, 17434, 100
2026/09/29 12:08:21.270, 5, 17434, 100
2026/09/29 12:08:21.270, 6, 17434, 100
2026/09/29 12:08:21.270, 7, 17434, 100
2026/09/29 12:08:22.270, 0, 17434, 100
2026/09/29 12:08:22.270, 1, 17434, 100
2026/09/29 12:08:22.270, 2, 17434, 100
2026/09/29 12:08:22.270, 3, 17434, 100
2026/09/29 12:08:22.270, 4, 17434, 100
2026/09/29 12:08:22.271, 5, 17434, 100
2026/09/29 12:08:22.271, 6, 17434, 100
2026/09/29 12:08:22.271, 7, 17434, 100
2026/09/29 12:08:23.271, 0, 17434, 100
2026/09/29 12:08:23.271, 1, 17434, 100
2026/09/29 12:08:23.271, 2, 17434, 100
2026/09/29 12:08:23.271, 3, 17434, 100
2026/09/29 12:08:23.271, 4, 17434, 97
2026/09/29 12:08:23.271, 5, 17434, 100
2026/09/29 12:08:23.271, 6, 17434, 99
2026/09/29 12:08:23.271, 7, 17434, 100
2026/09/29 12:08:24.271, 0, 17434, 100
2026/09/29 12:08:24.271, 1, 17434, 100
2026/09/29 12:08:24.271, 2, 17434, 100
2026/09/29 12:08:24.272, 3, 17434, 100
2026/09/29 12:08:24.272, 4, 17434, 100
2026/09/29 12:08:24.272, 5, 17434, 100
2026/09/29 12:08:24.272, 6, 17434, 100
2026/09/29 12:08:24.272, 7, 17434, 100
2026/09/29 12:08:25.272, 0, 17434, 100
2026/09/29 12:08:25.272, 1, 17434, 100
2026/09/29 12:08:25.272, 2, 17434, 100
2026/09/29 12:08:25.272, 3, 17434, 100
2026/09/29 12:08:25.272, 4, 17434, 100
2026/09/29 12:08:25.272, 5, 17434, 100
2026/09/29 12:08:25.272, 6, 17434, 100
2026/09/29 12:08:25.272, 7, 17434, 100
2026/09/29 12:08:26.272, 0, 17434, 100
2026/09/29 12:08:26.272, 1, 17434, 100
2026/09/29 12:08:26.273, 2, 17434, 100
2026/09/29 12:08:26.273, 3, 17434, 100
2026/09/29 12:08:26.273, 4, 17434, 100
2026/09/29 12:08:26.273, 5, 17434, 100
2026/09/29 12:08:26.273, 6, 17434, 100
2026/09/29 12:08:26.273, 7, 17434, 100
2026/09/29 12:08:27.273, 0, 17434, 100
2026/09/29 12:08:27.273, 1, 17434, 100
2026/09/29 12:08:27.273, 2, 17434, 100
2026/09/29 12:08:27.273, 3, 17434, 100
2026/09/29 12:08:27.273, 4, 17434, 100
2026/09/29 12:08:27.273, 5, 17434, 100
2026/09/29 12:08:27.273, 6, 17434, 100
2026/09/29 12:08:27.273, 7, 17434, 100
2026/09/29 12:08:28.274, 0, 17434, 100
2026/09/29 12:08:28.274, 1, 17434, 100
2026/09/29 12:08:28.274, 2, 17434, 100
2026/09/29 12:08:28.274, 3, 17434, 100
2026/09/29 12:08:28.274, 4, 17434, 100
2026/09/29 12:08:28.274, 5, 17434, 100
2026/09/29 12:08:28.274, 6, 17434, 100
2026/09/29 12:08:28.274, 7, 17434, 96
2026/09/29 12:08:29.274, 0, 17434, 100
2026/09/29 12:08:29.274, 1, 17434, 100
2026/09/29 12:08:29.274, 2, 17434, 100
2026/09/29 12:08:29.274, 3, 17434, 100
2026/09/29 12:08:29.274, 4, 17434, 100
2026/09/29 12:08:29.274, 5, 17434, 100
2026/09/29 12:08:29.274, 6, 17434, 100
2026/09/29 12:08:29.275, 7, 17434, 100
2026/09/29 12:08:30.275, 0, 17434, 100
2026/09/29 12:08:30.275, 1, 17434, 100
2026/09/29 12:08:30.275, 2, 17434, 100
2026/09/29 12:08:30.275, 3, 17434, 100
2026/09/29 12:08:30.275, 4, 17434, 100
2026/09/29 12:08:30.275, 5, 17434, 100
2026/09/29 12:08:30.275, 6, 17434, 100
2026/09/29 12:08:30.275, 7, 17434, 100
2026/09/29 12:08:31.275, 0, 17434, 100
2026/09/29 12:08:31.275, 1, 17434, 100
2026/09/29 12:08:31.275, 2, 17434, 100
2026/09/29 12:08:31.275, 3, 17434, 100
2026/09/29 12:08:31.275, 4, 17434, 100
2026/09/29 12:08:31.275, 5, 17434, 100
2026/09/29 12:08:31.275, 6, 17434, 100
2026/09/29 12:08:31.275, 7, 17434, 100
2026/09/29 12:08:32.275, 0, 17434, 100
2026/09/29 12:08:32.275, 1, 17434, 100
2026/09/29 12:08:32.275, 2, 17434, 100
2026/09/29 12:08:32.276, 3, 17434, 100
2026/09/29 12:08:32.276, 4, 17434, 100
2026/09/29 12:08:32.276, 5, 17434, 100
2026/09/29 12:08:32.276, 6, 17434, 100
2026/09/29 12:08:32.276, 7, 17434, 100
2026/09/29 12:08:33.276, 0, 17434, 100
2026/09/29 12:08:33.276, 1, 17434, 100
2026/09/29 12:08:33.276, 2, 17434, 100
2026/09/29 12:08:33.276, 3, 17434, 100
2026/09/29 12:08:33.276, 4, 17434, 100
2026/09/29 12:08:33.276, 5, 17434, 100
2026/09/29 12:08:33.276, 6, 17434, 100
2026/09/29 12:08:33.276, 7, 17434, 100
2026/09/29 12:08:34.276, 0, 17434, 100
2026/09/29 12:08:34.277, 1, 17434, 100
2026/09/29 12:08:34.277, 2, 17434, 100
2026/09/29 12:08:34.277, 3, 17434, 100
2026/09/29 12:08:34.277, 4, 17434, 100
2026/09/29 12:08:34.277, 5, 17434, 100
2026/09/29 12:08:34.277, 6, 17434, 100
2026/09/29 12:08:34.277, 7, 17434, 100
2026/09/29 12:08:35.277, 0, 17434, 100
2026/09/29 12:08:35.277, 1, 17434, 100
2026/09/29 12:08:35.277, 2, 17434, 100
2026/09/29 12:08:35.277, 3, 17434, 100
2026/09/29 12:08:35.277, 4, 17434, 100
2026/09/29 12:08:35.277, 5, 17434, 100
2026/09/29 12:08:35.277, 6, 17434, 100
2026/09/29 12:08:35.277, 7, 17434, 100
2026/09/29 12:08:36.278, 0, 17434, 100
2026/09/29 12:08:36.278, 1, 17434, 100
2026/09/29 12:08:36.278, 2, 17434, 100
2026/09/29 12:08:36.278, 3, 17434, 100
2026/09/29 12:08:36.278, 4, 17434, 100
2026/09/29 12:08:36.278, 5, 17434, 100
2026/09/29 12:08:36.278, 6, 17434, 100
2026/09/29 12:08:36.278, 7, 17434, 100
2026/09/29 12:08:37.278, 0, 17434, 100
2026/09/29 12:08:37.278, 1, 17434, 100
2026/09/29 12:08:37.278, 2, 17434, 100
2026/09/29 12:08:37.278, 3, 17434, 99
2026/09/29 12:08:37.278, 4, 17434, 100
2026/09/29 12:08:37.278, 5, 17434, 100
2026/09/29 12:08:37.279, 6, 17434, 100
2026/09/29 12:08:37.279, 7, 17434, 100
2026/09/29 12:08:38.279, 0, 17434, 99
2026/09/29 12:08:38.279, 1, 17434, 100
2026/09/29 12:08:38.279, 2, 17434, 98
2026/09/29 12:08:38.279, 3, 17434, 100
2026/09/29 12:08:38.279, 4, 17434, 100
2026/09/29 12:08:38.279, 5, 17434, 98
2026/09/29 12:08:38.279, 6, 17434, 100
2026/09/29 12:08:38.279, 7, 17434, 100
2026/09/29 12:08:39.279, 0, 17434, 100
2026/09/29 12:08:39.279, 1, 17434, 100
2026/09/29 12:08:39.279, 2, 17434, 100
2026/09/29 12:08:39.279, 3, 17434, 100
2026/09/29 12:08:39.279, 4, 17434, 100
2026/09/29 12:08:39.280, 5, 17434, 100
2026/09/29 12:08:39.280, 6, 17434, 100
2026/09/29 12:08:39.280, 7, 17434, 100
2026/09/29 12:08:40.280, 0, 17434, 100
2026/09/29 12:08:40.280, 1, 17434, 100
2026/09/29 12:08:40.280, 2, 17434, 100
2026/09/29 12:08:40.280, 3, 17434, 100
2026/09/29 12:08:40.280, 4, 17434, 100
2026/09/29 12:08:40.280, 5, 17434, 100
2026/09/29 12:08:40.280, 6, 17434, 100
2026/09/29 12:08:40.280, 7, 17434, 100
2026/09/29 12:08:41.280, 0, 17434, 100
2026/09/29 12:08:41.280, 1, 17434, 100
2026/09/29 12:08:41.280, 2, 17434, 100
2026/09/29 12:08:41.280, 3, 17434, 100
2026/09/29 12:08:41.280, 4, 17434, 100
2026/09/29 12:08:41.280, 5, 17434, 100
2026/09/29 12:08:41.280, 6, 17434, 100
2026/09/29 12:08:41.281, 7, 17434, 100
2026/09/29 12:08:42.281, 0, 17434, 100
2026/09/29 12:08:42.281, 1, 17434, 100
2026/09/29 12:08:42.281, 2, 17434, 100
2026/09/29 12:08:42.281, 3, 17434, 100
2026/09/29 12:08:42.281, 4, 17434, 100
2026/09/29 12:08:42.281, 5, 17434, 100
2026/09/29 12:08:42.281, 6, 17434, 100
2026/09/29 12:08:42.281, 7, 17434, 100
2026/09/29 12:08:43.281, 0, 17434, 100
2026/09/29 12:08:43.281, 1, 17434, 99
2026/09/29 12:08:43.281, 2, 17434, 99
2026/09/29 12:08:43.281, 3, 17434, 98
2026/09/29 12:08:43.281, 4, 17434, 100
2026/09/29 12:08:43.281, 5, 17434, 100
2026/09/29 12:08:43.281, 6, 17434, 100
2026/09/29 12:08:43.281, 7, 17434, 100
2026/09/29 12:08:44.282, 0, 17434, 100
2026/09/29 12:08:44.282, 1, 17434, 100
2026/09/29 12:08:44.282, 2, 17434, 100
2026/09/29 12:08:44.282, 3, 17434, 100
2026/09/29 12:08:44.282, 4, 17434, 100
2026/09/29 12:08:44.282, 5, 17434, 100
2026/09/29 12:08:44.282, 6, 17434, 100
2026/09/29 12:08:44.282, 7, 17434, 100
2026/09/29 12:08:45.282, 0, 17434, 100
2026/09/29 12:08:45.282, 1, 17434, 100
2026/09/29 12:08:45.282, 2, 17434, 100
2026/09/29 12:08:45.282, 3, 17434, 100
2026/09/29 12:08:45.282, 4, 17434, 100
2026/09/29 12:08:45.282, 5, 17434, 100
2026/09/29 12:08:45.283, 6, 17434, 100
2026/09/29 12:08:45.283, 7, 17434, 100
2026/09/29 12:08:46.283, 0, 17434, 100
2026/09/29 12:08:46.283, 1, 17434, 100
2026/09/29 12:08:46.283, 2, 17434, 100
2026/09/29 12:08:46.283, 3, 17434, 100
2026/09/29 12:08:46.283, 4, 17434, 100
2026/09/29 12:08:46.283, 5, 17434, 100
2026/09/29 12:08:46.283, 6, 17434, 100
2026/09/29 12:08:46.283, 7, 17434, 100
2026/09/29 12:08:47.283, 0, 17434, 100
2026/09/29 12:08:47.283, 1, 17434, 100
2026/09/29 12:08:47.283, 2, 17434, 100
2026/09/29 12:08:47.283, 3, 17434, 100
2026/09/29 12:08:47.283, 4, 17434, 100
2026/09/29 12:08:47.283, 5, 17434, 100
2026/09/29 12:08:47.283, 6, 17434, 100
2026/09/29 12:08:47.283, 7, 17434, 100
2026/09/29 12:08:48.283, 0, 17434, 100
2026/09/29 12:08:48.284, 1, 17434, 100
2026/09/29 12:08:48.284, 2, 17434, 100
2026/09/29 12:08:48.284, 3, 17434, 100
2026/09/29 12:08:48.284, 4, 17434, 100
2026/09/29 12:08:48.284, 5, 17434, 100
2026/09/29 12:08:48.284, 6, 17434, 100
2026/09/29 12:08:48.284, 7, 17434, 100
2026/09/29 12:08:49.284, 0, 17434, 100
2026/09/29 12:08:49.284, 1, 17434, 100
2026/09/29 12:08:49.284, 2, 17434, 100
2026/09/29 12:08:49.284, 3, 17434, 100
2026/09/29 12:08:49.284, 4, 17434, 100
2026/09/29 12:08:49.284, 5, 17434, 100
2026/09/29 12:08:49.284, 6, 17434, 98
2026/09/29 12:08:49.284, 7, 17434, 100
2026/09/29 12:08:50.285, 0, 17434, 100
2026/09/29 12:08:50.285, 1, 17434, 100
2026/09/29 12:08:50.285, 2, 17434, 100
2026/09/29 12:08:50.285, 3, 17434, 100
2026/09/29 12:08:50.285, 4, 17434, 100
2026/09/29 12:08:50.285, 5, 17434, 100
2026/09/29 12:08:50.285, 6, 17434, 100
2026/09/29 12:08:50.285, 7, 17434, 100
2026/09/29 12:08:51.285, 0, 17434, 100
2026/09/29 12:08:51.285, 1, 17434, 100
2026/09/29 12:08:51.285, 2, 17434, 100
2026/09/29 12:08:51.285, 3, 17434, 100
2026/09/29 12:08:51.285, 4, 17434, 100
2026/09/29 12:08:51.285, 5, 17434, 100
2026/09/29 12:08:51.285, 6, 17434, 100
2026/09/29 12:08:51.285, 7, 17434, 100
2026/09/29 12:08:52.286, 0, 17434, 100
2026/09/29 12:08:52.286, 1, 17434, 100
2026/09/29 12:08:52.286, 2, 17434, 100
2026/09/29 12:08:52.286, 3, 17434, 100
2026/09/29 12:08:52.286, 4, 17434, 100
2026/09/29 12:08:52.286, 5, 17434, 100
2026/09/29 12:08:52.286, 6, 17434, 100
2026/09/29 12:08:52.286, 7, 17434, 100
2026/09/29 12:08:53.286, 0, 17434, 100
2026/09/29 12:08:53.286, 1, 17434, 100
2026/09/29 12:08:53.286, 2, 17434, 100
2026/09/29 12:08:53.286, 3, 17434, 100
2026/09/29 12:08:53.286, 4, 17434, 100
2026/09/29 12:08:53.286, 5, 17434, 100
2026/09/29 12:08:53.286, 6, 17434, 100
2026/09/29 12:08:53.287, 7, 17434, 100
2026/09/29 12:08:54.287, 0, 17434, 100
2026/09/29 12:08:54.287, 1, 17434, 100
2026/09/29 12:08:54.287, 2, 17434, 100
2026/09/29 12:08:54.287, 3, 17434, 100
2026/09/29 12:08:54.287, 4, 17434, 100
2026/09/29 12:08:54.287, 5, 17434, 100
2026/09/29 12:08:54.287, 6, 17434, 96
2026/09/29 12:08:54.287, 7, 17434, 100
2026/09/29 12:08:55.287, 0, 17434, 100
2026/09/29 12:08:55.287, 1, 17434, 100
2026/09/29 12:08:55.287, 2, 17434, 100
2026/09/29 12:08:55.287, 3, 17434, 100
2026/09/29 12:08:55.287, 4, 17434, 100
2026/09/29 12:08:55.287, 5, 17434, 100
2026/09/29 12:08:55.287, 6, 17434, 100
2026/09/29 12:08:55.287, 7, 17434, 100
2026/09/29 12:08:56.288, 0, 17434, 100
2026/09/29 12:08:56.288, 1, 17434, 100
2026/09/29 12:08:56.288, 2, 17434, 100
2026/09/29 12:08:56.288, 3, 17434, 100
2026/09/29 12:08:56.288, 4, 17434, 100
2026/09/29 12:08:56.288, 5, 17434, 100
2026/09/29 12:08:56.288, 6, 17434, 100
2026/09/29 12:08:56.288, 7, 17434, 100
2026/09/29 12:08:57.288, 0, 17434, 100
2026/09/29 12:08:57.288, 1, 17434, 100
2026/09/29 12:08:57.288, 2, 17434, 100
2026/09/29 12:08:57.288, 3, 17434, 100
2026/09/29 12:08:57.288, 4, 17434, 100
2026/09/29 12:08:57.288, 5, 17434, 100
2026/09/29 12:08:57.288, 6, 17434, 100
2026/09/29 12:08:57.289, 7, 17434, 100
2026/09/29 12:08:58.289, 0, 17434, 100
2026/09/29 12:08:58.289, 1, 17434, 100
2026/09/29 12:08:58.289, 2, 17434, 100
2026/09/29 12:08:58.289, 3, 17434, 100
2026/09/29 12:08:58.289, 4, 17434, 100
2026/09/29 12:08:58.289, 5, 17434, 100
2026/09/29 12:08:58.289, 6, 17434, 100
2026/09/29 12:08:58.289, 7, 17434, 100
2026/09/29 12:08:59.289, 0, 17434, 100
2026/09/29 12:08:59.289, 1, 17434, 100
2026/09/29 12:08:59.289, 2, 17434, 100
2026/09/29 12:08:59.289, 3, 17434, 100
2026/09/29 12:08:59.289, 4, 17434, 98
2026/09/29 12:08:59.290, 5, 17434, 100
2026/09/29 12:08:59.290, 6, 17434, 100
2026/09/29 12:08:59.290, 7, 17434, 100
2026/09/29 12:09:00.290, 0, 17434, 100
2026/09/29 12:09:00.290, 1, 17434, 100
2026/09/29 12:09:00.290, 2, 17434, 100
2026/09/29 12:09:00.290, 3, 17434, 100
2026/09/29 12:09:00.290, 4, 17434, 100
2026/09/29 12:09:00.290, 5, 17434, 100
2026/09/29 12:09:00.290, 6, 17434, 100
2026/09/29 12:09:00.290, 7, 17434, 100
2026/09/29 12:09:01.290, 0, 17434, 100
2026/09/29 12:09:01.290, 1, 17434, 100
2026/09/29 12:09:01.290, 2, 17434, 100
2026/09/29 12:09:01.290, 3, 17434, 100
2026/09/29 12:09:01.290, 4, 17434, 100
2026/09/29 12:09:01.290, 5, 17434, 100
2026/09/29 12:09:01.291, 6, 17434, 100
2026/09/29 12:09:01.291, 7, 17434, 100
2026/09/29 12:09:02.291, 0, 17434, 100
2026/09/29 12:09:02.291, 1, 17434, 100
2026/09/29 12:09:02.291, 2, 17434, 100
2026/09/29 12:09:02.291, 3, 17434, 100
2026/09/29 12:09:02.291, 4, 17434, 100
2026/09/29 12:09:02.291, 5, 17434, 100
2026/09/29 12:09:02.291, 6, 17434, 100
2026/09/29 12:09:02.291, 7, 17434, 100
2026/09/29 12:09:03.292, 0, 17434, 100
2026/09/29 12:09:03.292, 1, 17434, 100
2026/09/29 12:09:03.292, 2, 17434, 100
2026/09/29 12:09:03.292, 3, 17434, 100
2026/09/29 12:09:03.292, 4, 17434, 100
2026/09/29 12:09:03.292, 5, 17434, 100
2026/09/29 12:09:03.292, 6, 17434, 100
2026/09/29 12:09:03.292, 7, 17434, 100
2026/09/29 12:09:04.293, 0, 17434, 100
2026/09/29 12:09:04.293, 1, 17434, 100
2026/09/29 12:09:04.293, 2, 17434, 100
2026/09/29 12:09:04.293, 3, 17434, 100
2026/09/29 12:09:04.293, 4, 17434, 100
2026/09/29 12:09:04.293, 5, 17434, 100
2026/09/29 12:09:04.294, 6, 17434, 100
2026/09/29 12:09:04.294, 7, 17434, 95
2026/09/29 12:09:05.294, 0, 17434, 100
2026/09/29 12:09:05.294, 1, 17434, 100
2026/09/29 12:09:05.294, 2, 17434, 100
2026/09/29 12:09:05.294, 3, 17434, 100
2026/09/29 12:09:05.294, 4, 17434, 100
2026/09/29 12:09:05.294, 5, 17434, 100
2026/09/29 12:09:05.294, 6, 17434, 100
2026/09/29 12:09:05.294, 7, 17434, 100
2026/09/29 12:09:06.295, 0, 17434, 100
2026/09/29 12:09:06.295, 1, 17434, 100
2026/09/29 12:09:06.295, 2, 17434, 100
2026/09/29 12:09:06.295, 3, 17434, 100
2026/09/29 12:09:06.295, 4, 17434, 100
2026/09/29 12:09:06.295, 5, 17434, 100
2026/09/29 12:09:06.295, 6, 17434, 100
2026/09/29 12:09:06.295, 7, 17434, 100
2026/09/29 12:09:07.295, 0, 17434, 100
2026/09/29 12:09:07.295, 1, 17434, 100
2026/09/29 12:09:07.295, 2, 17434, 100
2026/09/29 12:09:07.295, 3, 17434, 100
2026/09/29 12:09:07.296, 4, 17434, 100
2026/09/29 12:09:07.296, 5, 17434, 100
2026/09/29 12:09:07.296, 6, 17434, 100
2026/09/29 12:09:07.296, 7, 17434, 100
2026/09/29 12:09:08.296, 0, 17434, 100
2026/09/29 12:09:08.296, 1, 17434, 100
2026/09/29 12:09:08.296, 2, 17434, 100
2026/09/29 12:09:08.296, 3, 17434, 100
2026/09/29 12:09:08.296, 4, 17434, 100
2026/09/29 12:09:08.296, 5, 17434, 100
2026/09/29 12:09:08.296, 6, 17434, 100
2026/09/29 12:09:08.296, 7, 17434, 100
2026/09/29 12:09:09.297, 0, 17434, 100
2026/09/29 12:09:09.297, 1, 17434, 100
2026/09/29 12:09:09.297, 2, 17434, 100
2026/09/29 12:09:09.297, 3, 17434, 100
2026/09/29 12:09:09.297, 4, 17434, 100
2026/09/29 12:09:09.297, 5, 17434, 100
2026/09/29 12:09:09.297, 6, 17434, 100
2026/09/29 12:09:09.297, 7, 17434, 100
2026/09/29 12:09:10.297, 0, 17434, 100
2026/09/29 12:09:10.297, 1, 17434, 100
2026/09/29 12:09:10.297, 2, 17434, 100
2026/09/29 12:09:10.297, 3, 17434, 100
2026/09/29 12:09:10.297, 4, 17434, 100
2026/09/29 12:09:10.297, 5, 17434, 100
2026/09/29 12:09:10.297, 6, 17434, 100
2026/09/29 12:09:10.297, 7, 17434, 100
2026/09/29 12:09:11.298, 0, 17434, 100
2026/09/29 12:09:11.298, 1, 17434, 100
2026/09/29 12:09:11.298, 2, 17434, 100
2026/09/29 12:09:11.298, 3, 17434, 100
2026/09/29 12:09:11.298, 4, 17434, 100
2026/09/29 12:09:11.298, 5, 17434, 100
2026/09/29 12:09:11.298, 6, 17434, 100
2026/09/29 12:09:11.298, 7, 17434, 100
2026/09/29 12:09:12.298, 0, 17434, 100
2026/09/29 12:09:12.298, 1, 17434, 100
2026/09/29 12:09:12.298, 2, 17434, 100
2026/09/29 12:09:12.298, 3, 17434, 100
2026/09/29 12:09:12.298, 4, 17434, 100
2026/09/29 12:09:12.298, 5, 17434, 100
2026/09/29 12:09:12.299, 6, 17434, 100
2026/09/29 12:09:12.299, 7, 17434, 100
2026/09/29 12:09:13.299, 0, 17434, 100
2026/09/29 12:09:13.299, 1, 17434, 100
2026/09/29 12:09:13.299, 2, 17434, 100
2026/09/29 12:09:13.299, 3, 17434, 100
2026/09/29 12:09:13.299, 4, 17434, 100
2026/09/29 12:09:13.299, 5, 17434, 100
2026/09/29 12:09:13.299, 6, 17434, 100
2026/09/29 12:09:13.299, 7, 17434, 100
2026/09/29 12:09:14.299, 0, 17434, 100
2026/09/29 12:09:14.299, 1, 17434, 100
2026/09/29 12:09:14.299, 2, 17434, 100
2026/09/29 12:09:14.299, 3, 17434, 100
2026/09/29 12:09:14.299, 4, 17434, 100
2026/09/29 12:09:14.300, 5, 17434, 99
2026/09/29 12:09:14.300, 6, 17434, 100
2026/09/29 12:09:14.300, 7, 17434, 100
2026/09/29 12:09:15.300, 0, 17434, 100
2026/09/29 12:09:15.300, 1, 17434, 100
2026/09/29 12:09:15.300, 2, 17434, 100
2026/09/29 12:09:15.300, 3, 17434, 100
2026/09/29 12:09:15.300, 4, 17434, 100
2026/09/29 12:09:15.300, 5, 17434, 100
2026/09/29 12:09:15.300, 6, 17434, 100
2026/09/29 12:09:15.300, 7, 17434, 100
2026/09/29 12:09:16.300, 0, 17434, 100
2026/09/29 12:09:16.300, 1, 17434, 100
2026/09/29 12:09:16.301, 2, 17434, 100
2026/09/29 12:09:16.301, 3, 17434, 100
2026/09/29 12:09:16.301, 4, 17434, 100
2026/09/29 12:09:16.301, 5, 17434, 100
2026/09/29 12:09:16.301, 6, 17434, 100
2026/09/29 12:09:16.301, 7, 17434, 100
2026/09/29 12:09:17.301, 0, 17434, 100
2026/09/29 12:09:17.301, 1, 17434, 100
2026/09/29 12:09:17.301, 2, 17434, 100
2026/09/29 12:09:17.301, 3, 17434, 100
2026/09/29 12:09:17.301, 4, 17434, 100
2026/09/29 12:09:17.301, 5, 17434, 100
2026/09/29 12:09:17.301, 6, 17434, 100
2026/09/29 12:09:17.301, 7, 17434, 100
2026/09/29 12:09:18.301, 0, 17434, 100
2026/09/29 12:09:18.302, 1, 17434, 100
2026/09/29 12:09:18.302, 2, 17434, 100
2026/09/29 12:09:18.302, 3, 17434, 100
2026/09/29 12:09:18.302, 4, 17434, 100
2026/09/29 12:09:18.302, 5, 17434, 100
2026/09/29 12:09:18.302, 6, 17434, 100
2026/09/29 12:09:18.302, 7, 17434, 100
2026/09/29 12:09:19.302, 0, 17434, 100
2026/09/29 12:09:19.302, 1, 17434, 100
2026/09/29 12:09:19.302, 2, 17434, 98
2026/09/29 12:09:19.302, 3, 17434, 99
2026/09/29 12:09:19.302, 4, 17434, 100
2026/09/29 12:09:19.302, 5, 17434, 97
2026/09/29 12:09:19.302, 6, 17434, 100
2026/09/29 12:09:19.303, 7, 17434, 100
2026/09/29 12:09:20.303, 0, 17434, 100
2026/09/29 12:09:20.303, 1, 17434, 100
2026/09/29 12:09:20.303, 2, 17434, 100
2026/09/29 12:09:20.303, 3, 17434, 100
2026/09/29 12:09:20.303, 4, 17434, 100
2026/09/29 12:09:20.303, 5, 17434, 100
2026/09/29 12:09:20.303, 6, 17434, 100
2026/09/29 12:09:20.303, 7, 17434, 100
2026/09/29 12:09:21.303, 0, 17434, 100
2026/09/29 12:09:21.303, 1, 17434, 100
2026/09/29 12:09:21.303, 2, 17434, 100
2026/09/29 12:09:21.303, 3, 17434, 100
2026/09/29 12:09:21.303, 4, 17434, 100
2026/09/29 12:09:21.303, 5, 17434, 100
2026/09/29 12:09:21.303, 6, 17434, 100
2026/09/29 12:09:21.304, 7, 17434, 100
2026/09/29 12:09:22.304, 0, 17434, 100
2026/09/29 12:09:22.304, 1, 17434, 100
2026/09/29 12:09:22.304, 2, 17434, 100
2026/09/29 12:09:22.304, 3, 17434, 100
2026/09/29 12:09:22.304, 4, 17434, 100
2026/09/29 12:09:22.304, 5, 17434, 100
2026/09/29 12:09:22.304, 6, 17434, 100
2026/09/29 12:09:22.304, 7, 17434, 100
2026/09/29 12:09:23.304, 0, 17434, 100
2026/09/29 12:09:23.304, 1, 17434, 100
2026/09/29 12:09:23.304, 2, 17434, 100
2026/09/29 12:09:23.304, 3, 17434, 100
2026/09/29 12:09:23.304, 4, 17434, 100
2026/09/29 12:09:23.304, 5, 17434, 100
2026/09/29 12:09:23.304, 6, 17434, 100
2026/09/29 12:09:23.305, 7, 17434, 100
2026/09/29 12:09:24.305, 0, 17434, 96
2026/09/29 12:09:24.305, 1, 17434, 97
2026/09/29 12:09:24.305, 2, 17434, 97
2026/09/29 12:09:24.305, 3, 17434, 97
2026/09/29 12:09:24.305, 4, 17434, 100
2026/09/29 12:09:24.305, 5, 17434, 100
2026/09/29 12:09:24.305, 6, 17434, 100
2026/09/29 12:09:24.305, 7, 17434, 100
2026/09/29 12:09:25.305, 0, 17434, 100
2026/09/29 12:09:25.305, 1, 17434, 100
2026/09/29 12:09:25.305, 2, 17434, 100
2026/09/29 12:09:25.305, 3, 17434, 100
2026/09/29 12:09:25.305, 4, 17434, 100
2026/09/29 12:09:25.306, 5, 17434, 100
2026/09/29 12:09:25.306, 6, 17434, 100
2026/09/29 12:09:25.306, 7, 17434, 100
2026/09/29 12:09:26.306, 0, 17434, 100
2026/09/29 12:09:26.306, 1, 17434, 100
2026/09/29 12:09:26.306, 2, 17434, 100
2026/09/29 12:09:26.306, 3, 17434, 100
2026/09/29 12:09:26.306, 4, 17434, 100
2026/09/29 12:09:26.306, 5, 17434, 100
2026/09/29 12:09:26.306, 6, 17434, 100
2026/09/29 12:09:26.306, 7, 17434, 100
2026/09/29 12:09:27.306, 0, 17434, 100
2026/09/29 12:09:27.306, 1, 17434, 100
2026/09/29 12:09:27.307, 2, 17434, 100
2026/09/29 12:09:27.307, 3, 17434, 100
2026/09/29 12:09:27.307, 4, 17434, 100
2026/09/29 12:09:27.307, 5, 17434, 100
2026/09/29 12:09:27.307, 6, 17434, 100
2026/09/29 12:09:27.307, 7, 17434, 100
2026/09/29 12:09:28.307, 0, 17434, 100
2026/09/29 12:09:28.307, 1, 17434, 100
2026/09/29 12:09:28.307, 2, 17434, 100
2026/09/29 12:09:28.307, 3, 17434, 100
2026/09/29 12:09:28.307, 4, 17434, 100
2026/09/29 12:09:28.307, 5, 17434, 100
2026/09/29 12:09:28.307, 6, 17434, 100
2026/09/29 12:09:28.307, 7, 17434, 100
2026/09/29 12:09:29.308, 0, 17434, 100
2026/09/29 12:09:29.308, 1, 17434, 100
2026/09/29 12:09:29.308, 2, 17434, 100
2026/09/29 12:09:29.308, 3, 17434, 100
2026/09/29 12:09:29.308, 4, 17434, 100
2026/09/29 12:09:29.308, 5, 17434, 100
2026/09/29 12:09:29.308, 6, 17434, 100
2026/09/29 12:09:29.308, 7, 17434, 100
2026/09/29 12:09:30.308, 0, 17434, 100
2026/09/29 12:09:30.309, 1, 17434, 100
2026/09/29 12:09:30.309, 2, 17434, 100
2026/09/29 12:09:30.309, 3, 17434, 100
2026/09/29 12:09:30.309, 4, 17434, 100
2026/09/29 12:09:30.309, 5, 17434, 100
2026/09/29 12:09:30.309, 6, 17434, 95
2026/09/29 12:09:30.311, 7, 17434, 100
2026/09/29 12:09:31.311, 0, 17434, 100
2026/09/29 12:09:31.311, 1, 17434, 100
2026/09/29 12:09:31.311, 2, 17434, 100
2026/09/29 12:09:31.311, 3, 17434, 100
2026/09/29 12:09:31.311, 4, 17434, 100
2026/09/29 12:09:31.311, 5, 17434, 100
2026/09/29 12:09:31.311, 6, 17434, 100
2026/09/29 12:09:31.311, 7, 17434, 100
2026/09/29 12:09:32.311, 0, 17434, 100
2026/09/29 12:09:32.311, 1, 17434, 100
2026/09/29 12:09:32.311, 2, 17434, 100
2026/09/29 12:09:32.312, 3, 17434, 100
2026/09/29 12:09:32.312, 4, 17434, 100
2026/09/29 12:09:32.312, 5, 17434, 100
2026/09/29 12:09:32.312, 6, 17434, 100
2026/09/29 12:09:32.312, 7, 17434, 100
2026/09/29 12:09:33.312, 0, 17434, 100
2026/09/29 12:09:33.312, 1, 17434, 100
2026/09/29 12:09:33.312, 2, 17434, 100
2026/09/29 12:09:33.312, 3, 17434, 100
2026/09/29 12:09:33.312, 4, 17434, 100
2026/09/29 12:09:33.312, 5, 17434, 100
2026/09/29 12:09:33.312, 6, 17434, 100
2026/09/29 12:09:33.312, 7, 17434, 100
2026/09/29 12:09:34.312, 0, 17434, 100
2026/09/29 12:09:34.313, 1, 17434, 100
2026/09/29 12:09:34.313, 2, 17434, 100
2026/09/29 12:09:34.313, 3, 17434, 100
2026/09/29 12:09:34.313, 4, 17434, 100
2026/09/29 12:09:34.313, 5, 17434, 100
2026/09/29 12:09:34.313, 6, 17434, 100
2026/09/29 12:09:34.313, 7, 17434, 100
2026/09/29 12:09:35.313, 0, 17434, 100
2026/09/29 12:09:35.313, 1, 17434, 100
2026/09/29 12:09:35.313, 2, 17434, 100
2026/09/29 12:09:35.313, 3, 17434, 100
2026/09/29 12:09:35.313, 4, 17434, 100
2026/09/29 12:09:35.313, 5, 17434, 100
2026/09/29 12:09:35.313, 6, 17434, 100
2026/09/29 12:09:35.313, 7, 17434, 100
2026/09/29 12:09:36.314, 0, 17434, 100
2026/09/29 12:09:36.314, 1, 17434, 100
2026/09/29 12:09:36.314, 2, 17434, 100
2026/09/29 12:09:36.314, 3, 17434, 100
2026/09/29 12:09:36.314, 4, 17434, 100
2026/09/29 12:09:36.314, 5, 17434, 100
2026/09/29 12:09:36.314, 6, 17434, 100
2026/09/29 12:09:36.314, 7, 17434, 100
2026/09/29 12:09:37.316, 0, 17434, 100
2026/09/29 12:09:37.316, 1, 17434, 100
2026/09/29 12:09:37.316, 2, 17434, 100
2026/09/29 12:09:37.317, 3, 17434, 100
2026/09/29 12:09:37.317, 4, 17434, 100
2026/09/29 12:09:37.317, 5, 17434, 100
2026/09/29 12:09:37.317, 6, 17434, 100
2026/09/29 12:09:37.317, 7, 17434, 100
2026/09/29 12:09:38.317, 0, 17434, 100
2026/09/29 12:09:38.317, 1, 17434, 100
2026/09/29 12:09:38.317, 2, 17434, 100
2026/09/29 12:09:38.317, 3, 17434, 100
2026/09/29 12:09:38.317, 4, 17434, 100
2026/09/29 12:09:38.317, 5, 17434, 100
2026/09/29 12:09:38.317, 6, 17434, 100
2026/09/29 12:09:38.317, 7, 17434, 100
2026/09/29 12:09:39.317, 0, 17434, 100
2026/09/29 12:09:39.317, 1, 17434, 100
2026/09/29 12:09:39.317, 2, 17434, 100
2026/09/29 12:09:39.317, 3, 17434, 100
2026/09/29 12:09:39.317, 4, 17434, 100
2026/09/29 12:09:39.318, 5, 17434, 100
2026/09/29 12:09:39.318, 6, 17434, 100
2026/09/29 12:09:39.318, 7, 17434, 100
2026/09/29 12:09:40.318, 0, 17434, 100
2026/09/29 12:09:40.318, 1, 17434, 100
2026/09/29 12:09:40.318, 2, 17434, 100
2026/09/29 12:09:40.318, 3, 17434, 100
2026/09/29 12:09:40.318, 4, 17434, 99
2026/09/29 12:09:40.318, 5, 17434, 100
2026/09/29 12:09:40.318, 6, 17434, 100
2026/09/29 12:09:40.318, 7, 17434, 100
2026/09/29 12:09:41.318, 0, 17434, 100
2026/09/29 12:09:41.318, 1, 17434, 100
2026/09/29 12:09:41.318, 2, 17434, 100
2026/09/29 12:09:41.319, 3, 17434, 100
2026/09/29 12:09:41.319, 4, 17434, 100
2026/09/29 12:09:41.319, 5, 17434, 100
2026/09/29 12:09:41.319, 6, 17434, 100
2026/09/29 12:09:41.319, 7, 17434, 100
2026/09/29 12:09:42.319, 0, 17434, 100
2026/09/29 12:09:42.319, 1, 17434, 100
2026/09/29 12:09:42.319, 2, 17434, 100
2026/09/29 12:09:42.319, 3, 17434, 100
2026/09/29 12:09:42.319, 4, 17434, 100
2026/09/29 12:09:42.319, 5, 17434, 100
2026/09/29 12:09:42.319, 6, 17434, 100
2026/09/29 12:09:42.319, 7, 17434, 100
2026/09/29 12:09:43.319, 0, 17434, 100
2026/09/29 12:09:43.320, 1, 17434, 100
2026/09/29 12:09:43.320, 2, 17434, 100
2026/09/29 12:09:43.320, 3, 17434, 100
2026/09/29 12:09:43.320, 4, 17434, 100
2026/09/29 12:09:43.320, 5, 17434, 100
2026/09/29 12:09:43.320, 6, 17434, 100
2026/09/29 12:09:43.320, 7, 17434, 100
2026/09/29 12:09:44.320, 0, 17434, 100
2026/09/29 12:09:44.320, 1, 17434, 100
2026/09/29 12:09:44.320, 2, 17434, 100
2026/09/29 12:09:44.320, 3, 17434, 100
2026/09/29 12:09:44.320, 4, 17434, 100
2026/09/29 12:09:44.320, 5, 17434, 100
2026/09/29 12:09:44.320, 6, 17434, 100
2026/09/29 12:09:44.320, 7, 17434, 100
2026/09/29 12:09:45.321, 0, 17434, 100
2026/09/29 12:09:45.321, 1, 17434, 100
2026/09/29 12:09:45.321, 2, 17434, 100
2026/09/29 12:09:45.321, 3, 17434, 100
2026/09/29 12:09:45.321, 4, 17434, 98
2026/09/29 12:09:45.321, 5, 17434, 100
2026/09/29 12:09:45.321, 6, 17434, 100
2026/09/29 12:09:45.321, 7, 17434, 97
2026/09/29 12:09:46.321, 0, 17434, 100
2026/09/29 12:09:46.322, 1, 17434, 100
2026/09/29 12:09:46.322, 2, 17434, 100
2026/09/29 12:09:46.322, 3, 17434, 100
2026/09/29 12:09:46.322, 4, 17434, 100
2026/09/29 12:09:46.322, 5, 17434, 100
2026/09/29 12:09:46.322, 6, 17434, 100
2026/09/29 12:09:46.322, 7, 17434, 100
2026/09/29 12:09:47.322, 0, 17434, 100
2026/09/29 12:09:47.322, 1, 17434, 100
2026/09/29 12:09:47.322, 2, 17434, 100
2026/09/29 12:09:47.322, 3, 17434, 100
2026/09/29 12:09:47.322, 4, 17434, 100
2026/09/29 12:09:47.322, 5, 17434, 100
2026/09/29 12:09:47.322, 6, 17434, 100
2026/09/29 12:09:47.322, 7, 17434, 100
2026/09/29 12:09:48.323, 0, 17434, 100
2026/09/29 12:09:48.323, 1, 17434, 100
2026/09/29 12:09:48.323, 2, 17434, 100
2026/09/29 12:09:48.323, 3, 17434, 100
2026/09/29 12:09:48.323, 4, 17434, 100
2026/09/29 12:09:48.323, 5, 17434, 100
2026/09/29 12:09:48.323, 6, 17434, 100
2026/09/29 12:09:48.323, 7, 17434, 100
2026/09/29 12:09:49.323, 0, 17434, 100
2026/09/29 12:09:49.323, 1, 17434, 100
2026/09/29 12:09:49.323, 2, 17434, 100
2026/09/29 12:09:49.323, 3, 17434, 100
2026/09/29 12:09:49.323, 4, 17434, 100
2026/09/29 12:09:49.323, 5, 17434, 100
2026/09/29 12:09:49.323, 6, 17434, 100
2026/09/29 12:09:49.323, 7, 17434, 100
2026/09/29 12:09:50.324, 0, 17434, 100
2026/09/29 12:09:50.324, 1, 17434, 100
2026/09/29 12:09:50.324, 2, 17434, 100
2026/09/29 12:09:50.324, 3, 17434, 100
2026/09/29 12:09:50.324, 4, 17434, 100
2026/09/29 12:09:50.324, 5, 17434, 100
2026/09/29 12:09:50.324, 6, 17434, 100
2026/09/29 12:09:50.325, 7, 17434, 100
2026/09/29 12:09:51.325, 0, 17434, 100
2026/09/29 12:09:51.325, 1, 17434, 100
2026/09/29 12:09:51.325, 2, 17434, 100
2026/09/29 12:09:51.325, 3, 17434, 100
2026/09/29 12:09:51.325, 4, 17434, 100
2026/09/29 12:09:51.325, 5, 17434, 100
2026/09/29 12:09:51.325, 6, 17434, 100
2026/09/29 12:09:51.325, 7, 17434, 100
2026/09/29 12:09:52.325, 0, 17434, 100
2026/09/29 12:09:52.325, 1, 17434, 100
2026/09/29 12:09:52.325, 2, 17434, 100
2026/09/29 12:09:52.326, 3, 17434, 100
2026/09/29 12:09:52.326, 4, 17434, 100
2026/09/29 12:09:52.326, 5, 17434, 100
2026/09/29 12:09:52.326, 6, 17434, 100
2026/09/29 12:09:52.326, 7, 17434, 100
2026/09/29 12:09:53.326, 0, 17434, 100
2026/09/29 12:09:53.326, 1, 17434, 100
2026/09/29 12:09:53.326, 2, 17434, 100
2026/09/29 12:09:53.326, 3, 17434, 100
2026/09/29 12:09:53.326, 4, 17434, 100
2026/09/29 12:09:53.326, 5, 17434, 100
2026/09/29 12:09:53.326, 6, 17434, 100
2026/09/29 12:09:53.326, 7, 17434, 100
2026/09/29 12:09:54.326, 0, 17434, 100
2026/09/29 12:09:54.326, 1, 17434, 100
2026/09/29 12:09:54.326, 2, 17434, 100
2026/09/29 12:09:54.327, 3, 17434, 100
2026/09/29 12:09:54.327, 4, 17434, 100
2026/09/29 12:09:54.327, 5, 17434, 100
2026/09/29 12:09:54.327, 6, 17434, 100
2026/09/29 12:09:54.327, 7, 17434, 100
2026/09/29 12:09:55.327, 0, 17434, 100
2026/09/29 12:09:55.327, 1, 17434, 100
2026/09/29 12:09:55.327, 2, 17434, 100
2026/09/29 12:09:55.327, 3, 17434, 100
2026/09/29 12:09:55.327, 4, 17434, 100
2026/09/29 12:09:55.327, 5, 17434, 100
2026/09/29 12:09:55.327, 6, 17434, 100
2026/09/29 12:09:55.327, 7, 17434, 100
2026/09/29 12:09:56.327, 0, 17434, 0
2026/09/29 12:09:56.327, 1, 17434, 100
2026/09/29 12:09:56.327, 2, 17434, 100
2026/09/29 12:09:56.327, 3, 17434, 100
2026/09/29 12:09:56.328, 4, 17434, 100
2026/09/29 12:09:56.328, 5, 17434, 100
2026/09/29 12:09:56.328, 6, 17434, 100
2026/09/29 12:09:56.328, 7, 17434, 100
2026/09/29 12:09:57.328, 0, 17434, 100
2026/09/29 12:09:57.328, 1, 17434, 100
2026/09/29 12:09:57.328, 2, 17434, 100
2026/09/29 12:09:57.328, 3, 17434, 100
2026/09/29 12:09:57.328, 4, 17434, 100
2026/09/29 12:09:57.328, 5, 17434, 100
2026/09/29 12:09:57.328, 6, 17434, 0
2026/09/29 12:09:57.328, 7, 17434, 100
2026/09/29 12:09:58.328, 0, 17434, 100
2026/09/29 12:09:58.329, 1, 17434, 100
2026/09/29 12:09:58.329, 2, 17434, 100
2026/09/29 12:09:58.329, 3, 17434, 100
2026/09/29 12:09:58.329, 4, 17434, 100
2026/09/29 12:09:58.329, 5, 17434, 100
2026/09/29 12:09:58.329, 6, 17434, 100
2026/09/29 12:09:58.329, 7, 17434, 100
2026/09/29 12:09:59.329, 0, 17434, 100
2026/09/29 12:09:59.329, 1, 17434, 100
2026/09/29 12:09:59.329, 2, 17434, 100
2026/09/29 12:09:59.329, 3, 17434, 100
2026/09/29 12:09:59.329, 4, 17434, 100
2026/09/29 12:09:59.329, 5, 17434, 100
2026/09/29 12:09:59.329, 6, 17434, 100
2026/09/29 12:09:59.329, 7, 17434, 100
2026/09/29 12:10:00.330, 0, 17434, 100
2026/09/29 12:10:00.331, 1, 17434, 100
2026/09/29 12:10:00.331, 2, 17434, 100
2026/09/29 12:10:00.331, 3, 17434, 100
2026/09/29 12:10:00.331, 4, 17434, 100
2026/09/29 12:10:00.331, 5, 17434, 100
2026/09/29 12:10:00.331, 6, 17434, 100
2026/09/29 12:10:00.331, 7, 17434, 100
2026/09/29 12:10:01.332, 0, 17434, 100
2026/09/29 12:10:01.332, 1, 17434, 100
2026/09/29 12:10:01.332, 2, 17434, 100
2026/09/29 12:10:01.332, 3, 17434, 100
2026/09/29 12:10:01.332, 4, 17434, 100
2026/09/29 12:10:01.332, 5, 17434, 100
2026/09/29 12:10:01.332, 6, 17434, 100
2026/09/29 12:10:01.332, 7, 17434, 100
2026/09/29 12:10:02.332, 0, 17434, 100
2026/09/29 12:10:02.332, 1, 17434, 100
2026/09/29 12:10:02.332, 2, 17434, 100
2026/09/29 12:10:02.332, 3, 17434, 100
2026/09/29 12:10:02.332, 4, 17434, 100
2026/09/29 12:10:02.332, 5, 17434, 99
2026/09/29 12:10:02.332, 6, 17434, 100
2026/09/29 12:10:02.332, 7, 17434, 100
2026/09/29 12:10:03.333, 0, 17434, 100
2026/09/29 12:10:03.333, 1, 17434, 100
2026/09/29 12:10:03.333, 2, 17434, 100
2026/09/29 12:10:03.333, 3, 17434, 100
2026/09/29 12:10:03.333, 4, 17434, 100
2026/09/29 12:10:03.333, 5, 17434, 100
2026/09/29 12:10:03.333, 6, 17434, 100
2026/09/29 12:10:03.333, 7, 17434, 100
2026/09/29 12:10:04.333, 0, 17434, 100
2026/09/29 12:10:04.333, 1, 17434, 100
2026/09/29 12:10:04.333, 2, 17434, 100
2026/09/29 12:10:04.333, 3, 17434, 100
2026/09/29 12:10:04.333, 4, 17434, 100
2026/09/29 12:10:04.333, 5, 17434, 100
2026/09/29 12:10:04.333, 6, 17434, 100
2026/09/29 12:10:04.334, 7, 17434, 100
2026/09/29 12:10:05.334, 0, 17434, 100
2026/09/29 12:10:05.334, 1, 17434, 100
2026/09/29 12:10:05.334, 2, 17434, 100
2026/09/29 12:10:05.334, 3, 17434, 100
2026/09/29 12:10:05.334, 4, 17434, 100
2026/09/29 12:10:05.334, 5, 17434, 100
2026/09/29 12:10:05.334, 6, 17434, 100
2026/09/29 12:10:05.334, 7, 17434, 100
2026/09/29 12:10:06.334, 0, 17434, 100
2026/09/29 12:10:06.335, 1, 17434, 100
2026/09/29 12:10:06.335, 2, 17434, 100
2026/09/29 12:10:06.335, 3, 17434, 100
2026/09/29 12:10:06.335, 4, 17434, 100
2026/09/29 12:10:06.335, 5, 17434, 100
2026/09/29 12:10:06.335, 6, 17434, 100
2026/09/29 12:10:06.335, 7, 17434, 100
2026/09/29 12:10:07.335, 0, 17434, 96
2026/09/29 12:10:07.335, 1, 17434, 96
2026/09/29 12:10:07.335, 2, 17434, 96
2026/09/29 12:10:07.335, 3, 17434, 97
2026/09/29 12:10:07.336, 4, 17434, 100
2026/09/29 12:10:07.336, 5, 17434, 98
2026/09/29 12:10:07.336, 6, 17434, 100
2026/09/29 12:10:07.336, 7, 17434, 100
2026/09/29 12:10:08.336, 0, 17434, 100
2026/09/29 12:10:08.336, 1, 17434, 100
2026/09/29 12:10:08.336, 2, 17434, 100
2026/09/29 12:10:08.336, 3, 17434, 100
2026/09/29 12:10:08.336, 4, 17434, 100
2026/09/29 12:10:08.336, 5, 17434, 100
2026/09/29 12:10:08.336, 6, 17434, 100
2026/09/29 12:10:08.336, 7, 17434, 100
2026/09/29 12:10:09.336, 0, 17434, 100
2026/09/29 12:10:09.337, 1, 17434, 100
2026/09/29 12:10:09.337, 2, 17434, 100
2026/09/29 12:10:09.337, 3, 17434, 100
2026/09/29 12:10:09.337, 4, 17434, 100
2026/09/29 12:10:09.337, 5, 17434, 100
2026/09/29 12:10:09.337, 6, 17434, 100
2026/09/29 12:10:09.337, 7, 17434, 100
2026/09/29 12:10:10.337, 0, 17434, 100
2026/09/29 12:10:10.337, 1, 17434, 100
2026/09/29 12:10:10.337, 2, 17434, 100
2026/09/29 12:10:10.337, 3, 17434, 100
2026/09/29 12:10:10.337, 4, 17434, 100
2026/09/29 12:10:10.337, 5, 17434, 100
2026/09/29 12:10:10.337, 6, 17434, 100
2026/09/29 12:10:10.338, 7, 17434, 100
2026/09/29 12:10:11.338, 0, 17434, 100
2026/09/29 12:10:11.338, 1, 17434, 100
2026/09/29 12:10:11.338, 2, 17434, 100
2026/09/29 12:10:11.338, 3, 17434, 100
2026/09/29 12:10:11.338, 4, 17434, 100
2026/09/29 12:10:11.338, 5, 17434, 100
2026/09/29 12:10:11.338, 6, 17434, 100
2026/09/29 12:10:11.338, 7, 17434, 100
2026/09/29 12:10:12.338, 0, 17434, 100
2026/09/29 12:10:12.338, 1, 17434, 100
2026/09/29 12:10:12.338, 2, 17434, 100
2026/09/29 12:10:12.338, 3, 17434, 100
2026/09/29 12:10:12.339, 4, 17434, 100
2026/09/29 12:10:12.339, 5, 17434, 100
2026/09/29 12:10:12.339, 6, 17434, 100
2026/09/29 12:10:12.339, 7, 17434, 100
2026/09/29 12:10:13.339, 0, 17434, 100
2026/09/29 12:10:13.339, 1, 17434, 100
2026/09/29 12:10:13.339, 2, 17434, 100
2026/09/29 12:10:13.339, 3, 17434, 100
2026/09/29 12:10:13.339, 4, 17434, 100
2026/09/29 12:10:13.339, 5, 17434, 100
2026/09/29 12:10:13.339, 6, 17434, 96
2026/09/29 12:10:13.339, 7, 17434, 100
2026/09/29 12:10:14.339, 0, 17434, 100
2026/09/29 12:10:14.340, 1, 17434, 100
2026/09/29 12:10:14.340, 2, 17434, 100
2026/09/29 12:10:14.340, 3, 17434, 100
2026/09/29 12:10:14.340, 4, 17434, 100
2026/09/29 12:10:14.340, 5, 17434, 100
2026/09/29 12:10:14.340, 6, 17434, 100
2026/09/29 12:10:14.340, 7, 17434, 100
2026/09/29 12:10:15.340, 0, 17434, 100
2026/09/29 12:10:15.340, 1, 17434, 100
2026/09/29 12:10:15.340, 2, 17434, 100
2026/09/29 12:10:15.340, 3, 17434, 100
2026/09/29 12:10:15.340, 4, 17434, 100
2026/09/29 12:10:15.340, 5, 17434, 100
2026/09/29 12:10:15.340, 6, 17434, 100
2026/09/29 12:10:15.340, 7, 17434, 100
2026/09/29 12:10:16.341, 0, 17434, 100
2026/09/29 12:10:16.341, 1, 17434, 100
2026/09/29 12:10:16.341, 2, 17434, 100
2026/09/29 12:10:16.341, 3, 17434, 100
2026/09/29 12:10:16.341, 4, 17434, 100
2026/09/29 12:10:16.341, 5, 17434, 100
2026/09/29 12:10:16.341, 6, 17434, 100
2026/09/29 12:10:16.341, 7, 17434, 100
2026/09/29 12:10:17.341, 0, 17434, 100
2026/09/29 12:10:17.341, 1, 17434, 100
2026/09/29 12:10:17.341, 2, 17434, 100
2026/09/29 12:10:17.341, 3, 17434, 100
2026/09/29 12:10:17.341, 4, 17434, 100
2026/09/29 12:10:17.342, 5, 17434, 100
2026/09/29 12:10:17.342, 6, 17434, 100
2026/09/29 12:10:17.342, 7, 17434, 100
2026/09/29 12:10:18.342, 0, 17434, 100
2026/09/29 12:10:18.342, 1, 17434, 100
2026/09/29 12:10:18.342, 2, 17434, 100
2026/09/29 12:10:18.342, 3, 17434, 100
2026/09/29 12:10:18.342, 4, 17434, 100
2026/09/29 12:10:18.342, 5, 17434, 100
2026/09/29 12:10:18.342, 6, 17434, 99
2026/09/29 12:10:18.342, 7, 17434, 100
2026/09/29 12:10:19.342, 0, 17434, 100
2026/09/29 12:10:19.343, 1, 17434, 100
2026/09/29 12:10:19.343, 2, 17434, 100
2026/09/29 12:10:19.343, 3, 17434, 100
2026/09/29 12:10:19.343, 4, 17434, 100
2026/09/29 12:10:19.343, 5, 17434, 100
2026/09/29 12:10:19.343, 6, 17434, 100
2026/09/29 12:10:19.343, 7, 17434, 100
2026/09/29 12:10:20.343, 0, 17434, 100
2026/09/29 12:10:20.343, 1, 17434, 100
2026/09/29 12:10:20.343, 2, 17434, 100
2026/09/29 12:10:20.343, 3, 17434, 100
2026/09/29 12:10:20.343, 4, 17434, 100
2026/09/29 12:10:20.343, 5, 17434, 100
2026/09/29 12:10:20.343, 6, 17434, 100
2026/09/29 12:10:20.343, 7, 17434, 100
2026/09/29 12:10:21.344, 0, 17434, 100
2026/09/29 12:10:21.344, 1, 17434, 100
2026/09/29 12:10:21.344, 2, 17434, 100
2026/09/29 12:10:21.344, 3, 17434, 100
2026/09/29 12:10:21.344, 4, 17434, 100
2026/09/29 12:10:21.344, 5, 17434, 100
2026/09/29 12:10:21.344, 6, 17434, 100
2026/09/29 12:10:21.344, 7, 17434, 100
2026/09/29 12:10:22.344, 0, 17434, 100
2026/09/29 12:10:22.344, 1, 17434, 100
2026/09/29 12:10:22.344, 2, 17434, 100
2026/09/29 12:10:22.344, 3, 17434, 100
2026/09/29 12:10:22.345, 4, 17434, 100
2026/09/29 12:10:22.345, 5, 17434, 100
2026/09/29 12:10:22.345, 6, 17434, 100
2026/09/29 12:10:22.345, 7, 17434, 100
2026/09/29 12:10:23.345, 0, 17434, 100
2026/09/29 12:10:23.345, 1, 17434, 100
2026/09/29 12:10:23.345, 2, 17434, 100
2026/09/29 12:10:23.345, 3, 17434, 100
2026/09/29 12:10:23.345, 4, 17434, 100
2026/09/29 12:10:23.346, 5, 17434, 100
2026/09/29 12:10:23.346, 6, 17434, 99
2026/09/29 12:10:23.346, 7, 17434, 100
2026/09/29 12:10:24.346, 0, 17434, 100
2026/09/29 12:10:24.346, 1, 17434, 100
2026/09/29 12:10:24.346, 2, 17434, 100
2026/09/29 12:10:24.346, 3, 17434, 100
2026/09/29 12:10:24.346, 4, 17434, 100
2026/09/29 12:10:24.346, 5, 17434, 100
2026/09/29 12:10:24.346, 6, 17434, 100
2026/09/29 12:10:24.346, 7, 17434, 100
2026/09/29 12:10:25.346, 0, 17434, 100
2026/09/29 12:10:25.346, 1, 17434, 100
2026/09/29 12:10:25.347, 2, 17434, 100
2026/09/29 12:10:25.347, 3, 17434, 100
2026/09/29 12:10:25.347, 4, 17434, 100
2026/09/29 12:10:25.347, 5, 17434, 100
2026/09/29 12:10:25.347, 6, 17434, 100
2026/09/29 12:10:25.347, 7, 17434, 100
2026/09/29 12:10:26.347, 0, 17434, 100
2026/09/29 12:10:26.347, 1, 17434, 100
2026/09/29 12:10:26.347, 2, 17434, 100
2026/09/29 12:10:26.347, 3, 17434, 100
2026/09/29 12:10:26.347, 4, 17434, 100
2026/09/29 12:10:26.347, 5, 17434, 100
2026/09/29 12:10:26.347, 6, 17434, 100
2026/09/29 12:10:26.347, 7, 17434, 100
2026/09/29 12:10:27.347, 0, 17434, 100
2026/09/29 12:10:27.348, 1, 17434, 100
2026/09/29 12:10:27.348, 2, 17434, 100
2026/09/29 12:10:27.348, 3, 17434, 100
2026/09/29 12:10:27.348, 4, 17434, 100
2026/09/29 12:10:27.348, 5, 17434, 100
2026/09/29 12:10:27.348, 6, 17434, 100
2026/09/29 12:10:27.348, 7, 17434, 100
2026/09/29 12:10:28.348, 0, 17434, 100
2026/09/29 12:10:28.348, 1, 17434, 100
2026/09/29 12:10:28.348, 2, 17434, 100
2026/09/29 12:10:28.348, 3, 17434, 100
2026/09/29 12:10:28.348, 4, 17434, 97
2026/09/29 12:10:28.348, 5, 17434, 100
2026/09/29 12:10:28.348, 6, 17434, 100
2026/09/29 12:10:28.349, 7, 17434, 95
2026/09/29 12:10:29.349, 0, 17434, 100
2026/09/29 12:10:29.349, 1, 17434, 100
2026/09/29 12:10:29.349, 2, 17434, 100
2026/09/29 12:10:29.349, 3, 17434, 100
2026/09/29 12:10:29.349, 4, 17434, 100
2026/09/29 12:10:29.349, 5, 17434, 100
2026/09/29 12:10:29.349, 6, 17434, 100
2026/09/29 12:10:29.349, 7, 17434, 100
2026/09/29 12:10:30.349, 0, 17434, 100
2026/09/29 12:10:30.349, 1, 17434, 100
2026/09/29 12:10:30.349, 2, 17434, 100
2026/09/29 12:10:30.349, 3, 17434, 100
2026/09/29 12:10:30.349, 4, 17434, 100
2026/09/29 12:10:30.349, 5, 17434, 100
2026/09/29 12:10:30.349, 6, 17434, 100
2026/09/29 12:10:30.350, 7, 17434, 100
2026/09/29 12:10:31.350, 0, 17434, 100
2026/09/29 12:10:31.350, 1, 17434, 100
2026/09/29 12:10:31.350, 2, 17434, 100
2026/09/29 12:10:31.350, 3, 17434, 100
2026/09/29 12:10:31.350, 4, 17434, 100
2026/09/29 12:10:31.350, 5, 17434, 100
2026/09/29 12:10:31.350, 6, 17434, 100
2026/09/29 12:10:31.350, 7, 17434, 100
2026/09/29 12:10:32.350, 0, 17434, 100
2026/09/29 12:10:32.351, 1, 17434, 100
2026/09/29 12:10:32.351, 2, 17434, 100
2026/09/29 12:10:32.351, 3, 17434, 100
2026/09/29 12:10:32.351, 4, 17434, 100
2026/09/29 12:10:32.351, 5, 17434, 100
2026/09/29 12:10:32.351, 6, 17434, 100
2026/09/29 12:10:32.351, 7, 17434, 100
2026/09/29 12:10:33.351, 0, 17434, 100
2026/09/29 12:10:33.351, 1, 17434, 100
2026/09/29 12:10:33.351, 2, 17434, 100
2026/09/29 12:10:33.351, 3, 17434, 100
2026/09/29 12:10:33.351, 4, 17434, 100
2026/09/29 12:10:33.351, 5, 17434, 100
2026/09/29 12:10:33.351, 6, 17434, 100
2026/09/29 12:10:33.351, 7, 17434, 100
2026/09/29 12:10:34.352, 0, 17434, 100
2026/09/29 12:10:34.352, 1, 17434, 100
2026/09/29 12:10:34.352, 2, 17434, 100
2026/09/29 12:10:34.352, 3, 17434, 100
2026/09/29 12:10:34.352, 4, 17434, 100
2026/09/29 12:10:34.352, 5, 17434, 100
2026/09/29 12:10:34.352, 6, 17434, 100
2026/09/29 12:10:34.352, 7, 17434, 100
2026/09/29 12:10:35.352, 0, 17434, 100
2026/09/29 12:10:35.352, 1, 17434, 100
2026/09/29 12:10:35.352, 2, 17434, 100
2026/09/29 12:10:35.352, 3, 17434, 100
2026/09/29 12:10:35.352, 4, 17434, 100
2026/09/29 12:10:35.352, 5, 17434, 100
2026/09/29 12:10:35.353, 6, 17434, 100
2026/09/29 12:10:35.353, 7, 17434, 100
2026/09/29 12:10:36.353, 0, 17434, 100
2026/09/29 12:10:36.353, 1, 17434, 100
2026/09/29 12:10:36.353, 2, 17434, 100
2026/09/29 12:10:36.353, 3, 17434, 100
2026/09/29 12:10:36.353, 4, 17434, 100
2026/09/29 12:10:36.353, 5, 17434, 100
2026/09/29 12:10:36.353, 6, 17434, 100
2026/09/29 12:10:36.353, 7, 17434, 100
2026/09/29 12:10:37.353, 0, 17434, 100
2026/09/29 12:10:37.354, 1, 17434, 100
2026/09/29 12:10:37.354, 2, 17434, 100
2026/09/29 12:10:37.354, 3, 17434, 100
2026/09/29 12:10:37.354, 4, 17434, 100
2026/09/29 12:10:37.354, 5, 17434, 100
2026/09/29 12:10:37.354, 6, 17434, 100
2026/09/29 12:10:37.354, 7, 17434, 100
2026/09/29 12:10:38.354, 0, 17434, 100
2026/09/29 12:10:38.354, 1, 17434, 100
2026/09/29 12:10:38.354, 2, 17434, 100
2026/09/29 12:10:38.354, 3, 17434, 100
2026/09/29 12:10:38.354, 4, 17434, 100
2026/09/29 12:10:38.355, 5, 17434, 100
2026/09/29 12:10:38.355, 6, 17434, 100
2026/09/29 12:10:38.355, 7, 17434, 100
2026/09/29 12:10:39.355, 0, 17434, 100
2026/09/29 12:10:39.355, 1, 17434, 100
2026/09/29 12:10:39.355, 2, 17434, 100
2026/09/29 12:10:39.355, 3, 17434, 100
2026/09/29 12:10:39.355, 4, 17434, 100
2026/09/29 12:10:39.355, 5, 17434, 100
2026/09/29 12:10:39.355, 6, 17434, 100
2026/09/29 12:10:39.355, 7, 17434, 100
2026/09/29 12:10:40.355, 0, 17434, 100
2026/09/29 12:10:40.355, 1, 17434, 100
2026/09/29 12:10:40.355, 2, 17434, 100
2026/09/29 12:10:40.356, 3, 17434, 100
2026/09/29 12:10:40.356, 4, 17434, 100
2026/09/29 12:10:40.356, 5, 17434, 100
2026/09/29 12:10:40.356, 6, 17434, 100
2026/09/29 12:10:40.356, 7, 17434, 100
2026/09/29 12:10:41.356, 0, 17434, 100
2026/09/29 12:10:41.356, 1, 17434, 100
2026/09/29 12:10:41.356, 2, 17434, 100
2026/09/29 12:10:41.356, 3, 17434, 100
2026/09/29 12:10:41.356, 4, 17434, 100
2026/09/29 12:10:41.356, 5, 17434, 100
2026/09/29 12:10:41.356, 6, 17434, 100
2026/09/29 12:10:41.356, 7, 17434, 100
2026/09/29 12:10:42.356, 0, 17434, 100
2026/09/29 12:10:42.357, 1, 17434, 100
2026/09/29 12:10:42.357, 2, 17434, 100
2026/09/29 12:10:42.357, 3, 17434, 100
2026/09/29 12:10:42.357, 4, 17434, 100
2026/09/29 12:10:42.357, 5, 17434, 100
2026/09/29 12:10:42.357, 6, 17434, 100
2026/09/29 12:10:42.357, 7, 17434, 100
2026/09/29 12:10:43.357, 0, 17434, 100
2026/09/29 12:10:43.357, 1, 17434, 98
2026/09/29 12:10:43.357, 2, 17434, 94
2026/09/29 12:10:43.357, 3, 17434, 100
2026/09/29 12:10:43.357, 4, 17434, 100
2026/09/29 12:10:43.357, 5, 17434, 96
2026/09/29 12:10:43.357, 6, 17434, 100
2026/09/29 12:10:43.357, 7, 17434, 100
2026/09/29 12:10:44.358, 0, 17434, 100
2026/09/29 12:10:44.358, 1, 17434, 100
2026/09/29 12:10:44.358, 2, 17434, 100
2026/09/29 12:10:44.358, 3, 17434, 100
2026/09/29 12:10:44.358, 4, 17434, 100
2026/09/29 12:10:44.358, 5, 17434, 100
2026/09/29 12:10:44.358, 6, 17434, 100
2026/09/29 12:10:44.358, 7, 17434, 100
2026/09/29 12:10:45.358, 0, 17434, 100
2026/09/29 12:10:45.359, 1, 17434, 100
2026/09/29 12:10:45.359, 2, 17434, 100
2026/09/29 12:10:45.359, 3, 17434, 100
2026/09/29 12:10:45.359, 4, 17434, 100
2026/09/29 12:10:45.359, 5, 17434, 100
2026/09/29 12:10:45.359, 6, 17434, 100
2026/09/29 12:10:45.359, 7, 17434, 100
2026/09/29 12:10:46.359, 0, 17434, 100
2026/09/29 12:10:46.359, 1, 17434, 100
2026/09/29 12:10:46.359, 2, 17434, 100
2026/09/29 12:10:46.359, 3, 17434, 100
2026/09/29 12:10:46.359, 4, 17434, 100
2026/09/29 12:10:46.359, 5, 17434, 100
2026/09/29 12:10:46.359, 6, 17434, 100
2026/09/29 12:10:46.359, 7, 17434, 100
2026/09/29 12:10:47.359, 0, 17434, 100
2026/09/29 12:10:47.359, 1, 17434, 100
2026/09/29 12:10:47.360, 2, 17434, 100
2026/09/29 12:10:47.360, 3, 17434, 100
2026/09/29 12:10:47.360, 4, 17434, 100
2026/09/29 12:10:47.360, 5, 17434, 100
2026/09/29 12:10:47.360, 6, 17434, 100
2026/09/29 12:10:47.360, 7, 17434, 100
2026/09/29 12:10:48.360, 0, 17434, 100
2026/09/29 12:10:48.360, 1, 17434, 100
2026/09/29 12:10:48.360, 2, 17434, 100
2026/09/29 12:10:48.360, 3, 17434, 97
2026/09/29 12:10:48.360, 4, 17434, 100
2026/09/29 12:10:48.360, 5, 17434, 100
2026/09/29 12:10:48.360, 6, 17434, 100
2026/09/29 12:10:48.360, 7, 17434, 100
2026/09/29 12:10:49.361, 0, 17434, 100
2026/09/29 12:10:49.361, 1, 17434, 100
2026/09/29 12:10:49.361, 2, 17434, 100
2026/09/29 12:10:49.361, 3, 17434, 100
2026/09/29 12:10:49.361, 4, 17434, 100
2026/09/29 12:10:49.361, 5, 17434, 100
2026/09/29 12:10:49.361, 6, 17434, 99
2026/09/29 12:10:49.361, 7, 17434, 100
2026/09/29 12:10:50.361, 0, 17434, 100
2026/09/29 12:10:50.361, 1, 17434, 100
2026/09/29 12:10:50.361, 2, 17434, 100
2026/09/29 12:10:50.361, 3, 17434, 100
2026/09/29 12:10:50.361, 4, 17434, 100
2026/09/29 12:10:50.361, 5, 17434, 100
2026/09/29 12:10:50.361, 6, 17434, 100
2026/09/29 12:10:50.362, 7, 17434, 100
2026/09/29 12:10:51.362, 0, 17434, 100
2026/09/29 12:10:51.365, 1, 17434, 100
2026/09/29 12:10:51.366, 2, 17434, 100
2026/09/29 12:10:51.366, 3, 17434, 100
2026/09/29 12:10:51.366, 4, 17434, 100
2026/09/29 12:10:51.366, 5, 17434, 100
2026/09/29 12:10:51.366, 6, 17434, 100
2026/09/29 12:10:51.366, 7, 17434, 100
2026/09/29 12:10:52.366, 0, 17434, 100
2026/09/29 12:10:52.366, 1, 17434, 100
2026/09/29 12:10:52.366, 2, 17434, 100
2026/09/29 12:10:52.366, 3, 17434, 100
2026/09/29 12:10:52.366, 4, 17434, 100
2026/09/29 12:10:52.366, 5, 17434, 100
2026/09/29 12:10:52.366, 6, 17434, 100
2026/09/29 12:10:52.367, 7, 17434, 100
2026/09/29 12:10:53.367, 0, 17434, 100
2026/09/29 12:10:53.367, 1, 17434, 100
2026/09/29 12:10:53.367, 2, 17434, 100
2026/09/29 12:10:53.367, 3, 17434, 100
2026/09/29 12:10:53.367, 4, 17434, 100
2026/09/29 12:10:53.367, 5, 17434, 100
2026/09/29 12:10:53.367, 6, 17434, 100
2026/09/29 12:10:53.367, 7, 17434, 100
2026/09/29 12:10:54.367, 0, 17434, 100
2026/09/29 12:10:54.367, 1, 17434, 100
2026/09/29 12:10:54.367, 2, 17434, 100
2026/09/29 12:10:54.367, 3, 17434, 100
2026/09/29 12:10:54.367, 4, 17434, 100
2026/09/29 12:10:54.367, 5, 17434, 100
2026/09/29 12:10:54.368, 6, 17434, 100
2026/09/29 12:10:54.368, 7, 17434, 100
2026/09/29 12:10:55.368, 0, 17434, 100
2026/09/29 12:10:55.368, 1, 17434, 100
2026/09/29 12:10:55.368, 2, 17434, 100
2026/09/29 12:10:55.368, 3, 17434, 100
2026/09/29 12:10:55.368, 4, 17434, 100
2026/09/29 12:10:55.368, 5, 17434, 100
2026/09/29 12:10:55.368, 6, 17434, 100
2026/09/29 12:10:55.368, 7, 17434, 100
2026/09/29 12:10:56.368, 0, 17434, 100
2026/09/29 12:10:56.368, 1, 17434, 100
2026/09/29 12:10:56.368, 2, 17434, 100
2026/09/29 12:10:56.368, 3, 17434, 100
2026/09/29 12:10:56.369, 4, 17434, 100
2026/09/29 12:10:56.369, 5, 17434, 100
2026/09/29 12:10:56.369, 6, 17434, 100
2026/09/29 12:10:56.369, 7, 17434, 100
2026/09/29 12:10:57.369, 0, 17434, 100
2026/09/29 12:10:57.369, 1, 17434, 100
2026/09/29 12:10:57.369, 2, 17434, 100
2026/09/29 12:10:57.369, 3, 17434, 100
2026/09/29 12:10:57.369, 4, 17434, 100
2026/09/29 12:10:57.369, 5, 17434, 100
2026/09/29 12:10:57.369, 6, 17434, 100
2026/09/29 12:10:57.369, 7, 17434, 100
2026/09/29 12:10:58.369, 0, 17434, 100
2026/09/29 12:10:58.369, 1, 17434, 100
2026/09/29 12:10:58.369, 2, 17434, 100
2026/09/29 12:10:58.370, 3, 17434, 100
2026/09/29 12:10:58.370, 4, 17434, 100
2026/09/29 12:10:58.370, 5, 17434, 100
2026/09/29 12:10:58.370, 6, 17434, 100
2026/09/29 12:10:58.370, 7, 17434, 100
2026/09/29 12:10:59.370, 0, 17434, 100
2026/09/29 12:10:59.370, 1, 17434, 100
2026/09/29 12:10:59.370, 2, 17434, 100
2026/09/29 12:10:59.370, 3, 17434, 100
2026/09/29 12:10:59.370, 4, 17434, 100
2026/09/29 12:10:59.370, 5, 17434, 100
2026/09/29 12:10:59.370, 6, 17434, 100
2026/09/29 12:10:59.370, 7, 17434, 100
2026/09/29 12:11:00.370, 0, 17434, 100
2026/09/29 12:11:00.371, 1, 17434, 100
2026/09/29 12:11:00.371, 2, 17434, 100
2026/09/29 12:11:00.371, 3, 17434, 100
2026/09/29 12:11:00.371, 4, 17434, 100
2026/09/29 12:11:00.371, 5, 17434, 100
2026/09/29 12:11:00.371, 6, 17434, 100
2026/09/29 12:11:00.371, 7, 17434, 100
2026/09/29 12:11:01.371, 0, 17434, 100
2026/09/29 12:11:01.371, 1, 17434, 100
2026/09/29 12:11:01.371, 2, 17434, 100
2026/09/29 12:11:01.371, 3, 17434, 100
2026/09/29 12:11:01.371, 4, 17434, 100
2026/09/29 12:11:01.371, 5, 17434, 100
2026/09/29 12:11:01.371, 6, 17434, 100
2026/09/29 12:11:01.371, 7, 17434, 100
2026/09/29 12:11:02.372, 0, 17434, 100
2026/09/29 12:11:02.372, 1, 17434, 100
2026/09/29 12:11:02.372, 2, 17434, 100
2026/09/29 12:11:02.372, 3, 17434, 100
2026/09/29 12:11:02.372, 4, 17434, 100
2026/09/29 12:11:02.372, 5, 17434, 100
2026/09/29 12:11:02.372, 6, 17434, 100
2026/09/29 12:11:02.372, 7, 17434, 100
2026/09/29 12:11:03.372, 0, 17434, 100
2026/09/29 12:11:03.372, 1, 17434, 100
2026/09/29 12:11:03.372, 2, 17434, 100
2026/09/29 12:11:03.372, 3, 17434, 100
2026/09/29 12:11:03.372, 4, 17434, 100
2026/09/29 12:11:03.373, 5, 17434, 100
2026/09/29 12:11:03.373, 6, 17434, 100
2026/09/29 12:11:03.373, 7, 17434, 100
2026/09/29 12:11:04.373, 0, 17434, 100
2026/09/29 12:11:04.373, 1, 17434, 100
2026/09/29 12:11:04.373, 2, 17434, 100
2026/09/29 12:11:04.373, 3, 17434, 100
2026/09/29 12:11:04.373, 4, 17434, 98
2026/09/29 12:11:04.373, 5, 17434, 100
2026/09/29 12:11:04.373, 6, 17434, 100
2026/09/29 12:11:04.373, 7, 17434, 96
2026/09/29 12:11:05.373, 0, 17434, 100
2026/09/29 12:11:05.373, 1, 17434, 100
2026/09/29 12:11:05.373, 2, 17434, 100
2026/09/29 12:11:05.374, 3, 17434, 100
2026/09/29 12:11:05.374, 4, 17434, 100
2026/09/29 12:11:05.374, 5, 17434, 100
2026/09/29 12:11:05.374, 6, 17434, 100
2026/09/29 12:11:05.374, 7, 17434, 100
2026/09/29 12:11:06.374, 0, 17434, 100
2026/09/29 12:11:06.374, 1, 17434, 100
2026/09/29 12:11:06.374, 2, 17434, 100
2026/09/29 12:11:06.375, 3, 17434, 100
2026/09/29 12:11:06.375, 4, 17434, 100
2026/09/29 12:11:06.375, 5, 17434, 100
2026/09/29 12:11:06.375, 6, 17434, 100
2026/09/29 12:11:06.381, 7, 17434, 100
2026/09/29 12:11:07.381, 0, 17434, 100
2026/09/29 12:11:07.381, 1, 17434, 100
2026/09/29 12:11:07.381, 2, 17434, 100
2026/09/29 12:11:07.381, 3, 17434, 100
2026/09/29 12:11:07.381, 4, 17434, 100
2026/09/29 12:11:07.381, 5, 17434, 100
2026/09/29 12:11:07.381, 6, 17434, 100
2026/09/29 12:11:07.381, 7, 17434, 100
2026/09/29 12:11:08.381, 0, 17434, 100
2026/09/29 12:11:08.381, 1, 17434, 100
2026/09/29 12:11:08.381, 2, 17434, 100
2026/09/29 12:11:08.382, 3, 17434, 100
2026/09/29 12:11:08.382, 4, 17434, 100
2026/09/29 12:11:08.382, 5, 17434, 100
2026/09/29 12:11:08.382, 6, 17434, 100
2026/09/29 12:11:08.382, 7, 17434, 100
2026/09/29 12:11:09.382, 0, 17434, 100
2026/09/29 12:11:09.382, 1, 17434, 100
2026/09/29 12:11:09.382, 2, 17434, 100
2026/09/29 12:11:09.382, 3, 17434, 100
2026/09/29 12:11:09.382, 4, 17434, 100
2026/09/29 12:11:09.382, 5, 17434, 100
2026/09/29 12:11:09.382, 6, 17434, 100
2026/09/29 12:11:09.382, 7, 17434, 100
2026/09/29 12:11:10.382, 0, 17434, 100
2026/09/29 12:11:10.383, 1, 17434, 100
2026/09/29 12:11:10.383, 2, 17434, 100
2026/09/29 12:11:10.383, 3, 17434, 100
2026/09/29 12:11:10.383, 4, 17434, 100
2026/09/29 12:11:10.383, 5, 17434, 100
2026/09/29 12:11:10.383, 6, 17434, 100
2026/09/29 12:11:10.383, 7, 17434, 100
2026/09/29 12:11:11.383, 0, 17434, 100
2026/09/29 12:11:11.383, 1, 17434, 100
2026/09/29 12:11:11.383, 2, 17434, 100
2026/09/29 12:11:11.383, 3, 17434, 100
2026/09/29 12:11:11.383, 4, 17434, 100
2026/09/29 12:11:11.383, 5, 17434, 100
2026/09/29 12:11:11.383, 6, 17434, 100
2026/09/29 12:11:11.383, 7, 17434, 100
2026/09/29 12:11:12.384, 0, 17434, 100
2026/09/29 12:11:12.384, 1, 17434, 100
2026/09/29 12:11:12.384, 2, 17434, 100
2026/09/29 12:11:12.384, 3, 17434, 100
2026/09/29 12:11:12.384, 4, 17434, 100
2026/09/29 12:11:12.384, 5, 17434, 100
2026/09/29 12:11:12.384, 6, 17434, 100
2026/09/29 12:11:12.384, 7, 17434, 100
2026/09/29 12:11:13.384, 0, 17434, 100
2026/09/29 12:11:13.384, 1, 17434, 100
2026/09/29 12:11:13.384, 2, 17434, 100
2026/09/29 12:11:13.384, 3, 17434, 100
2026/09/29 12:11:13.384, 4, 17434, 100
2026/09/29 12:11:13.385, 5, 17434, 100
2026/09/29 12:11:13.385, 6, 17434, 100
2026/09/29 12:11:13.385, 7, 17434, 100
2026/09/29 12:11:14.385, 0, 17434, 100
2026/09/29 12:11:14.385, 1, 17434, 100
2026/09/29 12:11:14.385, 2, 17434, 100
2026/09/29 12:11:14.385, 3, 17434, 100
2026/09/29 12:11:14.385, 4, 17434, 100
2026/09/29 12:11:14.385, 5, 17434, 100
2026/09/29 12:11:14.385, 6, 17434, 100
2026/09/29 12:11:14.385, 7, 17434, 100
2026/09/29 12:11:15.385, 0, 17434, 100
2026/09/29 12:11:15.386, 1, 17434, 100
2026/09/29 12:11:15.386, 2, 17434, 100
2026/09/29 12:11:15.386, 3, 17434, 100
2026/09/29 12:11:15.386, 4, 17434, 100
2026/09/29 12:11:15.386, 5, 17434, 100
2026/09/29 12:11:15.386, 6, 17434, 100
2026/09/29 12:11:15.386, 7, 17434, 100
2026/09/29 12:11:16.386, 0, 17434, 100
2026/09/29 12:11:16.386, 1, 17434, 100
2026/09/29 12:11:16.386, 2, 17434, 100
2026/09/29 12:11:16.386, 3, 17434, 100
2026/09/29 12:11:16.386, 4, 17434, 100
2026/09/29 12:11:16.386, 5, 17434, 100
2026/09/29 12:11:16.386, 6, 17434, 100
2026/09/29 12:11:16.386, 7, 17434, 100
2026/09/29 12:11:17.387, 0, 17434, 100
2026/09/29 12:11:17.387, 1, 17434, 100
2026/09/29 12:11:17.387, 2, 17434, 100
2026/09/29 12:11:17.387, 3, 17434, 100
2026/09/29 12:11:17.387, 4, 17434, 100
2026/09/29 12:11:17.387, 5, 17434, 100
2026/09/29 12:11:17.387, 6, 17434, 100
2026/09/29 12:11:17.387, 7, 17434, 100
2026/09/29 12:11:18.387, 0, 17434, 100
2026/09/29 12:11:18.387, 1, 17434, 100
2026/09/29 12:11:18.387, 2, 17434, 100
2026/09/29 12:11:18.387, 3, 17434, 100
2026/09/29 12:11:18.388, 4, 17434, 100
2026/09/29 12:11:18.388, 5, 17434, 100
2026/09/29 12:11:18.388, 6, 17434, 100
2026/09/29 12:11:18.388, 7, 17434, 100
2026/09/29 12:11:19.388, 0, 17434, 99
2026/09/29 12:11:19.388, 1, 17434, 96
2026/09/29 12:11:19.388, 2, 17434, 95
2026/09/29 12:11:19.388, 3, 17434, 100
2026/09/29 12:11:19.388, 4, 17434, 100
2026/09/29 12:11:19.388, 5, 17434, 97
2026/09/29 12:11:19.388, 6, 17434, 100
2026/09/29 12:11:19.388, 7, 17434, 100
2026/09/29 12:11:20.388, 0, 17434, 100
2026/09/29 12:11:20.389, 1, 17434, 100
2026/09/29 12:11:20.389, 2, 17434, 100
2026/09/29 12:11:20.389, 3, 17434, 100
2026/09/29 12:11:20.389, 4, 17434, 100
2026/09/29 12:11:20.389, 5, 17434, 100
2026/09/29 12:11:20.389, 6, 17434, 100
2026/09/29 12:11:20.389, 7, 17434, 100
2026/09/29 12:11:21.389, 0, 17434, 100
2026/09/29 12:11:21.394, 1, 17434, 100
2026/09/29 12:11:21.395, 2, 17434, 100
2026/09/29 12:11:21.400, 3, 17434, 100
2026/09/29 12:11:21.401, 4, 17434, 100
2026/09/29 12:11:21.402, 5, 17434, 100
2026/09/29 12:11:21.408, 6, 17434, 100
2026/09/29 12:11:21.408, 7, 17434, 100
2026/09/29 12:11:22.414, 0, 17434, 100
2026/09/29 12:11:22.414, 1, 17434, 100
2026/09/29 12:11:22.414, 2, 17434, 100
2026/09/29 12:11:22.414, 3, 17434, 100
2026/09/29 12:11:22.414, 4, 17434, 100
2026/09/29 12:11:22.415, 5, 17434, 100
2026/09/29 12:11:22.415, 6, 17434, 100
2026/09/29 12:11:22.415, 7, 17434, 100
2026/09/29 12:11:23.415, 0, 17434, 100
2026/09/29 12:11:23.415, 1, 17434, 100
2026/09/29 12:11:23.415, 2, 17434, 100
2026/09/29 12:11:23.415, 3, 17434, 100
2026/09/29 12:11:23.415, 4, 17434, 100
2026/09/29 12:11:23.415, 5, 17434, 100
2026/09/29 12:11:23.415, 6, 17434, 100
2026/09/29 12:11:23.415, 7, 17434, 100
2026/09/29 12:11:24.415, 0, 17434, 100
2026/09/29 12:11:24.415, 1, 17434, 100
2026/09/29 12:11:24.416, 2, 17434, 100
2026/09/29 12:11:24.416, 3, 17434, 97
2026/09/29 12:11:24.416, 4, 17434, 100
2026/09/29 12:11:24.416, 5, 17434, 100
2026/09/29 12:11:24.416, 6, 17434, 98
2026/09/29 12:11:24.416, 7, 17434, 100
2026/09/29 12:11:25.416, 0, 17434, 100
2026/09/29 12:11:25.416, 1, 17434, 100
2026/09/29 12:11:25.416, 2, 17434, 100
2026/09/29 12:11:25.416, 3, 17434, 100
2026/09/29 12:11:25.416, 4, 17434, 100
2026/09/29 12:11:25.416, 5, 17434, 100
2026/09/29 12:11:25.416, 6, 17434, 100
2026/09/29 12:11:25.416, 7, 17434, 100
2026/09/29 12:11:26.417, 0, 17434, 100
2026/09/29 12:11:26.417, 1, 17434, 100
2026/09/29 12:11:26.417, 2, 17434, 100
2026/09/29 12:11:26.417, 3, 17434, 100
2026/09/29 12:11:26.417, 4, 17434, 100
2026/09/29 12:11:26.417, 5, 17434, 100
2026/09/29 12:11:26.417, 6, 17434, 100
2026/09/29 12:11:26.417, 7, 17434, 100
2026/09/29 12:11:27.417, 0, 17434, 100
2026/09/29 12:11:27.417, 1, 17434, 100
2026/09/29 12:11:27.417, 2, 17434, 100
2026/09/29 12:11:27.417, 3, 17434, 100
2026/09/29 12:11:27.417, 4, 17434, 100
2026/09/29 12:11:27.418, 5, 17434, 100
2026/09/29 12:11:27.418, 6, 17434, 100
2026/09/29 12:11:27.418, 7, 17434, 100
2026/09/29 12:11:28.418, 0, 17434, 100
2026/09/29 12:11:28.418, 1, 17434, 100
2026/09/29 12:11:28.418, 2, 17434, 100
2026/09/29 12:11:28.418, 3, 17434, 100
2026/09/29 12:11:28.418, 4, 17434, 100
2026/09/29 12:11:28.418, 5, 17434, 100
2026/09/29 12:11:28.418, 6, 17434, 100
2026/09/29 12:11:28.418, 7, 17434, 100
2026/09/29 12:11:29.418, 0, 17434, 100
2026/09/29 12:11:29.419, 1, 17434, 100
2026/09/29 12:11:29.419, 2, 17434, 100
2026/09/29 12:11:29.419, 3, 17434, 100
2026/09/29 12:11:29.419, 4, 17434, 100
2026/09/29 12:11:29.419, 5, 17434, 100
2026/09/29 12:11:29.419, 6, 17434, 99
2026/09/29 12:11:29.419, 7, 17434, 100
2026/09/29 12:11:30.419, 0, 17434, 100
2026/09/29 12:11:30.419, 1, 17434, 100
2026/09/29 12:11:30.419, 2, 17434, 100
2026/09/29 12:11:30.419, 3, 17434, 100
2026/09/29 12:11:30.419, 4, 17434, 100
2026/09/29 12:11:30.419, 5, 17434, 100
2026/09/29 12:11:30.423, 6, 17434, 100
2026/09/29 12:11:30.423, 7, 17434, 100
2026/09/29 12:11:31.423, 0, 17434, 100
2026/09/29 12:11:31.423, 1, 17434, 100
2026/09/29 12:11:31.423, 2, 17434, 100
2026/09/29 12:11:31.423, 3, 17434, 100
2026/09/29 12:11:31.423, 4, 17434, 100
2026/09/29 12:11:31.423, 5, 17434, 100
2026/09/29 12:11:31.423, 6, 17434, 100
2026/09/29 12:11:31.423, 7, 17434, 100
2026/09/29 12:11:32.423, 0, 17434, 100
2026/09/29 12:11:32.424, 1, 17434, 100
2026/09/29 12:11:32.424, 2, 17434, 100
2026/09/29 12:11:32.424, 3, 17434, 100
2026/09/29 12:11:32.424, 4, 17434, 100
2026/09/29 12:11:32.424, 5, 17434, 100
2026/09/29 12:11:32.424, 6, 17434, 100
2026/09/29 12:11:32.424, 7, 17434, 100
2026/09/29 12:11:33.424, 0, 17434, 100
2026/09/29 12:11:33.424, 1, 17434, 100
2026/09/29 12:11:33.424, 2, 17434, 100
2026/09/29 12:11:33.424, 3, 17434, 100
2026/09/29 12:11:33.424, 4, 17434, 100
2026/09/29 12:11:33.424, 5, 17434, 100
2026/09/29 12:11:33.424, 6, 17434, 100
2026/09/29 12:11:33.424, 7, 17434, 100
2026/09/29 12:11:34.425, 0, 17434, 100
2026/09/29 12:11:34.425, 1, 17434, 100
2026/09/29 12:11:34.425, 2, 17434, 100
2026/09/29 12:11:34.425, 3, 17434, 100
2026/09/29 12:11:34.425, 4, 17434, 100
2026/09/29 12:11:34.425, 5, 17434, 100
2026/09/29 12:11:34.425, 6, 17434, 100
2026/09/29 12:11:34.425, 7, 17434, 100
2026/09/29 12:11:35.425, 0, 17434, 100
2026/09/29 12:11:35.425, 1, 17434, 100
2026/09/29 12:11:35.425, 2, 17434, 100
2026/09/29 12:11:35.425, 3, 17434, 100
2026/09/29 12:11:35.425, 4, 17434, 100
2026/09/29 12:11:35.426, 5, 17434, 100
2026/09/29 12:11:35.426, 6, 17434, 100
2026/09/29 12:11:35.426, 7, 17434, 100
2026/09/29 12:11:36.426, 0, 17434, 100
2026/09/29 12:11:36.427, 1, 17434, 100
2026/09/29 12:11:36.427, 2, 17434, 100
2026/09/29 12:11:36.427, 3, 17434, 100
2026/09/29 12:11:36.427, 4, 17434, 100
2026/09/29 12:11:36.427, 5, 17434, 100
2026/09/29 12:11:36.427, 6, 17434, 100
2026/09/29 12:11:36.427, 7, 17434, 100
2026/09/29 12:11:37.427, 0, 17434, 100
2026/09/29 12:11:37.428, 1, 17434, 100
2026/09/29 12:11:37.428, 2, 17434, 100
2026/09/29 12:11:37.428, 3, 17434, 100
2026/09/29 12:11:37.428, 4, 17434, 100
2026/09/29 12:11:37.428, 5, 17434, 100
2026/09/29 12:11:37.428, 6, 17434, 100
2026/09/29 12:11:37.428, 7, 17434, 100
2026/09/29 12:11:38.428, 0, 17434, 100
2026/09/29 12:11:38.428, 1, 17434, 100
2026/09/29 12:11:38.428, 2, 17434, 100
2026/09/29 12:11:38.428, 3, 17434, 100
2026/09/29 12:11:38.428, 4, 17434, 100
2026/09/29 12:11:38.428, 5, 17434, 100
2026/09/29 12:11:38.428, 6, 17434, 100
2026/09/29 12:11:38.429, 7, 17434, 100
2026/09/29 12:11:39.429, 0, 17434, 100
2026/09/29 12:11:39.429, 1, 17434, 100
2026/09/29 12:11:39.429, 2, 17434, 100
2026/09/29 12:11:39.429, 3, 17434, 100
2026/09/29 12:11:39.429, 4, 17434, 100
2026/09/29 12:11:39.429, 5, 17434, 100
2026/09/29 12:11:39.429, 6, 17434, 100
2026/09/29 12:11:39.429, 7, 17434, 100
2026/09/29 12:11:40.429, 0, 17434, 100
2026/09/29 12:11:40.429, 1, 17434, 100
2026/09/29 12:11:40.430, 2, 17434, 100
2026/09/29 12:11:40.430, 3, 17434, 100
2026/09/29 12:11:40.430, 4, 17434, 96
2026/09/29 12:11:40.430, 5, 17434, 100
2026/09/29 12:11:40.430, 6, 17434, 100
2026/09/29 12:11:40.430, 7, 17434, 96
2026/09/29 12:11:41.430, 0, 17434, 100
2026/09/29 12:11:41.430, 1, 17434, 100
2026/09/29 12:11:41.430, 2, 17434, 100
2026/09/29 12:11:41.430, 3, 17434, 100
2026/09/29 12:11:41.430, 4, 17434, 100
2026/09/29 12:11:41.430, 5, 17434, 100
2026/09/29 12:11:41.431, 6, 17434, 100
2026/09/29 12:11:41.431, 7, 17434, 100
2026/09/29 12:11:42.431, 0, 17434, 100
2026/09/29 12:11:42.431, 1, 17434, 100
2026/09/29 12:11:42.431, 2, 17434, 100
2026/09/29 12:11:42.431, 3, 17434, 100
2026/09/29 12:11:42.431, 4, 17434, 100
2026/09/29 12:11:42.431, 5, 17434, 100
2026/09/29 12:11:42.431, 6, 17434, 100
2026/09/29 12:11:42.431, 7, 17434, 100
2026/09/29 12:11:43.431, 0, 17434, 100
2026/09/29 12:11:43.432, 1, 17434, 100
2026/09/29 12:11:43.432, 2, 17434, 100
2026/09/29 12:11:43.432, 3, 17434, 100
2026/09/29 12:11:43.432, 4, 17434, 100
2026/09/29 12:11:43.432, 5, 17434, 100
2026/09/29 12:11:43.432, 6, 17434, 100
2026/09/29 12:11:43.432, 7, 17434, 100
2026/09/29 12:11:44.432, 0, 17434, 100
2026/09/29 12:11:44.432, 1, 17434, 100
2026/09/29 12:11:44.432, 2, 17434, 100
2026/09/29 12:11:44.432, 3, 17434, 100
2026/09/29 12:11:44.432, 4, 17434, 100
2026/09/29 12:11:44.433, 5, 17434, 100
2026/09/29 12:11:44.433, 6, 17434, 100
2026/09/29 12:11:44.433, 7, 17434, 100
2026/09/29 12:11:45.433, 0, 17434, 100
2026/09/29 12:11:45.433, 1, 17434, 100
2026/09/29 12:11:45.433, 2, 17434, 100
2026/09/29 12:11:45.433, 3, 17434, 100
2026/09/29 12:11:45.433, 4, 17434, 100
2026/09/29 12:11:45.433, 5, 17434, 100
2026/09/29 12:11:45.433, 6, 17434, 100
2026/09/29 12:11:45.433, 7, 17434, 96
2026/09/29 12:11:46.434, 0, 17434, 100
2026/09/29 12:11:46.434, 1, 17434, 100
2026/09/29 12:11:46.434, 2, 17434, 100
2026/09/29 12:11:46.434, 3, 17434, 100
2026/09/29 12:11:46.434, 4, 17434, 100
2026/09/29 12:11:46.434, 5, 17434, 100
2026/09/29 12:11:46.434, 6, 17434, 100
2026/09/29 12:11:46.434, 7, 17434, 100
2026/09/29 12:11:47.434, 0, 17434, 100
2026/09/29 12:11:47.434, 1, 17434, 100
2026/09/29 12:11:47.434, 2, 17434, 100
2026/09/29 12:11:47.435, 3, 17434, 100
2026/09/29 12:11:47.435, 4, 17434, 100
2026/09/29 12:11:47.435, 5, 17434, 100
2026/09/29 12:11:47.435, 6, 17434, 100
2026/09/29 12:11:47.435, 7, 17434, 100
2026/09/29 12:11:48.435, 0, 17434, 100
2026/09/29 12:11:48.435, 1, 17434, 100
2026/09/29 12:11:48.435, 2, 17434, 100
2026/09/29 12:11:48.435, 3, 17434, 100
2026/09/29 12:11:48.435, 4, 17434, 100
2026/09/29 12:11:48.435, 5, 17434, 100
2026/09/29 12:11:48.435, 6, 17434, 100
2026/09/29 12:11:48.435, 7, 17434, 100
2026/09/29 12:11:49.436, 0, 17434, 100
2026/09/29 12:11:49.436, 1, 17434, 100
2026/09/29 12:11:49.436, 2, 17434, 100
2026/09/29 12:11:49.436, 3, 17434, 100
2026/09/29 12:11:49.436, 4, 17434, 100
2026/09/29 12:11:49.436, 5, 17434, 100
2026/09/29 12:11:49.436, 6, 17434, 100
2026/09/29 12:11:49.436, 7, 17434, 100
2026/09/29 12:11:50.436, 0, 17434, 100
2026/09/29 12:11:50.436, 1, 17434, 100
2026/09/29 12:11:50.436, 2, 17434, 100
2026/09/29 12:11:50.437, 3, 17434, 100
2026/09/29 12:11:50.437, 4, 17434, 100
2026/09/29 12:11:50.437, 5, 17434, 100
2026/09/29 12:11:50.437, 6, 17434, 100
2026/09/29 12:11:50.437, 7, 17434, 100
2026/09/29 12:11:51.437, 0, 17434, 100
2026/09/29 12:11:51.437, 1, 17434, 100
2026/09/29 12:11:51.443, 2, 17434, 100
2026/09/29 12:11:51.443, 3, 17434, 100
2026/09/29 12:11:51.443, 4, 17434, 100
2026/09/29 12:11:51.443, 5, 17434, 100
2026/09/29 12:11:51.443, 6, 17434, 100
2026/09/29 12:11:51.443, 7, 17434, 100
2026/09/29 12:11:52.444, 0, 17434, 100
2026/09/29 12:11:52.444, 1, 17434, 100
2026/09/29 12:11:52.444, 2, 17434, 100
2026/09/29 12:11:52.444, 3, 17434, 100
2026/09/29 12:11:52.444, 4, 17434, 100
2026/09/29 12:11:52.444, 5, 17434, 100
2026/09/29 12:11:52.444, 6, 17434, 100
2026/09/29 12:11:52.444, 7, 17434, 100
2026/09/29 12:11:53.444, 0, 17434, 100
2026/09/29 12:11:53.445, 1, 17434, 100
2026/09/29 12:11:53.445, 2, 17434, 100
2026/09/29 12:11:53.445, 3, 17434, 100
2026/09/29 12:11:53.445, 4, 17434, 100
2026/09/29 12:11:53.445, 5, 17434, 100
2026/09/29 12:11:53.445, 6, 17434, 100
2026/09/29 12:11:53.445, 7, 17434, 100
2026/09/29 12:11:54.445, 0, 17434, 100
2026/09/29 12:11:54.445, 1, 17434, 100
2026/09/29 12:11:54.445, 2, 17434, 100
2026/09/29 12:11:54.445, 3, 17434, 100
2026/09/29 12:11:54.445, 4, 17434, 100
2026/09/29 12:11:54.445, 5, 17434, 100
2026/09/29 12:11:54.445, 6, 17434, 100
2026/09/29 12:11:54.445, 7, 17434, 100
2026/09/29 12:11:55.446, 0, 17434, 100
2026/09/29 12:11:55.446, 1, 17434, 99
2026/09/29 12:11:55.446, 2, 17434, 97
2026/09/29 12:11:55.446, 3, 17434, 100
2026/09/29 12:11:55.446, 4, 17434, 100
2026/09/29 12:11:55.446, 5, 17434, 97
2026/09/29 12:11:55.446, 6, 17434, 100
2026/09/29 12:11:55.446, 7, 17434, 100
2026/09/29 12:11:56.446, 0, 17434, 100
2026/09/29 12:11:56.446, 1, 17434, 100
2026/09/29 12:11:56.447, 2, 17434, 100
2026/09/29 12:11:56.447, 3, 17434, 100
2026/09/29 12:11:56.447, 4, 17434, 100
2026/09/29 12:11:56.447, 5, 17434, 100
2026/09/29 12:11:56.447, 6, 17434, 100
2026/09/29 12:11:56.447, 7, 17434, 100
2026/09/29 12:11:57.447, 0, 17434, 100
2026/09/29 12:11:57.447, 1, 17434, 100
2026/09/29 12:11:57.447, 2, 17434, 100
2026/09/29 12:11:57.447, 3, 17434, 100
2026/09/29 12:11:57.447, 4, 17434, 100
2026/09/29 12:11:57.447, 5, 17434, 100
2026/09/29 12:11:57.447, 6, 17434, 100
2026/09/29 12:11:57.447, 7, 17434, 100
2026/09/29 12:11:58.447, 0, 17434, 100
2026/09/29 12:11:58.447, 1, 17434, 100
2026/09/29 12:11:58.447, 2, 17434, 100
2026/09/29 12:11:58.447, 3, 17434, 100
2026/09/29 12:11:58.448, 4, 17434, 100
2026/09/29 12:11:58.448, 5, 17434, 100
2026/09/29 12:11:58.448, 6, 17434, 100
2026/09/29 12:11:58.448, 7, 17434, 100
2026/09/29 12:11:59.448, 0, 17434, 100
2026/09/29 12:11:59.448, 1, 17434, 100
2026/09/29 12:11:59.448, 2, 17434, 100
2026/09/29 12:11:59.448, 3, 17434, 100
2026/09/29 12:11:59.448, 4, 17434, 100
2026/09/29 12:11:59.448, 5, 17434, 100
2026/09/29 12:11:59.448, 6, 17434, 100
2026/09/29 12:11:59.448, 7, 17434, 100
2026/09/29 12:12:00.448, 0, 17434, 100
2026/09/29 12:12:00.448, 1, 17434, 97
2026/09/29 12:12:00.448, 2, 17434, 100
2026/09/29 12:12:00.448, 3, 17434, 98
2026/09/29 12:12:00.448, 4, 17434, 100
2026/09/29 12:12:00.448, 5, 17434, 100
2026/09/29 12:12:00.448, 6, 17434, 100
2026/09/29 12:12:00.448, 7, 17434, 100
2026/09/29 12:12:01.449, 0, 17434, 100
2026/09/29 12:12:01.449, 1, 17434, 100
2026/09/29 12:12:01.449, 2, 17434, 100
2026/09/29 12:12:01.449, 3, 17434, 100
2026/09/29 12:12:01.449, 4, 17434, 100
2026/09/29 12:12:01.449, 5, 17434, 100
2026/09/29 12:12:01.449, 6, 17434, 100
2026/09/29 12:12:01.449, 7, 17434, 100
2026/09/29 12:12:02.449, 0, 17434, 100
2026/09/29 12:12:02.449, 1, 17434, 100
2026/09/29 12:12:02.449, 2, 17434, 100
2026/09/29 12:12:02.449, 3, 17434, 100
2026/09/29 12:12:02.449, 4, 17434, 100
2026/09/29 12:12:02.449, 5, 17434, 100
2026/09/29 12:12:02.449, 6, 17434, 100
2026/09/29 12:12:02.449, 7, 17434, 100
2026/09/29 12:12:03.449, 0, 17434, 100
2026/09/29 12:12:03.449, 1, 17434, 100
2026/09/29 12:12:03.449, 2, 17434, 100
2026/09/29 12:12:03.449, 3, 17434, 100
2026/09/29 12:12:03.449, 4, 17434, 100
2026/09/29 12:12:03.449, 5, 17434, 100
2026/09/29 12:12:03.449, 6, 17434, 100
2026/09/29 12:12:03.449, 7, 17434, 100
2026/09/29 12:12:04.450, 0, 17434, 100
2026/09/29 12:12:04.450, 1, 17434, 100
2026/09/29 12:12:04.450, 2, 17434, 100
2026/09/29 12:12:04.450, 3, 17434, 100
2026/09/29 12:12:04.450, 4, 17434, 100
2026/09/29 12:12:04.450, 5, 17434, 100
2026/09/29 12:12:04.450, 6, 17434, 100
2026/09/29 12:12:04.450, 7, 17434, 100
2026/09/29 12:12:05.450, 0, 17434, 99
2026/09/29 12:12:05.450, 1, 17434, 100
2026/09/29 12:12:05.450, 2, 17434, 100
2026/09/29 12:12:05.450, 3, 17434, 100
2026/09/29 12:12:05.450, 4, 17434, 100
2026/09/29 12:12:05.450, 5, 17434, 100
2026/09/29 12:12:05.450, 6, 17434, 96
2026/09/29 12:12:05.450, 7, 17434, 100
2026/09/29 12:12:06.450, 0, 17434, 100
2026/09/29 12:12:06.453, 1, 17434, 100
2026/09/29 12:12:06.454, 2, 17434, 100
2026/09/29 12:12:06.459, 3, 17434, 100
2026/09/29 12:12:06.460, 4, 17434, 100
2026/09/29 12:12:06.466, 5, 17434, 100
2026/09/29 12:12:06.466, 6, 17434, 100
2026/09/29 12:12:06.472, 7, 17434, 100
2026/09/29 12:12:07.473, 0, 17434, 100
2026/09/29 12:12:07.473, 1, 17434, 100
2026/09/29 12:12:07.473, 2, 17434, 100
2026/09/29 12:12:07.473, 3, 17434, 100
2026/09/29 12:12:07.473, 4, 17434, 100
2026/09/29 12:12:07.473, 5, 17434, 100
2026/09/29 12:12:07.473, 6, 17434, 100
2026/09/29 12:12:07.473, 7, 17434, 100
2026/09/29 12:12:08.474, 0, 17434, 100
2026/09/29 12:12:08.474, 1, 17434, 100
2026/09/29 12:12:08.474, 2, 17434, 100
2026/09/29 12:12:08.474, 3, 17434, 100
2026/09/29 12:12:08.474, 4, 17434, 100
2026/09/29 12:12:08.474, 5, 17434, 100
2026/09/29 12:12:08.474, 6, 17434, 100
2026/09/29 12:12:08.474, 7, 17434, 100
2026/09/29 12:12:09.474, 0, 17434, 100
2026/09/29 12:12:09.474, 1, 17434, 100
2026/09/29 12:12:09.474, 2, 17434, 100
2026/09/29 12:12:09.474, 3, 17434, 100
2026/09/29 12:12:09.474, 4, 17434, 100
2026/09/29 12:12:09.474, 5, 17434, 100
2026/09/29 12:12:09.474, 6, 17434, 100
2026/09/29 12:12:09.474, 7, 17434, 100
2026/09/29 12:12:10.474, 0, 17434, 100
2026/09/29 12:12:10.474, 1, 17434, 100
2026/09/29 12:12:10.474, 2, 17434, 100
2026/09/29 12:12:10.474, 3, 17434, 100
2026/09/29 12:12:10.474, 4, 17434, 100
2026/09/29 12:12:10.474, 5, 17434, 100
2026/09/29 12:12:10.475, 6, 17434, 100
2026/09/29 12:12:10.475, 7, 17434, 100
2026/09/29 12:12:11.475, 0, 17434, 100
2026/09/29 12:12:11.475, 1, 17434, 100
2026/09/29 12:12:11.475, 2, 17434, 100
2026/09/29 12:12:11.475, 3, 17434, 100
2026/09/29 12:12:11.475, 4, 17434, 100
2026/09/29 12:12:11.475, 5, 17434, 100
2026/09/29 12:12:11.475, 6, 17434, 100
2026/09/29 12:12:11.475, 7, 17434, 100
2026/09/29 12:12:12.475, 0, 17434, 100
2026/09/29 12:12:12.475, 1, 17434, 100
2026/09/29 12:12:12.475, 2, 17434, 100
2026/09/29 12:12:12.475, 3, 17434, 100
2026/09/29 12:12:12.475, 4, 17434, 100
2026/09/29 12:12:12.475, 5, 17434, 100
2026/09/29 12:12:12.475, 6, 17434, 100
2026/09/29 12:12:12.475, 7, 17434, 100
2026/09/29 12:12:13.475, 0, 17434, 100
2026/09/29 12:12:13.476, 1, 17434, 100
2026/09/29 12:12:13.476, 2, 17434, 100
2026/09/29 12:12:13.476, 3, 17434, 100
2026/09/29 12:12:13.476, 4, 17434, 100
2026/09/29 12:12:13.476, 5, 17434, 100
2026/09/29 12:12:13.476, 6, 17434, 100
2026/09/29 12:12:13.476, 7, 17434, 100
2026/09/29 12:12:14.476, 0, 17434, 100
2026/09/29 12:12:14.476, 1, 17434, 100
2026/09/29 12:12:14.476, 2, 17434, 100
2026/09/29 12:12:14.476, 3, 17434, 100
2026/09/29 12:12:14.476, 4, 17434, 100
2026/09/29 12:12:14.476, 5, 17434, 100
2026/09/29 12:12:14.477, 6, 17434, 100
2026/09/29 12:12:14.477, 7, 17434, 100
2026/09/29 12:12:15.477, 0, 17434, 100
2026/09/29 12:12:15.477, 1, 17434, 100
2026/09/29 12:12:15.477, 2, 17434, 100
2026/09/29 12:12:15.477, 3, 17434, 100
2026/09/29 12:12:15.477, 4, 17434, 100
2026/09/29 12:12:15.477, 5, 17434, 100
2026/09/29 12:12:15.477, 6, 17434, 100
2026/09/29 12:12:15.477, 7, 17434, 100
2026/09/29 12:12:16.477, 0, 17434, 100
2026/09/29 12:12:16.477, 1, 17434, 100
2026/09/29 12:12:16.478, 2, 17434, 100
2026/09/29 12:12:16.478, 3, 17434, 100
2026/09/29 12:12:16.478, 4, 17434, 98
2026/09/29 12:12:16.478, 5, 17434, 100
2026/09/29 12:12:16.478, 6, 17434, 100
2026/09/29 12:12:16.478, 7, 17434, 100
2026/09/29 12:12:17.478, 0, 17434, 100
2026/09/29 12:12:17.478, 1, 17434, 100
2026/09/29 12:12:17.478, 2, 17434, 100
2026/09/29 12:12:17.478, 3, 17434, 100
2026/09/29 12:12:17.478, 4, 17434, 100
2026/09/29 12:12:17.478, 5, 17434, 100
2026/09/29 12:12:17.478, 6, 17434, 100
2026/09/29 12:12:17.478, 7, 17434, 100
2026/09/29 12:12:18.478, 0, 17434, 100
2026/09/29 12:12:18.479, 1, 17434, 100
2026/09/29 12:12:18.479, 2, 17434, 100
2026/09/29 12:12:18.479, 3, 17434, 100
2026/09/29 12:12:18.479, 4, 17434, 99
2026/09/29 12:12:18.479, 5, 17434, 100
2026/09/29 12:12:18.479, 6, 17434, 100
2026/09/29 12:12:18.479, 7, 17434, 100
2026/09/29 12:12:19.479, 0, 17434, 100
2026/09/29 12:12:19.479, 1, 17434, 100
2026/09/29 12:12:19.479, 2, 17434, 100
2026/09/29 12:12:19.479, 3, 17434, 100
2026/09/29 12:12:19.479, 4, 17434, 100
2026/09/29 12:12:19.479, 5, 17434, 100
2026/09/29 12:12:19.480, 6, 17434, 100
2026/09/29 12:12:19.480, 7, 17434, 100
2026/09/29 12:12:20.480, 0, 17434, 100
2026/09/29 12:12:20.480, 1, 17434, 100
2026/09/29 12:12:20.480, 2, 17434, 100
2026/09/29 12:12:20.480, 3, 17434, 100
2026/09/29 12:12:20.480, 4, 17434, 100
2026/09/29 12:12:20.480, 5, 17434, 100
2026/09/29 12:12:20.480, 6, 17434, 100
2026/09/29 12:12:20.480, 7, 17434, 100
2026/09/29 12:12:21.480, 0, 17434, 100
2026/09/29 12:12:21.481, 1, 17434, 100
2026/09/29 12:12:21.489, 2, 17434, 100
2026/09/29 12:12:21.491, 3, 17434, 100
2026/09/29 12:12:21.499, 4, 17434, 100
2026/09/29 12:12:21.501, 5, 17434, 100
2026/09/29 12:12:21.509, 6, 17434, 100
2026/09/29 12:12:21.510, 7, 17434, 98
2026/09/29 12:12:22.519, 0, 17434, 100
2026/09/29 12:12:22.519, 1, 17434, 100
2026/09/29 12:12:22.519, 2, 17434, 100
2026/09/29 12:12:22.519, 3, 17434, 100
2026/09/29 12:12:22.519, 4, 17434, 100
2026/09/29 12:12:22.519, 5, 17434, 100
2026/09/29 12:12:22.519, 6, 17434, 100
2026/09/29 12:12:22.519, 7, 17434, 100
2026/09/29 12:12:23.519, 0, 17434, 100
2026/09/29 12:12:23.519, 1, 17434, 100
2026/09/29 12:12:23.519, 2, 17434, 100
2026/09/29 12:12:23.520, 3, 17434, 100
2026/09/29 12:12:23.520, 4, 17434, 100
2026/09/29 12:12:23.520, 5, 17434, 100
2026/09/29 12:12:23.520, 6, 17434, 100
2026/09/29 12:12:23.520, 7, 17434, 100
2026/09/29 12:12:24.520, 0, 17434, 100
2026/09/29 12:12:24.520, 1, 17434, 100
2026/09/29 12:12:24.520, 2, 17434, 100
2026/09/29 12:12:24.520, 3, 17434, 100
2026/09/29 12:12:24.520, 4, 17434, 100
2026/09/29 12:12:24.520, 5, 17434, 100
2026/09/29 12:12:24.520, 6, 17434, 100
2026/09/29 12:12:24.520, 7, 17434, 100
2026/09/29 12:12:25.521, 0, 17434, 100
2026/09/29 12:12:25.521, 1, 17434, 100
2026/09/29 12:12:25.521, 2, 17434, 100
2026/09/29 12:12:25.521, 3, 17434, 100
2026/09/29 12:12:25.521, 4, 17434, 100
2026/09/29 12:12:25.521, 5, 17434, 100
2026/09/29 12:12:25.521, 6, 17434, 100
2026/09/29 12:12:25.521, 7, 17434, 100
2026/09/29 12:12:26.521, 0, 17434, 100
2026/09/29 12:12:26.521, 1, 17434, 100
2026/09/29 12:12:26.521, 2, 17434, 100
2026/09/29 12:12:26.521, 3, 17434, 100
2026/09/29 12:12:26.521, 4, 17434, 100
2026/09/29 12:12:26.522, 5, 17434, 100
2026/09/29 12:12:26.522, 6, 17434, 100
2026/09/29 12:12:26.522, 7, 17434, 100
2026/09/29 12:12:27.522, 0, 17434, 100
2026/09/29 12:12:27.522, 1, 17434, 100
2026/09/29 12:12:27.522, 2, 17434, 100
2026/09/29 12:12:27.522, 3, 17434, 100
2026/09/29 12:12:27.522, 4, 17434, 100
2026/09/29 12:12:27.522, 5, 17434, 100
2026/09/29 12:12:27.522, 6, 17434, 100
2026/09/29 12:12:27.522, 7, 17434, 100
2026/09/29 12:12:28.522, 0, 17434, 100
2026/09/29 12:12:28.523, 1, 17434, 100
2026/09/29 12:12:28.523, 2, 17434, 100
2026/09/29 12:12:28.523, 3, 17434, 100
2026/09/29 12:12:28.523, 4, 17434, 100
2026/09/29 12:12:28.523, 5, 17434, 100
2026/09/29 12:12:28.523, 6, 17434, 100
2026/09/29 12:12:28.523, 7, 17434, 100
2026/09/29 12:12:29.523, 0, 17434, 100
2026/09/29 12:12:29.523, 1, 17434, 100
2026/09/29 12:12:29.523, 2, 17434, 100
2026/09/29 12:12:29.523, 3, 17434, 100
2026/09/29 12:12:29.523, 4, 17434, 100
2026/09/29 12:12:29.523, 5, 17434, 100
2026/09/29 12:12:29.523, 6, 17434, 100
2026/09/29 12:12:29.523, 7, 17434, 100
2026/09/29 12:12:30.523, 0, 17434, 100
2026/09/29 12:12:30.523, 1, 17434, 100
2026/09/29 12:12:30.524, 2, 17434, 100
2026/09/29 12:12:30.524, 3, 17434, 100
2026/09/29 12:12:30.524, 4, 17434, 100
2026/09/29 12:12:30.524, 5, 17434, 100
2026/09/29 12:12:30.524, 6, 17434, 100
2026/09/29 12:12:30.524, 7, 17434, 100
2026/09/29 12:12:31.524, 0, 17434, 100
2026/09/29 12:12:31.524, 1, 17434, 100
2026/09/29 12:12:31.524, 2, 17434, 100
2026/09/29 12:12:31.524, 3, 17434, 100
2026/09/29 12:12:31.524, 4, 17434, 100
2026/09/29 12:12:31.524, 5, 17434, 100
2026/09/29 12:12:31.524, 6, 17434, 100
2026/09/29 12:12:31.525, 7, 17434, 100
2026/09/29 12:12:32.525, 0, 17434, 100
2026/09/29 12:12:32.525, 1, 17434, 100
2026/09/29 12:12:32.525, 2, 17434, 100
2026/09/29 12:12:32.525, 3, 17434, 100
2026/09/29 12:12:32.525, 4, 17434, 100
2026/09/29 12:12:32.525, 5, 17434, 100
2026/09/29 12:12:32.525, 6, 17434, 100
2026/09/29 12:12:32.525, 7, 17434, 100
2026/09/29 12:12:33.525, 0, 17434, 100
2026/09/29 12:12:33.525, 1, 17434, 100
2026/09/29 12:12:33.525, 2, 17434, 100
2026/09/29 12:12:33.526, 3, 17434, 100
2026/09/29 12:12:33.526, 4, 17434, 100
2026/09/29 12:12:33.526, 5, 17434, 100
2026/09/29 12:12:33.526, 6, 17434, 100
2026/09/29 12:12:33.526, 7, 17434, 100
2026/09/29 12:12:34.526, 0, 17434, 100
2026/09/29 12:12:34.526, 1, 17434, 100
2026/09/29 12:12:34.526, 2, 17434, 100
2026/09/29 12:12:34.526, 3, 17434, 100
2026/09/29 12:12:34.526, 4, 17434, 100
2026/09/29 12:12:34.526, 5, 17434, 100
2026/09/29 12:12:34.526, 6, 17434, 100
2026/09/29 12:12:34.526, 7, 17434, 100
2026/09/29 12:12:35.526, 0, 17434, 100
2026/09/29 12:12:35.527, 1, 17434, 100
2026/09/29 12:12:35.527, 2, 17434, 100
2026/09/29 12:12:35.527, 3, 17434, 100
2026/09/29 12:12:35.527, 4, 17434, 100
2026/09/29 12:12:35.527, 5, 17434, 100
2026/09/29 12:12:35.527, 6, 17434, 100
2026/09/29 12:12:35.527, 7, 17434, 100
2026/09/29 12:12:36.527, 0, 17434, 100
2026/09/29 12:12:36.527, 1, 17434, 96
2026/09/29 12:12:36.527, 2, 17434, 97
2026/09/29 12:12:36.527, 3, 17434, 99
2026/09/29 12:12:36.527, 4, 17434, 100
2026/09/29 12:12:36.528, 5, 17434, 97
2026/09/29 12:12:36.528, 6, 17434, 100
2026/09/29 12:12:36.528, 7, 17434, 100
2026/09/29 12:12:37.528, 0, 17434, 100
2026/09/29 12:12:37.528, 1, 17434, 100
2026/09/29 12:12:37.528, 2, 17434, 100
2026/09/29 12:12:37.528, 3, 17434, 100
2026/09/29 12:12:37.528, 4, 17434, 100
2026/09/29 12:12:37.528, 5, 17434, 100
2026/09/29 12:12:37.528, 6, 17434, 100
2026/09/29 12:12:37.528, 7, 17434, 100
2026/09/29 12:12:38.528, 0, 17434, 100
2026/09/29 12:12:38.529, 1, 17434, 100
2026/09/29 12:12:38.529, 2, 17434, 100
2026/09/29 12:12:38.529, 3, 17434, 100
2026/09/29 12:12:38.529, 4, 17434, 100
2026/09/29 12:12:38.529, 5, 17434, 100
2026/09/29 12:12:38.529, 6, 17434, 100
2026/09/29 12:12:38.529, 7, 17434, 100
2026/09/29 12:12:39.529, 0, 17434, 100
2026/09/29 12:12:39.529, 1, 17434, 100
2026/09/29 12:12:39.529, 2, 17434, 100
2026/09/29 12:12:39.529, 3, 17434, 100
2026/09/29 12:12:39.529, 4, 17434, 100
2026/09/29 12:12:39.529, 5, 17434, 100
2026/09/29 12:12:39.529, 6, 17434, 100
2026/09/29 12:12:39.529, 7, 17434, 100
2026/09/29 12:12:40.530, 0, 17434, 100
2026/09/29 12:12:40.530, 1, 17434, 100
2026/09/29 12:12:40.530, 2, 17434, 100
2026/09/29 12:12:40.530, 3, 17434, 100
2026/09/29 12:12:40.530, 4, 17434, 100
2026/09/29 12:12:40.530, 5, 17434, 100
2026/09/29 12:12:40.530, 6, 17434, 100
2026/09/29 12:12:40.530, 7, 17434, 100
2026/09/29 12:12:41.530, 0, 17434, 96
2026/09/29 12:12:41.530, 1, 17434, 100
2026/09/29 12:12:41.530, 2, 17434, 100
2026/09/29 12:12:41.530, 3, 17434, 97
2026/09/29 12:12:41.531, 4, 17434, 100
2026/09/29 12:12:41.531, 5, 17434, 100
2026/09/29 12:12:41.531, 6, 17434, 100
2026/09/29 12:12:41.531, 7, 17434, 100
2026/09/29 12:12:42.531, 0, 17434, 100
2026/09/29 12:12:42.531, 1, 17434, 100
2026/09/29 12:12:42.531, 2, 17434, 100
2026/09/29 12:12:42.531, 3, 17434, 100
2026/09/29 12:12:42.531, 4, 17434, 100
2026/09/29 12:12:42.531, 5, 17434, 100
2026/09/29 12:12:42.531, 6, 17434, 100
2026/09/29 12:12:42.531, 7, 17434, 100
2026/09/29 12:12:43.531, 0, 17434, 100
2026/09/29 12:12:43.532, 1, 17434, 100
2026/09/29 12:12:43.532, 2, 17434, 100
2026/09/29 12:12:43.532, 3, 17434, 100
2026/09/29 12:12:43.532, 4, 17434, 100
2026/09/29 12:12:43.532, 5, 17434, 100
2026/09/29 12:12:43.532, 6, 17434, 100
2026/09/29 12:12:43.532, 7, 17434, 100
2026/09/29 12:12:44.532, 0, 17434, 100
2026/09/29 12:12:44.532, 1, 17434, 100
2026/09/29 12:12:44.532, 2, 17434, 100
2026/09/29 12:12:44.532, 3, 17434, 99
2026/09/29 12:12:44.533, 4, 17434, 100
2026/09/29 12:12:44.533, 5, 17434, 100
2026/09/29 12:12:44.533, 6, 17434, 100
2026/09/29 12:12:44.533, 7, 17434, 100
2026/09/29 12:12:45.533, 0, 17434, 100
2026/09/29 12:12:45.533, 1, 17434, 100
2026/09/29 12:12:45.533, 2, 17434, 100
2026/09/29 12:12:45.533, 3, 17434, 100
2026/09/29 12:12:45.533, 4, 17434, 100
2026/09/29 12:12:45.533, 5, 17434, 100
2026/09/29 12:12:45.533, 6, 17434, 100
2026/09/29 12:12:45.533, 7, 17434, 100
2026/09/29 12:12:46.534, 0, 17434, 100
2026/09/29 12:12:46.534, 1, 17434, 100
2026/09/29 12:12:46.534, 2, 17434, 100
2026/09/29 12:12:46.534, 3, 17434, 100
2026/09/29 12:12:46.534, 4, 17434, 100
2026/09/29 12:12:46.534, 5, 17434, 100
2026/09/29 12:12:46.534, 6, 17434, 94
2026/09/29 12:12:46.534, 7, 17434, 100
2026/09/29 12:12:47.534, 0, 17434, 100
2026/09/29 12:12:47.534, 1, 17434, 100
2026/09/29 12:12:47.535, 2, 17434, 100
2026/09/29 12:12:47.535, 3, 17434, 100
2026/09/29 12:12:47.535, 4, 17434, 100
2026/09/29 12:12:47.535, 5, 17434, 100
2026/09/29 12:12:47.535, 6, 17434, 100
2026/09/29 12:12:47.535, 7, 17434, 100
2026/09/29 12:12:48.535, 0, 17434, 100
2026/09/29 12:12:48.535, 1, 17434, 100
2026/09/29 12:12:48.535, 2, 17434, 100
2026/09/29 12:12:48.535, 3, 17434, 100
2026/09/29 12:12:48.535, 4, 17434, 100
2026/09/29 12:12:48.535, 5, 17434, 100
2026/09/29 12:12:48.535, 6, 17434, 100
2026/09/29 12:12:48.535, 7, 17434, 100
2026/09/29 12:12:49.536, 0, 17434, 100
2026/09/29 12:12:49.536, 1, 17434, 100
2026/09/29 12:12:49.536, 2, 17434, 100
2026/09/29 12:12:49.536, 3, 17434, 100
2026/09/29 12:12:49.536, 4, 17434, 100
2026/09/29 12:12:49.536, 5, 17434, 100
2026/09/29 12:12:49.536, 6, 17434, 100
2026/09/29 12:12:49.536, 7, 17434, 100
2026/09/29 12:12:50.536, 0, 17434, 100
2026/09/29 12:12:50.536, 1, 17434, 100
2026/09/29 12:12:50.536, 2, 17434, 100
2026/09/29 12:12:50.537, 3, 17434, 100
2026/09/29 12:12:50.537, 4, 17434, 100
2026/09/29 12:12:50.537, 5, 17434, 100
2026/09/29 12:12:50.537, 6, 17434, 100
2026/09/29 12:12:50.537, 7, 17434, 100
2026/09/29 12:12:51.537, 0, 17434, 100
2026/09/29 12:12:51.537, 1, 17434, 100
2026/09/29 12:12:51.537, 2, 17434, 100
2026/09/29 12:12:51.537, 3, 17434, 100
2026/09/29 12:12:51.537, 4, 17434, 100
2026/09/29 12:12:51.537, 5, 17434, 100
2026/09/29 12:12:51.537, 6, 17434, 100
2026/09/29 12:12:51.537, 7, 17434, 100
2026/09/29 12:12:52.538, 0, 17434, 100
2026/09/29 12:12:52.538, 1, 17434, 100
2026/09/29 12:12:52.538, 2, 17434, 100
2026/09/29 12:12:52.538, 3, 17434, 100
2026/09/29 12:12:52.538, 4, 17434, 100
2026/09/29 12:12:52.538, 5, 17434, 100
2026/09/29 12:12:52.538, 6, 17434, 100
2026/09/29 12:12:52.538, 7, 17434, 100
2026/09/29 12:12:53.538, 0, 17434, 100
2026/09/29 12:12:53.538, 1, 17434, 100
2026/09/29 12:12:53.538, 2, 17434, 100
2026/09/29 12:12:53.538, 3, 17434, 100
2026/09/29 12:12:53.539, 4, 17434, 100
2026/09/29 12:12:53.539, 5, 17434, 100
2026/09/29 12:12:53.539, 6, 17434, 100
2026/09/29 12:12:53.539, 7, 17434, 100
2026/09/29 12:12:54.539, 0, 17434, 100
2026/09/29 12:12:54.539, 1, 17434, 100
2026/09/29 12:12:54.539, 2, 17434, 100
2026/09/29 12:12:54.539, 3, 17434, 100
2026/09/29 12:12:54.539, 4, 17434, 100
2026/09/29 12:12:54.539, 5, 17434, 100
2026/09/29 12:12:54.539, 6, 17434, 100
2026/09/29 12:12:54.539, 7, 17434, 100
2026/09/29 12:12:55.540, 0, 17434, 100
2026/09/29 12:12:55.540, 1, 17434, 100
2026/09/29 12:12:55.540, 2, 17434, 100
2026/09/29 12:12:55.540, 3, 17434, 100
2026/09/29 12:12:55.540, 4, 17434, 100
2026/09/29 12:12:55.540, 5, 17434, 100
2026/09/29 12:12:55.540, 6, 17434, 100
2026/09/29 12:12:55.540, 7, 17434, 100
2026/09/29 12:12:56.540, 0, 17434, 100
2026/09/29 12:12:56.540, 1, 17434, 100
2026/09/29 12:12:56.540, 2, 17434, 100
2026/09/29 12:12:56.541, 3, 17434, 100
2026/09/29 12:12:56.541, 4, 17434, 100
2026/09/29 12:12:56.541, 5, 17434, 100
2026/09/29 12:12:56.541, 6, 17434, 100
2026/09/29 12:12:56.541, 7, 17434, 100
2026/09/29 12:12:57.541, 0, 17434, 100
2026/09/29 12:12:57.541, 1, 17434, 100
2026/09/29 12:12:57.541, 2, 17434, 100
2026/09/29 12:12:57.541, 3, 17434, 100
2026/09/29 12:12:57.541, 4, 17434, 96
2026/09/29 12:12:57.541, 5, 17434, 100
2026/09/29 12:12:57.541, 6, 17434, 100
2026/09/29 12:12:57.541, 7, 17434, 100
2026/09/29 12:12:58.542, 0, 17434, 100
2026/09/29 12:12:58.542, 1, 17434, 100
2026/09/29 12:12:58.542, 2, 17434, 100
2026/09/29 12:12:58.542, 3, 17434, 100
2026/09/29 12:12:58.542, 4, 17434, 100
2026/09/29 12:12:58.542, 5, 17434, 100
2026/09/29 12:12:58.542, 6, 17434, 100
2026/09/29 12:12:58.542, 7, 17434, 100
2026/09/29 12:12:59.542, 0, 17434, 100
2026/09/29 12:12:59.542, 1, 17434, 100
2026/09/29 12:12:59.542, 2, 17434, 100
2026/09/29 12:12:59.543, 3, 17434, 100
2026/09/29 12:12:59.543, 4, 17434, 100
2026/09/29 12:12:59.543, 5, 17434, 100
2026/09/29 12:12:59.543, 6, 17434, 100
2026/09/29 12:12:59.543, 7, 17434, 100
2026/09/29 12:13:00.543, 0, 17434, 100
2026/09/29 12:13:00.543, 1, 17434, 100
2026/09/29 12:13:00.543, 2, 17434, 100
2026/09/29 12:13:00.543, 3, 17434, 100
2026/09/29 12:13:00.543, 4, 17434, 100
2026/09/29 12:13:00.543, 5, 17434, 100
2026/09/29 12:13:00.543, 6, 17434, 100
2026/09/29 12:13:00.543, 7, 17434, 100
2026/09/29 12:13:01.544, 0, 17434, 100
2026/09/29 12:13:01.544, 1, 17434, 100
2026/09/29 12:13:01.544, 2, 17434, 100
2026/09/29 12:13:01.544, 3, 17434, 100
2026/09/29 12:13:01.544, 4, 17434, 100
2026/09/29 12:13:01.544, 5, 17434, 100
2026/09/29 12:13:01.544, 6, 17434, 99
2026/09/29 12:13:01.544, 7, 17434, 100
2026/09/29 12:13:02.544, 0, 17434, 100
2026/09/29 12:13:02.544, 1, 17434, 100
2026/09/29 12:13:02.544, 2, 17434, 100
2026/09/29 12:13:02.544, 3, 17434, 100
2026/09/29 12:13:02.545, 4, 17434, 100
2026/09/29 12:13:02.545, 5, 17434, 100
2026/09/29 12:13:02.545, 6, 17434, 100
2026/09/29 12:13:02.545, 7, 17434, 95
2026/09/29 12:13:03.545, 0, 17434, 100
2026/09/29 12:13:03.545, 1, 17434, 100
2026/09/29 12:13:03.545, 2, 17434, 100
2026/09/29 12:13:03.545, 3, 17434, 100
2026/09/29 12:13:03.545, 4, 17434, 100
2026/09/29 12:13:03.545, 5, 17434, 100
2026/09/29 12:13:03.545, 6, 17434, 100
2026/09/29 12:13:03.545, 7, 17434, 100
2026/09/29 12:13:04.546, 0, 17434, 100
2026/09/29 12:13:04.546, 1, 17434, 100
2026/09/29 12:13:04.546, 2, 17434, 100
2026/09/29 12:13:04.546, 3, 17434, 100
2026/09/29 12:13:04.546, 4, 17434, 100
2026/09/29 12:13:04.546, 5, 17434, 100
2026/09/29 12:13:04.546, 6, 17434, 100
2026/09/29 12:13:04.546, 7, 17434, 100
2026/09/29 12:13:05.547, 0, 17434, 100
2026/09/29 12:13:05.547, 1, 17434, 100
2026/09/29 12:13:05.547, 2, 17434, 100
2026/09/29 12:13:05.547, 3, 17434, 100
2026/09/29 12:13:05.547, 4, 17434, 100
2026/09/29 12:13:05.547, 5, 17434, 100
2026/09/29 12:13:05.547, 6, 17434, 100
2026/09/29 12:13:05.547, 7, 17434, 100
2026/09/29 12:13:06.547, 0, 17434, 100
2026/09/29 12:13:06.547, 1, 17434, 100
2026/09/29 12:13:06.547, 2, 17434, 100
2026/09/29 12:13:06.547, 3, 17434, 100
2026/09/29 12:13:06.548, 4, 17434, 100
2026/09/29 12:13:06.548, 5, 17434, 100
2026/09/29 12:13:06.548, 6, 17434, 100
2026/09/29 12:13:06.548, 7, 17434, 100
2026/09/29 12:13:07.548, 0, 17434, 100
2026/09/29 12:13:07.548, 1, 17434, 100
2026/09/29 12:13:07.548, 2, 17434, 100
2026/09/29 12:13:07.548, 3, 17434, 100
2026/09/29 12:13:07.548, 4, 17434, 100
2026/09/29 12:13:07.548, 5, 17434, 100
2026/09/29 12:13:07.548, 6, 17434, 100
2026/09/29 12:13:07.548, 7, 17434, 100
2026/09/29 12:13:08.549, 0, 17434, 100
2026/09/29 12:13:08.549, 1, 17434, 100
2026/09/29 12:13:08.549, 2, 17434, 100
2026/09/29 12:13:08.549, 3, 17434, 100
2026/09/29 12:13:08.549, 4, 17434, 100
2026/09/29 12:13:08.549, 5, 17434, 100
2026/09/29 12:13:08.549, 6, 17434, 100
2026/09/29 12:13:08.549, 7, 17434, 100
2026/09/29 12:13:09.549, 0, 17434, 100
2026/09/29 12:13:09.549, 1, 17434, 100
2026/09/29 12:13:09.549, 2, 17434, 100
2026/09/29 12:13:09.549, 3, 17434, 100
2026/09/29 12:13:09.549, 4, 17434, 100
2026/09/29 12:13:09.550, 5, 17434, 100
2026/09/29 12:13:09.550, 6, 17434, 100
2026/09/29 12:13:09.550, 7, 17434, 100
2026/09/29 12:13:10.550, 0, 17434, 100
2026/09/29 12:13:10.550, 1, 17434, 100
2026/09/29 12:13:10.550, 2, 17434, 100
2026/09/29 12:13:10.550, 3, 17434, 100
2026/09/29 12:13:10.550, 4, 17434, 100
2026/09/29 12:13:10.550, 5, 17434, 100
2026/09/29 12:13:10.550, 6, 17434, 100
2026/09/29 12:13:10.550, 7, 17434, 100
2026/09/29 12:13:11.551, 0, 17434, 100
2026/09/29 12:13:11.551, 1, 17434, 100
2026/09/29 12:13:11.551, 2, 17434, 100
2026/09/29 12:13:11.551, 3, 17434, 100
2026/09/29 12:13:11.551, 4, 17434, 100
2026/09/29 12:13:11.551, 5, 17434, 100
2026/09/29 12:13:11.551, 6, 17434, 100
2026/09/29 12:13:11.551, 7, 17434, 100
2026/09/29 12:13:12.551, 0, 17434, 100
2026/09/29 12:13:12.551, 1, 17434, 100
2026/09/29 12:13:12.551, 2, 17434, 99
2026/09/29 12:13:12.551, 3, 17434, 100
2026/09/29 12:13:12.551, 4, 17434, 100
2026/09/29 12:13:12.552, 5, 17434, 99
2026/09/29 12:13:12.552, 6, 17434, 100
2026/09/29 12:13:12.552, 7, 17434, 100
2026/09/29 12:13:13.552, 0, 17434, 100
2026/09/29 12:13:13.552, 1, 17434, 100
2026/09/29 12:13:13.552, 2, 17434, 100
2026/09/29 12:13:13.552, 3, 17434, 100
2026/09/29 12:13:13.552, 4, 17434, 100
2026/09/29 12:13:13.552, 5, 17434, 100
2026/09/29 12:13:13.552, 6, 17434, 100
2026/09/29 12:13:13.552, 7, 17434, 100
2026/09/29 12:13:14.553, 0, 17434, 100
2026/09/29 12:13:14.553, 1, 17434, 100
2026/09/29 12:13:14.553, 2, 17434, 100
2026/09/29 12:13:14.553, 3, 17434, 100
2026/09/29 12:13:14.553, 4, 17434, 100
2026/09/29 12:13:14.553, 5, 17434, 100
2026/09/29 12:13:14.553, 6, 17434, 100
2026/09/29 12:13:14.553, 7, 17434, 100
2026/09/29 12:13:15.553, 0, 17434, 100
2026/09/29 12:13:15.553, 1, 17434, 100
2026/09/29 12:13:15.553, 2, 17434, 100
2026/09/29 12:13:15.554, 3, 17434, 100
2026/09/29 12:13:15.554, 4, 17434, 100
2026/09/29 12:13:15.554, 5, 17434, 100
2026/09/29 12:13:15.554, 6, 17434, 100
2026/09/29 12:13:15.554, 7, 17434, 100
2026/09/29 12:13:16.554, 0, 17434, 100
2026/09/29 12:13:16.554, 1, 17434, 100
2026/09/29 12:13:16.554, 2, 17434, 100
2026/09/29 12:13:16.554, 3, 17434, 100
2026/09/29 12:13:16.554, 4, 17434, 100
2026/09/29 12:13:16.554, 5, 17434, 100
2026/09/29 12:13:16.554, 6, 17434, 100
2026/09/29 12:13:16.554, 7, 17434, 100
2026/09/29 12:13:17.555, 0, 17434, 100
2026/09/29 12:13:17.555, 1, 17434, 99
2026/09/29 12:13:17.555, 2, 17434, 96
2026/09/29 12:13:17.555, 3, 17434, 99
2026/09/29 12:13:17.555, 4, 17434, 100
2026/09/29 12:13:17.555, 5, 17434, 98
2026/09/29 12:13:17.555, 6, 17434, 100
2026/09/29 12:13:17.555, 7, 17434, 100
2026/09/29 12:13:18.555, 0, 17434, 100
2026/09/29 12:13:18.555, 1, 17434, 100
2026/09/29 12:13:18.555, 2, 17434, 100
2026/09/29 12:13:18.555, 3, 17434, 100
2026/09/29 12:13:18.555, 4, 17434, 100
2026/09/29 12:13:18.555, 5, 17434, 100
2026/09/29 12:13:18.555, 6, 17434, 100
2026/09/29 12:13:18.555, 7, 17434, 100
2026/09/29 12:13:19.555, 0, 17434, 100
2026/09/29 12:13:19.556, 1, 17434, 100
2026/09/29 12:13:19.556, 2, 17434, 100
2026/09/29 12:13:19.556, 3, 17434, 100
2026/09/29 12:13:19.556, 4, 17434, 100
2026/09/29 12:13:19.556, 5, 17434, 100
2026/09/29 12:13:19.556, 6, 17434, 100
2026/09/29 12:13:19.556, 7, 17434, 100
2026/09/29 12:13:20.556, 0, 17434, 100
2026/09/29 12:13:20.556, 1, 17434, 100
2026/09/29 12:13:20.556, 2, 17434, 100
2026/09/29 12:13:20.556, 3, 17434, 100
2026/09/29 12:13:20.556, 4, 17434, 100
2026/09/29 12:13:20.556, 5, 17434, 100
2026/09/29 12:13:20.556, 6, 17434, 100
2026/09/29 12:13:20.556, 7, 17434, 100
2026/09/29 12:13:21.556, 0, 17434, 100
2026/09/29 12:13:21.564, 1, 17434, 100
2026/09/29 12:13:21.564, 2, 17434, 100
2026/09/29 12:13:21.564, 3, 17434, 100
2026/09/29 12:13:21.564, 4, 17434, 100
2026/09/29 12:13:21.564, 5, 17434, 100
2026/09/29 12:13:21.564, 6, 17434, 100
2026/09/29 12:13:21.564, 7, 17434, 100
2026/09/29 12:13:22.564, 0, 17434, 94
2026/09/29 12:13:22.565, 1, 17434, 99
2026/09/29 12:13:22.565, 2, 17434, 100
2026/09/29 12:13:22.565, 3, 17434, 100
2026/09/29 12:13:22.565, 4, 17434, 100
2026/09/29 12:13:22.565, 5, 17434, 100
2026/09/29 12:13:22.565, 6, 17434, 100
2026/09/29 12:13:22.565, 7, 17434, 100
2026/09/29 12:13:23.565, 0, 17434, 0
2026/09/29 12:13:23.565, 1, 17434, 100
2026/09/29 12:13:23.565, 2, 17434, 100
2026/09/29 12:13:23.565, 3, 17434, 100
2026/09/29 12:13:23.565, 4, 17434, 100
2026/09/29 12:13:23.565, 5, 17434, 100
2026/09/29 12:13:23.565, 6, 17434, 100
2026/09/29 12:13:23.565, 7, 17434, 100
2026/09/29 12:13:24.566, 0, 17434, 0
2026/09/29 12:13:24.566, 1, 17434, 0
2026/09/29 12:13:24.566, 2, 17434, 0
2026/09/29 12:13:24.566, 3, 17434, 0
2026/09/29 12:13:24.566, 4, 17434, 0
2026/09/29 12:13:24.566, 5, 17434, 0
2026/09/29 12:13:24.566, 6, 17434, 0
2026/09/29 12:13:24.566, 7, 17434, 0
2026/09/29 12:13:25.566, 0, 17434, 0
2026/09/29 12:13:25.566, 1, 17434, 0
2026/09/29 12:13:25.566, 2, 17434, 0
2026/09/29 12:13:25.566, 3, 17434, 0
2026/09/29 12:13:25.566, 4, 17434, 0
2026/09/29 12:13:25.567, 5, 17434, 0
2026/09/29 12:13:25.567, 6, 17434, 0
2026/09/29 12:13:25.567, 7, 17434, 0
2026/09/29 12:13:26.567, 0, 17434, 0
2026/09/29 12:13:26.567, 1, 17434, 0
2026/09/29 12:13:26.567, 2, 17434, 0
2026/09/29 12:13:26.567, 3, 17434, 0
2026/09/29 12:13:26.567, 4, 17434, 0
2026/09/29 12:13:26.567, 5, 17434, 0
2026/09/29 12:13:26.567, 6, 17434, 0
2026/09/29 12:13:26.567, 7, 17434, 0
2026/09/29 12:13:27.567, 0, 17434, 0
2026/09/29 12:13:27.567, 1, 17434, 0
2026/09/29 12:13:27.567, 2, 17434, 0
2026/09/29 12:13:27.567, 3, 17434, 0
2026/09/29 12:13:27.567, 4, 17434, 0
2026/09/29 12:13:27.567, 5, 17434, 0
2026/09/29 12:13:27.567, 6, 17434, 0
2026/09/29 12:13:27.567, 7, 17434, 0
2026/09/29 12:13:28.567, 0, 17434, 0
2026/09/29 12:13:28.568, 1, 17434, 0
2026/09/29 12:13:28.568, 2, 17434, 0
2026/09/29 12:13:28.568, 3, 17418, 0
2026/09/29 12:13:28.568, 4, 17434, 0
2026/09/29 12:13:28.568, 5, 17434, 0
2026/09/29 12:13:28.568, 6, 17434, 0
2026/09/29 12:13:28.568, 7, 17434, 0
2026/09/29 12:13:29.568, 0, 17342, 0
2026/09/29 12:13:29.568, 1, 17434, 0
2026/09/29 12:13:29.568, 2, 17434, 0
2026/09/29 12:13:29.568, 3, 17418, 0
2026/09/29 12:13:29.568, 4, 17434, 0
2026/09/29 12:13:29.568, 5, 17434, 0
2026/09/29 12:13:29.568, 6, 17434, 0
2026/09/29 12:13:29.568, 7, 17434, 0
2026/09/29 12:13:30.569, 0, 17342, 0
2026/09/29 12:13:30.569, 1, 17434, 0
2026/09/29 12:13:30.569, 2, 17434, 0
2026/09/29 12:13:30.569, 3, 17418, 0
2026/09/29 12:13:30.569, 4, 17434, 0
2026/09/29 12:13:30.569, 5, 17434, 0
2026/09/29 12:13:30.569, 6, 17434, 0
2026/09/29 12:13:30.569, 7, 17402, 0
2026/09/29 12:13:31.569, 0, 17342, 0
2026/09/29 12:13:31.569, 1, 17342, 0
2026/09/29 12:13:31.569, 2, 17342, 13
2026/09/29 12:13:31.569, 3, 17418, 0
2026/09/29 12:13:31.569, 4, 17342, 0
2026/09/29 12:13:31.569, 5, 17434, 0
2026/09/29 12:13:31.570, 6, 17434, 0
2026/09/29 12:13:31.570, 7, 17386, 0
2026/09/29 12:13:32.570, 0, 17342, 0
2026/09/29 12:13:32.570, 1, 17342, 0
2026/09/29 12:13:32.570, 2, 17342, 0
2026/09/29 12:13:32.570, 3, 17418, 0
2026/09/29 12:13:32.570, 4, 17342, 0
2026/09/29 12:13:32.570, 5, 17434, 0
2026/09/29 12:13:32.570, 6, 17434, 0
2026/09/29 12:13:32.570, 7, 17386, 0
2026/09/29 12:13:33.570, 0, 17342, 0
2026/09/29 12:13:33.570, 1, 17342, 0
2026/09/29 12:13:33.570, 2, 17342, 0
2026/09/29 12:13:33.571, 3, 17326, 0
2026/09/29 12:13:33.571, 4, 17342, 0
2026/09/29 12:13:33.571, 5, 17342, 0
2026/09/29 12:13:33.571, 6, 17342, 0
2026/09/29 12:13:33.571, 7, 17386, 0
2026/09/29 12:13:34.571, 0, 17342, 0
2026/09/29 12:13:34.571, 1, 17342, 0
2026/09/29 12:13:34.571, 2, 17342, 0
2026/09/29 12:13:34.571, 3, 17326, 0
2026/09/29 12:13:34.571, 4, 17342, 0
2026/09/29 12:13:34.571, 5, 17342, 0
2026/09/29 12:13:34.571, 6, 17342, 0
2026/09/29 12:13:34.571, 7, 17294, 0
2026/09/29 12:13:35.571, 0, 4, 0
2026/09/29 12:13:42.931, 1, 4, 0
2026/09/29 12:14:36.065, 2, 4, 0
2026/09/29 12:14:36.113, 3, 4, 0
2026/09/29 12:14:36.121, 4, 4, 0
2026/09/29 12:14:36.121, 5, 4, 0
2026/09/29 12:14:36.121, 6, 4, 0
2026/09/29 12:14:36.122, 7, 4, 0
2026/09/29 12:14:37.123, 0, 4, 0
2026/09/29 12:14:37.123, 1, 4, 0
2026/09/29 12:14:37.123, 2, 4, 0
2026/09/29 12:14:37.123, 3, 4, 0
2026/09/29 12:14:37.123, 4, 4, 0
2026/09/29 12:14:37.123, 5, 4, 0
2026/09/29 12:14:37.123, 6, 4, 0
2026/09/29 12:14:37.123, 7, 4, 0
2026/09/29 12:14:38.123, 0, 4, 0
2026/09/29 12:14:38.123, 1, 4, 0
2026/09/29 12:14:38.123, 2, 4, 0
2026/09/29 12:14:38.123, 3, 4, 0
2026/09/29 12:14:38.123, 4, 4, 0
2026/09/29 12:14:38.124, 5, 4, 0
2026/09/29 12:14:38.124, 6, 4, 0
2026/09/29 12:14:38.124, 7, 4, 0
2026/09/29 12:14:39.124, 0, 4, 0
2026/09/29 12:14:39.124, 1, 4, 0
2026/09/29 12:14:39.124, 2, 4, 0
2026/09/29 12:14:39.124, 3, 4, 0
2026/09/29 12:14:39.124, 4, 4, 0
2026/09/29 12:14:39.124, 5, 4, 0
2026/09/29 12:14:39.124, 6, 4, 0
2026/09/29 12:14:39.124, 7, 4, 0
2026/09/29 12:14:40.125, 0, 4, 0
2026/09/29 12:14:40.125, 1, 4, 0
2026/09/29 12:14:40.125, 2, 4, 0
2026/09/29 12:14:40.125, 3, 4, 0
2026/09/29 12:14:40.125, 4, 4, 0
2026/09/29 12:14:40.125, 5, 4, 0
2026/09/29 12:14:40.125, 6, 4, 0
2026/09/29 12:14:40.125, 7, 4, 0
2026/09/29 12:14:41.125, 0, 4, 0
2026/09/29 12:14:41.125, 1, 4, 0
2026/09/29 12:14:41.125, 2, 4, 0
2026/09/29 12:14:41.126, 3, 4, 0
2026/09/29 12:14:41.126, 4, 4, 0
2026/09/29 12:14:41.126, 5, 4, 0
2026/09/29 12:14:41.126, 6, 4, 0
2026/09/29 12:14:41.126, 7, 4, 0
2026/09/29 12:14:42.126, 0, 4, 0
2026/09/29 12:14:42.126, 1, 4, 0
2026/09/29 12:14:42.126, 2, 4, 0
2026/09/29 12:14:42.126, 3, 4, 0
2026/09/29 12:14:42.126, 4, 4, 0
2026/09/29 12:14:42.126, 5, 4, 0
2026/09/29 12:14:42.126, 6, 4, 0
2026/09/29 12:14:42.126, 7, 4, 0
2026/09/29 12:14:43.127, 0, 4, 0
2026/09/29 12:14:43.127, 1, 4, 0
2026/09/29 12:14:43.127, 2, 4, 0
2026/09/29 12:14:43.127, 3, 4, 0
2026/09/29 12:14:43.127, 4, 4, 0
2026/09/29 12:14:43.127, 5, 4, 0
2026/09/29 12:14:43.127, 6, 4, 0
2026/09/29 12:14:43.127, 7, 4, 0
2026/09/29 12:14:44.127, 0, 4, 0
2026/09/29 12:14:44.127, 1, 4, 0
2026/09/29 12:14:44.127, 2, 4, 0
2026/09/29 12:14:44.127, 3, 4, 0
2026/09/29 12:14:44.128, 4, 4, 0
2026/09/29 12:14:44.128, 5, 4, 0
2026/09/29 12:14:44.128, 6, 4, 0
2026/09/29 12:14:44.128, 7, 4, 0
2026/09/29 12:14:45.128, 0, 4, 0
2026/09/29 12:14:45.128, 1, 4, 0
2026/09/29 12:14:45.128, 2, 4, 0
2026/09/29 12:14:45.128, 3, 4, 0
2026/09/29 12:14:45.128, 4, 4, 0
2026/09/29 12:14:45.128, 5, 4, 0
2026/09/29 12:14:45.128, 6, 4, 0
2026/09/29 12:14:45.128, 7, 4, 0
2026/09/29 12:14:46.129, 0, 4, 0
2026/09/29 12:14:46.129, 1, 4, 0
2026/09/29 12:14:46.129, 2, 4, 0
2026/09/29 12:14:46.129, 3, 4, 0
2026/09/29 12:14:46.129, 4, 4, 0
2026/09/29 12:14:46.129, 5, 4, 0
2026/09/29 12:14:46.129, 6, 4, 0
2026/09/29 12:14:46.129, 7, 4, 0
2026/09/29 12:14:47.129, 0, 4, 0
2026/09/29 12:14:47.129, 1, 4, 0
2026/09/29 12:14:47.130, 2, 4, 0
2026/09/29 12:14:47.130, 3, 4, 0
2026/09/29 12:14:47.130, 4, 4, 0
2026/09/29 12:14:47.130, 5, 4, 0
2026/09/29 12:14:47.130, 6, 4, 0
2026/09/29 12:14:47.130, 7, 4, 0
2026/09/29 12:14:48.130, 0, 4, 0
2026/09/29 12:14:48.130, 1, 4, 0
2026/09/29 12:14:48.130, 2, 4, 0
2026/09/29 12:14:48.130, 3, 4, 0
2026/09/29 12:14:48.130, 4, 4, 0
2026/09/29 12:14:48.130, 5, 4, 0
2026/09/29 12:14:48.130, 6, 4, 0
2026/09/29 12:14:48.131, 7, 4, 0
2026/09/29 12:14:49.131, 0, 4, 0
2026/09/29 12:14:49.131, 1, 4, 0
2026/09/29 12:14:49.131, 2, 4, 0
2026/09/29 12:14:49.131, 3, 4, 0
2026/09/29 12:14:49.131, 4, 4, 0
2026/09/29 12:14:49.131, 5, 4, 0
2026/09/29 12:14:49.131, 6, 4, 0
2026/09/29 12:14:49.131, 7, 4, 0
2026/09/29 12:14:50.132, 0, 4, 0
2026/09/29 12:14:50.132, 1, 4, 0
2026/09/29 12:14:50.132, 2, 4, 0
2026/09/29 12:14:50.132, 3, 4, 0
2026/09/29 12:14:50.132, 4, 4, 0
2026/09/29 12:14:50.132, 5, 4, 0
2026/09/29 12:14:50.132, 6, 4, 0
2026/09/29 12:14:50.132, 7, 4, 0
2026/09/29 12:14:51.132, 0, 4, 0
2026/09/29 12:14:51.132, 1, 4, 0
2026/09/29 12:14:51.132, 2, 4, 0
2026/09/29 12:14:51.132, 3, 4, 0
2026/09/29 12:14:51.132, 4, 4, 0
2026/09/29 12:14:51.133, 5, 4, 0
2026/09/29 12:14:51.133, 6, 4, 0
2026/09/29 12:14:51.133, 7, 4, 0
2026/09/29 12:14:52.133, 0, 4, 0
2026/09/29 12:14:52.133, 1, 4, 0
2026/09/29 12:14:52.133, 2, 4, 0
2026/09/29 12:14:52.133, 3, 4, 0
2026/09/29 12:14:52.133, 4, 4, 0
2026/09/29 12:14:52.133, 5, 4, 0
2026/09/29 12:14:52.133, 6, 4, 0
2026/09/29 12:14:52.133, 7, 4, 0
2026/09/29 12:14:53.133, 0, 1, 0
2026/09/29 12:14:53.134, 1, 4, 0
2026/09/29 12:14:53.135, 2, 4, 0
2026/09/29 12:14:53.135, 3, 4, 0
2026/09/29 12:14:53.135, 4, 4, 0
2026/09/29 12:14:53.136, 5, 4, 0
2026/09/29 12:14:53.136, 6, 4, 0
2026/09/29 12:14:53.136, 7, 4, 0
