2026/09/29 12:14:53.667, 0, 1, 0
2026/09/29 12:14:53.669, 1, 1, 0
2026/09/29 12:14:53.672, 2, 1, 0
2026/09/29 12:14:53.674, 3, 1, 0
2026/09/29 12:14:53.676, 4, 1, 0
2026/09/29 12:14:53.678, 5, 1, 0
2026/09/29 12:14:53.681, 6, 1, 0
2026/09/29 12:14:53.683, 7, 1, 0
2026/09/29 12:14:54.685, 0, 1, 0
2026/09/29 12:14:54.685, 1, 1, 0
2026/09/29 12:14:54.685, 2, 1, 0
2026/09/29 12:14:54.685, 3, 1, 0
2026/09/29 12:14:54.685, 4, 1, 0
2026/09/29 12:14:54.685, 5, 1, 0
2026/09/29 12:14:54.685, 6, 1, 0
2026/09/29 12:14:54.686, 7, 1, 0
2026/09/29 12:14:55.686, 0, 4, 0
2026/09/29 12:14:55.686, 1, 2, 0
2026/09/29 12:14:55.686, 2, 1, 0
2026/09/29 12:14:55.687, 3, 1, 0
2026/09/29 12:14:55.687, 4, 1, 0
2026/09/29 12:14:55.687, 5, 1, 0
2026/09/29 12:14:55.687, 6, 1, 0
2026/09/29 12:14:55.687, 7, 1, 0
2026/09/29 12:14:56.687, 0, 4, 0
2026/09/29 12:14:56.687, 1, 4, 0
2026/09/29 12:14:56.687, 2, 4, 0
2026/09/29 12:14:56.688, 3, 4, 0
2026/09/29 12:14:56.688, 4, 4, 0
2026/09/29 12:14:56.688, 5, 4, 0
2026/09/29 12:14:56.688, 6, 4, 0
2026/09/29 12:14:56.688, 7, 4, 0
2026/09/29 12:14:57.688, 0, 4, 0
2026/09/29 12:14:57.688, 1, 4, 0
2026/09/29 12:14:57.688, 2, 4, 0
2026/09/29 12:14:57.688, 3, 4, 0
2026/09/29 12:14:57.688, 4, 4, 0
2026/09/29 12:14:57.688, 5, 4, 0
2026/09/29 12:14:57.688, 6, 4, 0
2026/09/29 12:14:57.688, 7, 4, 0
2026/09/29 12:14:58.688, 0, 4, 0
2026/09/29 12:14:58.688, 1, 4, 0
2026/09/29 12:14:58.688, 2, 4, 0
2026/09/29 12:14:58.688, 3, 4, 0
2026/09/29 12:14:58.688, 4, 4, 0
2026/09/29 12:14:58.689, 5, 4, 0
2026/09/29 12:14:58.689, 6, 4, 0
2026/09/29 12:14:58.689, 7, 4, 0
2026/09/29 12:14:59.689, 0, 4, 0
2026/09/29 12:14:59.689, 1, 4, 0
2026/09/29 12:14:59.689, 2, 4, 0
2026/09/29 12:14:59.689, 3, 4, 0
2026/09/29 12:14:59.689, 4, 4, 0
2026/09/29 12:14:59.689, 5, 4, 0
2026/09/29 12:14:59.689, 6, 4, 0
2026/09/29 12:14:59.689, 7, 4, 0
2026/09/29 12:15:00.689, 0, 4, 0
2026/09/29 12:15:00.689, 1, 4, 0
2026/09/29 12:15:00.689, 2, 4, 0
2026/09/29 12:15:00.689, 3, 4, 0
2026/09/29 12:15:00.689, 4, 4, 0
2026/09/29 12:15:00.690, 5, 4, 0
2026/09/29 12:15:00.690, 6, 4, 0
2026/09/29 12:15:00.690, 7, 4, 0
2026/09/29 12:15:01.690, 0, 4, 0
2026/09/29 12:15:01.690, 1, 4, 0
2026/09/29 12:15:01.690, 2, 4, 0
2026/09/29 12:15:01.690, 3, 4, 0
2026/09/29 12:15:01.690, 4, 4, 0
2026/09/29 12:15:01.690, 5, 4, 0
2026/09/29 12:15:01.690, 6, 4, 0
2026/09/29 12:15:01.690, 7, 4, 0
2026/09/29 12:15:02.690, 0, 4, 0
2026/09/29 12:15:02.690, 1, 4, 0
2026/09/29 12:15:02.690, 2, 4, 0
2026/09/29 12:15:02.690, 3, 4, 0
2026/09/29 12:15:02.690, 4, 4, 0
2026/09/29 12:15:02.691, 5, 4, 0
2026/09/29 12:15:02.691, 6, 4, 0
2026/09/29 12:15:02.691, 7, 4, 0
2026/09/29 12:15:03.691, 0, 4, 0
2026/09/29 12:15:03.691, 1, 4, 0
2026/09/29 12:15:03.691, 2, 4, 0
2026/09/29 12:15:03.691, 3, 4, 0
2026/09/29 12:15:03.691, 4, 4, 0
2026/09/29 12:15:03.691, 5, 4, 0
2026/09/29 12:15:03.691, 6, 4, 0
2026/09/29 12:15:03.691, 7, 4, 0
2026/09/29 12:15:04.692, 0, 4, 0
2026/09/29 12:15:04.694, 1, 4, 0
2026/09/29 12:15:04.694, 2, 4, 0
2026/09/29 12:15:04.694, 3, 4, 0
2026/09/29 12:15:04.695, 4, 4, 0
2026/09/29 12:15:04.695, 5, 4, 0
2026/09/29 12:15:04.696, 6, 4, 0
2026/09/29 12:15:04.696, 7, 4, 0
2026/09/29 12:15:05.699, 0, 4, 0
2026/09/29 12:15:05.699, 1, 4, 0
2026/09/29 12:15:05.699, 2, 4, 0
2026/09/29 12:15:05.699, 3, 4, 0
2026/09/29 12:15:05.699, 4, 4, 0
2026/09/29 12:15:05.699, 5, 4, 0
2026/09/29 12:15:05.699, 6, 4, 0
2026/09/29 12:15:05.699, 7, 4, 0
2026/09/29 12:15:06.699, 0, 396, 0
2026/09/29 12:15:06.712, 1, 21, 0
2026/09/29 12:15:06.713, 2, 4, 0
2026/09/29 12:15:06.713, 3, 36, 0
2026/09/29 12:15:06.714, 4, 4, 0
2026/09/29 12:15:06.714, 5, 4, 0
2026/09/29 12:15:06.716, 6, 21, 0
2026/09/29 12:15:06.716, 7, 21, 0
2026/09/29 12:15:07.717, 0, 496, 0
2026/09/29 12:15:07.717, 1, 502, 0
2026/09/29 12:15:07.717, 2, 490, 0
2026/09/29 12:15:07.717, 3, 476, 0
2026/09/29 12:15:07.717, 4, 484, 6
2026/09/29 12:15:07.717, 5, 468, 0
2026/09/29 12:15:07.717, 6, 468, 2
2026/09/29 12:15:07.717, 7, 480, 0
2026/09/29 12:15:08.718, 0, 606, 0
2026/09/29 12:15:08.718, 1, 606, 0
2026/09/29 12:15:08.718, 2, 606, 0
2026/09/29 12:15:08.718, 3, 606, 0
2026/09/29 12:15:08.718, 4, 606, 0
2026/09/29 12:15:08.718, 5, 606, 0
2026/09/29 12:15:08.718, 6, 606, 0
2026/09/29 12:15:08.718, 7, 606, 3
2026/09/29 12:15:09.718, 0, 606, 0
2026/09/29 12:15:09.718, 1, 606, 0
2026/09/29 12:15:09.719, 2, 606, 0
2026/09/29 12:15:09.719, 3, 606, 0
2026/09/29 12:15:09.719, 4, 606, 0
2026/09/29 12:15:09.719, 5, 606, 0
2026/09/29 12:15:09.719, 6, 606, 0
2026/09/29 12:15:09.719, 7, 606, 0
2026/09/29 12:15:10.719, 0, 606, 0
2026/09/29 12:15:10.719, 1, 606, 0
2026/09/29 12:15:10.719, 2, 606, 0
2026/09/29 12:15:10.719, 3, 606, 0
2026/09/29 12:15:10.719, 4, 606, 0
2026/09/29 12:15:10.720, 5, 606, 0
2026/09/29 12:15:10.720, 6, 606, 0
2026/09/29 12:15:10.720, 7, 606, 0
2026/09/29 12:15:11.720, 0, 606, 0
2026/09/29 12:15:11.720, 1, 606, 0
2026/09/29 12:15:11.720, 2, 606, 0
2026/09/29 12:15:11.720, 3, 606, 0
2026/09/29 12:15:11.720, 4, 606, 0
2026/09/29 12:15:11.720, 5, 606, 0
2026/09/29 12:15:11.720, 6, 606, 0
2026/09/29 12:15:11.720, 7, 606, 0
2026/09/29 12:15:12.721, 0, 606, 0
2026/09/29 12:15:12.721, 1, 606, 0
2026/09/29 12:15:12.721, 2, 606, 0
2026/09/29 12:15:12.721, 3, 606, 0
2026/09/29 12:15:12.721, 4, 606, 0
2026/09/29 12:15:12.721, 5, 606, 0
2026/09/29 12:15:12.721, 6, 606, 0
2026/09/29 12:15:12.721, 7, 606, 0
2026/09/29 12:15:13.721, 0, 606, 0
2026/09/29 12:15:13.721, 1, 606, 0
2026/09/29 12:15:13.722, 2, 606, 0
2026/09/29 12:15:13.722, 3, 606, 0
2026/09/29 12:15:13.722, 4, 606, 0
2026/09/29 12:15:13.722, 5, 606, 0
2026/09/29 12:15:13.722, 6, 606, 0
2026/09/29 12:15:13.722, 7, 606, 0
2026/09/29 12:15:14.722, 0, 606, 0
2026/09/29 12:15:14.722, 1, 606, 0
2026/09/29 12:15:14.722, 2, 606, 0
2026/09/29 12:15:14.722, 3, 606, 0
2026/09/29 12:15:14.722, 4, 606, 0
2026/09/29 12:15:14.723, 5, 606, 0
2026/09/29 12:15:14.723, 6, 606, 0
2026/09/29 12:15:14.723, 7, 606, 0
2026/09/29 12:15:15.723, 0, 606, 0
2026/09/29 12:15:15.723, 1, 606, 0
2026/09/29 12:15:15.723, 2, 606, 0
2026/09/29 12:15:15.723, 3, 606, 0
2026/09/29 12:15:15.723, 4, 606, 0
2026/09/29 12:15:15.723, 5, 606, 0
2026/09/29 12:15:15.723, 6, 606, 0
2026/09/29 12:15:15.723, 7, 606, 0
2026/09/29 12:15:16.724, 0, 606, 0
2026/09/29 12:15:16.724, 1, 606, 0
2026/09/29 12:15:16.724, 2, 606, 0
2026/09/29 12:15:16.724, 3, 606, 0
2026/09/29 12:15:16.724, 4, 606, 0
2026/09/29 12:15:16.724, 5, 606, 0
2026/09/29 12:15:16.724, 6, 606, 0
2026/09/29 12:15:16.724, 7, 606, 0
2026/09/29 12:15:17.724, 0, 606, 0
2026/09/29 12:15:17.724, 1, 606, 0
2026/09/29 12:15:17.725, 2, 606, 0
2026/09/29 12:15:17.725, 3, 606, 0
2026/09/29 12:15:17.725, 4, 606, 0
2026/09/29 12:15:17.725, 5, 606, 0
2026/09/29 12:15:17.725, 6, 606, 0
2026/09/29 12:15:17.725, 7, 606, 0
2026/09/29 12:15:18.725, 0, 606, 0
2026/09/29 12:15:18.725, 1, 606, 0
2026/09/29 12:15:18.725, 2, 606, 0
2026/09/29 12:15:18.725, 3, 606, 0
2026/09/29 12:15:18.725, 4, 606, 0
2026/09/29 12:15:18.726, 5, 606, 0
2026/09/29 12:15:18.726, 6, 606, 0
2026/09/29 12:15:18.726, 7, 606, 0
2026/09/29 12:15:19.726, 0, 606, 0
2026/09/29 12:15:19.726, 1, 606, 0
2026/09/29 12:15:19.726, 2, 606, 0
2026/09/29 12:15:19.726, 3, 606, 0
2026/09/29 12:15:19.726, 4, 606, 0
2026/09/29 12:15:19.726, 5, 606, 0
2026/09/29 12:15:19.726, 6, 606, 0
2026/09/29 12:15:19.726, 7, 606, 0
2026/09/29 12:15:20.727, 0, 606, 0
2026/09/29 12:15:20.727, 1, 606, 0
2026/09/29 12:15:20.727, 2, 606, 0
2026/09/29 12:15:20.727, 3, 606, 0
2026/09/29 12:15:20.727, 4, 606, 0
2026/09/29 12:15:20.727, 5, 606, 0
2026/09/29 12:15:20.727, 6, 606, 0
2026/09/29 12:15:20.727, 7, 606, 0
2026/09/29 12:15:21.727, 0, 606, 0
2026/09/29 12:15:21.727, 1, 606, 0
2026/09/29 12:15:21.727, 2, 606, 0
2026/09/29 12:15:21.727, 3, 606, 0
2026/09/29 12:15:21.728, 4, 606, 0
2026/09/29 12:15:21.728, 5, 606, 0
2026/09/29 12:15:21.728, 6, 606, 0
2026/09/29 12:15:21.728, 7, 606, 0
2026/09/29 12:15:22.728, 0, 606, 0
2026/09/29 12:15:22.728, 1, 606, 0
2026/09/29 12:15:22.728, 2, 606, 0
2026/09/29 12:15:22.728, 3, 606, 0
2026/09/29 12:15:22.728, 4, 606, 0
2026/09/29 12:15:22.728, 5, 606, 0
2026/09/29 12:15:22.728, 6, 606, 0
2026/09/29 12:15:22.728, 7, 606, 0
2026/09/29 12:15:23.729, 0, 606, 0
2026/09/29 12:15:23.729, 1, 606, 0
2026/09/29 12:15:23.729, 2, 606, 0
2026/09/29 12:15:23.729, 3, 606, 0
2026/09/29 12:15:23.729, 4, 606, 0
2026/09/29 12:15:23.729, 5, 606, 0
2026/09/29 12:15:23.729, 6, 606, 0
2026/09/29 12:15:23.729, 7, 606, 0
2026/09/29 12:15:24.729, 0, 606, 0
2026/09/29 12:15:24.729, 1, 606, 0
2026/09/29 12:15:24.730, 2, 606, 0
2026/09/29 12:15:24.730, 3, 606, 0
2026/09/29 12:15:24.730, 4, 606, 0
2026/09/29 12:15:24.730, 5, 606, 0
2026/09/29 12:15:24.730, 6, 606, 0
2026/09/29 12:15:24.730, 7, 606, 0
2026/09/29 12:15:25.730, 0, 606, 0
2026/09/29 12:15:25.730, 1, 606, 0
2026/09/29 12:15:25.730, 2, 606, 0
2026/09/29 12:15:25.730, 3, 606, 0
2026/09/29 12:15:25.730, 4, 606, 0
2026/09/29 12:15:25.731, 5, 606, 0
2026/09/29 12:15:25.731, 6, 606, 0
2026/09/29 12:15:25.731, 7, 606, 0
2026/09/29 12:15:26.731, 0, 606, 0
2026/09/29 12:15:26.731, 1, 606, 0
2026/09/29 12:15:26.731, 2, 606, 0
2026/09/29 12:15:26.731, 3, 606, 0
2026/09/29 12:15:26.731, 4, 606, 0
2026/09/29 12:15:26.731, 5, 606, 0
2026/09/29 12:15:26.731, 6, 606, 0
2026/09/29 12:15:26.731, 7, 606, 0
2026/09/29 12:15:27.731, 0, 606, 0
2026/09/29 12:15:27.732, 1, 606, 0
2026/09/29 12:15:27.732, 2, 606, 0
2026/09/29 12:15:27.732, 3, 606, 0
2026/09/29 12:15:27.732, 4, 606, 0
2026/09/29 12:15:27.732, 5, 606, 0
2026/09/29 12:15:27.732, 6, 606, 0
2026/09/29 12:15:27.732, 7, 606, 0
2026/09/29 12:15:28.732, 0, 606, 0
2026/09/29 12:15:28.732, 1, 606, 0
2026/09/29 12:15:28.733, 2, 606, 0
2026/09/29 12:15:28.733, 3, 606, 0
2026/09/29 12:15:28.733, 4, 606, 0
2026/09/29 12:15:28.733, 5, 606, 0
2026/09/29 12:15:28.733, 6, 606, 0
2026/09/29 12:15:28.733, 7, 606, 0
2026/09/29 12:15:29.733, 0, 606, 0
2026/09/29 12:15:29.733, 1, 606, 0
2026/09/29 12:15:29.733, 2, 606, 0
2026/09/29 12:15:29.733, 3, 606, 0
2026/09/29 12:15:29.733, 4, 606, 0
2026/09/29 12:15:29.733, 5, 606, 0
2026/09/29 12:15:29.734, 6, 606, 0
2026/09/29 12:15:29.734, 7, 606, 0
2026/09/29 12:15:30.734, 0, 606, 0
2026/09/29 12:15:30.734, 1, 606, 0
2026/09/29 12:15:30.734, 2, 606, 0
2026/09/29 12:15:30.734, 3, 606, 0
2026/09/29 12:15:30.734, 4, 606, 0
2026/09/29 12:15:30.734, 5, 606, 0
2026/09/29 12:15:30.734, 6, 606, 0
2026/09/29 12:15:30.734, 7, 606, 0
2026/09/29 12:15:31.735, 0, 606, 0
2026/09/29 12:15:31.735, 1, 606, 0
2026/09/29 12:15:31.735, 2, 606, 0
2026/09/29 12:15:31.735, 3, 606, 0
2026/09/29 12:15:31.735, 4, 606, 0
2026/09/29 12:15:31.735, 5, 606, 0
2026/09/29 12:15:31.735, 6, 606, 0
2026/09/29 12:15:31.735, 7, 606, 0
2026/09/29 12:15:32.735, 0, 606, 0
2026/09/29 12:15:32.735, 1, 606, 0
2026/09/29 12:15:32.736, 2, 606, 0
2026/09/29 12:15:32.736, 3, 606, 0
2026/09/29 12:15:32.736, 4, 606, 0
2026/09/29 12:15:32.736, 5, 606, 0
2026/09/29 12:15:32.736, 6, 606, 0
2026/09/29 12:15:32.736, 7, 606, 0
2026/09/29 12:15:33.736, 0, 606, 0
2026/09/29 12:15:33.736, 1, 606, 0
2026/09/29 12:15:33.736, 2, 606, 0
2026/09/29 12:15:33.736, 3, 606, 0
2026/09/29 12:15:33.736, 4, 606, 0
2026/09/29 12:15:33.737, 5, 606, 0
2026/09/29 12:15:33.737, 6, 606, 0
2026/09/29 12:15:33.737, 7, 606, 0
2026/09/29 12:15:34.737, 0, 606, 0
2026/09/29 12:15:34.737, 1, 606, 0
2026/09/29 12:15:34.737, 2, 606, 0
2026/09/29 12:15:34.737, 3, 606, 0
2026/09/29 12:15:34.737, 4, 606, 0
2026/09/29 12:15:34.737, 5, 606, 0
2026/09/29 12:15:34.737, 6, 606, 0
2026/09/29 12:15:34.737, 7, 606, 0
2026/09/29 12:15:35.738, 0, 606, 0
2026/09/29 12:15:35.738, 1, 606, 0
2026/09/29 12:15:35.738, 2, 606, 0
2026/09/29 12:15:35.738, 3, 606, 0
2026/09/29 12:15:35.738, 4, 606, 0
2026/09/29 12:15:35.738, 5, 606, 0
2026/09/29 12:15:35.738, 6, 606, 0
2026/09/29 12:15:35.738, 7, 606, 0
2026/09/29 12:15:36.738, 0, 606, 0
2026/09/29 12:15:36.739, 1, 606, 0
2026/09/29 12:15:36.739, 2, 606, 0
2026/09/29 12:15:36.739, 3, 606, 0
2026/09/29 12:15:36.739, 4, 606, 0
2026/09/29 12:15:36.739, 5, 606, 0
2026/09/29 12:15:36.739, 6, 606, 0
2026/09/29 12:15:36.739, 7, 606, 0
2026/09/29 12:15:37.739, 0, 606, 0
2026/09/29 12:15:37.739, 1, 606, 0
2026/09/29 12:15:37.739, 2, 606, 0
2026/09/29 12:15:37.739, 3, 606, 0
2026/09/29 12:15:37.739, 4, 606, 0
2026/09/29 12:15:37.739, 5, 606, 0
2026/09/29 12:15:37.740, 6, 606, 0
2026/09/29 12:15:37.740, 7, 606, 0
2026/09/29 12:15:38.740, 0, 606, 0
2026/09/29 12:15:38.740, 1, 606, 0
2026/09/29 12:15:38.740, 2, 606, 0
2026/09/29 12:15:38.740, 3, 606, 0
2026/09/29 12:15:38.740, 4, 606, 0
2026/09/29 12:15:38.740, 5, 606, 0
2026/09/29 12:15:38.740, 6, 606, 0
2026/09/29 12:15:38.740, 7, 606, 0
2026/09/29 12:15:39.740, 0, 606, 0
2026/09/29 12:15:39.741, 1, 606, 0
2026/09/29 12:15:39.741, 2, 606, 0
2026/09/29 12:15:39.741, 3, 606, 0
2026/09/29 12:15:39.741, 4, 606, 0
2026/09/29 12:15:39.741, 5, 606, 0
2026/09/29 12:15:39.741, 6, 606, 0
2026/09/29 12:15:39.741, 7, 606, 0
2026/09/29 12:15:40.741, 0, 606, 0
2026/09/29 12:15:40.741, 1, 606, 0
2026/09/29 12:15:40.741, 2, 606, 0
2026/09/29 12:15:40.741, 3, 606, 0
2026/09/29 12:15:40.742, 4, 606, 0
2026/09/29 12:15:40.742, 5, 606, 0
2026/09/29 12:15:40.742, 6, 606, 0
2026/09/29 12:15:40.742, 7, 606, 0
2026/09/29 12:15:41.742, 0, 606, 0
2026/09/29 12:15:41.742, 1, 606, 0
2026/09/29 12:15:41.742, 2, 606, 0
2026/09/29 12:15:41.742, 3, 606, 0
2026/09/29 12:15:41.743, 4, 606, 0
2026/09/29 12:15:41.743, 5, 606, 0
2026/09/29 12:15:41.743, 6, 606, 0
2026/09/29 12:15:41.743, 7, 606, 0
2026/09/29 12:15:42.743, 0, 2148, 44
2026/09/29 12:15:42.743, 1, 606, 0
2026/09/29 12:15:42.743, 2, 1386, 0
2026/09/29 12:15:42.743, 3, 2148, 35
2026/09/29 12:15:42.743, 4, 1386, 16
2026/09/29 12:15:42.743, 5, 1626, 0
2026/09/29 12:15:42.743, 6, 606, 0
2026/09/29 12:15:42.744, 7, 2148, 0
2026/09/29 12:15:43.744, 0, 2150, 0
2026/09/29 12:15:43.744, 1, 2148, 42
2026/09/29 12:15:43.744, 2, 2148, 0
2026/09/29 12:15:43.744, 3, 2150, 0
2026/09/29 12:15:43.745, 4, 2148, 0
2026/09/29 12:15:43.745, 5, 2148, 0
2026/09/29 12:15:43.745, 6, 1686, 0
2026/09/29 12:15:43.745, 7, 2150, 0
2026/09/29 12:15:44.745, 0, 2152, 0
2026/09/29 12:15:44.745, 1, 2150, 0
2026/09/29 12:15:44.745, 2, 2150, 1
2026/09/29 12:15:44.745, 3, 2152, 0
2026/09/29 12:15:44.745, 4, 2150, 0
2026/09/29 12:15:44.745, 5, 2150, 0
2026/09/29 12:15:44.745, 6, 2148, 0
2026/09/29 12:15:44.746, 7, 2152, 0
2026/09/29 12:15:45.746, 0, 2154, 1
2026/09/29 12:15:45.746, 1, 2152, 0
2026/09/29 12:15:45.746, 2, 2152, 1
2026/09/29 12:15:45.748, 3, 2154, 0
2026/09/29 12:15:45.749, 4, 2154, 0
2026/09/29 12:15:45.749, 5, 2152, 1
2026/09/29 12:15:45.750, 6, 2150, 0
2026/09/29 12:15:45.750, 7, 2154, 0
2026/09/29 12:15:46.750, 0, 2156, 0
2026/09/29 12:15:46.750, 1, 2154, 0
2026/09/29 12:15:46.751, 2, 2154, 0
2026/09/29 12:15:46.751, 3, 2154, 0
2026/09/29 12:15:46.751, 4, 2154, 0
2026/09/29 12:15:46.751, 5, 2154, 0
2026/09/29 12:15:46.751, 6, 2154, 0
2026/09/29 12:15:46.751, 7, 2156, 0
2026/09/29 12:15:47.751, 0, 2158, 0
2026/09/29 12:15:47.751, 1, 2156, 0
2026/09/29 12:15:47.751, 2, 2156, 0
2026/09/29 12:15:47.751, 3, 2156, 0
2026/09/29 12:15:47.751, 4, 2158, 0
2026/09/29 12:15:47.751, 5, 2156, 0
2026/09/29 12:15:47.752, 6, 2156, 0
2026/09/29 12:15:47.752, 7, 2158, 0
2026/09/29 12:15:48.752, 0, 2160, 0
2026/09/29 12:15:48.752, 1, 2158, 0
2026/09/29 12:15:48.752, 2, 2158, 0
2026/09/29 12:15:48.752, 3, 2158, 0
2026/09/29 12:15:48.752, 4, 2160, 0
2026/09/29 12:15:48.752, 5, 2158, 0
2026/09/29 12:15:48.752, 6, 2158, 0
2026/09/29 12:15:48.752, 7, 2160, 0
2026/09/29 12:15:49.752, 0, 2162, 0
2026/09/29 12:15:49.753, 1, 2160, 0
2026/09/29 12:15:49.753, 2, 2160, 0
2026/09/29 12:15:49.753, 3, 2160, 0
2026/09/29 12:15:49.753, 4, 2162, 0
2026/09/29 12:15:49.753, 5, 2160, 0
2026/09/29 12:15:49.753, 6, 2160, 0
2026/09/29 12:15:49.753, 7, 2162, 1
2026/09/29 12:15:50.753, 0, 2164, 0
2026/09/29 12:15:50.756, 1, 2162, 0
2026/09/29 12:15:50.760, 2, 2162, 0
2026/09/29 12:15:50.760, 3, 2162, 0
2026/09/29 12:15:50.761, 4, 2164, 0
2026/09/29 12:15:50.761, 5, 2162, 0
2026/09/29 12:15:50.762, 6, 2162, 0
2026/09/29 12:15:50.762, 7, 2164, 1
2026/09/29 12:15:51.769, 0, 2168, 0
2026/09/29 12:15:51.770, 1, 2164, 0
2026/09/29 12:15:51.770, 2, 2164, 0
2026/09/29 12:15:51.771, 3, 2166, 0
2026/09/29 12:15:51.771, 4, 2166, 0
2026/09/29 12:15:51.772, 5, 2164, 0
2026/09/29 12:15:51.772, 6, 2164, 0
2026/09/29 12:15:51.772, 7, 2166, 0
2026/09/29 12:15:52.772, 0, 2170, 0
2026/09/29 12:15:52.773, 1, 2168, 0
2026/09/29 12:15:52.773, 2, 2166, 0
2026/09/29 12:15:52.774, 3, 2168, 0
2026/09/29 12:15:52.775, 4, 2168, 0
2026/09/29 12:15:52.775, 5, 2166, 0
2026/09/29 12:15:52.776, 6, 2168, 0
2026/09/29 12:15:52.776, 7, 2168, 1
2026/09/29 12:15:53.777, 0, 2172, 0
2026/09/29 12:15:53.778, 1, 2168, 0
2026/09/29 12:15:53.778, 2, 2168, 0
2026/09/29 12:15:53.778, 3, 2168, 0
2026/09/29 12:15:53.785, 4, 2170, 0
2026/09/29 12:15:53.788, 5, 2168, 0
2026/09/29 12:15:53.788, 6, 2170, 0
2026/09/29 12:15:53.789, 7, 2172, 1
2026/09/29 12:15:54.789, 0, 2174, 0
2026/09/29 12:15:54.790, 1, 2172, 0
2026/09/29 12:15:54.790, 2, 2172, 0
2026/09/29 12:15:54.790, 3, 2172, 0
2026/09/29 12:15:54.790, 4, 2172, 0
2026/09/29 12:15:54.790, 5, 2172, 0
2026/09/29 12:15:54.790, 6, 2172, 0
2026/09/29 12:15:54.796, 7, 2172, 0
2026/09/29 12:15:55.797, 0, 2176, 0
2026/09/29 12:15:55.797, 1, 2174, 0
2026/09/29 12:15:55.797, 2, 2174, 0
2026/09/29 12:15:55.797, 3, 2174, 0
2026/09/29 12:15:55.798, 4, 2176, 0
2026/09/29 12:15:55.798, 5, 2174, 0
2026/09/29 12:15:55.798, 6, 2174, 0
2026/09/29 12:15:55.798, 7, 2176, 0
2026/09/29 12:15:56.798, 0, 2178, 0
2026/09/29 12:15:56.798, 1, 2176, 0
2026/09/29 12:15:56.798, 2, 2176, 0
2026/09/29 12:15:56.798, 3, 2176, 0
2026/09/29 12:15:56.798, 4, 2178, 0
2026/09/29 12:15:56.798, 5, 2176, 0
2026/09/29 12:15:56.798, 6, 2176, 0
2026/09/29 12:15:56.798, 7, 2178, 0
2026/09/29 12:15:57.799, 0, 2180, 0
2026/09/29 12:15:57.799, 1, 2178, 0
2026/09/29 12:15:57.799, 2, 2178, 0
2026/09/29 12:15:57.799, 3, 2178, 0
2026/09/29 12:15:57.799, 4, 2180, 0
2026/09/29 12:15:57.799, 5, 2178, 0
2026/09/29 12:15:57.799, 6, 2178, 0
2026/09/29 12:15:57.799, 7, 2180, 0
2026/09/29 12:15:58.799, 0, 2182, 0
2026/09/29 12:15:58.800, 1, 2180, 0
2026/09/29 12:15:58.800, 2, 2180, 0
2026/09/29 12:15:58.800, 3, 2180, 0
2026/09/29 12:15:58.800, 4, 2182, 0
2026/09/29 12:15:58.800, 5, 2180, 0
2026/09/29 12:15:58.800, 6, 2180, 0
2026/09/29 12:15:58.800, 7, 2182, 0
2026/09/29 12:15:59.800, 0, 2184, 0
2026/09/29 12:15:59.800, 1, 2182, 0
2026/09/29 12:15:59.800, 2, 2182, 0
2026/09/29 12:15:59.800, 3, 2182, 0
2026/09/29 12:15:59.801, 4, 2184, 0
2026/09/29 12:15:59.801, 5, 2182, 0
2026/09/29 12:15:59.801, 6, 2182, 0
2026/09/29 12:15:59.801, 7, 2184, 0
2026/09/29 12:16:00.801, 0, 2186, 0
2026/09/29 12:16:00.801, 1, 2184, 0
2026/09/29 12:16:00.801, 2, 2184, 0
2026/09/29 12:16:00.801, 3, 2184, 0
2026/09/29 12:16:00.801, 4, 2186, 0
2026/09/29 12:16:00.801, 5, 2184, 0
2026/09/29 12:16:00.801, 6, 2186, 0
2026/09/29 12:16:00.802, 7, 2184, 0
2026/09/29 12:16:01.802, 0, 2188, 0
2026/09/29 12:16:01.802, 1, 2186, 1
2026/09/29 12:16:01.802, 2, 2188, 0
2026/09/29 12:16:01.802, 3, 2186, 1
2026/09/29 12:16:01.802, 4, 2188, 0
2026/09/29 12:16:01.802, 5, 2186, 0
2026/09/29 12:16:01.802, 6, 2188, 0
2026/09/29 12:16:01.802, 7, 2188, 0
2026/09/29 12:16:02.802, 0, 2190, 0
2026/09/29 12:16:02.803, 1, 2188, 0
2026/09/29 12:16:02.803, 2, 2188, 0
2026/09/29 12:16:02.803, 3, 2188, 0
2026/09/29 12:16:02.803, 4, 2190, 1
2026/09/29 12:16:02.803, 5, 2188, 1
2026/09/29 12:16:02.803, 6, 2188, 0
2026/09/29 12:16:02.803, 7, 2188, 0
2026/09/29 12:16:03.804, 0, 2192, 0
2026/09/29 12:16:03.804, 1, 2190, 0
2026/09/29 12:16:03.804, 2, 2190, 1
2026/09/29 12:16:03.804, 3, 2190, 0
2026/09/29 12:16:03.804, 4, 2192, 1
2026/09/29 12:16:03.804, 5, 2190, 0
2026/09/29 12:16:03.804, 6, 2190, 0
2026/09/29 12:16:03.804, 7, 2190, 0
2026/09/29 12:16:04.804, 0, 2194, 0
2026/09/29 12:16:04.805, 1, 2192, 0
2026/09/29 12:16:04.805, 2, 2192, 0
2026/09/29 12:16:04.805, 3, 2192, 0
2026/09/29 12:16:04.805, 4, 2194, 0
2026/09/29 12:16:04.805, 5, 2192, 0
2026/09/29 12:16:04.805, 6, 2190, 0
2026/09/29 12:16:04.805, 7, 2192, 0
2026/09/29 12:16:05.805, 0, 2196, 0
2026/09/29 12:16:05.805, 1, 2194, 1
2026/09/29 12:16:05.805, 2, 2194, 0
2026/09/29 12:16:05.805, 3, 2194, 0
2026/09/29 12:16:05.805, 4, 2196, 0
2026/09/29 12:16:05.806, 5, 2194, 0
2026/09/29 12:16:05.806, 6, 2192, 1
2026/09/29 12:16:05.806, 7, 2194, 0
2026/09/29 12:16:06.806, 0, 2198, 0
2026/09/29 12:16:06.806, 1, 2196, 0
2026/09/29 12:16:06.807, 2, 2196, 0
2026/09/29 12:16:06.807, 3, 2196, 0
2026/09/29 12:16:06.808, 4, 2198, 0
2026/09/29 12:16:06.808, 5, 2196, 0
2026/09/29 12:16:06.809, 6, 2194, 0
2026/09/29 12:16:06.809, 7, 2196, 0
2026/09/29 12:16:07.809, 0, 2200, 0
2026/09/29 12:16:07.809, 1, 2196, 0
2026/09/29 12:16:07.810, 2, 2198, 0
2026/09/29 12:16:07.810, 3, 2198, 1
2026/09/29 12:16:07.810, 4, 2200, 0
2026/09/29 12:16:07.810, 5, 2198, 1
2026/09/29 12:16:07.810, 6, 2196, 0
2026/09/29 12:16:07.810, 7, 2198, 0
2026/09/29 12:16:08.810, 0, 2202, 0
2026/09/29 12:16:08.810, 1, 2198, 0
2026/09/29 12:16:08.810, 2, 2200, 0
2026/09/29 12:16:08.810, 3, 2200, 1
2026/09/29 12:16:08.810, 4, 2202, 1
2026/09/29 12:16:08.811, 5, 2200, 0
2026/09/29 12:16:08.811, 6, 2196, 0
2026/09/29 12:16:08.811, 7, 2200, 0
2026/09/29 12:16:09.811, 0, 2204, 0
2026/09/29 12:16:09.811, 1, 2200, 0
2026/09/29 12:16:09.811, 2, 2202, 0
2026/09/29 12:16:09.811, 3, 2202, 0
2026/09/29 12:16:09.811, 4, 2204, 0
2026/09/29 12:16:09.811, 5, 2202, 0
2026/09/29 12:16:09.811, 6, 2198, 0
2026/09/29 12:16:09.811, 7, 2202, 0
2026/09/29 12:16:10.811, 0, 2206, 0
2026/09/29 12:16:10.812, 1, 2202, 0
2026/09/29 12:16:10.812, 2, 2204, 1
2026/09/29 12:16:10.812, 3, 2204, 0
2026/09/29 12:16:10.812, 4, 2206, 0
2026/09/29 12:16:10.812, 5, 2204, 0
2026/09/29 12:16:10.812, 6, 2200, 0
2026/09/29 12:16:10.812, 7, 2204, 0
2026/09/29 12:16:11.812, 0, 2208, 0
2026/09/29 12:16:11.813, 1, 2204, 0
2026/09/29 12:16:11.814, 2, 2206, 0
2026/09/29 12:16:11.814, 3, 2206, 0
2026/09/29 12:16:11.815, 4, 2206, 0
2026/09/29 12:16:11.815, 5, 2206, 0
2026/09/29 12:16:11.815, 6, 2202, 0
2026/09/29 12:16:11.815, 7, 2206, 0
2026/09/29 12:16:12.815, 0, 2210, 0
2026/09/29 12:16:12.816, 1, 2206, 0
2026/09/29 12:16:12.817, 2, 2208, 0
2026/09/29 12:16:12.818, 3, 2206, 0
2026/09/29 12:16:12.819, 4, 2208, 0
2026/09/29 12:16:12.819, 5, 2208, 0
2026/09/29 12:16:12.820, 6, 2204, 0
2026/09/29 12:16:12.821, 7, 2208, 0
2026/09/29 12:16:13.821, 0, 2212, 0
2026/09/29 12:16:13.821, 1, 2208, 0
2026/09/29 12:16:13.821, 2, 2210, 0
2026/09/29 12:16:13.821, 3, 2208, 1
2026/09/29 12:16:13.821, 4, 2210, 0
2026/09/29 12:16:13.822, 5, 2210, 0
2026/09/29 12:16:13.822, 6, 2206, 0
2026/09/29 12:16:13.822, 7, 2210, 0
2026/09/29 12:16:14.822, 0, 2214, 0
2026/09/29 12:16:14.822, 1, 2210, 0
2026/09/29 12:16:14.822, 2, 2212, 0
2026/09/29 12:16:14.822, 3, 2210, 1
2026/09/29 12:16:14.822, 4, 2212, 0
2026/09/29 12:16:14.822, 5, 2212, 1
2026/09/29 12:16:14.822, 6, 2206, 0
2026/09/29 12:16:14.822, 7, 2210, 0
2026/09/29 12:16:15.822, 0, 2216, 1
2026/09/29 12:16:15.823, 1, 2212, 0
2026/09/29 12:16:15.823, 2, 2214, 0
2026/09/29 12:16:15.823, 3, 2212, 0
2026/09/29 12:16:15.824, 4, 2214, 0
2026/09/29 12:16:15.824, 5, 2214, 1
2026/09/29 12:16:15.824, 6, 2208, 0
2026/09/29 12:16:15.824, 7, 2212, 0
2026/09/29 12:16:16.824, 0, 2218, 1
2026/09/29 12:16:16.824, 1, 2212, 0
2026/09/29 12:16:16.824, 2, 2216, 0
2026/09/29 12:16:16.824, 3, 2214, 0
2026/09/29 12:16:16.824, 4, 2216, 1
2026/09/29 12:16:16.824, 5, 2216, 0
2026/09/29 12:16:16.824, 6, 2210, 1
2026/09/29 12:16:16.824, 7, 2214, 0
2026/09/29 12:16:17.824, 0, 2220, 0
2026/09/29 12:16:17.825, 1, 2214, 0
2026/09/29 12:16:17.825, 2, 2216, 0
2026/09/29 12:16:17.825, 3, 2216, 0
2026/09/29 12:16:17.825, 4, 2218, 0
2026/09/29 12:16:17.825, 5, 2218, 0
2026/09/29 12:16:17.825, 6, 2212, 1
2026/09/29 12:16:17.825, 7, 2216, 0
2026/09/29 12:16:18.825, 0, 2222, 0
2026/09/29 12:16:18.825, 1, 2216, 0
2026/09/29 12:16:18.825, 2, 2218, 0
2026/09/29 12:16:18.825, 3, 2216, 0
2026/09/29 12:16:18.825, 4, 2220, 0
2026/09/29 12:16:18.825, 5, 2220, 0
2026/09/29 12:16:18.825, 6, 2214, 0
2026/09/29 12:16:18.825, 7, 2216, 0
2026/09/29 12:16:19.826, 0, 2224, 0
2026/09/29 12:16:19.826, 1, 2218, 1
2026/09/29 12:16:19.826, 2, 2220, 1
2026/09/29 12:16:19.826, 3, 2218, 0
2026/09/29 12:16:19.826, 4, 2222, 0
2026/09/29 12:16:19.826, 5, 2220, 0
2026/09/29 12:16:19.826, 6, 2216, 0
2026/09/29 12:16:19.826, 7, 2218, 0
2026/09/29 12:16:20.826, 0, 2226, 0
2026/09/29 12:16:20.827, 1, 2220, 1
2026/09/29 12:16:20.827, 2, 2222, 0
2026/09/29 12:16:20.827, 3, 2220, 0
2026/09/29 12:16:20.827, 4, 2224, 0
2026/09/29 12:16:20.827, 5, 2222, 0
2026/09/29 12:16:20.827, 6, 2218, 0
2026/09/29 12:16:20.827, 7, 2220, 0
2026/09/29 12:16:21.828, 0, 2228, 0
2026/09/29 12:16:21.828, 1, 2222, 0
2026/09/29 12:16:21.828, 2, 2224, 0
2026/09/29 12:16:21.828, 3, 2222, 0
2026/09/29 12:16:21.828, 4, 2226, 1
2026/09/29 12:16:21.829, 5, 2224, 1
2026/09/29 12:16:21.829, 6, 2218, 0
2026/09/29 12:16:21.829, 7, 2222, 1
2026/09/29 12:16:22.829, 0, 2230, 1
2026/09/29 12:16:22.829, 1, 2224, 0
2026/09/29 12:16:22.830, 2, 2224, 1
2026/09/29 12:16:22.830, 3, 2222, 0
2026/09/29 12:16:22.830, 4, 2228, 1
2026/09/29 12:16:22.830, 5, 2226, 1
2026/09/29 12:16:22.830, 6, 2220, 0
2026/09/29 12:16:22.830, 7, 2222, 0
2026/09/29 12:16:23.830, 0, 2232, 0
2026/09/29 12:16:23.830, 1, 2224, 1
2026/09/29 12:16:23.830, 2, 2226, 0
2026/09/29 12:16:23.830, 3, 2224, 1
2026/09/29 12:16:23.830, 4, 2230, 0
2026/09/29 12:16:23.831, 5, 2228, 0
2026/09/29 12:16:23.831, 6, 2222, 0
2026/09/29 12:16:23.831, 7, 2224, 0
2026/09/29 12:16:24.832, 0, 2234, 0
2026/09/29 12:16:24.832, 1, 2226, 0
2026/09/29 12:16:24.832, 2, 2228, 0
2026/09/29 12:16:24.832, 3, 2226, 0
2026/09/29 12:16:24.832, 4, 2232, 0
2026/09/29 12:16:24.832, 5, 2230, 0
2026/09/29 12:16:24.832, 6, 2224, 0
2026/09/29 12:16:24.832, 7, 2226, 0
2026/09/29 12:16:25.832, 0, 2236, 0
2026/09/29 12:16:25.833, 1, 2228, 0
2026/09/29 12:16:25.833, 2, 2230, 0
2026/09/29 12:16:25.833, 3, 2228, 0
2026/09/29 12:16:25.833, 4, 2234, 0
2026/09/29 12:16:25.833, 5, 2232, 0
2026/09/29 12:16:25.833, 6, 2226, 0
2026/09/29 12:16:25.833, 7, 2228, 1
2026/09/29 12:16:26.833, 0, 2238, 0
2026/09/29 12:16:26.833, 1, 2230, 0
2026/09/29 12:16:26.833, 2, 2232, 0
2026/09/29 12:16:26.833, 3, 2230, 0
2026/09/29 12:16:26.834, 4, 2236, 0
2026/09/29 12:16:26.834, 5, 2234, 0
2026/09/29 12:16:26.834, 6, 2228, 0
2026/09/29 12:16:26.834, 7, 2230, 0
2026/09/29 12:16:27.834, 0, 13078, 0
2026/09/29 12:16:27.834, 1, 2232, 0
2026/09/29 12:16:27.834, 2, 2232, 0
2026/09/29 12:16:27.834, 3, 2230, 0
2026/09/29 12:16:27.834, 4, 2238, 1
2026/09/29 12:16:27.834, 5, 2236, 0
2026/09/29 12:16:27.834, 6, 2228, 1
2026/09/29 12:16:27.834, 7, 2230, 0
2026/09/29 12:16:28.835, 0, 13078, 0
2026/09/29 12:16:28.835, 1, 2232, 0
2026/09/29 12:16:28.835, 2, 2234, 0
2026/09/29 12:16:28.835, 3, 2232, 0
2026/09/29 12:16:28.835, 4, 13078, 0
2026/09/29 12:16:28.835, 5, 13078, 0
2026/09/29 12:16:28.835, 6, 2230, 0
2026/09/29 12:16:28.835, 7, 2232, 1
2026/09/29 12:16:29.835, 0, 13078, 0
2026/09/29 12:16:29.835, 1, 2234, 0
2026/09/29 12:16:29.835, 2, 2236, 0
2026/09/29 12:16:29.836, 3, 2234, 0
2026/09/29 12:16:29.836, 4, 13078, 0
2026/09/29 12:16:29.836, 5, 13078, 0
2026/09/29 12:16:29.836, 6, 2232, 0
2026/09/29 12:16:29.836, 7, 2234, 0
2026/09/29 12:16:30.836, 0, 13078, 0
2026/09/29 12:16:30.836, 1, 2236, 0
2026/09/29 12:16:30.837, 2, 2238, 1
2026/09/29 12:16:30.837, 3, 2236, 1
2026/09/29 12:16:30.837, 4, 13078, 0
2026/09/29 12:16:30.837, 5, 13078, 0
2026/09/29 12:16:30.837, 6, 2232, 0
2026/09/29 12:16:30.837, 7, 2236, 0
2026/09/29 12:16:31.837, 0, 13078, 0
2026/09/29 12:16:31.837, 1, 9698, 0
2026/09/29 12:16:31.837, 2, 13078, 0
2026/09/29 12:16:31.837, 3, 2236, 0
2026/09/29 12:16:31.837, 4, 13078, 0
2026/09/29 12:16:31.838, 5, 13078, 0
2026/09/29 12:16:31.838, 6, 2234, 0
2026/09/29 12:16:31.838, 7, 2238, 0
2026/09/29 12:16:32.838, 0, 13078, 0
2026/09/29 12:16:32.838, 1, 13078, 0
2026/09/29 12:16:32.838, 2, 13078, 0
2026/09/29 12:16:32.838, 3, 13078, 0
2026/09/29 12:16:32.838, 4, 13078, 0
2026/09/29 12:16:32.838, 5, 13078, 0
2026/09/29 12:16:32.838, 6, 2236, 1
2026/09/29 12:16:32.838, 7, 13078, 0
2026/09/29 12:16:33.839, 0, 13078, 0
2026/09/29 12:16:33.839, 1, 13078, 0
2026/09/29 12:16:33.839, 2, 13078, 0
2026/09/29 12:16:33.839, 3, 13078, 0
2026/09/29 12:16:33.839, 4, 13078, 0
2026/09/29 12:16:33.839, 5, 13078, 0
2026/09/29 12:16:33.839, 6, 2236, 0
2026/09/29 12:16:33.839, 7, 13078, 0
2026/09/29 12:16:34.839, 0, 13078, 13
2026/09/29 12:16:34.839, 1, 13078, 0
2026/09/29 12:16:34.839, 2, 13078, 0
2026/09/29 12:16:34.839, 3, 13078, 0
2026/09/29 12:16:34.839, 4, 13078, 0
2026/09/29 12:16:34.839, 5, 13078, 0
2026/09/29 12:16:34.839, 6, 13078, 0
2026/09/29 12:16:34.839, 7, 13078, 0
2026/09/29 12:16:35.840, 0, 13078, 29
2026/09/29 12:16:35.840, 1, 13078, 0
2026/09/29 12:16:35.840, 2, 13078, 0
2026/09/29 12:16:35.840, 3, 13078, 0
2026/09/29 12:16:35.840, 4, 13078, 15
2026/09/29 12:16:35.840, 5, 13078, 0
2026/09/29 12:16:35.840, 6, 13078, 0
2026/09/29 12:16:35.840, 7, 13078, 0
2026/09/29 12:16:36.840, 0, 13078, 0
2026/09/29 12:16:36.841, 1, 13078, 0
2026/09/29 12:16:36.841, 2, 13078, 0
2026/09/29 12:16:36.841, 3, 13078, 0
2026/09/29 12:16:36.841, 4, 13078, 56
2026/09/29 12:16:36.841, 5, 13078, 17
2026/09/29 12:16:36.841, 6, 13078, 0
2026/09/29 12:16:36.841, 7, 13078, 0
2026/09/29 12:16:37.841, 0, 13078, 0
2026/09/29 12:16:37.841, 1, 13078, 0
2026/09/29 12:16:37.841, 2, 13078, 0
2026/09/29 12:16:37.841, 3, 13078, 0
2026/09/29 12:16:37.841, 4, 13078, 0
2026/09/29 12:16:37.841, 5, 13078, 59
2026/09/29 12:16:37.842, 6, 13078, 0
2026/09/29 12:16:37.842, 7, 13078, 0
2026/09/29 12:16:38.842, 0, 14300, 0
2026/09/29 12:16:38.842, 1, 13078, 0
2026/09/29 12:16:38.842, 2, 13078, 0
2026/09/29 12:16:38.842, 3, 13078, 0
2026/09/29 12:16:38.842, 4, 13078, 0
2026/09/29 12:16:38.842, 5, 13078, 0
2026/09/29 12:16:38.842, 6, 13078, 0
2026/09/29 12:16:38.842, 7, 13078, 0
2026/09/29 12:16:39.842, 0, 14300, 0
2026/09/29 12:16:39.842, 1, 13078, 0
2026/09/29 12:16:39.843, 2, 13078, 9
2026/09/29 12:16:39.843, 3, 13078, 0
2026/09/29 12:16:39.843, 4, 13078, 0
2026/09/29 12:16:39.843, 5, 13078, 0
2026/09/29 12:16:39.843, 6, 13078, 0
2026/09/29 12:16:39.843, 7, 13078, 0
2026/09/29 12:16:40.843, 0, 14300, 0
2026/09/29 12:16:40.843, 1, 13078, 11
2026/09/29 12:16:40.843, 2, 13078, 10
2026/09/29 12:16:40.843, 3, 13078, 0
2026/09/29 12:16:40.843, 4, 14300, 0
2026/09/29 12:16:40.843, 5, 13078, 0
2026/09/29 12:16:40.843, 6, 13078, 0
2026/09/29 12:16:40.843, 7, 13078, 9
2026/09/29 12:16:41.843, 0, 14300, 0
2026/09/29 12:16:41.844, 1, 13078, 38
2026/09/29 12:16:41.844, 2, 13078, 51
2026/09/29 12:16:41.844, 3, 13078, 16
2026/09/29 12:16:41.844, 4, 14300, 0
2026/09/29 12:16:41.844, 5, 14300, 3
2026/09/29 12:16:41.844, 6, 13078, 14
2026/09/29 12:16:41.844, 7, 13078, 14
2026/09/29 12:16:42.844, 0, 14300, 13
2026/09/29 12:16:42.844, 1, 13078, 0
2026/09/29 12:16:42.844, 2, 13078, 0
2026/09/29 12:16:42.844, 3, 13078, 5
2026/09/29 12:16:42.844, 4, 14300, 0
2026/09/29 12:16:42.844, 5, 14300, 0
2026/09/29 12:16:42.845, 6, 13078, 72
2026/09/29 12:16:42.845, 7, 13078, 59
2026/09/29 12:16:43.845, 0, 14952, 1
2026/09/29 12:16:43.845, 1, 13078, 0
2026/09/29 12:16:43.845, 2, 13078, 0
2026/09/29 12:16:43.845, 3, 13078, 27
2026/09/29 12:16:43.845, 4, 14300, 10
2026/09/29 12:16:43.845, 5, 14300, 0
2026/09/29 12:16:43.845, 6, 13078, 0
2026/09/29 12:16:43.845, 7, 13078, 0
2026/09/29 12:16:44.845, 0, 14952, 100
2026/09/29 12:16:44.845, 1, 13078, 0
2026/09/29 12:16:44.846, 2, 13078, 0
2026/09/29 12:16:44.846, 3, 13078, 0
2026/09/29 12:16:44.846, 4, 14650, 8
2026/09/29 12:16:44.846, 5, 14300, 0
2026/09/29 12:16:44.846, 6, 13078, 0
2026/09/29 12:16:44.846, 7, 13078, 0
2026/09/29 12:16:45.846, 0, 14952, 100
2026/09/29 12:16:45.846, 1, 13078, 0
2026/09/29 12:16:45.846, 2, 14300, 0
2026/09/29 12:16:45.846, 3, 13078, 0
2026/09/29 12:16:45.846, 4, 14952, 100
2026/09/29 12:16:45.846, 5, 14300, 3
2026/09/29 12:16:45.846, 6, 14300, 0
2026/09/29 12:16:45.847, 7, 13078, 0
2026/09/29 12:16:46.847, 0, 14952, 100
2026/09/29 12:16:46.847, 1, 14300, 0
2026/09/29 12:16:46.847, 2, 14300, 0
2026/09/29 12:16:46.847, 3, 13078, 0
2026/09/29 12:16:46.847, 4, 14952, 100
2026/09/29 12:16:46.847, 5, 14878, 0
2026/09/29 12:16:46.847, 6, 14300, 0
2026/09/29 12:16:46.847, 7, 13078, 0
2026/09/29 12:16:47.847, 0, 14952, 100
2026/09/29 12:16:47.848, 1, 14300, 0
2026/09/29 12:16:47.848, 2, 14300, 0
2026/09/29 12:16:47.848, 3, 14300, 0
2026/09/29 12:16:47.848, 4, 14952, 100
2026/09/29 12:16:47.848, 5, 14952, 49
2026/09/29 12:16:47.848, 6, 14300, 0
2026/09/29 12:16:47.848, 7, 14300, 0
2026/09/29 12:16:48.848, 0, 14952, 100
2026/09/29 12:16:48.848, 1, 14300, 0
2026/09/29 12:16:48.848, 2, 14300, 0
2026/09/29 12:16:48.848, 3, 14300, 0
2026/09/29 12:16:48.848, 4, 14952, 100
2026/09/29 12:16:48.849, 5, 14952, 100
2026/09/29 12:16:48.849, 6, 14300, 0
2026/09/29 12:16:48.849, 7, 14300, 0
2026/09/29 12:16:49.849, 0, 14952, 100
2026/09/29 12:16:49.849, 1, 14300, 0
2026/09/29 12:16:49.849, 2, 14300, 13
2026/09/29 12:16:49.849, 3, 14300, 0
2026/09/29 12:16:49.849, 4, 14952, 100
2026/09/29 12:16:49.849, 5, 14952, 100
2026/09/29 12:16:49.849, 6, 14630, 0
2026/09/29 12:16:49.849, 7, 14300, 0
2026/09/29 12:16:50.849, 0, 14952, 100
2026/09/29 12:16:50.850, 1, 14532, 10
2026/09/29 12:16:50.850, 2, 14878, 15
2026/09/29 12:16:50.850, 3, 14300, 0
2026/09/29 12:16:50.850, 4, 14952, 100
2026/09/29 12:16:50.850, 5, 14952, 100
2026/09/29 12:16:50.850, 6, 14952, 6
2026/09/29 12:16:50.850, 7, 14300, 0
2026/09/29 12:16:51.850, 0, 14952, 100
2026/09/29 12:16:51.850, 1, 14952, 1
2026/09/29 12:16:51.850, 2, 14952, 53
2026/09/29 12:16:51.850, 3, 14300, 0
2026/09/29 12:16:51.851, 4, 14952, 100
2026/09/29 12:16:51.851, 5, 14952, 100
2026/09/29 12:16:51.851, 6, 14952, 100
2026/09/29 12:16:51.851, 7, 14300, 0
2026/09/29 12:16:52.851, 0, 14952, 100
2026/09/29 12:16:52.851, 1, 14952, 100
2026/09/29 12:16:52.851, 2, 14952, 100
2026/09/29 12:16:52.851, 3, 14878, 0
2026/09/29 12:16:52.851, 4, 14952, 100
2026/09/29 12:16:52.851, 5, 14952, 100
2026/09/29 12:16:52.851, 6, 14952, 100
2026/09/29 12:16:52.851, 7, 14952, 100
2026/09/29 12:16:53.852, 0, 15434, 100
2026/09/29 12:16:53.852, 1, 15434, 100
2026/09/29 12:16:53.852, 2, 15434, 100
2026/09/29 12:16:53.852, 3, 15434, 100
2026/09/29 12:16:53.852, 4, 15434, 36
2026/09/29 12:16:53.852, 5, 15434, 100
2026/09/29 12:16:53.852, 6, 15434, 100
2026/09/29 12:16:53.852, 7, 15434, 0
2026/09/29 12:16:54.852, 0, 15434, 0
2026/09/29 12:16:54.853, 1, 15434, 0
2026/09/29 12:16:54.853, 2, 15434, 0
2026/09/29 12:16:54.853, 3, 15434, 0
2026/09/29 12:16:54.853, 4, 15434, 0
2026/09/29 12:16:54.853, 5, 15434, 0
2026/09/29 12:16:54.853, 6, 15434, 0
2026/09/29 12:16:54.853, 7, 15434, 0
2026/09/29 12:16:55.853, 0, 15436, 0
2026/09/29 12:16:55.853, 1, 15436, 0
2026/09/29 12:16:55.853, 2, 15436, 0
2026/09/29 12:16:55.853, 3, 15436, 0
2026/09/29 12:16:55.853, 4, 15436, 0
2026/09/29 12:16:55.853, 5, 15436, 0
2026/09/29 12:16:55.854, 6, 15436, 0
2026/09/29 12:16:55.854, 7, 15436, 0
2026/09/29 12:16:56.854, 0, 15436, 0
2026/09/29 12:16:56.854, 1, 15436, 0
2026/09/29 12:16:56.854, 2, 15436, 0
2026/09/29 12:16:56.854, 3, 15436, 0
2026/09/29 12:16:56.854, 4, 15436, 0
2026/09/29 12:16:56.854, 5, 15436, 0
2026/09/29 12:16:56.854, 6, 15436, 0
2026/09/29 12:16:56.854, 7, 15436, 0
2026/09/29 12:16:57.854, 0, 15436, 0
2026/09/29 12:16:57.854, 1, 15436, 0
2026/09/29 12:16:57.854, 2, 15436, 0
2026/09/29 12:16:57.855, 3, 15436, 0
2026/09/29 12:16:57.855, 4, 15436, 0
2026/09/29 12:16:57.855, 5, 15436, 0
2026/09/29 12:16:57.855, 6, 15436, 0
2026/09/29 12:16:57.855, 7, 15436, 0
2026/09/29 12:16:58.855, 0, 15956, 3
2026/09/29 12:16:58.855, 1, 15436, 0
2026/09/29 12:16:58.855, 2, 15436, 0
2026/09/29 12:16:58.855, 3, 15436, 0
2026/09/29 12:16:58.855, 4, 15436, 0
2026/09/29 12:16:58.855, 5, 15436, 0
2026/09/29 12:16:58.855, 6, 15996, 77
2026/09/29 12:16:58.856, 7, 15436, 0
2026/09/29 12:16:59.856, 0, 15956, 0
2026/09/29 12:16:59.856, 1, 15436, 0
2026/09/29 12:16:59.856, 2, 15436, 0
2026/09/29 12:16:59.856, 3, 15436, 0
2026/09/29 12:16:59.856, 4, 15436, 0
2026/09/29 12:16:59.856, 5, 15436, 0
2026/09/29 12:16:59.856, 6, 15996, 0
2026/09/29 12:16:59.856, 7, 15436, 0
2026/09/29 12:17:00.856, 0, 15956, 0
2026/09/29 12:17:00.856, 1, 15436, 0
2026/09/29 12:17:00.856, 2, 15436, 0
2026/09/29 12:17:00.856, 3, 15436, 0
2026/09/29 12:17:00.856, 4, 15436, 0
2026/09/29 12:17:00.857, 5, 15436, 0
2026/09/29 12:17:00.857, 6, 15996, 0
2026/09/29 12:17:00.857, 7, 15436, 0
2026/09/29 12:17:01.857, 0, 15972, 0
2026/09/29 12:17:01.858, 1, 15732, 0
2026/09/29 12:17:01.858, 2, 15732, 0
2026/09/29 12:17:01.859, 3, 15732, 0
2026/09/29 12:17:01.861, 4, 15732, 72
2026/09/29 12:17:01.861, 5, 15732, 0
2026/09/29 12:17:01.871, 6, 16012, 0
2026/09/29 12:17:01.872, 7, 15732, 37
2026/09/29 12:17:02.873, 0, 16004, 59
2026/09/29 12:17:02.873, 1, 15844, 0
2026/09/29 12:17:02.873, 2, 15844, 0
2026/09/29 12:17:02.873, 3, 15844, 44
2026/09/29 12:17:02.873, 4, 15844, 64
2026/09/29 12:17:02.873, 5, 15844, 0
2026/09/29 12:17:02.873, 6, 16044, 98
2026/09/29 12:17:02.873, 7, 15844, 97
2026/09/29 12:17:03.873, 0, 16004, 100
2026/09/29 12:17:03.874, 1, 15984, 94
2026/09/29 12:17:03.874, 2, 15984, 79
2026/09/29 12:17:03.874, 3, 15984, 100
2026/09/29 12:17:03.874, 4, 15984, 100
2026/09/29 12:17:03.874, 5, 15984, 90
2026/09/29 12:17:03.874, 6, 16044, 100
2026/09/29 12:17:03.874, 7, 15984, 100
2026/09/29 12:17:04.874, 0, 16004, 100
2026/09/29 12:17:04.874, 1, 15984, 100
2026/09/29 12:17:04.874, 2, 15984, 99
2026/09/29 12:17:04.874, 3, 15984, 100
2026/09/29 12:17:04.874, 4, 15984, 100
2026/09/29 12:17:04.874, 5, 15984, 100
2026/09/29 12:17:04.874, 6, 16044, 100
2026/09/29 12:17:04.874, 7, 15984, 100
2026/09/29 12:17:05.874, 0, 16004, 100
2026/09/29 12:17:05.875, 1, 15984, 100
2026/09/29 12:17:05.875, 2, 15984, 100
2026/09/29 12:17:05.875, 3, 15984, 100
2026/09/29 12:17:05.875, 4, 15984, 100
2026/09/29 12:17:05.875, 5, 15984, 100
2026/09/29 12:17:05.875, 6, 16044, 100
2026/09/29 12:17:05.875, 7, 15984, 99
2026/09/29 12:17:06.875, 0, 16020, 100
2026/09/29 12:17:06.875, 1, 16000, 99
2026/09/29 12:17:06.875, 2, 16000, 100
2026/09/29 12:17:06.875, 3, 16000, 100
2026/09/29 12:17:06.875, 4, 16000, 83
2026/09/29 12:17:06.875, 5, 16000, 100
2026/09/29 12:17:06.875, 6, 16060, 100
2026/09/29 12:17:06.875, 7, 16000, 0
2026/09/29 12:17:07.875, 0, 16488, 100
2026/09/29 12:17:07.876, 1, 16468, 92
2026/09/29 12:17:07.876, 2, 16468, 100
2026/09/29 12:17:07.876, 3, 16468, 100
2026/09/29 12:17:07.876, 4, 16468, 58
2026/09/29 12:17:07.876, 5, 16468, 65
2026/09/29 12:17:07.876, 6, 16528, 100
2026/09/29 12:17:07.876, 7, 16468, 100
2026/09/29 12:17:08.876, 0, 17468, 100
2026/09/29 12:17:08.876, 1, 17448, 100
2026/09/29 12:17:08.876, 2, 17448, 100
2026/09/29 12:17:08.876, 3, 17448, 100
2026/09/29 12:17:08.876, 4, 17448, 68
2026/09/29 12:17:08.876, 5, 17448, 100
2026/09/29 12:17:08.876, 6, 17508, 100
2026/09/29 12:17:08.876, 7, 17448, 0
2026/09/29 12:17:09.877, 0, 17468, 0
2026/09/29 12:17:09.877, 1, 17448, 0
2026/09/29 12:17:09.877, 2, 17448, 0
2026/09/29 12:17:09.877, 3, 17448, 0
2026/09/29 12:17:09.877, 4, 17448, 0
2026/09/29 12:17:09.877, 5, 17448, 0
2026/09/29 12:17:09.877, 6, 17508, 0
2026/09/29 12:17:09.877, 7, 17448, 0
2026/09/29 12:17:10.877, 0, 17468, 0
2026/09/29 12:17:10.877, 1, 17448, 0
2026/09/29 12:17:10.878, 2, 17448, 0
2026/09/29 12:17:10.878, 3, 17448, 0
2026/09/29 12:17:10.878, 4, 17448, 0
2026/09/29 12:17:10.878, 5, 17448, 0
2026/09/29 12:17:10.878, 6, 17508, 0
2026/09/29 12:17:10.878, 7, 17448, 0
2026/09/29 12:17:11.878, 0, 17468, 0
2026/09/29 12:17:11.878, 1, 17448, 0
2026/09/29 12:17:11.878, 2, 17448, 0
2026/09/29 12:17:11.878, 3, 17448, 0
2026/09/29 12:17:11.878, 4, 17448, 0
2026/09/29 12:17:11.878, 5, 17448, 0
2026/09/29 12:17:11.878, 6, 17508, 0
2026/09/29 12:17:11.878, 7, 17448, 0
2026/09/29 12:17:12.879, 0, 17468, 0
2026/09/29 12:17:12.879, 1, 17448, 0
2026/09/29 12:17:12.879, 2, 17448, 0
2026/09/29 12:17:12.879, 3, 17448, 0
2026/09/29 12:17:12.879, 4, 17448, 0
2026/09/29 12:17:12.879, 5, 17448, 0
2026/09/29 12:17:12.879, 6, 17648, 0
2026/09/29 12:17:12.879, 7, 17448, 0
2026/09/29 12:17:13.879, 0, 18128, 99
2026/09/29 12:17:13.879, 1, 17448, 0
2026/09/29 12:17:13.879, 2, 17448, 16
2026/09/29 12:17:13.879, 3, 17608, 0
2026/09/29 12:17:13.879, 4, 18168, 33
2026/09/29 12:17:13.879, 5, 17788, 0
2026/09/29 12:17:13.879, 6, 18128, 100
2026/09/29 12:17:13.879, 7, 18168, 99
2026/09/29 12:17:14.880, 0, 18208, 100
2026/09/29 12:17:14.880, 1, 18168, 96
2026/09/29 12:17:14.880, 2, 18168, 95
2026/09/29 12:17:14.880, 3, 18168, 100
2026/09/29 12:17:14.880, 4, 18168, 98
2026/09/29 12:17:14.880, 5, 18168, 98
2026/09/29 12:17:14.880, 6, 18448, 100
2026/09/29 12:17:14.880, 7, 18168, 98
2026/09/29 12:17:15.880, 0, 18448, 0
2026/09/29 12:17:15.880, 1, 18168, 98
2026/09/29 12:17:15.880, 2, 18168, 98
2026/09/29 12:17:15.880, 3, 18168, 39
2026/09/29 12:17:15.880, 4, 18168, 100
2026/09/29 12:17:15.880, 5, 18168, 0
2026/09/29 12:17:15.880, 6, 18448, 100
2026/09/29 12:17:15.880, 7, 18168, 99
2026/09/29 12:17:16.880, 0, 18448, 100
2026/09/29 12:17:16.881, 1, 18168, 98
2026/09/29 12:17:16.881, 2, 18168, 99
2026/09/29 12:17:16.881, 3, 18168, 100
2026/09/29 12:17:16.881, 4, 18168, 100
2026/09/29 12:17:16.881, 5, 18168, 100
2026/09/29 12:17:16.881, 6, 18448, 100
2026/09/29 12:17:16.881, 7, 18168, 100
2026/09/29 12:17:17.881, 0, 18448, 100
2026/09/29 12:17:17.881, 1, 18168, 100
2026/09/29 12:17:17.881, 2, 18168, 100
2026/09/29 12:17:17.881, 3, 18168, 100
2026/09/29 12:17:17.881, 4, 18168, 100
2026/09/29 12:17:17.881, 5, 18168, 100
2026/09/29 12:17:17.881, 6, 18448, 100
2026/09/29 12:17:17.881, 7, 18168, 100
2026/09/29 12:17:18.881, 0, 18448, 100
2026/09/29 12:17:18.881, 1, 18168, 100
2026/09/29 12:17:18.881, 2, 18168, 100
2026/09/29 12:17:18.881, 3, 18168, 100
2026/09/29 12:17:18.881, 4, 18168, 100
2026/09/29 12:17:18.882, 5, 18168, 100
2026/09/29 12:17:18.882, 6, 18448, 100
2026/09/29 12:17:18.882, 7, 18168, 100
2026/09/29 12:17:19.882, 0, 18448, 100
2026/09/29 12:17:19.882, 1, 18168, 100
2026/09/29 12:17:19.882, 2, 18168, 100
2026/09/29 12:17:19.882, 3, 18168, 100
2026/09/29 12:17:19.882, 4, 18168, 100
2026/09/29 12:17:19.882, 5, 18168, 100
2026/09/29 12:17:19.882, 6, 18448, 100
2026/09/29 12:17:19.882, 7, 18168, 100
2026/09/29 12:17:20.882, 0, 18448, 100
2026/09/29 12:17:20.882, 1, 18168, 100
2026/09/29 12:17:20.882, 2, 18168, 99
2026/09/29 12:17:20.882, 3, 18168, 100
2026/09/29 12:17:20.882, 4, 18168, 100
2026/09/29 12:17:20.882, 5, 18168, 100
2026/09/29 12:17:20.882, 6, 18448, 100
2026/09/29 12:17:20.882, 7, 18168, 100
2026/09/29 12:17:21.882, 0, 18448, 100
2026/09/29 12:17:21.883, 1, 18168, 100
2026/09/29 12:17:21.883, 2, 18168, 100
2026/09/29 12:17:21.883, 3, 18168, 100
2026/09/29 12:17:21.883, 4, 18168, 100
2026/09/29 12:17:21.883, 5, 18168, 100
2026/09/29 12:17:21.883, 6, 18448, 100
2026/09/29 12:17:21.883, 7, 18168, 100
2026/09/29 12:17:22.883, 0, 18448, 100
2026/09/29 12:17:22.883, 1, 18168, 100
2026/09/29 12:17:22.883, 2, 18168, 99
2026/09/29 12:17:22.883, 3, 18168, 100
2026/09/29 12:17:22.883, 4, 18168, 100
2026/09/29 12:17:22.883, 5, 18168, 100
2026/09/29 12:17:22.883, 6, 18448, 100
2026/09/29 12:17:22.883, 7, 18168, 100
2026/09/29 12:17:23.883, 0, 18448, 100
2026/09/29 12:17:23.883, 1, 18168, 100
2026/09/29 12:17:23.883, 2, 18168, 100
2026/09/29 12:17:23.883, 3, 18168, 99
2026/09/29 12:17:23.883, 4, 18168, 100
2026/09/29 12:17:23.883, 5, 18168, 100
2026/09/29 12:17:23.883, 6, 18448, 100
2026/09/29 12:17:23.883, 7, 18168, 99
2026/09/29 12:17:24.884, 0, 18448, 100
2026/09/29 12:17:24.884, 1, 18168, 100
2026/09/29 12:17:24.884, 2, 18168, 100
2026/09/29 12:17:24.884, 3, 18168, 100
2026/09/29 12:17:24.884, 4, 18168, 100
2026/09/29 12:17:24.884, 5, 18168, 100
2026/09/29 12:17:24.884, 6, 18448, 100
2026/09/29 12:17:24.884, 7, 18168, 100
2026/09/29 12:17:25.884, 0, 18448, 100
2026/09/29 12:17:25.884, 1, 18168, 100
2026/09/29 12:17:25.884, 2, 18168, 99
2026/09/29 12:17:25.884, 3, 18168, 100
2026/09/29 12:17:25.884, 4, 18168, 100
2026/09/29 12:17:25.884, 5, 18168, 100
2026/09/29 12:17:25.884, 6, 18448, 100
2026/09/29 12:17:25.884, 7, 18168, 100
2026/09/29 12:17:26.884, 0, 18448, 100
2026/09/29 12:17:26.884, 1, 18168, 100
2026/09/29 12:17:26.884, 2, 18168, 100
2026/09/29 12:17:26.884, 3, 18168, 100
2026/09/29 12:17:26.885, 4, 18168, 100
2026/09/29 12:17:26.885, 5, 18168, 100
2026/09/29 12:17:26.885, 6, 18448, 100
2026/09/29 12:17:26.885, 7, 18168, 100
2026/09/29 12:17:27.885, 0, 18448, 100
2026/09/29 12:17:27.885, 1, 18168, 100
2026/09/29 12:17:27.885, 2, 18168, 100
2026/09/29 12:17:27.885, 3, 18168, 100
2026/09/29 12:17:27.885, 4, 18168, 99
2026/09/29 12:17:27.885, 5, 18168, 100
2026/09/29 12:17:27.885, 6, 18448, 100
2026/09/29 12:17:27.885, 7, 18168, 100
2026/09/29 12:17:28.885, 0, 18448, 100
2026/09/29 12:17:28.885, 1, 18168, 100
2026/09/29 12:17:28.885, 2, 18168, 100
2026/09/29 12:17:28.885, 3, 18168, 100
2026/09/29 12:17:28.885, 4, 18168, 100
2026/09/29 12:17:28.885, 5, 18168, 100
2026/09/29 12:17:28.885, 6, 18448, 100
2026/09/29 12:17:28.885, 7, 18168, 99
2026/09/29 12:17:29.885, 0, 18448, 100
2026/09/29 12:17:29.886, 1, 18168, 100
2026/09/29 12:17:29.886, 2, 18168, 100
2026/09/29 12:17:29.886, 3, 18168, 100
2026/09/29 12:17:29.886, 4, 18168, 100
2026/09/29 12:17:29.886, 5, 18168, 100
2026/09/29 12:17:29.886, 6, 18448, 100
2026/09/29 12:17:29.886, 7, 18168, 100
2026/09/29 12:17:30.886, 0, 18448, 100
2026/09/29 12:17:30.886, 1, 18168, 99
2026/09/29 12:17:30.886, 2, 18168, 100
2026/09/29 12:17:30.886, 3, 18168, 100
2026/09/29 12:17:30.886, 4, 18168, 100
2026/09/29 12:17:30.886, 5, 18168, 100
2026/09/29 12:17:30.886, 6, 18448, 100
2026/09/29 12:17:30.886, 7, 18168, 100
2026/09/29 12:17:31.886, 0, 18448, 100
2026/09/29 12:17:31.886, 1, 18168, 100
2026/09/29 12:17:31.886, 2, 18168, 100
2026/09/29 12:17:31.886, 3, 18168, 100
2026/09/29 12:17:31.886, 4, 18168, 100
2026/09/29 12:17:31.886, 5, 18168, 99
2026/09/29 12:17:31.887, 6, 18448, 100
2026/09/29 12:17:31.887, 7, 18168, 57
2026/09/29 12:17:32.887, 0, 18448, 100
2026/09/29 12:17:32.887, 1, 18168, 100
2026/09/29 12:17:32.887, 2, 18168, 100
2026/09/29 12:17:32.887, 3, 18168, 100
2026/09/29 12:17:32.887, 4, 18168, 100
2026/09/29 12:17:32.887, 5, 18168, 100
2026/09/29 12:17:32.887, 6, 18448, 100
2026/09/29 12:17:32.887, 7, 18168, 100
2026/09/29 12:17:33.887, 0, 18448, 100
2026/09/29 12:17:33.887, 1, 18168, 100
2026/09/29 12:17:33.887, 2, 18168, 100
2026/09/29 12:17:33.887, 3, 18168, 100
2026/09/29 12:17:33.887, 4, 18168, 0
2026/09/29 12:17:33.887, 5, 18168, 100
2026/09/29 12:17:33.887, 6, 18448, 11
2026/09/29 12:17:33.888, 7, 18168, 0
2026/09/29 12:17:34.888, 0, 18448, 0
2026/09/29 12:17:34.888, 1, 18168, 0
2026/09/29 12:17:34.888, 2, 18168, 0
2026/09/29 12:17:34.888, 3, 18168, 0
2026/09/29 12:17:34.888, 4, 18168, 0
2026/09/29 12:17:34.888, 5, 18168, 0
2026/09/29 12:17:34.888, 6, 18448, 0
2026/09/29 12:17:34.888, 7, 18168, 0
2026/09/29 12:17:35.888, 0, 18448, 0
2026/09/29 12:17:35.888, 1, 18168, 0
2026/09/29 12:17:35.888, 2, 18168, 0
2026/09/29 12:17:35.889, 3, 18168, 0
2026/09/29 12:17:35.889, 4, 18168, 0
2026/09/29 12:17:35.889, 5, 18168, 0
2026/09/29 12:17:35.889, 6, 18448, 0
2026/09/29 12:17:35.889, 7, 18168, 0
2026/09/29 12:17:36.889, 0, 18448, 0
2026/09/29 12:17:36.889, 1, 18168, 0
2026/09/29 12:17:36.889, 2, 18168, 0
2026/09/29 12:17:36.889, 3, 18168, 0
2026/09/29 12:17:36.889, 4, 18168, 0
2026/09/29 12:17:36.889, 5, 18168, 0
2026/09/29 12:17:36.889, 6, 18448, 0
2026/09/29 12:17:36.889, 7, 18168, 0
2026/09/29 12:17:37.890, 0, 18460, 0
2026/09/29 12:17:37.890, 1, 18168, 0
2026/09/29 12:17:37.890, 2, 18168, 0
2026/09/29 12:17:37.890, 3, 18168, 0
2026/09/29 12:17:37.890, 4, 18168, 100
2026/09/29 12:17:37.890, 5, 18168, 0
2026/09/29 12:17:37.890, 6, 18448, 46
2026/09/29 12:17:37.890, 7, 18168, 100
2026/09/29 12:17:38.890, 0, 18460, 100
2026/09/29 12:17:38.890, 1, 18168, 99
2026/09/29 12:17:38.890, 2, 18168, 99
2026/09/29 12:17:38.891, 3, 18168, 100
2026/09/29 12:17:38.891, 4, 18168, 100
2026/09/29 12:17:38.891, 5, 18168, 100
2026/09/29 12:17:38.891, 6, 18448, 100
2026/09/29 12:17:38.891, 7, 18168, 100
2026/09/29 12:17:39.891, 0, 18460, 100
2026/09/29 12:17:39.891, 1, 18168, 100
2026/09/29 12:17:39.891, 2, 18168, 100
2026/09/29 12:17:39.891, 3, 18168, 100
2026/09/29 12:17:39.891, 4, 18168, 100
2026/09/29 12:17:39.891, 5, 18168, 100
2026/09/29 12:17:39.891, 6, 18448, 100
2026/09/29 12:17:39.891, 7, 18168, 100
2026/09/29 12:17:40.892, 0, 18460, 100
2026/09/29 12:17:40.892, 1, 18168, 100
2026/09/29 12:17:40.892, 2, 18168, 100
2026/09/29 12:17:40.892, 3, 18168, 100
2026/09/29 12:17:40.892, 4, 18168, 100
2026/09/29 12:17:40.892, 5, 18168, 100
2026/09/29 12:17:40.892, 6, 18448, 100
2026/09/29 12:17:40.892, 7, 18168, 100
2026/09/29 12:17:41.892, 0, 18460, 100
2026/09/29 12:17:41.892, 1, 18168, 100
2026/09/29 12:17:41.892, 2, 18168, 100
2026/09/29 12:17:41.892, 3, 18168, 100
2026/09/29 12:17:41.892, 4, 18168, 100
2026/09/29 12:17:41.892, 5, 18168, 100
2026/09/29 12:17:41.892, 6, 18448, 100
2026/09/29 12:17:41.892, 7, 18168, 100
2026/09/29 12:17:42.893, 0, 18460, 100
2026/09/29 12:17:42.893, 1, 18168, 100
2026/09/29 12:17:42.893, 2, 18168, 100
2026/09/29 12:17:42.893, 3, 18168, 100
2026/09/29 12:17:42.893, 4, 18168, 100
2026/09/29 12:17:42.893, 5, 18168, 100
2026/09/29 12:17:42.893, 6, 18448, 100
2026/09/29 12:17:42.893, 7, 18168, 100
2026/09/29 12:17:43.893, 0, 18460, 100
2026/09/29 12:17:43.893, 1, 18168, 100
2026/09/29 12:17:43.893, 2, 18168, 100
2026/09/29 12:17:43.893, 3, 18168, 100
2026/09/29 12:17:43.893, 4, 18168, 100
2026/09/29 12:17:43.893, 5, 18168, 98
2026/09/29 12:17:43.893, 6, 18448, 100
2026/09/29 12:17:43.893, 7, 18168, 100
2026/09/29 12:17:44.894, 0, 18460, 100
2026/09/29 12:17:44.894, 1, 18168, 100
2026/09/29 12:17:44.894, 2, 18168, 100
2026/09/29 12:17:44.894, 3, 18168, 100
2026/09/29 12:17:44.894, 4, 18168, 100
2026/09/29 12:17:44.894, 5, 18168, 100
2026/09/29 12:17:44.894, 6, 18448, 100
2026/09/29 12:17:44.894, 7, 18168, 100
2026/09/29 12:17:45.894, 0, 18460, 100
2026/09/29 12:17:45.894, 1, 18168, 100
2026/09/29 12:17:45.894, 2, 18168, 100
2026/09/29 12:17:45.894, 3, 18168, 100
2026/09/29 12:17:45.894, 4, 18168, 100
2026/09/29 12:17:45.894, 5, 18168, 100
2026/09/29 12:17:45.894, 6, 18448, 100
2026/09/29 12:17:45.894, 7, 18168, 100
2026/09/29 12:17:46.894, 0, 18460, 100
2026/09/29 12:17:46.895, 1, 18168, 100
2026/09/29 12:17:46.895, 2, 18168, 100
2026/09/29 12:17:46.895, 3, 18168, 100
2026/09/29 12:17:46.895, 4, 18168, 100
2026/09/29 12:17:46.895, 5, 18168, 100
2026/09/29 12:17:46.895, 6, 18448, 100
2026/09/29 12:17:46.895, 7, 18168, 100
2026/09/29 12:17:47.895, 0, 18460, 100
2026/09/29 12:17:47.895, 1, 18168, 100
2026/09/29 12:17:47.895, 2, 18168, 100
2026/09/29 12:17:47.895, 3, 18168, 100
2026/09/29 12:17:47.895, 4, 18168, 100
2026/09/29 12:17:47.895, 5, 18168, 100
2026/09/29 12:17:47.895, 6, 18448, 100
2026/09/29 12:17:47.895, 7, 18168, 100
2026/09/29 12:17:48.895, 0, 18460, 100
2026/09/29 12:17:48.896, 1, 18168, 100
2026/09/29 12:17:48.896, 2, 18168, 97
2026/09/29 12:17:48.896, 3, 18168, 100
2026/09/29 12:17:48.896, 4, 18168, 100
2026/09/29 12:17:48.896, 5, 18168, 98
2026/09/29 12:17:48.896, 6, 18448, 100
2026/09/29 12:17:48.896, 7, 18168, 100
2026/09/29 12:17:49.896, 0, 18460, 100
2026/09/29 12:17:49.896, 1, 18168, 100
2026/09/29 12:17:49.896, 2, 18168, 100
2026/09/29 12:17:49.896, 3, 18168, 100
2026/09/29 12:17:49.896, 4, 18168, 100
2026/09/29 12:17:49.896, 5, 18168, 100
2026/09/29 12:17:49.896, 6, 18448, 100
2026/09/29 12:17:49.896, 7, 18168, 100
2026/09/29 12:17:50.896, 0, 18460, 100
2026/09/29 12:17:50.897, 1, 18168, 100
2026/09/29 12:17:50.897, 2, 18168, 100
2026/09/29 12:17:50.897, 3, 18168, 100
2026/09/29 12:17:50.897, 4, 18168, 100
2026/09/29 12:17:50.897, 5, 18168, 100
2026/09/29 12:17:50.897, 6, 18448, 100
2026/09/29 12:17:50.897, 7, 18168, 100
2026/09/29 12:17:51.897, 0, 18460, 100
2026/09/29 12:17:51.897, 1, 18168, 100
2026/09/29 12:17:51.897, 2, 18168, 100
2026/09/29 12:17:51.897, 3, 18168, 100
2026/09/29 12:17:51.897, 4, 18168, 100
2026/09/29 12:17:51.897, 5, 18168, 100
2026/09/29 12:17:51.897, 6, 18448, 100
2026/09/29 12:17:51.897, 7, 18168, 100
2026/09/29 12:17:52.897, 0, 18460, 100
2026/09/29 12:17:52.897, 1, 18168, 100
2026/09/29 12:17:52.898, 2, 18168, 100
2026/09/29 12:17:52.898, 3, 18168, 100
2026/09/29 12:17:52.898, 4, 18168, 100
2026/09/29 12:17:52.898, 5, 18168, 100
2026/09/29 12:17:52.898, 6, 18448, 100
2026/09/29 12:17:52.898, 7, 18168, 100
2026/09/29 12:17:53.898, 0, 18472, 100
2026/09/29 12:17:53.898, 1, 18180, 100
2026/09/29 12:17:53.898, 2, 18180, 79
2026/09/29 12:17:53.898, 3, 18180, 100
2026/09/29 12:17:53.898, 4, 18180, 100
2026/09/29 12:17:53.898, 5, 18180, 70
2026/09/29 12:17:53.898, 6, 18460, 100
2026/09/29 12:17:53.898, 7, 18180, 100
2026/09/29 12:17:54.898, 0, 18472, 100
2026/09/29 12:17:54.898, 1, 18180, 100
2026/09/29 12:17:54.898, 2, 18180, 100
2026/09/29 12:17:54.899, 3, 18180, 100
2026/09/29 12:17:54.899, 4, 18180, 100
2026/09/29 12:17:54.899, 5, 18180, 100
2026/09/29 12:17:54.899, 6, 18460, 100
2026/09/29 12:17:54.899, 7, 18180, 100
2026/09/29 12:17:55.899, 0, 18472, 100
2026/09/29 12:17:55.899, 1, 18180, 100
2026/09/29 12:17:55.899, 2, 18180, 100
2026/09/29 12:17:55.899, 3, 18180, 100
2026/09/29 12:17:55.899, 4, 18180, 100
2026/09/29 12:17:55.899, 5, 18180, 100
2026/09/29 12:17:55.899, 6, 18460, 100
2026/09/29 12:17:55.899, 7, 18180, 100
2026/09/29 12:17:56.899, 0, 18472, 100
2026/09/29 12:17:56.899, 1, 18180, 100
2026/09/29 12:17:56.899, 2, 18180, 100
2026/09/29 12:17:56.899, 3, 18180, 100
2026/09/29 12:17:56.900, 4, 18180, 100
2026/09/29 12:17:56.900, 5, 18180, 100
2026/09/29 12:17:56.900, 6, 18460, 100
2026/09/29 12:17:56.900, 7, 18180, 100
2026/09/29 12:17:57.900, 0, 18472, 100
2026/09/29 12:17:57.900, 1, 18180, 99
2026/09/29 12:17:57.900, 2, 18180, 100
2026/09/29 12:17:57.900, 3, 18180, 100
2026/09/29 12:17:57.900, 4, 18180, 100
2026/09/29 12:17:57.900, 5, 18180, 100
2026/09/29 12:17:57.900, 6, 18460, 100
2026/09/29 12:17:57.900, 7, 18180, 100
2026/09/29 12:17:58.900, 0, 18472, 100
2026/09/29 12:17:58.900, 1, 18180, 100
2026/09/29 12:17:58.900, 2, 18180, 91
2026/09/29 12:17:58.900, 3, 18180, 100
2026/09/29 12:17:58.900, 4, 18180, 100
2026/09/29 12:17:58.900, 5, 18180, 95
2026/09/29 12:17:58.901, 6, 18460, 100
2026/09/29 12:17:58.901, 7, 18180, 100
2026/09/29 12:17:59.901, 0, 18472, 100
2026/09/29 12:17:59.901, 1, 18180, 100
2026/09/29 12:17:59.901, 2, 18180, 100
2026/09/29 12:17:59.901, 3, 18180, 100
2026/09/29 12:17:59.901, 4, 18180, 100
2026/09/29 12:17:59.901, 5, 18180, 100
2026/09/29 12:17:59.901, 6, 18460, 100
2026/09/29 12:17:59.901, 7, 18180, 100
2026/09/29 12:18:00.901, 0, 18472, 100
2026/09/29 12:18:00.901, 1, 18180, 100
2026/09/29 12:18:00.901, 2, 18180, 100
2026/09/29 12:18:00.901, 3, 18180, 100
2026/09/29 12:18:00.901, 4, 18180, 100
2026/09/29 12:18:00.901, 5, 18180, 100
2026/09/29 12:18:00.901, 6, 18460, 100
2026/09/29 12:18:00.901, 7, 18180, 100
2026/09/29 12:18:01.902, 0, 18472, 100
2026/09/29 12:18:01.902, 1, 18180, 100
2026/09/29 12:18:01.902, 2, 18180, 100
2026/09/29 12:18:01.902, 3, 18180, 100
2026/09/29 12:18:01.902, 4, 18180, 100
2026/09/29 12:18:01.902, 5, 18180, 100
2026/09/29 12:18:01.902, 6, 18460, 100
2026/09/29 12:18:01.902, 7, 18180, 100
2026/09/29 12:18:02.902, 0, 18472, 100
2026/09/29 12:18:02.902, 1, 18180, 100
2026/09/29 12:18:02.902, 2, 18180, 100
2026/09/29 12:18:02.902, 3, 18180, 100
2026/09/29 12:18:02.902, 4, 18180, 100
2026/09/29 12:18:02.902, 5, 18180, 100
2026/09/29 12:18:02.902, 6, 18460, 100
2026/09/29 12:18:02.902, 7, 18180, 100
2026/09/29 12:18:03.903, 0, 18472, 100
2026/09/29 12:18:03.903, 1, 18180, 100
2026/09/29 12:18:03.903, 2, 18180, 93
2026/09/29 12:18:03.903, 3, 18180, 99
2026/09/29 12:18:03.903, 4, 18180, 100
2026/09/29 12:18:03.903, 5, 18180, 93
2026/09/29 12:18:03.903, 6, 18460, 100
2026/09/29 12:18:03.903, 7, 18180, 100
2026/09/29 12:18:04.903, 0, 18472, 100
2026/09/29 12:18:04.903, 1, 18180, 100
2026/09/29 12:18:04.903, 2, 18180, 100
2026/09/29 12:18:04.903, 3, 18180, 100
2026/09/29 12:18:04.903, 4, 18180, 100
2026/09/29 12:18:04.903, 5, 18180, 100
2026/09/29 12:18:04.903, 6, 18460, 100
2026/09/29 12:18:04.903, 7, 18180, 100
2026/09/29 12:18:05.904, 0, 18472, 100
2026/09/29 12:18:05.904, 1, 18180, 99
2026/09/29 12:18:05.904, 2, 18180, 100
2026/09/29 12:18:05.904, 3, 18180, 100
2026/09/29 12:18:05.904, 4, 18180, 100
2026/09/29 12:18:05.904, 5, 18180, 100
2026/09/29 12:18:05.904, 6, 18460, 100
2026/09/29 12:18:05.904, 7, 18180, 100
2026/09/29 12:18:06.904, 0, 18472, 100
2026/09/29 12:18:06.904, 1, 18180, 100
2026/09/29 12:18:06.904, 2, 18180, 100
2026/09/29 12:18:06.904, 3, 18180, 100
2026/09/29 12:18:06.904, 4, 18180, 100
2026/09/29 12:18:06.904, 5, 18180, 100
2026/09/29 12:18:06.904, 6, 18460, 100
2026/09/29 12:18:06.904, 7, 18180, 100
2026/09/29 12:18:07.905, 0, 18472, 100
2026/09/29 12:18:07.905, 1, 18180, 100
2026/09/29 12:18:07.905, 2, 18180, 100
2026/09/29 12:18:07.905, 3, 18180, 100
2026/09/29 12:18:07.905, 4, 18180, 100
2026/09/29 12:18:07.905, 5, 18180, 100
2026/09/29 12:18:07.905, 6, 18460, 100
2026/09/29 12:18:07.905, 7, 18180, 100
2026/09/29 12:18:08.905, 0, 18472, 100
2026/09/29 12:18:08.905, 1, 18180, 98
2026/09/29 12:18:08.905, 2, 18180, 96
2026/09/29 12:18:08.905, 3, 18180, 98
2026/09/29 12:18:08.905, 4, 18180, 100
2026/09/29 12:18:08.905, 5, 18180, 99
2026/09/29 12:18:08.905, 6, 18460, 100
2026/09/29 12:18:08.905, 7, 18180, 100
2026/09/29 12:18:09.905, 0, 18472, 100
2026/09/29 12:18:09.906, 1, 18180, 100
2026/09/29 12:18:09.906, 2, 18180, 100
2026/09/29 12:18:09.906, 3, 18180, 100
2026/09/29 12:18:09.906, 4, 18180, 100
2026/09/29 12:18:09.906, 5, 18180, 100
2026/09/29 12:18:09.906, 6, 18460, 100
2026/09/29 12:18:09.906, 7, 18180, 100
2026/09/29 12:18:10.906, 0, 18472, 100
2026/09/29 12:18:10.906, 1, 18180, 100
2026/09/29 12:18:10.906, 2, 18180, 100
2026/09/29 12:18:10.906, 3, 18180, 100
2026/09/29 12:18:10.906, 4, 18180, 100
2026/09/29 12:18:10.906, 5, 18180, 100
2026/09/29 12:18:10.906, 6, 18460, 100
2026/09/29 12:18:10.906, 7, 18180, 100
2026/09/29 12:18:11.906, 0, 18472, 100
2026/09/29 12:18:11.907, 1, 18180, 100
2026/09/29 12:18:11.907, 2, 18180, 100
2026/09/29 12:18:11.907, 3, 18180, 100
2026/09/29 12:18:11.907, 4, 18180, 100
2026/09/29 12:18:11.907, 5, 18180, 100
2026/09/29 12:18:11.907, 6, 18460, 100
2026/09/29 12:18:11.907, 7, 18180, 100
2026/09/29 12:18:12.907, 0, 18472, 100
2026/09/29 12:18:12.907, 1, 18180, 100
2026/09/29 12:18:12.907, 2, 18180, 100
2026/09/29 12:18:12.907, 3, 18180, 100
2026/09/29 12:18:12.907, 4, 18180, 100
2026/09/29 12:18:12.907, 5, 18180, 100
2026/09/29 12:18:12.907, 6, 18460, 100
2026/09/29 12:18:12.907, 7, 18180, 100
2026/09/29 12:18:13.907, 0, 18472, 99
2026/09/29 12:18:13.908, 1, 18180, 98
2026/09/29 12:18:13.908, 2, 18180, 100
2026/09/29 12:18:13.908, 3, 18180, 94
2026/09/29 12:18:13.908, 4, 18180, 100
2026/09/29 12:18:13.908, 5, 18180, 100
2026/09/29 12:18:13.908, 6, 18460, 100
2026/09/29 12:18:13.908, 7, 18180, 100
2026/09/29 12:18:14.908, 0, 18472, 100
2026/09/29 12:18:14.908, 1, 18180, 100
2026/09/29 12:18:14.908, 2, 18180, 100
2026/09/29 12:18:14.908, 3, 18180, 100
2026/09/29 12:18:14.908, 4, 18180, 100
2026/09/29 12:18:14.908, 5, 18180, 100
2026/09/29 12:18:14.908, 6, 18460, 100
2026/09/29 12:18:14.908, 7, 18180, 100
2026/09/29 12:18:15.908, 0, 18472, 100
2026/09/29 12:18:15.908, 1, 18180, 100
2026/09/29 12:18:15.908, 2, 18180, 100
2026/09/29 12:18:15.908, 3, 18180, 100
2026/09/29 12:18:15.908, 4, 18180, 100
2026/09/29 12:18:15.909, 5, 18180, 100
2026/09/29 12:18:15.909, 6, 18460, 100
2026/09/29 12:18:15.909, 7, 18180, 100
2026/09/29 12:18:16.909, 0, 18472, 100
2026/09/29 12:18:16.909, 1, 18180, 100
2026/09/29 12:18:16.909, 2, 18180, 100
2026/09/29 12:18:16.909, 3, 18180, 100
2026/09/29 12:18:16.909, 4, 18180, 100
2026/09/29 12:18:16.909, 5, 18180, 100
2026/09/29 12:18:16.909, 6, 18460, 100
2026/09/29 12:18:16.909, 7, 18180, 100
2026/09/29 12:18:17.909, 0, 18472, 100
2026/09/29 12:18:17.909, 1, 18180, 100
2026/09/29 12:18:17.909, 2, 18180, 100
2026/09/29 12:18:17.909, 3, 18180, 100
2026/09/29 12:18:17.909, 4, 18180, 100
2026/09/29 12:18:17.909, 5, 18180, 100
2026/09/29 12:18:17.909, 6, 18460, 100
2026/09/29 12:18:17.909, 7, 18180, 100
2026/09/29 12:18:18.910, 0, 18472, 95
2026/09/29 12:18:18.910, 1, 18180, 93
2026/09/29 12:18:18.910, 2, 18180, 100
2026/09/29 12:18:18.910, 3, 18180, 94
2026/09/29 12:18:18.910, 4, 18180, 100
2026/09/29 12:18:18.910, 5, 18180, 100
2026/09/29 12:18:18.910, 6, 18460, 100
2026/09/29 12:18:18.910, 7, 18180, 100
2026/09/29 12:18:19.910, 0, 18472, 100
2026/09/29 12:18:19.910, 1, 18180, 100
2026/09/29 12:18:19.910, 2, 18180, 100
2026/09/29 12:18:19.910, 3, 18180, 100
2026/09/29 12:18:19.910, 4, 18180, 100
2026/09/29 12:18:19.910, 5, 18180, 100
2026/09/29 12:18:19.910, 6, 18460, 100
2026/09/29 12:18:19.910, 7, 18180, 100
2026/09/29 12:18:20.911, 0, 18472, 100
2026/09/29 12:18:20.911, 1, 18180, 100
2026/09/29 12:18:20.911, 2, 18180, 100
2026/09/29 12:18:20.911, 3, 18180, 100
2026/09/29 12:18:20.911, 4, 18180, 100
2026/09/29 12:18:20.911, 5, 18180, 100
2026/09/29 12:18:20.911, 6, 18460, 100
2026/09/29 12:18:20.911, 7, 18180, 100
2026/09/29 12:18:21.911, 0, 18472, 100
2026/09/29 12:18:21.911, 1, 18180, 100
2026/09/29 12:18:21.912, 2, 18180, 100
2026/09/29 12:18:21.919, 3, 18180, 100
2026/09/29 12:18:21.920, 4, 18180, 100
2026/09/29 12:18:21.927, 5, 18180, 100
2026/09/29 12:18:21.928, 6, 18460, 100
2026/09/29 12:18:21.934, 7, 18180, 100
2026/09/29 12:18:22.937, 0, 18472, 100
2026/09/29 12:18:22.937, 1, 18180, 100
2026/09/29 12:18:22.937, 2, 18180, 100
2026/09/29 12:18:22.937, 3, 18180, 100
2026/09/29 12:18:22.937, 4, 18180, 100
2026/09/29 12:18:22.937, 5, 18180, 100
2026/09/29 12:18:22.937, 6, 18460, 100
2026/09/29 12:18:22.937, 7, 18180, 100
2026/09/29 12:18:23.937, 0, 18472, 94
2026/09/29 12:18:23.937, 1, 18180, 92
2026/09/29 12:18:23.937, 2, 18180, 100
2026/09/29 12:18:23.937, 3, 18180, 95
2026/09/29 12:18:23.937, 4, 18180, 100
2026/09/29 12:18:23.937, 5, 18180, 100
2026/09/29 12:18:23.937, 6, 18460, 100
2026/09/29 12:18:23.937, 7, 18180, 100
2026/09/29 12:18:24.938, 0, 18472, 100
2026/09/29 12:18:24.938, 1, 18180, 100
2026/09/29 12:18:24.938, 2, 18180, 100
2026/09/29 12:18:24.938, 3, 18180, 100
2026/09/29 12:18:24.938, 4, 18180, 100
2026/09/29 12:18:24.938, 5, 18180, 100
2026/09/29 12:18:24.938, 6, 18460, 100
2026/09/29 12:18:24.938, 7, 18180, 100
2026/09/29 12:18:25.938, 0, 18472, 100
2026/09/29 12:18:25.938, 1, 18180, 100
2026/09/29 12:18:25.938, 2, 18180, 100
2026/09/29 12:18:25.938, 3, 18180, 100
2026/09/29 12:18:25.938, 4, 18180, 99
2026/09/29 12:18:25.938, 5, 18180, 100
2026/09/29 12:18:25.938, 6, 18460, 100
2026/09/29 12:18:25.938, 7, 18180, 100
2026/09/29 12:18:26.938, 0, 18472, 100
2026/09/29 12:18:26.939, 1, 18180, 100
2026/09/29 12:18:26.939, 2, 18180, 100
2026/09/29 12:18:26.939, 3, 18180, 100
2026/09/29 12:18:26.939, 4, 18180, 100
2026/09/29 12:18:26.939, 5, 18180, 100
2026/09/29 12:18:26.939, 6, 18460, 100
2026/09/29 12:18:26.939, 7, 18180, 100
2026/09/29 12:18:27.939, 0, 18472, 100
2026/09/29 12:18:27.939, 1, 18180, 100
2026/09/29 12:18:27.939, 2, 18180, 100
2026/09/29 12:18:27.939, 3, 18180, 100
2026/09/29 12:18:27.939, 4, 18180, 100
2026/09/29 12:18:27.939, 5, 18180, 100
2026/09/29 12:18:27.939, 6, 18460, 100
2026/09/29 12:18:27.939, 7, 18180, 100
2026/09/29 12:18:28.939, 0, 18472, 95
2026/09/29 12:18:28.940, 1, 18180, 95
2026/09/29 12:18:28.940, 2, 18180, 100
2026/09/29 12:18:28.940, 3, 18180, 93
2026/09/29 12:18:28.940, 4, 18180, 100
2026/09/29 12:18:28.940, 5, 18180, 100
2026/09/29 12:18:28.940, 6, 18460, 100
2026/09/29 12:18:28.940, 7, 18180, 100
2026/09/29 12:18:29.940, 0, 18472, 100
2026/09/29 12:18:29.940, 1, 18180, 100
2026/09/29 12:18:29.940, 2, 18180, 100
2026/09/29 12:18:29.940, 3, 18180, 100
2026/09/29 12:18:29.940, 4, 18180, 100
2026/09/29 12:18:29.940, 5, 18180, 100
2026/09/29 12:18:29.940, 6, 18460, 100
2026/09/29 12:18:29.940, 7, 18180, 100
2026/09/29 12:18:30.940, 0, 18472, 100
2026/09/29 12:18:30.941, 1, 18180, 100
2026/09/29 12:18:30.941, 2, 18180, 100
2026/09/29 12:18:30.941, 3, 18180, 99
2026/09/29 12:18:30.941, 4, 18180, 100
2026/09/29 12:18:30.941, 5, 18180, 100
2026/09/29 12:18:30.941, 6, 18460, 100
2026/09/29 12:18:30.941, 7, 18180, 100
2026/09/29 12:18:31.941, 0, 18472, 100
2026/09/29 12:18:31.941, 1, 18180, 100
2026/09/29 12:18:31.941, 2, 18180, 100
2026/09/29 12:18:31.941, 3, 18180, 100
2026/09/29 12:18:31.941, 4, 18180, 100
2026/09/29 12:18:31.941, 5, 18180, 100
2026/09/29 12:18:31.941, 6, 18460, 100
2026/09/29 12:18:31.941, 7, 18180, 100
2026/09/29 12:18:32.941, 0, 18472, 100
2026/09/29 12:18:32.941, 1, 18180, 100
2026/09/29 12:18:32.941, 2, 18180, 100
2026/09/29 12:18:32.941, 3, 18180, 100
2026/09/29 12:18:32.942, 4, 18180, 100
2026/09/29 12:18:32.942, 5, 18180, 100
2026/09/29 12:18:32.942, 6, 18460, 100
2026/09/29 12:18:32.942, 7, 18180, 100
2026/09/29 12:18:33.942, 0, 18472, 96
2026/09/29 12:18:33.942, 1, 18180, 100
2026/09/29 12:18:33.942, 2, 18180, 99
2026/09/29 12:18:33.942, 3, 18180, 100
2026/09/29 12:18:33.942, 4, 18180, 100
2026/09/29 12:18:33.942, 5, 18180, 100
2026/09/29 12:18:33.942, 6, 18460, 100
2026/09/29 12:18:33.942, 7, 18180, 100
2026/09/29 12:18:34.942, 0, 18472, 100
2026/09/29 12:18:34.942, 1, 18180, 100
2026/09/29 12:18:34.942, 2, 18180, 100
2026/09/29 12:18:34.942, 3, 18180, 100
2026/09/29 12:18:34.943, 4, 18180, 100
2026/09/29 12:18:34.943, 5, 18180, 100
2026/09/29 12:18:34.943, 6, 18460, 100
2026/09/29 12:18:34.943, 7, 18180, 100
2026/09/29 12:18:35.943, 0, 18472, 100
2026/09/29 12:18:35.943, 1, 18180, 100
2026/09/29 12:18:35.943, 2, 18180, 100
2026/09/29 12:18:35.943, 3, 18180, 100
2026/09/29 12:18:35.943, 4, 18180, 100
2026/09/29 12:18:35.943, 5, 18180, 100
2026/09/29 12:18:35.943, 6, 18460, 100
2026/09/29 12:18:35.943, 7, 18180, 100
2026/09/29 12:18:36.943, 0, 18472, 100
2026/09/29 12:18:36.943, 1, 18180, 100
2026/09/29 12:18:36.943, 2, 18180, 100
2026/09/29 12:18:36.943, 3, 18180, 100
2026/09/29 12:18:36.943, 4, 18180, 100
2026/09/29 12:18:36.943, 5, 18180, 100
2026/09/29 12:18:36.943, 6, 18460, 100
2026/09/29 12:18:36.944, 7, 18180, 100
2026/09/29 12:18:37.944, 0, 18472, 100
2026/09/29 12:18:37.944, 1, 18180, 100
2026/09/29 12:18:37.944, 2, 18180, 100
2026/09/29 12:18:37.944, 3, 18180, 100
2026/09/29 12:18:37.944, 4, 18180, 100
2026/09/29 12:18:37.944, 5, 18180, 100
2026/09/29 12:18:37.944, 6, 18460, 100
2026/09/29 12:18:37.944, 7, 18180, 100
2026/09/29 12:18:38.944, 0, 18472, 100
2026/09/29 12:18:38.944, 1, 18180, 98
2026/09/29 12:18:38.944, 2, 18180, 100
2026/09/29 12:18:38.944, 3, 18180, 100
2026/09/29 12:18:38.944, 4, 18180, 100
2026/09/29 12:18:38.944, 5, 18180, 100
2026/09/29 12:18:38.944, 6, 18460, 99
2026/09/29 12:18:38.944, 7, 18180, 100
2026/09/29 12:18:39.945, 0, 18472, 100
2026/09/29 12:18:39.945, 1, 18180, 100
2026/09/29 12:18:39.945, 2, 18180, 100
2026/09/29 12:18:39.945, 3, 18180, 100
2026/09/29 12:18:39.945, 4, 18180, 100
2026/09/29 12:18:39.945, 5, 18180, 100
2026/09/29 12:18:39.945, 6, 18460, 100
2026/09/29 12:18:39.945, 7, 18180, 100
2026/09/29 12:18:40.945, 0, 18472, 100
2026/09/29 12:18:40.945, 1, 18180, 100
2026/09/29 12:18:40.945, 2, 18180, 100
2026/09/29 12:18:40.945, 3, 18180, 100
2026/09/29 12:18:40.945, 4, 18180, 100
2026/09/29 12:18:40.945, 5, 18180, 100
2026/09/29 12:18:40.945, 6, 18460, 100
2026/09/29 12:18:40.945, 7, 18180, 100
2026/09/29 12:18:41.946, 0, 18472, 100
2026/09/29 12:18:41.946, 1, 18180, 100
2026/09/29 12:18:41.946, 2, 18180, 100
2026/09/29 12:18:41.946, 3, 18180, 100
2026/09/29 12:18:41.946, 4, 18180, 100
2026/09/29 12:18:41.946, 5, 18180, 100
2026/09/29 12:18:41.946, 6, 18460, 100
2026/09/29 12:18:41.946, 7, 18180, 100
2026/09/29 12:18:42.946, 0, 18472, 100
2026/09/29 12:18:42.946, 1, 18180, 100
2026/09/29 12:18:42.946, 2, 18180, 100
2026/09/29 12:18:42.946, 3, 18180, 100
2026/09/29 12:18:42.946, 4, 18180, 100
2026/09/29 12:18:42.946, 5, 18180, 100
2026/09/29 12:18:42.946, 6, 18460, 100
2026/09/29 12:18:42.946, 7, 18180, 100
2026/09/29 12:18:43.946, 0, 18472, 100
2026/09/29 12:18:43.947, 1, 18180, 99
2026/09/29 12:18:43.947, 2, 18180, 100
2026/09/29 12:18:43.947, 3, 18180, 95
2026/09/29 12:18:43.947, 4, 18180, 100
2026/09/29 12:18:43.947, 5, 18180, 100
2026/09/29 12:18:43.947, 6, 18460, 99
2026/09/29 12:18:43.947, 7, 18180, 100
2026/09/29 12:18:44.947, 0, 18472, 100
2026/09/29 12:18:44.947, 1, 18180, 100
2026/09/29 12:18:44.947, 2, 18180, 100
2026/09/29 12:18:44.947, 3, 18180, 100
2026/09/29 12:18:44.947, 4, 18180, 100
2026/09/29 12:18:44.947, 5, 18180, 100
2026/09/29 12:18:44.947, 6, 18460, 100
2026/09/29 12:18:44.947, 7, 18180, 100
2026/09/29 12:18:45.947, 0, 18472, 100
2026/09/29 12:18:45.947, 1, 18180, 100
2026/09/29 12:18:45.948, 2, 18180, 100
2026/09/29 12:18:45.948, 3, 18180, 100
2026/09/29 12:18:45.948, 4, 18180, 100
2026/09/29 12:18:45.948, 5, 18180, 100
2026/09/29 12:18:45.948, 6, 18460, 100
2026/09/29 12:18:45.948, 7, 18180, 100
2026/09/29 12:18:46.948, 0, 18472, 100
2026/09/29 12:18:46.948, 1, 18180, 100
2026/09/29 12:18:46.948, 2, 18180, 100
2026/09/29 12:18:46.948, 3, 18180, 100
2026/09/29 12:18:46.948, 4, 18180, 100
2026/09/29 12:18:46.948, 5, 18180, 100
2026/09/29 12:18:46.948, 6, 18460, 100
2026/09/29 12:18:46.948, 7, 18180, 100
2026/09/29 12:18:47.948, 0, 18472, 100
2026/09/29 12:18:47.948, 1, 18180, 100
2026/09/29 12:18:47.948, 2, 18180, 100
2026/09/29 12:18:47.948, 3, 18180, 100
2026/09/29 12:18:47.948, 4, 18180, 100
2026/09/29 12:18:47.948, 5, 18180, 100
2026/09/29 12:18:47.949, 6, 18460, 100
2026/09/29 12:18:47.949, 7, 18180, 100
2026/09/29 12:18:48.949, 0, 18472, 100
2026/09/29 12:18:48.949, 1, 18180, 99
2026/09/29 12:18:48.949, 2, 18180, 100
2026/09/29 12:18:48.949, 3, 18180, 95
2026/09/29 12:18:48.949, 4, 18180, 100
2026/09/29 12:18:48.949, 5, 18180, 100
2026/09/29 12:18:48.949, 6, 18460, 98
2026/09/29 12:18:48.949, 7, 18180, 100
2026/09/29 12:18:49.949, 0, 18472, 100
2026/09/29 12:18:49.949, 1, 18180, 100
2026/09/29 12:18:49.949, 2, 18180, 99
2026/09/29 12:18:49.949, 3, 18180, 100
2026/09/29 12:18:49.949, 4, 18180, 100
2026/09/29 12:18:49.949, 5, 18180, 100
2026/09/29 12:18:49.950, 6, 18460, 100
2026/09/29 12:18:49.950, 7, 18180, 100
2026/09/29 12:18:50.950, 0, 18472, 100
2026/09/29 12:18:50.950, 1, 18180, 100
2026/09/29 12:18:50.950, 2, 18180, 100
2026/09/29 12:18:50.950, 3, 18180, 100
2026/09/29 12:18:50.950, 4, 18180, 100
2026/09/29 12:18:50.950, 5, 18180, 100
2026/09/29 12:18:50.950, 6, 18460, 100
2026/09/29 12:18:50.950, 7, 18180, 100
2026/09/29 12:18:51.950, 0, 18472, 100
2026/09/29 12:18:51.950, 1, 18180, 100
2026/09/29 12:18:51.950, 2, 18180, 100
2026/09/29 12:18:51.950, 3, 18180, 100
2026/09/29 12:18:51.950, 4, 18180, 100
2026/09/29 12:18:51.950, 5, 18180, 100
2026/09/29 12:18:51.950, 6, 18460, 100
2026/09/29 12:18:51.950, 7, 18180, 100
2026/09/29 12:18:52.951, 0, 18472, 100
2026/09/29 12:18:52.951, 1, 18180, 100
2026/09/29 12:18:52.951, 2, 18180, 100
2026/09/29 12:18:52.951, 3, 18180, 100
2026/09/29 12:18:52.951, 4, 18180, 100
2026/09/29 12:18:52.951, 5, 18180, 100
2026/09/29 12:18:52.951, 6, 18460, 100
2026/09/29 12:18:52.951, 7, 18180, 100
2026/09/29 12:18:53.951, 0, 18472, 100
2026/09/29 12:18:53.951, 1, 18180, 100
2026/09/29 12:18:53.951, 2, 18180, 100
2026/09/29 12:18:53.951, 3, 18180, 95
2026/09/29 12:18:53.951, 4, 18180, 100
2026/09/29 12:18:53.951, 5, 18180, 100
2026/09/29 12:18:53.951, 6, 18460, 95
2026/09/29 12:18:53.951, 7, 18180, 100
2026/09/29 12:18:54.952, 0, 18472, 100
2026/09/29 12:18:54.952, 1, 18180, 100
2026/09/29 12:18:54.952, 2, 18180, 100
2026/09/29 12:18:54.952, 3, 18180, 100
2026/09/29 12:18:54.952, 4, 18180, 100
2026/09/29 12:18:54.952, 5, 18180, 100
2026/09/29 12:18:54.952, 6, 18460, 100
2026/09/29 12:18:54.952, 7, 18180, 100
2026/09/29 12:18:55.952, 0, 18472, 100
2026/09/29 12:18:55.952, 1, 18180, 100
2026/09/29 12:18:55.952, 2, 18180, 100
2026/09/29 12:18:55.952, 3, 18180, 100
2026/09/29 12:18:55.952, 4, 18180, 100
2026/09/29 12:18:55.952, 5, 18180, 100
2026/09/29 12:18:55.952, 6, 18460, 100
2026/09/29 12:18:55.952, 7, 18180, 100
2026/09/29 12:18:56.953, 0, 18472, 100
2026/09/29 12:18:56.953, 1, 18180, 100
2026/09/29 12:18:56.953, 2, 18180, 100
2026/09/29 12:18:56.953, 3, 18180, 100
2026/09/29 12:18:56.953, 4, 18180, 100
2026/09/29 12:18:56.953, 5, 18180, 100
2026/09/29 12:18:56.953, 6, 18460, 100
2026/09/29 12:18:56.953, 7, 18180, 100
2026/09/29 12:18:57.953, 0, 18472, 100
2026/09/29 12:18:57.953, 1, 18180, 100
2026/09/29 12:18:57.953, 2, 18180, 100
2026/09/29 12:18:57.953, 3, 18180, 100
2026/09/29 12:18:57.953, 4, 18180, 100
2026/09/29 12:18:57.953, 5, 18180, 100
2026/09/29 12:18:57.953, 6, 18460, 100
2026/09/29 12:18:57.953, 7, 18180, 99
2026/09/29 12:18:58.954, 0, 18472, 100
2026/09/29 12:18:58.954, 1, 18180, 99
2026/09/29 12:18:58.954, 2, 18180, 100
2026/09/29 12:18:58.954, 3, 18180, 97
2026/09/29 12:18:58.954, 4, 18180, 100
2026/09/29 12:18:58.954, 5, 18180, 100
2026/09/29 12:18:58.954, 6, 18460, 95
2026/09/29 12:18:58.954, 7, 18180, 100
2026/09/29 12:18:59.954, 0, 18472, 100
2026/09/29 12:18:59.954, 1, 18180, 100
2026/09/29 12:18:59.954, 2, 18180, 100
2026/09/29 12:18:59.954, 3, 18180, 100
2026/09/29 12:18:59.954, 4, 18180, 100
2026/09/29 12:18:59.954, 5, 18180, 99
2026/09/29 12:18:59.954, 6, 18460, 100
2026/09/29 12:18:59.954, 7, 18180, 100
2026/09/29 12:19:00.955, 0, 18472, 100
2026/09/29 12:19:00.955, 1, 18180, 100
2026/09/29 12:19:00.955, 2, 18180, 100
2026/09/29 12:19:00.955, 3, 18180, 100
2026/09/29 12:19:00.955, 4, 18180, 100
2026/09/29 12:19:00.955, 5, 18180, 100
2026/09/29 12:19:00.955, 6, 18460, 100
2026/09/29 12:19:00.955, 7, 18180, 100
2026/09/29 12:19:01.955, 0, 18472, 100
2026/09/29 12:19:01.955, 1, 18180, 100
2026/09/29 12:19:01.955, 2, 18180, 100
2026/09/29 12:19:01.955, 3, 18180, 100
2026/09/29 12:19:01.955, 4, 18180, 100
2026/09/29 12:19:01.955, 5, 18180, 100
2026/09/29 12:19:01.955, 6, 18460, 100
2026/09/29 12:19:01.955, 7, 18180, 100
2026/09/29 12:19:02.955, 0, 18472, 100
2026/09/29 12:19:02.956, 1, 18180, 100
2026/09/29 12:19:02.956, 2, 18180, 100
2026/09/29 12:19:02.956, 3, 18180, 100
2026/09/29 12:19:02.956, 4, 18180, 100
2026/09/29 12:19:02.956, 5, 18180, 100
2026/09/29 12:19:02.956, 6, 18460, 100
2026/09/29 12:19:02.956, 7, 18180, 100
2026/09/29 12:19:03.956, 0, 18472, 100
2026/09/29 12:19:03.956, 1, 18180, 100
2026/09/29 12:19:03.956, 2, 18180, 100
2026/09/29 12:19:03.956, 3, 18180, 100
2026/09/29 12:19:03.956, 4, 18180, 100
2026/09/29 12:19:03.956, 5, 18180, 100
2026/09/29 12:19:03.956, 6, 18460, 95
2026/09/29 12:19:03.956, 7, 18180, 100
2026/09/29 12:19:04.956, 0, 18472, 100
2026/09/29 12:19:04.957, 1, 18180, 100
2026/09/29 12:19:04.957, 2, 18180, 100
2026/09/29 12:19:04.957, 3, 18180, 100
2026/09/29 12:19:04.957, 4, 18180, 100
2026/09/29 12:19:04.957, 5, 18180, 100
2026/09/29 12:19:04.957, 6, 18460, 100
2026/09/29 12:19:04.957, 7, 18180, 100
2026/09/29 12:19:05.957, 0, 18472, 100
2026/09/29 12:19:05.957, 1, 18180, 100
2026/09/29 12:19:05.957, 2, 18180, 100
2026/09/29 12:19:05.957, 3, 18180, 100
2026/09/29 12:19:05.957, 4, 18180, 100
2026/09/29 12:19:05.957, 5, 18180, 100
2026/09/29 12:19:05.957, 6, 18460, 100
2026/09/29 12:19:05.957, 7, 18180, 100
2026/09/29 12:19:06.957, 0, 18472, 100
2026/09/29 12:19:06.957, 1, 18180, 100
2026/09/29 12:19:06.957, 2, 18180, 100
2026/09/29 12:19:06.957, 3, 18180, 100
2026/09/29 12:19:06.958, 4, 18180, 100
2026/09/29 12:19:06.958, 5, 18180, 100
2026/09/29 12:19:06.958, 6, 18460, 100
2026/09/29 12:19:06.958, 7, 18180, 100
2026/09/29 12:19:07.958, 0, 18472, 100
2026/09/29 12:19:07.958, 1, 18180, 100
2026/09/29 12:19:07.958, 2, 18180, 100
2026/09/29 12:19:07.958, 3, 18180, 100
2026/09/29 12:19:07.958, 4, 18180, 100
2026/09/29 12:19:07.958, 5, 18180, 100
2026/09/29 12:19:07.958, 6, 18460, 100
2026/09/29 12:19:07.958, 7, 18180, 100
2026/09/29 12:19:08.958, 0, 18472, 100
2026/09/29 12:19:08.958, 1, 18180, 100
2026/09/29 12:19:08.958, 2, 18180, 100
2026/09/29 12:19:08.958, 3, 18180, 100
2026/09/29 12:19:08.958, 4, 18180, 100
2026/09/29 12:19:08.958, 5, 18180, 100
2026/09/29 12:19:08.958, 6, 18460, 96
2026/09/29 12:19:08.959, 7, 18180, 100
2026/09/29 12:19:09.959, 0, 18472, 100
2026/09/29 12:19:09.959, 1, 18180, 100
2026/09/29 12:19:09.959, 2, 18180, 100
2026/09/29 12:19:09.959, 3, 18180, 100
2026/09/29 12:19:09.959, 4, 18180, 100
2026/09/29 12:19:09.959, 5, 18180, 100
2026/09/29 12:19:09.959, 6, 18460, 100
2026/09/29 12:19:09.959, 7, 18180, 100
2026/09/29 12:19:10.959, 0, 18472, 100
2026/09/29 12:19:10.959, 1, 18180, 100
2026/09/29 12:19:10.959, 2, 18180, 100
2026/09/29 12:19:10.959, 3, 18180, 100
2026/09/29 12:19:10.959, 4, 18180, 100
2026/09/29 12:19:10.959, 5, 18180, 100
2026/09/29 12:19:10.959, 6, 18460, 100
2026/09/29 12:19:10.959, 7, 18180, 100
2026/09/29 12:19:11.960, 0, 18472, 100
2026/09/29 12:19:11.960, 1, 18180, 100
2026/09/29 12:19:11.960, 2, 18180, 100
2026/09/29 12:19:11.960, 3, 18180, 100
2026/09/29 12:19:11.960, 4, 18180, 100
2026/09/29 12:19:11.960, 5, 18180, 100
2026/09/29 12:19:11.960, 6, 18460, 100
2026/09/29 12:19:11.960, 7, 18180, 100
2026/09/29 12:19:12.960, 0, 18472, 100
2026/09/29 12:19:12.960, 1, 18180, 100
2026/09/29 12:19:12.960, 2, 18180, 100
2026/09/29 12:19:12.960, 3, 18180, 100
2026/09/29 12:19:12.960, 4, 18180, 100
2026/09/29 12:19:12.960, 5, 18180, 100
2026/09/29 12:19:12.960, 6, 18460, 100
2026/09/29 12:19:12.960, 7, 18180, 100
2026/09/29 12:19:13.961, 0, 18472, 100
2026/09/29 12:19:13.961, 1, 18180, 100
2026/09/29 12:19:13.961, 2, 18180, 100
2026/09/29 12:19:13.961, 3, 18180, 100
2026/09/29 12:19:13.961, 4, 18180, 100
2026/09/29 12:19:13.961, 5, 18180, 100
2026/09/29 12:19:13.961, 6, 18460, 96
2026/09/29 12:19:13.961, 7, 18180, 100
2026/09/29 12:19:14.961, 0, 18472, 100
2026/09/29 12:19:14.961, 1, 18180, 100
2026/09/29 12:19:14.961, 2, 18180, 100
2026/09/29 12:19:14.961, 3, 18180, 100
2026/09/29 12:19:14.961, 4, 18180, 100
2026/09/29 12:19:14.961, 5, 18180, 100
2026/09/29 12:19:14.961, 6, 18460, 100
2026/09/29 12:19:14.961, 7, 18180, 100
2026/09/29 12:19:15.961, 0, 18472, 100
2026/09/29 12:19:15.962, 1, 18180, 100
2026/09/29 12:19:15.962, 2, 18180, 100
2026/09/29 12:19:15.962, 3, 18180, 100
2026/09/29 12:19:15.962, 4, 18180, 100
2026/09/29 12:19:15.962, 5, 18180, 100
2026/09/29 12:19:15.962, 6, 18460, 100
2026/09/29 12:19:15.962, 7, 18180, 100
2026/09/29 12:19:16.962, 0, 18472, 100
2026/09/29 12:19:16.962, 1, 18180, 100
2026/09/29 12:19:16.962, 2, 18180, 100
2026/09/29 12:19:16.962, 3, 18180, 100
2026/09/29 12:19:16.962, 4, 18180, 100
2026/09/29 12:19:16.962, 5, 18180, 99
2026/09/29 12:19:16.962, 6, 18460, 100
2026/09/29 12:19:16.962, 7, 18180, 100
2026/09/29 12:19:17.962, 0, 18472, 100
2026/09/29 12:19:17.963, 1, 18180, 100
2026/09/29 12:19:17.963, 2, 18180, 100
2026/09/29 12:19:17.963, 3, 18180, 100
2026/09/29 12:19:17.963, 4, 18180, 100
2026/09/29 12:19:17.963, 5, 18180, 100
2026/09/29 12:19:17.963, 6, 18460, 100
2026/09/29 12:19:17.963, 7, 18180, 100
2026/09/29 12:19:18.963, 0, 18472, 100
2026/09/29 12:19:18.963, 1, 18180, 100
2026/09/29 12:19:18.963, 2, 18180, 100
2026/09/29 12:19:18.963, 3, 18180, 100
2026/09/29 12:19:18.963, 4, 18180, 100
2026/09/29 12:19:18.963, 5, 18180, 100
2026/09/29 12:19:18.963, 6, 18460, 97
2026/09/29 12:19:18.963, 7, 18180, 100
2026/09/29 12:19:19.963, 0, 18472, 100
2026/09/29 12:19:19.963, 1, 18180, 100
2026/09/29 12:19:19.964, 2, 18180, 100
2026/09/29 12:19:19.964, 3, 18180, 100
2026/09/29 12:19:19.964, 4, 18180, 100
2026/09/29 12:19:19.964, 5, 18180, 100
2026/09/29 12:19:19.964, 6, 18460, 100
2026/09/29 12:19:19.964, 7, 18180, 100
2026/09/29 12:19:20.964, 0, 18472, 100
2026/09/29 12:19:20.964, 1, 18180, 100
2026/09/29 12:19:20.964, 2, 18180, 100
2026/09/29 12:19:20.964, 3, 18180, 100
2026/09/29 12:19:20.964, 4, 18180, 100
2026/09/29 12:19:20.964, 5, 18180, 100
2026/09/29 12:19:20.964, 6, 18460, 100
2026/09/29 12:19:20.964, 7, 18180, 100
2026/09/29 12:19:21.964, 0, 18472, 100
2026/09/29 12:19:21.964, 1, 18180, 100
2026/09/29 12:19:21.964, 2, 18180, 100
2026/09/29 12:19:21.964, 3, 18180, 100
2026/09/29 12:19:21.964, 4, 18180, 100
2026/09/29 12:19:21.965, 5, 18180, 100
2026/09/29 12:19:21.965, 6, 18460, 100
2026/09/29 12:19:21.965, 7, 18180, 100
2026/09/29 12:19:22.965, 0, 18472, 100
2026/09/29 12:19:22.965, 1, 18180, 100
2026/09/29 12:19:22.965, 2, 18180, 100
2026/09/29 12:19:22.965, 3, 18180, 100
2026/09/29 12:19:22.965, 4, 18180, 100
2026/09/29 12:19:22.965, 5, 18180, 100
2026/09/29 12:19:22.965, 6, 18460, 100
2026/09/29 12:19:22.965, 7, 18180, 100
2026/09/29 12:19:23.965, 0, 18472, 100
2026/09/29 12:19:23.965, 1, 18180, 100
2026/09/29 12:19:23.966, 2, 18180, 100
2026/09/29 12:19:23.966, 3, 18180, 100
2026/09/29 12:19:23.966, 4, 18180, 100
2026/09/29 12:19:23.966, 5, 18180, 100
2026/09/29 12:19:23.966, 6, 18460, 99
2026/09/29 12:19:23.966, 7, 18180, 100
2026/09/29 12:19:24.966, 0, 18472, 100
2026/09/29 12:19:24.966, 1, 18180, 100
2026/09/29 12:19:24.966, 2, 18180, 100
2026/09/29 12:19:24.966, 3, 18180, 100
2026/09/29 12:19:24.966, 4, 18180, 100
2026/09/29 12:19:24.966, 5, 18180, 100
2026/09/29 12:19:24.967, 6, 18460, 100
2026/09/29 12:19:24.967, 7, 18180, 100
2026/09/29 12:19:25.967, 0, 18472, 100
2026/09/29 12:19:25.967, 1, 18180, 100
2026/09/29 12:19:25.967, 2, 18180, 100
2026/09/29 12:19:25.967, 3, 18180, 100
2026/09/29 12:19:25.967, 4, 18180, 100
2026/09/29 12:19:25.967, 5, 18180, 100
2026/09/29 12:19:25.967, 6, 18460, 100
2026/09/29 12:19:25.967, 7, 18180, 100
2026/09/29 12:19:26.967, 0, 18472, 100
2026/09/29 12:19:26.967, 1, 18180, 100
2026/09/29 12:19:26.967, 2, 18180, 100
2026/09/29 12:19:26.968, 3, 18180, 100
2026/09/29 12:19:26.968, 4, 18180, 100
2026/09/29 12:19:26.968, 5, 18180, 100
2026/09/29 12:19:26.968, 6, 18460, 100
2026/09/29 12:19:26.968, 7, 18180, 100
2026/09/29 12:19:27.968, 0, 18472, 100
2026/09/29 12:19:27.968, 1, 18180, 100
2026/09/29 12:19:27.968, 2, 18180, 100
2026/09/29 12:19:27.968, 3, 18180, 100
2026/09/29 12:19:27.968, 4, 18180, 100
2026/09/29 12:19:27.968, 5, 18180, 100
2026/09/29 12:19:27.968, 6, 18460, 100
2026/09/29 12:19:27.968, 7, 18180, 100
2026/09/29 12:19:28.969, 0, 18472, 100
2026/09/29 12:19:28.969, 1, 18180, 100
2026/09/29 12:19:28.969, 2, 18180, 100
2026/09/29 12:19:28.969, 3, 18180, 100
2026/09/29 12:19:28.969, 4, 18180, 100
2026/09/29 12:19:28.969, 5, 18180, 100
2026/09/29 12:19:28.969, 6, 18460, 100
2026/09/29 12:19:28.969, 7, 18180, 100
2026/09/29 12:19:29.969, 0, 18472, 100
2026/09/29 12:19:29.969, 1, 18180, 100
2026/09/29 12:19:29.969, 2, 18180, 100
2026/09/29 12:19:29.970, 3, 18180, 100
2026/09/29 12:19:29.970, 4, 18180, 100
2026/09/29 12:19:29.970, 5, 18180, 100
2026/09/29 12:19:29.970, 6, 18460, 100
2026/09/29 12:19:29.970, 7, 18180, 100
2026/09/29 12:19:30.970, 0, 18472, 100
2026/09/29 12:19:30.970, 1, 18180, 100
2026/09/29 12:19:30.970, 2, 18180, 100
2026/09/29 12:19:30.970, 3, 18180, 100
2026/09/29 12:19:30.970, 4, 18180, 100
2026/09/29 12:19:30.970, 5, 18180, 100
2026/09/29 12:19:30.970, 6, 18460, 100
2026/09/29 12:19:30.970, 7, 18180, 100
2026/09/29 12:19:31.971, 0, 18472, 100
2026/09/29 12:19:31.971, 1, 18180, 100
2026/09/29 12:19:31.971, 2, 18180, 100
2026/09/29 12:19:31.971, 3, 18180, 100
2026/09/29 12:19:31.971, 4, 18180, 100
2026/09/29 12:19:31.971, 5, 18180, 100
2026/09/29 12:19:31.971, 6, 18460, 99
2026/09/29 12:19:31.971, 7, 18180, 100
2026/09/29 12:19:32.971, 0, 18472, 100
2026/09/29 12:19:32.971, 1, 18180, 100
2026/09/29 12:19:32.971, 2, 18180, 100
2026/09/29 12:19:32.971, 3, 18180, 100
2026/09/29 12:19:32.972, 4, 18180, 100
2026/09/29 12:19:32.972, 5, 18180, 100
2026/09/29 12:19:32.972, 6, 18460, 100
2026/09/29 12:19:32.972, 7, 18180, 100
2026/09/29 12:19:33.972, 0, 18472, 100
2026/09/29 12:19:33.972, 1, 18180, 100
2026/09/29 12:19:33.972, 2, 18180, 100
2026/09/29 12:19:33.972, 3, 18180, 100
2026/09/29 12:19:33.972, 4, 18180, 100
2026/09/29 12:19:33.972, 5, 18180, 100
2026/09/29 12:19:33.972, 6, 18460, 100
2026/09/29 12:19:33.972, 7, 18180, 100
2026/09/29 12:19:34.972, 0, 18472, 100
2026/09/29 12:19:34.973, 1, 18180, 100
2026/09/29 12:19:34.973, 2, 18180, 100
2026/09/29 12:19:34.973, 3, 18180, 100
2026/09/29 12:19:34.973, 4, 18180, 100
2026/09/29 12:19:34.973, 5, 18180, 100
2026/09/29 12:19:34.973, 6, 18460, 100
2026/09/29 12:19:34.973, 7, 18180, 100
2026/09/29 12:19:35.973, 0, 18472, 100
2026/09/29 12:19:35.973, 1, 18180, 100
2026/09/29 12:19:35.973, 2, 18180, 100
2026/09/29 12:19:35.973, 3, 18180, 100
2026/09/29 12:19:35.973, 4, 18180, 100
2026/09/29 12:19:35.973, 5, 18180, 100
2026/09/29 12:19:35.974, 6, 18460, 100
2026/09/29 12:19:35.974, 7, 18180, 100
2026/09/29 12:19:36.974, 0, 18472, 100
2026/09/29 12:19:36.974, 1, 18180, 100
2026/09/29 12:19:36.974, 2, 18180, 100
2026/09/29 12:19:36.974, 3, 18180, 100
2026/09/29 12:19:36.974, 4, 18180, 100
2026/09/29 12:19:36.974, 5, 18180, 100
2026/09/29 12:19:36.974, 6, 18460, 100
2026/09/29 12:19:36.974, 7, 18180, 100
2026/09/29 12:19:37.974, 0, 18472, 100
2026/09/29 12:19:37.975, 1, 18180, 100
2026/09/29 12:19:37.975, 2, 18180, 100
2026/09/29 12:19:37.975, 3, 18180, 100
2026/09/29 12:19:37.975, 4, 18180, 100
2026/09/29 12:19:37.975, 5, 18180, 100
2026/09/29 12:19:37.975, 6, 18460, 100
2026/09/29 12:19:37.975, 7, 18180, 100
2026/09/29 12:19:38.975, 0, 18472, 100
2026/09/29 12:19:38.975, 1, 18180, 100
2026/09/29 12:19:38.975, 2, 18180, 100
2026/09/29 12:19:38.975, 3, 18180, 100
2026/09/29 12:19:38.975, 4, 18180, 100
2026/09/29 12:19:38.975, 5, 18180, 100
2026/09/29 12:19:38.976, 6, 18460, 100
2026/09/29 12:19:38.976, 7, 18180, 100
2026/09/29 12:19:39.976, 0, 18472, 100
2026/09/29 12:19:39.976, 1, 18180, 100
2026/09/29 12:19:39.976, 2, 18180, 100
2026/09/29 12:19:39.976, 3, 18180, 100
2026/09/29 12:19:39.976, 4, 18180, 100
2026/09/29 12:19:39.976, 5, 18180, 100
2026/09/29 12:19:39.976, 6, 18460, 100
2026/09/29 12:19:39.976, 7, 18180, 100
2026/09/29 12:19:40.976, 0, 18472, 100
2026/09/29 12:19:40.977, 1, 18180, 100
2026/09/29 12:19:40.977, 2, 18180, 100
2026/09/29 12:19:40.977, 3, 18180, 100
2026/09/29 12:19:40.977, 4, 18180, 100
2026/09/29 12:19:40.977, 5, 18180, 100
2026/09/29 12:19:40.977, 6, 18460, 100
2026/09/29 12:19:40.977, 7, 18180, 100
2026/09/29 12:19:41.977, 0, 18472, 100
2026/09/29 12:19:41.977, 1, 18180, 100
2026/09/29 12:19:41.977, 2, 18180, 100
2026/09/29 12:19:41.977, 3, 18180, 100
2026/09/29 12:19:41.977, 4, 18180, 100
2026/09/29 12:19:41.977, 5, 18180, 100
2026/09/29 12:19:41.978, 6, 18460, 100
2026/09/29 12:19:41.978, 7, 18180, 100
2026/09/29 12:19:42.978, 0, 18472, 100
2026/09/29 12:19:42.978, 1, 18180, 100
2026/09/29 12:19:42.978, 2, 18180, 100
2026/09/29 12:19:42.978, 3, 18180, 100
2026/09/29 12:19:42.978, 4, 18180, 100
2026/09/29 12:19:42.978, 5, 18180, 100
2026/09/29 12:19:42.978, 6, 18460, 100
2026/09/29 12:19:42.978, 7, 18180, 100
2026/09/29 12:19:43.978, 0, 18472, 100
2026/09/29 12:19:43.979, 1, 18180, 100
2026/09/29 12:19:43.979, 2, 18180, 100
2026/09/29 12:19:43.979, 3, 18180, 100
2026/09/29 12:19:43.979, 4, 18180, 99
2026/09/29 12:19:43.979, 5, 18180, 100
2026/09/29 12:19:43.979, 6, 18460, 100
2026/09/29 12:19:43.979, 7, 18180, 100
2026/09/29 12:19:44.979, 0, 18472, 100
2026/09/29 12:19:44.979, 1, 18180, 100
2026/09/29 12:19:44.979, 2, 18180, 100
2026/09/29 12:19:44.979, 3, 18180, 100
2026/09/29 12:19:44.979, 4, 18180, 100
2026/09/29 12:19:44.979, 5, 18180, 100
2026/09/29 12:19:44.979, 6, 18460, 100
2026/09/29 12:19:44.980, 7, 18180, 100
2026/09/29 12:19:45.980, 0, 18472, 100
2026/09/29 12:19:45.980, 1, 18180, 100
2026/09/29 12:19:45.980, 2, 18180, 100
2026/09/29 12:19:45.980, 3, 18180, 100
2026/09/29 12:19:45.980, 4, 18180, 100
2026/09/29 12:19:45.980, 5, 18180, 100
2026/09/29 12:19:45.980, 6, 18460, 100
2026/09/29 12:19:45.980, 7, 18180, 100
2026/09/29 12:19:46.980, 0, 18472, 100
2026/09/29 12:19:46.980, 1, 18180, 100
2026/09/29 12:19:46.980, 2, 18180, 100
2026/09/29 12:19:46.981, 3, 18180, 100
2026/09/29 12:19:46.981, 4, 18180, 100
2026/09/29 12:19:46.981, 5, 18180, 100
2026/09/29 12:19:46.981, 6, 18460, 100
2026/09/29 12:19:46.981, 7, 18180, 100
2026/09/29 12:19:47.981, 0, 18472, 100
2026/09/29 12:19:47.981, 1, 18180, 100
2026/09/29 12:19:47.981, 2, 18180, 100
2026/09/29 12:19:47.981, 3, 18180, 100
2026/09/29 12:19:47.981, 4, 18180, 100
2026/09/29 12:19:47.981, 5, 18180, 100
2026/09/29 12:19:47.981, 6, 18460, 100
2026/09/29 12:19:47.981, 7, 18180, 100
2026/09/29 12:19:48.981, 0, 18472, 100
2026/09/29 12:19:48.982, 1, 18180, 100
2026/09/29 12:19:48.982, 2, 18180, 100
2026/09/29 12:19:48.982, 3, 18180, 100
2026/09/29 12:19:48.982, 4, 18180, 100
2026/09/29 12:19:48.982, 5, 18180, 100
2026/09/29 12:19:48.982, 6, 18460, 100
2026/09/29 12:19:48.982, 7, 18180, 100
2026/09/29 12:19:49.982, 0, 18472, 100
2026/09/29 12:19:49.982, 1, 18180, 100
2026/09/29 12:19:49.982, 2, 18180, 100
2026/09/29 12:19:49.982, 3, 18180, 100
2026/09/29 12:19:49.982, 4, 18180, 100
2026/09/29 12:19:49.982, 5, 18180, 100
2026/09/29 12:19:49.982, 6, 18460, 100
2026/09/29 12:19:49.982, 7, 18180, 100
2026/09/29 12:19:50.983, 0, 18472, 100
2026/09/29 12:19:50.983, 1, 18180, 100
2026/09/29 12:19:50.983, 2, 18180, 100
2026/09/29 12:19:50.983, 3, 18180, 100
2026/09/29 12:19:50.983, 4, 18180, 100
2026/09/29 12:19:50.983, 5, 18180, 100
2026/09/29 12:19:50.983, 6, 18460, 100
2026/09/29 12:19:50.983, 7, 18180, 100
2026/09/29 12:19:51.983, 0, 18472, 100
2026/09/29 12:19:51.983, 1, 18180, 100
2026/09/29 12:19:51.983, 2, 18180, 100
2026/09/29 12:19:51.984, 3, 18180, 100
2026/09/29 12:19:51.984, 4, 18180, 100
2026/09/29 12:19:51.984, 5, 18180, 100
2026/09/29 12:19:51.984, 6, 18460, 100
2026/09/29 12:19:51.984, 7, 18180, 100
2026/09/29 12:19:52.984, 0, 18472, 100
2026/09/29 12:19:52.984, 1, 18180, 100
2026/09/29 12:19:52.984, 2, 18180, 100
2026/09/29 12:19:52.984, 3, 18180, 100
2026/09/29 12:19:52.984, 4, 18180, 100
2026/09/29 12:19:52.984, 5, 18180, 100
2026/09/29 12:19:52.984, 6, 18460, 100
2026/09/29 12:19:52.984, 7, 18180, 100
2026/09/29 12:19:53.985, 0, 18472, 100
2026/09/29 12:19:53.985, 1, 18180, 100
2026/09/29 12:19:53.985, 2, 18180, 100
2026/09/29 12:19:53.985, 3, 18180, 100
2026/09/29 12:19:53.985, 4, 18180, 100
2026/09/29 12:19:53.985, 5, 18180, 100
2026/09/29 12:19:53.985, 6, 18460, 100
2026/09/29 12:19:53.985, 7, 18180, 100
2026/09/29 12:19:54.985, 0, 18472, 100
2026/09/29 12:19:54.985, 1, 18180, 100
2026/09/29 12:19:54.985, 2, 18180, 100
2026/09/29 12:19:54.986, 3, 18180, 100
2026/09/29 12:19:54.986, 4, 18180, 100
2026/09/29 12:19:54.986, 5, 18180, 100
2026/09/29 12:19:54.986, 6, 18460, 100
2026/09/29 12:19:54.986, 7, 18180, 100
2026/09/29 12:19:55.986, 0, 18472, 100
2026/09/29 12:19:55.986, 1, 18180, 100
2026/09/29 12:19:55.986, 2, 18180, 100
2026/09/29 12:19:55.986, 3, 18180, 100
2026/09/29 12:19:55.986, 4, 18180, 100
2026/09/29 12:19:55.986, 5, 18180, 100
2026/09/29 12:19:55.986, 6, 18460, 100
2026/09/29 12:19:55.986, 7, 18180, 100
2026/09/29 12:19:56.987, 0, 18472, 100
2026/09/29 12:19:56.987, 1, 18180, 100
2026/09/29 12:19:56.987, 2, 18180, 100
2026/09/29 12:19:56.987, 3, 18180, 100
2026/09/29 12:19:56.987, 4, 18180, 100
2026/09/29 12:19:56.987, 5, 18180, 100
2026/09/29 12:19:56.987, 6, 18460, 100
2026/09/29 12:19:56.987, 7, 18180, 100
2026/09/29 12:19:57.987, 0, 18472, 100
2026/09/29 12:19:57.987, 1, 18180, 100
2026/09/29 12:19:57.987, 2, 18180, 100
2026/09/29 12:19:57.987, 3, 18180, 100
2026/09/29 12:19:57.987, 4, 18180, 100
2026/09/29 12:19:57.987, 5, 18180, 100
2026/09/29 12:19:57.987, 6, 18460, 100
2026/09/29 12:19:57.988, 7, 18180, 100
2026/09/29 12:19:58.988, 0, 18472, 100
2026/09/29 12:19:58.988, 1, 18180, 100
2026/09/29 12:19:58.988, 2, 18180, 100
2026/09/29 12:19:58.988, 3, 18180, 100
2026/09/29 12:19:58.988, 4, 18180, 98
2026/09/29 12:19:58.988, 5, 18180, 100
2026/09/29 12:19:58.988, 6, 18460, 100
2026/09/29 12:19:58.988, 7, 18180, 100
2026/09/29 12:19:59.988, 0, 18472, 100
2026/09/29 12:19:59.988, 1, 18180, 100
2026/09/29 12:19:59.988, 2, 18180, 100
2026/09/29 12:19:59.988, 3, 18180, 100
2026/09/29 12:19:59.988, 4, 18180, 100
2026/09/29 12:19:59.989, 5, 18180, 100
2026/09/29 12:19:59.989, 6, 18460, 100
2026/09/29 12:19:59.989, 7, 18180, 100
2026/09/29 12:20:00.989, 0, 18472, 100
2026/09/29 12:20:00.989, 1, 18180, 100
2026/09/29 12:20:00.989, 2, 18180, 100
2026/09/29 12:20:00.989, 3, 18180, 100
2026/09/29 12:20:00.989, 4, 18180, 100
2026/09/29 12:20:00.989, 5, 18180, 100
2026/09/29 12:20:00.989, 6, 18460, 100
2026/09/29 12:20:00.989, 7, 18180, 100
2026/09/29 12:20:01.990, 0, 18472, 100
2026/09/29 12:20:01.990, 1, 18180, 100
2026/09/29 12:20:01.990, 2, 18180, 100
2026/09/29 12:20:01.990, 3, 18180, 100
2026/09/29 12:20:01.990, 4, 18180, 100
2026/09/29 12:20:01.990, 5, 18180, 100
2026/09/29 12:20:01.990, 6, 18460, 100
2026/09/29 12:20:01.990, 7, 18180, 100
2026/09/29 12:20:02.990, 0, 18472, 100
2026/09/29 12:20:02.990, 1, 18180, 100
2026/09/29 12:20:02.990, 2, 18180, 100
2026/09/29 12:20:02.991, 3, 18180, 100
2026/09/29 12:20:02.991, 4, 18180, 100
2026/09/29 12:20:02.991, 5, 18180, 100
2026/09/29 12:20:02.991, 6, 18460, 100
2026/09/29 12:20:02.991, 7, 18180, 100
2026/09/29 12:20:03.991, 0, 18472, 100
2026/09/29 12:20:03.991, 1, 18180, 100
2026/09/29 12:20:03.991, 2, 18180, 100
2026/09/29 12:20:03.991, 3, 18180, 100
2026/09/29 12:20:03.991, 4, 18180, 93
2026/09/29 12:20:03.991, 5, 18180, 100
2026/09/29 12:20:03.991, 6, 18460, 100
2026/09/29 12:20:03.991, 7, 18180, 99
2026/09/29 12:20:04.992, 0, 18472, 100
2026/09/29 12:20:04.992, 1, 18180, 100
2026/09/29 12:20:04.992, 2, 18180, 100
2026/09/29 12:20:04.992, 3, 18180, 100
2026/09/29 12:20:04.992, 4, 18180, 100
2026/09/29 12:20:04.992, 5, 18180, 100
2026/09/29 12:20:04.992, 6, 18460, 100
2026/09/29 12:20:04.992, 7, 18180, 100
2026/09/29 12:20:05.992, 0, 18472, 100
2026/09/29 12:20:05.992, 1, 18180, 100
2026/09/29 12:20:05.993, 2, 18180, 100
2026/09/29 12:20:05.993, 3, 18180, 100
2026/09/29 12:20:05.993, 4, 18180, 100
2026/09/29 12:20:05.993, 5, 18180, 97
2026/09/29 12:20:05.993, 6, 18460, 100
2026/09/29 12:20:05.993, 7, 18180, 100
2026/09/29 12:20:06.993, 0, 18472, 100
2026/09/29 12:20:06.993, 1, 18180, 100
2026/09/29 12:20:06.993, 2, 18180, 100
2026/09/29 12:20:06.993, 3, 18180, 100
2026/09/29 12:20:06.993, 4, 18180, 100
2026/09/29 12:20:06.993, 5, 18180, 100
2026/09/29 12:20:06.993, 6, 18460, 100
2026/09/29 12:20:06.993, 7, 18180, 100
2026/09/29 12:20:07.994, 0, 18472, 100
2026/09/29 12:20:07.994, 1, 18180, 100
2026/09/29 12:20:07.994, 2, 18180, 100
2026/09/29 12:20:07.994, 3, 18180, 100
2026/09/29 12:20:07.994, 4, 18180, 100
2026/09/29 12:20:07.994, 5, 18180, 100
2026/09/29 12:20:07.994, 6, 18460, 100
2026/09/29 12:20:07.994, 7, 18180, 100
2026/09/29 12:20:08.994, 0, 18472, 100
2026/09/29 12:20:08.995, 1, 18180, 100
2026/09/29 12:20:08.995, 2, 18180, 100
2026/09/29 12:20:08.995, 3, 18180, 100
2026/09/29 12:20:08.995, 4, 18180, 94
2026/09/29 12:20:08.995, 5, 18180, 100
2026/09/29 12:20:08.995, 6, 18460, 100
2026/09/29 12:20:08.995, 7, 18180, 100
2026/09/29 12:20:09.995, 0, 18472, 100
2026/09/29 12:20:09.995, 1, 18180, 100
2026/09/29 12:20:09.995, 2, 18180, 100
2026/09/29 12:20:09.995, 3, 18180, 100
2026/09/29 12:20:09.995, 4, 18180, 100
2026/09/29 12:20:09.995, 5, 18180, 100
2026/09/29 12:20:09.995, 6, 18460, 100
2026/09/29 12:20:09.995, 7, 18180, 100
2026/09/29 12:20:10.995, 0, 18472, 100
2026/09/29 12:20:10.996, 1, 18180, 100
2026/09/29 12:20:10.996, 2, 18180, 100
2026/09/29 12:20:10.996, 3, 18180, 100
2026/09/29 12:20:10.996, 4, 18180, 100
2026/09/29 12:20:10.996, 5, 18180, 100
2026/09/29 12:20:10.996, 6, 18460, 100
2026/09/29 12:20:10.996, 7, 18180, 100
2026/09/29 12:20:11.996, 0, 18472, 100
2026/09/29 12:20:11.996, 1, 18180, 100
2026/09/29 12:20:11.996, 2, 18180, 100
2026/09/29 12:20:11.996, 3, 18180, 100
2026/09/29 12:20:11.996, 4, 18180, 100
2026/09/29 12:20:11.996, 5, 18180, 100
2026/09/29 12:20:11.997, 6, 18460, 100
2026/09/29 12:20:11.997, 7, 18180, 100
2026/09/29 12:20:12.997, 0, 18472, 100
2026/09/29 12:20:12.997, 1, 18180, 100
2026/09/29 12:20:12.997, 2, 18180, 99
2026/09/29 12:20:12.997, 3, 18180, 100
2026/09/29 12:20:12.997, 4, 18180, 100
2026/09/29 12:20:12.997, 5, 18180, 100
2026/09/29 12:20:12.997, 6, 18460, 100
2026/09/29 12:20:12.997, 7, 18180, 100
2026/09/29 12:20:13.997, 0, 18472, 100
2026/09/29 12:20:13.998, 1, 18180, 100
2026/09/29 12:20:13.998, 2, 18180, 100
2026/09/29 12:20:13.998, 3, 18180, 100
2026/09/29 12:20:13.998, 4, 18180, 94
2026/09/29 12:20:13.998, 5, 18180, 100
2026/09/29 12:20:13.998, 6, 18460, 100
2026/09/29 12:20:13.998, 7, 18180, 98
2026/09/29 12:20:14.998, 0, 18472, 100
2026/09/29 12:20:14.998, 1, 18180, 100
2026/09/29 12:20:14.998, 2, 18180, 100
2026/09/29 12:20:14.998, 3, 18180, 100
2026/09/29 12:20:14.998, 4, 18180, 100
2026/09/29 12:20:14.998, 5, 18180, 100
2026/09/29 12:20:14.998, 6, 18460, 100
2026/09/29 12:20:14.999, 7, 18180, 100
2026/09/29 12:20:15.999, 0, 18472, 100
2026/09/29 12:20:15.999, 1, 18180, 100
2026/09/29 12:20:15.999, 2, 18180, 100
2026/09/29 12:20:15.999, 3, 18180, 100
2026/09/29 12:20:15.999, 4, 18180, 100
2026/09/29 12:20:15.999, 5, 18180, 100
2026/09/29 12:20:15.999, 6, 18460, 100
2026/09/29 12:20:15.999, 7, 18180, 100
2026/09/29 12:20:16.999, 0, 18472, 100
2026/09/29 12:20:16.999, 1, 18180, 100
2026/09/29 12:20:17.000, 2, 18180, 100
2026/09/29 12:20:17.000, 3, 18180, 100
2026/09/29 12:20:17.000, 4, 18180, 100
2026/09/29 12:20:17.000, 5, 18180, 100
2026/09/29 12:20:17.000, 6, 18460, 100
2026/09/29 12:20:17.000, 7, 18180, 100
2026/09/29 12:20:18.000, 0, 18472, 100
2026/09/29 12:20:18.000, 1, 18180, 100
2026/09/29 12:20:18.000, 2, 18180, 100
2026/09/29 12:20:18.000, 3, 18180, 100
2026/09/29 12:20:18.000, 4, 18180, 100
2026/09/29 12:20:18.000, 5, 18180, 100
2026/09/29 12:20:18.000, 6, 18460, 100
2026/09/29 12:20:18.000, 7, 18180, 100
2026/09/29 12:20:19.000, 0, 18472, 100
2026/09/29 12:20:19.001, 1, 18180, 100
2026/09/29 12:20:19.001, 2, 18180, 100
2026/09/29 12:20:19.001, 3, 18180, 100
2026/09/29 12:20:19.001, 4, 18180, 92
2026/09/29 12:20:19.001, 5, 18180, 100
2026/09/29 12:20:19.001, 6, 18460, 100
2026/09/29 12:20:19.001, 7, 18180, 98
2026/09/29 12:20:20.001, 0, 18472, 100
2026/09/29 12:20:20.001, 1, 18180, 100
2026/09/29 12:20:20.001, 2, 18180, 100
2026/09/29 12:20:20.001, 3, 18180, 100
2026/09/29 12:20:20.002, 4, 18180, 100
2026/09/29 12:20:20.002, 5, 18180, 100
2026/09/29 12:20:20.002, 6, 18460, 100
2026/09/29 12:20:20.002, 7, 18180, 100
2026/09/29 12:20:21.002, 0, 18472, 100
2026/09/29 12:20:21.002, 1, 18180, 100
2026/09/29 12:20:21.002, 2, 18180, 100
2026/09/29 12:20:21.002, 3, 18180, 100
2026/09/29 12:20:21.002, 4, 18180, 100
2026/09/29 12:20:21.002, 5, 18180, 100
2026/09/29 12:20:21.002, 6, 18460, 100
2026/09/29 12:20:21.002, 7, 18180, 100
2026/09/29 12:20:22.002, 0, 18472, 100
2026/09/29 12:20:22.003, 1, 18180, 100
2026/09/29 12:20:22.003, 2, 18180, 100
2026/09/29 12:20:22.003, 3, 18180, 100
2026/09/29 12:20:22.003, 4, 18180, 100
2026/09/29 12:20:22.003, 5, 18180, 100
2026/09/29 12:20:22.003, 6, 18460, 100
2026/09/29 12:20:22.003, 7, 18180, 100
2026/09/29 12:20:23.003, 0, 18472, 100
2026/09/29 12:20:23.003, 1, 18180, 100
2026/09/29 12:20:23.003, 2, 18180, 100
2026/09/29 12:20:23.003, 3, 18180, 100
2026/09/29 12:20:23.003, 4, 18180, 100
2026/09/29 12:20:23.004, 5, 18180, 100
2026/09/29 12:20:23.004, 6, 18460, 100
2026/09/29 12:20:23.004, 7, 18180, 100
2026/09/29 12:20:24.004, 0, 18472, 100
2026/09/29 12:20:24.004, 1, 18180, 100
2026/09/29 12:20:24.004, 2, 18180, 100
2026/09/29 12:20:24.004, 3, 18180, 100
2026/09/29 12:20:24.004, 4, 18180, 93
2026/09/29 12:20:24.004, 5, 18180, 100
2026/09/29 12:20:24.004, 6, 18460, 100
2026/09/29 12:20:24.004, 7, 18180, 94
2026/09/29 12:20:25.004, 0, 18472, 100
2026/09/29 12:20:25.005, 1, 18180, 100
2026/09/29 12:20:25.005, 2, 18180, 100
2026/09/29 12:20:25.005, 3, 18180, 100
2026/09/29 12:20:25.005, 4, 18180, 100
2026/09/29 12:20:25.005, 5, 18180, 100
2026/09/29 12:20:25.005, 6, 18460, 100
2026/09/29 12:20:25.005, 7, 18180, 100
2026/09/29 12:20:26.005, 0, 18472, 100
2026/09/29 12:20:26.005, 1, 18180, 100
2026/09/29 12:20:26.005, 2, 18180, 100
2026/09/29 12:20:26.005, 3, 18180, 100
2026/09/29 12:20:26.005, 4, 18180, 100
2026/09/29 12:20:26.006, 5, 18180, 100
2026/09/29 12:20:26.006, 6, 18460, 100
2026/09/29 12:20:26.006, 7, 18180, 100
2026/09/29 12:20:27.006, 0, 18472, 100
2026/09/29 12:20:27.006, 1, 18180, 100
2026/09/29 12:20:27.006, 2, 18180, 100
2026/09/29 12:20:27.006, 3, 18180, 100
2026/09/29 12:20:27.006, 4, 18180, 100
2026/09/29 12:20:27.006, 5, 18180, 100
2026/09/29 12:20:27.006, 6, 18460, 100
2026/09/29 12:20:27.006, 7, 18180, 100
2026/09/29 12:20:28.006, 0, 18472, 100
2026/09/29 12:20:28.007, 1, 18180, 100
2026/09/29 12:20:28.007, 2, 18180, 100
2026/09/29 12:20:28.007, 3, 18180, 100
2026/09/29 12:20:28.007, 4, 18180, 100
2026/09/29 12:20:28.007, 5, 18180, 100
2026/09/29 12:20:28.007, 6, 18460, 100
2026/09/29 12:20:28.007, 7, 18180, 100
2026/09/29 12:20:29.007, 0, 18472, 100
2026/09/29 12:20:29.007, 1, 18180, 100
2026/09/29 12:20:29.007, 2, 18180, 100
2026/09/29 12:20:29.007, 3, 18180, 100
2026/09/29 12:20:29.007, 4, 18180, 94
2026/09/29 12:20:29.008, 5, 18180, 100
2026/09/29 12:20:29.008, 6, 18460, 100
2026/09/29 12:20:29.008, 7, 18180, 94
2026/09/29 12:20:30.008, 0, 18472, 100
2026/09/29 12:20:30.008, 1, 18180, 100
2026/09/29 12:20:30.008, 2, 18180, 100
2026/09/29 12:20:30.008, 3, 18180, 100
2026/09/29 12:20:30.008, 4, 18180, 100
2026/09/29 12:20:30.008, 5, 18180, 100
2026/09/29 12:20:30.008, 6, 18460, 100
2026/09/29 12:20:30.008, 7, 18180, 100
2026/09/29 12:20:31.008, 0, 18472, 100
2026/09/29 12:20:31.008, 1, 18180, 100
2026/09/29 12:20:31.008, 2, 18180, 100
2026/09/29 12:20:31.008, 3, 18180, 100
2026/09/29 12:20:31.009, 4, 18180, 100
2026/09/29 12:20:31.009, 5, 18180, 100
2026/09/29 12:20:31.009, 6, 18460, 100
2026/09/29 12:20:31.009, 7, 18180, 100
2026/09/29 12:20:32.009, 0, 18472, 100
2026/09/29 12:20:32.009, 1, 18180, 100
2026/09/29 12:20:32.009, 2, 18180, 100
2026/09/29 12:20:32.009, 3, 18180, 100
2026/09/29 12:20:32.009, 4, 18180, 100
2026/09/29 12:20:32.009, 5, 18180, 100
2026/09/29 12:20:32.009, 6, 18460, 100
2026/09/29 12:20:32.009, 7, 18180, 100
2026/09/29 12:20:33.010, 0, 18472, 100
2026/09/29 12:20:33.010, 1, 18180, 100
2026/09/29 12:20:33.010, 2, 18180, 100
2026/09/29 12:20:33.010, 3, 18180, 100
2026/09/29 12:20:33.010, 4, 18180, 100
2026/09/29 12:20:33.010, 5, 18180, 100
2026/09/29 12:20:33.010, 6, 18460, 100
2026/09/29 12:20:33.010, 7, 18180, 100
2026/09/29 12:20:34.010, 0, 18472, 100
2026/09/29 12:20:34.010, 1, 18180, 100
2026/09/29 12:20:34.010, 2, 18180, 100
2026/09/29 12:20:34.011, 3, 18180, 100
2026/09/29 12:20:34.011, 4, 18180, 99
2026/09/29 12:20:34.011, 5, 18180, 100
2026/09/29 12:20:34.011, 6, 18460, 100
2026/09/29 12:20:34.011, 7, 18180, 95
2026/09/29 12:20:35.011, 0, 18472, 100
2026/09/29 12:20:35.011, 1, 18180, 100
2026/09/29 12:20:35.011, 2, 18180, 100
2026/09/29 12:20:35.011, 3, 18180, 100
2026/09/29 12:20:35.011, 4, 18180, 100
2026/09/29 12:20:35.011, 5, 18180, 100
2026/09/29 12:20:35.011, 6, 18460, 100
2026/09/29 12:20:35.011, 7, 18180, 100
2026/09/29 12:20:36.012, 0, 18472, 100
2026/09/29 12:20:36.012, 1, 18180, 100
2026/09/29 12:20:36.012, 2, 18180, 100
2026/09/29 12:20:36.012, 3, 18180, 100
2026/09/29 12:20:36.012, 4, 18180, 100
2026/09/29 12:20:36.012, 5, 18180, 100
2026/09/29 12:20:36.012, 6, 18460, 100
2026/09/29 12:20:36.012, 7, 18180, 100
2026/09/29 12:20:37.012, 0, 18472, 100
2026/09/29 12:20:37.012, 1, 18180, 100
2026/09/29 12:20:37.012, 2, 18180, 100
2026/09/29 12:20:37.012, 3, 18180, 100
2026/09/29 12:20:37.012, 4, 18180, 100
2026/09/29 12:20:37.013, 5, 18180, 100
2026/09/29 12:20:37.013, 6, 18460, 100
2026/09/29 12:20:37.013, 7, 18180, 100
2026/09/29 12:20:38.013, 0, 18472, 100
2026/09/29 12:20:38.013, 1, 18180, 100
2026/09/29 12:20:38.013, 2, 18180, 100
2026/09/29 12:20:38.013, 3, 18180, 100
2026/09/29 12:20:38.013, 4, 18180, 100
2026/09/29 12:20:38.013, 5, 18180, 100
2026/09/29 12:20:38.013, 6, 18460, 100
2026/09/29 12:20:38.013, 7, 18180, 100
2026/09/29 12:20:39.013, 0, 18472, 100
2026/09/29 12:20:39.014, 1, 18180, 100
2026/09/29 12:20:39.014, 2, 18180, 100
2026/09/29 12:20:39.014, 3, 18180, 100
2026/09/29 12:20:39.014, 4, 18180, 100
2026/09/29 12:20:39.014, 5, 18180, 100
2026/09/29 12:20:39.014, 6, 18460, 100
2026/09/29 12:20:39.014, 7, 18180, 99
2026/09/29 12:20:40.014, 0, 18472, 100
2026/09/29 12:20:40.014, 1, 18180, 100
2026/09/29 12:20:40.014, 2, 18180, 100
2026/09/29 12:20:40.014, 3, 18180, 100
2026/09/29 12:20:40.015, 4, 18180, 100
2026/09/29 12:20:40.015, 5, 18180, 100
2026/09/29 12:20:40.015, 6, 18460, 100
2026/09/29 12:20:40.015, 7, 18180, 100
2026/09/29 12:20:41.015, 0, 18472, 100
2026/09/29 12:20:41.015, 1, 18180, 100
2026/09/29 12:20:41.015, 2, 18180, 100
2026/09/29 12:20:41.015, 3, 18180, 100
2026/09/29 12:20:41.015, 4, 18180, 100
2026/09/29 12:20:41.015, 5, 18180, 100
2026/09/29 12:20:41.015, 6, 18460, 100
2026/09/29 12:20:41.015, 7, 18180, 100
2026/09/29 12:20:42.015, 0, 18472, 100
2026/09/29 12:20:42.016, 1, 18180, 100
2026/09/29 12:20:42.016, 2, 18180, 100
2026/09/29 12:20:42.016, 3, 18180, 100
2026/09/29 12:20:42.016, 4, 18180, 100
2026/09/29 12:20:42.016, 5, 18180, 100
2026/09/29 12:20:42.016, 6, 18460, 100
2026/09/29 12:20:42.016, 7, 18180, 100
2026/09/29 12:20:43.016, 0, 18472, 100
2026/09/29 12:20:43.016, 1, 18180, 100
2026/09/29 12:20:43.016, 2, 18180, 100
2026/09/29 12:20:43.016, 3, 18180, 100
2026/09/29 12:20:43.016, 4, 18180, 100
2026/09/29 12:20:43.016, 5, 18180, 100
2026/09/29 12:20:43.017, 6, 18460, 100
2026/09/29 12:20:43.017, 7, 18180, 100
2026/09/29 12:20:44.017, 0, 18472, 100
2026/09/29 12:20:44.017, 1, 18180, 100
2026/09/29 12:20:44.017, 2, 18180, 100
2026/09/29 12:20:44.017, 3, 18180, 100
2026/09/29 12:20:44.017, 4, 18180, 99
2026/09/29 12:20:44.017, 5, 18180, 100
2026/09/29 12:20:44.017, 6, 18460, 100
2026/09/29 12:20:44.017, 7, 18180, 100
2026/09/29 12:20:45.017, 0, 18472, 100
2026/09/29 12:20:45.018, 1, 18180, 100
2026/09/29 12:20:45.018, 2, 18180, 100
2026/09/29 12:20:45.018, 3, 18180, 100
2026/09/29 12:20:45.018, 4, 18180, 100
2026/09/29 12:20:45.018, 5, 18180, 100
2026/09/29 12:20:45.018, 6, 18460, 100
2026/09/29 12:20:45.018, 7, 18180, 100
2026/09/29 12:20:46.018, 0, 18472, 100
2026/09/29 12:20:46.018, 1, 18180, 100
2026/09/29 12:20:46.018, 2, 18180, 100
2026/09/29 12:20:46.018, 3, 18180, 100
2026/09/29 12:20:46.018, 4, 18180, 100
2026/09/29 12:20:46.019, 5, 18180, 100
2026/09/29 12:20:46.019, 6, 18460, 100
2026/09/29 12:20:46.019, 7, 18180, 100
2026/09/29 12:20:47.019, 0, 18472, 100
2026/09/29 12:20:47.019, 1, 18180, 100
2026/09/29 12:20:47.019, 2, 18180, 100
2026/09/29 12:20:47.019, 3, 18180, 100
2026/09/29 12:20:47.019, 4, 18180, 100
2026/09/29 12:20:47.019, 5, 18180, 100
2026/09/29 12:20:47.019, 6, 18460, 100
2026/09/29 12:20:47.019, 7, 18180, 100
2026/09/29 12:20:48.019, 0, 18472, 100
2026/09/29 12:20:48.019, 1, 18180, 100
2026/09/29 12:20:48.019, 2, 18180, 100
2026/09/29 12:20:48.019, 3, 18180, 100
2026/09/29 12:20:48.020, 4, 18180, 100
2026/09/29 12:20:48.020, 5, 18180, 100
2026/09/29 12:20:48.020, 6, 18460, 100
2026/09/29 12:20:48.020, 7, 18180, 100
2026/09/29 12:20:49.020, 0, 18472, 100
2026/09/29 12:20:49.020, 1, 18180, 100
2026/09/29 12:20:49.020, 2, 18180, 100
2026/09/29 12:20:49.020, 3, 18180, 100
2026/09/29 12:20:49.020, 4, 18180, 100
2026/09/29 12:20:49.020, 5, 18180, 100
2026/09/29 12:20:49.020, 6, 18460, 100
2026/09/29 12:20:49.020, 7, 18180, 100
2026/09/29 12:20:50.021, 0, 18472, 100
2026/09/29 12:20:50.021, 1, 18180, 100
2026/09/29 12:20:50.021, 2, 18180, 100
2026/09/29 12:20:50.021, 3, 18180, 100
2026/09/29 12:20:50.021, 4, 18180, 100
2026/09/29 12:20:50.021, 5, 18180, 100
2026/09/29 12:20:50.021, 6, 18460, 100
2026/09/29 12:20:50.021, 7, 18180, 100
2026/09/29 12:20:51.021, 0, 18472, 100
2026/09/29 12:20:51.021, 1, 18180, 100
2026/09/29 12:20:51.021, 2, 18180, 100
2026/09/29 12:20:51.021, 3, 18180, 100
2026/09/29 12:20:51.022, 4, 18180, 100
2026/09/29 12:20:51.022, 5, 18180, 100
2026/09/29 12:20:51.022, 6, 18460, 100
2026/09/29 12:20:51.022, 7, 18180, 100
2026/09/29 12:20:52.022, 0, 18472, 100
2026/09/29 12:20:52.022, 1, 18180, 100
2026/09/29 12:20:52.022, 2, 18180, 100
2026/09/29 12:20:52.022, 3, 18180, 100
2026/09/29 12:20:52.022, 4, 18180, 100
2026/09/29 12:20:52.022, 5, 18180, 100
2026/09/29 12:20:52.022, 6, 18460, 100
2026/09/29 12:20:52.022, 7, 18180, 100
2026/09/29 12:20:53.023, 0, 18472, 100
2026/09/29 12:20:53.023, 1, 18180, 100
2026/09/29 12:20:53.023, 2, 18180, 100
2026/09/29 12:20:53.023, 3, 18180, 100
2026/09/29 12:20:53.023, 4, 18180, 100
2026/09/29 12:20:53.023, 5, 18180, 100
2026/09/29 12:20:53.023, 6, 18460, 100
2026/09/29 12:20:53.023, 7, 18180, 100
2026/09/29 12:20:54.023, 0, 18472, 100
2026/09/29 12:20:54.023, 1, 18180, 100
2026/09/29 12:20:54.023, 2, 18180, 100
2026/09/29 12:20:54.024, 3, 18180, 100
2026/09/29 12:20:54.024, 4, 18180, 100
2026/09/29 12:20:54.024, 5, 18180, 100
2026/09/29 12:20:54.024, 6, 18460, 100
2026/09/29 12:20:54.024, 7, 18180, 100
2026/09/29 12:20:55.024, 0, 18472, 100
2026/09/29 12:20:55.024, 1, 18180, 100
2026/09/29 12:20:55.024, 2, 18180, 100
2026/09/29 12:20:55.024, 3, 18180, 100
2026/09/29 12:20:55.024, 4, 18180, 100
2026/09/29 12:20:55.024, 5, 18180, 100
2026/09/29 12:20:55.024, 6, 18460, 100
2026/09/29 12:20:55.024, 7, 18180, 100
2026/09/29 12:20:56.024, 0, 18472, 100
2026/09/29 12:20:56.025, 1, 18180, 100
2026/09/29 12:20:56.025, 2, 18180, 100
2026/09/29 12:20:56.025, 3, 18180, 100
2026/09/29 12:20:56.025, 4, 18180, 100
2026/09/29 12:20:56.025, 5, 18180, 100
2026/09/29 12:20:56.025, 6, 18460, 100
2026/09/29 12:20:56.025, 7, 18180, 100
2026/09/29 12:20:57.025, 0, 18472, 100
2026/09/29 12:20:57.025, 1, 18180, 100
2026/09/29 12:20:57.026, 2, 18180, 100
2026/09/29 12:20:57.026, 3, 18180, 100
2026/09/29 12:20:57.026, 4, 18180, 100
2026/09/29 12:20:57.026, 5, 18180, 100
2026/09/29 12:20:57.026, 6, 18460, 100
2026/09/29 12:20:57.026, 7, 18180, 100
2026/09/29 12:20:58.026, 0, 18472, 100
2026/09/29 12:20:58.026, 1, 18180, 100
2026/09/29 12:20:58.026, 2, 18180, 100
2026/09/29 12:20:58.026, 3, 18180, 100
2026/09/29 12:20:58.026, 4, 18180, 100
2026/09/29 12:20:58.026, 5, 18180, 100
2026/09/29 12:20:58.026, 6, 18460, 100
2026/09/29 12:20:58.027, 7, 18180, 100
2026/09/29 12:20:59.027, 0, 18472, 100
2026/09/29 12:20:59.027, 1, 18180, 100
2026/09/29 12:20:59.027, 2, 18180, 100
2026/09/29 12:20:59.027, 3, 18180, 100
2026/09/29 12:20:59.027, 4, 18180, 100
2026/09/29 12:20:59.027, 5, 18180, 100
2026/09/29 12:20:59.027, 6, 18460, 100
2026/09/29 12:20:59.027, 7, 18180, 100
2026/09/29 12:21:00.028, 0, 18472, 100
2026/09/29 12:21:00.028, 1, 18180, 100
2026/09/29 12:21:00.028, 2, 18180, 100
2026/09/29 12:21:00.028, 3, 18180, 100
2026/09/29 12:21:00.028, 4, 18180, 98
2026/09/29 12:21:00.028, 5, 18180, 100
2026/09/29 12:21:00.028, 6, 18460, 100
2026/09/29 12:21:00.028, 7, 18180, 100
2026/09/29 12:21:01.028, 0, 18472, 0
2026/09/29 12:21:01.028, 1, 18180, 86
2026/09/29 12:21:01.029, 2, 18180, 100
2026/09/29 12:21:01.029, 3, 18180, 2
2026/09/29 12:21:01.029, 4, 18180, 100
2026/09/29 12:21:01.029, 5, 18180, 100
2026/09/29 12:21:01.029, 6, 18460, 0
2026/09/29 12:21:01.029, 7, 18180, 100
2026/09/29 12:21:02.029, 0, 18472, 100
2026/09/29 12:21:02.029, 1, 18180, 100
2026/09/29 12:21:02.029, 2, 18180, 100
2026/09/29 12:21:02.029, 3, 18180, 100
2026/09/29 12:21:02.029, 4, 18180, 100
2026/09/29 12:21:02.029, 5, 18180, 100
2026/09/29 12:21:02.029, 6, 18460, 100
2026/09/29 12:21:02.030, 7, 18180, 100
2026/09/29 12:21:03.030, 0, 18472, 100
2026/09/29 12:21:03.030, 1, 18180, 100
2026/09/29 12:21:03.030, 2, 18180, 100
2026/09/29 12:21:03.030, 3, 18180, 100
2026/09/29 12:21:03.030, 4, 18180, 100
2026/09/29 12:21:03.030, 5, 18180, 100
2026/09/29 12:21:03.030, 6, 18460, 100
2026/09/29 12:21:03.030, 7, 18180, 100
2026/09/29 12:21:04.030, 0, 18472, 100
2026/09/29 12:21:04.030, 1, 18180, 100
2026/09/29 12:21:04.031, 2, 18180, 100
2026/09/29 12:21:04.031, 3, 18180, 100
2026/09/29 12:21:04.031, 4, 18180, 100
2026/09/29 12:21:04.031, 5, 18180, 100
2026/09/29 12:21:04.031, 6, 18460, 100
2026/09/29 12:21:04.031, 7, 18180, 100
2026/09/29 12:21:05.031, 0, 18472, 100
2026/09/29 12:21:05.031, 1, 18180, 100
2026/09/29 12:21:05.031, 2, 18180, 100
2026/09/29 12:21:05.031, 3, 18180, 100
2026/09/29 12:21:05.031, 4, 18180, 100
2026/09/29 12:21:05.031, 5, 18180, 100
2026/09/29 12:21:05.031, 6, 18460, 100
2026/09/29 12:21:05.031, 7, 18180, 100
2026/09/29 12:21:06.032, 0, 18472, 100
2026/09/29 12:21:06.032, 1, 18180, 100
2026/09/29 12:21:06.032, 2, 18180, 100
2026/09/29 12:21:06.032, 3, 18180, 100
2026/09/29 12:21:06.032, 4, 18180, 100
2026/09/29 12:21:06.032, 5, 18180, 100
2026/09/29 12:21:06.032, 6, 18460, 100
2026/09/29 12:21:06.032, 7, 18180, 100
2026/09/29 12:21:07.032, 0, 18472, 100
2026/09/29 12:21:07.032, 1, 18180, 100
2026/09/29 12:21:07.033, 2, 18180, 100
2026/09/29 12:21:07.033, 3, 18180, 100
2026/09/29 12:21:07.033, 4, 18180, 100
2026/09/29 12:21:07.033, 5, 18180, 100
2026/09/29 12:21:07.033, 6, 18460, 100
2026/09/29 12:21:07.033, 7, 18180, 100
2026/09/29 12:21:08.034, 0, 18472, 100
2026/09/29 12:21:08.034, 1, 18180, 100
2026/09/29 12:21:08.034, 2, 18180, 100
2026/09/29 12:21:08.034, 3, 18180, 100
2026/09/29 12:21:08.034, 4, 18180, 100
2026/09/29 12:21:08.034, 5, 18180, 100
2026/09/29 12:21:08.034, 6, 18460, 100
2026/09/29 12:21:08.034, 7, 18180, 100
2026/09/29 12:21:09.034, 0, 18472, 100
2026/09/29 12:21:09.034, 1, 18180, 100
2026/09/29 12:21:09.034, 2, 18180, 100
2026/09/29 12:21:09.034, 3, 18180, 100
2026/09/29 12:21:09.035, 4, 18180, 100
2026/09/29 12:21:09.035, 5, 18180, 100
2026/09/29 12:21:09.035, 6, 18460, 100
2026/09/29 12:21:09.035, 7, 18180, 100
2026/09/29 12:21:10.035, 0, 18472, 100
2026/09/29 12:21:10.035, 1, 18180, 100
2026/09/29 12:21:10.035, 2, 18180, 100
2026/09/29 12:21:10.035, 3, 18180, 100
2026/09/29 12:21:10.035, 4, 18180, 100
2026/09/29 12:21:10.035, 5, 18180, 100
2026/09/29 12:21:10.035, 6, 18460, 100
2026/09/29 12:21:10.035, 7, 18180, 100
2026/09/29 12:21:11.036, 0, 18472, 100
2026/09/29 12:21:11.036, 1, 18180, 100
2026/09/29 12:21:11.036, 2, 18180, 100
2026/09/29 12:21:11.036, 3, 18180, 100
2026/09/29 12:21:11.036, 4, 18180, 100
2026/09/29 12:21:11.036, 5, 18180, 100
2026/09/29 12:21:11.036, 6, 18460, 100
2026/09/29 12:21:11.036, 7, 18180, 100
2026/09/29 12:21:12.036, 0, 18472, 100
2026/09/29 12:21:12.036, 1, 18180, 100
2026/09/29 12:21:12.036, 2, 18180, 100
2026/09/29 12:21:12.036, 3, 18180, 100
2026/09/29 12:21:12.037, 4, 18180, 100
2026/09/29 12:21:12.037, 5, 18180, 100
2026/09/29 12:21:12.037, 6, 18460, 100
2026/09/29 12:21:12.037, 7, 18180, 100
2026/09/29 12:21:13.037, 0, 18472, 100
2026/09/29 12:21:13.037, 1, 18180, 100
2026/09/29 12:21:13.037, 2, 18180, 100
2026/09/29 12:21:13.037, 3, 18180, 100
2026/09/29 12:21:13.037, 4, 18180, 100
2026/09/29 12:21:13.037, 5, 18180, 100
2026/09/29 12:21:13.037, 6, 18460, 100
2026/09/29 12:21:13.037, 7, 18180, 100
2026/09/29 12:21:14.038, 0, 18472, 100
2026/09/29 12:21:14.038, 1, 18180, 100
2026/09/29 12:21:14.038, 2, 18180, 100
2026/09/29 12:21:14.038, 3, 18180, 100
2026/09/29 12:21:14.038, 4, 18180, 100
2026/09/29 12:21:14.038, 5, 18180, 100
2026/09/29 12:21:14.038, 6, 18460, 100
2026/09/29 12:21:14.038, 7, 18180, 100
2026/09/29 12:21:15.038, 0, 18472, 100
2026/09/29 12:21:15.038, 1, 18180, 100
2026/09/29 12:21:15.038, 2, 18180, 100
2026/09/29 12:21:15.038, 3, 18180, 100
2026/09/29 12:21:15.038, 4, 18180, 100
2026/09/29 12:21:15.039, 5, 18180, 100
2026/09/29 12:21:15.039, 6, 18460, 100
2026/09/29 12:21:15.039, 7, 18180, 100
2026/09/29 12:21:16.039, 0, 18472, 100
2026/09/29 12:21:16.039, 1, 18180, 100
2026/09/29 12:21:16.039, 2, 18180, 100
2026/09/29 12:21:16.039, 3, 18180, 100
2026/09/29 12:21:16.039, 4, 18180, 100
2026/09/29 12:21:16.039, 5, 18180, 100
2026/09/29 12:21:16.039, 6, 18460, 100
2026/09/29 12:21:16.039, 7, 18180, 100
2026/09/29 12:21:17.039, 0, 18472, 100
2026/09/29 12:21:17.040, 1, 18180, 100
2026/09/29 12:21:17.040, 2, 18180, 100
2026/09/29 12:21:17.040, 3, 18180, 100
2026/09/29 12:21:17.040, 4, 18180, 100
2026/09/29 12:21:17.040, 5, 18180, 100
2026/09/29 12:21:17.040, 6, 18460, 100
2026/09/29 12:21:17.040, 7, 18180, 100
2026/09/29 12:21:18.040, 0, 18472, 100
2026/09/29 12:21:18.040, 1, 18180, 100
2026/09/29 12:21:18.040, 2, 18180, 100
2026/09/29 12:21:18.040, 3, 18180, 100
2026/09/29 12:21:18.041, 4, 18180, 100
2026/09/29 12:21:18.041, 5, 18180, 100
2026/09/29 12:21:18.041, 6, 18460, 100
2026/09/29 12:21:18.041, 7, 18180, 100
2026/09/29 12:21:19.041, 0, 18472, 100
2026/09/29 12:21:19.041, 1, 18180, 100
2026/09/29 12:21:19.041, 2, 18180, 100
2026/09/29 12:21:19.041, 3, 18180, 100
2026/09/29 12:21:19.041, 4, 18180, 100
2026/09/29 12:21:19.041, 5, 18180, 100
2026/09/29 12:21:19.041, 6, 18460, 100
2026/09/29 12:21:19.041, 7, 18180, 100
2026/09/29 12:21:20.041, 0, 18472, 100
2026/09/29 12:21:20.041, 1, 18180, 100
2026/09/29 12:21:20.041, 2, 18180, 100
2026/09/29 12:21:20.042, 3, 18180, 100
2026/09/29 12:21:20.042, 4, 18180, 100
2026/09/29 12:21:20.042, 5, 18180, 100
2026/09/29 12:21:20.042, 6, 18460, 100
2026/09/29 12:21:20.042, 7, 18180, 100
2026/09/29 12:21:21.042, 0, 18472, 100
2026/09/29 12:21:21.042, 1, 18180, 100
2026/09/29 12:21:21.042, 2, 18180, 100
2026/09/29 12:21:21.042, 3, 18180, 100
2026/09/29 12:21:21.042, 4, 18180, 100
2026/09/29 12:21:21.042, 5, 18180, 100
2026/09/29 12:21:21.042, 6, 18460, 100
2026/09/29 12:21:21.042, 7, 18180, 100
2026/09/29 12:21:22.042, 0, 18472, 100
2026/09/29 12:21:22.043, 1, 18180, 100
2026/09/29 12:21:22.043, 2, 18180, 100
2026/09/29 12:21:22.043, 3, 18180, 100
2026/09/29 12:21:22.043, 4, 18180, 100
2026/09/29 12:21:22.043, 5, 18180, 100
2026/09/29 12:21:22.043, 6, 18460, 100
2026/09/29 12:21:22.043, 7, 18180, 100
2026/09/29 12:21:23.043, 0, 18472, 100
2026/09/29 12:21:23.043, 1, 18180, 100
2026/09/29 12:21:23.043, 2, 18180, 100
2026/09/29 12:21:23.043, 3, 18180, 100
2026/09/29 12:21:23.043, 4, 18180, 100
2026/09/29 12:21:23.043, 5, 18180, 100
2026/09/29 12:21:23.043, 6, 18460, 100
2026/09/29 12:21:23.043, 7, 18180, 100
2026/09/29 12:21:24.043, 0, 18472, 100
2026/09/29 12:21:24.044, 1, 18180, 100
2026/09/29 12:21:24.044, 2, 18180, 100
2026/09/29 12:21:24.044, 3, 18180, 100
2026/09/29 12:21:24.044, 4, 18180, 100
2026/09/29 12:21:24.044, 5, 18180, 100
2026/09/29 12:21:24.044, 6, 18460, 100
2026/09/29 12:21:24.044, 7, 18180, 100
2026/09/29 12:21:25.044, 0, 18472, 100
2026/09/29 12:21:25.044, 1, 18180, 100
2026/09/29 12:21:25.044, 2, 18180, 100
2026/09/29 12:21:25.044, 3, 18180, 100
2026/09/29 12:21:25.044, 4, 18180, 100
2026/09/29 12:21:25.044, 5, 18180, 100
2026/09/29 12:21:25.044, 6, 18460, 100
2026/09/29 12:21:25.044, 7, 18180, 100
2026/09/29 12:21:26.045, 0, 18472, 100
2026/09/29 12:21:26.045, 1, 18180, 100
2026/09/29 12:21:26.045, 2, 18180, 100
2026/09/29 12:21:26.045, 3, 18180, 100
2026/09/29 12:21:26.045, 4, 18180, 100
2026/09/29 12:21:26.045, 5, 18180, 100
2026/09/29 12:21:26.045, 6, 18460, 100
2026/09/29 12:21:26.045, 7, 18180, 100
2026/09/29 12:21:27.045, 0, 18472, 100
2026/09/29 12:21:27.045, 1, 18180, 100
2026/09/29 12:21:27.045, 2, 18180, 100
2026/09/29 12:21:27.045, 3, 18180, 100
2026/09/29 12:21:27.045, 4, 18180, 100
2026/09/29 12:21:27.045, 5, 18180, 98
2026/09/29 12:21:27.046, 6, 18460, 100
2026/09/29 12:21:27.046, 7, 18180, 100
2026/09/29 12:21:28.046, 0, 18472, 100
2026/09/29 12:21:28.046, 1, 18180, 100
2026/09/29 12:21:28.046, 2, 18180, 100
2026/09/29 12:21:28.046, 3, 18180, 100
2026/09/29 12:21:28.046, 4, 18180, 100
2026/09/29 12:21:28.046, 5, 18180, 100
2026/09/29 12:21:28.046, 6, 18460, 100
2026/09/29 12:21:28.046, 7, 18180, 100
2026/09/29 12:21:29.046, 0, 18472, 100
2026/09/29 12:21:29.047, 1, 18180, 100
2026/09/29 12:21:29.047, 2, 18180, 100
2026/09/29 12:21:29.047, 3, 18180, 100
2026/09/29 12:21:29.047, 4, 18180, 100
2026/09/29 12:21:29.047, 5, 18180, 100
2026/09/29 12:21:29.047, 6, 18460, 100
2026/09/29 12:21:29.047, 7, 18180, 100
2026/09/29 12:21:30.047, 0, 18472, 100
2026/09/29 12:21:30.047, 1, 18180, 100
2026/09/29 12:21:30.047, 2, 18180, 100
2026/09/29 12:21:30.047, 3, 18180, 100
2026/09/29 12:21:30.048, 4, 18180, 100
2026/09/29 12:21:30.048, 5, 18180, 100
2026/09/29 12:21:30.048, 6, 18460, 100
2026/09/29 12:21:30.048, 7, 18180, 100
2026/09/29 12:21:31.048, 0, 18472, 100
2026/09/29 12:21:31.048, 1, 18180, 100
2026/09/29 12:21:31.048, 2, 18180, 100
2026/09/29 12:21:31.048, 3, 18180, 100
2026/09/29 12:21:31.048, 4, 18180, 100
2026/09/29 12:21:31.048, 5, 18180, 100
2026/09/29 12:21:31.048, 6, 18460, 100
2026/09/29 12:21:31.048, 7, 18180, 100
2026/09/29 12:21:32.048, 0, 18472, 100
2026/09/29 12:21:32.049, 1, 18180, 100
2026/09/29 12:21:32.049, 2, 18180, 100
2026/09/29 12:21:32.049, 3, 18180, 100
2026/09/29 12:21:32.049, 4, 18180, 100
2026/09/29 12:21:32.049, 5, 18180, 98
2026/09/29 12:21:32.049, 6, 18460, 100
2026/09/29 12:21:32.049, 7, 18180, 100
2026/09/29 12:21:33.049, 0, 18472, 100
2026/09/29 12:21:33.049, 1, 18180, 100
2026/09/29 12:21:33.049, 2, 18180, 100
2026/09/29 12:21:33.049, 3, 18180, 100
2026/09/29 12:21:33.050, 4, 18180, 100
2026/09/29 12:21:33.050, 5, 18180, 100
2026/09/29 12:21:33.050, 6, 18460, 100
2026/09/29 12:21:33.050, 7, 18180, 100
2026/09/29 12:21:34.050, 0, 18472, 100
2026/09/29 12:21:34.050, 1, 18180, 100
2026/09/29 12:21:34.050, 2, 18180, 100
2026/09/29 12:21:34.050, 3, 18180, 100
2026/09/29 12:21:34.050, 4, 18180, 100
2026/09/29 12:21:34.050, 5, 18180, 100
2026/09/29 12:21:34.050, 6, 18460, 100
2026/09/29 12:21:34.050, 7, 18180, 100
2026/09/29 12:21:35.050, 0, 18472, 100
2026/09/29 12:21:35.051, 1, 18180, 100
2026/09/29 12:21:35.051, 2, 18180, 100
2026/09/29 12:21:35.051, 3, 18180, 100
2026/09/29 12:21:35.051, 4, 18180, 100
2026/09/29 12:21:35.051, 5, 18180, 100
2026/09/29 12:21:35.051, 6, 18460, 100
2026/09/29 12:21:35.051, 7, 18180, 100
2026/09/29 12:21:36.051, 0, 18472, 100
2026/09/29 12:21:36.051, 1, 18180, 100
2026/09/29 12:21:36.051, 2, 18180, 100
2026/09/29 12:21:36.051, 3, 18180, 100
2026/09/29 12:21:36.051, 4, 18180, 100
2026/09/29 12:21:36.051, 5, 18180, 100
2026/09/29 12:21:36.052, 6, 18460, 100
2026/09/29 12:21:36.052, 7, 18180, 100
2026/09/29 12:21:37.052, 0, 18472, 100
2026/09/29 12:21:37.052, 1, 18180, 100
2026/09/29 12:21:37.052, 2, 18180, 100
2026/09/29 12:21:37.052, 3, 18180, 100
2026/09/29 12:21:37.052, 4, 18180, 100
2026/09/29 12:21:37.052, 5, 18180, 99
2026/09/29 12:21:37.052, 6, 18460, 100
2026/09/29 12:21:37.052, 7, 18180, 100
2026/09/29 12:21:38.052, 0, 18472, 100
2026/09/29 12:21:38.053, 1, 18180, 100
2026/09/29 12:21:38.053, 2, 18180, 100
2026/09/29 12:21:38.053, 3, 18180, 100
2026/09/29 12:21:38.053, 4, 18180, 100
2026/09/29 12:21:38.053, 5, 18180, 100
2026/09/29 12:21:38.053, 6, 18460, 100
2026/09/29 12:21:38.053, 7, 18180, 100
2026/09/29 12:21:39.053, 0, 18472, 100
2026/09/29 12:21:39.053, 1, 18180, 100
2026/09/29 12:21:39.053, 2, 18180, 100
2026/09/29 12:21:39.053, 3, 18180, 100
2026/09/29 12:21:39.054, 4, 18180, 100
2026/09/29 12:21:39.054, 5, 18180, 100
2026/09/29 12:21:39.054, 6, 18460, 100
2026/09/29 12:21:39.054, 7, 18180, 100
2026/09/29 12:21:40.054, 0, 18472, 100
2026/09/29 12:21:40.054, 1, 18180, 100
2026/09/29 12:21:40.054, 2, 18180, 100
2026/09/29 12:21:40.054, 3, 18180, 100
2026/09/29 12:21:40.054, 4, 18180, 100
2026/09/29 12:21:40.054, 5, 18180, 100
2026/09/29 12:21:40.054, 6, 18460, 100
2026/09/29 12:21:40.054, 7, 18180, 100
2026/09/29 12:21:41.055, 0, 18472, 100
2026/09/29 12:21:41.055, 1, 18180, 100
2026/09/29 12:21:41.055, 2, 18180, 100
2026/09/29 12:21:41.055, 3, 18180, 100
2026/09/29 12:21:41.055, 4, 18180, 100
2026/09/29 12:21:41.055, 5, 18180, 100
2026/09/29 12:21:41.055, 6, 18460, 100
2026/09/29 12:21:41.055, 7, 18180, 100
2026/09/29 12:21:42.055, 0, 18472, 100
2026/09/29 12:21:42.055, 1, 18180, 100
2026/09/29 12:21:42.055, 2, 18180, 99
2026/09/29 12:21:42.055, 3, 18180, 100
2026/09/29 12:21:42.055, 4, 18180, 100
2026/09/29 12:21:42.055, 5, 18180, 99
2026/09/29 12:21:42.055, 6, 18460, 100
2026/09/29 12:21:42.055, 7, 18180, 100
2026/09/29 12:21:43.055, 0, 18472, 100
2026/09/29 12:21:43.056, 1, 18180, 100
2026/09/29 12:21:43.056, 2, 18180, 100
2026/09/29 12:21:43.056, 3, 18180, 100
2026/09/29 12:21:43.056, 4, 18180, 100
2026/09/29 12:21:43.056, 5, 18180, 100
2026/09/29 12:21:43.056, 6, 18460, 100
2026/09/29 12:21:43.056, 7, 18180, 100
2026/09/29 12:21:44.056, 0, 18472, 100
2026/09/29 12:21:44.056, 1, 18180, 100
2026/09/29 12:21:44.056, 2, 18180, 100
2026/09/29 12:21:44.056, 3, 18180, 100
2026/09/29 12:21:44.056, 4, 18180, 100
2026/09/29 12:21:44.056, 5, 18180, 100
2026/09/29 12:21:44.056, 6, 18460, 100
2026/09/29 12:21:44.056, 7, 18180, 100
2026/09/29 12:21:45.057, 0, 18472, 100
2026/09/29 12:21:45.057, 1, 18180, 100
2026/09/29 12:21:45.057, 2, 18180, 100
2026/09/29 12:21:45.057, 3, 18180, 100
2026/09/29 12:21:45.057, 4, 18180, 100
2026/09/29 12:21:45.057, 5, 18180, 100
2026/09/29 12:21:45.057, 6, 18460, 100
2026/09/29 12:21:45.057, 7, 18180, 100
2026/09/29 12:21:46.057, 0, 18472, 100
2026/09/29 12:21:46.057, 1, 18180, 100
2026/09/29 12:21:46.057, 2, 18180, 100
2026/09/29 12:21:46.057, 3, 18180, 100
2026/09/29 12:21:46.057, 4, 18180, 100
2026/09/29 12:21:46.057, 5, 18180, 100
2026/09/29 12:21:46.057, 6, 18460, 100
2026/09/29 12:21:46.057, 7, 18180, 100
2026/09/29 12:21:47.058, 0, 18472, 100
2026/09/29 12:21:47.058, 1, 18180, 100
2026/09/29 12:21:47.058, 2, 18180, 99
2026/09/29 12:21:47.058, 3, 18180, 100
2026/09/29 12:21:47.058, 4, 18180, 100
2026/09/29 12:21:47.058, 5, 18180, 98
2026/09/29 12:21:47.058, 6, 18460, 100
2026/09/29 12:21:47.058, 7, 18180, 100
2026/09/29 12:21:48.058, 0, 18472, 100
2026/09/29 12:21:48.059, 1, 18180, 100
2026/09/29 12:21:48.059, 2, 18180, 100
2026/09/29 12:21:48.059, 3, 18180, 100
2026/09/29 12:21:48.059, 4, 18180, 100
2026/09/29 12:21:48.059, 5, 18180, 100
2026/09/29 12:21:48.059, 6, 18460, 100
2026/09/29 12:21:48.059, 7, 18180, 100
2026/09/29 12:21:49.059, 0, 18472, 100
2026/09/29 12:21:49.059, 1, 18180, 100
2026/09/29 12:21:49.059, 2, 18180, 100
2026/09/29 12:21:49.059, 3, 18180, 100
2026/09/29 12:21:49.059, 4, 18180, 100
2026/09/29 12:21:49.059, 5, 18180, 100
2026/09/29 12:21:49.059, 6, 18460, 100
2026/09/29 12:21:49.059, 7, 18180, 100
2026/09/29 12:21:50.059, 0, 18472, 100
2026/09/29 12:21:50.060, 1, 18180, 100
2026/09/29 12:21:50.060, 2, 18180, 100
2026/09/29 12:21:50.060, 3, 18180, 100
2026/09/29 12:21:50.060, 4, 18180, 100
2026/09/29 12:21:50.060, 5, 18180, 100
2026/09/29 12:21:50.060, 6, 18460, 100
2026/09/29 12:21:50.060, 7, 18180, 100
2026/09/29 12:21:51.060, 0, 18472, 100
2026/09/29 12:21:51.060, 1, 18180, 100
2026/09/29 12:21:51.060, 2, 18180, 100
2026/09/29 12:21:51.060, 3, 18180, 100
2026/09/29 12:21:51.060, 4, 18180, 100
2026/09/29 12:21:51.060, 5, 18180, 100
2026/09/29 12:21:51.060, 6, 18460, 100
2026/09/29 12:21:51.060, 7, 18180, 100
2026/09/29 12:21:52.061, 0, 18472, 100
2026/09/29 12:21:52.061, 1, 18180, 98
2026/09/29 12:21:52.061, 2, 18180, 98
2026/09/29 12:21:52.061, 3, 18180, 100
2026/09/29 12:21:52.061, 4, 18180, 100
2026/09/29 12:21:52.061, 5, 18180, 95
2026/09/29 12:21:52.061, 6, 18460, 100
2026/09/29 12:21:52.061, 7, 18180, 100
2026/09/29 12:21:53.061, 0, 18472, 100
2026/09/29 12:21:53.061, 1, 18180, 100
2026/09/29 12:21:53.062, 2, 18180, 100
2026/09/29 12:21:53.062, 3, 18180, 100
2026/09/29 12:21:53.062, 4, 18180, 100
2026/09/29 12:21:53.062, 5, 18180, 100
2026/09/29 12:21:53.062, 6, 18460, 100
2026/09/29 12:21:53.062, 7, 18180, 100
2026/09/29 12:21:54.062, 0, 18472, 100
2026/09/29 12:21:54.062, 1, 18180, 100
2026/09/29 12:21:54.062, 2, 18180, 100
2026/09/29 12:21:54.062, 3, 18180, 100
2026/09/29 12:21:54.062, 4, 18180, 100
2026/09/29 12:21:54.062, 5, 18180, 100
2026/09/29 12:21:54.062, 6, 18460, 100
2026/09/29 12:21:54.062, 7, 18180, 100
2026/09/29 12:21:55.063, 0, 18472, 100
2026/09/29 12:21:55.063, 1, 18180, 100
2026/09/29 12:21:55.063, 2, 18180, 100
2026/09/29 12:21:55.063, 3, 18180, 100
2026/09/29 12:21:55.063, 4, 18180, 100
2026/09/29 12:21:55.063, 5, 18180, 100
2026/09/29 12:21:55.063, 6, 18460, 100
2026/09/29 12:21:55.063, 7, 18180, 100
2026/09/29 12:21:56.063, 0, 18472, 100
2026/09/29 12:21:56.063, 1, 18180, 100
2026/09/29 12:21:56.063, 2, 18180, 100
2026/09/29 12:21:56.063, 3, 18180, 100
2026/09/29 12:21:56.063, 4, 18180, 100
2026/09/29 12:21:56.064, 5, 18180, 100
2026/09/29 12:21:56.064, 6, 18460, 100
2026/09/29 12:21:56.064, 7, 18180, 100
2026/09/29 12:21:57.064, 0, 18472, 100
2026/09/29 12:21:57.064, 1, 18180, 98
2026/09/29 12:21:57.064, 2, 18180, 95
2026/09/29 12:21:57.064, 3, 18180, 100
2026/09/29 12:21:57.064, 4, 18180, 100
2026/09/29 12:21:57.064, 5, 18180, 95
2026/09/29 12:21:57.064, 6, 18460, 100
2026/09/29 12:21:57.064, 7, 18180, 100
2026/09/29 12:21:58.065, 0, 18472, 100
2026/09/29 12:21:58.065, 1, 18180, 100
2026/09/29 12:21:58.065, 2, 18180, 100
2026/09/29 12:21:58.065, 3, 18180, 100
2026/09/29 12:21:58.065, 4, 18180, 100
2026/09/29 12:21:58.065, 5, 18180, 100
2026/09/29 12:21:58.065, 6, 18460, 100
2026/09/29 12:21:58.065, 7, 18180, 100
2026/09/29 12:21:59.065, 0, 18472, 100
2026/09/29 12:21:59.065, 1, 18180, 100
2026/09/29 12:21:59.065, 2, 18180, 100
2026/09/29 12:21:59.065, 3, 18180, 100
2026/09/29 12:21:59.065, 4, 18180, 100
2026/09/29 12:21:59.065, 5, 18180, 100
2026/09/29 12:21:59.066, 6, 18460, 100
2026/09/29 12:21:59.066, 7, 18180, 100
2026/09/29 12:22:00.066, 0, 18472, 100
2026/09/29 12:22:00.066, 1, 18180, 100
2026/09/29 12:22:00.066, 2, 18180, 100
2026/09/29 12:22:00.066, 3, 18180, 100
2026/09/29 12:22:00.066, 4, 18180, 100
2026/09/29 12:22:00.066, 5, 18180, 100
2026/09/29 12:22:00.066, 6, 18460, 100
2026/09/29 12:22:00.066, 7, 18180, 99
2026/09/29 12:22:01.066, 0, 18472, 100
2026/09/29 12:22:01.067, 1, 18180, 100
2026/09/29 12:22:01.067, 2, 18180, 100
2026/09/29 12:22:01.067, 3, 18180, 100
2026/09/29 12:22:01.067, 4, 18180, 100
2026/09/29 12:22:01.067, 5, 18180, 100
2026/09/29 12:22:01.067, 6, 18460, 100
2026/09/29 12:22:01.067, 7, 18180, 100
2026/09/29 12:22:02.067, 0, 18472, 100
2026/09/29 12:22:02.067, 1, 18180, 98
2026/09/29 12:22:02.067, 2, 18180, 95
2026/09/29 12:22:02.067, 3, 18180, 100
2026/09/29 12:22:02.067, 4, 18180, 100
2026/09/29 12:22:02.067, 5, 18180, 94
2026/09/29 12:22:02.067, 6, 18460, 100
2026/09/29 12:22:02.067, 7, 18180, 100
2026/09/29 12:22:03.067, 0, 18472, 100
2026/09/29 12:22:03.068, 1, 18180, 100
2026/09/29 12:22:03.068, 2, 18180, 100
2026/09/29 12:22:03.068, 3, 18180, 100
2026/09/29 12:22:03.068, 4, 18180, 100
2026/09/29 12:22:03.068, 5, 18180, 100
2026/09/29 12:22:03.068, 6, 18460, 100
2026/09/29 12:22:03.068, 7, 18180, 100
2026/09/29 12:22:04.068, 0, 18472, 100
2026/09/29 12:22:04.068, 1, 18180, 100
2026/09/29 12:22:04.068, 2, 18180, 100
2026/09/29 12:22:04.068, 3, 18180, 100
2026/09/29 12:22:04.068, 4, 18180, 100
2026/09/29 12:22:04.068, 5, 18180, 100
2026/09/29 12:22:04.068, 6, 18460, 100
2026/09/29 12:22:04.068, 7, 18180, 100
2026/09/29 12:22:05.069, 0, 18472, 100
2026/09/29 12:22:05.069, 1, 18180, 100
2026/09/29 12:22:05.069, 2, 18180, 100
2026/09/29 12:22:05.069, 3, 18180, 100
2026/09/29 12:22:05.069, 4, 18180, 100
2026/09/29 12:22:05.069, 5, 18180, 100
2026/09/29 12:22:05.069, 6, 18460, 100
2026/09/29 12:22:05.069, 7, 18180, 100
2026/09/29 12:22:06.069, 0, 18472, 100
2026/09/29 12:22:06.070, 1, 18180, 100
2026/09/29 12:22:06.070, 2, 18180, 100
2026/09/29 12:22:06.070, 3, 18180, 100
2026/09/29 12:22:06.070, 4, 18180, 100
2026/09/29 12:22:06.070, 5, 18180, 100
2026/09/29 12:22:06.070, 6, 18460, 100
2026/09/29 12:22:06.070, 7, 18180, 100
2026/09/29 12:22:07.070, 0, 18472, 100
2026/09/29 12:22:07.070, 1, 18180, 93
2026/09/29 12:22:07.070, 2, 18180, 96
2026/09/29 12:22:07.070, 3, 18180, 99
2026/09/29 12:22:07.070, 4, 18180, 100
2026/09/29 12:22:07.070, 5, 18180, 95
2026/09/29 12:22:07.070, 6, 18460, 100
2026/09/29 12:22:07.071, 7, 18180, 100
2026/09/29 12:22:08.071, 0, 18472, 100
2026/09/29 12:22:08.071, 1, 18180, 100
2026/09/29 12:22:08.071, 2, 18180, 100
2026/09/29 12:22:08.071, 3, 18180, 100
2026/09/29 12:22:08.071, 4, 18180, 100
2026/09/29 12:22:08.071, 5, 18180, 100
2026/09/29 12:22:08.071, 6, 18460, 100
2026/09/29 12:22:08.071, 7, 18180, 100
2026/09/29 12:22:09.071, 0, 18472, 100
2026/09/29 12:22:09.071, 1, 18180, 100
2026/09/29 12:22:09.072, 2, 18180, 100
2026/09/29 12:22:09.072, 3, 18180, 100
2026/09/29 12:22:09.072, 4, 18180, 100
2026/09/29 12:22:09.072, 5, 18180, 100
2026/09/29 12:22:09.072, 6, 18460, 100
2026/09/29 12:22:09.072, 7, 18180, 100
2026/09/29 12:22:10.072, 0, 18472, 100
2026/09/29 12:22:10.072, 1, 18180, 100
2026/09/29 12:22:10.072, 2, 18180, 100
2026/09/29 12:22:10.073, 3, 18180, 100
2026/09/29 12:22:10.073, 4, 18180, 100
2026/09/29 12:22:10.073, 5, 18180, 100
2026/09/29 12:22:10.073, 6, 18460, 100
2026/09/29 12:22:10.073, 7, 18180, 100
2026/09/29 12:22:11.073, 0, 18472, 100
2026/09/29 12:22:11.073, 1, 18180, 100
2026/09/29 12:22:11.073, 2, 18180, 100
2026/09/29 12:22:11.073, 3, 18180, 100
2026/09/29 12:22:11.073, 4, 18180, 100
2026/09/29 12:22:11.073, 5, 18180, 100
2026/09/29 12:22:11.073, 6, 18460, 100
2026/09/29 12:22:11.073, 7, 18180, 100
2026/09/29 12:22:12.074, 0, 18472, 100
2026/09/29 12:22:12.074, 1, 18180, 95
2026/09/29 12:22:12.074, 2, 18180, 96
2026/09/29 12:22:12.074, 3, 18180, 98
2026/09/29 12:22:12.074, 4, 18180, 100
2026/09/29 12:22:12.074, 5, 18180, 99
2026/09/29 12:22:12.074, 6, 18460, 100
2026/09/29 12:22:12.074, 7, 18180, 100
2026/09/29 12:22:13.074, 0, 18472, 100
2026/09/29 12:22:13.074, 1, 18180, 100
2026/09/29 12:22:13.075, 2, 18180, 100
2026/09/29 12:22:13.075, 3, 18180, 100
2026/09/29 12:22:13.075, 4, 18180, 100
2026/09/29 12:22:13.075, 5, 18180, 100
2026/09/29 12:22:13.075, 6, 18460, 100
2026/09/29 12:22:13.075, 7, 18180, 100
2026/09/29 12:22:14.075, 0, 18472, 100
2026/09/29 12:22:14.075, 1, 18180, 100
2026/09/29 12:22:14.075, 2, 18180, 100
2026/09/29 12:22:14.075, 3, 18180, 100
2026/09/29 12:22:14.075, 4, 18180, 100
2026/09/29 12:22:14.075, 5, 18180, 100
2026/09/29 12:22:14.075, 6, 18460, 100
2026/09/29 12:22:14.075, 7, 18180, 100
2026/09/29 12:22:15.076, 0, 18472, 100
2026/09/29 12:22:15.076, 1, 18180, 100
2026/09/29 12:22:15.076, 2, 18180, 100
2026/09/29 12:22:15.076, 3, 18180, 100
2026/09/29 12:22:15.076, 4, 18180, 100
2026/09/29 12:22:15.076, 5, 18180, 100
2026/09/29 12:22:15.076, 6, 18460, 100
2026/09/29 12:22:15.076, 7, 18180, 100
2026/09/29 12:22:16.076, 0, 18472, 100
2026/09/29 12:22:16.076, 1, 18180, 100
2026/09/29 12:22:16.076, 2, 18180, 100
2026/09/29 12:22:16.076, 3, 18180, 100
2026/09/29 12:22:16.077, 4, 18180, 100
2026/09/29 12:22:16.077, 5, 18180, 100
2026/09/29 12:22:16.077, 6, 18460, 100
2026/09/29 12:22:16.077, 7, 18180, 100
2026/09/29 12:22:17.077, 0, 18472, 100
2026/09/29 12:22:17.077, 1, 18180, 95
2026/09/29 12:22:17.077, 2, 18180, 96
2026/09/29 12:22:17.077, 3, 18180, 99
2026/09/29 12:22:17.077, 4, 18180, 100
2026/09/29 12:22:17.077, 5, 18180, 99
2026/09/29 12:22:17.077, 6, 18460, 100
2026/09/29 12:22:17.077, 7, 18180, 100
2026/09/29 12:22:18.078, 0, 18472, 100
2026/09/29 12:22:18.078, 1, 18180, 100
2026/09/29 12:22:18.078, 2, 18180, 100
2026/09/29 12:22:18.078, 3, 18180, 100
2026/09/29 12:22:18.078, 4, 18180, 100
2026/09/29 12:22:18.078, 5, 18180, 100
2026/09/29 12:22:18.078, 6, 18460, 100
2026/09/29 12:22:18.078, 7, 18180, 100
2026/09/29 12:22:19.078, 0, 18472, 100
2026/09/29 12:22:19.078, 1, 18180, 100
2026/09/29 12:22:19.079, 2, 18180, 100
2026/09/29 12:22:19.079, 3, 18180, 100
2026/09/29 12:22:19.079, 4, 18180, 100
2026/09/29 12:22:19.079, 5, 18180, 100
2026/09/29 12:22:19.079, 6, 18460, 100
2026/09/29 12:22:19.079, 7, 18180, 100
2026/09/29 12:22:20.079, 0, 18472, 100
2026/09/29 12:22:20.079, 1, 18180, 100
2026/09/29 12:22:20.079, 2, 18180, 100
2026/09/29 12:22:20.079, 3, 18180, 100
2026/09/29 12:22:20.079, 4, 18180, 100
2026/09/29 12:22:20.079, 5, 18180, 100
2026/09/29 12:22:20.079, 6, 18460, 100
2026/09/29 12:22:20.079, 7, 18180, 100
2026/09/29 12:22:21.079, 0, 18472, 100
2026/09/29 12:22:21.079, 1, 18180, 100
2026/09/29 12:22:21.079, 2, 18180, 100
2026/09/29 12:22:21.080, 3, 18180, 100
2026/09/29 12:22:21.080, 4, 18180, 100
2026/09/29 12:22:21.080, 5, 18180, 100
2026/09/29 12:22:21.080, 6, 18460, 100
2026/09/29 12:22:21.080, 7, 18180, 100
2026/09/29 12:22:22.080, 0, 18472, 99
2026/09/29 12:22:22.080, 1, 18180, 100
2026/09/29 12:22:22.080, 2, 18180, 100
2026/09/29 12:22:22.080, 3, 18180, 94
2026/09/29 12:22:22.080, 4, 18180, 100
2026/09/29 12:22:22.080, 5, 18180, 100
2026/09/29 12:22:22.080, 6, 18460, 100
2026/09/29 12:22:22.080, 7, 18180, 100
2026/09/29 12:22:23.081, 0, 18472, 100
2026/09/29 12:22:23.081, 1, 18180, 100
2026/09/29 12:22:23.081, 2, 18180, 100
2026/09/29 12:22:23.081, 3, 18180, 100
2026/09/29 12:22:23.081, 4, 18180, 100
2026/09/29 12:22:23.081, 5, 18180, 100
2026/09/29 12:22:23.081, 6, 18460, 100
2026/09/29 12:22:23.081, 7, 18180, 100
2026/09/29 12:22:24.081, 0, 18472, 100
2026/09/29 12:22:24.081, 1, 18180, 100
2026/09/29 12:22:24.081, 2, 18180, 100
2026/09/29 12:22:24.081, 3, 18180, 100
2026/09/29 12:22:24.082, 4, 18180, 100
2026/09/29 12:22:24.082, 5, 18180, 100
2026/09/29 12:22:24.082, 6, 18460, 100
2026/09/29 12:22:24.082, 7, 18180, 100
2026/09/29 12:22:25.082, 0, 18472, 100
2026/09/29 12:22:25.082, 1, 18180, 100
2026/09/29 12:22:25.082, 2, 18180, 100
2026/09/29 12:22:25.082, 3, 18180, 100
2026/09/29 12:22:25.082, 4, 18180, 100
2026/09/29 12:22:25.082, 5, 18180, 100
2026/09/29 12:22:25.082, 6, 18460, 100
2026/09/29 12:22:25.082, 7, 18180, 100
2026/09/29 12:22:26.083, 0, 18472, 100
2026/09/29 12:22:26.083, 1, 18180, 100
2026/09/29 12:22:26.083, 2, 18180, 100
2026/09/29 12:22:26.083, 3, 18180, 100
2026/09/29 12:22:26.083, 4, 18180, 100
2026/09/29 12:22:26.083, 5, 18180, 100
2026/09/29 12:22:26.083, 6, 18460, 100
2026/09/29 12:22:26.083, 7, 18180, 100
2026/09/29 12:22:27.083, 0, 18472, 99
2026/09/29 12:22:27.083, 1, 18180, 100
2026/09/29 12:22:27.083, 2, 18180, 100
2026/09/29 12:22:27.083, 3, 18180, 94
2026/09/29 12:22:27.083, 4, 18180, 100
2026/09/29 12:22:27.083, 5, 18180, 100
2026/09/29 12:22:27.083, 6, 18460, 100
2026/09/29 12:22:27.083, 7, 18180, 100
2026/09/29 12:22:28.084, 0, 18472, 100
2026/09/29 12:22:28.084, 1, 18180, 100
2026/09/29 12:22:28.084, 2, 18180, 100
2026/09/29 12:22:28.084, 3, 18180, 100
2026/09/29 12:22:28.084, 4, 18180, 100
2026/09/29 12:22:28.084, 5, 18180, 100
2026/09/29 12:22:28.084, 6, 18460, 100
2026/09/29 12:22:28.084, 7, 18180, 100
2026/09/29 12:22:29.084, 0, 18472, 100
2026/09/29 12:22:29.084, 1, 18180, 100
2026/09/29 12:22:29.084, 2, 18180, 100
2026/09/29 12:22:29.084, 3, 18180, 100
2026/09/29 12:22:29.084, 4, 18180, 100
2026/09/29 12:22:29.085, 5, 18180, 100
2026/09/29 12:22:29.085, 6, 18460, 100
2026/09/29 12:22:29.085, 7, 18180, 100
2026/09/29 12:22:30.085, 0, 18472, 100
2026/09/29 12:22:30.085, 1, 18180, 100
2026/09/29 12:22:30.086, 2, 18180, 100
2026/09/29 12:22:30.086, 3, 18180, 100
2026/09/29 12:22:30.086, 4, 18180, 100
2026/09/29 12:22:30.086, 5, 18180, 100
2026/09/29 12:22:30.086, 6, 18460, 100
2026/09/29 12:22:30.086, 7, 18180, 100
2026/09/29 12:22:31.086, 0, 18472, 100
2026/09/29 12:22:31.086, 1, 18180, 100
2026/09/29 12:22:31.086, 2, 18180, 100
2026/09/29 12:22:31.086, 3, 18180, 100
2026/09/29 12:22:31.086, 4, 18180, 100
2026/09/29 12:22:31.086, 5, 18180, 100
2026/09/29 12:22:31.086, 6, 18460, 100
2026/09/29 12:22:31.086, 7, 18180, 100
2026/09/29 12:22:32.087, 0, 18472, 95
2026/09/29 12:22:32.087, 1, 18180, 99
2026/09/29 12:22:32.087, 2, 18180, 100
2026/09/29 12:22:32.087, 3, 18180, 94
2026/09/29 12:22:32.087, 4, 18180, 100
2026/09/29 12:22:32.087, 5, 18180, 100
2026/09/29 12:22:32.087, 6, 18460, 100
2026/09/29 12:22:32.087, 7, 18180, 100
2026/09/29 12:22:33.087, 0, 18472, 100
2026/09/29 12:22:33.087, 1, 18180, 100
2026/09/29 12:22:33.087, 2, 18180, 100
2026/09/29 12:22:33.087, 3, 18180, 100
2026/09/29 12:22:33.087, 4, 18180, 100
2026/09/29 12:22:33.088, 5, 18180, 100
2026/09/29 12:22:33.088, 6, 18460, 100
2026/09/29 12:22:33.088, 7, 18180, 100
2026/09/29 12:22:34.088, 0, 18472, 100
2026/09/29 12:22:34.088, 1, 18180, 100
2026/09/29 12:22:34.088, 2, 18180, 100
2026/09/29 12:22:34.088, 3, 18180, 100
2026/09/29 12:22:34.088, 4, 18180, 100
2026/09/29 12:22:34.088, 5, 18180, 100
2026/09/29 12:22:34.088, 6, 18460, 100
2026/09/29 12:22:34.088, 7, 18180, 100
2026/09/29 12:22:35.088, 0, 18472, 100
2026/09/29 12:22:35.089, 1, 18180, 100
2026/09/29 12:22:35.089, 2, 18180, 100
2026/09/29 12:22:35.089, 3, 18180, 100
2026/09/29 12:22:35.089, 4, 18180, 100
2026/09/29 12:22:35.089, 5, 18180, 100
2026/09/29 12:22:35.089, 6, 18460, 100
2026/09/29 12:22:35.089, 7, 18180, 100
2026/09/29 12:22:36.089, 0, 18472, 100
2026/09/29 12:22:36.089, 1, 18180, 100
2026/09/29 12:22:36.089, 2, 18180, 100
2026/09/29 12:22:36.089, 3, 18180, 100
2026/09/29 12:22:36.089, 4, 18180, 100
2026/09/29 12:22:36.089, 5, 18180, 100
2026/09/29 12:22:36.089, 6, 18460, 100
2026/09/29 12:22:36.089, 7, 18180, 100
2026/09/29 12:22:37.090, 0, 18472, 94
2026/09/29 12:22:37.090, 1, 18180, 93
2026/09/29 12:22:37.090, 2, 18180, 100
2026/09/29 12:22:37.090, 3, 18180, 95
2026/09/29 12:22:37.090, 4, 18180, 100
2026/09/29 12:22:37.090, 5, 18180, 100
2026/09/29 12:22:37.090, 6, 18460, 100
2026/09/29 12:22:37.090, 7, 18180, 100
2026/09/29 12:22:38.090, 0, 18472, 100
2026/09/29 12:22:38.091, 1, 18180, 100
2026/09/29 12:22:38.091, 2, 18180, 100
2026/09/29 12:22:38.091, 3, 18180, 100
2026/09/29 12:22:38.091, 4, 18180, 100
2026/09/29 12:22:38.091, 5, 18180, 100
2026/09/29 12:22:38.091, 6, 18460, 100
2026/09/29 12:22:38.091, 7, 18180, 100
2026/09/29 12:22:39.091, 0, 18472, 100
2026/09/29 12:22:39.091, 1, 18180, 100
2026/09/29 12:22:39.091, 2, 18180, 100
2026/09/29 12:22:39.091, 3, 18180, 100
2026/09/29 12:22:39.091, 4, 18180, 100
2026/09/29 12:22:39.091, 5, 18180, 100
2026/09/29 12:22:39.092, 6, 18460, 100
2026/09/29 12:22:39.092, 7, 18180, 100
2026/09/29 12:22:40.092, 0, 18472, 100
2026/09/29 12:22:40.092, 1, 18180, 100
2026/09/29 12:22:40.092, 2, 18180, 100
2026/09/29 12:22:40.092, 3, 18180, 100
2026/09/29 12:22:40.092, 4, 18180, 100
2026/09/29 12:22:40.092, 5, 18180, 100
2026/09/29 12:22:40.092, 6, 18460, 100
2026/09/29 12:22:40.092, 7, 18180, 100
2026/09/29 12:22:41.092, 0, 18472, 100
2026/09/29 12:22:41.092, 1, 18180, 100
2026/09/29 12:22:41.092, 2, 18180, 100
2026/09/29 12:22:41.093, 3, 18180, 100
2026/09/29 12:22:41.093, 4, 18180, 100
2026/09/29 12:22:41.093, 5, 18180, 100
2026/09/29 12:22:41.093, 6, 18460, 100
2026/09/29 12:22:41.093, 7, 18180, 100
2026/09/29 12:22:42.093, 0, 18472, 95
2026/09/29 12:22:42.093, 1, 18180, 95
2026/09/29 12:22:42.093, 2, 18180, 100
2026/09/29 12:22:42.093, 3, 18180, 96
2026/09/29 12:22:42.093, 4, 18180, 100
2026/09/29 12:22:42.093, 5, 18180, 100
2026/09/29 12:22:42.093, 6, 18460, 100
2026/09/29 12:22:42.094, 7, 18180, 100
2026/09/29 12:22:43.094, 0, 18472, 100
2026/09/29 12:22:43.094, 1, 18180, 100
2026/09/29 12:22:43.094, 2, 18180, 100
2026/09/29 12:22:43.094, 3, 18180, 100
2026/09/29 12:22:43.094, 4, 18180, 100
2026/09/29 12:22:43.094, 5, 18180, 100
2026/09/29 12:22:43.094, 6, 18460, 100
2026/09/29 12:22:43.094, 7, 18180, 100
2026/09/29 12:22:44.094, 0, 18472, 100
2026/09/29 12:22:44.094, 1, 18180, 100
2026/09/29 12:22:44.094, 2, 18180, 100
2026/09/29 12:22:44.094, 3, 18180, 100
2026/09/29 12:22:44.095, 4, 18180, 100
2026/09/29 12:22:44.095, 5, 18180, 100
2026/09/29 12:22:44.095, 6, 18460, 100
2026/09/29 12:22:44.095, 7, 18180, 100
2026/09/29 12:22:45.095, 0, 18472, 100
2026/09/29 12:22:45.095, 1, 18180, 100
2026/09/29 12:22:45.095, 2, 18180, 100
2026/09/29 12:22:45.095, 3, 18180, 100
2026/09/29 12:22:45.095, 4, 18180, 100
2026/09/29 12:22:45.095, 5, 18180, 100
2026/09/29 12:22:45.095, 6, 18460, 100
2026/09/29 12:22:45.095, 7, 18180, 100
2026/09/29 12:22:46.095, 0, 18472, 100
2026/09/29 12:22:46.095, 1, 18180, 100
2026/09/29 12:22:46.095, 2, 18180, 100
2026/09/29 12:22:46.095, 3, 18180, 100
2026/09/29 12:22:46.095, 4, 18180, 100
2026/09/29 12:22:46.096, 5, 18180, 100
2026/09/29 12:22:46.096, 6, 18460, 100
2026/09/29 12:22:46.096, 7, 18180, 100
2026/09/29 12:22:47.096, 0, 18472, 96
2026/09/29 12:22:47.097, 1, 18180, 95
2026/09/29 12:22:47.097, 2, 18180, 100
2026/09/29 12:22:47.097, 3, 18180, 96
2026/09/29 12:22:47.097, 4, 18180, 100
2026/09/29 12:22:47.097, 5, 18180, 100
2026/09/29 12:22:47.097, 6, 18460, 100
2026/09/29 12:22:47.097, 7, 18180, 100
2026/09/29 12:22:48.097, 0, 18472, 100
2026/09/29 12:22:48.098, 1, 18180, 100
2026/09/29 12:22:48.098, 2, 18180, 100
2026/09/29 12:22:48.098, 3, 18180, 100
2026/09/29 12:22:48.098, 4, 18180, 100
2026/09/29 12:22:48.098, 5, 18180, 100
2026/09/29 12:22:48.098, 6, 18460, 100
2026/09/29 12:22:48.098, 7, 18180, 100
2026/09/29 12:22:49.098, 0, 18472, 100
2026/09/29 12:22:49.098, 1, 18180, 100
2026/09/29 12:22:49.098, 2, 18180, 100
2026/09/29 12:22:49.098, 3, 18180, 100
2026/09/29 12:22:49.098, 4, 18180, 100
2026/09/29 12:22:49.098, 5, 18180, 100
2026/09/29 12:22:49.099, 6, 18460, 100
2026/09/29 12:22:49.099, 7, 18180, 100
2026/09/29 12:22:50.099, 0, 18472, 100
2026/09/29 12:22:50.099, 1, 18180, 100
2026/09/29 12:22:50.099, 2, 18180, 100
2026/09/29 12:22:50.099, 3, 18180, 100
2026/09/29 12:22:50.099, 4, 18180, 100
2026/09/29 12:22:50.099, 5, 18180, 100
2026/09/29 12:22:50.099, 6, 18460, 100
2026/09/29 12:22:50.099, 7, 18180, 100
2026/09/29 12:22:51.099, 0, 18472, 100
2026/09/29 12:22:51.100, 1, 18180, 100
2026/09/29 12:22:51.100, 2, 18180, 100
2026/09/29 12:22:51.100, 3, 18180, 100
2026/09/29 12:22:51.100, 4, 18180, 100
2026/09/29 12:22:51.100, 5, 18180, 100
2026/09/29 12:22:51.100, 6, 18460, 100
2026/09/29 12:22:51.100, 7, 18180, 100
2026/09/29 12:22:52.100, 0, 18472, 95
2026/09/29 12:22:52.100, 1, 18180, 96
2026/09/29 12:22:52.100, 2, 18180, 100
2026/09/29 12:22:52.100, 3, 18180, 95
2026/09/29 12:22:52.100, 4, 18180, 100
2026/09/29 12:22:52.100, 5, 18180, 100
2026/09/29 12:22:52.100, 6, 18460, 100
2026/09/29 12:22:52.100, 7, 18180, 100
2026/09/29 12:22:53.100, 0, 18472, 100
2026/09/29 12:22:53.101, 1, 18180, 100
2026/09/29 12:22:53.101, 2, 18180, 100
2026/09/29 12:22:53.101, 3, 18180, 100
2026/09/29 12:22:53.101, 4, 18180, 100
2026/09/29 12:22:53.101, 5, 18180, 100
2026/09/29 12:22:53.101, 6, 18460, 100
2026/09/29 12:22:53.101, 7, 18180, 100
2026/09/29 12:22:54.101, 0, 18472, 100
2026/09/29 12:22:54.101, 1, 18180, 100
2026/09/29 12:22:54.101, 2, 18180, 100
2026/09/29 12:22:54.101, 3, 18180, 100
2026/09/29 12:22:54.101, 4, 18180, 100
2026/09/29 12:22:54.101, 5, 18180, 100
2026/09/29 12:22:54.101, 6, 18460, 100
2026/09/29 12:22:54.101, 7, 18180, 100
2026/09/29 12:22:55.101, 0, 18472, 100
2026/09/29 12:22:55.101, 1, 18180, 100
2026/09/29 12:22:55.102, 2, 18180, 100
2026/09/29 12:22:55.102, 3, 18180, 100
2026/09/29 12:22:55.102, 4, 18180, 100
2026/09/29 12:22:55.102, 5, 18180, 100
2026/09/29 12:22:55.102, 6, 18460, 100
2026/09/29 12:22:55.102, 7, 18180, 100
2026/09/29 12:22:56.102, 0, 18472, 100
2026/09/29 12:22:56.102, 1, 18180, 100
2026/09/29 12:22:56.102, 2, 18180, 100
2026/09/29 12:22:56.102, 3, 18180, 100
2026/09/29 12:22:56.102, 4, 18180, 100
2026/09/29 12:22:56.102, 5, 18180, 100
2026/09/29 12:22:56.102, 6, 18460, 100
2026/09/29 12:22:56.102, 7, 18180, 100
2026/09/29 12:22:57.102, 0, 18472, 96
2026/09/29 12:22:57.103, 1, 18180, 95
2026/09/29 12:22:57.103, 2, 18180, 100
2026/09/29 12:22:57.103, 3, 18180, 96
2026/09/29 12:22:57.103, 4, 18180, 100
2026/09/29 12:22:57.103, 5, 18180, 100
2026/09/29 12:22:57.103, 6, 18460, 100
2026/09/29 12:22:57.103, 7, 18180, 100
2026/09/29 12:22:58.103, 0, 18472, 100
2026/09/29 12:22:58.103, 1, 18180, 100
2026/09/29 12:22:58.103, 2, 18180, 100
2026/09/29 12:22:58.103, 3, 18180, 100
2026/09/29 12:22:58.104, 4, 18180, 100
2026/09/29 12:22:58.104, 5, 18180, 100
2026/09/29 12:22:58.104, 6, 18460, 100
2026/09/29 12:22:58.104, 7, 18180, 100
2026/09/29 12:22:59.104, 0, 18472, 100
2026/09/29 12:22:59.104, 1, 18180, 100
2026/09/29 12:22:59.104, 2, 18180, 100
2026/09/29 12:22:59.104, 3, 18180, 100
2026/09/29 12:22:59.104, 4, 18180, 100
2026/09/29 12:22:59.104, 5, 18180, 100
2026/09/29 12:22:59.104, 6, 18460, 100
2026/09/29 12:22:59.104, 7, 18180, 100
2026/09/29 12:23:00.105, 0, 18472, 100
2026/09/29 12:23:00.105, 1, 18180, 100
2026/09/29 12:23:00.105, 2, 18180, 100
2026/09/29 12:23:00.105, 3, 18180, 100
2026/09/29 12:23:00.105, 4, 18180, 100
2026/09/29 12:23:00.105, 5, 18180, 100
2026/09/29 12:23:00.105, 6, 18460, 100
2026/09/29 12:23:00.105, 7, 18180, 100
2026/09/29 12:23:01.105, 0, 18472, 100
2026/09/29 12:23:01.105, 1, 18180, 100
2026/09/29 12:23:01.105, 2, 18180, 100
2026/09/29 12:23:01.105, 3, 18180, 100
2026/09/29 12:23:01.105, 4, 18180, 100
2026/09/29 12:23:01.105, 5, 18180, 100
2026/09/29 12:23:01.105, 6, 18460, 100
2026/09/29 12:23:01.105, 7, 18180, 100
2026/09/29 12:23:02.106, 0, 18472, 97
2026/09/29 12:23:02.106, 1, 18180, 96
2026/09/29 12:23:02.106, 2, 18180, 100
2026/09/29 12:23:02.106, 3, 18180, 100
2026/09/29 12:23:02.106, 4, 18180, 100
2026/09/29 12:23:02.106, 5, 18180, 100
2026/09/29 12:23:02.106, 6, 18460, 100
2026/09/29 12:23:02.106, 7, 18180, 100
2026/09/29 12:23:03.106, 0, 18472, 100
2026/09/29 12:23:03.107, 1, 18180, 100
2026/09/29 12:23:03.107, 2, 18180, 100
2026/09/29 12:23:03.107, 3, 18180, 100
2026/09/29 12:23:03.107, 4, 18180, 100
2026/09/29 12:23:03.107, 5, 18180, 100
2026/09/29 12:23:03.107, 6, 18460, 100
2026/09/29 12:23:03.107, 7, 18180, 100
2026/09/29 12:23:04.107, 0, 18472, 100
2026/09/29 12:23:04.107, 1, 18180, 100
2026/09/29 12:23:04.107, 2, 18180, 100
2026/09/29 12:23:04.107, 3, 18180, 100
2026/09/29 12:23:04.107, 4, 18180, 100
2026/09/29 12:23:04.108, 5, 18180, 100
2026/09/29 12:23:04.108, 6, 18460, 100
2026/09/29 12:23:04.108, 7, 18180, 100
2026/09/29 12:23:05.108, 0, 18472, 100
2026/09/29 12:23:05.108, 1, 18180, 100
2026/09/29 12:23:05.108, 2, 18180, 100
2026/09/29 12:23:05.108, 3, 18180, 100
2026/09/29 12:23:05.108, 4, 18180, 100
2026/09/29 12:23:05.108, 5, 18180, 100
2026/09/29 12:23:05.108, 6, 18460, 100
2026/09/29 12:23:05.108, 7, 18180, 100
2026/09/29 12:23:06.108, 0, 18472, 100
2026/09/29 12:23:06.109, 1, 18180, 100
2026/09/29 12:23:06.109, 2, 18180, 100
2026/09/29 12:23:06.109, 3, 18180, 100
2026/09/29 12:23:06.109, 4, 18180, 100
2026/09/29 12:23:06.109, 5, 18180, 100
2026/09/29 12:23:06.109, 6, 18460, 100
2026/09/29 12:23:06.109, 7, 18180, 100
2026/09/29 12:23:07.109, 0, 18472, 97
2026/09/29 12:23:07.109, 1, 18180, 100
2026/09/29 12:23:07.109, 2, 18180, 100
2026/09/29 12:23:07.109, 3, 18180, 99
2026/09/29 12:23:07.109, 4, 18180, 100
2026/09/29 12:23:07.110, 5, 18180, 100
2026/09/29 12:23:07.110, 6, 18460, 100
2026/09/29 12:23:07.110, 7, 18180, 100
2026/09/29 12:23:08.110, 0, 18472, 100
2026/09/29 12:23:08.110, 1, 18180, 100
2026/09/29 12:23:08.110, 2, 18180, 100
2026/09/29 12:23:08.110, 3, 18180, 100
2026/09/29 12:23:08.110, 4, 18180, 100
2026/09/29 12:23:08.110, 5, 18180, 100
2026/09/29 12:23:08.110, 6, 18460, 100
2026/09/29 12:23:08.110, 7, 18180, 100
2026/09/29 12:23:09.111, 0, 18472, 100
2026/09/29 12:23:09.111, 1, 18180, 100
2026/09/29 12:23:09.111, 2, 18180, 100
2026/09/29 12:23:09.111, 3, 18180, 100
2026/09/29 12:23:09.111, 4, 18180, 100
2026/09/29 12:23:09.111, 5, 18180, 100
2026/09/29 12:23:09.111, 6, 18460, 100
2026/09/29 12:23:09.111, 7, 18180, 100
2026/09/29 12:23:10.111, 0, 18472, 100
2026/09/29 12:23:10.111, 1, 18180, 100
2026/09/29 12:23:10.111, 2, 18180, 100
2026/09/29 12:23:10.111, 3, 18180, 100
2026/09/29 12:23:10.111, 4, 18180, 100
2026/09/29 12:23:10.112, 5, 18180, 100
2026/09/29 12:23:10.112, 6, 18460, 100
2026/09/29 12:23:10.112, 7, 18180, 100
2026/09/29 12:23:11.112, 0, 18472, 100
2026/09/29 12:23:11.112, 1, 18180, 100
2026/09/29 12:23:11.112, 2, 18180, 100
2026/09/29 12:23:11.112, 3, 18180, 100
2026/09/29 12:23:11.112, 4, 18180, 100
2026/09/29 12:23:11.112, 5, 18180, 100
2026/09/29 12:23:11.112, 6, 18460, 100
2026/09/29 12:23:11.112, 7, 18180, 100
2026/09/29 12:23:12.112, 0, 18472, 97
2026/09/29 12:23:12.113, 1, 18180, 97
2026/09/29 12:23:12.113, 2, 18180, 100
2026/09/29 12:23:12.113, 3, 18180, 100
2026/09/29 12:23:12.113, 4, 18180, 100
2026/09/29 12:23:12.113, 5, 18180, 100
2026/09/29 12:23:12.113, 6, 18460, 100
2026/09/29 12:23:12.113, 7, 18180, 100
2026/09/29 12:23:13.113, 0, 18472, 100
2026/09/29 12:23:13.113, 1, 18180, 100
2026/09/29 12:23:13.113, 2, 18180, 100
2026/09/29 12:23:13.113, 3, 18180, 100
2026/09/29 12:23:13.113, 4, 18180, 100
2026/09/29 12:23:13.113, 5, 18180, 100
2026/09/29 12:23:13.113, 6, 18460, 100
2026/09/29 12:23:13.113, 7, 18180, 100
2026/09/29 12:23:14.114, 0, 18472, 100
2026/09/29 12:23:14.114, 1, 18180, 100
2026/09/29 12:23:14.114, 2, 18180, 100
2026/09/29 12:23:14.114, 3, 18180, 100
2026/09/29 12:23:14.114, 4, 18180, 100
2026/09/29 12:23:14.114, 5, 18180, 100
2026/09/29 12:23:14.114, 6, 18460, 100
2026/09/29 12:23:14.114, 7, 18180, 100
2026/09/29 12:23:15.114, 0, 18472, 100
2026/09/29 12:23:15.114, 1, 18180, 100
2026/09/29 12:23:15.115, 2, 18180, 100
2026/09/29 12:23:15.115, 3, 18180, 100
2026/09/29 12:23:15.115, 4, 18180, 100
2026/09/29 12:23:15.115, 5, 18180, 100
2026/09/29 12:23:15.115, 6, 18460, 100
2026/09/29 12:23:15.115, 7, 18180, 100
2026/09/29 12:23:16.115, 0, 18472, 100
2026/09/29 12:23:16.115, 1, 18180, 100
2026/09/29 12:23:16.115, 2, 18180, 100
2026/09/29 12:23:16.115, 3, 18180, 100
2026/09/29 12:23:16.115, 4, 18180, 100
2026/09/29 12:23:16.115, 5, 18180, 100
2026/09/29 12:23:16.115, 6, 18460, 100
2026/09/29 12:23:16.115, 7, 18180, 100
2026/09/29 12:23:17.116, 0, 18472, 97
2026/09/29 12:23:17.116, 1, 18180, 100
2026/09/29 12:23:17.116, 2, 18180, 100
2026/09/29 12:23:17.116, 3, 18180, 99
2026/09/29 12:23:17.116, 4, 18180, 100
2026/09/29 12:23:17.116, 5, 18180, 100
2026/09/29 12:23:17.116, 6, 18460, 100
2026/09/29 12:23:17.116, 7, 18180, 100
2026/09/29 12:23:18.116, 0, 18472, 100
2026/09/29 12:23:18.116, 1, 18180, 100
2026/09/29 12:23:18.117, 2, 18180, 100
2026/09/29 12:23:18.117, 3, 18180, 100
2026/09/29 12:23:18.117, 4, 18180, 100
2026/09/29 12:23:18.117, 5, 18180, 100
2026/09/29 12:23:18.117, 6, 18460, 100
2026/09/29 12:23:18.117, 7, 18180, 100
2026/09/29 12:23:19.117, 0, 18472, 100
2026/09/29 12:23:19.117, 1, 18180, 100
2026/09/29 12:23:19.117, 2, 18180, 100
2026/09/29 12:23:19.117, 3, 18180, 100
2026/09/29 12:23:19.117, 4, 18180, 100
2026/09/29 12:23:19.117, 5, 18180, 100
2026/09/29 12:23:19.117, 6, 18460, 100
2026/09/29 12:23:19.118, 7, 18180, 100
2026/09/29 12:23:20.118, 0, 18472, 100
2026/09/29 12:23:20.118, 1, 18180, 100
2026/09/29 12:23:20.118, 2, 18180, 100
2026/09/29 12:23:20.118, 3, 18180, 100
2026/09/29 12:23:20.118, 4, 18180, 100
2026/09/29 12:23:20.118, 5, 18180, 100
2026/09/29 12:23:20.118, 6, 18460, 100
2026/09/29 12:23:20.118, 7, 18180, 100
2026/09/29 12:23:21.118, 0, 18472, 100
2026/09/29 12:23:21.119, 1, 18180, 100
2026/09/29 12:23:21.119, 2, 18180, 100
2026/09/29 12:23:21.119, 3, 18180, 100
2026/09/29 12:23:21.119, 4, 18180, 100
2026/09/29 12:23:21.119, 5, 18180, 100
2026/09/29 12:23:21.119, 6, 18460, 100
2026/09/29 12:23:21.120, 7, 18180, 100
2026/09/29 12:23:22.120, 0, 18472, 100
2026/09/29 12:23:22.120, 1, 18180, 100
2026/09/29 12:23:22.120, 2, 18180, 100
2026/09/29 12:23:22.120, 3, 18180, 100
2026/09/29 12:23:22.120, 4, 18180, 100
2026/09/29 12:23:22.120, 5, 18180, 100
2026/09/29 12:23:22.120, 6, 18460, 98
2026/09/29 12:23:22.121, 7, 18180, 100
2026/09/29 12:23:23.121, 0, 18472, 100
2026/09/29 12:23:23.121, 1, 18180, 100
2026/09/29 12:23:23.121, 2, 18180, 100
2026/09/29 12:23:23.121, 3, 18180, 100
2026/09/29 12:23:23.121, 4, 18180, 100
2026/09/29 12:23:23.121, 5, 18180, 100
2026/09/29 12:23:23.121, 6, 18460, 100
2026/09/29 12:23:23.121, 7, 18180, 100
2026/09/29 12:23:24.121, 0, 18472, 100
2026/09/29 12:23:24.122, 1, 18180, 100
2026/09/29 12:23:24.122, 2, 18180, 100
2026/09/29 12:23:24.122, 3, 18180, 100
2026/09/29 12:23:24.122, 4, 18180, 100
2026/09/29 12:23:24.122, 5, 18180, 100
2026/09/29 12:23:24.122, 6, 18460, 100
2026/09/29 12:23:24.122, 7, 18180, 100
2026/09/29 12:23:25.122, 0, 18472, 100
2026/09/29 12:23:25.122, 1, 18180, 100
2026/09/29 12:23:25.122, 2, 18180, 100
2026/09/29 12:23:25.122, 3, 18180, 100
2026/09/29 12:23:25.122, 4, 18180, 100
2026/09/29 12:23:25.123, 5, 18180, 100
2026/09/29 12:23:25.123, 6, 18460, 100
2026/09/29 12:23:25.123, 7, 18180, 100
2026/09/29 12:23:26.123, 0, 18472, 100
2026/09/29 12:23:26.123, 1, 18180, 100
2026/09/29 12:23:26.123, 2, 18180, 100
2026/09/29 12:23:26.123, 3, 18180, 100
2026/09/29 12:23:26.123, 4, 18180, 100
2026/09/29 12:23:26.123, 5, 18180, 100
2026/09/29 12:23:26.123, 6, 18460, 100
2026/09/29 12:23:26.123, 7, 18180, 100
2026/09/29 12:23:27.123, 0, 18472, 100
2026/09/29 12:23:27.124, 1, 18180, 99
2026/09/29 12:23:27.124, 2, 18180, 100
2026/09/29 12:23:27.124, 3, 18180, 95
2026/09/29 12:23:27.124, 4, 18180, 100
2026/09/29 12:23:27.124, 5, 18180, 100
2026/09/29 12:23:27.124, 6, 18460, 98
2026/09/29 12:23:27.124, 7, 18180, 100
2026/09/29 12:23:28.124, 0, 18472, 100
2026/09/29 12:23:28.124, 1, 18180, 100
2026/09/29 12:23:28.124, 2, 18180, 100
2026/09/29 12:23:28.125, 3, 18180, 100
2026/09/29 12:23:28.125, 4, 18180, 100
2026/09/29 12:23:28.125, 5, 18180, 100
2026/09/29 12:23:28.125, 6, 18460, 100
2026/09/29 12:23:28.125, 7, 18180, 100
2026/09/29 12:23:29.125, 0, 18472, 100
2026/09/29 12:23:29.125, 1, 18180, 100
2026/09/29 12:23:29.125, 2, 18180, 100
2026/09/29 12:23:29.125, 3, 18180, 100
2026/09/29 12:23:29.125, 4, 18180, 100
2026/09/29 12:23:29.125, 5, 18180, 100
2026/09/29 12:23:29.125, 6, 18460, 100
2026/09/29 12:23:29.125, 7, 18180, 100
2026/09/29 12:23:30.126, 0, 18472, 100
2026/09/29 12:23:30.126, 1, 18180, 100
2026/09/29 12:23:30.126, 2, 18180, 100
2026/09/29 12:23:30.126, 3, 18180, 100
2026/09/29 12:23:30.126, 4, 18180, 100
2026/09/29 12:23:30.126, 5, 18180, 100
2026/09/29 12:23:30.126, 6, 18460, 100
2026/09/29 12:23:30.126, 7, 18180, 100
2026/09/29 12:23:31.126, 0, 18472, 100
2026/09/29 12:23:31.126, 1, 18180, 100
2026/09/29 12:23:31.126, 2, 18180, 100
2026/09/29 12:23:31.127, 3, 18180, 100
2026/09/29 12:23:31.127, 4, 18180, 100
2026/09/29 12:23:31.127, 5, 18180, 99
2026/09/29 12:23:31.127, 6, 18460, 100
2026/09/29 12:23:31.127, 7, 18180, 100
2026/09/29 12:23:32.127, 0, 18472, 100
2026/09/29 12:23:32.127, 1, 18180, 99
2026/09/29 12:23:32.127, 2, 18180, 100
2026/09/29 12:23:32.127, 3, 18180, 95
2026/09/29 12:23:32.127, 4, 18180, 100
2026/09/29 12:23:32.127, 5, 18180, 100
2026/09/29 12:23:32.127, 6, 18460, 98
2026/09/29 12:23:32.128, 7, 18180, 100
2026/09/29 12:23:33.128, 0, 18472, 100
2026/09/29 12:23:33.128, 1, 18180, 100
2026/09/29 12:23:33.128, 2, 18180, 100
2026/09/29 12:23:33.128, 3, 18180, 100
2026/09/29 12:23:33.128, 4, 18180, 100
2026/09/29 12:23:33.128, 5, 18180, 100
2026/09/29 12:23:33.128, 6, 18460, 100
2026/09/29 12:23:33.128, 7, 18180, 100
2026/09/29 12:23:34.128, 0, 18472, 100
2026/09/29 12:23:34.128, 1, 18180, 100
2026/09/29 12:23:34.128, 2, 18180, 100
2026/09/29 12:23:34.129, 3, 18180, 100
2026/09/29 12:23:34.129, 4, 18180, 100
2026/09/29 12:23:34.129, 5, 18180, 100
2026/09/29 12:23:34.129, 6, 18460, 100
2026/09/29 12:23:34.129, 7, 18180, 100
2026/09/29 12:23:35.129, 0, 18472, 100
2026/09/29 12:23:35.129, 1, 18180, 100
2026/09/29 12:23:35.129, 2, 18180, 100
2026/09/29 12:23:35.129, 3, 18180, 100
2026/09/29 12:23:35.129, 4, 18180, 100
2026/09/29 12:23:35.129, 5, 18180, 100
2026/09/29 12:23:35.129, 6, 18460, 100
2026/09/29 12:23:35.129, 7, 18180, 100
2026/09/29 12:23:36.130, 0, 18472, 100
2026/09/29 12:23:36.130, 1, 18180, 100
2026/09/29 12:23:36.130, 2, 18180, 100
2026/09/29 12:23:36.130, 3, 18180, 100
2026/09/29 12:23:36.130, 4, 18180, 100
2026/09/29 12:23:36.130, 5, 18180, 100
2026/09/29 12:23:36.130, 6, 18460, 100
2026/09/29 12:23:36.130, 7, 18180, 100
2026/09/29 12:23:37.130, 0, 18472, 100
2026/09/29 12:23:37.130, 1, 18180, 99
2026/09/29 12:23:37.131, 2, 18180, 100
2026/09/29 12:23:37.131, 3, 18180, 96
2026/09/29 12:23:37.131, 4, 18180, 100
2026/09/29 12:23:37.131, 5, 18180, 100
2026/09/29 12:23:37.131, 6, 18460, 98
2026/09/29 12:23:37.131, 7, 18180, 100
2026/09/29 12:23:38.131, 0, 18472, 100
2026/09/29 12:23:38.131, 1, 18180, 100
2026/09/29 12:23:38.131, 2, 18180, 100
2026/09/29 12:23:38.131, 3, 18180, 100
2026/09/29 12:23:38.131, 4, 18180, 100
2026/09/29 12:23:38.131, 5, 18180, 100
2026/09/29 12:23:38.131, 6, 18460, 100
2026/09/29 12:23:38.132, 7, 18180, 100
2026/09/29 12:23:39.132, 0, 18472, 100
2026/09/29 12:23:39.132, 1, 18180, 100
2026/09/29 12:23:39.132, 2, 18180, 100
2026/09/29 12:23:39.132, 3, 18180, 100
2026/09/29 12:23:39.132, 4, 18180, 100
2026/09/29 12:23:39.132, 5, 18180, 100
2026/09/29 12:23:39.132, 6, 18460, 100
2026/09/29 12:23:39.132, 7, 18180, 100
2026/09/29 12:23:40.132, 0, 18472, 100
2026/09/29 12:23:40.132, 1, 18180, 100
2026/09/29 12:23:40.132, 2, 18180, 100
2026/09/29 12:23:40.133, 3, 18180, 100
2026/09/29 12:23:40.133, 4, 18180, 100
2026/09/29 12:23:40.133, 5, 18180, 100
2026/09/29 12:23:40.133, 6, 18460, 100
2026/09/29 12:23:40.133, 7, 18180, 100
2026/09/29 12:23:41.133, 0, 18472, 100
2026/09/29 12:23:41.133, 1, 18180, 100
2026/09/29 12:23:41.133, 2, 18180, 100
2026/09/29 12:23:41.133, 3, 18180, 100
2026/09/29 12:23:41.133, 4, 18180, 100
2026/09/29 12:23:41.133, 5, 18180, 100
2026/09/29 12:23:41.133, 6, 18460, 100
2026/09/29 12:23:41.133, 7, 18180, 100
2026/09/29 12:23:42.134, 0, 18472, 100
2026/09/29 12:23:42.134, 1, 18180, 99
2026/09/29 12:23:42.134, 2, 18180, 100
2026/09/29 12:23:42.134, 3, 18180, 95
2026/09/29 12:23:42.134, 4, 18180, 100
2026/09/29 12:23:42.134, 5, 18180, 100
2026/09/29 12:23:42.134, 6, 18460, 98
2026/09/29 12:23:42.134, 7, 18180, 100
2026/09/29 12:23:43.134, 0, 18472, 100
2026/09/29 12:23:43.134, 1, 18180, 100
2026/09/29 12:23:43.134, 2, 18180, 100
2026/09/29 12:23:43.135, 3, 18180, 100
2026/09/29 12:23:43.135, 4, 18180, 100
2026/09/29 12:23:43.135, 5, 18180, 100
2026/09/29 12:23:43.135, 6, 18460, 100
2026/09/29 12:23:43.135, 7, 18180, 100
2026/09/29 12:23:44.135, 0, 18472, 100
2026/09/29 12:23:44.135, 1, 18180, 100
2026/09/29 12:23:44.135, 2, 18180, 100
2026/09/29 12:23:44.135, 3, 18180, 100
2026/09/29 12:23:44.135, 4, 18180, 100
2026/09/29 12:23:44.135, 5, 18180, 100
2026/09/29 12:23:44.135, 6, 18460, 100
2026/09/29 12:23:44.135, 7, 18180, 100
2026/09/29 12:23:45.136, 0, 18472, 100
2026/09/29 12:23:45.136, 1, 18180, 100
2026/09/29 12:23:45.136, 2, 18180, 100
2026/09/29 12:23:45.136, 3, 18180, 100
2026/09/29 12:23:45.136, 4, 18180, 100
2026/09/29 12:23:45.136, 5, 18180, 100
2026/09/29 12:23:45.136, 6, 18460, 100
2026/09/29 12:23:45.136, 7, 18180, 100
2026/09/29 12:23:46.136, 0, 18472, 100
2026/09/29 12:23:46.136, 1, 18180, 100
2026/09/29 12:23:46.136, 2, 18180, 100
2026/09/29 12:23:46.136, 3, 18180, 100
2026/09/29 12:23:46.136, 4, 18180, 100
2026/09/29 12:23:46.136, 5, 18180, 100
2026/09/29 12:23:46.136, 6, 18460, 100
2026/09/29 12:23:46.136, 7, 18180, 100
2026/09/29 12:23:47.137, 0, 18472, 100
2026/09/29 12:23:47.137, 1, 18180, 99
2026/09/29 12:23:47.137, 2, 18180, 100
2026/09/29 12:23:47.137, 3, 18180, 95
2026/09/29 12:23:47.137, 4, 18180, 100
2026/09/29 12:23:47.137, 5, 18180, 100
2026/09/29 12:23:47.137, 6, 18460, 98
2026/09/29 12:23:47.137, 7, 18180, 100
2026/09/29 12:23:48.137, 0, 18472, 100
2026/09/29 12:23:48.137, 1, 18180, 100
2026/09/29 12:23:48.138, 2, 18180, 100
2026/09/29 12:23:48.138, 3, 18180, 100
2026/09/29 12:23:48.138, 4, 18180, 100
2026/09/29 12:23:48.138, 5, 18180, 100
2026/09/29 12:23:48.138, 6, 18460, 100
2026/09/29 12:23:48.138, 7, 18180, 100
2026/09/29 12:23:49.138, 0, 18472, 100
2026/09/29 12:23:49.138, 1, 18180, 100
2026/09/29 12:23:49.138, 2, 18180, 100
2026/09/29 12:23:49.138, 3, 18180, 100
2026/09/29 12:23:49.138, 4, 18180, 100
2026/09/29 12:23:49.138, 5, 18180, 100
2026/09/29 12:23:49.138, 6, 18460, 100
2026/09/29 12:23:49.139, 7, 18180, 100
2026/09/29 12:23:50.139, 0, 18472, 100
2026/09/29 12:23:50.139, 1, 18180, 100
2026/09/29 12:23:50.139, 2, 18180, 100
2026/09/29 12:23:50.139, 3, 18180, 100
2026/09/29 12:23:50.139, 4, 18180, 100
2026/09/29 12:23:50.139, 5, 18180, 100
2026/09/29 12:23:50.139, 6, 18460, 100
2026/09/29 12:23:50.139, 7, 18180, 100
2026/09/29 12:23:51.139, 0, 18472, 100
2026/09/29 12:23:51.139, 1, 18180, 100
2026/09/29 12:23:51.140, 2, 18180, 100
2026/09/29 12:23:51.140, 3, 18180, 100
2026/09/29 12:23:51.140, 4, 18180, 100
2026/09/29 12:23:51.140, 5, 18180, 100
2026/09/29 12:23:51.140, 6, 18460, 100
2026/09/29 12:23:51.140, 7, 18180, 100
2026/09/29 12:23:52.140, 0, 18472, 100
2026/09/29 12:23:52.140, 1, 18180, 99
2026/09/29 12:23:52.140, 2, 18180, 100
2026/09/29 12:23:52.140, 3, 18180, 97
2026/09/29 12:23:52.140, 4, 18180, 100
2026/09/29 12:23:52.140, 5, 18180, 100
2026/09/29 12:23:52.141, 6, 18460, 95
2026/09/29 12:23:52.141, 7, 18180, 100
2026/09/29 12:23:53.141, 0, 18472, 100
2026/09/29 12:23:53.141, 1, 18180, 100
2026/09/29 12:23:53.141, 2, 18180, 100
2026/09/29 12:23:53.141, 3, 18180, 100
2026/09/29 12:23:53.141, 4, 18180, 100
2026/09/29 12:23:53.141, 5, 18180, 100
2026/09/29 12:23:53.141, 6, 18460, 100
2026/09/29 12:23:53.141, 7, 18180, 100
2026/09/29 12:23:54.141, 0, 18472, 100
2026/09/29 12:23:54.141, 1, 18180, 100
2026/09/29 12:23:54.141, 2, 18180, 100
2026/09/29 12:23:54.141, 3, 18180, 100
2026/09/29 12:23:54.141, 4, 18180, 100
2026/09/29 12:23:54.142, 5, 18180, 100
2026/09/29 12:23:54.142, 6, 18460, 100
2026/09/29 12:23:54.142, 7, 18180, 100
2026/09/29 12:23:55.142, 0, 18472, 100
2026/09/29 12:23:55.142, 1, 18180, 100
2026/09/29 12:23:55.142, 2, 18180, 100
2026/09/29 12:23:55.142, 3, 18180, 100
2026/09/29 12:23:55.142, 4, 18180, 100
2026/09/29 12:23:55.142, 5, 18180, 100
2026/09/29 12:23:55.142, 6, 18460, 100
2026/09/29 12:23:55.142, 7, 18180, 100
2026/09/29 12:23:56.142, 0, 18472, 100
2026/09/29 12:23:56.143, 1, 18180, 100
2026/09/29 12:23:56.143, 2, 18180, 100
2026/09/29 12:23:56.143, 3, 18180, 100
2026/09/29 12:23:56.143, 4, 18180, 100
2026/09/29 12:23:56.143, 5, 18180, 100
2026/09/29 12:23:56.143, 6, 18460, 100
2026/09/29 12:23:56.143, 7, 18180, 100
2026/09/29 12:23:57.143, 0, 18472, 100
2026/09/29 12:23:57.143, 1, 18180, 99
2026/09/29 12:23:57.143, 2, 18180, 100
2026/09/29 12:23:57.143, 3, 18180, 100
2026/09/29 12:23:57.143, 4, 18180, 100
2026/09/29 12:23:57.144, 5, 18180, 100
2026/09/29 12:23:57.144, 6, 18460, 95
2026/09/29 12:23:57.144, 7, 18180, 100
2026/09/29 12:23:58.144, 0, 18472, 100
2026/09/29 12:23:58.144, 1, 18180, 100
2026/09/29 12:23:58.144, 2, 18180, 100
2026/09/29 12:23:58.144, 3, 18180, 100
2026/09/29 12:23:58.144, 4, 18180, 100
2026/09/29 12:23:58.144, 5, 18180, 100
2026/09/29 12:23:58.144, 6, 18460, 100
2026/09/29 12:23:58.144, 7, 18180, 100
2026/09/29 12:23:59.144, 0, 18472, 100
2026/09/29 12:23:59.145, 1, 18180, 100
2026/09/29 12:23:59.145, 2, 18180, 100
2026/09/29 12:23:59.145, 3, 18180, 100
2026/09/29 12:23:59.145, 4, 18180, 100
2026/09/29 12:23:59.145, 5, 18180, 100
2026/09/29 12:23:59.145, 6, 18460, 100
2026/09/29 12:23:59.145, 7, 18180, 100
2026/09/29 12:24:00.145, 0, 18472, 100
2026/09/29 12:24:00.145, 1, 18180, 100
2026/09/29 12:24:00.145, 2, 18180, 100
2026/09/29 12:24:00.145, 3, 18180, 100
2026/09/29 12:24:00.145, 4, 18180, 100
2026/09/29 12:24:00.145, 5, 18180, 100
2026/09/29 12:24:00.145, 6, 18460, 100
2026/09/29 12:24:00.145, 7, 18180, 100
2026/09/29 12:24:01.146, 0, 18472, 100
2026/09/29 12:24:01.146, 1, 18180, 100
2026/09/29 12:24:01.146, 2, 18180, 100
2026/09/29 12:24:01.146, 3, 18180, 100
2026/09/29 12:24:01.146, 4, 18180, 100
2026/09/29 12:24:01.146, 5, 18180, 100
2026/09/29 12:24:01.146, 6, 18460, 100
2026/09/29 12:24:01.146, 7, 18180, 100
2026/09/29 12:24:02.146, 0, 18472, 100
2026/09/29 12:24:02.146, 1, 18180, 100
2026/09/29 12:24:02.146, 2, 18180, 100
2026/09/29 12:24:02.146, 3, 18180, 100
2026/09/29 12:24:02.146, 4, 18180, 100
2026/09/29 12:24:02.146, 5, 18180, 100
2026/09/29 12:24:02.146, 6, 18460, 96
2026/09/29 12:24:02.146, 7, 18180, 100
2026/09/29 12:24:03.146, 0, 18472, 100
2026/09/29 12:24:03.147, 1, 18180, 100
2026/09/29 12:24:03.147, 2, 18180, 100
2026/09/29 12:24:03.147, 3, 18180, 100
2026/09/29 12:24:03.147, 4, 18180, 100
2026/09/29 12:24:03.147, 5, 18180, 100
2026/09/29 12:24:03.147, 6, 18460, 100
2026/09/29 12:24:03.147, 7, 18180, 100
2026/09/29 12:24:04.147, 0, 18472, 100
2026/09/29 12:24:04.147, 1, 18180, 100
2026/09/29 12:24:04.147, 2, 18180, 100
2026/09/29 12:24:04.147, 3, 18180, 100
2026/09/29 12:24:04.148, 4, 18180, 100
2026/09/29 12:24:04.148, 5, 18180, 100
2026/09/29 12:24:04.148, 6, 18460, 100
2026/09/29 12:24:04.148, 7, 18180, 100
2026/09/29 12:24:05.148, 0, 18472, 100
2026/09/29 12:24:05.148, 1, 18180, 100
2026/09/29 12:24:05.148, 2, 18180, 100
2026/09/29 12:24:05.148, 3, 18180, 100
2026/09/29 12:24:05.148, 4, 18180, 100
2026/09/29 12:24:05.148, 5, 18180, 100
2026/09/29 12:24:05.148, 6, 18460, 100
2026/09/29 12:24:05.148, 7, 18180, 100
2026/09/29 12:24:06.148, 0, 18472, 100
2026/09/29 12:24:06.149, 1, 18180, 100
2026/09/29 12:24:06.149, 2, 18180, 100
2026/09/29 12:24:06.149, 3, 18180, 100
2026/09/29 12:24:06.149, 4, 18180, 100
2026/09/29 12:24:06.149, 5, 18180, 100
2026/09/29 12:24:06.149, 6, 18460, 100
2026/09/29 12:24:06.149, 7, 18180, 100
2026/09/29 12:24:07.149, 0, 18472, 100
2026/09/29 12:24:07.149, 1, 18180, 100
2026/09/29 12:24:07.149, 2, 18180, 100
2026/09/29 12:24:07.149, 3, 18180, 100
2026/09/29 12:24:07.150, 4, 18180, 100
2026/09/29 12:24:07.150, 5, 18180, 100
2026/09/29 12:24:07.150, 6, 18460, 96
2026/09/29 12:24:07.150, 7, 18180, 100
2026/09/29 12:24:08.150, 0, 18472, 100
2026/09/29 12:24:08.150, 1, 18180, 100
2026/09/29 12:24:08.150, 2, 18180, 100
2026/09/29 12:24:08.150, 3, 18180, 100
2026/09/29 12:24:08.150, 4, 18180, 100
2026/09/29 12:24:08.150, 5, 18180, 100
2026/09/29 12:24:08.150, 6, 18460, 100
2026/09/29 12:24:08.151, 7, 18180, 100
2026/09/29 12:24:09.151, 0, 18472, 100
2026/09/29 12:24:09.151, 1, 18180, 100
2026/09/29 12:24:09.151, 2, 18180, 100
2026/09/29 12:24:09.151, 3, 18180, 100
2026/09/29 12:24:09.151, 4, 18180, 100
2026/09/29 12:24:09.151, 5, 18180, 100
2026/09/29 12:24:09.151, 6, 18460, 100
2026/09/29 12:24:09.151, 7, 18180, 100
2026/09/29 12:24:10.151, 0, 18472, 100
2026/09/29 12:24:10.151, 1, 18180, 100
2026/09/29 12:24:10.152, 2, 18180, 100
2026/09/29 12:24:10.152, 3, 18180, 100
2026/09/29 12:24:10.152, 4, 18180, 100
2026/09/29 12:24:10.152, 5, 18180, 100
2026/09/29 12:24:10.152, 6, 18460, 100
2026/09/29 12:24:10.152, 7, 18180, 100
2026/09/29 12:24:11.152, 0, 18472, 100
2026/09/29 12:24:11.152, 1, 18180, 100
2026/09/29 12:24:11.152, 2, 18180, 100
2026/09/29 12:24:11.152, 3, 18180, 100
2026/09/29 12:24:11.152, 4, 18180, 100
2026/09/29 12:24:11.152, 5, 18180, 100
2026/09/29 12:24:11.152, 6, 18460, 100
2026/09/29 12:24:11.152, 7, 18180, 100
2026/09/29 12:24:12.152, 0, 18472, 100
2026/09/29 12:24:12.153, 1, 18180, 100
2026/09/29 12:24:12.153, 2, 18180, 100
2026/09/29 12:24:12.153, 3, 18180, 100
2026/09/29 12:24:12.153, 4, 18180, 100
2026/09/29 12:24:12.153, 5, 18180, 100
2026/09/29 12:24:12.153, 6, 18460, 95
2026/09/29 12:24:12.153, 7, 18180, 100
2026/09/29 12:24:13.153, 0, 18472, 100
2026/09/29 12:24:13.153, 1, 18180, 100
2026/09/29 12:24:13.154, 2, 18180, 100
2026/09/29 12:24:13.154, 3, 18180, 100
2026/09/29 12:24:13.154, 4, 18180, 100
2026/09/29 12:24:13.154, 5, 18180, 100
2026/09/29 12:24:13.154, 6, 18460, 100
2026/09/29 12:24:13.154, 7, 18180, 100
2026/09/29 12:24:14.154, 0, 18472, 100
2026/09/29 12:24:14.154, 1, 18180, 100
2026/09/29 12:24:14.154, 2, 18180, 100
2026/09/29 12:24:14.154, 3, 18180, 100
2026/09/29 12:24:14.154, 4, 18180, 100
2026/09/29 12:24:14.154, 5, 18180, 100
2026/09/29 12:24:14.154, 6, 18460, 100
2026/09/29 12:24:14.154, 7, 18180, 100
2026/09/29 12:24:15.155, 0, 18472, 100
2026/09/29 12:24:15.155, 1, 18180, 100
2026/09/29 12:24:15.155, 2, 18180, 100
2026/09/29 12:24:15.155, 3, 18180, 100
2026/09/29 12:24:15.155, 4, 18180, 100
2026/09/29 12:24:15.155, 5, 18180, 100
2026/09/29 12:24:15.155, 6, 18460, 100
2026/09/29 12:24:15.155, 7, 18180, 100
2026/09/29 12:24:16.155, 0, 18472, 100
2026/09/29 12:24:16.155, 1, 18180, 100
2026/09/29 12:24:16.155, 2, 18180, 100
2026/09/29 12:24:16.156, 3, 18180, 100
2026/09/29 12:24:16.156, 4, 18180, 100
2026/09/29 12:24:16.156, 5, 18180, 100
2026/09/29 12:24:16.156, 6, 18460, 100
2026/09/29 12:24:16.156, 7, 18180, 100
2026/09/29 12:24:17.156, 0, 18472, 100
2026/09/29 12:24:17.156, 1, 18180, 100
2026/09/29 12:24:17.156, 2, 18180, 100
2026/09/29 12:24:17.156, 3, 18180, 100
2026/09/29 12:24:17.156, 4, 18180, 100
2026/09/29 12:24:17.156, 5, 18180, 100
2026/09/29 12:24:17.156, 6, 18460, 96
2026/09/29 12:24:17.156, 7, 18180, 100
2026/09/29 12:24:18.157, 0, 18472, 100
2026/09/29 12:24:18.157, 1, 18180, 100
2026/09/29 12:24:18.157, 2, 18180, 100
2026/09/29 12:24:18.157, 3, 18180, 100
2026/09/29 12:24:18.157, 4, 18180, 100
2026/09/29 12:24:18.157, 5, 18180, 100
2026/09/29 12:24:18.157, 6, 18460, 100
2026/09/29 12:24:18.157, 7, 18180, 100
2026/09/29 12:24:19.157, 0, 18472, 100
2026/09/29 12:24:19.157, 1, 18180, 100
2026/09/29 12:24:19.157, 2, 18180, 100
2026/09/29 12:24:19.157, 3, 18180, 100
2026/09/29 12:24:19.157, 4, 18180, 100
2026/09/29 12:24:19.157, 5, 18180, 100
2026/09/29 12:24:19.157, 6, 18460, 100
2026/09/29 12:24:19.157, 7, 18180, 100
2026/09/29 12:24:20.158, 0, 18472, 100
2026/09/29 12:24:20.158, 1, 18180, 100
2026/09/29 12:24:20.158, 2, 18180, 100
2026/09/29 12:24:20.158, 3, 18180, 100
2026/09/29 12:24:20.158, 4, 18180, 100
2026/09/29 12:24:20.158, 5, 18180, 100
2026/09/29 12:24:20.158, 6, 18460, 100
2026/09/29 12:24:20.158, 7, 18180, 100
2026/09/29 12:24:21.158, 0, 18472, 100
2026/09/29 12:24:21.158, 1, 18180, 100
2026/09/29 12:24:21.158, 2, 18180, 100
2026/09/29 12:24:21.159, 3, 18180, 100
2026/09/29 12:24:21.159, 4, 18180, 100
2026/09/29 12:24:21.159, 5, 18180, 100
2026/09/29 12:24:21.159, 6, 18460, 100
2026/09/29 12:24:21.159, 7, 18180, 100
2026/09/29 12:24:22.159, 0, 18472, 100
2026/09/29 12:24:22.159, 1, 18180, 100
2026/09/29 12:24:22.159, 2, 18180, 100
2026/09/29 12:24:22.159, 3, 18180, 100
2026/09/29 12:24:22.159, 4, 18180, 100
2026/09/29 12:24:22.159, 5, 18180, 100
2026/09/29 12:24:22.159, 6, 18460, 93
2026/09/29 12:24:22.159, 7, 18180, 100
2026/09/29 12:24:23.159, 0, 18472, 3
2026/09/29 12:24:23.160, 1, 18180, 100
2026/09/29 12:24:23.160, 2, 18180, 100
2026/09/29 12:24:23.160, 3, 18180, 100
2026/09/29 12:24:23.160, 4, 18180, 41
2026/09/29 12:24:23.160, 5, 18180, 100
2026/09/29 12:24:23.160, 6, 18460, 100
2026/09/29 12:24:23.160, 7, 18180, 0
2026/09/29 12:24:24.160, 0, 18472, 93
2026/09/29 12:24:24.161, 1, 18180, 94
2026/09/29 12:24:24.161, 2, 18180, 97
2026/09/29 12:24:24.161, 3, 18180, 95
2026/09/29 12:24:24.161, 4, 18180, 100
2026/09/29 12:24:24.161, 5, 18180, 98
2026/09/29 12:24:24.161, 6, 18460, 100
2026/09/29 12:24:24.161, 7, 18180, 100
2026/09/29 12:24:25.161, 0, 18472, 100
2026/09/29 12:24:25.161, 1, 18180, 100
2026/09/29 12:24:25.161, 2, 18180, 100
2026/09/29 12:24:25.161, 3, 18180, 100
2026/09/29 12:24:25.161, 4, 18180, 100
2026/09/29 12:24:25.161, 5, 18180, 100
2026/09/29 12:24:25.162, 6, 18460, 100
2026/09/29 12:24:25.162, 7, 18180, 100
2026/09/29 12:24:26.162, 0, 18472, 100
2026/09/29 12:24:26.162, 1, 18180, 100
2026/09/29 12:24:26.162, 2, 18180, 100
2026/09/29 12:24:26.162, 3, 18180, 100
2026/09/29 12:24:26.162, 4, 18180, 100
2026/09/29 12:24:26.162, 5, 18180, 100
2026/09/29 12:24:26.162, 6, 18460, 100
2026/09/29 12:24:26.162, 7, 18180, 100
2026/09/29 12:24:27.163, 0, 18472, 100
2026/09/29 12:24:27.163, 1, 18180, 100
2026/09/29 12:24:27.163, 2, 18180, 100
2026/09/29 12:24:27.163, 3, 18180, 100
2026/09/29 12:24:27.163, 4, 18180, 100
2026/09/29 12:24:27.163, 5, 18180, 100
2026/09/29 12:24:27.163, 6, 18460, 100
2026/09/29 12:24:27.163, 7, 18180, 100
2026/09/29 12:24:28.164, 0, 18472, 100
2026/09/29 12:24:28.164, 1, 18180, 100
2026/09/29 12:24:28.164, 2, 18180, 100
2026/09/29 12:24:28.164, 3, 18180, 100
2026/09/29 12:24:28.164, 4, 18180, 100
2026/09/29 12:24:28.164, 5, 18180, 100
2026/09/29 12:24:28.164, 6, 18460, 100
2026/09/29 12:24:28.164, 7, 18180, 100
2026/09/29 12:24:29.164, 0, 18472, 98
2026/09/29 12:24:29.165, 1, 18180, 97
2026/09/29 12:24:29.165, 2, 18180, 100
2026/09/29 12:24:29.165, 3, 18180, 95
2026/09/29 12:24:29.165, 4, 18180, 100
2026/09/29 12:24:29.165, 5, 18180, 100
2026/09/29 12:24:29.165, 6, 18460, 100
2026/09/29 12:24:29.165, 7, 18180, 100
2026/09/29 12:24:30.165, 0, 18472, 100
2026/09/29 12:24:30.165, 1, 18180, 100
2026/09/29 12:24:30.165, 2, 18180, 100
2026/09/29 12:24:30.165, 3, 18180, 100
2026/09/29 12:24:30.165, 4, 18180, 100
2026/09/29 12:24:30.166, 5, 18180, 100
2026/09/29 12:24:30.166, 6, 18460, 100
2026/09/29 12:24:30.166, 7, 18180, 100
2026/09/29 12:24:31.166, 0, 18472, 100
2026/09/29 12:24:31.166, 1, 18180, 100
2026/09/29 12:24:31.166, 2, 18180, 100
2026/09/29 12:24:31.166, 3, 18180, 100
2026/09/29 12:24:31.166, 4, 18180, 100
2026/09/29 12:24:31.166, 5, 18180, 100
2026/09/29 12:24:31.166, 6, 18460, 100
2026/09/29 12:24:31.166, 7, 18180, 100
2026/09/29 12:24:32.166, 0, 18472, 100
2026/09/29 12:24:32.166, 1, 18180, 100
2026/09/29 12:24:32.166, 2, 18180, 100
2026/09/29 12:24:32.167, 3, 18180, 100
2026/09/29 12:24:32.167, 4, 18180, 100
2026/09/29 12:24:32.167, 5, 18180, 100
2026/09/29 12:24:32.167, 6, 18460, 100
2026/09/29 12:24:32.167, 7, 18180, 100
2026/09/29 12:24:33.167, 0, 18472, 100
2026/09/29 12:24:33.167, 1, 18180, 100
2026/09/29 12:24:33.167, 2, 18180, 100
2026/09/29 12:24:33.167, 3, 18180, 100
2026/09/29 12:24:33.167, 4, 18180, 100
2026/09/29 12:24:33.167, 5, 18180, 100
2026/09/29 12:24:33.167, 6, 18460, 100
2026/09/29 12:24:33.167, 7, 18180, 100
2026/09/29 12:24:34.168, 0, 18472, 97
2026/09/29 12:24:34.168, 1, 18180, 96
2026/09/29 12:24:34.168, 2, 18180, 99
2026/09/29 12:24:34.168, 3, 18180, 95
2026/09/29 12:24:34.168, 4, 18180, 100
2026/09/29 12:24:34.168, 5, 18180, 100
2026/09/29 12:24:34.168, 6, 18460, 100
2026/09/29 12:24:34.168, 7, 18180, 100
2026/09/29 12:24:35.169, 0, 18472, 100
2026/09/29 12:24:35.169, 1, 18180, 100
2026/09/29 12:24:35.169, 2, 18180, 100
2026/09/29 12:24:35.169, 3, 18180, 100
2026/09/29 12:24:35.169, 4, 18180, 100
2026/09/29 12:24:35.169, 5, 18180, 100
2026/09/29 12:24:35.169, 6, 18460, 100
2026/09/29 12:24:35.169, 7, 18180, 100
2026/09/29 12:24:36.169, 0, 18472, 100
2026/09/29 12:24:36.169, 1, 18180, 100
2026/09/29 12:24:36.169, 2, 18180, 100
2026/09/29 12:24:36.169, 3, 18180, 100
2026/09/29 12:24:36.169, 4, 18180, 100
2026/09/29 12:24:36.169, 5, 18180, 100
2026/09/29 12:24:36.170, 6, 18460, 100
2026/09/29 12:24:36.170, 7, 18180, 100
2026/09/29 12:24:37.170, 0, 18472, 100
2026/09/29 12:24:37.170, 1, 18180, 100
2026/09/29 12:24:37.170, 2, 18180, 100
2026/09/29 12:24:37.170, 3, 18180, 100
2026/09/29 12:24:37.170, 4, 18180, 100
2026/09/29 12:24:37.170, 5, 18180, 100
2026/09/29 12:24:37.170, 6, 18460, 100
2026/09/29 12:24:37.170, 7, 18180, 100
2026/09/29 12:24:38.170, 0, 18472, 100
2026/09/29 12:24:38.171, 1, 18180, 100
2026/09/29 12:24:38.171, 2, 18180, 100
2026/09/29 12:24:38.171, 3, 18180, 100
2026/09/29 12:24:38.171, 4, 18180, 100
2026/09/29 12:24:38.171, 5, 18180, 100
2026/09/29 12:24:38.171, 6, 18460, 100
2026/09/29 12:24:38.171, 7, 18180, 100
2026/09/29 12:24:39.171, 0, 18472, 97
2026/09/29 12:24:39.171, 1, 18180, 99
2026/09/29 12:24:39.171, 2, 18180, 99
2026/09/29 12:24:39.171, 3, 18180, 94
2026/09/29 12:24:39.171, 4, 18180, 100
2026/09/29 12:24:39.171, 5, 18180, 100
2026/09/29 12:24:39.172, 6, 18460, 100
2026/09/29 12:24:39.172, 7, 18180, 100
2026/09/29 12:24:40.172, 0, 18472, 100
2026/09/29 12:24:40.172, 1, 18180, 100
2026/09/29 12:24:40.172, 2, 18180, 100
2026/09/29 12:24:40.172, 3, 18180, 100
2026/09/29 12:24:40.172, 4, 18180, 100
2026/09/29 12:24:40.172, 5, 18180, 100
2026/09/29 12:24:40.172, 6, 18460, 100
2026/09/29 12:24:40.172, 7, 18180, 100
2026/09/29 12:24:41.172, 0, 18472, 100
2026/09/29 12:24:41.173, 1, 18180, 100
2026/09/29 12:24:41.173, 2, 18180, 100
2026/09/29 12:24:41.173, 3, 18180, 100
2026/09/29 12:24:41.173, 4, 18180, 100
2026/09/29 12:24:41.173, 5, 18180, 100
2026/09/29 12:24:41.173, 6, 18460, 100
2026/09/29 12:24:41.173, 7, 18180, 100
2026/09/29 12:24:42.173, 0, 18472, 100
2026/09/29 12:24:42.173, 1, 18180, 100
2026/09/29 12:24:42.173, 2, 18180, 100
2026/09/29 12:24:42.173, 3, 18180, 100
2026/09/29 12:24:42.173, 4, 18180, 100
2026/09/29 12:24:42.173, 5, 18180, 100
2026/09/29 12:24:42.173, 6, 18460, 100
2026/09/29 12:24:42.173, 7, 18180, 100
2026/09/29 12:24:43.174, 0, 18472, 100
2026/09/29 12:24:43.174, 1, 18180, 100
2026/09/29 12:24:43.174, 2, 18180, 100
2026/09/29 12:24:43.174, 3, 18180, 100
2026/09/29 12:24:43.174, 4, 18180, 100
2026/09/29 12:24:43.174, 5, 18180, 100
2026/09/29 12:24:43.174, 6, 18460, 100
2026/09/29 12:24:43.174, 7, 18180, 100
2026/09/29 12:24:44.174, 0, 18472, 96
2026/09/29 12:24:44.175, 1, 18180, 96
2026/09/29 12:24:44.175, 2, 18180, 99
2026/09/29 12:24:44.175, 3, 18180, 98
2026/09/29 12:24:44.175, 4, 18180, 100
2026/09/29 12:24:44.175, 5, 18180, 100
2026/09/29 12:24:44.175, 6, 18460, 100
2026/09/29 12:24:44.175, 7, 18180, 100
2026/09/29 12:24:45.175, 0, 18472, 100
2026/09/29 12:24:45.175, 1, 18180, 100
2026/09/29 12:24:45.175, 2, 18180, 100
2026/09/29 12:24:45.175, 3, 18180, 100
2026/09/29 12:24:45.175, 4, 18180, 100
2026/09/29 12:24:45.175, 5, 18180, 100
2026/09/29 12:24:45.175, 6, 18460, 100
2026/09/29 12:24:45.175, 7, 18180, 100
2026/09/29 12:24:46.176, 0, 18472, 100
2026/09/29 12:24:46.176, 1, 18180, 100
2026/09/29 12:24:46.176, 2, 18180, 100
2026/09/29 12:24:46.176, 3, 18180, 100
2026/09/29 12:24:46.176, 4, 18180, 100
2026/09/29 12:24:46.176, 5, 18180, 100
2026/09/29 12:24:46.176, 6, 18460, 100
2026/09/29 12:24:46.176, 7, 18180, 100
2026/09/29 12:24:47.176, 0, 18472, 100
2026/09/29 12:24:47.176, 1, 18180, 100
2026/09/29 12:24:47.176, 2, 18180, 100
2026/09/29 12:24:47.177, 3, 18180, 100
2026/09/29 12:24:47.177, 4, 18180, 100
2026/09/29 12:24:47.177, 5, 18180, 100
2026/09/29 12:24:47.177, 6, 18460, 100
2026/09/29 12:24:47.177, 7, 18180, 100
2026/09/29 12:24:48.177, 0, 18472, 100
2026/09/29 12:24:48.177, 1, 18180, 100
2026/09/29 12:24:48.177, 2, 18180, 100
2026/09/29 12:24:48.177, 3, 18180, 100
2026/09/29 12:24:48.177, 4, 18180, 100
2026/09/29 12:24:48.177, 5, 18180, 100
2026/09/29 12:24:48.177, 6, 18460, 100
2026/09/29 12:24:48.177, 7, 18180, 100
2026/09/29 12:24:49.178, 0, 18472, 99
2026/09/29 12:24:49.178, 1, 18180, 99
2026/09/29 12:24:49.178, 2, 18180, 100
2026/09/29 12:24:49.178, 3, 18180, 94
2026/09/29 12:24:49.178, 4, 18180, 100
2026/09/29 12:24:49.178, 5, 18180, 100
2026/09/29 12:24:49.178, 6, 18460, 99
2026/09/29 12:24:49.178, 7, 18180, 100
2026/09/29 12:24:50.178, 0, 18472, 100
2026/09/29 12:24:50.179, 1, 18180, 100
2026/09/29 12:24:50.179, 2, 18180, 100
2026/09/29 12:24:50.179, 3, 18180, 100
2026/09/29 12:24:50.179, 4, 18180, 100
2026/09/29 12:24:50.179, 5, 18180, 100
2026/09/29 12:24:50.179, 6, 18460, 100
2026/09/29 12:24:50.179, 7, 18180, 100
2026/09/29 12:24:51.179, 0, 18472, 100
2026/09/29 12:24:51.179, 1, 18180, 100
2026/09/29 12:24:51.179, 2, 18180, 100
2026/09/29 12:24:51.179, 3, 18180, 100
2026/09/29 12:24:51.179, 4, 18180, 100
2026/09/29 12:24:51.179, 5, 18180, 100
2026/09/29 12:24:51.179, 6, 18460, 100
2026/09/29 12:24:51.180, 7, 18180, 100
2026/09/29 12:24:52.180, 0, 18472, 100
2026/09/29 12:24:52.180, 1, 18180, 100
2026/09/29 12:24:52.180, 2, 18180, 100
2026/09/29 12:24:52.180, 3, 18180, 100
2026/09/29 12:24:52.180, 4, 18180, 100
2026/09/29 12:24:52.180, 5, 18180, 100
2026/09/29 12:24:52.180, 6, 18460, 100
2026/09/29 12:24:52.180, 7, 18180, 100
2026/09/29 12:24:53.181, 0, 18472, 100
2026/09/29 12:24:53.181, 1, 18180, 100
2026/09/29 12:24:53.181, 2, 18180, 100
2026/09/29 12:24:53.181, 3, 18180, 100
2026/09/29 12:24:53.181, 4, 18180, 100
2026/09/29 12:24:53.181, 5, 18180, 100
2026/09/29 12:24:53.181, 6, 18460, 100
2026/09/29 12:24:53.181, 7, 18180, 100
2026/09/29 12:24:54.182, 0, 18472, 100
2026/09/29 12:24:54.182, 1, 18180, 99
2026/09/29 12:24:54.182, 2, 18180, 100
2026/09/29 12:24:54.182, 3, 18180, 95
2026/09/29 12:24:54.182, 4, 18180, 100
2026/09/29 12:24:54.182, 5, 18180, 100
2026/09/29 12:24:54.182, 6, 18460, 99
2026/09/29 12:24:54.182, 7, 18180, 100
2026/09/29 12:24:55.182, 0, 18472, 100
2026/09/29 12:24:55.182, 1, 18180, 100
2026/09/29 12:24:55.183, 2, 18180, 100
2026/09/29 12:24:55.183, 3, 18180, 100
2026/09/29 12:24:55.183, 4, 18180, 100
2026/09/29 12:24:55.183, 5, 18180, 100
2026/09/29 12:24:55.183, 6, 18460, 100
2026/09/29 12:24:55.183, 7, 18180, 100
2026/09/29 12:24:56.183, 0, 18472, 100
2026/09/29 12:24:56.183, 1, 18180, 100
2026/09/29 12:24:56.183, 2, 18180, 100
2026/09/29 12:24:56.183, 3, 18180, 100
2026/09/29 12:24:56.183, 4, 18180, 100
2026/09/29 12:24:56.183, 5, 18180, 100
2026/09/29 12:24:56.183, 6, 18460, 100
2026/09/29 12:24:56.183, 7, 18180, 100
2026/09/29 12:24:57.184, 0, 18472, 100
2026/09/29 12:24:57.184, 1, 18180, 100
2026/09/29 12:24:57.184, 2, 18180, 100
2026/09/29 12:24:57.184, 3, 18180, 100
2026/09/29 12:24:57.184, 4, 18180, 100
2026/09/29 12:24:57.184, 5, 18180, 100
2026/09/29 12:24:57.184, 6, 18460, 100
2026/09/29 12:24:57.184, 7, 18180, 100
2026/09/29 12:24:58.185, 0, 18472, 100
2026/09/29 12:24:58.185, 1, 18180, 100
2026/09/29 12:24:58.185, 2, 18180, 100
2026/09/29 12:24:58.185, 3, 18180, 100
2026/09/29 12:24:58.185, 4, 18180, 100
2026/09/29 12:24:58.185, 5, 18180, 100
2026/09/29 12:24:58.185, 6, 18460, 100
2026/09/29 12:24:58.185, 7, 18180, 100
2026/09/29 12:24:59.185, 0, 18472, 100
2026/09/29 12:24:59.185, 1, 18180, 99
2026/09/29 12:24:59.186, 2, 18180, 100
2026/09/29 12:24:59.186, 3, 18180, 95
2026/09/29 12:24:59.186, 4, 18180, 100
2026/09/29 12:24:59.186, 5, 18180, 100
2026/09/29 12:24:59.186, 6, 18460, 99
2026/09/29 12:24:59.186, 7, 18180, 100
2026/09/29 12:25:00.186, 0, 18472, 100
2026/09/29 12:25:00.186, 1, 18180, 100
2026/09/29 12:25:00.186, 2, 18180, 100
2026/09/29 12:25:00.186, 3, 18180, 100
2026/09/29 12:25:00.186, 4, 18180, 100
2026/09/29 12:25:00.186, 5, 18180, 100
2026/09/29 12:25:00.186, 6, 18460, 100
2026/09/29 12:25:00.187, 7, 18180, 100
2026/09/29 12:25:01.187, 0, 18472, 100
2026/09/29 12:25:01.187, 1, 18180, 100
2026/09/29 12:25:01.187, 2, 18180, 100
2026/09/29 12:25:01.187, 3, 18180, 100
2026/09/29 12:25:01.187, 4, 18180, 100
2026/09/29 12:25:01.187, 5, 18180, 100
2026/09/29 12:25:01.187, 6, 18460, 100
2026/09/29 12:25:01.187, 7, 18180, 100
2026/09/29 12:25:02.187, 0, 18472, 100
2026/09/29 12:25:02.187, 1, 18180, 100
2026/09/29 12:25:02.187, 2, 18180, 100
2026/09/29 12:25:02.188, 3, 18180, 100
2026/09/29 12:25:02.188, 4, 18180, 100
2026/09/29 12:25:02.188, 5, 18180, 100
2026/09/29 12:25:02.188, 6, 18460, 100
2026/09/29 12:25:02.188, 7, 18180, 100
2026/09/29 12:25:03.188, 0, 18472, 100
2026/09/29 12:25:03.188, 1, 18180, 100
2026/09/29 12:25:03.188, 2, 18180, 100
2026/09/29 12:25:03.188, 3, 18180, 100
2026/09/29 12:25:03.188, 4, 18180, 100
2026/09/29 12:25:03.189, 5, 18180, 100
2026/09/29 12:25:03.189, 6, 18460, 100
2026/09/29 12:25:03.189, 7, 18180, 100
2026/09/29 12:25:04.189, 0, 18472, 100
2026/09/29 12:25:04.189, 1, 18180, 99
2026/09/29 12:25:04.189, 2, 18180, 100
2026/09/29 12:25:04.189, 3, 18180, 96
2026/09/29 12:25:04.189, 4, 18180, 100
2026/09/29 12:25:04.189, 5, 18180, 100
2026/09/29 12:25:04.189, 6, 18460, 99
2026/09/29 12:25:04.189, 7, 18180, 100
2026/09/29 12:25:05.189, 0, 18472, 100
2026/09/29 12:25:05.190, 1, 18180, 100
2026/09/29 12:25:05.190, 2, 18180, 100
2026/09/29 12:25:05.190, 3, 18180, 100
2026/09/29 12:25:05.190, 4, 18180, 100
2026/09/29 12:25:05.190, 5, 18180, 100
2026/09/29 12:25:05.190, 6, 18460, 100
2026/09/29 12:25:05.190, 7, 18180, 100
2026/09/29 12:25:06.190, 0, 18472, 100
2026/09/29 12:25:06.190, 1, 18180, 100
2026/09/29 12:25:06.191, 2, 18180, 100
2026/09/29 12:25:06.191, 3, 18180, 100
2026/09/29 12:25:06.191, 4, 18180, 100
2026/09/29 12:25:06.191, 5, 18180, 100
2026/09/29 12:25:06.191, 6, 18460, 100
2026/09/29 12:25:06.191, 7, 18180, 100
2026/09/29 12:25:07.191, 0, 18472, 100
2026/09/29 12:25:07.191, 1, 18180, 100
2026/09/29 12:25:07.191, 2, 18180, 100
2026/09/29 12:25:07.191, 3, 18180, 100
2026/09/29 12:25:07.191, 4, 18180, 100
2026/09/29 12:25:07.191, 5, 18180, 100
2026/09/29 12:25:07.191, 6, 18460, 100
2026/09/29 12:25:07.191, 7, 18180, 100
2026/09/29 12:25:08.191, 0, 18472, 100
2026/09/29 12:25:08.192, 1, 18180, 100
2026/09/29 12:25:08.192, 2, 18180, 100
2026/09/29 12:25:08.192, 3, 18180, 100
2026/09/29 12:25:08.192, 4, 18180, 100
2026/09/29 12:25:08.192, 5, 18180, 100
2026/09/29 12:25:08.192, 6, 18460, 100
2026/09/29 12:25:08.192, 7, 18180, 100
2026/09/29 12:25:09.192, 0, 18472, 100
2026/09/29 12:25:09.193, 1, 18180, 99
2026/09/29 12:25:09.193, 2, 18180, 100
2026/09/29 12:25:09.193, 3, 18180, 96
2026/09/29 12:25:09.193, 4, 18180, 100
2026/09/29 12:25:09.193, 5, 18180, 100
2026/09/29 12:25:09.193, 6, 18460, 98
2026/09/29 12:25:09.193, 7, 18180, 100
2026/09/29 12:25:10.193, 0, 18472, 100
2026/09/29 12:25:10.193, 1, 18180, 100
2026/09/29 12:25:10.193, 2, 18180, 100
2026/09/29 12:25:10.193, 3, 18180, 100
2026/09/29 12:25:10.193, 4, 18180, 100
2026/09/29 12:25:10.193, 5, 18180, 100
2026/09/29 12:25:10.194, 6, 18460, 100
2026/09/29 12:25:10.194, 7, 18180, 100
2026/09/29 12:25:11.194, 0, 18472, 100
2026/09/29 12:25:11.194, 1, 18180, 100
2026/09/29 12:25:11.194, 2, 18180, 100
2026/09/29 12:25:11.194, 3, 18180, 100
2026/09/29 12:25:11.194, 4, 18180, 100
2026/09/29 12:25:11.194, 5, 18180, 100
2026/09/29 12:25:11.194, 6, 18460, 100
2026/09/29 12:25:11.194, 7, 18180, 100
2026/09/29 12:25:12.194, 0, 18472, 100
2026/09/29 12:25:12.194, 1, 18180, 100
2026/09/29 12:25:12.195, 2, 18180, 100
2026/09/29 12:25:12.195, 3, 18180, 100
2026/09/29 12:25:12.195, 4, 18180, 100
2026/09/29 12:25:12.195, 5, 18180, 100
2026/09/29 12:25:12.195, 6, 18460, 100
2026/09/29 12:25:12.195, 7, 18180, 100
2026/09/29 12:25:13.195, 0, 18472, 100
2026/09/29 12:25:13.195, 1, 18180, 100
2026/09/29 12:25:13.195, 2, 18180, 100
2026/09/29 12:25:13.195, 3, 18180, 100
2026/09/29 12:25:13.195, 4, 18180, 100
2026/09/29 12:25:13.195, 5, 18180, 100
2026/09/29 12:25:13.195, 6, 18460, 100
2026/09/29 12:25:13.195, 7, 18180, 100
2026/09/29 12:25:14.196, 0, 18472, 100
2026/09/29 12:25:14.196, 1, 18180, 99
2026/09/29 12:25:14.196, 2, 18180, 100
2026/09/29 12:25:14.196, 3, 18180, 96
2026/09/29 12:25:14.196, 4, 18180, 100
2026/09/29 12:25:14.196, 5, 18180, 100
2026/09/29 12:25:14.196, 6, 18460, 98
2026/09/29 12:25:14.196, 7, 18180, 100
2026/09/29 12:25:15.196, 0, 18472, 100
2026/09/29 12:25:15.196, 1, 18180, 100
2026/09/29 12:25:15.197, 2, 18180, 100
2026/09/29 12:25:15.197, 3, 18180, 100
2026/09/29 12:25:15.197, 4, 18180, 100
2026/09/29 12:25:15.197, 5, 18180, 100
2026/09/29 12:25:15.197, 6, 18460, 100
2026/09/29 12:25:15.197, 7, 18180, 100
2026/09/29 12:25:16.197, 0, 18472, 100
2026/09/29 12:25:16.197, 1, 18180, 100
2026/09/29 12:25:16.197, 2, 18180, 100
2026/09/29 12:25:16.197, 3, 18180, 100
2026/09/29 12:25:16.197, 4, 18180, 100
2026/09/29 12:25:16.197, 5, 18180, 100
2026/09/29 12:25:16.197, 6, 18460, 100
2026/09/29 12:25:16.197, 7, 18180, 100
2026/09/29 12:25:17.198, 0, 18472, 100
2026/09/29 12:25:17.198, 1, 18180, 100
2026/09/29 12:25:17.198, 2, 18180, 100
2026/09/29 12:25:17.198, 3, 18180, 100
2026/09/29 12:25:17.198, 4, 18180, 100
2026/09/29 12:25:17.198, 5, 18180, 100
2026/09/29 12:25:17.198, 6, 18460, 100
2026/09/29 12:25:17.198, 7, 18180, 100
2026/09/29 12:25:18.198, 0, 18472, 100
2026/09/29 12:25:18.198, 1, 18180, 100
2026/09/29 12:25:18.198, 2, 18180, 100
2026/09/29 12:25:18.199, 3, 18180, 100
2026/09/29 12:25:18.199, 4, 18180, 100
2026/09/29 12:25:18.199, 5, 18180, 100
2026/09/29 12:25:18.199, 6, 18460, 100
2026/09/29 12:25:18.199, 7, 18180, 100
2026/09/29 12:25:19.199, 0, 18472, 95
2026/09/29 12:25:19.199, 1, 18180, 99
2026/09/29 12:25:19.199, 2, 18180, 100
2026/09/29 12:25:19.199, 3, 18180, 95
2026/09/29 12:25:19.199, 4, 18180, 100
2026/09/29 12:25:19.199, 5, 18180, 100
2026/09/29 12:25:19.199, 6, 18460, 98
2026/09/29 12:25:19.199, 7, 18180, 100
2026/09/29 12:25:20.200, 0, 18472, 100
2026/09/29 12:25:20.200, 1, 18180, 100
2026/09/29 12:25:20.200, 2, 18180, 100
2026/09/29 12:25:20.200, 3, 18180, 100
2026/09/29 12:25:20.200, 4, 18180, 100
2026/09/29 12:25:20.200, 5, 18180, 100
2026/09/29 12:25:20.200, 6, 18460, 100
2026/09/29 12:25:20.200, 7, 18180, 100
2026/09/29 12:25:21.200, 0, 18472, 100
2026/09/29 12:25:21.204, 1, 18180, 100
2026/09/29 12:25:21.205, 2, 18180, 100
2026/09/29 12:25:21.205, 3, 18180, 100
2026/09/29 12:25:21.205, 4, 18180, 100
2026/09/29 12:25:21.205, 5, 18180, 100
2026/09/29 12:25:21.205, 6, 18460, 100
2026/09/29 12:25:21.205, 7, 18180, 100
2026/09/29 12:25:22.205, 0, 18472, 100
2026/09/29 12:25:22.205, 1, 18180, 100
2026/09/29 12:25:22.205, 2, 18180, 100
2026/09/29 12:25:22.205, 3, 18180, 100
2026/09/29 12:25:22.205, 4, 18180, 100
2026/09/29 12:25:22.206, 5, 18180, 100
2026/09/29 12:25:22.206, 6, 18460, 100
2026/09/29 12:25:22.206, 7, 18180, 100
2026/09/29 12:25:23.206, 0, 18472, 100
2026/09/29 12:25:23.206, 1, 18180, 100
2026/09/29 12:25:23.206, 2, 18180, 100
2026/09/29 12:25:23.206, 3, 18180, 100
2026/09/29 12:25:23.206, 4, 18180, 100
2026/09/29 12:25:23.206, 5, 18180, 100
2026/09/29 12:25:23.206, 6, 18460, 100
2026/09/29 12:25:23.206, 7, 18180, 100
2026/09/29 12:25:24.207, 0, 18472, 97
2026/09/29 12:25:24.207, 1, 18180, 99
2026/09/29 12:25:24.207, 2, 18180, 100
2026/09/29 12:25:24.207, 3, 18180, 100
2026/09/29 12:25:24.207, 4, 18180, 100
2026/09/29 12:25:24.207, 5, 18180, 100
2026/09/29 12:25:24.207, 6, 18460, 95
2026/09/29 12:25:24.207, 7, 18180, 100
2026/09/29 12:25:25.207, 0, 18472, 100
2026/09/29 12:25:25.207, 1, 18180, 100
2026/09/29 12:25:25.207, 2, 18180, 100
2026/09/29 12:25:25.207, 3, 18180, 100
2026/09/29 12:25:25.208, 4, 18180, 100
2026/09/29 12:25:25.208, 5, 18180, 100
2026/09/29 12:25:25.208, 6, 18460, 100
2026/09/29 12:25:25.208, 7, 18180, 100
2026/09/29 12:25:26.208, 0, 18472, 100
2026/09/29 12:25:26.208, 1, 18180, 100
2026/09/29 12:25:26.208, 2, 18180, 100
2026/09/29 12:25:26.208, 3, 18180, 100
2026/09/29 12:25:26.208, 4, 18180, 100
2026/09/29 12:25:26.208, 5, 18180, 100
2026/09/29 12:25:26.208, 6, 18460, 100
2026/09/29 12:25:26.208, 7, 18180, 100
2026/09/29 12:25:27.208, 0, 18472, 100
2026/09/29 12:25:27.209, 1, 18180, 100
2026/09/29 12:25:27.209, 2, 18180, 100
2026/09/29 12:25:27.209, 3, 18180, 100
2026/09/29 12:25:27.209, 4, 18180, 100
2026/09/29 12:25:27.209, 5, 18180, 100
2026/09/29 12:25:27.209, 6, 18460, 100
2026/09/29 12:25:27.209, 7, 18180, 100
2026/09/29 12:25:28.209, 0, 18472, 100
2026/09/29 12:25:28.209, 1, 18180, 100
2026/09/29 12:25:28.209, 2, 18180, 100
2026/09/29 12:25:28.209, 3, 18180, 100
2026/09/29 12:25:28.209, 4, 18180, 100
2026/09/29 12:25:28.209, 5, 18180, 100
2026/09/29 12:25:28.210, 6, 18460, 100
2026/09/29 12:25:28.210, 7, 18180, 100
2026/09/29 12:25:29.210, 0, 18472, 99
2026/09/29 12:25:29.210, 1, 18180, 100
2026/09/29 12:25:29.210, 2, 18180, 100
2026/09/29 12:25:29.210, 3, 18180, 100
2026/09/29 12:25:29.210, 4, 18180, 100
2026/09/29 12:25:29.210, 5, 18180, 100
2026/09/29 12:25:29.210, 6, 18460, 95
2026/09/29 12:25:29.210, 7, 18180, 100
2026/09/29 12:25:30.210, 0, 18472, 100
2026/09/29 12:25:30.211, 1, 18180, 100
2026/09/29 12:25:30.211, 2, 18180, 100
2026/09/29 12:25:30.211, 3, 18180, 100
2026/09/29 12:25:30.211, 4, 18180, 100
2026/09/29 12:25:30.211, 5, 18180, 100
2026/09/29 12:25:30.211, 6, 18460, 100
2026/09/29 12:25:30.211, 7, 18180, 100
2026/09/29 12:25:31.211, 0, 18472, 100
2026/09/29 12:25:31.211, 1, 18180, 100
2026/09/29 12:25:31.211, 2, 18180, 100
2026/09/29 12:25:31.211, 3, 18180, 100
2026/09/29 12:25:31.211, 4, 18180, 100
2026/09/29 12:25:31.211, 5, 18180, 100
2026/09/29 12:25:31.211, 6, 18460, 100
2026/09/29 12:25:31.211, 7, 18180, 100
2026/09/29 12:25:32.212, 0, 18472, 100
2026/09/29 12:25:32.212, 1, 18180, 100
2026/09/29 12:25:32.212, 2, 18180, 100
2026/09/29 12:25:32.212, 3, 18180, 100
2026/09/29 12:25:32.213, 4, 18180, 100
2026/09/29 12:25:32.213, 5, 18180, 100
2026/09/29 12:25:32.213, 6, 18460, 100
2026/09/29 12:25:32.213, 7, 18180, 100
2026/09/29 12:25:33.213, 0, 18472, 100
2026/09/29 12:25:33.213, 1, 18180, 100
2026/09/29 12:25:33.213, 2, 18180, 100
2026/09/29 12:25:33.213, 3, 18180, 100
2026/09/29 12:25:33.213, 4, 18180, 100
2026/09/29 12:25:33.213, 5, 18180, 100
2026/09/29 12:25:33.214, 6, 18460, 100
2026/09/29 12:25:33.214, 7, 18180, 100
2026/09/29 12:25:34.214, 0, 18472, 100
2026/09/29 12:25:34.214, 1, 18180, 100
2026/09/29 12:25:34.214, 2, 18180, 100
2026/09/29 12:25:34.214, 3, 18180, 100
2026/09/29 12:25:34.214, 4, 18180, 100
2026/09/29 12:25:34.214, 5, 18180, 100
2026/09/29 12:25:34.214, 6, 18460, 95
2026/09/29 12:25:34.214, 7, 18180, 100
2026/09/29 12:25:35.214, 0, 18472, 100
2026/09/29 12:25:35.215, 1, 18180, 100
2026/09/29 12:25:35.215, 2, 18180, 100
2026/09/29 12:25:35.215, 3, 18180, 100
2026/09/29 12:25:35.215, 4, 18180, 100
2026/09/29 12:25:35.215, 5, 18180, 100
2026/09/29 12:25:35.215, 6, 18460, 100
2026/09/29 12:25:35.215, 7, 18180, 100
2026/09/29 12:25:36.215, 0, 18472, 100
2026/09/29 12:25:36.215, 1, 18180, 100
2026/09/29 12:25:36.215, 2, 18180, 100
2026/09/29 12:25:36.215, 3, 18180, 100
2026/09/29 12:25:36.215, 4, 18180, 100
2026/09/29 12:25:36.215, 5, 18180, 100
2026/09/29 12:25:36.216, 6, 18460, 100
2026/09/29 12:25:36.216, 7, 18180, 100
2026/09/29 12:25:37.216, 0, 18472, 100
2026/09/29 12:25:37.216, 1, 18180, 100
2026/09/29 12:25:37.216, 2, 18180, 100
2026/09/29 12:25:37.216, 3, 18180, 100
2026/09/29 12:25:37.216, 4, 18180, 100
2026/09/29 12:25:37.216, 5, 18180, 100
2026/09/29 12:25:37.216, 6, 18460, 100
2026/09/29 12:25:37.216, 7, 18180, 100
2026/09/29 12:25:38.217, 0, 18472, 100
2026/09/29 12:25:38.217, 1, 18180, 100
2026/09/29 12:25:38.217, 2, 18180, 100
2026/09/29 12:25:38.217, 3, 18180, 100
2026/09/29 12:25:38.217, 4, 18180, 100
2026/09/29 12:25:38.217, 5, 18180, 100
2026/09/29 12:25:38.217, 6, 18460, 100
2026/09/29 12:25:38.217, 7, 18180, 100
2026/09/29 12:25:39.217, 0, 18472, 100
2026/09/29 12:25:39.217, 1, 18180, 99
2026/09/29 12:25:39.218, 2, 18180, 100
2026/09/29 12:25:39.218, 3, 18180, 100
2026/09/29 12:25:39.218, 4, 18180, 100
2026/09/29 12:25:39.218, 5, 18180, 100
2026/09/29 12:25:39.218, 6, 18460, 96
2026/09/29 12:25:39.218, 7, 18180, 100
2026/09/29 12:25:40.218, 0, 18472, 100
2026/09/29 12:25:40.218, 1, 18180, 100
2026/09/29 12:25:40.218, 2, 18180, 100
2026/09/29 12:25:40.218, 3, 18180, 100
2026/09/29 12:25:40.218, 4, 18180, 100
2026/09/29 12:25:40.219, 5, 18180, 100
2026/09/29 12:25:40.219, 6, 18460, 100
2026/09/29 12:25:40.219, 7, 18180, 100
2026/09/29 12:25:41.219, 0, 18472, 100
2026/09/29 12:25:41.219, 1, 18180, 100
2026/09/29 12:25:41.219, 2, 18180, 100
2026/09/29 12:25:41.219, 3, 18180, 100
2026/09/29 12:25:41.219, 4, 18180, 100
2026/09/29 12:25:41.219, 5, 18180, 100
2026/09/29 12:25:41.219, 6, 18460, 100
2026/09/29 12:25:41.219, 7, 18180, 100
2026/09/29 12:25:42.219, 0, 18472, 100
2026/09/29 12:25:42.220, 1, 18180, 100
2026/09/29 12:25:42.220, 2, 18180, 100
2026/09/29 12:25:42.220, 3, 18180, 100
2026/09/29 12:25:42.220, 4, 18180, 100
2026/09/29 12:25:42.220, 5, 18180, 100
2026/09/29 12:25:42.220, 6, 18460, 100
2026/09/29 12:25:42.220, 7, 18180, 100
2026/09/29 12:25:43.220, 0, 18472, 100
2026/09/29 12:25:43.220, 1, 18180, 100
2026/09/29 12:25:43.220, 2, 18180, 100
2026/09/29 12:25:43.220, 3, 18180, 100
2026/09/29 12:25:43.220, 4, 18180, 100
2026/09/29 12:25:43.220, 5, 18180, 100
2026/09/29 12:25:43.221, 6, 18460, 100
2026/09/29 12:25:43.221, 7, 18180, 100
2026/09/29 12:25:44.221, 0, 18472, 100
2026/09/29 12:25:44.221, 1, 18180, 100
2026/09/29 12:25:44.221, 2, 18180, 100
2026/09/29 12:25:44.221, 3, 18180, 100
2026/09/29 12:25:44.221, 4, 18180, 100
2026/09/29 12:25:44.221, 5, 18180, 100
2026/09/29 12:25:44.221, 6, 18460, 97
2026/09/29 12:25:44.221, 7, 18180, 100
2026/09/29 12:25:45.221, 0, 18472, 100
2026/09/29 12:25:45.222, 1, 18180, 100
2026/09/29 12:25:45.222, 2, 18180, 100
2026/09/29 12:25:45.222, 3, 18180, 100
2026/09/29 12:25:45.222, 4, 18180, 100
2026/09/29 12:25:45.222, 5, 18180, 100
2026/09/29 12:25:45.222, 6, 18460, 100
2026/09/29 12:25:45.222, 7, 18180, 100
2026/09/29 12:25:46.222, 0, 18472, 100
2026/09/29 12:25:46.222, 1, 18180, 100
2026/09/29 12:25:46.222, 2, 18180, 100
2026/09/29 12:25:46.222, 3, 18180, 100
2026/09/29 12:25:46.222, 4, 18180, 100
2026/09/29 12:25:46.222, 5, 18180, 100
2026/09/29 12:25:46.222, 6, 18460, 100
2026/09/29 12:25:46.223, 7, 18180, 100
2026/09/29 12:25:47.223, 0, 18472, 100
2026/09/29 12:25:47.223, 1, 18180, 100
2026/09/29 12:25:47.223, 2, 18180, 100
2026/09/29 12:25:47.223, 3, 18180, 100
2026/09/29 12:25:47.223, 4, 18180, 100
2026/09/29 12:25:47.223, 5, 18180, 100
2026/09/29 12:25:47.223, 6, 18460, 100
2026/09/29 12:25:47.223, 7, 18180, 100
2026/09/29 12:25:48.223, 0, 18472, 100
2026/09/29 12:25:48.223, 1, 18180, 100
2026/09/29 12:25:48.223, 2, 18180, 100
2026/09/29 12:25:48.223, 3, 18180, 100
2026/09/29 12:25:48.223, 4, 18180, 100
2026/09/29 12:25:48.223, 5, 18180, 100
2026/09/29 12:25:48.223, 6, 18460, 100
2026/09/29 12:25:48.223, 7, 18180, 100
2026/09/29 12:25:49.224, 0, 18472, 100
2026/09/29 12:25:49.224, 1, 18180, 100
2026/09/29 12:25:49.224, 2, 18180, 100
2026/09/29 12:25:49.224, 3, 18180, 100
2026/09/29 12:25:49.224, 4, 18180, 100
2026/09/29 12:25:49.224, 5, 18180, 100
2026/09/29 12:25:49.224, 6, 18460, 99
2026/09/29 12:25:49.224, 7, 18180, 100
2026/09/29 12:25:50.224, 0, 18472, 100
2026/09/29 12:25:50.224, 1, 18180, 100
2026/09/29 12:25:50.224, 2, 18180, 100
2026/09/29 12:25:50.224, 3, 18180, 100
2026/09/29 12:25:50.225, 4, 18180, 100
2026/09/29 12:25:50.225, 5, 18180, 100
2026/09/29 12:25:50.225, 6, 18460, 100
2026/09/29 12:25:50.225, 7, 18180, 100
2026/09/29 12:25:51.225, 0, 18472, 100
2026/09/29 12:25:51.225, 1, 18180, 100
2026/09/29 12:25:51.226, 2, 18180, 100
2026/09/29 12:25:51.227, 3, 18180, 100
2026/09/29 12:25:51.227, 4, 18180, 100
2026/09/29 12:25:51.229, 5, 18180, 100
2026/09/29 12:25:51.232, 6, 18460, 100
2026/09/29 12:25:51.233, 7, 18180, 100
2026/09/29 12:25:52.234, 0, 18472, 100
2026/09/29 12:25:52.234, 1, 18180, 100
2026/09/29 12:25:52.234, 2, 18180, 100
2026/09/29 12:25:52.234, 3, 18180, 100
2026/09/29 12:25:52.234, 4, 18180, 100
2026/09/29 12:25:52.234, 5, 18180, 100
2026/09/29 12:25:52.234, 6, 18460, 100
2026/09/29 12:25:52.234, 7, 18180, 100
2026/09/29 12:25:53.234, 0, 18472, 100
2026/09/29 12:25:53.234, 1, 18180, 100
2026/09/29 12:25:53.235, 2, 18180, 100
2026/09/29 12:25:53.235, 3, 18180, 100
2026/09/29 12:25:53.235, 4, 18180, 100
2026/09/29 12:25:53.235, 5, 18180, 100
2026/09/29 12:25:53.235, 6, 18460, 100
2026/09/29 12:25:53.235, 7, 18180, 100
2026/09/29 12:25:54.235, 0, 18472, 100
2026/09/29 12:25:54.235, 1, 18180, 100
2026/09/29 12:25:54.235, 2, 18180, 100
2026/09/29 12:25:54.235, 3, 18180, 100
2026/09/29 12:25:54.235, 4, 18180, 100
2026/09/29 12:25:54.235, 5, 18180, 100
2026/09/29 12:25:54.235, 6, 18460, 100
2026/09/29 12:25:54.235, 7, 18180, 100
2026/09/29 12:25:55.236, 0, 18472, 100
2026/09/29 12:25:55.236, 1, 18180, 100
2026/09/29 12:25:55.236, 2, 18180, 100
2026/09/29 12:25:55.236, 3, 18180, 100
2026/09/29 12:25:55.236, 4, 18180, 100
2026/09/29 12:25:55.236, 5, 18180, 100
2026/09/29 12:25:55.236, 6, 18460, 100
2026/09/29 12:25:55.236, 7, 18180, 100
2026/09/29 12:25:56.236, 0, 18472, 100
2026/09/29 12:25:56.236, 1, 18180, 100
2026/09/29 12:25:56.236, 2, 18180, 100
2026/09/29 12:25:56.236, 3, 18180, 100
2026/09/29 12:25:56.236, 4, 18180, 100
2026/09/29 12:25:56.237, 5, 18180, 100
2026/09/29 12:25:56.237, 6, 18460, 100
2026/09/29 12:25:56.237, 7, 18180, 100
2026/09/29 12:25:57.237, 0, 18472, 100
2026/09/29 12:25:57.237, 1, 18180, 100
2026/09/29 12:25:57.237, 2, 18180, 100
2026/09/29 12:25:57.237, 3, 18180, 100
2026/09/29 12:25:57.237, 4, 18180, 100
2026/09/29 12:25:57.237, 5, 18180, 100
2026/09/29 12:25:57.237, 6, 18460, 100
2026/09/29 12:25:57.237, 7, 18180, 100
2026/09/29 12:25:58.238, 0, 18472, 100
2026/09/29 12:25:58.238, 1, 18180, 100
2026/09/29 12:25:58.238, 2, 18180, 100
2026/09/29 12:25:58.238, 3, 18180, 100
2026/09/29 12:25:58.238, 4, 18180, 100
2026/09/29 12:25:58.238, 5, 18180, 100
2026/09/29 12:25:58.238, 6, 18460, 100
2026/09/29 12:25:58.238, 7, 18180, 100
2026/09/29 12:25:59.238, 0, 18472, 100
2026/09/29 12:25:59.238, 1, 18180, 100
2026/09/29 12:25:59.238, 2, 18180, 100
2026/09/29 12:25:59.239, 3, 18180, 100
2026/09/29 12:25:59.239, 4, 18180, 100
2026/09/29 12:25:59.239, 5, 18180, 100
2026/09/29 12:25:59.239, 6, 18460, 99
2026/09/29 12:25:59.239, 7, 18180, 100
2026/09/29 12:26:00.239, 0, 18472, 100
2026/09/29 12:26:00.239, 1, 18180, 100
2026/09/29 12:26:00.239, 2, 18180, 100
2026/09/29 12:26:00.239, 3, 18180, 100
2026/09/29 12:26:00.239, 4, 18180, 100
2026/09/29 12:26:00.239, 5, 18180, 100
2026/09/29 12:26:00.239, 6, 18460, 100
2026/09/29 12:26:00.239, 7, 18180, 100
2026/09/29 12:26:01.239, 0, 18472, 100
2026/09/29 12:26:01.240, 1, 18180, 100
2026/09/29 12:26:01.240, 2, 18180, 100
2026/09/29 12:26:01.240, 3, 18180, 100
2026/09/29 12:26:01.240, 4, 18180, 100
2026/09/29 12:26:01.240, 5, 18180, 100
2026/09/29 12:26:01.240, 6, 18460, 100
2026/09/29 12:26:01.240, 7, 18180, 100
2026/09/29 12:26:02.240, 0, 18472, 100
2026/09/29 12:26:02.240, 1, 18180, 100
2026/09/29 12:26:02.240, 2, 18180, 100
2026/09/29 12:26:02.240, 3, 18180, 100
2026/09/29 12:26:02.240, 4, 18180, 100
2026/09/29 12:26:02.241, 5, 18180, 100
2026/09/29 12:26:02.241, 6, 18460, 100
2026/09/29 12:26:02.241, 7, 18180, 100
2026/09/29 12:26:03.241, 0, 18472, 100
2026/09/29 12:26:03.241, 1, 18180, 100
2026/09/29 12:26:03.241, 2, 18180, 100
2026/09/29 12:26:03.241, 3, 18180, 100
2026/09/29 12:26:03.241, 4, 18180, 100
2026/09/29 12:26:03.241, 5, 18180, 100
2026/09/29 12:26:03.241, 6, 18460, 100
2026/09/29 12:26:03.241, 7, 18180, 100
2026/09/29 12:26:04.242, 0, 18472, 100
2026/09/29 12:26:04.242, 1, 18180, 100
2026/09/29 12:26:04.242, 2, 18180, 100
2026/09/29 12:26:04.242, 3, 18180, 100
2026/09/29 12:26:04.242, 4, 18180, 100
2026/09/29 12:26:04.242, 5, 18180, 100
2026/09/29 12:26:04.242, 6, 18460, 99
2026/09/29 12:26:04.242, 7, 18180, 100
2026/09/29 12:26:05.242, 0, 18472, 100
2026/09/29 12:26:05.242, 1, 18180, 100
2026/09/29 12:26:05.242, 2, 18180, 100
2026/09/29 12:26:05.242, 3, 18180, 100
2026/09/29 12:26:05.242, 4, 18180, 100
2026/09/29 12:26:05.243, 5, 18180, 100
2026/09/29 12:26:05.243, 6, 18460, 100
2026/09/29 12:26:05.243, 7, 18180, 100
2026/09/29 12:26:06.243, 0, 18472, 100
2026/09/29 12:26:06.243, 1, 18180, 100
2026/09/29 12:26:06.243, 2, 18180, 100
2026/09/29 12:26:06.243, 3, 18180, 100
2026/09/29 12:26:06.243, 4, 18180, 100
2026/09/29 12:26:06.243, 5, 18180, 100
2026/09/29 12:26:06.243, 6, 18460, 100
2026/09/29 12:26:06.243, 7, 18180, 100
2026/09/29 12:26:07.244, 0, 18472, 100
2026/09/29 12:26:07.244, 1, 18180, 100
2026/09/29 12:26:07.244, 2, 18180, 100
2026/09/29 12:26:07.244, 3, 18180, 100
2026/09/29 12:26:07.244, 4, 18180, 100
2026/09/29 12:26:07.244, 5, 18180, 100
2026/09/29 12:26:07.244, 6, 18460, 100
2026/09/29 12:26:07.244, 7, 18180, 100
2026/09/29 12:26:08.244, 0, 18472, 100
2026/09/29 12:26:08.244, 1, 18180, 100
2026/09/29 12:26:08.244, 2, 18180, 100
2026/09/29 12:26:08.244, 3, 18180, 100
2026/09/29 12:26:08.245, 4, 18180, 100
2026/09/29 12:26:08.245, 5, 18180, 100
2026/09/29 12:26:08.245, 6, 18460, 100
2026/09/29 12:26:08.245, 7, 18180, 100
2026/09/29 12:26:09.245, 0, 18472, 100
2026/09/29 12:26:09.245, 1, 18180, 100
2026/09/29 12:26:09.245, 2, 18180, 100
2026/09/29 12:26:09.245, 3, 18180, 100
2026/09/29 12:26:09.245, 4, 18180, 100
2026/09/29 12:26:09.245, 5, 18180, 100
2026/09/29 12:26:09.245, 6, 18460, 100
2026/09/29 12:26:09.245, 7, 18180, 100
2026/09/29 12:26:10.246, 0, 18472, 100
2026/09/29 12:26:10.246, 1, 18180, 100
2026/09/29 12:26:10.246, 2, 18180, 100
2026/09/29 12:26:10.246, 3, 18180, 100
2026/09/29 12:26:10.246, 4, 18180, 100
2026/09/29 12:26:10.246, 5, 18180, 100
2026/09/29 12:26:10.246, 6, 18460, 100
2026/09/29 12:26:10.246, 7, 18180, 100
2026/09/29 12:26:11.246, 0, 18472, 100
2026/09/29 12:26:11.246, 1, 18180, 100
2026/09/29 12:26:11.246, 2, 18180, 100
2026/09/29 12:26:11.246, 3, 18180, 100
2026/09/29 12:26:11.247, 4, 18180, 100
2026/09/29 12:26:11.247, 5, 18180, 100
2026/09/29 12:26:11.247, 6, 18460, 100
2026/09/29 12:26:11.247, 7, 18180, 100
2026/09/29 12:26:12.247, 0, 18472, 100
2026/09/29 12:26:12.247, 1, 18180, 100
2026/09/29 12:26:12.247, 2, 18180, 100
2026/09/29 12:26:12.247, 3, 18180, 100
2026/09/29 12:26:12.247, 4, 18180, 100
2026/09/29 12:26:12.247, 5, 18180, 100
2026/09/29 12:26:12.247, 6, 18460, 100
2026/09/29 12:26:12.247, 7, 18180, 100
2026/09/29 12:26:13.247, 0, 18472, 100
2026/09/29 12:26:13.248, 1, 18180, 100
2026/09/29 12:26:13.248, 2, 18180, 100
2026/09/29 12:26:13.248, 3, 18180, 100
2026/09/29 12:26:13.248, 4, 18180, 100
2026/09/29 12:26:13.248, 5, 18180, 100
2026/09/29 12:26:13.248, 6, 18460, 100
2026/09/29 12:26:13.248, 7, 18180, 100
2026/09/29 12:26:14.248, 0, 18472, 100
2026/09/29 12:26:14.248, 1, 18180, 100
2026/09/29 12:26:14.248, 2, 18180, 100
2026/09/29 12:26:14.248, 3, 18180, 100
2026/09/29 12:26:14.248, 4, 18180, 100
2026/09/29 12:26:14.249, 5, 18180, 100
2026/09/29 12:26:14.249, 6, 18460, 100
2026/09/29 12:26:14.249, 7, 18180, 100
2026/09/29 12:26:15.249, 0, 18472, 100
2026/09/29 12:26:15.249, 1, 18180, 100
2026/09/29 12:26:15.249, 2, 18180, 100
2026/09/29 12:26:15.249, 3, 18180, 100
2026/09/29 12:26:15.249, 4, 18180, 100
2026/09/29 12:26:15.249, 5, 18180, 100
2026/09/29 12:26:15.249, 6, 18460, 100
2026/09/29 12:26:15.249, 7, 18180, 100
2026/09/29 12:26:16.249, 0, 18472, 100
2026/09/29 12:26:16.250, 1, 18180, 100
2026/09/29 12:26:16.250, 2, 18180, 100
2026/09/29 12:26:16.250, 3, 18180, 100
2026/09/29 12:26:16.250, 4, 18180, 100
2026/09/29 12:26:16.250, 5, 18180, 100
2026/09/29 12:26:16.250, 6, 18460, 100
2026/09/29 12:26:16.250, 7, 18180, 100
2026/09/29 12:26:17.250, 0, 18472, 100
2026/09/29 12:26:17.250, 1, 18180, 100
2026/09/29 12:26:17.250, 2, 18180, 100
2026/09/29 12:26:17.250, 3, 18180, 100
2026/09/29 12:26:17.250, 4, 18180, 100
2026/09/29 12:26:17.250, 5, 18180, 100
2026/09/29 12:26:17.250, 6, 18460, 100
2026/09/29 12:26:17.250, 7, 18180, 100
2026/09/29 12:26:18.250, 0, 18472, 100
2026/09/29 12:26:18.251, 1, 18180, 100
2026/09/29 12:26:18.251, 2, 18180, 100
2026/09/29 12:26:18.251, 3, 18180, 100
2026/09/29 12:26:18.251, 4, 18180, 100
2026/09/29 12:26:18.251, 5, 18180, 100
2026/09/29 12:26:18.251, 6, 18460, 100
2026/09/29 12:26:18.251, 7, 18180, 100
2026/09/29 12:26:19.251, 0, 18472, 100
2026/09/29 12:26:19.251, 1, 18180, 100
2026/09/29 12:26:19.251, 2, 18180, 100
2026/09/29 12:26:19.251, 3, 18180, 100
2026/09/29 12:26:19.251, 4, 18180, 100
2026/09/29 12:26:19.251, 5, 18180, 100
2026/09/29 12:26:19.252, 6, 18460, 100
2026/09/29 12:26:19.252, 7, 18180, 100
2026/09/29 12:26:20.252, 0, 18472, 100
2026/09/29 12:26:20.253, 1, 18180, 100
2026/09/29 12:26:20.253, 2, 18180, 100
2026/09/29 12:26:20.253, 3, 18180, 100
2026/09/29 12:26:20.253, 4, 18180, 100
2026/09/29 12:26:20.253, 5, 18180, 100
2026/09/29 12:26:20.253, 6, 18460, 100
2026/09/29 12:26:20.253, 7, 18180, 100
2026/09/29 12:26:21.253, 0, 18472, 100
2026/09/29 12:26:21.253, 1, 18180, 100
2026/09/29 12:26:21.254, 2, 18180, 100
2026/09/29 12:26:21.254, 3, 18180, 100
2026/09/29 12:26:21.254, 4, 18180, 100
2026/09/29 12:26:21.254, 5, 18180, 100
2026/09/29 12:26:21.255, 6, 18460, 100
2026/09/29 12:26:21.255, 7, 18180, 100
2026/09/29 12:26:22.255, 0, 18472, 100
2026/09/29 12:26:22.255, 1, 18180, 100
2026/09/29 12:26:22.255, 2, 18180, 100
2026/09/29 12:26:22.255, 3, 18180, 100
2026/09/29 12:26:22.255, 4, 18180, 100
2026/09/29 12:26:22.255, 5, 18180, 100
2026/09/29 12:26:22.255, 6, 18460, 100
2026/09/29 12:26:22.255, 7, 18180, 100
2026/09/29 12:26:23.255, 0, 18472, 100
2026/09/29 12:26:23.256, 1, 18180, 100
2026/09/29 12:26:23.256, 2, 18180, 100
2026/09/29 12:26:23.256, 3, 18180, 100
2026/09/29 12:26:23.256, 4, 18180, 100
2026/09/29 12:26:23.256, 5, 18180, 100
2026/09/29 12:26:23.256, 6, 18460, 100
2026/09/29 12:26:23.256, 7, 18180, 100
2026/09/29 12:26:24.256, 0, 18472, 100
2026/09/29 12:26:24.256, 1, 18180, 100
2026/09/29 12:26:24.256, 2, 18180, 100
2026/09/29 12:26:24.256, 3, 18180, 100
2026/09/29 12:26:24.256, 4, 18180, 100
2026/09/29 12:26:24.257, 5, 18180, 100
2026/09/29 12:26:24.257, 6, 18460, 100
2026/09/29 12:26:24.257, 7, 18180, 100
2026/09/29 12:26:25.257, 0, 18472, 100
2026/09/29 12:26:25.257, 1, 18180, 100
2026/09/29 12:26:25.257, 2, 18180, 100
2026/09/29 12:26:25.257, 3, 18180, 100
2026/09/29 12:26:25.257, 4, 18180, 100
2026/09/29 12:26:25.257, 5, 18180, 100
2026/09/29 12:26:25.257, 6, 18460, 100
2026/09/29 12:26:25.257, 7, 18180, 100
2026/09/29 12:26:26.257, 0, 18472, 100
2026/09/29 12:26:26.258, 1, 18180, 100
2026/09/29 12:26:26.258, 2, 18180, 100
2026/09/29 12:26:26.258, 3, 18180, 100
2026/09/29 12:26:26.258, 4, 18180, 100
2026/09/29 12:26:26.258, 5, 18180, 100
2026/09/29 12:26:26.258, 6, 18460, 100
2026/09/29 12:26:26.258, 7, 18180, 100
2026/09/29 12:26:27.258, 0, 18472, 100
2026/09/29 12:26:27.258, 1, 18180, 100
2026/09/29 12:26:27.258, 2, 18180, 100
2026/09/29 12:26:27.258, 3, 18180, 100
2026/09/29 12:26:27.258, 4, 18180, 100
2026/09/29 12:26:27.258, 5, 18180, 100
2026/09/29 12:26:27.259, 6, 18460, 100
2026/09/29 12:26:27.259, 7, 18180, 100
2026/09/29 12:26:28.259, 0, 18472, 100
2026/09/29 12:26:28.259, 1, 18180, 100
2026/09/29 12:26:28.259, 2, 18180, 100
2026/09/29 12:26:28.259, 3, 18180, 100
2026/09/29 12:26:28.259, 4, 18180, 100
2026/09/29 12:26:28.259, 5, 18180, 100
2026/09/29 12:26:28.259, 6, 18460, 100
2026/09/29 12:26:28.259, 7, 18180, 100
2026/09/29 12:26:29.259, 0, 18472, 100
2026/09/29 12:26:29.260, 1, 18180, 100
2026/09/29 12:26:29.260, 2, 18180, 100
2026/09/29 12:26:29.260, 3, 18180, 100
2026/09/29 12:26:29.260, 4, 18180, 100
2026/09/29 12:26:29.260, 5, 18180, 100
2026/09/29 12:26:29.260, 6, 18460, 100
2026/09/29 12:26:29.260, 7, 18180, 100
2026/09/29 12:26:30.260, 0, 18472, 100
2026/09/29 12:26:30.260, 1, 18180, 100
2026/09/29 12:26:30.260, 2, 18180, 100
2026/09/29 12:26:30.260, 3, 18180, 100
2026/09/29 12:26:30.260, 4, 18180, 100
2026/09/29 12:26:30.260, 5, 18180, 100
2026/09/29 12:26:30.260, 6, 18460, 100
2026/09/29 12:26:30.261, 7, 18180, 100
2026/09/29 12:26:31.261, 0, 18472, 100
2026/09/29 12:26:31.261, 1, 18180, 100
2026/09/29 12:26:31.261, 2, 18180, 100
2026/09/29 12:26:31.261, 3, 18180, 100
2026/09/29 12:26:31.261, 4, 18180, 100
2026/09/29 12:26:31.261, 5, 18180, 100
2026/09/29 12:26:31.261, 6, 18460, 100
2026/09/29 12:26:31.261, 7, 18180, 100
2026/09/29 12:26:32.261, 0, 18472, 100
2026/09/29 12:26:32.261, 1, 18180, 100
2026/09/29 12:26:32.262, 2, 18180, 100
2026/09/29 12:26:32.262, 3, 18180, 100
2026/09/29 12:26:32.262, 4, 18180, 100
2026/09/29 12:26:32.262, 5, 18180, 100
2026/09/29 12:26:32.262, 6, 18460, 100
2026/09/29 12:26:32.262, 7, 18180, 100
2026/09/29 12:26:33.262, 0, 18472, 100
2026/09/29 12:26:33.262, 1, 18180, 100
2026/09/29 12:26:33.262, 2, 18180, 100
2026/09/29 12:26:33.262, 3, 18180, 100
2026/09/29 12:26:33.262, 4, 18180, 100
2026/09/29 12:26:33.262, 5, 18180, 100
2026/09/29 12:26:33.262, 6, 18460, 100
2026/09/29 12:26:33.262, 7, 18180, 100
2026/09/29 12:26:34.262, 0, 18472, 100
2026/09/29 12:26:34.262, 1, 18180, 100
2026/09/29 12:26:34.262, 2, 18180, 100
2026/09/29 12:26:34.263, 3, 18180, 100
2026/09/29 12:26:34.263, 4, 18180, 100
2026/09/29 12:26:34.263, 5, 18180, 100
2026/09/29 12:26:34.263, 6, 18460, 100
2026/09/29 12:26:34.263, 7, 18180, 100
2026/09/29 12:26:35.263, 0, 18472, 100
2026/09/29 12:26:35.263, 1, 18180, 100
2026/09/29 12:26:35.263, 2, 18180, 100
2026/09/29 12:26:35.263, 3, 18180, 100
2026/09/29 12:26:35.263, 4, 18180, 100
2026/09/29 12:26:35.263, 5, 18180, 100
2026/09/29 12:26:35.263, 6, 18460, 100
2026/09/29 12:26:35.263, 7, 18180, 100
2026/09/29 12:26:36.263, 0, 18472, 100
2026/09/29 12:26:36.263, 1, 18180, 100
2026/09/29 12:26:36.263, 2, 18180, 100
2026/09/29 12:26:36.263, 3, 18180, 100
2026/09/29 12:26:36.263, 4, 18180, 100
2026/09/29 12:26:36.263, 5, 18180, 100
2026/09/29 12:26:36.263, 6, 18460, 100
2026/09/29 12:26:36.263, 7, 18180, 100
2026/09/29 12:26:37.263, 0, 18472, 100
2026/09/29 12:26:37.264, 1, 18180, 100
2026/09/29 12:26:37.264, 2, 18180, 100
2026/09/29 12:26:37.264, 3, 18180, 100
2026/09/29 12:26:37.264, 4, 18180, 100
2026/09/29 12:26:37.264, 5, 18180, 100
2026/09/29 12:26:37.264, 6, 18460, 100
2026/09/29 12:26:37.264, 7, 18180, 100
2026/09/29 12:26:38.264, 0, 18472, 100
2026/09/29 12:26:38.264, 1, 18180, 100
2026/09/29 12:26:38.264, 2, 18180, 100
2026/09/29 12:26:38.264, 3, 18180, 100
2026/09/29 12:26:38.264, 4, 18180, 100
2026/09/29 12:26:38.264, 5, 18180, 100
2026/09/29 12:26:38.264, 6, 18460, 100
2026/09/29 12:26:38.264, 7, 18180, 100
2026/09/29 12:26:39.264, 0, 18472, 100
2026/09/29 12:26:39.264, 1, 18180, 100
2026/09/29 12:26:39.264, 2, 18180, 100
2026/09/29 12:26:39.264, 3, 18180, 100
2026/09/29 12:26:39.264, 4, 18180, 100
2026/09/29 12:26:39.264, 5, 18180, 100
2026/09/29 12:26:39.265, 6, 18460, 100
2026/09/29 12:26:39.265, 7, 18180, 100
2026/09/29 12:26:40.265, 0, 18472, 100
2026/09/29 12:26:40.265, 1, 18180, 100
2026/09/29 12:26:40.265, 2, 18180, 100
2026/09/29 12:26:40.265, 3, 18180, 100
2026/09/29 12:26:40.265, 4, 18180, 100
2026/09/29 12:26:40.265, 5, 18180, 100
2026/09/29 12:26:40.265, 6, 18460, 100
2026/09/29 12:26:40.265, 7, 18180, 100
2026/09/29 12:26:41.265, 0, 18472, 100
2026/09/29 12:26:41.265, 1, 18180, 100
2026/09/29 12:26:41.265, 2, 18180, 100
2026/09/29 12:26:41.266, 3, 18180, 100
2026/09/29 12:26:41.266, 4, 18180, 100
2026/09/29 12:26:41.266, 5, 18180, 100
2026/09/29 12:26:41.266, 6, 18460, 100
2026/09/29 12:26:41.266, 7, 18180, 100
2026/09/29 12:26:42.266, 0, 18472, 100
2026/09/29 12:26:42.266, 1, 18180, 100
2026/09/29 12:26:42.266, 2, 18180, 100
2026/09/29 12:26:42.266, 3, 18180, 100
2026/09/29 12:26:42.266, 4, 18180, 100
2026/09/29 12:26:42.266, 5, 18180, 100
2026/09/29 12:26:42.266, 6, 18460, 100
2026/09/29 12:26:42.266, 7, 18180, 100
2026/09/29 12:26:43.267, 0, 18472, 100
2026/09/29 12:26:43.267, 1, 18180, 100
2026/09/29 12:26:43.267, 2, 18180, 100
2026/09/29 12:26:43.267, 3, 18180, 100
2026/09/29 12:26:43.267, 4, 18180, 100
2026/09/29 12:26:43.267, 5, 18180, 100
2026/09/29 12:26:43.267, 6, 18460, 100
2026/09/29 12:26:43.267, 7, 18180, 100
2026/09/29 12:26:44.267, 0, 18472, 100
2026/09/29 12:26:44.267, 1, 18180, 100
2026/09/29 12:26:44.267, 2, 18180, 100
2026/09/29 12:26:44.268, 3, 18180, 100
2026/09/29 12:26:44.268, 4, 18180, 100
2026/09/29 12:26:44.268, 5, 18180, 100
2026/09/29 12:26:44.268, 6, 18460, 100
2026/09/29 12:26:44.268, 7, 18180, 100
2026/09/29 12:26:45.268, 0, 18472, 100
2026/09/29 12:26:45.268, 1, 18180, 100
2026/09/29 12:26:45.268, 2, 18180, 100
2026/09/29 12:26:45.268, 3, 18180, 100
2026/09/29 12:26:45.268, 4, 18180, 100
2026/09/29 12:26:45.268, 5, 18180, 100
2026/09/29 12:26:45.268, 6, 18460, 100
2026/09/29 12:26:45.268, 7, 18180, 100
2026/09/29 12:26:46.269, 0, 18472, 100
2026/09/29 12:26:46.269, 1, 18180, 100
2026/09/29 12:26:46.269, 2, 18180, 100
2026/09/29 12:26:46.269, 3, 18180, 100
2026/09/29 12:26:46.269, 4, 18180, 100
2026/09/29 12:26:46.269, 5, 18180, 100
2026/09/29 12:26:46.269, 6, 18460, 100
2026/09/29 12:26:46.269, 7, 18180, 100
2026/09/29 12:26:47.269, 0, 18472, 100
2026/09/29 12:26:47.269, 1, 18180, 100
2026/09/29 12:26:47.269, 2, 18180, 100
2026/09/29 12:26:47.269, 3, 18180, 100
2026/09/29 12:26:47.269, 4, 18180, 100
2026/09/29 12:26:47.270, 5, 18180, 100
2026/09/29 12:26:47.270, 6, 18460, 100
2026/09/29 12:26:47.270, 7, 18180, 100
2026/09/29 12:26:48.270, 0, 18472, 100
2026/09/29 12:26:48.270, 1, 18180, 100
2026/09/29 12:26:48.270, 2, 18180, 100
2026/09/29 12:26:48.270, 3, 18180, 100
2026/09/29 12:26:48.270, 4, 18180, 100
2026/09/29 12:26:48.270, 5, 18180, 100
2026/09/29 12:26:48.270, 6, 18460, 100
2026/09/29 12:26:48.270, 7, 18180, 100
2026/09/29 12:26:49.271, 0, 18472, 100
2026/09/29 12:26:49.271, 1, 18180, 100
2026/09/29 12:26:49.271, 2, 18180, 100
2026/09/29 12:26:49.271, 3, 18180, 100
2026/09/29 12:26:49.271, 4, 18180, 100
2026/09/29 12:26:49.271, 5, 18180, 100
2026/09/29 12:26:49.271, 6, 18460, 100
2026/09/29 12:26:49.271, 7, 18180, 100
2026/09/29 12:26:50.271, 0, 18472, 100
2026/09/29 12:26:50.271, 1, 18180, 100
2026/09/29 12:26:50.271, 2, 18180, 100
2026/09/29 12:26:50.272, 3, 18180, 100
2026/09/29 12:26:50.272, 4, 18180, 100
2026/09/29 12:26:50.272, 5, 18180, 100
2026/09/29 12:26:50.272, 6, 18460, 100
2026/09/29 12:26:50.272, 7, 18180, 100
2026/09/29 12:26:51.272, 0, 18472, 100
2026/09/29 12:26:51.272, 1, 18180, 100
2026/09/29 12:26:51.272, 2, 18180, 100
2026/09/29 12:26:51.272, 3, 18180, 100
2026/09/29 12:26:51.272, 4, 18180, 100
2026/09/29 12:26:51.272, 5, 18180, 100
2026/09/29 12:26:51.272, 6, 18460, 100
2026/09/29 12:26:51.273, 7, 18180, 100
2026/09/29 12:26:52.273, 0, 18472, 100
2026/09/29 12:26:52.273, 1, 18180, 100
2026/09/29 12:26:52.273, 2, 18180, 100
2026/09/29 12:26:52.273, 3, 18180, 100
2026/09/29 12:26:52.273, 4, 18180, 100
2026/09/29 12:26:52.273, 5, 18180, 100
2026/09/29 12:26:52.273, 6, 18460, 100
2026/09/29 12:26:52.273, 7, 18180, 100
2026/09/29 12:26:53.273, 0, 18472, 100
2026/09/29 12:26:53.274, 1, 18180, 100
2026/09/29 12:26:53.274, 2, 18180, 100
2026/09/29 12:26:53.274, 3, 18180, 100
2026/09/29 12:26:53.274, 4, 18180, 100
2026/09/29 12:26:53.274, 5, 18180, 100
2026/09/29 12:26:53.274, 6, 18460, 100
2026/09/29 12:26:53.274, 7, 18180, 100
2026/09/29 12:26:54.274, 0, 18472, 100
2026/09/29 12:26:54.274, 1, 18180, 100
2026/09/29 12:26:54.274, 2, 18180, 100
2026/09/29 12:26:54.274, 3, 18180, 100
2026/09/29 12:26:54.274, 4, 18180, 100
2026/09/29 12:26:54.274, 5, 18180, 100
2026/09/29 12:26:54.275, 6, 18460, 96
2026/09/29 12:26:54.275, 7, 18180, 100
2026/09/29 12:26:55.275, 0, 18472, 100
2026/09/29 12:26:55.275, 1, 18180, 100
2026/09/29 12:26:55.275, 2, 18180, 100
2026/09/29 12:26:55.275, 3, 18180, 100
2026/09/29 12:26:55.275, 4, 18180, 100
2026/09/29 12:26:55.275, 5, 18180, 100
2026/09/29 12:26:55.275, 6, 18460, 100
2026/09/29 12:26:55.275, 7, 18180, 100
2026/09/29 12:26:56.275, 0, 18472, 100
2026/09/29 12:26:56.276, 1, 18180, 100
2026/09/29 12:26:56.276, 2, 18180, 100
2026/09/29 12:26:56.276, 3, 18180, 100
2026/09/29 12:26:56.276, 4, 18180, 100
2026/09/29 12:26:56.276, 5, 18180, 100
2026/09/29 12:26:56.276, 6, 18460, 100
2026/09/29 12:26:56.276, 7, 18180, 100
2026/09/29 12:26:57.276, 0, 18472, 100
2026/09/29 12:26:57.276, 1, 18180, 100
2026/09/29 12:26:57.276, 2, 18180, 100
2026/09/29 12:26:57.276, 3, 18180, 100
2026/09/29 12:26:57.276, 4, 18180, 100
2026/09/29 12:26:57.276, 5, 18180, 100
2026/09/29 12:26:57.277, 6, 18460, 100
2026/09/29 12:26:57.277, 7, 18180, 100
2026/09/29 12:26:58.277, 0, 18472, 100
2026/09/29 12:26:58.277, 1, 18180, 100
2026/09/29 12:26:58.277, 2, 18180, 100
2026/09/29 12:26:58.277, 3, 18180, 100
2026/09/29 12:26:58.277, 4, 18180, 100
2026/09/29 12:26:58.277, 5, 18180, 100
2026/09/29 12:26:58.277, 6, 18460, 100
2026/09/29 12:26:58.277, 7, 18180, 100
2026/09/29 12:26:59.277, 0, 18472, 100
2026/09/29 12:26:59.278, 1, 18180, 100
2026/09/29 12:26:59.278, 2, 18180, 100
2026/09/29 12:26:59.278, 3, 18180, 100
2026/09/29 12:26:59.278, 4, 18180, 100
2026/09/29 12:26:59.278, 5, 18180, 100
2026/09/29 12:26:59.278, 6, 18460, 97
2026/09/29 12:26:59.278, 7, 18180, 100
2026/09/29 12:27:00.278, 0, 18472, 100
2026/09/29 12:27:00.278, 1, 18180, 100
2026/09/29 12:27:00.278, 2, 18180, 100
2026/09/29 12:27:00.278, 3, 18180, 100
2026/09/29 12:27:00.278, 4, 18180, 100
2026/09/29 12:27:00.278, 5, 18180, 100
2026/09/29 12:27:00.279, 6, 18460, 100
2026/09/29 12:27:00.279, 7, 18180, 100
2026/09/29 12:27:01.279, 0, 18472, 100
2026/09/29 12:27:01.279, 1, 18180, 100
2026/09/29 12:27:01.279, 2, 18180, 100
2026/09/29 12:27:01.279, 3, 18180, 100
2026/09/29 12:27:01.279, 4, 18180, 100
2026/09/29 12:27:01.279, 5, 18180, 100
2026/09/29 12:27:01.279, 6, 18460, 100
2026/09/29 12:27:01.279, 7, 18180, 100
2026/09/29 12:27:02.279, 0, 18472, 100
2026/09/29 12:27:02.280, 1, 18180, 100
2026/09/29 12:27:02.280, 2, 18180, 100
2026/09/29 12:27:02.280, 3, 18180, 100
2026/09/29 12:27:02.280, 4, 18180, 100
2026/09/29 12:27:02.280, 5, 18180, 100
2026/09/29 12:27:02.280, 6, 18460, 100
2026/09/29 12:27:02.280, 7, 18180, 100
2026/09/29 12:27:03.280, 0, 18472, 100
2026/09/29 12:27:03.280, 1, 18180, 100
2026/09/29 12:27:03.280, 2, 18180, 100
2026/09/29 12:27:03.280, 3, 18180, 100
2026/09/29 12:27:03.280, 4, 18180, 100
2026/09/29 12:27:03.281, 5, 18180, 100
2026/09/29 12:27:03.281, 6, 18460, 100
2026/09/29 12:27:03.281, 7, 18180, 100
2026/09/29 12:27:04.281, 0, 18472, 100
2026/09/29 12:27:04.281, 1, 18180, 100
2026/09/29 12:27:04.281, 2, 18180, 100
2026/09/29 12:27:04.281, 3, 18180, 100
2026/09/29 12:27:04.281, 4, 18180, 100
2026/09/29 12:27:04.281, 5, 18180, 100
2026/09/29 12:27:04.281, 6, 18460, 99
2026/09/29 12:27:04.281, 7, 18180, 100
2026/09/29 12:27:05.281, 0, 18472, 100
2026/09/29 12:27:05.282, 1, 18180, 100
2026/09/29 12:27:05.282, 2, 18180, 100
2026/09/29 12:27:05.282, 3, 18180, 100
2026/09/29 12:27:05.282, 4, 18180, 100
2026/09/29 12:27:05.282, 5, 18180, 100
2026/09/29 12:27:05.282, 6, 18460, 100
2026/09/29 12:27:05.282, 7, 18180, 100
2026/09/29 12:27:06.282, 0, 18472, 100
2026/09/29 12:27:06.282, 1, 18180, 100
2026/09/29 12:27:06.282, 2, 18180, 100
2026/09/29 12:27:06.282, 3, 18180, 100
2026/09/29 12:27:06.282, 4, 18180, 100
2026/09/29 12:27:06.282, 5, 18180, 100
2026/09/29 12:27:06.283, 6, 18460, 100
2026/09/29 12:27:06.283, 7, 18180, 100
2026/09/29 12:27:07.283, 0, 18472, 100
2026/09/29 12:27:07.283, 1, 18180, 100
2026/09/29 12:27:07.283, 2, 18180, 100
2026/09/29 12:27:07.283, 3, 18180, 100
2026/09/29 12:27:07.283, 4, 18180, 100
2026/09/29 12:27:07.283, 5, 18180, 100
2026/09/29 12:27:07.283, 6, 18460, 100
2026/09/29 12:27:07.283, 7, 18180, 100
2026/09/29 12:27:08.283, 0, 18472, 100
2026/09/29 12:27:08.284, 1, 18180, 100
2026/09/29 12:27:08.284, 2, 18180, 100
2026/09/29 12:27:08.284, 3, 18180, 100
2026/09/29 12:27:08.284, 4, 18180, 100
2026/09/29 12:27:08.284, 5, 18180, 100
2026/09/29 12:27:08.284, 6, 18460, 100
2026/09/29 12:27:08.284, 7, 18180, 100
2026/09/29 12:27:09.284, 0, 18472, 100
2026/09/29 12:27:09.284, 1, 18180, 100
2026/09/29 12:27:09.284, 2, 18180, 100
2026/09/29 12:27:09.284, 3, 18180, 100
2026/09/29 12:27:09.284, 4, 18180, 100
2026/09/29 12:27:09.285, 5, 18180, 100
2026/09/29 12:27:09.285, 6, 18460, 98
2026/09/29 12:27:09.285, 7, 18180, 100
2026/09/29 12:27:10.285, 0, 18472, 100
2026/09/29 12:27:10.285, 1, 18180, 100
2026/09/29 12:27:10.285, 2, 18180, 100
2026/09/29 12:27:10.285, 3, 18180, 100
2026/09/29 12:27:10.285, 4, 18180, 100
2026/09/29 12:27:10.285, 5, 18180, 100
2026/09/29 12:27:10.285, 6, 18460, 100
2026/09/29 12:27:10.285, 7, 18180, 100
2026/09/29 12:27:11.285, 0, 18472, 100
2026/09/29 12:27:11.286, 1, 18180, 100
2026/09/29 12:27:11.286, 2, 18180, 100
2026/09/29 12:27:11.286, 3, 18180, 100
2026/09/29 12:27:11.286, 4, 18180, 100
2026/09/29 12:27:11.286, 5, 18180, 100
2026/09/29 12:27:11.286, 6, 18460, 100
2026/09/29 12:27:11.286, 7, 18180, 100
2026/09/29 12:27:12.286, 0, 18472, 100
2026/09/29 12:27:12.286, 1, 18180, 100
2026/09/29 12:27:12.286, 2, 18180, 100
2026/09/29 12:27:12.286, 3, 18180, 100
2026/09/29 12:27:12.286, 4, 18180, 100
2026/09/29 12:27:12.286, 5, 18180, 100
2026/09/29 12:27:12.287, 6, 18460, 100
2026/09/29 12:27:12.287, 7, 18180, 100
2026/09/29 12:27:13.287, 0, 18472, 100
2026/09/29 12:27:13.287, 1, 18180, 100
2026/09/29 12:27:13.287, 2, 18180, 100
2026/09/29 12:27:13.287, 3, 18180, 100
2026/09/29 12:27:13.287, 4, 18180, 100
2026/09/29 12:27:13.287, 5, 18180, 100
2026/09/29 12:27:13.287, 6, 18460, 100
2026/09/29 12:27:13.287, 7, 18180, 100
2026/09/29 12:27:14.287, 0, 18472, 100
2026/09/29 12:27:14.288, 1, 18180, 100
2026/09/29 12:27:14.288, 2, 18180, 100
2026/09/29 12:27:14.288, 3, 18180, 100
2026/09/29 12:27:14.288, 4, 18180, 100
2026/09/29 12:27:14.288, 5, 18180, 100
2026/09/29 12:27:14.288, 6, 18460, 100
2026/09/29 12:27:14.288, 7, 18180, 100
2026/09/29 12:27:15.288, 0, 18472, 100
2026/09/29 12:27:15.288, 1, 18180, 100
2026/09/29 12:27:15.288, 2, 18180, 100
2026/09/29 12:27:15.288, 3, 18180, 100
2026/09/29 12:27:15.288, 4, 18180, 100
2026/09/29 12:27:15.288, 5, 18180, 100
2026/09/29 12:27:15.289, 6, 18460, 100
2026/09/29 12:27:15.289, 7, 18180, 100
2026/09/29 12:27:16.289, 0, 18472, 100
2026/09/29 12:27:16.289, 1, 18180, 100
2026/09/29 12:27:16.289, 2, 18180, 100
2026/09/29 12:27:16.289, 3, 18180, 100
2026/09/29 12:27:16.289, 4, 18180, 100
2026/09/29 12:27:16.289, 5, 18180, 100
2026/09/29 12:27:16.289, 6, 18460, 100
2026/09/29 12:27:16.289, 7, 18180, 100
2026/09/29 12:27:17.289, 0, 18472, 100
2026/09/29 12:27:17.289, 1, 18180, 100
2026/09/29 12:27:17.290, 2, 18180, 100
2026/09/29 12:27:17.290, 3, 18180, 100
2026/09/29 12:27:17.290, 4, 18180, 100
2026/09/29 12:27:17.290, 5, 18180, 100
2026/09/29 12:27:17.290, 6, 18460, 100
2026/09/29 12:27:17.290, 7, 18180, 100
2026/09/29 12:27:18.290, 0, 18472, 100
2026/09/29 12:27:18.290, 1, 18180, 100
2026/09/29 12:27:18.290, 2, 18180, 100
2026/09/29 12:27:18.290, 3, 18180, 100
2026/09/29 12:27:18.290, 4, 18180, 100
2026/09/29 12:27:18.290, 5, 18180, 100
2026/09/29 12:27:18.291, 6, 18460, 100
2026/09/29 12:27:18.291, 7, 18180, 100
2026/09/29 12:27:19.291, 0, 18472, 100
2026/09/29 12:27:19.291, 1, 18180, 100
2026/09/29 12:27:19.291, 2, 18180, 100
2026/09/29 12:27:19.291, 3, 18180, 100
2026/09/29 12:27:19.291, 4, 18180, 99
2026/09/29 12:27:19.291, 5, 18180, 100
2026/09/29 12:27:19.291, 6, 18460, 100
2026/09/29 12:27:19.291, 7, 18180, 100
2026/09/29 12:27:20.292, 0, 18472, 100
2026/09/29 12:27:20.292, 1, 18180, 100
2026/09/29 12:27:20.292, 2, 18180, 100
2026/09/29 12:27:20.292, 3, 18180, 100
2026/09/29 12:27:20.292, 4, 18180, 100
2026/09/29 12:27:20.292, 5, 18180, 100
2026/09/29 12:27:20.292, 6, 18460, 100
2026/09/29 12:27:20.292, 7, 18180, 100
2026/09/29 12:27:21.292, 0, 18472, 100
2026/09/29 12:27:21.297, 1, 18180, 100
2026/09/29 12:27:21.297, 2, 18180, 100
2026/09/29 12:27:21.297, 3, 18180, 100
2026/09/29 12:27:21.298, 4, 18180, 100
2026/09/29 12:27:21.298, 5, 18180, 100
2026/09/29 12:27:21.298, 6, 18460, 100
2026/09/29 12:27:21.298, 7, 18180, 100
2026/09/29 12:27:22.298, 0, 18472, 100
2026/09/29 12:27:22.298, 1, 18180, 100
2026/09/29 12:27:22.298, 2, 18180, 100
2026/09/29 12:27:22.298, 3, 18180, 100
2026/09/29 12:27:22.298, 4, 18180, 100
2026/09/29 12:27:22.298, 5, 18180, 100
2026/09/29 12:27:22.298, 6, 18460, 100
2026/09/29 12:27:22.298, 7, 18180, 100
2026/09/29 12:27:23.299, 0, 18472, 100
2026/09/29 12:27:23.299, 1, 18180, 100
2026/09/29 12:27:23.299, 2, 18180, 100
2026/09/29 12:27:23.299, 3, 18180, 100
2026/09/29 12:27:23.299, 4, 18180, 100
2026/09/29 12:27:23.299, 5, 18180, 100
2026/09/29 12:27:23.299, 6, 18460, 100
2026/09/29 12:27:23.299, 7, 18180, 100
2026/09/29 12:27:24.299, 0, 18472, 100
2026/09/29 12:27:24.299, 1, 18180, 100
2026/09/29 12:27:24.299, 2, 18180, 100
2026/09/29 12:27:24.299, 3, 18180, 100
2026/09/29 12:27:24.299, 4, 18180, 99
2026/09/29 12:27:24.300, 5, 18180, 100
2026/09/29 12:27:24.300, 6, 18460, 100
2026/09/29 12:27:24.300, 7, 18180, 100
2026/09/29 12:27:25.300, 0, 18472, 100
2026/09/29 12:27:25.300, 1, 18180, 100
2026/09/29 12:27:25.300, 2, 18180, 100
2026/09/29 12:27:25.300, 3, 18180, 100
2026/09/29 12:27:25.300, 4, 18180, 100
2026/09/29 12:27:25.300, 5, 18180, 100
2026/09/29 12:27:25.300, 6, 18460, 100
2026/09/29 12:27:25.300, 7, 18180, 100
2026/09/29 12:27:26.300, 0, 18472, 100
2026/09/29 12:27:26.300, 1, 18180, 100
2026/09/29 12:27:26.300, 2, 18180, 100
2026/09/29 12:27:26.301, 3, 18180, 100
2026/09/29 12:27:26.301, 4, 18180, 100
2026/09/29 12:27:26.301, 5, 18180, 100
2026/09/29 12:27:26.301, 6, 18460, 100
2026/09/29 12:27:26.301, 7, 18180, 100
2026/09/29 12:27:27.301, 0, 18472, 100
2026/09/29 12:27:27.301, 1, 18180, 100
2026/09/29 12:27:27.301, 2, 18180, 100
2026/09/29 12:27:27.301, 3, 18180, 100
2026/09/29 12:27:27.301, 4, 18180, 100
2026/09/29 12:27:27.302, 5, 18180, 100
2026/09/29 12:27:27.302, 6, 18460, 100
2026/09/29 12:27:27.302, 7, 18180, 100
2026/09/29 12:27:28.302, 0, 18472, 100
2026/09/29 12:27:28.302, 1, 18180, 100
2026/09/29 12:27:28.302, 2, 18180, 100
2026/09/29 12:27:28.302, 3, 18180, 100
2026/09/29 12:27:28.302, 4, 18180, 100
2026/09/29 12:27:28.302, 5, 18180, 100
2026/09/29 12:27:28.302, 6, 18460, 100
2026/09/29 12:27:28.302, 7, 18180, 100
2026/09/29 12:27:29.302, 0, 18472, 100
2026/09/29 12:27:29.303, 1, 18180, 100
2026/09/29 12:27:29.303, 2, 18180, 100
2026/09/29 12:27:29.303, 3, 18180, 100
2026/09/29 12:27:29.303, 4, 18180, 95
2026/09/29 12:27:29.303, 5, 18180, 100
2026/09/29 12:27:29.303, 6, 18460, 100
2026/09/29 12:27:29.303, 7, 18180, 100
2026/09/29 12:27:30.303, 0, 18472, 100
2026/09/29 12:27:30.303, 1, 18180, 100
2026/09/29 12:27:30.303, 2, 18180, 100
2026/09/29 12:27:30.303, 3, 18180, 100
2026/09/29 12:27:30.304, 4, 18180, 100
2026/09/29 12:27:30.304, 5, 18180, 100
2026/09/29 12:27:30.304, 6, 18460, 100
2026/09/29 12:27:30.304, 7, 18180, 100
2026/09/29 12:27:31.304, 0, 18472, 100
2026/09/29 12:27:31.304, 1, 18180, 100
2026/09/29 12:27:31.304, 2, 18180, 100
2026/09/29 12:27:31.304, 3, 18180, 100
2026/09/29 12:27:31.304, 4, 18180, 100
2026/09/29 12:27:31.304, 5, 18180, 100
2026/09/29 12:27:31.304, 6, 18460, 100
2026/09/29 12:27:31.304, 7, 18180, 100
2026/09/29 12:27:32.304, 0, 18472, 100
2026/09/29 12:27:32.305, 1, 18180, 100
2026/09/29 12:27:32.305, 2, 18180, 100
2026/09/29 12:27:32.305, 3, 18180, 100
2026/09/29 12:27:32.305, 4, 18180, 100
2026/09/29 12:27:32.305, 5, 18180, 100
2026/09/29 12:27:32.305, 6, 18460, 100
2026/09/29 12:27:32.305, 7, 18180, 100
2026/09/29 12:27:33.305, 0, 18472, 100
2026/09/29 12:27:33.305, 1, 18180, 100
2026/09/29 12:27:33.305, 2, 18180, 100
2026/09/29 12:27:33.305, 3, 18180, 100
2026/09/29 12:27:33.306, 4, 18180, 100
2026/09/29 12:27:33.306, 5, 18180, 100
2026/09/29 12:27:33.306, 6, 18460, 100
2026/09/29 12:27:33.306, 7, 18180, 100
2026/09/29 12:27:34.306, 0, 18472, 100
2026/09/29 12:27:34.306, 1, 18180, 100
2026/09/29 12:27:34.306, 2, 18180, 100
2026/09/29 12:27:34.306, 3, 18180, 100
2026/09/29 12:27:34.306, 4, 18180, 95
2026/09/29 12:27:34.306, 5, 18180, 100
2026/09/29 12:27:34.306, 6, 18460, 100
2026/09/29 12:27:34.307, 7, 18180, 100
2026/09/29 12:27:35.307, 0, 18472, 100
2026/09/29 12:27:35.307, 1, 18180, 100
2026/09/29 12:27:35.307, 2, 18180, 100
2026/09/29 12:27:35.307, 3, 18180, 100
2026/09/29 12:27:35.307, 4, 18180, 100
2026/09/29 12:27:35.307, 5, 18180, 100
2026/09/29 12:27:35.307, 6, 18460, 100
2026/09/29 12:27:35.307, 7, 18180, 100
2026/09/29 12:27:36.308, 0, 18472, 100
2026/09/29 12:27:36.308, 1, 18180, 100
2026/09/29 12:27:36.308, 2, 18180, 100
2026/09/29 12:27:36.308, 3, 18180, 100
2026/09/29 12:27:36.308, 4, 18180, 100
2026/09/29 12:27:36.308, 5, 18180, 100
2026/09/29 12:27:36.308, 6, 18460, 100
2026/09/29 12:27:36.308, 7, 18180, 100
2026/09/29 12:27:37.308, 0, 18472, 100
2026/09/29 12:27:37.308, 1, 18180, 100
2026/09/29 12:27:37.308, 2, 18180, 100
2026/09/29 12:27:37.308, 3, 18180, 100
2026/09/29 12:27:37.309, 4, 18180, 100
2026/09/29 12:27:37.309, 5, 18180, 100
2026/09/29 12:27:37.309, 6, 18460, 100
2026/09/29 12:27:37.309, 7, 18180, 100
2026/09/29 12:27:38.309, 0, 18472, 100
2026/09/29 12:27:38.309, 1, 18180, 100
2026/09/29 12:27:38.309, 2, 18180, 100
2026/09/29 12:27:38.309, 3, 18180, 100
2026/09/29 12:27:38.309, 4, 18180, 100
2026/09/29 12:27:38.309, 5, 18180, 100
2026/09/29 12:27:38.309, 6, 18460, 100
2026/09/29 12:27:38.309, 7, 18180, 100
2026/09/29 12:27:39.310, 0, 18472, 100
2026/09/29 12:27:39.310, 1, 18180, 100
2026/09/29 12:27:39.310, 2, 18180, 100
2026/09/29 12:27:39.310, 3, 18180, 100
2026/09/29 12:27:39.310, 4, 18180, 98
2026/09/29 12:27:39.310, 5, 18180, 100
2026/09/29 12:27:39.310, 6, 18460, 100
2026/09/29 12:27:39.310, 7, 18180, 100
2026/09/29 12:27:40.310, 0, 18472, 100
2026/09/29 12:27:40.310, 1, 18180, 100
2026/09/29 12:27:40.310, 2, 18180, 100
2026/09/29 12:27:40.310, 3, 18180, 100
2026/09/29 12:27:40.311, 4, 18180, 100
2026/09/29 12:27:40.311, 5, 18180, 100
2026/09/29 12:27:40.311, 6, 18460, 100
2026/09/29 12:27:40.311, 7, 18180, 100
2026/09/29 12:27:41.311, 0, 18472, 100
2026/09/29 12:27:41.311, 1, 18180, 100
2026/09/29 12:27:41.311, 2, 18180, 100
2026/09/29 12:27:41.311, 3, 18180, 100
2026/09/29 12:27:41.311, 4, 18180, 100
2026/09/29 12:27:41.311, 5, 18180, 100
2026/09/29 12:27:41.311, 6, 18460, 100
2026/09/29 12:27:41.311, 7, 18180, 100
2026/09/29 12:27:42.311, 0, 18472, 100
2026/09/29 12:27:42.311, 1, 18180, 100
2026/09/29 12:27:42.311, 2, 18180, 100
2026/09/29 12:27:42.311, 3, 18180, 100
2026/09/29 12:27:42.311, 4, 18180, 100
2026/09/29 12:27:42.311, 5, 18180, 100
2026/09/29 12:27:42.311, 6, 18460, 100
2026/09/29 12:27:42.312, 7, 18180, 100
2026/09/29 12:27:43.312, 0, 18472, 100
2026/09/29 12:27:43.312, 1, 18180, 100
2026/09/29 12:27:43.312, 2, 18180, 100
2026/09/29 12:27:43.312, 3, 18180, 100
2026/09/29 12:27:43.312, 4, 18180, 100
2026/09/29 12:27:43.312, 5, 18180, 100
2026/09/29 12:27:43.312, 6, 18460, 100
2026/09/29 12:27:43.312, 7, 18180, 100
2026/09/29 12:27:44.312, 0, 18472, 100
2026/09/29 12:27:44.312, 1, 18180, 99
2026/09/29 12:27:44.312, 2, 18180, 100
2026/09/29 12:27:44.313, 3, 18180, 100
2026/09/29 12:27:44.313, 4, 18180, 100
2026/09/29 12:27:44.313, 5, 18180, 100
2026/09/29 12:27:44.313, 6, 18460, 100
2026/09/29 12:27:44.313, 7, 18180, 100
2026/09/29 12:27:45.313, 0, 18472, 90
2026/09/29 12:27:45.313, 1, 18180, 100
2026/09/29 12:27:45.313, 2, 18180, 100
2026/09/29 12:27:45.313, 3, 18180, 99
2026/09/29 12:27:45.313, 4, 18180, 100
2026/09/29 12:27:45.313, 5, 18180, 100
2026/09/29 12:27:45.313, 6, 18460, 100
2026/09/29 12:27:45.314, 7, 18180, 100
2026/09/29 12:27:46.314, 0, 18472, 100
2026/09/29 12:27:46.314, 1, 18180, 100
2026/09/29 12:27:46.314, 2, 18180, 100
2026/09/29 12:27:46.314, 3, 18180, 100
2026/09/29 12:27:46.314, 4, 18180, 100
2026/09/29 12:27:46.314, 5, 18180, 100
2026/09/29 12:27:46.314, 6, 18460, 96
2026/09/29 12:27:46.314, 7, 18180, 100
2026/09/29 12:27:47.315, 0, 18472, 100
2026/09/29 12:27:47.315, 1, 18180, 100
2026/09/29 12:27:47.315, 2, 18180, 100
2026/09/29 12:27:47.315, 3, 18180, 100
2026/09/29 12:27:47.315, 4, 18180, 100
2026/09/29 12:27:47.315, 5, 18180, 100
2026/09/29 12:27:47.315, 6, 18460, 100
2026/09/29 12:27:47.315, 7, 18180, 100
2026/09/29 12:27:48.315, 0, 18472, 100
2026/09/29 12:27:48.315, 1, 18180, 100
2026/09/29 12:27:48.315, 2, 18180, 100
2026/09/29 12:27:48.316, 3, 18180, 100
2026/09/29 12:27:48.316, 4, 18180, 100
2026/09/29 12:27:48.316, 5, 18180, 100
2026/09/29 12:27:48.316, 6, 18460, 100
2026/09/29 12:27:48.316, 7, 18180, 100
2026/09/29 12:27:49.316, 0, 18472, 100
2026/09/29 12:27:49.316, 1, 18180, 100
2026/09/29 12:27:49.316, 2, 18180, 100
2026/09/29 12:27:49.316, 3, 18180, 100
2026/09/29 12:27:49.316, 4, 18180, 100
2026/09/29 12:27:49.316, 5, 18180, 100
2026/09/29 12:27:49.316, 6, 18460, 100
2026/09/29 12:27:49.316, 7, 18180, 100
2026/09/29 12:27:50.316, 0, 18472, 100
2026/09/29 12:27:50.316, 1, 18180, 100
2026/09/29 12:27:50.316, 2, 18180, 100
2026/09/29 12:27:50.317, 3, 18180, 100
2026/09/29 12:27:50.317, 4, 18180, 100
2026/09/29 12:27:50.317, 5, 18180, 100
2026/09/29 12:27:50.317, 6, 18460, 100
2026/09/29 12:27:50.317, 7, 18180, 100
2026/09/29 12:27:51.317, 0, 18472, 100
2026/09/29 12:27:51.317, 1, 18180, 100
2026/09/29 12:27:51.317, 2, 18180, 100
2026/09/29 12:27:51.318, 3, 18180, 100
2026/09/29 12:27:51.318, 4, 18180, 100
2026/09/29 12:27:51.318, 5, 18180, 100
2026/09/29 12:27:51.318, 6, 18460, 96
2026/09/29 12:27:51.318, 7, 18180, 100
2026/09/29 12:27:52.318, 0, 18472, 100
2026/09/29 12:27:52.318, 1, 18180, 100
2026/09/29 12:27:52.318, 2, 18180, 100
2026/09/29 12:27:52.318, 3, 18180, 100
2026/09/29 12:27:52.318, 4, 18180, 100
2026/09/29 12:27:52.318, 5, 18180, 100
2026/09/29 12:27:52.318, 6, 18460, 100
2026/09/29 12:27:52.318, 7, 18180, 100
2026/09/29 12:27:53.319, 0, 18472, 100
2026/09/29 12:27:53.320, 1, 18180, 100
2026/09/29 12:27:53.321, 2, 18180, 100
2026/09/29 12:27:53.321, 3, 18180, 100
2026/09/29 12:27:53.321, 4, 18180, 100
2026/09/29 12:27:53.321, 5, 18180, 100
2026/09/29 12:27:53.321, 6, 18460, 100
2026/09/29 12:27:53.321, 7, 18180, 100
2026/09/29 12:27:54.321, 0, 18472, 100
2026/09/29 12:27:54.321, 1, 18180, 100
2026/09/29 12:27:54.321, 2, 18180, 100
2026/09/29 12:27:54.321, 3, 18180, 100
2026/09/29 12:27:54.321, 4, 18180, 100
2026/09/29 12:27:54.321, 5, 18180, 100
2026/09/29 12:27:54.321, 6, 18460, 100
2026/09/29 12:27:54.321, 7, 18180, 100
2026/09/29 12:27:55.321, 0, 18472, 100
2026/09/29 12:27:55.321, 1, 18180, 99
2026/09/29 12:27:55.322, 2, 18180, 100
2026/09/29 12:27:55.322, 3, 18180, 100
2026/09/29 12:27:55.322, 4, 18180, 100
2026/09/29 12:27:55.322, 5, 18180, 100
2026/09/29 12:27:55.322, 6, 18460, 100
2026/09/29 12:27:55.322, 7, 18180, 100
2026/09/29 12:27:56.322, 0, 18472, 100
2026/09/29 12:27:56.322, 1, 18180, 100
2026/09/29 12:27:56.322, 2, 18180, 100
2026/09/29 12:27:56.322, 3, 18180, 100
2026/09/29 12:27:56.322, 4, 18180, 100
2026/09/29 12:27:56.322, 5, 18180, 100
2026/09/29 12:27:56.323, 6, 18460, 95
2026/09/29 12:27:56.323, 7, 18180, 100
2026/09/29 12:27:57.323, 0, 18472, 100
2026/09/29 12:27:57.323, 1, 18180, 100
2026/09/29 12:27:57.323, 2, 18180, 100
2026/09/29 12:27:57.324, 3, 18180, 99
2026/09/29 12:27:57.324, 4, 18180, 100
2026/09/29 12:27:57.324, 5, 18180, 100
2026/09/29 12:27:57.324, 6, 18460, 100
2026/09/29 12:27:57.324, 7, 18180, 100
2026/09/29 12:27:58.324, 0, 18472, 100
2026/09/29 12:27:58.324, 1, 18180, 100
2026/09/29 12:27:58.324, 2, 18180, 100
2026/09/29 12:27:58.324, 3, 18180, 100
2026/09/29 12:27:58.324, 4, 18180, 100
2026/09/29 12:27:58.324, 5, 18180, 100
2026/09/29 12:27:58.324, 6, 18460, 100
2026/09/29 12:27:58.324, 7, 18180, 100
2026/09/29 12:27:59.324, 0, 18472, 100
2026/09/29 12:27:59.325, 1, 18180, 100
2026/09/29 12:27:59.325, 2, 18180, 100
2026/09/29 12:27:59.325, 3, 18180, 100
2026/09/29 12:27:59.325, 4, 18180, 100
2026/09/29 12:27:59.325, 5, 18180, 100
2026/09/29 12:27:59.325, 6, 18460, 100
2026/09/29 12:27:59.325, 7, 18180, 100
2026/09/29 12:28:00.325, 0, 18472, 100
2026/09/29 12:28:00.325, 1, 18180, 99
2026/09/29 12:28:00.325, 2, 18180, 100
2026/09/29 12:28:00.325, 3, 18180, 100
2026/09/29 12:28:00.325, 4, 18180, 100
2026/09/29 12:28:00.325, 5, 18180, 100
2026/09/29 12:28:00.325, 6, 18460, 100
2026/09/29 12:28:00.326, 7, 18180, 100
2026/09/29 12:28:01.326, 0, 18472, 100
2026/09/29 12:28:01.326, 1, 18180, 100
2026/09/29 12:28:01.326, 2, 18180, 100
2026/09/29 12:28:01.326, 3, 18180, 100
2026/09/29 12:28:01.326, 4, 18180, 100
2026/09/29 12:28:01.326, 5, 18180, 100
2026/09/29 12:28:01.326, 6, 18460, 95
2026/09/29 12:28:01.326, 7, 18180, 100
2026/09/29 12:28:02.326, 0, 18472, 100
2026/09/29 12:28:02.326, 1, 18180, 100
2026/09/29 12:28:02.327, 2, 18180, 100
2026/09/29 12:28:02.327, 3, 18180, 100
2026/09/29 12:28:02.327, 4, 18180, 100
2026/09/29 12:28:02.327, 5, 18180, 100
2026/09/29 12:28:02.327, 6, 18460, 100
2026/09/29 12:28:02.327, 7, 18180, 100
2026/09/29 12:28:03.327, 0, 18472, 100
2026/09/29 12:28:03.327, 1, 18180, 100
2026/09/29 12:28:03.327, 2, 18180, 100
2026/09/29 12:28:03.327, 3, 18180, 100
2026/09/29 12:28:03.327, 4, 18180, 100
2026/09/29 12:28:03.327, 5, 18180, 100
2026/09/29 12:28:03.327, 6, 18460, 100
2026/09/29 12:28:03.327, 7, 18180, 100
2026/09/29 12:28:04.328, 0, 18472, 100
2026/09/29 12:28:04.328, 1, 18180, 100
2026/09/29 12:28:04.328, 2, 18180, 100
2026/09/29 12:28:04.328, 3, 18180, 100
2026/09/29 12:28:04.328, 4, 18180, 100
2026/09/29 12:28:04.328, 5, 18180, 100
2026/09/29 12:28:04.328, 6, 18460, 100
2026/09/29 12:28:04.328, 7, 18180, 100
2026/09/29 12:28:05.328, 0, 18472, 100
2026/09/29 12:28:05.328, 1, 18180, 100
2026/09/29 12:28:05.329, 2, 18180, 100
2026/09/29 12:28:05.329, 3, 18180, 100
2026/09/29 12:28:05.329, 4, 18180, 100
2026/09/29 12:28:05.329, 5, 18180, 100
2026/09/29 12:28:05.329, 6, 18460, 100
2026/09/29 12:28:05.329, 7, 18180, 100
2026/09/29 12:28:06.329, 0, 18472, 100
2026/09/29 12:28:06.329, 1, 18180, 100
2026/09/29 12:28:06.329, 2, 18180, 100
2026/09/29 12:28:06.329, 3, 18180, 100
2026/09/29 12:28:06.329, 4, 18180, 100
2026/09/29 12:28:06.329, 5, 18180, 100
2026/09/29 12:28:06.329, 6, 18460, 94
2026/09/29 12:28:06.329, 7, 18180, 100
2026/09/29 12:28:07.329, 0, 18472, 100
2026/09/29 12:28:07.330, 1, 18180, 100
2026/09/29 12:28:07.330, 2, 18180, 100
2026/09/29 12:28:07.330, 3, 18180, 100
2026/09/29 12:28:07.330, 4, 18180, 100
2026/09/29 12:28:07.330, 5, 18180, 100
2026/09/29 12:28:07.330, 6, 18460, 100
2026/09/29 12:28:07.330, 7, 18180, 100
2026/09/29 12:28:08.330, 0, 18472, 100
2026/09/29 12:28:08.330, 1, 18180, 100
2026/09/29 12:28:08.330, 2, 18180, 100
2026/09/29 12:28:08.330, 3, 18180, 100
2026/09/29 12:28:08.330, 4, 18180, 100
2026/09/29 12:28:08.330, 5, 18180, 100
2026/09/29 12:28:08.331, 6, 18460, 100
2026/09/29 12:28:08.331, 7, 18180, 100
2026/09/29 12:28:09.331, 0, 18472, 100
2026/09/29 12:28:09.331, 1, 18180, 100
2026/09/29 12:28:09.331, 2, 18180, 100
2026/09/29 12:28:09.331, 3, 18180, 100
2026/09/29 12:28:09.331, 4, 18180, 100
2026/09/29 12:28:09.331, 5, 18180, 100
2026/09/29 12:28:09.331, 6, 18460, 100
2026/09/29 12:28:09.331, 7, 18180, 100
2026/09/29 12:28:10.331, 0, 18472, 100
2026/09/29 12:28:10.331, 1, 18180, 99
2026/09/29 12:28:10.332, 2, 18180, 100
2026/09/29 12:28:10.332, 3, 18180, 100
2026/09/29 12:28:10.332, 4, 18180, 100
2026/09/29 12:28:10.332, 5, 18180, 100
2026/09/29 12:28:10.332, 6, 18460, 100
2026/09/29 12:28:10.332, 7, 18180, 100
2026/09/29 12:28:11.332, 0, 18472, 100
2026/09/29 12:28:11.332, 1, 18180, 100
2026/09/29 12:28:11.332, 2, 18180, 100
2026/09/29 12:28:11.332, 3, 18180, 100
2026/09/29 12:28:11.332, 4, 18180, 100
2026/09/29 12:28:11.332, 5, 18180, 100
2026/09/29 12:28:11.332, 6, 18460, 94
2026/09/29 12:28:11.332, 7, 18180, 100
2026/09/29 12:28:12.333, 0, 18472, 100
2026/09/29 12:28:12.333, 1, 18180, 100
2026/09/29 12:28:12.333, 2, 18180, 100
2026/09/29 12:28:12.333, 3, 18180, 100
2026/09/29 12:28:12.333, 4, 18180, 100
2026/09/29 12:28:12.333, 5, 18180, 100
2026/09/29 12:28:12.333, 6, 18460, 100
2026/09/29 12:28:12.333, 7, 18180, 100
2026/09/29 12:28:13.333, 0, 18472, 100
2026/09/29 12:28:13.333, 1, 18180, 100
2026/09/29 12:28:13.333, 2, 18180, 100
2026/09/29 12:28:13.333, 3, 18180, 100
2026/09/29 12:28:13.333, 4, 18180, 100
2026/09/29 12:28:13.333, 5, 18180, 100
2026/09/29 12:28:13.334, 6, 18460, 100
2026/09/29 12:28:13.334, 7, 18180, 100
2026/09/29 12:28:14.334, 0, 18472, 100
2026/09/29 12:28:14.334, 1, 18180, 100
2026/09/29 12:28:14.334, 2, 18180, 100
2026/09/29 12:28:14.334, 3, 18180, 100
2026/09/29 12:28:14.334, 4, 18180, 100
2026/09/29 12:28:14.334, 5, 18180, 100
2026/09/29 12:28:14.334, 6, 18460, 100
2026/09/29 12:28:14.334, 7, 18180, 100
2026/09/29 12:28:15.335, 0, 18472, 100
2026/09/29 12:28:15.335, 1, 18180, 99
2026/09/29 12:28:15.335, 2, 18180, 100
2026/09/29 12:28:15.335, 3, 18180, 100
2026/09/29 12:28:15.335, 4, 18180, 100
2026/09/29 12:28:15.335, 5, 18180, 100
2026/09/29 12:28:15.335, 6, 18460, 100
2026/09/29 12:28:15.335, 7, 18180, 100
2026/09/29 12:28:16.335, 0, 18472, 100
2026/09/29 12:28:16.335, 1, 18180, 100
2026/09/29 12:28:16.335, 2, 18180, 100
2026/09/29 12:28:16.335, 3, 18180, 100
2026/09/29 12:28:16.336, 4, 18180, 100
2026/09/29 12:28:16.336, 5, 18180, 100
2026/09/29 12:28:16.336, 6, 18460, 95
2026/09/29 12:28:16.336, 7, 18180, 100
2026/09/29 12:28:17.336, 0, 18472, 100
2026/09/29 12:28:17.336, 1, 18180, 100
2026/09/29 12:28:17.336, 2, 18180, 100
2026/09/29 12:28:17.336, 3, 18180, 100
2026/09/29 12:28:17.336, 4, 18180, 100
2026/09/29 12:28:17.336, 5, 18180, 100
2026/09/29 12:28:17.336, 6, 18460, 100
2026/09/29 12:28:17.336, 7, 18180, 100
2026/09/29 12:28:18.336, 0, 18472, 100
2026/09/29 12:28:18.337, 1, 18180, 100
2026/09/29 12:28:18.337, 2, 18180, 100
2026/09/29 12:28:18.337, 3, 18180, 100
2026/09/29 12:28:18.337, 4, 18180, 100
2026/09/29 12:28:18.337, 5, 18180, 100
2026/09/29 12:28:18.337, 6, 18460, 100
2026/09/29 12:28:18.337, 7, 18180, 100
2026/09/29 12:28:19.337, 0, 18472, 100
2026/09/29 12:28:19.337, 1, 18180, 100
2026/09/29 12:28:19.337, 2, 18180, 100
2026/09/29 12:28:19.337, 3, 18180, 100
2026/09/29 12:28:19.337, 4, 18180, 100
2026/09/29 12:28:19.337, 5, 18180, 100
2026/09/29 12:28:19.338, 6, 18460, 100
2026/09/29 12:28:19.338, 7, 18180, 100
2026/09/29 12:28:20.338, 0, 18472, 100
2026/09/29 12:28:20.338, 1, 18180, 100
2026/09/29 12:28:20.338, 2, 18180, 100
2026/09/29 12:28:20.338, 3, 18180, 100
2026/09/29 12:28:20.338, 4, 18180, 100
2026/09/29 12:28:20.338, 5, 18180, 100
2026/09/29 12:28:20.338, 6, 18460, 100
2026/09/29 12:28:20.338, 7, 18180, 99
2026/09/29 12:28:21.338, 0, 18472, 100
2026/09/29 12:28:21.344, 1, 18180, 100
2026/09/29 12:28:21.344, 2, 18180, 100
2026/09/29 12:28:21.344, 3, 18180, 100
2026/09/29 12:28:21.345, 4, 18180, 100
2026/09/29 12:28:21.345, 5, 18180, 100
2026/09/29 12:28:21.345, 6, 18460, 96
2026/09/29 12:28:21.345, 7, 18180, 100
2026/09/29 12:28:22.346, 0, 18472, 100
2026/09/29 12:28:22.346, 1, 18180, 100
2026/09/29 12:28:22.346, 2, 18180, 100
2026/09/29 12:28:22.346, 3, 18180, 100
2026/09/29 12:28:22.346, 4, 18180, 100
2026/09/29 12:28:22.346, 5, 18180, 100
2026/09/29 12:28:22.346, 6, 18460, 100
2026/09/29 12:28:22.346, 7, 18180, 100
2026/09/29 12:28:23.346, 0, 18472, 100
2026/09/29 12:28:23.346, 1, 18180, 100
2026/09/29 12:28:23.346, 2, 18180, 100
2026/09/29 12:28:23.346, 3, 18180, 100
2026/09/29 12:28:23.346, 4, 18180, 100
2026/09/29 12:28:23.346, 5, 18180, 100
2026/09/29 12:28:23.346, 6, 18460, 100
2026/09/29 12:28:23.346, 7, 18180, 100
2026/09/29 12:28:24.346, 0, 18472, 100
2026/09/29 12:28:24.347, 1, 18180, 100
2026/09/29 12:28:24.347, 2, 18180, 100
2026/09/29 12:28:24.347, 3, 18180, 100
2026/09/29 12:28:24.347, 4, 18180, 100
2026/09/29 12:28:24.347, 5, 18180, 100
2026/09/29 12:28:24.347, 6, 18460, 100
2026/09/29 12:28:24.347, 7, 18180, 100
2026/09/29 12:28:25.347, 0, 18472, 100
2026/09/29 12:28:25.347, 1, 18180, 100
2026/09/29 12:28:25.347, 2, 18180, 100
2026/09/29 12:28:25.347, 3, 18180, 100
2026/09/29 12:28:25.347, 4, 18180, 100
2026/09/29 12:28:25.347, 5, 18180, 100
2026/09/29 12:28:25.347, 6, 18460, 100
2026/09/29 12:28:25.347, 7, 18180, 100
2026/09/29 12:28:26.347, 0, 18472, 100
2026/09/29 12:28:26.347, 1, 18180, 100
2026/09/29 12:28:26.347, 2, 18180, 100
2026/09/29 12:28:26.347, 3, 18180, 100
2026/09/29 12:28:26.347, 4, 18180, 100
2026/09/29 12:28:26.347, 5, 18180, 100
2026/09/29 12:28:26.348, 6, 18460, 97
2026/09/29 12:28:26.348, 7, 18180, 100
2026/09/29 12:28:27.348, 0, 18472, 100
2026/09/29 12:28:27.348, 1, 18180, 100
2026/09/29 12:28:27.348, 2, 18180, 100
2026/09/29 12:28:27.348, 3, 18180, 100
2026/09/29 12:28:27.348, 4, 18180, 100
2026/09/29 12:28:27.348, 5, 18180, 100
2026/09/29 12:28:27.348, 6, 18460, 100
2026/09/29 12:28:27.348, 7, 18180, 100
2026/09/29 12:28:28.348, 0, 18472, 100
2026/09/29 12:28:28.348, 1, 18180, 100
2026/09/29 12:28:28.348, 2, 18180, 100
2026/09/29 12:28:28.348, 3, 18180, 100
2026/09/29 12:28:28.348, 4, 18180, 100
2026/09/29 12:28:28.349, 5, 18180, 100
2026/09/29 12:28:28.349, 6, 18460, 100
2026/09/29 12:28:28.349, 7, 18180, 100
2026/09/29 12:28:29.349, 0, 18472, 100
2026/09/29 12:28:29.349, 1, 18180, 100
2026/09/29 12:28:29.349, 2, 18180, 100
2026/09/29 12:28:29.349, 3, 18180, 100
2026/09/29 12:28:29.349, 4, 18180, 100
2026/09/29 12:28:29.349, 5, 18180, 100
2026/09/29 12:28:29.349, 6, 18460, 100
2026/09/29 12:28:29.349, 7, 18180, 100
2026/09/29 12:28:30.349, 0, 18472, 100
2026/09/29 12:28:30.350, 1, 18180, 100
2026/09/29 12:28:30.350, 2, 18180, 100
2026/09/29 12:28:30.350, 3, 18180, 100
2026/09/29 12:28:30.350, 4, 18180, 100
2026/09/29 12:28:30.350, 5, 18180, 100
2026/09/29 12:28:30.350, 6, 18460, 100
2026/09/29 12:28:30.350, 7, 18180, 100
2026/09/29 12:28:31.350, 0, 18472, 100
2026/09/29 12:28:31.350, 1, 18180, 100
2026/09/29 12:28:31.350, 2, 18180, 100
2026/09/29 12:28:31.350, 3, 18180, 100
2026/09/29 12:28:31.350, 4, 18180, 100
2026/09/29 12:28:31.350, 5, 18180, 100
2026/09/29 12:28:31.350, 6, 18460, 97
2026/09/29 12:28:31.351, 7, 18180, 100
2026/09/29 12:28:32.351, 0, 18472, 100
2026/09/29 12:28:32.351, 1, 18180, 100
2026/09/29 12:28:32.351, 2, 18180, 100
2026/09/29 12:28:32.351, 3, 18180, 100
2026/09/29 12:28:32.351, 4, 18180, 100
2026/09/29 12:28:32.351, 5, 18180, 100
2026/09/29 12:28:32.351, 6, 18460, 100
2026/09/29 12:28:32.351, 7, 18180, 100
2026/09/29 12:28:33.351, 0, 18472, 100
2026/09/29 12:28:33.351, 1, 18180, 100
2026/09/29 12:28:33.351, 2, 18180, 100
2026/09/29 12:28:33.352, 3, 18180, 100
2026/09/29 12:28:33.352, 4, 18180, 100
2026/09/29 12:28:33.352, 5, 18180, 100
2026/09/29 12:28:33.352, 6, 18460, 100
2026/09/29 12:28:33.352, 7, 18180, 100
2026/09/29 12:28:34.352, 0, 18472, 100
2026/09/29 12:28:34.352, 1, 18180, 100
2026/09/29 12:28:34.352, 2, 18180, 100
2026/09/29 12:28:34.352, 3, 18180, 100
2026/09/29 12:28:34.352, 4, 18180, 100
2026/09/29 12:28:34.352, 5, 18180, 100
2026/09/29 12:28:34.352, 6, 18460, 100
2026/09/29 12:28:34.352, 7, 18180, 100
2026/09/29 12:28:35.353, 0, 18472, 100
2026/09/29 12:28:35.353, 1, 18180, 100
2026/09/29 12:28:35.353, 2, 18180, 100
2026/09/29 12:28:35.353, 3, 18180, 100
2026/09/29 12:28:35.353, 4, 18180, 100
2026/09/29 12:28:35.353, 5, 18180, 100
2026/09/29 12:28:35.353, 6, 18460, 100
2026/09/29 12:28:35.353, 7, 18180, 100
2026/09/29 12:28:36.353, 0, 18472, 100
2026/09/29 12:28:36.354, 1, 18180, 100
2026/09/29 12:28:36.354, 2, 18180, 100
2026/09/29 12:28:36.360, 3, 18180, 100
2026/09/29 12:28:36.360, 4, 18180, 100
2026/09/29 12:28:36.360, 5, 18180, 100
2026/09/29 12:28:36.360, 6, 18460, 97
2026/09/29 12:28:36.360, 7, 18180, 100
2026/09/29 12:28:37.361, 0, 18472, 100
2026/09/29 12:28:37.361, 1, 18180, 100
2026/09/29 12:28:37.361, 2, 18180, 100
2026/09/29 12:28:37.361, 3, 18180, 100
2026/09/29 12:28:37.361, 4, 18180, 100
2026/09/29 12:28:37.361, 5, 18180, 100
2026/09/29 12:28:37.361, 6, 18460, 100
2026/09/29 12:28:37.361, 7, 18180, 100
2026/09/29 12:28:38.361, 0, 18472, 100
2026/09/29 12:28:38.361, 1, 18180, 100
2026/09/29 12:28:38.361, 2, 18180, 100
2026/09/29 12:28:38.361, 3, 18180, 100
2026/09/29 12:28:38.362, 4, 18180, 100
2026/09/29 12:28:38.362, 5, 18180, 100
2026/09/29 12:28:38.362, 6, 18460, 100
2026/09/29 12:28:38.362, 7, 18180, 100
2026/09/29 12:28:39.362, 0, 18472, 100
2026/09/29 12:28:39.362, 1, 18180, 100
2026/09/29 12:28:39.362, 2, 18180, 100
2026/09/29 12:28:39.362, 3, 18180, 100
2026/09/29 12:28:39.362, 4, 18180, 100
2026/09/29 12:28:39.362, 5, 18180, 100
2026/09/29 12:28:39.362, 6, 18460, 100
2026/09/29 12:28:39.362, 7, 18180, 100
2026/09/29 12:28:40.362, 0, 18472, 100
2026/09/29 12:28:40.362, 1, 18180, 100
2026/09/29 12:28:40.363, 2, 18180, 100
2026/09/29 12:28:40.363, 3, 18180, 100
2026/09/29 12:28:40.363, 4, 18180, 100
2026/09/29 12:28:40.363, 5, 18180, 100
2026/09/29 12:28:40.363, 6, 18460, 100
2026/09/29 12:28:40.363, 7, 18180, 100
2026/09/29 12:28:41.363, 0, 18472, 100
2026/09/29 12:28:41.363, 1, 18180, 100
2026/09/29 12:28:41.363, 2, 18180, 100
2026/09/29 12:28:41.363, 3, 18180, 100
2026/09/29 12:28:41.363, 4, 18180, 100
2026/09/29 12:28:41.363, 5, 18180, 100
2026/09/29 12:28:41.363, 6, 18460, 99
2026/09/29 12:28:41.363, 7, 18180, 100
2026/09/29 12:28:42.364, 0, 18472, 100
2026/09/29 12:28:42.364, 1, 18180, 100
2026/09/29 12:28:42.364, 2, 18180, 100
2026/09/29 12:28:42.364, 3, 18180, 100
2026/09/29 12:28:42.364, 4, 18180, 100
2026/09/29 12:28:42.364, 5, 18180, 100
2026/09/29 12:28:42.364, 6, 18460, 100
2026/09/29 12:28:42.364, 7, 18180, 100
2026/09/29 12:28:43.364, 0, 18472, 100
2026/09/29 12:28:43.364, 1, 18180, 100
2026/09/29 12:28:43.364, 2, 18180, 100
2026/09/29 12:28:43.364, 3, 18180, 100
2026/09/29 12:28:43.365, 4, 18180, 100
2026/09/29 12:28:43.365, 5, 18180, 100
2026/09/29 12:28:43.365, 6, 18460, 100
2026/09/29 12:28:43.365, 7, 18180, 100
2026/09/29 12:28:44.365, 0, 18472, 100
2026/09/29 12:28:44.365, 1, 18180, 100
2026/09/29 12:28:44.365, 2, 18180, 100
2026/09/29 12:28:44.365, 3, 18180, 100
2026/09/29 12:28:44.365, 4, 18180, 100
2026/09/29 12:28:44.365, 5, 18180, 100
2026/09/29 12:28:44.365, 6, 18460, 100
2026/09/29 12:28:44.365, 7, 18180, 100
2026/09/29 12:28:45.365, 0, 18472, 100
2026/09/29 12:28:45.366, 1, 18180, 100
2026/09/29 12:28:45.366, 2, 18180, 100
2026/09/29 12:28:45.366, 3, 18180, 100
2026/09/29 12:28:45.366, 4, 18180, 100
2026/09/29 12:28:45.366, 5, 18180, 100
2026/09/29 12:28:45.366, 6, 18460, 100
2026/09/29 12:28:45.366, 7, 18180, 100
2026/09/29 12:28:46.366, 0, 18472, 100
2026/09/29 12:28:46.366, 1, 18180, 100
2026/09/29 12:28:46.366, 2, 18180, 100
2026/09/29 12:28:46.366, 3, 18180, 100
2026/09/29 12:28:46.366, 4, 18180, 100
2026/09/29 12:28:46.366, 5, 18180, 100
2026/09/29 12:28:46.366, 6, 18460, 100
2026/09/29 12:28:46.366, 7, 18180, 100
2026/09/29 12:28:47.367, 0, 18472, 100
2026/09/29 12:28:47.367, 1, 18180, 100
2026/09/29 12:28:47.367, 2, 18180, 100
2026/09/29 12:28:47.367, 3, 18180, 100
2026/09/29 12:28:47.367, 4, 18180, 100
2026/09/29 12:28:47.367, 5, 18180, 100
2026/09/29 12:28:47.367, 6, 18460, 100
2026/09/29 12:28:47.367, 7, 18180, 100
2026/09/29 12:28:48.367, 0, 18472, 100
2026/09/29 12:28:48.367, 1, 18180, 100
2026/09/29 12:28:48.367, 2, 18180, 100
2026/09/29 12:28:48.367, 3, 18180, 100
2026/09/29 12:28:48.368, 4, 18180, 100
2026/09/29 12:28:48.368, 5, 18180, 100
2026/09/29 12:28:48.368, 6, 18460, 100
2026/09/29 12:28:48.368, 7, 18180, 100
2026/09/29 12:28:49.368, 0, 18472, 100
2026/09/29 12:28:49.368, 1, 18180, 100
2026/09/29 12:28:49.368, 2, 18180, 100
2026/09/29 12:28:49.368, 3, 18180, 100
2026/09/29 12:28:49.368, 4, 18180, 100
2026/09/29 12:28:49.368, 5, 18180, 100
2026/09/29 12:28:49.368, 6, 18460, 100
2026/09/29 12:28:49.368, 7, 18180, 100
2026/09/29 12:28:50.369, 0, 18472, 100
2026/09/29 12:28:50.369, 1, 18180, 100
2026/09/29 12:28:50.369, 2, 18180, 100
2026/09/29 12:28:50.369, 3, 18180, 100
2026/09/29 12:28:50.369, 4, 18180, 100
2026/09/29 12:28:50.369, 5, 18180, 100
2026/09/29 12:28:50.369, 6, 18460, 100
2026/09/29 12:28:50.369, 7, 18180, 100
2026/09/29 12:28:51.369, 0, 18472, 100
2026/09/29 12:28:51.374, 1, 18180, 100
2026/09/29 12:28:51.374, 2, 18180, 100
2026/09/29 12:28:51.374, 3, 18180, 100
2026/09/29 12:28:51.374, 4, 18180, 100
2026/09/29 12:28:51.374, 5, 18180, 100
2026/09/29 12:28:51.375, 6, 18460, 100
2026/09/29 12:28:51.375, 7, 18180, 100
2026/09/29 12:28:52.375, 0, 18472, 100
2026/09/29 12:28:52.375, 1, 18180, 100
2026/09/29 12:28:52.375, 2, 18180, 100
2026/09/29 12:28:52.375, 3, 18180, 100
2026/09/29 12:28:52.375, 4, 18180, 100
2026/09/29 12:28:52.375, 5, 18180, 100
2026/09/29 12:28:52.375, 6, 18460, 100
2026/09/29 12:28:52.375, 7, 18180, 100
2026/09/29 12:28:53.375, 0, 18472, 100
2026/09/29 12:28:53.375, 1, 18180, 100
2026/09/29 12:28:53.375, 2, 18180, 100
2026/09/29 12:28:53.375, 3, 18180, 100
2026/09/29 12:28:53.375, 4, 18180, 100
2026/09/29 12:28:53.375, 5, 18180, 100
2026/09/29 12:28:53.375, 6, 18460, 100
2026/09/29 12:28:53.375, 7, 18180, 100
2026/09/29 12:28:54.375, 0, 18472, 100
2026/09/29 12:28:54.376, 1, 18180, 100
2026/09/29 12:28:54.376, 2, 18180, 100
2026/09/29 12:28:54.376, 3, 18180, 100
2026/09/29 12:28:54.376, 4, 18180, 100
2026/09/29 12:28:54.376, 5, 18180, 100
2026/09/29 12:28:54.376, 6, 18460, 100
2026/09/29 12:28:54.376, 7, 18180, 100
2026/09/29 12:28:55.376, 0, 18472, 100
2026/09/29 12:28:55.376, 1, 18180, 100
2026/09/29 12:28:55.376, 2, 18180, 100
2026/09/29 12:28:55.376, 3, 18180, 100
2026/09/29 12:28:55.376, 4, 18180, 100
2026/09/29 12:28:55.376, 5, 18180, 100
2026/09/29 12:28:55.377, 6, 18460, 100
2026/09/29 12:28:55.377, 7, 18180, 100
2026/09/29 12:28:56.377, 0, 18472, 100
2026/09/29 12:28:56.377, 1, 18180, 100
2026/09/29 12:28:56.377, 2, 18180, 100
2026/09/29 12:28:56.377, 3, 18180, 100
2026/09/29 12:28:56.377, 4, 18180, 100
2026/09/29 12:28:56.377, 5, 18180, 100
2026/09/29 12:28:56.377, 6, 18460, 100
2026/09/29 12:28:56.377, 7, 18180, 100
2026/09/29 12:28:57.377, 0, 18472, 99
2026/09/29 12:28:57.377, 1, 18180, 100
2026/09/29 12:28:57.377, 2, 18180, 100
2026/09/29 12:28:57.378, 3, 18180, 100
2026/09/29 12:28:57.378, 4, 18180, 100
2026/09/29 12:28:57.378, 5, 18180, 100
2026/09/29 12:28:57.378, 6, 18460, 100
2026/09/29 12:28:57.378, 7, 18180, 100
2026/09/29 12:28:58.378, 0, 18472, 100
2026/09/29 12:28:58.378, 1, 18180, 100
2026/09/29 12:28:58.378, 2, 18180, 100
2026/09/29 12:28:58.378, 3, 18180, 100
2026/09/29 12:28:58.378, 4, 18180, 100
2026/09/29 12:28:58.378, 5, 18180, 100
2026/09/29 12:28:58.378, 6, 18460, 100
2026/09/29 12:28:58.378, 7, 18180, 100
2026/09/29 12:28:59.378, 0, 18472, 100
2026/09/29 12:28:59.379, 1, 18180, 100
2026/09/29 12:28:59.379, 2, 18180, 100
2026/09/29 12:28:59.379, 3, 18180, 100
2026/09/29 12:28:59.379, 4, 18180, 100
2026/09/29 12:28:59.379, 5, 18180, 100
2026/09/29 12:28:59.379, 6, 18460, 100
2026/09/29 12:28:59.379, 7, 18180, 100
2026/09/29 12:29:00.379, 0, 18472, 100
2026/09/29 12:29:00.379, 1, 18180, 100
2026/09/29 12:29:00.379, 2, 18180, 100
2026/09/29 12:29:00.379, 3, 18180, 100
2026/09/29 12:29:00.379, 4, 18180, 100
2026/09/29 12:29:00.379, 5, 18180, 100
2026/09/29 12:29:00.379, 6, 18460, 100
2026/09/29 12:29:00.379, 7, 18180, 100
2026/09/29 12:29:01.379, 0, 18472, 100
2026/09/29 12:29:01.380, 1, 18180, 100
2026/09/29 12:29:01.380, 2, 18180, 100
2026/09/29 12:29:01.380, 3, 18180, 100
2026/09/29 12:29:01.380, 4, 18180, 100
2026/09/29 12:29:01.380, 5, 18180, 100
2026/09/29 12:29:01.380, 6, 18460, 99
2026/09/29 12:29:01.380, 7, 18180, 100
2026/09/29 12:29:02.380, 0, 18472, 100
2026/09/29 12:29:02.380, 1, 18180, 100
2026/09/29 12:29:02.380, 2, 18180, 100
2026/09/29 12:29:02.380, 3, 18180, 100
2026/09/29 12:29:02.381, 4, 18180, 100
2026/09/29 12:29:02.381, 5, 18180, 100
2026/09/29 12:29:02.381, 6, 18460, 100
2026/09/29 12:29:02.381, 7, 18180, 100
2026/09/29 12:29:03.381, 0, 18472, 100
2026/09/29 12:29:03.381, 1, 18180, 100
2026/09/29 12:29:03.381, 2, 18180, 100
2026/09/29 12:29:03.381, 3, 18180, 100
2026/09/29 12:29:03.381, 4, 18180, 100
2026/09/29 12:29:03.381, 5, 18180, 100
2026/09/29 12:29:03.381, 6, 18460, 100
2026/09/29 12:29:03.381, 7, 18180, 100
2026/09/29 12:29:04.381, 0, 18472, 100
2026/09/29 12:29:04.382, 1, 18180, 100
2026/09/29 12:29:04.382, 2, 18180, 100
2026/09/29 12:29:04.382, 3, 18180, 100
2026/09/29 12:29:04.382, 4, 18180, 100
2026/09/29 12:29:04.382, 5, 18180, 100
2026/09/29 12:29:04.382, 6, 18460, 100
2026/09/29 12:29:04.382, 7, 18180, 100
2026/09/29 12:29:05.382, 0, 18472, 100
2026/09/29 12:29:05.382, 1, 18180, 100
2026/09/29 12:29:05.382, 2, 18180, 100
2026/09/29 12:29:05.382, 3, 18180, 100
2026/09/29 12:29:05.382, 4, 18180, 100
2026/09/29 12:29:05.382, 5, 18180, 100
2026/09/29 12:29:05.382, 6, 18460, 100
2026/09/29 12:29:05.382, 7, 18180, 100
2026/09/29 12:29:06.382, 0, 18472, 100
2026/09/29 12:29:06.385, 1, 18180, 100
2026/09/29 12:29:06.385, 2, 18180, 100
2026/09/29 12:29:06.386, 3, 18180, 100
2026/09/29 12:29:06.386, 4, 18180, 100
2026/09/29 12:29:06.386, 5, 18180, 100
2026/09/29 12:29:06.386, 6, 18460, 99
2026/09/29 12:29:06.386, 7, 18180, 100
2026/09/29 12:29:07.386, 0, 18472, 100
2026/09/29 12:29:07.386, 1, 18180, 100
2026/09/29 12:29:07.386, 2, 18180, 100
2026/09/29 12:29:07.386, 3, 18180, 100
2026/09/29 12:29:07.386, 4, 18180, 100
2026/09/29 12:29:07.386, 5, 18180, 100
2026/09/29 12:29:07.386, 6, 18460, 100
2026/09/29 12:29:07.386, 7, 18180, 100
2026/09/29 12:29:08.387, 0, 18472, 100
2026/09/29 12:29:08.387, 1, 18180, 100
2026/09/29 12:29:08.387, 2, 18180, 100
2026/09/29 12:29:08.387, 3, 18180, 100
2026/09/29 12:29:08.387, 4, 18180, 100
2026/09/29 12:29:08.387, 5, 18180, 100
2026/09/29 12:29:08.387, 6, 18460, 100
2026/09/29 12:29:08.387, 7, 18180, 100
2026/09/29 12:29:09.387, 0, 18472, 100
2026/09/29 12:29:09.387, 1, 18180, 100
2026/09/29 12:29:09.387, 2, 18180, 100
2026/09/29 12:29:09.387, 3, 18180, 100
2026/09/29 12:29:09.387, 4, 18180, 100
2026/09/29 12:29:09.387, 5, 18180, 100
2026/09/29 12:29:09.388, 6, 18460, 100
2026/09/29 12:29:09.388, 7, 18180, 100
2026/09/29 12:29:10.388, 0, 18472, 100
2026/09/29 12:29:10.388, 1, 18180, 100
2026/09/29 12:29:10.388, 2, 18180, 100
2026/09/29 12:29:10.388, 3, 18180, 100
2026/09/29 12:29:10.388, 4, 18180, 100
2026/09/29 12:29:10.388, 5, 18180, 100
2026/09/29 12:29:10.388, 6, 18460, 100
2026/09/29 12:29:10.388, 7, 18180, 100
2026/09/29 12:29:11.388, 0, 18472, 100
2026/09/29 12:29:11.389, 1, 18180, 100
2026/09/29 12:29:11.389, 2, 18180, 100
2026/09/29 12:29:11.389, 3, 18180, 100
2026/09/29 12:29:11.389, 4, 18180, 100
2026/09/29 12:29:11.389, 5, 18180, 100
2026/09/29 12:29:11.389, 6, 18460, 99
2026/09/29 12:29:11.389, 7, 18180, 100
2026/09/29 12:29:12.389, 0, 18472, 100
2026/09/29 12:29:12.389, 1, 18180, 100
2026/09/29 12:29:12.390, 2, 18180, 100
2026/09/29 12:29:12.390, 3, 18180, 100
2026/09/29 12:29:12.390, 4, 18180, 100
2026/09/29 12:29:12.390, 5, 18180, 100
2026/09/29 12:29:12.390, 6, 18460, 100
2026/09/29 12:29:12.390, 7, 18180, 100
2026/09/29 12:29:13.390, 0, 18472, 100
2026/09/29 12:29:13.390, 1, 18180, 100
2026/09/29 12:29:13.390, 2, 18180, 100
2026/09/29 12:29:13.390, 3, 18180, 100
2026/09/29 12:29:13.390, 4, 18180, 100
2026/09/29 12:29:13.390, 5, 18180, 100
2026/09/29 12:29:13.390, 6, 18460, 100
2026/09/29 12:29:13.390, 7, 18180, 100
2026/09/29 12:29:14.390, 0, 18472, 100
2026/09/29 12:29:14.391, 1, 18180, 100
2026/09/29 12:29:14.391, 2, 18180, 100
2026/09/29 12:29:14.391, 3, 18180, 100
2026/09/29 12:29:14.391, 4, 18180, 100
2026/09/29 12:29:14.391, 5, 18180, 100
2026/09/29 12:29:14.391, 6, 18460, 100
2026/09/29 12:29:14.391, 7, 18180, 100
2026/09/29 12:29:15.391, 0, 18472, 100
2026/09/29 12:29:15.391, 1, 18180, 100
2026/09/29 12:29:15.391, 2, 18180, 100
2026/09/29 12:29:15.391, 3, 18180, 100
2026/09/29 12:29:15.391, 4, 18180, 100
2026/09/29 12:29:15.391, 5, 18180, 100
2026/09/29 12:29:15.391, 6, 18460, 100
2026/09/29 12:29:15.392, 7, 18180, 100
2026/09/29 12:29:16.392, 0, 18472, 100
2026/09/29 12:29:16.392, 1, 18180, 100
2026/09/29 12:29:16.392, 2, 18180, 100
2026/09/29 12:29:16.392, 3, 18180, 100
2026/09/29 12:29:16.392, 4, 18180, 100
2026/09/29 12:29:16.392, 5, 18180, 100
2026/09/29 12:29:16.392, 6, 18460, 99
2026/09/29 12:29:16.392, 7, 18180, 100
2026/09/29 12:29:17.392, 0, 18472, 100
2026/09/29 12:29:17.392, 1, 18180, 100
2026/09/29 12:29:17.393, 2, 18180, 100
2026/09/29 12:29:17.393, 3, 18180, 100
2026/09/29 12:29:17.393, 4, 18180, 100
2026/09/29 12:29:17.393, 5, 18180, 100
2026/09/29 12:29:17.393, 6, 18460, 100
2026/09/29 12:29:17.393, 7, 18180, 100
2026/09/29 12:29:18.393, 0, 18472, 100
2026/09/29 12:29:18.393, 1, 18180, 100
2026/09/29 12:29:18.393, 2, 18180, 100
2026/09/29 12:29:18.393, 3, 18180, 100
2026/09/29 12:29:18.393, 4, 18180, 100
2026/09/29 12:29:18.393, 5, 18180, 100
2026/09/29 12:29:18.393, 6, 18460, 100
2026/09/29 12:29:18.393, 7, 18180, 100
2026/09/29 12:29:19.394, 0, 18472, 100
2026/09/29 12:29:19.394, 1, 18180, 100
2026/09/29 12:29:19.394, 2, 18180, 100
2026/09/29 12:29:19.394, 3, 18180, 100
2026/09/29 12:29:19.394, 4, 18180, 100
2026/09/29 12:29:19.394, 5, 18180, 100
2026/09/29 12:29:19.394, 6, 18460, 100
2026/09/29 12:29:19.394, 7, 18180, 100
2026/09/29 12:29:20.394, 0, 18472, 100
2026/09/29 12:29:20.394, 1, 18180, 100
2026/09/29 12:29:20.394, 2, 18180, 100
2026/09/29 12:29:20.395, 3, 18180, 100
2026/09/29 12:29:20.395, 4, 18180, 100
2026/09/29 12:29:20.395, 5, 18180, 100
2026/09/29 12:29:20.395, 6, 18460, 100
2026/09/29 12:29:20.395, 7, 18180, 100
2026/09/29 12:29:21.395, 0, 18472, 100
2026/09/29 12:29:21.396, 1, 18180, 100
2026/09/29 12:29:21.396, 2, 18180, 100
2026/09/29 12:29:21.396, 3, 18180, 100
2026/09/29 12:29:21.396, 4, 18180, 100
2026/09/29 12:29:21.396, 5, 18180, 100
2026/09/29 12:29:21.396, 6, 18460, 99
2026/09/29 12:29:21.396, 7, 18180, 100
2026/09/29 12:29:22.397, 0, 18472, 100
2026/09/29 12:29:22.397, 1, 18180, 100
2026/09/29 12:29:22.397, 2, 18180, 100
2026/09/29 12:29:22.397, 3, 18180, 100
2026/09/29 12:29:22.397, 4, 18180, 100
2026/09/29 12:29:22.397, 5, 18180, 100
2026/09/29 12:29:22.397, 6, 18460, 100
2026/09/29 12:29:22.397, 7, 18180, 100
2026/09/29 12:29:23.397, 0, 18472, 100
2026/09/29 12:29:23.397, 1, 18180, 100
2026/09/29 12:29:23.397, 2, 18180, 100
2026/09/29 12:29:23.398, 3, 18180, 100
2026/09/29 12:29:23.398, 4, 18180, 100
2026/09/29 12:29:23.398, 5, 18180, 100
2026/09/29 12:29:23.398, 6, 18460, 100
2026/09/29 12:29:23.398, 7, 18180, 100
2026/09/29 12:29:24.398, 0, 18472, 100
2026/09/29 12:29:24.398, 1, 18180, 100
2026/09/29 12:29:24.398, 2, 18180, 100
2026/09/29 12:29:24.398, 3, 18180, 100
2026/09/29 12:29:24.398, 4, 18180, 100
2026/09/29 12:29:24.398, 5, 18180, 100
2026/09/29 12:29:24.398, 6, 18460, 100
2026/09/29 12:29:24.398, 7, 18180, 100
2026/09/29 12:29:25.399, 0, 18472, 100
2026/09/29 12:29:25.399, 1, 18180, 100
2026/09/29 12:29:25.399, 2, 18180, 100
2026/09/29 12:29:25.399, 3, 18180, 100
2026/09/29 12:29:25.399, 4, 18180, 100
2026/09/29 12:29:25.399, 5, 18180, 100
2026/09/29 12:29:25.399, 6, 18460, 100
2026/09/29 12:29:25.399, 7, 18180, 100
2026/09/29 12:29:26.399, 0, 18472, 100
2026/09/29 12:29:26.399, 1, 18180, 100
2026/09/29 12:29:26.399, 2, 18180, 100
2026/09/29 12:29:26.400, 3, 18180, 100
2026/09/29 12:29:26.400, 4, 18180, 100
2026/09/29 12:29:26.400, 5, 18180, 100
2026/09/29 12:29:26.400, 6, 18460, 100
2026/09/29 12:29:26.400, 7, 18180, 100
2026/09/29 12:29:27.400, 0, 18472, 100
2026/09/29 12:29:27.400, 1, 18180, 100
2026/09/29 12:29:27.400, 2, 18180, 100
2026/09/29 12:29:27.400, 3, 18180, 100
2026/09/29 12:29:27.400, 4, 18180, 100
2026/09/29 12:29:27.400, 5, 18180, 100
2026/09/29 12:29:27.400, 6, 18460, 100
2026/09/29 12:29:27.400, 7, 18180, 100
2026/09/29 12:29:28.401, 0, 18472, 100
2026/09/29 12:29:28.401, 1, 18180, 100
2026/09/29 12:29:28.401, 2, 18180, 100
2026/09/29 12:29:28.401, 3, 18180, 100
2026/09/29 12:29:28.401, 4, 18180, 100
2026/09/29 12:29:28.401, 5, 18180, 100
2026/09/29 12:29:28.401, 6, 18460, 100
2026/09/29 12:29:28.401, 7, 18180, 100
2026/09/29 12:29:29.401, 0, 18472, 100
2026/09/29 12:29:29.401, 1, 18180, 100
2026/09/29 12:29:29.401, 2, 18180, 100
2026/09/29 12:29:29.401, 3, 18180, 100
2026/09/29 12:29:29.401, 4, 18180, 100
2026/09/29 12:29:29.401, 5, 18180, 100
2026/09/29 12:29:29.401, 6, 18460, 100
2026/09/29 12:29:29.401, 7, 18180, 100
2026/09/29 12:29:30.402, 0, 18472, 100
2026/09/29 12:29:30.402, 1, 18180, 100
2026/09/29 12:29:30.402, 2, 18180, 100
2026/09/29 12:29:30.402, 3, 18180, 100
2026/09/29 12:29:30.402, 4, 18180, 100
2026/09/29 12:29:30.402, 5, 18180, 100
2026/09/29 12:29:30.402, 6, 18460, 100
2026/09/29 12:29:30.402, 7, 18180, 100
2026/09/29 12:29:31.402, 0, 18472, 100
2026/09/29 12:29:31.402, 1, 18180, 100
2026/09/29 12:29:31.402, 2, 18180, 100
2026/09/29 12:29:31.402, 3, 18180, 100
2026/09/29 12:29:31.402, 4, 18180, 100
2026/09/29 12:29:31.402, 5, 18180, 100
2026/09/29 12:29:31.402, 6, 18460, 100
2026/09/29 12:29:31.402, 7, 18180, 100
2026/09/29 12:29:32.402, 0, 18472, 100
2026/09/29 12:29:32.402, 1, 18180, 100
2026/09/29 12:29:32.403, 2, 18180, 100
2026/09/29 12:29:32.403, 3, 18180, 100
2026/09/29 12:29:32.403, 4, 18180, 100
2026/09/29 12:29:32.403, 5, 18180, 100
2026/09/29 12:29:32.403, 6, 18460, 100
2026/09/29 12:29:32.403, 7, 18180, 100
2026/09/29 12:29:33.403, 0, 18472, 100
2026/09/29 12:29:33.403, 1, 18180, 100
2026/09/29 12:29:33.403, 2, 18180, 100
2026/09/29 12:29:33.403, 3, 18180, 100
2026/09/29 12:29:33.403, 4, 18180, 100
2026/09/29 12:29:33.403, 5, 18180, 100
2026/09/29 12:29:33.403, 6, 18460, 100
2026/09/29 12:29:33.403, 7, 18180, 100
2026/09/29 12:29:34.403, 0, 18472, 100
2026/09/29 12:29:34.403, 1, 18180, 100
2026/09/29 12:29:34.403, 2, 18180, 100
2026/09/29 12:29:34.403, 3, 18180, 100
2026/09/29 12:29:34.403, 4, 18180, 100
2026/09/29 12:29:34.403, 5, 18180, 100
2026/09/29 12:29:34.403, 6, 18460, 100
2026/09/29 12:29:34.403, 7, 18180, 99
2026/09/29 12:29:35.404, 0, 18472, 100
2026/09/29 12:29:35.404, 1, 18180, 100
2026/09/29 12:29:35.404, 2, 18180, 100
2026/09/29 12:29:35.404, 3, 18180, 100
2026/09/29 12:29:35.404, 4, 18180, 100
2026/09/29 12:29:35.404, 5, 18180, 100
2026/09/29 12:29:35.404, 6, 18460, 100
2026/09/29 12:29:35.404, 7, 18180, 100
2026/09/29 12:29:36.404, 0, 18472, 100
2026/09/29 12:29:36.407, 1, 18180, 100
2026/09/29 12:29:36.407, 2, 18180, 100
2026/09/29 12:29:36.407, 3, 18180, 100
2026/09/29 12:29:36.407, 4, 18180, 100
2026/09/29 12:29:36.407, 5, 18180, 100
2026/09/29 12:29:36.407, 6, 18460, 100
2026/09/29 12:29:36.407, 7, 18180, 100
2026/09/29 12:29:37.407, 0, 18472, 100
2026/09/29 12:29:37.408, 1, 18180, 100
2026/09/29 12:29:37.408, 2, 18180, 100
2026/09/29 12:29:37.408, 3, 18180, 100
2026/09/29 12:29:37.408, 4, 18180, 100
2026/09/29 12:29:37.408, 5, 18180, 100
2026/09/29 12:29:37.408, 6, 18460, 100
2026/09/29 12:29:37.408, 7, 18180, 100
2026/09/29 12:29:38.408, 0, 18472, 100
2026/09/29 12:29:38.408, 1, 18180, 100
2026/09/29 12:29:38.408, 2, 18180, 100
2026/09/29 12:29:38.408, 3, 18180, 100
2026/09/29 12:29:38.408, 4, 18180, 100
2026/09/29 12:29:38.408, 5, 18180, 100
2026/09/29 12:29:38.408, 6, 18460, 100
2026/09/29 12:29:38.408, 7, 18180, 100
2026/09/29 12:29:39.409, 0, 18472, 100
2026/09/29 12:29:39.409, 1, 18180, 100
2026/09/29 12:29:39.409, 2, 18180, 100
2026/09/29 12:29:39.409, 3, 18180, 100
2026/09/29 12:29:39.409, 4, 18180, 100
2026/09/29 12:29:39.409, 5, 18180, 100
2026/09/29 12:29:39.409, 6, 18460, 100
2026/09/29 12:29:39.409, 7, 18180, 100
2026/09/29 12:29:40.409, 0, 18472, 100
2026/09/29 12:29:40.409, 1, 18180, 100
2026/09/29 12:29:40.409, 2, 18180, 100
2026/09/29 12:29:40.410, 3, 18180, 100
2026/09/29 12:29:40.410, 4, 18180, 100
2026/09/29 12:29:40.410, 5, 18180, 100
2026/09/29 12:29:40.410, 6, 18460, 100
2026/09/29 12:29:40.410, 7, 18180, 100
2026/09/29 12:29:41.410, 0, 18472, 100
2026/09/29 12:29:41.410, 1, 18180, 100
2026/09/29 12:29:41.410, 2, 18180, 100
2026/09/29 12:29:41.410, 3, 18180, 100
2026/09/29 12:29:41.410, 4, 18180, 100
2026/09/29 12:29:41.410, 5, 18180, 100
2026/09/29 12:29:41.410, 6, 18460, 100
2026/09/29 12:29:41.410, 7, 18180, 100
2026/09/29 12:29:42.410, 0, 18472, 100
2026/09/29 12:29:42.411, 1, 18180, 100
2026/09/29 12:29:42.411, 2, 18180, 100
2026/09/29 12:29:42.411, 3, 18180, 100
2026/09/29 12:29:42.411, 4, 18180, 100
2026/09/29 12:29:42.411, 5, 18180, 100
2026/09/29 12:29:42.411, 6, 18460, 100
2026/09/29 12:29:42.411, 7, 18180, 100
2026/09/29 12:29:43.411, 0, 18472, 100
2026/09/29 12:29:43.411, 1, 18180, 100
2026/09/29 12:29:43.411, 2, 18180, 100
2026/09/29 12:29:43.411, 3, 18180, 100
2026/09/29 12:29:43.411, 4, 18180, 100
2026/09/29 12:29:43.411, 5, 18180, 100
2026/09/29 12:29:43.411, 6, 18460, 100
2026/09/29 12:29:43.411, 7, 18180, 100
2026/09/29 12:29:44.411, 0, 18472, 100
2026/09/29 12:29:44.411, 1, 18180, 100
2026/09/29 12:29:44.411, 2, 18180, 100
2026/09/29 12:29:44.412, 3, 18180, 100
2026/09/29 12:29:44.412, 4, 18180, 100
2026/09/29 12:29:44.412, 5, 18180, 100
2026/09/29 12:29:44.412, 6, 18460, 100
2026/09/29 12:29:44.412, 7, 18180, 100
2026/09/29 12:29:45.412, 0, 18472, 100
2026/09/29 12:29:45.412, 1, 18180, 100
2026/09/29 12:29:45.412, 2, 18180, 100
2026/09/29 12:29:45.412, 3, 18180, 100
2026/09/29 12:29:45.412, 4, 18180, 100
2026/09/29 12:29:45.412, 5, 18180, 100
2026/09/29 12:29:45.412, 6, 18460, 100
2026/09/29 12:29:45.412, 7, 18180, 100
2026/09/29 12:29:46.412, 0, 18472, 100
2026/09/29 12:29:46.413, 1, 18180, 100
2026/09/29 12:29:46.413, 2, 18180, 100
2026/09/29 12:29:46.413, 3, 18180, 100
2026/09/29 12:29:46.413, 4, 18180, 100
2026/09/29 12:29:46.413, 5, 18180, 100
2026/09/29 12:29:46.413, 6, 18460, 100
2026/09/29 12:29:46.413, 7, 18180, 100
2026/09/29 12:29:47.413, 0, 18472, 100
2026/09/29 12:29:47.413, 1, 18180, 100
2026/09/29 12:29:47.414, 2, 18180, 100
2026/09/29 12:29:47.414, 3, 18180, 100
2026/09/29 12:29:47.414, 4, 18180, 100
2026/09/29 12:29:47.414, 5, 18180, 100
2026/09/29 12:29:47.414, 6, 18460, 100
2026/09/29 12:29:47.414, 7, 18180, 100
2026/09/29 12:29:48.414, 0, 18472, 100
2026/09/29 12:29:48.414, 1, 18180, 100
2026/09/29 12:29:48.414, 2, 18180, 100
2026/09/29 12:29:48.414, 3, 18180, 100
2026/09/29 12:29:48.414, 4, 18180, 100
2026/09/29 12:29:48.415, 5, 18180, 100
2026/09/29 12:29:48.415, 6, 18460, 100
2026/09/29 12:29:48.415, 7, 18180, 100
2026/09/29 12:29:49.415, 0, 18472, 100
2026/09/29 12:29:49.415, 1, 18180, 100
2026/09/29 12:29:49.415, 2, 18180, 100
2026/09/29 12:29:49.415, 3, 18180, 100
2026/09/29 12:29:49.415, 4, 18180, 100
2026/09/29 12:29:49.415, 5, 18180, 100
2026/09/29 12:29:49.415, 6, 18460, 100
2026/09/29 12:29:49.415, 7, 18180, 100
2026/09/29 12:29:50.415, 0, 18472, 100
2026/09/29 12:29:50.416, 1, 18180, 100
2026/09/29 12:29:50.416, 2, 18180, 100
2026/09/29 12:29:50.416, 3, 18180, 100
2026/09/29 12:29:50.416, 4, 18180, 100
2026/09/29 12:29:50.416, 5, 18180, 100
2026/09/29 12:29:50.416, 6, 18460, 100
2026/09/29 12:29:50.416, 7, 18180, 100
2026/09/29 12:29:51.416, 0, 18472, 100
2026/09/29 12:29:51.421, 1, 18180, 100
2026/09/29 12:29:51.421, 2, 18180, 100
2026/09/29 12:29:51.421, 3, 18180, 100
2026/09/29 12:29:51.421, 4, 18180, 100
2026/09/29 12:29:51.422, 5, 18180, 100
2026/09/29 12:29:51.422, 6, 18460, 100
2026/09/29 12:29:51.422, 7, 18180, 100
2026/09/29 12:29:52.427, 0, 18472, 100
2026/09/29 12:29:52.428, 1, 18180, 100
2026/09/29 12:29:52.428, 2, 18180, 100
2026/09/29 12:29:52.428, 3, 18180, 100
2026/09/29 12:29:52.428, 4, 18180, 100
2026/09/29 12:29:52.428, 5, 18180, 100
2026/09/29 12:29:52.428, 6, 18460, 100
2026/09/29 12:29:52.428, 7, 18180, 100
2026/09/29 12:29:53.428, 0, 18472, 100
2026/09/29 12:29:53.428, 1, 18180, 100
2026/09/29 12:29:53.428, 2, 18180, 100
2026/09/29 12:29:53.428, 3, 18180, 100
2026/09/29 12:29:53.428, 4, 18180, 100
2026/09/29 12:29:53.428, 5, 18180, 100
2026/09/29 12:29:53.429, 6, 18460, 100
2026/09/29 12:29:53.429, 7, 18180, 100
2026/09/29 12:29:54.429, 0, 18472, 100
2026/09/29 12:29:54.429, 1, 18180, 100
2026/09/29 12:29:54.429, 2, 18180, 100
2026/09/29 12:29:54.429, 3, 18180, 100
2026/09/29 12:29:54.429, 4, 18180, 100
2026/09/29 12:29:54.429, 5, 18180, 100
2026/09/29 12:29:54.429, 6, 18460, 100
2026/09/29 12:29:54.429, 7, 18180, 100
2026/09/29 12:29:55.429, 0, 18472, 100
2026/09/29 12:29:55.430, 1, 18180, 100
2026/09/29 12:29:55.430, 2, 18180, 100
2026/09/29 12:29:55.430, 3, 18180, 100
2026/09/29 12:29:55.430, 4, 18180, 100
2026/09/29 12:29:55.430, 5, 18180, 100
2026/09/29 12:29:55.430, 6, 18460, 100
2026/09/29 12:29:55.430, 7, 18180, 100
2026/09/29 12:29:56.430, 0, 18472, 100
2026/09/29 12:29:56.430, 1, 18180, 100
2026/09/29 12:29:56.430, 2, 18180, 100
2026/09/29 12:29:56.430, 3, 18180, 100
2026/09/29 12:29:56.430, 4, 18180, 100
2026/09/29 12:29:56.430, 5, 18180, 100
2026/09/29 12:29:56.430, 6, 18460, 100
2026/09/29 12:29:56.431, 7, 18180, 100
2026/09/29 12:29:57.431, 0, 18472, 100
2026/09/29 12:29:57.431, 1, 18180, 100
2026/09/29 12:29:57.431, 2, 18180, 100
2026/09/29 12:29:57.431, 3, 18180, 100
2026/09/29 12:29:57.431, 4, 18180, 100
2026/09/29 12:29:57.431, 5, 18180, 100
2026/09/29 12:29:57.431, 6, 18460, 100
2026/09/29 12:29:57.431, 7, 18180, 100
2026/09/29 12:29:58.431, 0, 18472, 100
2026/09/29 12:29:58.432, 1, 18180, 100
2026/09/29 12:29:58.432, 2, 18180, 100
2026/09/29 12:29:58.432, 3, 18180, 100
2026/09/29 12:29:58.432, 4, 18180, 100
2026/09/29 12:29:58.432, 5, 18180, 100
2026/09/29 12:29:58.432, 6, 18460, 100
2026/09/29 12:29:58.432, 7, 18180, 100
2026/09/29 12:29:59.432, 0, 18472, 100
2026/09/29 12:29:59.432, 1, 18180, 100
2026/09/29 12:29:59.432, 2, 18180, 100
2026/09/29 12:29:59.432, 3, 18180, 100
2026/09/29 12:29:59.432, 4, 18180, 100
2026/09/29 12:29:59.432, 5, 18180, 100
2026/09/29 12:29:59.432, 6, 18460, 100
2026/09/29 12:29:59.432, 7, 18180, 100
2026/09/29 12:30:00.432, 0, 18472, 100
2026/09/29 12:30:00.432, 1, 18180, 100
2026/09/29 12:30:00.432, 2, 18180, 100
2026/09/29 12:30:00.432, 3, 18180, 100
2026/09/29 12:30:00.432, 4, 18180, 100
2026/09/29 12:30:00.432, 5, 18180, 100
2026/09/29 12:30:00.432, 6, 18460, 100
2026/09/29 12:30:00.432, 7, 18180, 100
2026/09/29 12:30:01.433, 0, 18472, 100
2026/09/29 12:30:01.433, 1, 18180, 100
2026/09/29 12:30:01.433, 2, 18180, 100
2026/09/29 12:30:01.433, 3, 18180, 100
2026/09/29 12:30:01.433, 4, 18180, 100
2026/09/29 12:30:01.433, 5, 18180, 100
2026/09/29 12:30:01.433, 6, 18460, 100
2026/09/29 12:30:01.433, 7, 18180, 100
2026/09/29 12:30:02.433, 0, 18472, 100
2026/09/29 12:30:02.433, 1, 18180, 100
2026/09/29 12:30:02.433, 2, 18180, 100
2026/09/29 12:30:02.433, 3, 18180, 100
2026/09/29 12:30:02.433, 4, 18180, 100
2026/09/29 12:30:02.433, 5, 18180, 100
2026/09/29 12:30:02.433, 6, 18460, 100
2026/09/29 12:30:02.434, 7, 18180, 100
2026/09/29 12:30:03.434, 0, 18472, 100
2026/09/29 12:30:03.434, 1, 18180, 100
2026/09/29 12:30:03.434, 2, 18180, 100
2026/09/29 12:30:03.434, 3, 18180, 100
2026/09/29 12:30:03.434, 4, 18180, 100
2026/09/29 12:30:03.434, 5, 18180, 100
2026/09/29 12:30:03.434, 6, 18460, 100
2026/09/29 12:30:03.434, 7, 18180, 100
2026/09/29 12:30:04.434, 0, 18472, 100
2026/09/29 12:30:04.434, 1, 18180, 100
2026/09/29 12:30:04.434, 2, 18180, 100
2026/09/29 12:30:04.435, 3, 18180, 100
2026/09/29 12:30:04.435, 4, 18180, 100
2026/09/29 12:30:04.435, 5, 18180, 100
2026/09/29 12:30:04.435, 6, 18460, 100
2026/09/29 12:30:04.435, 7, 18180, 100
2026/09/29 12:30:05.435, 0, 18472, 100
2026/09/29 12:30:05.435, 1, 18180, 100
2026/09/29 12:30:05.435, 2, 18180, 100
2026/09/29 12:30:05.435, 3, 18180, 100
2026/09/29 12:30:05.435, 4, 18180, 100
2026/09/29 12:30:05.435, 5, 18180, 100
2026/09/29 12:30:05.435, 6, 18460, 100
2026/09/29 12:30:05.435, 7, 18180, 100
2026/09/29 12:30:06.436, 0, 18472, 100
2026/09/29 12:30:06.436, 1, 18180, 100
2026/09/29 12:30:06.438, 2, 18180, 100
2026/09/29 12:30:06.438, 3, 18180, 100
2026/09/29 12:30:06.438, 4, 18180, 100
2026/09/29 12:30:06.443, 5, 18180, 100
2026/09/29 12:30:06.443, 6, 18460, 100
2026/09/29 12:30:06.443, 7, 18180, 100
2026/09/29 12:30:07.443, 0, 18472, 100
2026/09/29 12:30:07.443, 1, 18180, 100
2026/09/29 12:30:07.443, 2, 18180, 100
2026/09/29 12:30:07.443, 3, 18180, 100
2026/09/29 12:30:07.443, 4, 18180, 100
2026/09/29 12:30:07.443, 5, 18180, 100
2026/09/29 12:30:07.444, 6, 18460, 100
2026/09/29 12:30:07.444, 7, 18180, 100
2026/09/29 12:30:08.444, 0, 18472, 100
2026/09/29 12:30:08.444, 1, 18180, 100
2026/09/29 12:30:08.444, 2, 18180, 100
2026/09/29 12:30:08.444, 3, 18180, 100
2026/09/29 12:30:08.444, 4, 18180, 100
2026/09/29 12:30:08.444, 5, 18180, 100
2026/09/29 12:30:08.444, 6, 18460, 100
2026/09/29 12:30:08.444, 7, 18180, 100
2026/09/29 12:30:09.444, 0, 18472, 100
2026/09/29 12:30:09.444, 1, 18180, 100
2026/09/29 12:30:09.445, 2, 18180, 100
2026/09/29 12:30:09.445, 3, 18180, 100
2026/09/29 12:30:09.445, 4, 18180, 100
2026/09/29 12:30:09.445, 5, 18180, 100
2026/09/29 12:30:09.445, 6, 18460, 100
2026/09/29 12:30:09.445, 7, 18180, 100
2026/09/29 12:30:10.445, 0, 18472, 100
2026/09/29 12:30:10.445, 1, 18180, 100
2026/09/29 12:30:10.445, 2, 18180, 100
2026/09/29 12:30:10.445, 3, 18180, 100
2026/09/29 12:30:10.445, 4, 18180, 100
2026/09/29 12:30:10.445, 5, 18180, 100
2026/09/29 12:30:10.445, 6, 18460, 100
2026/09/29 12:30:10.445, 7, 18180, 100
2026/09/29 12:30:11.446, 0, 18472, 100
2026/09/29 12:30:11.446, 1, 18180, 100
2026/09/29 12:30:11.446, 2, 18180, 100
2026/09/29 12:30:11.446, 3, 18180, 100
2026/09/29 12:30:11.446, 4, 18180, 100
2026/09/29 12:30:11.446, 5, 18180, 100
2026/09/29 12:30:11.446, 6, 18460, 100
2026/09/29 12:30:11.446, 7, 18180, 100
2026/09/29 12:30:12.446, 0, 18472, 100
2026/09/29 12:30:12.446, 1, 18180, 100
2026/09/29 12:30:12.447, 2, 18180, 100
2026/09/29 12:30:12.447, 3, 18180, 100
2026/09/29 12:30:12.447, 4, 18180, 100
2026/09/29 12:30:12.447, 5, 18180, 100
2026/09/29 12:30:12.447, 6, 18460, 100
2026/09/29 12:30:12.447, 7, 18180, 100
2026/09/29 12:30:13.447, 0, 18472, 100
2026/09/29 12:30:13.447, 1, 18180, 100
2026/09/29 12:30:13.447, 2, 18180, 100
2026/09/29 12:30:13.447, 3, 18180, 100
2026/09/29 12:30:13.447, 4, 18180, 100
2026/09/29 12:30:13.447, 5, 18180, 100
2026/09/29 12:30:13.447, 6, 18460, 100
2026/09/29 12:30:13.447, 7, 18180, 100
2026/09/29 12:30:14.448, 0, 18472, 100
2026/09/29 12:30:14.448, 1, 18180, 100
2026/09/29 12:30:14.448, 2, 18180, 100
2026/09/29 12:30:14.448, 3, 18180, 100
2026/09/29 12:30:14.448, 4, 18180, 100
2026/09/29 12:30:14.448, 5, 18180, 100
2026/09/29 12:30:14.448, 6, 18460, 100
2026/09/29 12:30:14.448, 7, 18180, 100
2026/09/29 12:30:15.448, 0, 18472, 100
2026/09/29 12:30:15.448, 1, 18180, 100
2026/09/29 12:30:15.448, 2, 18180, 100
2026/09/29 12:30:15.448, 3, 18180, 100
2026/09/29 12:30:15.449, 4, 18180, 100
2026/09/29 12:30:15.449, 5, 18180, 100
2026/09/29 12:30:15.449, 6, 18460, 100
2026/09/29 12:30:15.449, 7, 18180, 100
2026/09/29 12:30:16.449, 0, 18472, 100
2026/09/29 12:30:16.449, 1, 18180, 100
2026/09/29 12:30:16.449, 2, 18180, 100
2026/09/29 12:30:16.449, 3, 18180, 100
2026/09/29 12:30:16.449, 4, 18180, 100
2026/09/29 12:30:16.449, 5, 18180, 100
2026/09/29 12:30:16.449, 6, 18460, 100
2026/09/29 12:30:16.449, 7, 18180, 100
2026/09/29 12:30:17.450, 0, 18472, 100
2026/09/29 12:30:17.450, 1, 18180, 100
2026/09/29 12:30:17.450, 2, 18180, 100
2026/09/29 12:30:17.450, 3, 18180, 100
2026/09/29 12:30:17.450, 4, 18180, 100
2026/09/29 12:30:17.450, 5, 18180, 100
2026/09/29 12:30:17.450, 6, 18460, 100
2026/09/29 12:30:17.450, 7, 18180, 100
2026/09/29 12:30:18.450, 0, 18472, 100
2026/09/29 12:30:18.450, 1, 18180, 100
2026/09/29 12:30:18.450, 2, 18180, 100
2026/09/29 12:30:18.450, 3, 18180, 100
2026/09/29 12:30:18.450, 4, 18180, 100
2026/09/29 12:30:18.451, 5, 18180, 100
2026/09/29 12:30:18.451, 6, 18460, 100
2026/09/29 12:30:18.451, 7, 18180, 100
2026/09/29 12:30:19.451, 0, 18472, 100
2026/09/29 12:30:19.451, 1, 18180, 100
2026/09/29 12:30:19.451, 2, 18180, 100
2026/09/29 12:30:19.451, 3, 18180, 100
2026/09/29 12:30:19.451, 4, 18180, 100
2026/09/29 12:30:19.451, 5, 18180, 100
2026/09/29 12:30:19.451, 6, 18460, 100
2026/09/29 12:30:19.451, 7, 18180, 100
2026/09/29 12:30:20.451, 0, 18472, 100
2026/09/29 12:30:20.452, 1, 18180, 100
2026/09/29 12:30:20.452, 2, 18180, 100
2026/09/29 12:30:20.452, 3, 18180, 100
2026/09/29 12:30:20.452, 4, 18180, 100
2026/09/29 12:30:20.452, 5, 18180, 100
2026/09/29 12:30:20.452, 6, 18460, 100
2026/09/29 12:30:20.452, 7, 18180, 100
2026/09/29 12:30:21.452, 0, 18472, 100
2026/09/29 12:30:21.453, 1, 18180, 100
2026/09/29 12:30:21.460, 2, 18180, 100
2026/09/29 12:30:21.463, 3, 18180, 100
2026/09/29 12:30:21.472, 4, 18180, 100
2026/09/29 12:30:21.478, 5, 18180, 100
2026/09/29 12:30:21.478, 6, 18460, 100
2026/09/29 12:30:21.484, 7, 18180, 100
2026/09/29 12:30:22.485, 0, 18472, 99
2026/09/29 12:30:22.485, 1, 18180, 100
2026/09/29 12:30:22.485, 2, 18180, 100
2026/09/29 12:30:22.486, 3, 18180, 100
2026/09/29 12:30:22.486, 4, 18180, 100
2026/09/29 12:30:22.486, 5, 18180, 100
2026/09/29 12:30:22.486, 6, 18460, 100
2026/09/29 12:30:22.486, 7, 18180, 100
2026/09/29 12:30:23.486, 0, 18472, 100
2026/09/29 12:30:23.486, 1, 18180, 100
2026/09/29 12:30:23.486, 2, 18180, 100
2026/09/29 12:30:23.486, 3, 18180, 100
2026/09/29 12:30:23.486, 4, 18180, 100
2026/09/29 12:30:23.486, 5, 18180, 100
2026/09/29 12:30:23.486, 6, 18460, 100
2026/09/29 12:30:23.486, 7, 18180, 100
2026/09/29 12:30:24.487, 0, 18472, 100
2026/09/29 12:30:24.487, 1, 18180, 100
2026/09/29 12:30:24.487, 2, 18180, 100
2026/09/29 12:30:24.487, 3, 18180, 100
2026/09/29 12:30:24.487, 4, 18180, 100
2026/09/29 12:30:24.487, 5, 18180, 100
2026/09/29 12:30:24.487, 6, 18460, 100
2026/09/29 12:30:24.487, 7, 18180, 100
2026/09/29 12:30:25.487, 0, 18472, 100
2026/09/29 12:30:25.487, 1, 18180, 100
2026/09/29 12:30:25.487, 2, 18180, 100
2026/09/29 12:30:25.487, 3, 18180, 100
2026/09/29 12:30:25.488, 4, 18180, 100
2026/09/29 12:30:25.488, 5, 18180, 100
2026/09/29 12:30:25.488, 6, 18460, 100
2026/09/29 12:30:25.488, 7, 18180, 100
2026/09/29 12:30:26.488, 0, 18472, 99
2026/09/29 12:30:26.488, 1, 18180, 100
2026/09/29 12:30:26.488, 2, 18180, 100
2026/09/29 12:30:26.488, 3, 18180, 100
2026/09/29 12:30:26.488, 4, 18180, 100
2026/09/29 12:30:26.488, 5, 18180, 100
2026/09/29 12:30:26.488, 6, 18460, 100
2026/09/29 12:30:26.488, 7, 18180, 100
2026/09/29 12:30:27.489, 0, 18472, 100
2026/09/29 12:30:27.489, 1, 18180, 100
2026/09/29 12:30:27.489, 2, 18180, 100
2026/09/29 12:30:27.489, 3, 18180, 100
2026/09/29 12:30:27.489, 4, 18180, 100
2026/09/29 12:30:27.489, 5, 18180, 100
2026/09/29 12:30:27.489, 6, 18460, 100
2026/09/29 12:30:27.489, 7, 18180, 100
2026/09/29 12:30:28.489, 0, 18472, 100
2026/09/29 12:30:28.489, 1, 18180, 100
2026/09/29 12:30:28.489, 2, 18180, 100
2026/09/29 12:30:28.489, 3, 18180, 100
2026/09/29 12:30:28.489, 4, 18180, 100
2026/09/29 12:30:28.489, 5, 18180, 100
2026/09/29 12:30:28.489, 6, 18460, 100
2026/09/29 12:30:28.489, 7, 18180, 100
2026/09/29 12:30:29.490, 0, 18472, 100
2026/09/29 12:30:29.490, 1, 18180, 100
2026/09/29 12:30:29.490, 2, 18180, 100
2026/09/29 12:30:29.490, 3, 18180, 100
2026/09/29 12:30:29.490, 4, 18180, 100
2026/09/29 12:30:29.490, 5, 18180, 100
2026/09/29 12:30:29.490, 6, 18460, 100
2026/09/29 12:30:29.490, 7, 18180, 100
2026/09/29 12:30:30.490, 0, 18472, 100
2026/09/29 12:30:30.490, 1, 18180, 100
2026/09/29 12:30:30.490, 2, 18180, 100
2026/09/29 12:30:30.490, 3, 18180, 100
2026/09/29 12:30:30.490, 4, 18180, 100
2026/09/29 12:30:30.490, 5, 18180, 100
2026/09/29 12:30:30.491, 6, 18460, 100
2026/09/29 12:30:30.491, 7, 18180, 100
2026/09/29 12:30:31.491, 0, 18472, 100
2026/09/29 12:30:31.491, 1, 18180, 100
2026/09/29 12:30:31.491, 2, 18180, 100
2026/09/29 12:30:31.491, 3, 18180, 100
2026/09/29 12:30:31.491, 4, 18180, 98
2026/09/29 12:30:31.491, 5, 18180, 100
2026/09/29 12:30:31.491, 6, 18460, 100
2026/09/29 12:30:31.491, 7, 18180, 100
2026/09/29 12:30:32.491, 0, 18472, 100
2026/09/29 12:30:32.492, 1, 18180, 100
2026/09/29 12:30:32.492, 2, 18180, 100
2026/09/29 12:30:32.492, 3, 18180, 100
2026/09/29 12:30:32.492, 4, 18180, 100
2026/09/29 12:30:32.492, 5, 18180, 100
2026/09/29 12:30:32.492, 6, 18460, 100
2026/09/29 12:30:32.492, 7, 18180, 100
2026/09/29 12:30:33.492, 0, 18472, 100
2026/09/29 12:30:33.492, 1, 18180, 100
2026/09/29 12:30:33.492, 2, 18180, 100
2026/09/29 12:30:33.492, 3, 18180, 100
2026/09/29 12:30:33.492, 4, 18180, 100
2026/09/29 12:30:33.492, 5, 18180, 100
2026/09/29 12:30:33.492, 6, 18460, 100
2026/09/29 12:30:33.493, 7, 18180, 100
2026/09/29 12:30:34.493, 0, 18472, 100
2026/09/29 12:30:34.493, 1, 18180, 100
2026/09/29 12:30:34.493, 2, 18180, 100
2026/09/29 12:30:34.493, 3, 18180, 100
2026/09/29 12:30:34.493, 4, 18180, 100
2026/09/29 12:30:34.493, 5, 18180, 100
2026/09/29 12:30:34.493, 6, 18460, 100
2026/09/29 12:30:34.493, 7, 18180, 100
2026/09/29 12:30:35.493, 0, 18472, 100
2026/09/29 12:30:35.493, 1, 18180, 100
2026/09/29 12:30:35.493, 2, 18180, 100
2026/09/29 12:30:35.493, 3, 18180, 100
2026/09/29 12:30:35.493, 4, 18180, 100
2026/09/29 12:30:35.493, 5, 18180, 100
2026/09/29 12:30:35.494, 6, 18460, 100
2026/09/29 12:30:35.494, 7, 18180, 100
2026/09/29 12:30:36.494, 0, 18472, 100
2026/09/29 12:30:36.510, 1, 18180, 100
2026/09/29 12:30:36.510, 2, 18180, 100
2026/09/29 12:30:36.510, 3, 18180, 100
2026/09/29 12:30:36.511, 4, 18180, 98
2026/09/29 12:30:36.511, 5, 18180, 100
2026/09/29 12:30:36.517, 6, 18460, 100
2026/09/29 12:30:36.517, 7, 18180, 100
2026/09/29 12:30:37.517, 0, 18472, 100
2026/09/29 12:30:37.517, 1, 18180, 100
2026/09/29 12:30:37.517, 2, 18180, 100
2026/09/29 12:30:37.517, 3, 18180, 100
2026/09/29 12:30:37.517, 4, 18180, 100
2026/09/29 12:30:37.517, 5, 18180, 100
2026/09/29 12:30:37.517, 6, 18460, 100
2026/09/29 12:30:37.517, 7, 18180, 100
2026/09/29 12:30:38.518, 0, 18472, 100
2026/09/29 12:30:38.518, 1, 18180, 100
2026/09/29 12:30:38.518, 2, 18180, 100
2026/09/29 12:30:38.518, 3, 18180, 100
2026/09/29 12:30:38.518, 4, 18180, 100
2026/09/29 12:30:38.518, 5, 18180, 100
2026/09/29 12:30:38.518, 6, 18460, 100
2026/09/29 12:30:38.518, 7, 18180, 100
2026/09/29 12:30:39.518, 0, 18472, 100
2026/09/29 12:30:39.518, 1, 18180, 100
2026/09/29 12:30:39.518, 2, 18180, 100
2026/09/29 12:30:39.518, 3, 18180, 100
2026/09/29 12:30:39.518, 4, 18180, 100
2026/09/29 12:30:39.519, 5, 18180, 100
2026/09/29 12:30:39.519, 6, 18460, 100
2026/09/29 12:30:39.519, 7, 18180, 100
2026/09/29 12:30:40.519, 0, 18472, 100
2026/09/29 12:30:40.519, 1, 18180, 100
2026/09/29 12:30:40.519, 2, 18180, 100
2026/09/29 12:30:40.519, 3, 18180, 100
2026/09/29 12:30:40.519, 4, 18180, 100
2026/09/29 12:30:40.519, 5, 18180, 100
2026/09/29 12:30:40.519, 6, 18460, 100
2026/09/29 12:30:40.519, 7, 18180, 100
2026/09/29 12:30:41.519, 0, 18472, 100
2026/09/29 12:30:41.519, 1, 18180, 100
2026/09/29 12:30:41.519, 2, 18180, 100
2026/09/29 12:30:41.519, 3, 18180, 100
2026/09/29 12:30:41.520, 4, 18180, 99
2026/09/29 12:30:41.520, 5, 18180, 100
2026/09/29 12:30:41.520, 6, 18460, 100
2026/09/29 12:30:41.520, 7, 18180, 100
2026/09/29 12:30:42.520, 0, 18472, 100
2026/09/29 12:30:42.520, 1, 18180, 100
2026/09/29 12:30:42.520, 2, 18180, 100
2026/09/29 12:30:42.520, 3, 18180, 100
2026/09/29 12:30:42.520, 4, 18180, 100
2026/09/29 12:30:42.520, 5, 18180, 100
2026/09/29 12:30:42.520, 6, 18460, 100
2026/09/29 12:30:42.520, 7, 18180, 100
2026/09/29 12:30:43.520, 0, 18472, 100
2026/09/29 12:30:43.520, 1, 18180, 100
2026/09/29 12:30:43.520, 2, 18180, 100
2026/09/29 12:30:43.520, 3, 18180, 100
2026/09/29 12:30:43.520, 4, 18180, 100
2026/09/29 12:30:43.520, 5, 18180, 100
2026/09/29 12:30:43.521, 6, 18460, 100
2026/09/29 12:30:43.521, 7, 18180, 100
2026/09/29 12:30:44.521, 0, 18472, 100
2026/09/29 12:30:44.521, 1, 18180, 100
2026/09/29 12:30:44.521, 2, 18180, 100
2026/09/29 12:30:44.521, 3, 18180, 100
2026/09/29 12:30:44.521, 4, 18180, 100
2026/09/29 12:30:44.521, 5, 18180, 100
2026/09/29 12:30:44.521, 6, 18460, 100
2026/09/29 12:30:44.521, 7, 18180, 100
2026/09/29 12:30:45.521, 0, 18472, 100
2026/09/29 12:30:45.521, 1, 18180, 100
2026/09/29 12:30:45.521, 2, 18180, 100
2026/09/29 12:30:45.521, 3, 18180, 100
2026/09/29 12:30:45.521, 4, 18180, 100
2026/09/29 12:30:45.521, 5, 18180, 100
2026/09/29 12:30:45.521, 6, 18460, 100
2026/09/29 12:30:45.521, 7, 18180, 100
2026/09/29 12:30:46.521, 0, 18472, 100
2026/09/29 12:30:46.522, 1, 18180, 100
2026/09/29 12:30:46.522, 2, 18180, 100
2026/09/29 12:30:46.522, 3, 18180, 100
2026/09/29 12:30:46.522, 4, 18180, 98
2026/09/29 12:30:46.522, 5, 18180, 100
2026/09/29 12:30:46.522, 6, 18460, 100
2026/09/29 12:30:46.522, 7, 18180, 100
2026/09/29 12:30:47.522, 0, 18472, 100
2026/09/29 12:30:47.522, 1, 18180, 100
2026/09/29 12:30:47.522, 2, 18180, 100
2026/09/29 12:30:47.522, 3, 18180, 100
2026/09/29 12:30:47.522, 4, 18180, 100
2026/09/29 12:30:47.523, 5, 18180, 100
2026/09/29 12:30:47.523, 6, 18460, 100
2026/09/29 12:30:47.523, 7, 18180, 100
2026/09/29 12:30:48.523, 0, 18472, 100
2026/09/29 12:30:48.523, 1, 18180, 100
2026/09/29 12:30:48.523, 2, 18180, 100
2026/09/29 12:30:48.523, 3, 18180, 100
2026/09/29 12:30:48.523, 4, 18180, 100
2026/09/29 12:30:48.523, 5, 18180, 100
2026/09/29 12:30:48.523, 6, 18460, 100
2026/09/29 12:30:48.523, 7, 18180, 99
2026/09/29 12:30:49.523, 0, 18472, 100
2026/09/29 12:30:49.524, 1, 18180, 100
2026/09/29 12:30:49.524, 2, 18180, 100
2026/09/29 12:30:49.524, 3, 18180, 99
2026/09/29 12:30:49.524, 4, 18180, 100
2026/09/29 12:30:49.524, 5, 18180, 100
2026/09/29 12:30:49.524, 6, 18460, 100
2026/09/29 12:30:49.524, 7, 18180, 100
2026/09/29 12:30:50.524, 0, 18472, 100
2026/09/29 12:30:50.524, 1, 18180, 100
2026/09/29 12:30:50.524, 2, 18180, 100
2026/09/29 12:30:50.524, 3, 18180, 100
2026/09/29 12:30:50.524, 4, 18180, 100
2026/09/29 12:30:50.524, 5, 18180, 100
2026/09/29 12:30:50.524, 6, 18460, 100
2026/09/29 12:30:50.525, 7, 18180, 100
2026/09/29 12:30:51.525, 0, 18472, 100
2026/09/29 12:30:51.525, 1, 18180, 100
2026/09/29 12:30:51.525, 2, 18180, 100
2026/09/29 12:30:51.525, 3, 18180, 100
2026/09/29 12:30:51.525, 4, 18180, 99
2026/09/29 12:30:51.525, 5, 18180, 100
2026/09/29 12:30:51.525, 6, 18460, 100
2026/09/29 12:30:51.525, 7, 18180, 100
2026/09/29 12:30:52.525, 0, 18472, 100
2026/09/29 12:30:52.526, 1, 18180, 100
2026/09/29 12:30:52.526, 2, 18180, 100
2026/09/29 12:30:52.526, 3, 18180, 100
2026/09/29 12:30:52.526, 4, 18180, 100
2026/09/29 12:30:52.526, 5, 18180, 100
2026/09/29 12:30:52.526, 6, 18460, 100
2026/09/29 12:30:52.526, 7, 18180, 100
2026/09/29 12:30:53.526, 0, 18472, 100
2026/09/29 12:30:53.526, 1, 18180, 100
2026/09/29 12:30:53.526, 2, 18180, 100
2026/09/29 12:30:53.526, 3, 18180, 100
2026/09/29 12:30:53.526, 4, 18180, 100
2026/09/29 12:30:53.527, 5, 18180, 100
2026/09/29 12:30:53.527, 6, 18460, 100
2026/09/29 12:30:53.527, 7, 18180, 100
2026/09/29 12:30:54.527, 0, 18472, 100
2026/09/29 12:30:54.527, 1, 18180, 100
2026/09/29 12:30:54.527, 2, 18180, 100
2026/09/29 12:30:54.527, 3, 18180, 100
2026/09/29 12:30:54.527, 4, 18180, 100
2026/09/29 12:30:54.527, 5, 18180, 100
2026/09/29 12:30:54.527, 6, 18460, 100
2026/09/29 12:30:54.527, 7, 18180, 100
2026/09/29 12:30:55.527, 0, 18472, 100
2026/09/29 12:30:55.528, 1, 18180, 100
2026/09/29 12:30:55.528, 2, 18180, 100
2026/09/29 12:30:55.528, 3, 18180, 100
2026/09/29 12:30:55.528, 4, 18180, 100
2026/09/29 12:30:55.528, 5, 18180, 100
2026/09/29 12:30:55.528, 6, 18460, 100
2026/09/29 12:30:55.528, 7, 18180, 100
2026/09/29 12:30:56.528, 0, 18472, 100
2026/09/29 12:30:56.528, 1, 18180, 100
2026/09/29 12:30:56.528, 2, 18180, 100
2026/09/29 12:30:56.528, 3, 18180, 100
2026/09/29 12:30:56.528, 4, 18180, 98
2026/09/29 12:30:56.528, 5, 18180, 100
2026/09/29 12:30:56.528, 6, 18460, 100
2026/09/29 12:30:56.528, 7, 18180, 100
2026/09/29 12:30:57.529, 0, 18472, 100
2026/09/29 12:30:57.529, 1, 18180, 100
2026/09/29 12:30:57.529, 2, 18180, 100
2026/09/29 12:30:57.529, 3, 18180, 100
2026/09/29 12:30:57.529, 4, 18180, 100
2026/09/29 12:30:57.529, 5, 18180, 100
2026/09/29 12:30:57.529, 6, 18460, 100
2026/09/29 12:30:57.529, 7, 18180, 100
2026/09/29 12:30:58.529, 0, 18472, 100
2026/09/29 12:30:58.529, 1, 18180, 100
2026/09/29 12:30:58.529, 2, 18180, 100
2026/09/29 12:30:58.529, 3, 18180, 100
2026/09/29 12:30:58.529, 4, 18180, 100
2026/09/29 12:30:58.529, 5, 18180, 100
2026/09/29 12:30:58.529, 6, 18460, 100
2026/09/29 12:30:58.529, 7, 18180, 100
2026/09/29 12:30:59.530, 0, 18472, 100
2026/09/29 12:30:59.530, 1, 18180, 100
2026/09/29 12:30:59.530, 2, 18180, 100
2026/09/29 12:30:59.530, 3, 18180, 100
2026/09/29 12:30:59.530, 4, 18180, 100
2026/09/29 12:30:59.530, 5, 18180, 100
2026/09/29 12:30:59.530, 6, 18460, 100
2026/09/29 12:30:59.530, 7, 18180, 100
2026/09/29 12:31:00.530, 0, 18472, 100
2026/09/29 12:31:00.530, 1, 18180, 100
2026/09/29 12:31:00.530, 2, 18180, 100
2026/09/29 12:31:00.530, 3, 18180, 100
2026/09/29 12:31:00.530, 4, 18180, 100
2026/09/29 12:31:00.531, 5, 18180, 100
2026/09/29 12:31:00.531, 6, 18460, 100
2026/09/29 12:31:00.531, 7, 18180, 100
2026/09/29 12:31:01.531, 0, 18472, 100
2026/09/29 12:31:01.531, 1, 18180, 100
2026/09/29 12:31:01.531, 2, 18180, 100
2026/09/29 12:31:01.531, 3, 18180, 100
2026/09/29 12:31:01.531, 4, 18180, 99
2026/09/29 12:31:01.531, 5, 18180, 100
2026/09/29 12:31:01.531, 6, 18460, 100
2026/09/29 12:31:01.531, 7, 18180, 100
2026/09/29 12:31:02.531, 0, 18472, 100
2026/09/29 12:31:02.531, 1, 18180, 100
2026/09/29 12:31:02.531, 2, 18180, 100
2026/09/29 12:31:02.531, 3, 18180, 100
2026/09/29 12:31:02.531, 4, 18180, 100
2026/09/29 12:31:02.531, 5, 18180, 100
2026/09/29 12:31:02.531, 6, 18460, 100
2026/09/29 12:31:02.531, 7, 18180, 100
2026/09/29 12:31:03.532, 0, 18472, 100
2026/09/29 12:31:03.532, 1, 18180, 100
2026/09/29 12:31:03.532, 2, 18180, 100
2026/09/29 12:31:03.532, 3, 18180, 100
2026/09/29 12:31:03.532, 4, 18180, 100
2026/09/29 12:31:03.532, 5, 18180, 100
2026/09/29 12:31:03.532, 6, 18460, 100
2026/09/29 12:31:03.532, 7, 18180, 100
2026/09/29 12:31:04.532, 0, 18472, 100
2026/09/29 12:31:04.532, 1, 18180, 100
2026/09/29 12:31:04.532, 2, 18180, 100
2026/09/29 12:31:04.533, 3, 18180, 100
2026/09/29 12:31:04.533, 4, 18180, 100
2026/09/29 12:31:04.533, 5, 18180, 100
2026/09/29 12:31:04.533, 6, 18460, 100
2026/09/29 12:31:04.533, 7, 18180, 100
2026/09/29 12:31:05.533, 0, 18472, 100
2026/09/29 12:31:05.533, 1, 18180, 100
2026/09/29 12:31:05.533, 2, 18180, 100
2026/09/29 12:31:05.533, 3, 18180, 100
2026/09/29 12:31:05.533, 4, 18180, 100
2026/09/29 12:31:05.533, 5, 18180, 100
2026/09/29 12:31:05.533, 6, 18460, 100
2026/09/29 12:31:05.533, 7, 18180, 100
2026/09/29 12:31:06.534, 0, 18472, 85
2026/09/29 12:31:06.534, 1, 18180, 100
2026/09/29 12:31:06.534, 2, 18180, 100
2026/09/29 12:31:06.535, 3, 18180, 99
2026/09/29 12:31:06.535, 4, 18180, 100
2026/09/29 12:31:06.535, 5, 18180, 100
2026/09/29 12:31:06.535, 6, 18460, 99
2026/09/29 12:31:06.535, 7, 18180, 100
2026/09/29 12:31:07.535, 0, 18472, 0
2026/09/29 12:31:07.535, 1, 18180, 0
2026/09/29 12:31:07.536, 2, 18180, 0
2026/09/29 12:31:07.536, 3, 18180, 0
2026/09/29 12:31:07.536, 4, 18180, 100
2026/09/29 12:31:07.536, 5, 18180, 0
2026/09/29 12:31:07.536, 6, 18460, 0
2026/09/29 12:31:07.536, 7, 18180, 100
2026/09/29 12:31:08.536, 0, 18472, 0
2026/09/29 12:31:08.536, 1, 18180, 0
2026/09/29 12:31:08.536, 2, 18180, 0
2026/09/29 12:31:08.536, 3, 18180, 0
2026/09/29 12:31:08.536, 4, 18180, 0
2026/09/29 12:31:08.537, 5, 18180, 0
2026/09/29 12:31:08.537, 6, 18460, 0
2026/09/29 12:31:08.537, 7, 18180, 0
2026/09/29 12:31:09.537, 0, 18472, 0
2026/09/29 12:31:09.537, 1, 18180, 0
2026/09/29 12:31:09.537, 2, 18180, 0
2026/09/29 12:31:09.537, 3, 18180, 0
2026/09/29 12:31:09.537, 4, 18180, 0
2026/09/29 12:31:09.537, 5, 18180, 0
2026/09/29 12:31:09.537, 6, 18460, 0
2026/09/29 12:31:09.537, 7, 18180, 0
2026/09/29 12:31:10.537, 0, 18472, 0
2026/09/29 12:31:10.537, 1, 18180, 0
2026/09/29 12:31:10.537, 2, 18180, 0
2026/09/29 12:31:10.537, 3, 18180, 0
2026/09/29 12:31:10.537, 4, 18180, 0
2026/09/29 12:31:10.537, 5, 18180, 0
2026/09/29 12:31:10.538, 6, 18460, 0
2026/09/29 12:31:10.538, 7, 18180, 0
2026/09/29 12:31:11.538, 0, 18472, 0
2026/09/29 12:31:11.538, 1, 18180, 0
2026/09/29 12:31:11.538, 2, 18180, 0
2026/09/29 12:31:11.538, 3, 18164, 0
2026/09/29 12:31:11.538, 4, 18180, 0
2026/09/29 12:31:11.538, 5, 18180, 0
2026/09/29 12:31:11.538, 6, 18460, 0
2026/09/29 12:31:11.538, 7, 18180, 0
2026/09/29 12:31:12.538, 0, 18398, 0
2026/09/29 12:31:12.540, 1, 18180, 0
2026/09/29 12:31:12.540, 2, 18180, 0
2026/09/29 12:31:12.540, 3, 18164, 0
2026/09/29 12:31:12.540, 4, 18180, 0
2026/09/29 12:31:12.540, 5, 18180, 0
2026/09/29 12:31:12.540, 6, 18460, 0
2026/09/29 12:31:12.540, 7, 18180, 0
2026/09/29 12:31:13.540, 0, 18380, 0
2026/09/29 12:31:13.540, 1, 18180, 0
2026/09/29 12:31:13.540, 2, 18180, 0
2026/09/29 12:31:13.540, 3, 18164, 0
2026/09/29 12:31:13.540, 4, 18180, 0
2026/09/29 12:31:13.541, 5, 18180, 0
2026/09/29 12:31:13.541, 6, 18460, 0
2026/09/29 12:31:13.541, 7, 18180, 0
2026/09/29 12:31:14.541, 0, 18380, 0
2026/09/29 12:31:14.541, 1, 18088, 0
2026/09/29 12:31:14.546, 2, 18088, 0
2026/09/29 12:31:14.554, 3, 18164, 0
2026/09/29 12:31:14.557, 4, 18088, 0
2026/09/29 12:31:14.562, 5, 18180, 0
2026/09/29 12:31:14.570, 6, 18460, 0
2026/09/29 12:31:14.576, 7, 18132, 0
2026/09/29 12:31:15.578, 0, 18380, 0
2026/09/29 12:31:15.579, 1, 18088, 0
2026/09/29 12:31:15.579, 2, 18088, 0
2026/09/29 12:31:15.579, 3, 18164, 0
2026/09/29 12:31:15.579, 4, 18088, 0
2026/09/29 12:31:15.579, 5, 18180, 0
2026/09/29 12:31:15.579, 6, 18460, 0
2026/09/29 12:31:15.579, 7, 18132, 0
2026/09/29 12:31:16.579, 0, 18380, 0
2026/09/29 12:31:16.579, 1, 18088, 0
2026/09/29 12:31:16.579, 2, 18088, 0
2026/09/29 12:31:16.580, 3, 18164, 0
2026/09/29 12:31:16.580, 4, 18088, 0
2026/09/29 12:31:16.580, 5, 18088, 0
2026/09/29 12:31:16.580, 6, 18368, 0
2026/09/29 12:31:16.580, 7, 18132, 0
2026/09/29 12:31:17.580, 0, 18380, 0
2026/09/29 12:31:17.580, 1, 18088, 0
2026/09/29 12:31:17.580, 2, 18088, 0
2026/09/29 12:31:17.580, 3, 18072, 0
2026/09/29 12:31:17.580, 4, 18088, 0
2026/09/29 12:31:17.581, 5, 18088, 0
2026/09/29 12:31:17.581, 6, 18368, 0
2026/09/29 12:31:17.581, 7, 18040, 0
2026/09/29 12:31:18.581, 0, 18380, 0
2026/09/29 12:31:18.581, 1, 18088, 0
2026/09/29 12:31:18.581, 2, 18088, 0
2026/09/29 12:31:18.581, 3, 18072, 0
2026/09/29 12:31:18.581, 4, 18088, 0
2026/09/29 12:31:18.581, 5, 18088, 0
2026/09/29 12:31:18.581, 6, 18368, 0
2026/09/29 12:31:18.581, 7, 18040, 0
2026/09/29 12:31:19.582, 0, 4, 0
2026/09/29 12:31:26.320, 1, 4, 0
2026/09/29 12:32:19.904, 2, 4, 0
2026/09/29 12:32:19.959, 3, 4, 0
2026/09/29 12:32:19.959, 4, 4, 0
2026/09/29 12:32:19.960, 5, 4, 0
2026/09/29 12:32:19.960, 6, 4, 0
2026/09/29 12:32:19.960, 7, 4, 0
2026/09/29 12:32:20.960, 0, 4, 0
2026/09/29 12:32:20.960, 1, 4, 0
2026/09/29 12:32:20.960, 2, 4, 0
2026/09/29 12:32:20.960, 3, 4, 0
2026/09/29 12:32:20.960, 4, 4, 0
2026/09/29 12:32:20.960, 5, 4, 0
2026/09/29 12:32:20.960, 6, 4, 0
2026/09/29 12:32:20.960, 7, 4, 0
2026/09/29 12:32:21.960, 0, 4, 0
2026/09/29 12:32:21.960, 1, 4, 0
2026/09/29 12:32:21.961, 2, 4, 0
2026/09/29 12:32:21.961, 3, 4, 0
2026/09/29 12:32:21.961, 4, 4, 0
2026/09/29 12:32:21.961, 5, 4, 0
2026/09/29 12:32:21.961, 6, 4, 0
2026/09/29 12:32:21.961, 7, 4, 0
2026/09/29 12:32:22.961, 0, 4, 0
2026/09/29 12:32:22.961, 1, 4, 0
2026/09/29 12:32:22.961, 2, 4, 0
2026/09/29 12:32:22.961, 3, 4, 0
2026/09/29 12:32:22.961, 4, 4, 0
2026/09/29 12:32:22.961, 5, 4, 0
2026/09/29 12:32:22.961, 6, 4, 0
2026/09/29 12:32:22.962, 7, 4, 0
2026/09/29 12:32:23.962, 0, 4, 0
2026/09/29 12:32:23.962, 1, 4, 0
2026/09/29 12:32:23.962, 2, 4, 0
2026/09/29 12:32:23.962, 3, 4, 0
2026/09/29 12:32:23.962, 4, 4, 0
2026/09/29 12:32:23.962, 5, 4, 0
2026/09/29 12:32:23.962, 6, 4, 0
2026/09/29 12:32:23.962, 7, 4, 0
2026/09/29 12:32:24.962, 0, 4, 0
2026/09/29 12:32:24.963, 1, 4, 0
2026/09/29 12:32:24.963, 2, 4, 0
2026/09/29 12:32:24.963, 3, 4, 0
2026/09/29 12:32:24.963, 4, 4, 0
2026/09/29 12:32:24.963, 5, 4, 0
2026/09/29 12:32:24.963, 6, 4, 0
2026/09/29 12:32:24.963, 7, 4, 0
2026/09/29 12:32:25.963, 0, 4, 0
2026/09/29 12:32:25.963, 1, 4, 0
2026/09/29 12:32:25.963, 2, 4, 0
2026/09/29 12:32:25.963, 3, 4, 0
2026/09/29 12:32:25.963, 4, 4, 0
2026/09/29 12:32:25.963, 5, 4, 0
2026/09/29 12:32:25.963, 6, 4, 0
2026/09/29 12:32:25.963, 7, 4, 0
2026/09/29 12:32:26.964, 0, 4, 0
2026/09/29 12:32:26.964, 1, 4, 0
2026/09/29 12:32:26.964, 2, 4, 0
2026/09/29 12:32:26.964, 3, 4, 0
2026/09/29 12:32:26.964, 4, 4, 0
2026/09/29 12:32:26.964, 5, 4, 0
2026/09/29 12:32:26.964, 6, 4, 0
2026/09/29 12:32:26.965, 7, 4, 0
2026/09/29 12:32:27.965, 0, 4, 0
2026/09/29 12:32:27.965, 1, 4, 0
2026/09/29 12:32:27.965, 2, 4, 0
2026/09/29 12:32:27.965, 3, 4, 0
2026/09/29 12:32:27.965, 4, 4, 0
2026/09/29 12:32:27.965, 5, 4, 0
2026/09/29 12:32:27.965, 6, 4, 0
2026/09/29 12:32:27.965, 7, 4, 0
2026/09/29 12:32:28.965, 0, 4, 0
2026/09/29 12:32:28.965, 1, 4, 0
2026/09/29 12:32:28.965, 2, 4, 0
2026/09/29 12:32:28.965, 3, 4, 0
2026/09/29 12:32:28.966, 4, 4, 0
2026/09/29 12:32:28.966, 5, 4, 0
2026/09/29 12:32:28.966, 6, 4, 0
2026/09/29 12:32:28.966, 7, 4, 0
2026/09/29 12:32:29.966, 0, 4, 0
2026/09/29 12:32:29.966, 1, 4, 0
2026/09/29 12:32:29.966, 2, 4, 0
2026/09/29 12:32:29.966, 3, 4, 0
2026/09/29 12:32:29.966, 4, 4, 0
2026/09/29 12:32:29.966, 5, 4, 0
2026/09/29 12:32:29.966, 6, 4, 0
2026/09/29 12:32:29.966, 7, 4, 0
2026/09/29 12:32:30.966, 0, 4, 0
2026/09/29 12:32:30.967, 1, 4, 0
2026/09/29 12:32:30.967, 2, 4, 0
2026/09/29 12:32:30.967, 3, 4, 0
2026/09/29 12:32:30.967, 4, 4, 0
2026/09/29 12:32:30.967, 5, 4, 0
2026/09/29 12:32:30.967, 6, 4, 0
2026/09/29 12:32:30.967, 7, 4, 0
2026/09/29 12:32:31.967, 0, 4, 0
2026/09/29 12:32:31.968, 1, 4, 0
2026/09/29 12:32:31.968, 2, 4, 0
2026/09/29 12:32:31.968, 3, 4, 0
2026/09/29 12:32:31.968, 4, 4, 0
2026/09/29 12:32:31.968, 5, 4, 0
2026/09/29 12:32:31.968, 6, 4, 0
2026/09/29 12:32:31.968, 7, 4, 0
2026/09/29 12:32:32.968, 0, 4, 0
2026/09/29 12:32:32.968, 1, 4, 0
2026/09/29 12:32:32.968, 2, 4, 0
2026/09/29 12:32:32.968, 3, 4, 0
2026/09/29 12:32:32.968, 4, 4, 0
2026/09/29 12:32:32.968, 5, 4, 0
2026/09/29 12:32:32.968, 6, 4, 0
2026/09/29 12:32:32.968, 7, 4, 0
2026/09/29 12:32:33.969, 0, 4, 0
2026/09/29 12:32:33.969, 1, 4, 0
2026/09/29 12:32:33.969, 2, 4, 0
2026/09/29 12:32:33.969, 3, 4, 0
2026/09/29 12:32:33.969, 4, 4, 0
2026/09/29 12:32:33.969, 5, 4, 0
2026/09/29 12:32:33.969, 6, 4, 0
2026/09/29 12:32:33.969, 7, 4, 0
2026/09/29 12:32:34.969, 0, 4, 0
2026/09/29 12:32:34.969, 1, 4, 0
2026/09/29 12:32:34.969, 2, 4, 0
2026/09/29 12:32:34.969, 3, 4, 0
2026/09/29 12:32:34.969, 4, 4, 0
2026/09/29 12:32:34.969, 5, 4, 0
2026/09/29 12:32:34.969, 6, 4, 0
2026/09/29 12:32:34.970, 7, 4, 0
2026/09/29 12:32:35.970, 0, 4, 0
2026/09/29 12:32:35.970, 1, 4, 0
2026/09/29 12:32:35.970, 2, 4, 0
2026/09/29 12:32:35.970, 3, 4, 0
2026/09/29 12:32:35.970, 4, 4, 0
2026/09/29 12:32:35.970, 5, 4, 0
2026/09/29 12:32:35.970, 6, 4, 0
2026/09/29 12:32:35.970, 7, 4, 0
