2026/09/29 09:21:25.447, 0, 1, 0
2026/09/29 09:21:25.450, 1, 1, 0
2026/09/29 09:21:25.452, 2, 1, 0
2026/09/29 09:21:25.454, 3, 1, 0
2026/09/29 09:21:25.456, 4, 1, 0
2026/09/29 09:21:25.458, 5, 1, 0
2026/09/29 09:21:25.460, 6, 1, 0
2026/09/29 09:21:25.462, 7, 1, 0
2026/09/29 09:21:26.464, 0, 1, 0
2026/09/29 09:21:26.465, 1, 1, 0
2026/09/29 09:21:26.465, 2, 1, 0
2026/09/29 09:21:26.465, 3, 1, 0
2026/09/29 09:21:26.465, 4, 1, 0
2026/09/29 09:21:26.465, 5, 1, 0
2026/09/29 09:21:26.465, 6, 1, 0
2026/09/29 09:21:26.465, 7, 1, 0
2026/09/29 09:21:27.465, 0, 4, 0
2026/09/29 09:21:27.466, 1, 1, 0
2026/09/29 09:21:27.466, 2, 1, 0
2026/09/29 09:21:27.466, 3, 1, 0
2026/09/29 09:21:27.468, 4, 1, 0
2026/09/29 09:21:27.469, 5, 1, 0
2026/09/29 09:21:27.469, 6, 1, 0
2026/09/29 09:21:27.469, 7, 1, 0
2026/09/29 09:21:28.469, 0, 4, 0
2026/09/29 09:21:28.470, 1, 4, 0
2026/09/29 09:21:28.470, 2, 4, 0
2026/09/29 09:21:28.470, 3, 4, 0
2026/09/29 09:21:28.470, 4, 4, 0
2026/09/29 09:21:28.470, 5, 4, 0
2026/09/29 09:21:28.470, 6, 4, 0
2026/09/29 09:21:28.470, 7, 4, 0
2026/09/29 09:21:29.470, 0, 4, 0
2026/09/29 09:21:29.470, 1, 4, 0
2026/09/29 09:21:29.470, 2, 4, 0
2026/09/29 09:21:29.470, 3, 4, 0
2026/09/29 09:21:29.470, 4, 4, 0
2026/09/29 09:21:29.470, 5, 4, 0
2026/09/29 09:21:29.470, 6, 4, 0
2026/09/29 09:21:29.470, 7, 4, 0
2026/09/29 09:21:30.471, 0, 4, 0
2026/09/29 09:21:30.471, 1, 4, 0
2026/09/29 09:21:30.471, 2, 4, 0
2026/09/29 09:21:30.471, 3, 4, 0
2026/09/29 09:21:30.471, 4, 4, 0
2026/09/29 09:21:30.471, 5, 4, 0
2026/09/29 09:21:30.471, 6, 4, 0
2026/09/29 09:21:30.471, 7, 4, 0
2026/09/29 09:21:31.471, 0, 4, 0
2026/09/29 09:21:31.471, 1, 4, 0
2026/09/29 09:21:31.471, 2, 4, 0
2026/09/29 09:21:31.471, 3, 4, 0
2026/09/29 09:21:31.471, 4, 4, 0
2026/09/29 09:21:31.471, 5, 4, 0
2026/09/29 09:21:31.472, 6, 4, 0
2026/09/29 09:21:31.472, 7, 4, 0
2026/09/29 09:21:32.472, 0, 4, 0
2026/09/29 09:21:32.472, 1, 4, 0
2026/09/29 09:21:32.472, 2, 4, 0
2026/09/29 09:21:32.472, 3, 4, 0
2026/09/29 09:21:32.472, 4, 4, 0
2026/09/29 09:21:32.472, 5, 4, 0
2026/09/29 09:21:32.472, 6, 4, 0
2026/09/29 09:21:32.472, 7, 4, 0
2026/09/29 09:21:33.472, 0, 4, 0
2026/09/29 09:21:33.472, 1, 4, 0
2026/09/29 09:21:33.473, 2, 4, 0
2026/09/29 09:21:33.473, 3, 4, 0
2026/09/29 09:21:33.473, 4, 4, 0
2026/09/29 09:21:33.473, 5, 4, 0
2026/09/29 09:21:33.473, 6, 4, 0
2026/09/29 09:21:33.473, 7, 4, 0
2026/09/29 09:21:34.473, 0, 4, 0
2026/09/29 09:21:34.473, 1, 4, 0
2026/09/29 09:21:34.473, 2, 4, 0
2026/09/29 09:21:34.473, 3, 4, 0
2026/09/29 09:21:34.473, 4, 4, 0
2026/09/29 09:21:34.473, 5, 4, 0
2026/09/29 09:21:34.473, 6, 4, 0
2026/09/29 09:21:34.473, 7, 4, 0
2026/09/29 09:21:35.474, 0, 4, 0
2026/09/29 09:21:35.474, 1, 4, 0
2026/09/29 09:21:35.474, 2, 4, 0
2026/09/29 09:21:35.474, 3, 4, 0
2026/09/29 09:21:35.474, 4, 4, 0
2026/09/29 09:21:35.474, 5, 4, 0
2026/09/29 09:21:35.474, 6, 4, 0
2026/09/29 09:21:35.474, 7, 4, 0
2026/09/29 09:21:36.474, 0, 4, 0
2026/09/29 09:21:36.474, 1, 4, 0
2026/09/29 09:21:36.474, 2, 4, 0
2026/09/29 09:21:36.474, 3, 4, 0
2026/09/29 09:21:36.474, 4, 4, 0
2026/09/29 09:21:36.475, 5, 4, 0
2026/09/29 09:21:36.475, 6, 4, 0
2026/09/29 09:21:36.475, 7, 4, 0
2026/09/29 09:21:37.475, 0, 4, 0
2026/09/29 09:21:37.475, 1, 4, 0
2026/09/29 09:21:37.475, 2, 4, 0
2026/09/29 09:21:37.475, 3, 4, 0
2026/09/29 09:21:37.475, 4, 4, 0
2026/09/29 09:21:37.475, 5, 4, 0
2026/09/29 09:21:37.475, 6, 4, 0
2026/09/29 09:21:37.475, 7, 4, 0
2026/09/29 09:21:38.475, 0, 4, 0
2026/09/29 09:21:38.475, 1, 4, 0
2026/09/29 09:21:38.476, 2, 4, 0
2026/09/29 09:21:38.476, 3, 4, 0
2026/09/29 09:21:38.476, 4, 4, 0
2026/09/29 09:21:38.476, 5, 4, 0
2026/09/29 09:21:38.476, 6, 4, 0
2026/09/29 09:21:38.476, 7, 4, 0
2026/09/29 09:21:39.476, 0, 4, 0
2026/09/29 09:21:39.476, 1, 4, 0
2026/09/29 09:21:39.476, 2, 4, 0
2026/09/29 09:21:39.476, 3, 4, 0
2026/09/29 09:21:39.476, 4, 4, 0
2026/09/29 09:21:39.476, 5, 4, 0
2026/09/29 09:21:39.476, 6, 4, 0
2026/09/29 09:21:39.476, 7, 4, 0
2026/09/29 09:21:40.477, 0, 4, 0
2026/09/29 09:21:40.477, 1, 4, 0
2026/09/29 09:21:40.477, 2, 4, 0
2026/09/29 09:21:40.477, 3, 4, 0
2026/09/29 09:21:40.477, 4, 4, 0
2026/09/29 09:21:40.477, 5, 4, 0
2026/09/29 09:21:40.477, 6, 4, 0
2026/09/29 09:21:40.477, 7, 4, 0
2026/09/29 09:21:41.477, 0, 4, 0
2026/09/29 09:21:41.477, 1, 4, 0
2026/09/29 09:21:41.477, 2, 4, 0
2026/09/29 09:21:41.477, 3, 4, 0
2026/09/29 09:21:41.477, 4, 4, 0
2026/09/29 09:21:41.477, 5, 4, 0
2026/09/29 09:21:41.478, 6, 4, 0
2026/09/29 09:21:41.478, 7, 4, 0
2026/09/29 09:21:42.478, 0, 4, 0
2026/09/29 09:21:42.478, 1, 4, 0
2026/09/29 09:21:42.478, 2, 4, 0
2026/09/29 09:21:42.478, 3, 4, 0
2026/09/29 09:21:42.478, 4, 4, 0
2026/09/29 09:21:42.478, 5, 4, 0
2026/09/29 09:21:42.478, 6, 4, 0
2026/09/29 09:21:42.478, 7, 4, 0
2026/09/29 09:21:43.478, 0, 4, 0
2026/09/29 09:21:43.478, 1, 4, 0
2026/09/29 09:21:43.478, 2, 4, 0
2026/09/29 09:21:43.478, 3, 4, 0
2026/09/29 09:21:43.479, 4, 4, 0
2026/09/29 09:21:43.479, 5, 4, 0
2026/09/29 09:21:43.479, 6, 4, 0
2026/09/29 09:21:43.479, 7, 4, 0
2026/09/29 09:21:44.479, 0, 4, 0
2026/09/29 09:21:44.479, 1, 4, 0
2026/09/29 09:21:44.479, 2, 4, 0
2026/09/29 09:21:44.479, 3, 4, 0
2026/09/29 09:21:44.479, 4, 4, 0
2026/09/29 09:21:44.479, 5, 4, 0
2026/09/29 09:21:44.479, 6, 4, 0
2026/09/29 09:21:44.479, 7, 4, 0
2026/09/29 09:21:45.479, 0, 4, 0
2026/09/29 09:21:45.480, 1, 4, 0
2026/09/29 09:21:45.480, 2, 4, 0
2026/09/29 09:21:45.480, 3, 4, 0
2026/09/29 09:21:45.480, 4, 4, 0
2026/09/29 09:21:45.480, 5, 4, 0
2026/09/29 09:21:45.480, 6, 4, 0
2026/09/29 09:21:45.480, 7, 4, 0
2026/09/29 09:21:46.480, 0, 4, 0
2026/09/29 09:21:46.480, 1, 4, 0
2026/09/29 09:21:46.480, 2, 4, 0
2026/09/29 09:21:46.480, 3, 4, 0
2026/09/29 09:21:46.480, 4, 4, 0
2026/09/29 09:21:46.480, 5, 4, 0
2026/09/29 09:21:46.480, 6, 4, 0
2026/09/29 09:21:46.480, 7, 4, 0
2026/09/29 09:21:47.481, 0, 4, 0
2026/09/29 09:21:47.481, 1, 4, 0
2026/09/29 09:21:47.481, 2, 4, 0
2026/09/29 09:21:47.481, 3, 4, 0
2026/09/29 09:21:47.481, 4, 4, 0
2026/09/29 09:21:47.481, 5, 4, 0
2026/09/29 09:21:47.481, 6, 4, 0
2026/09/29 09:21:47.481, 7, 4, 0
2026/09/29 09:21:48.481, 0, 4, 0
2026/09/29 09:21:48.481, 1, 4, 0
2026/09/29 09:21:48.481, 2, 4, 0
2026/09/29 09:21:48.481, 3, 4, 0
2026/09/29 09:21:48.481, 4, 4, 0
2026/09/29 09:21:48.481, 5, 4, 0
2026/09/29 09:21:48.482, 6, 4, 0
2026/09/29 09:21:48.482, 7, 4, 0
2026/09/29 09:21:49.482, 0, 396, 0
2026/09/29 09:21:49.482, 1, 396, 3
2026/09/29 09:21:49.482, 2, 396, 0
2026/09/29 09:21:49.483, 3, 396, 0
2026/09/29 09:21:49.483, 4, 396, 2
2026/09/29 09:21:49.484, 5, 396, 0
2026/09/29 09:21:49.484, 6, 21, 0
2026/09/29 09:21:49.484, 7, 4, 0
2026/09/29 09:21:50.485, 0, 396, 0
2026/09/29 09:21:50.485, 1, 396, 0
2026/09/29 09:21:50.485, 2, 396, 0
2026/09/29 09:21:50.485, 3, 396, 0
2026/09/29 09:21:50.485, 4, 396, 0
2026/09/29 09:21:50.485, 5, 396, 0
2026/09/29 09:21:50.485, 6, 396, 0
2026/09/29 09:21:50.485, 7, 396, 0
2026/09/29 09:21:51.485, 0, 396, 0
2026/09/29 09:21:51.486, 1, 396, 0
2026/09/29 09:21:51.486, 2, 396, 0
2026/09/29 09:21:51.486, 3, 396, 0
2026/09/29 09:21:51.486, 4, 396, 0
2026/09/29 09:21:51.486, 5, 396, 0
2026/09/29 09:21:51.486, 6, 396, 0
2026/09/29 09:21:51.486, 7, 396, 0
2026/09/29 09:21:52.486, 0, 396, 0
2026/09/29 09:21:52.486, 1, 396, 0
2026/09/29 09:21:52.486, 2, 396, 0
2026/09/29 09:21:52.486, 3, 396, 0
2026/09/29 09:21:52.486, 4, 396, 0
2026/09/29 09:21:52.486, 5, 396, 0
2026/09/29 09:21:52.486, 6, 396, 0
2026/09/29 09:21:52.486, 7, 396, 0
2026/09/29 09:21:53.487, 0, 396, 0
2026/09/29 09:21:53.487, 1, 396, 0
2026/09/29 09:21:53.487, 2, 396, 0
2026/09/29 09:21:53.487, 3, 396, 0
2026/09/29 09:21:53.487, 4, 396, 0
2026/09/29 09:21:53.487, 5, 396, 0
2026/09/29 09:21:53.487, 6, 396, 0
2026/09/29 09:21:53.487, 7, 396, 0
2026/09/29 09:21:54.487, 0, 396, 0
2026/09/29 09:21:54.487, 1, 396, 0
2026/09/29 09:21:54.487, 2, 396, 0
2026/09/29 09:21:54.487, 3, 396, 0
2026/09/29 09:21:54.487, 4, 396, 0
2026/09/29 09:21:54.488, 5, 396, 0
2026/09/29 09:21:54.488, 6, 396, 0
2026/09/29 09:21:54.488, 7, 396, 0
2026/09/29 09:21:55.488, 0, 396, 0
2026/09/29 09:21:55.488, 1, 396, 0
2026/09/29 09:21:55.488, 2, 396, 0
2026/09/29 09:21:55.488, 3, 396, 0
2026/09/29 09:21:55.488, 4, 396, 0
2026/09/29 09:21:55.488, 5, 396, 0
2026/09/29 09:21:55.488, 6, 396, 0
2026/09/29 09:21:55.488, 7, 396, 0
2026/09/29 09:21:56.488, 0, 396, 0
2026/09/29 09:21:56.488, 1, 396, 0
2026/09/29 09:21:56.488, 2, 396, 0
2026/09/29 09:21:56.489, 3, 396, 0
2026/09/29 09:21:56.489, 4, 396, 0
2026/09/29 09:21:56.489, 5, 396, 0
2026/09/29 09:21:56.489, 6, 396, 0
2026/09/29 09:21:56.489, 7, 396, 0
2026/09/29 09:21:57.489, 0, 396, 0
2026/09/29 09:21:57.489, 1, 396, 0
2026/09/29 09:21:57.489, 2, 396, 0
2026/09/29 09:21:57.489, 3, 396, 0
2026/09/29 09:21:57.489, 4, 396, 0
2026/09/29 09:21:57.489, 5, 396, 0
2026/09/29 09:21:57.489, 6, 396, 0
2026/09/29 09:21:57.489, 7, 396, 0
2026/09/29 09:21:58.489, 0, 396, 0
2026/09/29 09:21:58.489, 1, 396, 0
2026/09/29 09:21:58.490, 2, 396, 0
2026/09/29 09:21:58.490, 3, 396, 0
2026/09/29 09:21:58.490, 4, 396, 0
2026/09/29 09:21:58.490, 5, 396, 0
2026/09/29 09:21:58.490, 6, 396, 0
2026/09/29 09:21:58.490, 7, 396, 0
2026/09/29 09:21:59.490, 0, 396, 0
2026/09/29 09:21:59.490, 1, 396, 0
2026/09/29 09:21:59.490, 2, 396, 0
2026/09/29 09:21:59.490, 3, 396, 0
2026/09/29 09:21:59.490, 4, 396, 0
2026/09/29 09:21:59.490, 5, 396, 0
2026/09/29 09:21:59.490, 6, 396, 0
2026/09/29 09:21:59.490, 7, 396, 0
2026/09/29 09:22:00.491, 0, 396, 0
2026/09/29 09:22:00.491, 1, 396, 0
2026/09/29 09:22:00.491, 2, 396, 0
2026/09/29 09:22:00.491, 3, 396, 0
2026/09/29 09:22:00.491, 4, 396, 0
2026/09/29 09:22:00.491, 5, 396, 0
2026/09/29 09:22:00.491, 6, 396, 0
2026/09/29 09:22:00.491, 7, 396, 0
2026/09/29 09:22:01.491, 0, 396, 0
2026/09/29 09:22:01.491, 1, 396, 0
2026/09/29 09:22:01.491, 2, 396, 0
2026/09/29 09:22:01.491, 3, 396, 0
2026/09/29 09:22:01.491, 4, 396, 0
2026/09/29 09:22:01.491, 5, 396, 0
2026/09/29 09:22:01.492, 6, 396, 0
2026/09/29 09:22:01.492, 7, 396, 0
2026/09/29 09:22:02.492, 0, 396, 0
2026/09/29 09:22:02.492, 1, 396, 0
2026/09/29 09:22:02.492, 2, 396, 0
2026/09/29 09:22:02.492, 3, 396, 0
2026/09/29 09:22:02.492, 4, 396, 0
2026/09/29 09:22:02.492, 5, 396, 0
2026/09/29 09:22:02.492, 6, 396, 0
2026/09/29 09:22:02.492, 7, 396, 0
2026/09/29 09:22:03.492, 0, 396, 0
2026/09/29 09:22:03.492, 1, 396, 0
2026/09/29 09:22:03.492, 2, 396, 0
2026/09/29 09:22:03.493, 3, 396, 0
2026/09/29 09:22:03.493, 4, 396, 0
2026/09/29 09:22:03.493, 5, 396, 0
2026/09/29 09:22:03.493, 6, 396, 0
2026/09/29 09:22:03.493, 7, 396, 0
2026/09/29 09:22:04.493, 0, 396, 0
2026/09/29 09:22:04.493, 1, 396, 0
2026/09/29 09:22:04.493, 2, 396, 0
2026/09/29 09:22:04.493, 3, 396, 0
2026/09/29 09:22:04.493, 4, 396, 0
2026/09/29 09:22:04.493, 5, 396, 0
2026/09/29 09:22:04.493, 6, 396, 0
2026/09/29 09:22:04.493, 7, 396, 0
2026/09/29 09:22:05.493, 0, 396, 0
2026/09/29 09:22:05.543, 1, 396, 0
2026/09/29 09:22:05.543, 2, 412, 0
2026/09/29 09:22:05.543, 3, 396, 0
2026/09/29 09:22:05.543, 4, 396, 0
2026/09/29 09:22:05.543, 5, 396, 0
2026/09/29 09:22:05.543, 6, 787, 0
2026/09/29 09:22:05.543, 7, 396, 0
2026/09/29 09:22:06.543, 0, 787, 0
2026/09/29 09:22:06.755, 1, 787, 0
2026/09/29 09:22:06.755, 2, 787, 0
2026/09/29 09:22:06.755, 3, 412, 0
2026/09/29 09:22:06.755, 4, 787, 0
2026/09/29 09:22:06.755, 5, 787, 0
2026/09/29 09:22:06.755, 6, 787, 0
2026/09/29 09:22:06.755, 7, 787, 2
2026/09/29 09:22:07.755, 0, 1045, 0
2026/09/29 09:22:07.755, 1, 1045, 0
2026/09/29 09:22:07.755, 2, 1045, 0
2026/09/29 09:22:07.755, 3, 1029, 3
2026/09/29 09:22:07.755, 4, 1045, 0
2026/09/29 09:22:07.755, 5, 1045, 0
2026/09/29 09:22:07.755, 6, 1045, 14
2026/09/29 09:22:07.755, 7, 1029, 0
2026/09/29 09:22:08.756, 0, 1159, 0
2026/09/29 09:22:08.756, 1, 1159, 0
2026/09/29 09:22:08.756, 2, 1159, 7
2026/09/29 09:22:08.756, 3, 1159, 0
2026/09/29 09:22:08.756, 4, 1159, 0
2026/09/29 09:22:08.756, 5, 1159, 9
2026/09/29 09:22:08.756, 6, 1159, 0
2026/09/29 09:22:08.756, 7, 1159, 0
2026/09/29 09:22:09.756, 0, 1159, 0
2026/09/29 09:22:09.756, 1, 1159, 0
2026/09/29 09:22:09.756, 2, 1159, 0
2026/09/29 09:22:09.757, 3, 1159, 0
2026/09/29 09:22:09.757, 4, 1159, 0
2026/09/29 09:22:09.757, 5, 1159, 0
2026/09/29 09:22:09.757, 6, 1159, 0
2026/09/29 09:22:09.757, 7, 1159, 0
2026/09/29 09:22:10.757, 0, 1157, 0
2026/09/29 09:22:10.757, 1, 1157, 0
2026/09/29 09:22:10.757, 2, 1157, 0
2026/09/29 09:22:10.757, 3, 1157, 0
2026/09/29 09:22:10.757, 4, 1157, 0
2026/09/29 09:22:10.757, 5, 1157, 0
2026/09/29 09:22:10.757, 6, 1157, 0
2026/09/29 09:22:10.757, 7, 1157, 0
2026/09/29 09:22:11.758, 0, 1545, 0
2026/09/29 09:22:11.758, 1, 1545, 0
2026/09/29 09:22:11.758, 2, 1545, 0
2026/09/29 09:22:11.758, 3, 1545, 0
2026/09/29 09:22:11.758, 4, 1545, 0
2026/09/29 09:22:11.758, 5, 1545, 0
2026/09/29 09:22:11.758, 6, 1545, 0
2026/09/29 09:22:11.758, 7, 1545, 0
2026/09/29 09:22:12.758, 0, 2967, 0
2026/09/29 09:22:12.758, 1, 3227, 0
2026/09/29 09:22:12.758, 2, 1545, 0
2026/09/29 09:22:12.759, 3, 2767, 0
2026/09/29 09:22:12.759, 4, 1545, 0
2026/09/29 09:22:12.759, 5, 3307, 0
2026/09/29 09:22:12.759, 6, 3047, 0
2026/09/29 09:22:12.759, 7, 1545, 0
2026/09/29 09:22:13.759, 0, 4609, 11
2026/09/29 09:22:13.759, 1, 5007, 11
2026/09/29 09:22:13.759, 2, 1647, 0
2026/09/29 09:22:13.760, 3, 4607, 15
2026/09/29 09:22:13.760, 4, 3327, 10
2026/09/29 09:22:13.761, 5, 5471, 16
2026/09/29 09:22:13.761, 6, 5471, 14
2026/09/29 09:22:13.761, 7, 2847, 12
2026/09/29 09:22:14.761, 0, 5471, 14
2026/09/29 09:22:14.761, 1, 5471, 9
2026/09/29 09:22:14.761, 2, 4527, 13
2026/09/29 09:22:14.761, 3, 5471, 12
2026/09/29 09:22:14.761, 4, 5471, 16
2026/09/29 09:22:14.761, 5, 5471, 0
2026/09/29 09:22:14.761, 6, 5471, 0
2026/09/29 09:22:14.761, 7, 5467, 15
2026/09/29 09:22:15.761, 0, 5471, 0
2026/09/29 09:22:15.762, 1, 5471, 0
2026/09/29 09:22:15.762, 2, 5471, 29
2026/09/29 09:22:15.762, 3, 5471, 0
2026/09/29 09:22:15.762, 4, 5471, 0
2026/09/29 09:22:15.762, 5, 5471, 0
2026/09/29 09:22:15.762, 6, 5471, 0
2026/09/29 09:22:15.762, 7, 5471, 0
2026/09/29 09:22:16.762, 0, 5471, 0
2026/09/29 09:22:16.762, 1, 5471, 0
2026/09/29 09:22:16.763, 2, 5471, 0
2026/09/29 09:22:16.763, 3, 5471, 0
2026/09/29 09:22:16.763, 4, 5471, 0
2026/09/29 09:22:16.763, 5, 5471, 0
2026/09/29 09:22:16.763, 6, 5471, 0
2026/09/29 09:22:16.763, 7, 5471, 0
2026/09/29 09:22:17.763, 0, 5471, 0
2026/09/29 09:22:17.763, 1, 5471, 0
2026/09/29 09:22:17.763, 2, 5471, 0
2026/09/29 09:22:17.763, 3, 5471, 0
2026/09/29 09:22:17.763, 4, 5471, 0
2026/09/29 09:22:17.763, 5, 5471, 0
2026/09/29 09:22:17.763, 6, 5471, 0
2026/09/29 09:22:17.763, 7, 5471, 0
2026/09/29 09:22:18.763, 0, 5471, 0
2026/09/29 09:22:18.764, 1, 5471, 0
2026/09/29 09:22:18.764, 2, 5471, 0
2026/09/29 09:22:18.764, 3, 5471, 0
2026/09/29 09:22:18.764, 4, 5471, 0
2026/09/29 09:22:18.764, 5, 5471, 0
2026/09/29 09:22:18.764, 6, 5471, 0
2026/09/29 09:22:18.764, 7, 5471, 0
2026/09/29 09:22:19.764, 0, 5471, 0
2026/09/29 09:22:19.764, 1, 5471, 0
2026/09/29 09:22:19.764, 2, 5471, 0
2026/09/29 09:22:19.764, 3, 5471, 0
2026/09/29 09:22:19.764, 4, 5471, 0
2026/09/29 09:22:19.764, 5, 5471, 0
2026/09/29 09:22:19.764, 6, 5471, 0
2026/09/29 09:22:19.764, 7, 5471, 0
2026/09/29 09:22:20.765, 0, 5471, 0
2026/09/29 09:22:20.765, 1, 5471, 0
2026/09/29 09:22:20.765, 2, 5471, 0
2026/09/29 09:22:20.765, 3, 5471, 0
2026/09/29 09:22:20.765, 4, 5471, 0
2026/09/29 09:22:20.765, 5, 5471, 0
2026/09/29 09:22:20.765, 6, 5471, 0
2026/09/29 09:22:20.765, 7, 5471, 0
2026/09/29 09:22:21.765, 0, 5473, 0
2026/09/29 09:22:21.769, 1, 5473, 0
2026/09/29 09:22:21.769, 2, 5471, 0
2026/09/29 09:22:21.769, 3, 5473, 0
2026/09/29 09:22:21.769, 4, 5471, 0
2026/09/29 09:22:21.769, 5, 5475, 0
2026/09/29 09:22:21.769, 6, 5475, 0
2026/09/29 09:22:21.769, 7, 5471, 0
2026/09/29 09:22:22.769, 0, 5475, 0
2026/09/29 09:22:22.770, 1, 5475, 1
2026/09/29 09:22:22.770, 2, 5471, 0
2026/09/29 09:22:22.770, 3, 5475, 0
2026/09/29 09:22:22.770, 4, 5475, 0
2026/09/29 09:22:22.770, 5, 5477, 0
2026/09/29 09:22:22.770, 6, 5477, 0
2026/09/29 09:22:22.770, 7, 5475, 1
2026/09/29 09:22:23.770, 0, 5479, 0
2026/09/29 09:22:23.771, 1, 5479, 0
2026/09/29 09:22:23.771, 2, 5473, 0
2026/09/29 09:22:23.771, 3, 5479, 0
2026/09/29 09:22:23.771, 4, 5479, 1
2026/09/29 09:22:23.771, 5, 5479, 0
2026/09/29 09:22:23.771, 6, 5479, 0
2026/09/29 09:22:23.771, 7, 5477, 0
2026/09/29 09:22:24.771, 0, 5481, 1
2026/09/29 09:22:24.791, 1, 5481, 0
2026/09/29 09:22:24.806, 2, 5475, 0
2026/09/29 09:22:24.806, 3, 5481, 0
2026/09/29 09:22:24.806, 4, 5481, 0
2026/09/29 09:22:24.806, 5, 5483, 0
2026/09/29 09:22:24.806, 6, 5483, 1
2026/09/29 09:22:24.806, 7, 5479, 0
2026/09/29 09:22:25.831, 0, 5485, 1
2026/09/29 09:22:25.831, 1, 5485, 0
2026/09/29 09:22:25.831, 2, 5479, 0
2026/09/29 09:22:25.831, 3, 5485, 0
2026/09/29 09:22:25.831, 4, 5485, 0
2026/09/29 09:22:25.831, 5, 5487, 0
2026/09/29 09:22:25.831, 6, 5485, 1
2026/09/29 09:22:25.831, 7, 5485, 0
2026/09/29 09:22:26.831, 0, 5489, 0
2026/09/29 09:22:26.832, 1, 5487, 0
2026/09/29 09:22:26.832, 2, 5481, 0
2026/09/29 09:22:26.832, 3, 5487, 0
2026/09/29 09:22:26.832, 4, 5487, 0
2026/09/29 09:22:26.832, 5, 5489, 1
2026/09/29 09:22:26.832, 6, 5489, 1
2026/09/29 09:22:26.832, 7, 5487, 0
2026/09/29 09:22:27.832, 0, 5491, 0
2026/09/29 09:22:27.832, 1, 5489, 0
2026/09/29 09:22:27.832, 2, 5485, 0
2026/09/29 09:22:27.832, 3, 5489, 0
2026/09/29 09:22:27.832, 4, 5489, 0
2026/09/29 09:22:27.832, 5, 5493, 1
2026/09/29 09:22:27.832, 6, 5491, 1
2026/09/29 09:22:27.832, 7, 5489, 0
2026/09/29 09:22:28.833, 0, 5495, 0
2026/09/29 09:22:28.833, 1, 5493, 0
2026/09/29 09:22:28.833, 2, 5487, 0
2026/09/29 09:22:28.833, 3, 5493, 0
2026/09/29 09:22:28.833, 4, 5493, 0
2026/09/29 09:22:28.833, 5, 5495, 0
2026/09/29 09:22:28.833, 6, 5495, 0
2026/09/29 09:22:28.833, 7, 5493, 0
2026/09/29 09:22:29.833, 0, 5497, 0
2026/09/29 09:22:29.834, 1, 5495, 0
2026/09/29 09:22:29.834, 2, 5489, 0
2026/09/29 09:22:29.835, 3, 5495, 0
2026/09/29 09:22:29.836, 4, 5495, 0
2026/09/29 09:22:29.836, 5, 5499, 0
2026/09/29 09:22:29.837, 6, 5497, 0
2026/09/29 09:22:29.837, 7, 5495, 0
2026/09/29 09:22:30.838, 0, 5499, 1
2026/09/29 09:22:30.838, 1, 5499, 0
2026/09/29 09:22:30.838, 2, 5493, 0
2026/09/29 09:22:30.838, 3, 5497, 0
2026/09/29 09:22:30.847, 4, 5499, 0
2026/09/29 09:22:30.847, 5, 5499, 0
2026/09/29 09:22:30.847, 6, 5499, 0
2026/09/29 09:22:30.864, 7, 5497, 1
2026/09/29 09:22:31.896, 0, 5501, 0
2026/09/29 09:22:31.896, 1, 5501, 0
2026/09/29 09:22:31.896, 2, 5495, 0
2026/09/29 09:22:31.896, 3, 5499, 0
2026/09/29 09:22:31.896, 4, 5501, 0
2026/09/29 09:22:31.896, 5, 5503, 0
2026/09/29 09:22:31.896, 6, 5501, 1
2026/09/29 09:22:31.896, 7, 5499, 0
2026/09/29 09:22:32.897, 0, 5505, 0
2026/09/29 09:22:32.897, 1, 5505, 2
2026/09/29 09:22:32.897, 2, 5499, 1
2026/09/29 09:22:32.897, 3, 5503, 0
2026/09/29 09:22:32.925, 4, 5505, 0
2026/09/29 09:22:32.928, 5, 6247, 0
2026/09/29 09:22:32.928, 6, 5505, 0
2026/09/29 09:22:32.928, 7, 5505, 2
2026/09/29 09:22:33.928, 0, 6247, 1
2026/09/29 09:22:33.930, 1, 6247, 0
2026/09/29 09:22:33.931, 2, 5499, 0
2026/09/29 09:22:33.931, 3, 6247, 3
2026/09/29 09:22:33.932, 4, 6247, 0
2026/09/29 09:22:33.932, 5, 6249, 0
2026/09/29 09:22:33.932, 6, 6247, 0
2026/09/29 09:22:33.933, 7, 6247, 0
2026/09/29 09:22:34.933, 0, 6249, 0
2026/09/29 09:22:34.936, 1, 6249, 0
2026/09/29 09:22:34.939, 2, 5503, 0
2026/09/29 09:22:34.939, 3, 6249, 0
2026/09/29 09:22:34.939, 4, 6249, 0
2026/09/29 09:22:34.941, 5, 6453, 0
2026/09/29 09:22:34.941, 6, 6249, 0
2026/09/29 09:22:34.942, 7, 6249, 0
2026/09/29 09:22:35.942, 0, 6573, 0
2026/09/29 09:22:35.942, 1, 6573, 0
2026/09/29 09:22:35.942, 2, 6247, 16
2026/09/29 09:22:35.942, 3, 6573, 0
2026/09/29 09:22:35.942, 4, 6573, 0
2026/09/29 09:22:35.942, 5, 6573, 0
2026/09/29 09:22:35.943, 6, 6573, 0
2026/09/29 09:22:35.943, 7, 6573, 4
2026/09/29 09:22:36.943, 0, 6573, 0
2026/09/29 09:22:36.943, 1, 6573, 0
2026/09/29 09:22:36.943, 2, 6249, 0
2026/09/29 09:22:36.943, 3, 6573, 0
2026/09/29 09:22:36.943, 4, 6573, 0
2026/09/29 09:22:36.943, 5, 6573, 0
2026/09/29 09:22:36.943, 6, 6573, 0
2026/09/29 09:22:36.943, 7, 6573, 0
2026/09/29 09:22:37.943, 0, 6573, 0
2026/09/29 09:22:37.943, 1, 6573, 0
2026/09/29 09:22:37.943, 2, 6573, 0
2026/09/29 09:22:37.944, 3, 6573, 0
2026/09/29 09:22:37.944, 4, 6573, 0
2026/09/29 09:22:37.944, 5, 6573, 0
2026/09/29 09:22:37.944, 6, 6573, 0
2026/09/29 09:22:37.944, 7, 6573, 0
2026/09/29 09:22:38.944, 0, 7525, 2
2026/09/29 09:22:38.944, 1, 7525, 38
2026/09/29 09:22:38.944, 2, 7525, 33
2026/09/29 09:22:38.944, 3, 7385, 0
2026/09/29 09:22:38.944, 4, 7525, 0
2026/09/29 09:22:38.944, 5, 7585, 1
2026/09/29 09:22:38.944, 6, 7585, 0
2026/09/29 09:22:38.944, 7, 7525, 0
2026/09/29 09:22:39.945, 0, 7605, 78
2026/09/29 09:22:39.945, 1, 7605, 100
2026/09/29 09:22:39.945, 2, 7605, 100
2026/09/29 09:22:39.945, 3, 7585, 2
2026/09/29 09:22:39.945, 4, 7605, 100
2026/09/29 09:22:39.945, 5, 7605, 100
2026/09/29 09:22:39.945, 6, 7605, 100
2026/09/29 09:22:39.945, 7, 7585, 100
2026/09/29 09:22:40.945, 0, 7689, 5
2026/09/29 09:22:40.945, 1, 7689, 58
2026/09/29 09:22:40.945, 2, 7689, 100
2026/09/29 09:22:40.945, 3, 7607, 100
2026/09/29 09:22:40.945, 4, 7607, 100
2026/09/29 09:22:40.945, 5, 7689, 100
2026/09/29 09:22:40.945, 6, 7689, 100
2026/09/29 09:22:40.945, 7, 7607, 100
2026/09/29 09:22:41.946, 0, 9651, 92
2026/09/29 09:22:41.946, 1, 9793, 82
2026/09/29 09:22:41.946, 2, 9793, 51
2026/09/29 09:22:41.946, 3, 9793, 34
2026/09/29 09:22:41.946, 4, 9793, 0
2026/09/29 09:22:41.946, 5, 9793, 44
2026/09/29 09:22:41.946, 6, 9793, 0
2026/09/29 09:22:41.946, 7, 9653, 45
2026/09/29 09:22:42.946, 0, 10901, 0
2026/09/29 09:22:42.947, 1, 11043, 25
2026/09/29 09:22:42.947, 2, 11043, 100
2026/09/29 09:22:42.947, 3, 11043, 94
2026/09/29 09:22:42.947, 4, 11043, 0
2026/09/29 09:22:42.947, 5, 11043, 100
2026/09/29 09:22:42.947, 6, 11043, 99
2026/09/29 09:22:42.947, 7, 10903, 32
2026/09/29 09:22:43.947, 0, 10901, 0
2026/09/29 09:22:43.947, 1, 11043, 0
2026/09/29 09:22:43.947, 2, 11043, 0
2026/09/29 09:22:43.947, 3, 11043, 0
2026/09/29 09:22:43.947, 4, 11043, 0
2026/09/29 09:22:43.948, 5, 11043, 0
2026/09/29 09:22:43.948, 6, 11043, 0
2026/09/29 09:22:43.948, 7, 10903, 0
2026/09/29 09:22:44.948, 0, 11401, 0
2026/09/29 09:22:44.948, 1, 11403, 0
2026/09/29 09:22:44.948, 2, 11403, 13
2026/09/29 09:22:44.948, 3, 11403, 0
2026/09/29 09:22:44.948, 4, 11403, 0
2026/09/29 09:22:44.948, 5, 11403, 6
2026/09/29 09:22:44.948, 6, 11403, 0
2026/09/29 09:22:44.948, 7, 11403, 0
2026/09/29 09:22:45.948, 0, 12661, 100
2026/09/29 09:22:45.949, 1, 12723, 100
2026/09/29 09:22:45.949, 2, 12723, 100
2026/09/29 09:22:45.949, 3, 12723, 0
2026/09/29 09:22:45.949, 4, 12723, 0
2026/09/29 09:22:45.949, 5, 12723, 100
2026/09/29 09:22:45.949, 6, 12723, 0
2026/09/29 09:22:45.949, 7, 12663, 0
2026/09/29 09:22:46.949, 0, 12661, 100
2026/09/29 09:22:46.949, 1, 12723, 100
2026/09/29 09:22:46.949, 2, 12723, 100
2026/09/29 09:22:46.949, 3, 12723, 100
2026/09/29 09:22:46.949, 4, 12723, 100
2026/09/29 09:22:46.950, 5, 12723, 100
2026/09/29 09:22:46.950, 6, 12723, 100
2026/09/29 09:22:46.950, 7, 12663, 100
2026/09/29 09:22:47.950, 0, 12661, 100
2026/09/29 09:22:47.950, 1, 12723, 100
2026/09/29 09:22:47.950, 2, 12723, 100
2026/09/29 09:22:47.951, 3, 12723, 100
2026/09/29 09:22:47.951, 4, 12723, 100
2026/09/29 09:22:47.951, 5, 12723, 100
2026/09/29 09:22:47.951, 6, 12723, 100
2026/09/29 09:22:47.951, 7, 12663, 100
2026/09/29 09:22:48.951, 0, 12661, 100
2026/09/29 09:22:48.951, 1, 12723, 100
2026/09/29 09:22:48.951, 2, 12723, 100
2026/09/29 09:22:48.951, 3, 12723, 100
2026/09/29 09:22:48.951, 4, 12723, 100
2026/09/29 09:22:48.951, 5, 12723, 100
2026/09/29 09:22:48.951, 6, 12723, 100
2026/09/29 09:22:48.951, 7, 12663, 100
2026/09/29 09:22:49.951, 0, 12661, 100
2026/09/29 09:22:49.951, 1, 12723, 100
2026/09/29 09:22:49.951, 2, 12723, 100
2026/09/29 09:22:49.951, 3, 12723, 100
2026/09/29 09:22:49.951, 4, 12723, 100
2026/09/29 09:22:49.952, 5, 12723, 100
2026/09/29 09:22:49.952, 6, 12723, 100
2026/09/29 09:22:49.952, 7, 12663, 100
2026/09/29 09:22:50.952, 0, 12661, 100
2026/09/29 09:22:50.952, 1, 12723, 100
2026/09/29 09:22:50.952, 2, 12723, 100
2026/09/29 09:22:50.952, 3, 12723, 100
2026/09/29 09:22:50.952, 4, 12723, 100
2026/09/29 09:22:50.952, 5, 12723, 100
2026/09/29 09:22:50.952, 6, 12723, 100
2026/09/29 09:22:50.952, 7, 12663, 100
2026/09/29 09:22:51.952, 0, 12661, 100
2026/09/29 09:22:51.952, 1, 12723, 100
2026/09/29 09:22:51.952, 2, 12723, 100
2026/09/29 09:22:51.952, 3, 12723, 100
2026/09/29 09:22:51.952, 4, 12723, 100
2026/09/29 09:22:51.952, 5, 12723, 100
2026/09/29 09:22:51.952, 6, 12723, 100
2026/09/29 09:22:51.952, 7, 12663, 100
2026/09/29 09:22:52.952, 0, 12661, 100
2026/09/29 09:22:52.953, 1, 12723, 100
2026/09/29 09:22:52.953, 2, 12723, 100
2026/09/29 09:22:52.953, 3, 12723, 100
2026/09/29 09:22:52.953, 4, 12723, 100
2026/09/29 09:22:52.953, 5, 12723, 100
2026/09/29 09:22:52.953, 6, 12723, 100
2026/09/29 09:22:52.953, 7, 12663, 100
2026/09/29 09:22:53.953, 0, 12661, 100
2026/09/29 09:22:53.953, 1, 12725, 100
2026/09/29 09:22:53.953, 2, 12725, 100
2026/09/29 09:22:53.953, 3, 12725, 100
2026/09/29 09:22:53.953, 4, 12725, 100
2026/09/29 09:22:53.953, 5, 12725, 100
2026/09/29 09:22:53.954, 6, 12725, 100
2026/09/29 09:22:53.954, 7, 12663, 100
2026/09/29 09:22:54.954, 0, 12661, 100
2026/09/29 09:22:54.954, 1, 12725, 100
2026/09/29 09:22:54.954, 2, 12725, 100
2026/09/29 09:22:54.954, 3, 12725, 100
2026/09/29 09:22:54.954, 4, 12725, 100
2026/09/29 09:22:54.954, 5, 12725, 100
2026/09/29 09:22:54.954, 6, 12725, 100
2026/09/29 09:22:54.954, 7, 12663, 100
2026/09/29 09:22:55.954, 0, 12661, 100
2026/09/29 09:22:55.954, 1, 12725, 100
2026/09/29 09:22:55.954, 2, 12725, 100
2026/09/29 09:22:55.954, 3, 12725, 100
2026/09/29 09:22:55.954, 4, 12725, 100
2026/09/29 09:22:55.954, 5, 12725, 100
2026/09/29 09:22:55.954, 6, 12725, 100
2026/09/29 09:22:55.954, 7, 12663, 100
2026/09/29 09:22:56.954, 0, 12661, 100
2026/09/29 09:22:56.955, 1, 12725, 100
2026/09/29 09:22:56.955, 2, 12725, 100
2026/09/29 09:22:56.955, 3, 12725, 100
2026/09/29 09:22:56.955, 4, 12725, 100
2026/09/29 09:22:56.955, 5, 12725, 100
2026/09/29 09:22:56.955, 6, 12725, 100
2026/09/29 09:22:56.955, 7, 12663, 100
2026/09/29 09:22:57.955, 0, 12661, 100
2026/09/29 09:22:57.955, 1, 12725, 100
2026/09/29 09:22:57.955, 2, 12725, 100
2026/09/29 09:22:57.955, 3, 12725, 100
2026/09/29 09:22:57.955, 4, 12725, 100
2026/09/29 09:22:57.955, 5, 12725, 100
2026/09/29 09:22:57.955, 6, 12725, 100
2026/09/29 09:22:57.955, 7, 12663, 100
2026/09/29 09:22:58.956, 0, 12661, 100
2026/09/29 09:22:58.956, 1, 12725, 100
2026/09/29 09:22:58.956, 2, 12725, 100
2026/09/29 09:22:58.956, 3, 12725, 100
2026/09/29 09:22:58.956, 4, 12725, 100
2026/09/29 09:22:58.956, 5, 12725, 100
2026/09/29 09:22:58.956, 6, 12725, 100
2026/09/29 09:22:58.956, 7, 12663, 100
2026/09/29 09:22:59.956, 0, 12661, 100
2026/09/29 09:22:59.956, 1, 12725, 100
2026/09/29 09:22:59.956, 2, 12725, 100
2026/09/29 09:22:59.957, 3, 12725, 100
2026/09/29 09:22:59.957, 4, 12725, 100
2026/09/29 09:22:59.957, 5, 12725, 100
2026/09/29 09:22:59.957, 6, 12725, 100
2026/09/29 09:22:59.957, 7, 12663, 100
2026/09/29 09:23:00.957, 0, 12661, 100
2026/09/29 09:23:00.957, 1, 12725, 100
2026/09/29 09:23:00.957, 2, 12725, 100
2026/09/29 09:23:00.957, 3, 12725, 100
2026/09/29 09:23:00.957, 4, 12725, 100
2026/09/29 09:23:00.957, 5, 12725, 100
2026/09/29 09:23:00.957, 6, 12725, 100
2026/09/29 09:23:00.957, 7, 12663, 100
2026/09/29 09:23:01.958, 0, 12661, 100
2026/09/29 09:23:01.958, 1, 12725, 100
2026/09/29 09:23:01.958, 2, 12725, 100
2026/09/29 09:23:01.958, 3, 12725, 100
2026/09/29 09:23:01.958, 4, 12725, 100
2026/09/29 09:23:01.958, 5, 12725, 100
2026/09/29 09:23:01.958, 6, 12725, 100
2026/09/29 09:23:01.958, 7, 12663, 100
2026/09/29 09:23:02.959, 0, 12661, 100
2026/09/29 09:23:02.959, 1, 12725, 100
2026/09/29 09:23:02.959, 2, 12725, 100
2026/09/29 09:23:02.959, 3, 12725, 100
2026/09/29 09:23:02.959, 4, 12725, 100
2026/09/29 09:23:02.959, 5, 12725, 100
2026/09/29 09:23:02.959, 6, 12725, 100
2026/09/29 09:23:02.959, 7, 12663, 100
2026/09/29 09:23:03.959, 0, 12661, 100
2026/09/29 09:23:03.959, 1, 12725, 100
2026/09/29 09:23:03.959, 2, 12725, 100
2026/09/29 09:23:03.959, 3, 12725, 100
2026/09/29 09:23:03.960, 4, 12725, 100
2026/09/29 09:23:03.960, 5, 12725, 100
2026/09/29 09:23:03.960, 6, 12725, 100
2026/09/29 09:23:03.960, 7, 12663, 100
2026/09/29 09:23:04.960, 0, 12661, 100
2026/09/29 09:23:04.960, 1, 12725, 100
2026/09/29 09:23:04.960, 2, 12725, 100
2026/09/29 09:23:04.960, 3, 12725, 100
2026/09/29 09:23:04.960, 4, 12725, 100
2026/09/29 09:23:04.961, 5, 12725, 100
2026/09/29 09:23:04.961, 6, 12725, 100
2026/09/29 09:23:04.961, 7, 12663, 100
2026/09/29 09:23:05.961, 0, 12661, 100
2026/09/29 09:23:05.961, 1, 12725, 100
2026/09/29 09:23:05.961, 2, 12725, 100
2026/09/29 09:23:05.961, 3, 12725, 100
2026/09/29 09:23:05.961, 4, 12725, 100
2026/09/29 09:23:05.961, 5, 12725, 100
2026/09/29 09:23:05.961, 6, 12725, 100
2026/09/29 09:23:05.962, 7, 12663, 100
2026/09/29 09:23:06.962, 0, 12661, 100
2026/09/29 09:23:06.962, 1, 12725, 100
2026/09/29 09:23:06.962, 2, 12725, 100
2026/09/29 09:23:06.962, 3, 12725, 100
2026/09/29 09:23:06.962, 4, 12725, 100
2026/09/29 09:23:06.962, 5, 12725, 100
2026/09/29 09:23:06.962, 6, 12725, 100
2026/09/29 09:23:06.962, 7, 12663, 100
2026/09/29 09:23:07.962, 0, 12661, 100
2026/09/29 09:23:07.963, 1, 12725, 100
2026/09/29 09:23:07.963, 2, 12725, 100
2026/09/29 09:23:07.963, 3, 12725, 100
2026/09/29 09:23:07.963, 4, 12725, 100
2026/09/29 09:23:07.963, 5, 12725, 100
2026/09/29 09:23:07.963, 6, 12725, 100
2026/09/29 09:23:07.963, 7, 12663, 100
2026/09/29 09:23:08.963, 0, 12661, 100
2026/09/29 09:23:08.963, 1, 12725, 100
2026/09/29 09:23:08.963, 2, 12725, 100
2026/09/29 09:23:08.963, 3, 12725, 100
2026/09/29 09:23:08.963, 4, 12725, 100
2026/09/29 09:23:08.963, 5, 12725, 100
2026/09/29 09:23:08.963, 6, 12725, 100
2026/09/29 09:23:08.963, 7, 12663, 100
2026/09/29 09:23:09.963, 0, 12661, 100
2026/09/29 09:23:09.964, 1, 12725, 100
2026/09/29 09:23:09.964, 2, 12725, 100
2026/09/29 09:23:09.964, 3, 12725, 100
2026/09/29 09:23:09.964, 4, 12725, 100
2026/09/29 09:23:09.964, 5, 12725, 100
2026/09/29 09:23:09.964, 6, 12725, 100
2026/09/29 09:23:09.964, 7, 12663, 100
2026/09/29 09:23:10.964, 0, 12661, 100
2026/09/29 09:23:10.964, 1, 12725, 100
2026/09/29 09:23:10.964, 2, 12725, 100
2026/09/29 09:23:10.964, 3, 12725, 100
2026/09/29 09:23:10.964, 4, 12725, 100
2026/09/29 09:23:10.965, 5, 12725, 100
2026/09/29 09:23:10.965, 6, 12725, 100
2026/09/29 09:23:10.965, 7, 12663, 100
2026/09/29 09:23:11.965, 0, 12661, 100
2026/09/29 09:23:11.965, 1, 12725, 100
2026/09/29 09:23:11.965, 2, 12725, 100
2026/09/29 09:23:11.965, 3, 12725, 100
2026/09/29 09:23:11.965, 4, 12725, 100
2026/09/29 09:23:11.965, 5, 12725, 100
2026/09/29 09:23:11.965, 6, 12725, 100
2026/09/29 09:23:11.965, 7, 12663, 100
2026/09/29 09:23:12.965, 0, 12661, 100
2026/09/29 09:23:12.965, 1, 12725, 100
2026/09/29 09:23:12.966, 2, 12725, 100
2026/09/29 09:23:12.966, 3, 12725, 100
2026/09/29 09:23:12.966, 4, 12725, 100
2026/09/29 09:23:12.966, 5, 12725, 100
2026/09/29 09:23:12.966, 6, 12725, 100
2026/09/29 09:23:12.966, 7, 12663, 100
2026/09/29 09:23:13.966, 0, 12661, 100
2026/09/29 09:23:13.966, 1, 12725, 100
2026/09/29 09:23:13.967, 2, 12725, 100
2026/09/29 09:23:13.967, 3, 12725, 100
2026/09/29 09:23:13.967, 4, 12725, 100
2026/09/29 09:23:13.967, 5, 12725, 100
2026/09/29 09:23:13.967, 6, 12725, 100
2026/09/29 09:23:13.967, 7, 12663, 100
2026/09/29 09:23:14.967, 0, 12661, 100
2026/09/29 09:23:14.967, 1, 12725, 100
2026/09/29 09:23:14.967, 2, 12725, 100
2026/09/29 09:23:14.967, 3, 12725, 100
2026/09/29 09:23:14.967, 4, 12725, 100
2026/09/29 09:23:14.967, 5, 12725, 100
2026/09/29 09:23:14.967, 6, 12725, 100
2026/09/29 09:23:14.967, 7, 12663, 100
2026/09/29 09:23:15.967, 0, 12661, 100
2026/09/29 09:23:15.967, 1, 12725, 100
2026/09/29 09:23:15.967, 2, 12725, 100
2026/09/29 09:23:15.967, 3, 12725, 100
2026/09/29 09:23:15.967, 4, 12725, 100
2026/09/29 09:23:15.967, 5, 12725, 100
2026/09/29 09:23:15.967, 6, 12725, 100
2026/09/29 09:23:15.968, 7, 12663, 100
2026/09/29 09:23:16.968, 0, 12661, 100
2026/09/29 09:23:16.968, 1, 12725, 100
2026/09/29 09:23:16.968, 2, 12725, 100
2026/09/29 09:23:16.968, 3, 12725, 100
2026/09/29 09:23:16.968, 4, 12725, 100
2026/09/29 09:23:16.968, 5, 12725, 100
2026/09/29 09:23:16.968, 6, 12725, 100
2026/09/29 09:23:16.968, 7, 12663, 100
2026/09/29 09:23:17.968, 0, 12661, 100
2026/09/29 09:23:17.968, 1, 12725, 100
2026/09/29 09:23:17.968, 2, 12725, 100
2026/09/29 09:23:17.968, 3, 12725, 100
2026/09/29 09:23:17.968, 4, 12725, 100
2026/09/29 09:23:17.968, 5, 12725, 100
2026/09/29 09:23:17.968, 6, 12725, 100
2026/09/29 09:23:17.968, 7, 12663, 100
2026/09/29 09:23:18.969, 0, 19465, 100
2026/09/29 09:23:18.969, 1, 19147, 100
2026/09/29 09:23:18.969, 2, 19147, 100
2026/09/29 09:23:18.969, 3, 19147, 100
2026/09/29 09:23:18.969, 4, 19147, 85
2026/09/29 09:23:18.969, 5, 19147, 100
2026/09/29 09:23:18.969, 6, 19147, 100
2026/09/29 09:23:18.969, 7, 19467, 75
2026/09/29 09:23:19.969, 0, 12105, 30
2026/09/29 09:23:19.970, 1, 7467, 27
2026/09/29 09:23:19.971, 2, 10467, 27
2026/09/29 09:23:19.972, 3, 11667, 100
2026/09/29 09:23:19.973, 4, 10567, 100
2026/09/29 09:23:19.974, 5, 8267, 30
2026/09/29 09:23:19.974, 6, 11187, 100
2026/09/29 09:23:19.975, 7, 11267, 100
2026/09/29 09:23:20.976, 0, 8279, 100
2026/09/29 09:23:20.976, 1, 8281, 100
2026/09/29 09:23:20.976, 2, 8281, 100
2026/09/29 09:23:20.976, 3, 8281, 31
2026/09/29 09:23:20.976, 4, 8279, 17
2026/09/29 09:23:20.976, 5, 8279, 100
2026/09/29 09:23:20.976, 6, 8281, 28
2026/09/29 09:23:20.976, 7, 8281, 42
2026/09/29 09:23:21.976, 0, 11611, 99
2026/09/29 09:23:21.977, 1, 11473, 91
2026/09/29 09:23:21.977, 2, 11473, 44
2026/09/29 09:23:21.978, 3, 11473, 100
2026/09/29 09:23:21.978, 4, 11471, 97
2026/09/29 09:23:21.979, 5, 11473, 51
2026/09/29 09:23:21.979, 6, 11471, 100
2026/09/29 09:23:21.980, 7, 11451, 97
2026/09/29 09:23:22.981, 0, 12391, 100
2026/09/29 09:23:22.981, 1, 12253, 100
2026/09/29 09:23:22.981, 2, 12253, 100
2026/09/29 09:23:22.981, 3, 12253, 73
2026/09/29 09:23:22.981, 4, 12251, 100
2026/09/29 09:23:22.981, 5, 12253, 100
2026/09/29 09:23:22.981, 6, 12251, 83
2026/09/29 09:23:22.981, 7, 12231, 100
2026/09/29 09:23:23.981, 0, 12391, 100
2026/09/29 09:23:23.981, 1, 12253, 100
2026/09/29 09:23:23.982, 2, 12253, 100
2026/09/29 09:23:23.982, 3, 12253, 100
2026/09/29 09:23:23.982, 4, 12251, 100
2026/09/29 09:23:23.982, 5, 12253, 100
2026/09/29 09:23:23.982, 6, 12251, 100
2026/09/29 09:23:23.982, 7, 12231, 100
2026/09/29 09:23:24.982, 0, 12391, 100
2026/09/29 09:23:24.984, 1, 12253, 100
2026/09/29 09:23:24.984, 2, 12253, 100
2026/09/29 09:23:24.984, 3, 12253, 100
2026/09/29 09:23:24.984, 4, 12251, 100
2026/09/29 09:23:24.984, 5, 12253, 100
2026/09/29 09:23:24.984, 6, 12251, 100
2026/09/29 09:23:24.984, 7, 12231, 100
2026/09/29 09:23:25.984, 0, 12391, 100
2026/09/29 09:23:25.984, 1, 12253, 100
2026/09/29 09:23:25.984, 2, 12253, 100
2026/09/29 09:23:25.984, 3, 12253, 100
2026/09/29 09:23:25.984, 4, 12251, 100
2026/09/29 09:23:25.985, 5, 12253, 100
2026/09/29 09:23:25.985, 6, 12251, 100
2026/09/29 09:23:25.985, 7, 12231, 100
2026/09/29 09:23:26.985, 0, 12391, 100
2026/09/29 09:23:26.985, 1, 12253, 100
2026/09/29 09:23:26.985, 2, 12253, 100
2026/09/29 09:23:26.985, 3, 12253, 100
2026/09/29 09:23:26.985, 4, 12251, 100
2026/09/29 09:23:26.985, 5, 12253, 100
2026/09/29 09:23:26.985, 6, 12251, 100
2026/09/29 09:23:26.985, 7, 12231, 100
2026/09/29 09:23:27.986, 0, 12391, 100
2026/09/29 09:23:27.986, 1, 12253, 100
2026/09/29 09:23:27.986, 2, 12253, 100
2026/09/29 09:23:27.986, 3, 12253, 100
2026/09/29 09:23:27.986, 4, 12251, 100
2026/09/29 09:23:27.986, 5, 12253, 100
2026/09/29 09:23:27.986, 6, 12251, 100
2026/09/29 09:23:27.986, 7, 12231, 100
2026/09/29 09:23:28.986, 0, 12391, 100
2026/09/29 09:23:28.986, 1, 12253, 100
2026/09/29 09:23:28.986, 2, 12253, 100
2026/09/29 09:23:28.986, 3, 12253, 100
2026/09/29 09:23:28.986, 4, 12251, 100
2026/09/29 09:23:28.986, 5, 12253, 100
2026/09/29 09:23:28.987, 6, 12251, 100
2026/09/29 09:23:28.987, 7, 12231, 100
2026/09/29 09:23:29.987, 0, 12391, 100
2026/09/29 09:23:29.987, 1, 12253, 100
2026/09/29 09:23:29.987, 2, 12253, 100
2026/09/29 09:23:29.987, 3, 12253, 100
2026/09/29 09:23:29.987, 4, 12251, 100
2026/09/29 09:23:29.987, 5, 12253, 100
2026/09/29 09:23:29.987, 6, 12251, 100
2026/09/29 09:23:29.987, 7, 12231, 100
2026/09/29 09:23:30.987, 0, 12391, 100
2026/09/29 09:23:30.987, 1, 12253, 100
2026/09/29 09:23:30.987, 2, 12253, 100
2026/09/29 09:23:30.987, 3, 12253, 100
2026/09/29 09:23:30.988, 4, 12251, 100
2026/09/29 09:23:30.988, 5, 12253, 100
2026/09/29 09:23:30.988, 6, 12251, 100
2026/09/29 09:23:30.988, 7, 12231, 100
2026/09/29 09:23:31.988, 0, 12391, 100
2026/09/29 09:23:31.988, 1, 12253, 100
2026/09/29 09:23:31.988, 2, 12253, 100
2026/09/29 09:23:31.988, 3, 12253, 100
2026/09/29 09:23:31.988, 4, 12251, 100
2026/09/29 09:23:31.988, 5, 12253, 100
2026/09/29 09:23:31.988, 6, 12251, 100
2026/09/29 09:23:31.988, 7, 12231, 100
2026/09/29 09:23:32.988, 0, 12391, 100
2026/09/29 09:23:32.988, 1, 12253, 100
2026/09/29 09:23:32.988, 2, 12253, 100
2026/09/29 09:23:32.988, 3, 12253, 100
2026/09/29 09:23:32.989, 4, 12251, 100
2026/09/29 09:23:32.989, 5, 12253, 100
2026/09/29 09:23:32.989, 6, 12251, 100
2026/09/29 09:23:32.989, 7, 12231, 100
2026/09/29 09:23:33.989, 0, 12391, 100
2026/09/29 09:23:33.989, 1, 12253, 100
2026/09/29 09:23:33.989, 2, 12253, 100
2026/09/29 09:23:33.989, 3, 12253, 100
2026/09/29 09:23:33.989, 4, 12251, 100
2026/09/29 09:23:33.989, 5, 12253, 100
2026/09/29 09:23:33.989, 6, 12251, 100
2026/09/29 09:23:33.989, 7, 12231, 100
2026/09/29 09:23:34.989, 0, 12391, 100
2026/09/29 09:23:34.989, 1, 12253, 100
2026/09/29 09:23:34.989, 2, 12253, 100
2026/09/29 09:23:34.989, 3, 12253, 100
2026/09/29 09:23:34.989, 4, 12251, 100
2026/09/29 09:23:34.990, 5, 12253, 100
2026/09/29 09:23:34.990, 6, 12251, 100
2026/09/29 09:23:34.990, 7, 12231, 100
2026/09/29 09:23:35.990, 0, 12391, 100
2026/09/29 09:23:35.990, 1, 12253, 100
2026/09/29 09:23:35.990, 2, 12253, 100
2026/09/29 09:23:35.990, 3, 12253, 100
2026/09/29 09:23:35.990, 4, 12251, 100
2026/09/29 09:23:35.990, 5, 12253, 100
2026/09/29 09:23:35.990, 6, 12251, 100
2026/09/29 09:23:35.990, 7, 12231, 100
2026/09/29 09:23:36.990, 0, 12391, 100
2026/09/29 09:23:36.990, 1, 12253, 100
2026/09/29 09:23:36.991, 2, 12253, 100
2026/09/29 09:23:36.991, 3, 12253, 100
2026/09/29 09:23:36.991, 4, 12251, 100
2026/09/29 09:23:36.991, 5, 12253, 100
2026/09/29 09:23:36.991, 6, 12251, 100
2026/09/29 09:23:36.991, 7, 12231, 100
2026/09/29 09:23:37.991, 0, 12391, 100
2026/09/29 09:23:37.991, 1, 12253, 100
2026/09/29 09:23:37.991, 2, 12253, 100
2026/09/29 09:23:37.991, 3, 12253, 100
2026/09/29 09:23:37.991, 4, 12251, 100
2026/09/29 09:23:37.991, 5, 12253, 100
2026/09/29 09:23:37.991, 6, 12251, 100
2026/09/29 09:23:37.991, 7, 12231, 100
2026/09/29 09:23:38.992, 0, 12391, 100
2026/09/29 09:23:38.992, 1, 12253, 100
2026/09/29 09:23:38.992, 2, 12253, 100
2026/09/29 09:23:38.992, 3, 12253, 100
2026/09/29 09:23:38.992, 4, 12251, 100
2026/09/29 09:23:38.992, 5, 12253, 100
2026/09/29 09:23:38.992, 6, 12251, 100
2026/09/29 09:23:38.992, 7, 12231, 100
2026/09/29 09:23:39.992, 0, 12391, 100
2026/09/29 09:23:39.993, 1, 12253, 100
2026/09/29 09:23:39.993, 2, 12253, 100
2026/09/29 09:23:39.993, 3, 12253, 100
2026/09/29 09:23:39.993, 4, 12251, 100
2026/09/29 09:23:39.993, 5, 12253, 100
2026/09/29 09:23:39.993, 6, 12251, 100
2026/09/29 09:23:39.993, 7, 12231, 100
2026/09/29 09:23:40.993, 0, 12391, 100
2026/09/29 09:23:40.993, 1, 12253, 100
2026/09/29 09:23:40.993, 2, 12253, 100
2026/09/29 09:23:40.993, 3, 12253, 100
2026/09/29 09:23:40.993, 4, 12251, 100
2026/09/29 09:23:40.993, 5, 12253, 100
2026/09/29 09:23:40.994, 6, 12251, 100
2026/09/29 09:23:40.994, 7, 12231, 100
2026/09/29 09:23:41.994, 0, 12391, 100
2026/09/29 09:23:41.994, 1, 12253, 100
2026/09/29 09:23:41.994, 2, 12253, 100
2026/09/29 09:23:41.994, 3, 12253, 100
2026/09/29 09:23:41.994, 4, 12251, 100
2026/09/29 09:23:41.994, 5, 12253, 100
2026/09/29 09:23:41.994, 6, 12251, 100
2026/09/29 09:23:41.994, 7, 12231, 100
2026/09/29 09:23:42.995, 0, 12391, 100
2026/09/29 09:23:42.995, 1, 12253, 100
2026/09/29 09:23:42.995, 2, 12253, 100
2026/09/29 09:23:42.995, 3, 12253, 100
2026/09/29 09:23:42.995, 4, 12251, 100
2026/09/29 09:23:42.995, 5, 12253, 100
2026/09/29 09:23:42.995, 6, 12251, 100
2026/09/29 09:23:42.995, 7, 12231, 100
2026/09/29 09:23:43.995, 0, 19031, 100
2026/09/29 09:23:43.995, 1, 18873, 100
2026/09/29 09:23:43.995, 2, 18873, 100
2026/09/29 09:23:43.995, 3, 18873, 100
2026/09/29 09:23:43.995, 4, 18871, 92
2026/09/29 09:23:43.995, 5, 18873, 100
2026/09/29 09:23:43.995, 6, 18871, 100
2026/09/29 09:23:43.995, 7, 18871, 88
2026/09/29 09:23:44.996, 0, 7761, 27
2026/09/29 09:23:44.996, 1, 7765, 20
2026/09/29 09:23:44.996, 2, 7767, 27
2026/09/29 09:23:44.996, 3, 7763, 94
2026/09/29 09:23:44.996, 4, 7761, 28
2026/09/29 09:23:44.996, 5, 7765, 28
2026/09/29 09:23:44.996, 6, 7763, 98
2026/09/29 09:23:44.996, 7, 7761, 28
2026/09/29 09:23:45.996, 0, 8389, 100
2026/09/29 09:23:45.996, 1, 8471, 98
2026/09/29 09:23:45.996, 2, 8471, 100
2026/09/29 09:23:45.996, 3, 8473, 97
2026/09/29 09:23:45.996, 4, 8471, 100
2026/09/29 09:23:45.996, 5, 8473, 100
2026/09/29 09:23:45.996, 6, 8471, 100
2026/09/29 09:23:45.996, 7, 8409, 100
2026/09/29 09:23:46.996, 0, 12731, 100
2026/09/29 09:23:46.996, 1, 12813, 100
2026/09/29 09:23:46.997, 2, 12813, 100
2026/09/29 09:23:46.997, 3, 12815, 100
2026/09/29 09:23:46.997, 4, 12813, 99
2026/09/29 09:23:46.997, 5, 12815, 100
2026/09/29 09:23:46.997, 6, 12813, 51
2026/09/29 09:23:46.997, 7, 12711, 99
2026/09/29 09:23:47.997, 0, 12731, 100
2026/09/29 09:23:47.997, 1, 12813, 100
2026/09/29 09:23:47.997, 2, 12813, 100
2026/09/29 09:23:47.997, 3, 12815, 100
2026/09/29 09:23:47.997, 4, 12813, 100
2026/09/29 09:23:47.997, 5, 12815, 100
2026/09/29 09:23:47.997, 6, 12813, 100
2026/09/29 09:23:47.997, 7, 12711, 100
2026/09/29 09:23:48.998, 0, 12731, 100
2026/09/29 09:23:48.998, 1, 12813, 100
2026/09/29 09:23:48.998, 2, 12813, 100
2026/09/29 09:23:48.998, 3, 12815, 100
2026/09/29 09:23:48.998, 4, 12813, 100
2026/09/29 09:23:48.998, 5, 12815, 100
2026/09/29 09:23:48.998, 6, 12813, 100
2026/09/29 09:23:48.998, 7, 12711, 100
2026/09/29 09:23:49.998, 0, 12731, 100
2026/09/29 09:23:49.998, 1, 12813, 100
2026/09/29 09:23:49.998, 2, 12813, 100
2026/09/29 09:23:49.998, 3, 12815, 100
2026/09/29 09:23:49.998, 4, 12813, 100
2026/09/29 09:23:49.998, 5, 12815, 100
2026/09/29 09:23:49.999, 6, 12813, 100
2026/09/29 09:23:49.999, 7, 12711, 100
2026/09/29 09:23:50.999, 0, 12731, 100
2026/09/29 09:23:50.999, 1, 12813, 100
2026/09/29 09:23:50.999, 2, 12813, 100
2026/09/29 09:23:50.999, 3, 12815, 100
2026/09/29 09:23:50.999, 4, 12813, 100
2026/09/29 09:23:50.999, 5, 12815, 100
2026/09/29 09:23:50.999, 6, 12813, 100
2026/09/29 09:23:50.999, 7, 12711, 100
2026/09/29 09:23:51.999, 0, 12731, 100
2026/09/29 09:23:51.999, 1, 12813, 100
2026/09/29 09:23:52.000, 2, 12813, 100
2026/09/29 09:23:52.000, 3, 12815, 100
2026/09/29 09:23:52.000, 4, 12813, 100
2026/09/29 09:23:52.000, 5, 12815, 100
2026/09/29 09:23:52.000, 6, 12813, 100
2026/09/29 09:23:52.000, 7, 12711, 100
2026/09/29 09:23:53.000, 0, 12731, 100
2026/09/29 09:23:53.000, 1, 12813, 100
2026/09/29 09:23:53.000, 2, 12813, 100
2026/09/29 09:23:53.000, 3, 12815, 100
2026/09/29 09:23:53.000, 4, 12813, 100
2026/09/29 09:23:53.000, 5, 12815, 100
2026/09/29 09:23:53.000, 6, 12813, 100
2026/09/29 09:23:53.000, 7, 12711, 100
2026/09/29 09:23:54.000, 0, 12731, 100
2026/09/29 09:23:54.001, 1, 12813, 100
2026/09/29 09:23:54.001, 2, 12813, 100
2026/09/29 09:23:54.001, 3, 12815, 100
2026/09/29 09:23:54.001, 4, 12813, 100
2026/09/29 09:23:54.001, 5, 12815, 100
2026/09/29 09:23:54.001, 6, 12813, 100
2026/09/29 09:23:54.001, 7, 12711, 100
2026/09/29 09:23:55.001, 0, 12731, 100
2026/09/29 09:23:55.002, 1, 12813, 100
2026/09/29 09:23:55.002, 2, 12813, 100
2026/09/29 09:23:55.002, 3, 12815, 100
2026/09/29 09:23:55.002, 4, 12813, 100
2026/09/29 09:23:55.002, 5, 12815, 100
2026/09/29 09:23:55.002, 6, 12813, 100
2026/09/29 09:23:55.002, 7, 12711, 100
2026/09/29 09:23:56.002, 0, 12731, 100
2026/09/29 09:23:56.002, 1, 12813, 100
2026/09/29 09:23:56.002, 2, 12813, 100
2026/09/29 09:23:56.002, 3, 12815, 100
2026/09/29 09:23:56.002, 4, 12813, 100
2026/09/29 09:23:56.002, 5, 12815, 100
2026/09/29 09:23:56.002, 6, 12813, 100
2026/09/29 09:23:56.003, 7, 12711, 100
2026/09/29 09:23:57.003, 0, 12731, 100
2026/09/29 09:23:57.003, 1, 12813, 100
2026/09/29 09:23:57.003, 2, 12813, 100
2026/09/29 09:23:57.003, 3, 12815, 100
2026/09/29 09:23:57.003, 4, 12813, 100
2026/09/29 09:23:57.003, 5, 12815, 100
2026/09/29 09:23:57.003, 6, 12813, 100
2026/09/29 09:23:57.003, 7, 12711, 100
2026/09/29 09:23:58.003, 0, 12731, 100
2026/09/29 09:23:58.003, 1, 12813, 100
2026/09/29 09:23:58.003, 2, 12813, 100
2026/09/29 09:23:58.003, 3, 12815, 100
2026/09/29 09:23:58.003, 4, 12813, 100
2026/09/29 09:23:58.004, 5, 12815, 100
2026/09/29 09:23:58.004, 6, 12813, 100
2026/09/29 09:23:58.004, 7, 12711, 100
2026/09/29 09:23:59.004, 0, 12731, 100
2026/09/29 09:23:59.004, 1, 12813, 100
2026/09/29 09:23:59.004, 2, 12813, 100
2026/09/29 09:23:59.004, 3, 12815, 100
2026/09/29 09:23:59.005, 4, 12813, 100
2026/09/29 09:23:59.005, 5, 12815, 100
2026/09/29 09:23:59.005, 6, 12813, 100
2026/09/29 09:23:59.005, 7, 12711, 100
2026/09/29 09:24:00.005, 0, 12731, 100
2026/09/29 09:24:00.005, 1, 12813, 100
2026/09/29 09:24:00.005, 2, 12813, 100
2026/09/29 09:24:00.005, 3, 12815, 100
2026/09/29 09:24:00.005, 4, 12813, 100
2026/09/29 09:24:00.005, 5, 12815, 100
2026/09/29 09:24:00.005, 6, 12813, 100
2026/09/29 09:24:00.005, 7, 12711, 100
2026/09/29 09:24:01.006, 0, 12731, 100
2026/09/29 09:24:01.006, 1, 12813, 100
2026/09/29 09:24:01.006, 2, 12813, 100
2026/09/29 09:24:01.006, 3, 12815, 100
2026/09/29 09:24:01.006, 4, 12813, 100
2026/09/29 09:24:01.006, 5, 12815, 100
2026/09/29 09:24:01.006, 6, 12813, 100
2026/09/29 09:24:01.006, 7, 12711, 100
2026/09/29 09:24:02.006, 0, 12731, 100
2026/09/29 09:24:02.007, 1, 12813, 100
2026/09/29 09:24:02.007, 2, 12813, 100
2026/09/29 09:24:02.007, 3, 12815, 100
2026/09/29 09:24:02.007, 4, 12813, 100
2026/09/29 09:24:02.007, 5, 12815, 100
2026/09/29 09:24:02.007, 6, 12813, 100
2026/09/29 09:24:02.007, 7, 12711, 100
2026/09/29 09:24:03.007, 0, 12731, 100
2026/09/29 09:24:03.007, 1, 12813, 100
2026/09/29 09:24:03.007, 2, 12813, 100
2026/09/29 09:24:03.007, 3, 12815, 100
2026/09/29 09:24:03.007, 4, 12813, 100
2026/09/29 09:24:03.008, 5, 12815, 100
2026/09/29 09:24:03.008, 6, 12813, 100
2026/09/29 09:24:03.008, 7, 12711, 100
2026/09/29 09:24:04.008, 0, 12731, 100
2026/09/29 09:24:04.008, 1, 12813, 100
2026/09/29 09:24:04.009, 2, 12813, 100
2026/09/29 09:24:04.009, 3, 12815, 100
2026/09/29 09:24:04.009, 4, 12813, 100
2026/09/29 09:24:04.009, 5, 12815, 100
2026/09/29 09:24:04.009, 6, 12813, 100
2026/09/29 09:24:04.009, 7, 12711, 100
2026/09/29 09:24:05.009, 0, 12731, 100
2026/09/29 09:24:05.009, 1, 12813, 100
2026/09/29 09:24:05.009, 2, 12813, 100
2026/09/29 09:24:05.009, 3, 12815, 100
2026/09/29 09:24:05.009, 4, 12813, 100
2026/09/29 09:24:05.009, 5, 12815, 100
2026/09/29 09:24:05.009, 6, 12813, 100
2026/09/29 09:24:05.009, 7, 12711, 100
2026/09/29 09:24:06.009, 0, 12731, 100
2026/09/29 09:24:06.010, 1, 12813, 100
2026/09/29 09:24:06.010, 2, 12813, 100
2026/09/29 09:24:06.010, 3, 12815, 100
2026/09/29 09:24:06.010, 4, 12813, 100
2026/09/29 09:24:06.010, 5, 12815, 100
2026/09/29 09:24:06.010, 6, 12813, 100
2026/09/29 09:24:06.010, 7, 12711, 100
2026/09/29 09:24:07.010, 0, 12731, 100
2026/09/29 09:24:07.010, 1, 12813, 100
2026/09/29 09:24:07.010, 2, 12813, 100
2026/09/29 09:24:07.010, 3, 12815, 100
2026/09/29 09:24:07.010, 4, 12813, 100
2026/09/29 09:24:07.011, 5, 12815, 100
2026/09/29 09:24:07.011, 6, 12813, 100
2026/09/29 09:24:07.011, 7, 12711, 100
2026/09/29 09:24:08.011, 0, 12731, 100
2026/09/29 09:24:08.011, 1, 12813, 100
2026/09/29 09:24:08.011, 2, 12813, 100
2026/09/29 09:24:08.011, 3, 12815, 100
2026/09/29 09:24:08.011, 4, 12813, 100
2026/09/29 09:24:08.011, 5, 12815, 100
2026/09/29 09:24:08.011, 6, 12813, 100
2026/09/29 09:24:08.011, 7, 12711, 100
2026/09/29 09:24:09.012, 0, 12731, 100
2026/09/29 09:24:09.012, 1, 12813, 100
2026/09/29 09:24:09.012, 2, 12813, 100
2026/09/29 09:24:09.012, 3, 12815, 100
2026/09/29 09:24:09.012, 4, 12813, 100
2026/09/29 09:24:09.012, 5, 12815, 100
2026/09/29 09:24:09.012, 6, 12813, 100
2026/09/29 09:24:09.012, 7, 12711, 100
2026/09/29 09:24:10.012, 0, 12731, 100
2026/09/29 09:24:10.012, 1, 12813, 100
2026/09/29 09:24:10.012, 2, 12813, 100
2026/09/29 09:24:10.013, 3, 12815, 100
2026/09/29 09:24:10.013, 4, 12813, 100
2026/09/29 09:24:10.013, 5, 12815, 100
2026/09/29 09:24:10.013, 6, 12813, 100
2026/09/29 09:24:10.013, 7, 12711, 100
2026/09/29 09:24:11.013, 0, 12731, 100
2026/09/29 09:24:11.013, 1, 12813, 100
2026/09/29 09:24:11.013, 2, 12813, 100
2026/09/29 09:24:11.013, 3, 12815, 100
2026/09/29 09:24:11.013, 4, 12813, 100
2026/09/29 09:24:11.013, 5, 12815, 100
2026/09/29 09:24:11.013, 6, 12813, 100
2026/09/29 09:24:11.013, 7, 12711, 100
2026/09/29 09:24:12.013, 0, 12731, 100
2026/09/29 09:24:12.014, 1, 12813, 100
2026/09/29 09:24:12.014, 2, 12813, 100
2026/09/29 09:24:12.014, 3, 12815, 100
2026/09/29 09:24:12.014, 4, 12813, 100
2026/09/29 09:24:12.014, 5, 12815, 100
2026/09/29 09:24:12.014, 6, 12813, 100
2026/09/29 09:24:12.014, 7, 12711, 100
2026/09/29 09:24:13.014, 0, 12731, 100
2026/09/29 09:24:13.014, 1, 12813, 100
2026/09/29 09:24:13.014, 2, 12813, 100
2026/09/29 09:24:13.014, 3, 12815, 100
2026/09/29 09:24:13.014, 4, 12813, 100
2026/09/29 09:24:13.014, 5, 12815, 100
2026/09/29 09:24:13.014, 6, 12813, 100
2026/09/29 09:24:13.014, 7, 12711, 100
2026/09/29 09:24:14.014, 0, 12731, 100
2026/09/29 09:24:14.015, 1, 12813, 100
2026/09/29 09:24:14.015, 2, 12813, 100
2026/09/29 09:24:14.015, 3, 12815, 100
2026/09/29 09:24:14.015, 4, 12813, 100
2026/09/29 09:24:14.015, 5, 12815, 100
2026/09/29 09:24:14.015, 6, 12813, 100
2026/09/29 09:24:14.015, 7, 12711, 100
2026/09/29 09:24:15.015, 0, 12731, 100
2026/09/29 09:24:15.015, 1, 12813, 100
2026/09/29 09:24:15.015, 2, 12813, 100
2026/09/29 09:24:15.015, 3, 12815, 100
2026/09/29 09:24:15.015, 4, 12813, 100
2026/09/29 09:24:15.015, 5, 12815, 100
2026/09/29 09:24:15.015, 6, 12813, 100
2026/09/29 09:24:15.015, 7, 12711, 100
2026/09/29 09:24:16.015, 0, 12731, 100
2026/09/29 09:24:16.016, 1, 12813, 100
2026/09/29 09:24:16.016, 2, 12813, 100
2026/09/29 09:24:16.016, 3, 12815, 100
2026/09/29 09:24:16.016, 4, 12813, 100
2026/09/29 09:24:16.016, 5, 12815, 100
2026/09/29 09:24:16.016, 6, 12813, 100
2026/09/29 09:24:16.016, 7, 12711, 100
2026/09/29 09:24:17.016, 0, 12731, 100
2026/09/29 09:24:17.016, 1, 12813, 100
2026/09/29 09:24:17.016, 2, 12813, 100
2026/09/29 09:24:17.016, 3, 12815, 100
2026/09/29 09:24:17.016, 4, 12813, 100
2026/09/29 09:24:17.017, 5, 12815, 100
2026/09/29 09:24:17.017, 6, 12813, 100
2026/09/29 09:24:17.017, 7, 12711, 100
2026/09/29 09:24:18.017, 0, 12731, 100
2026/09/29 09:24:18.017, 1, 12813, 100
2026/09/29 09:24:18.017, 2, 12813, 100
2026/09/29 09:24:18.017, 3, 12815, 100
2026/09/29 09:24:18.017, 4, 12813, 100
2026/09/29 09:24:18.017, 5, 12815, 100
2026/09/29 09:24:18.017, 6, 12813, 100
2026/09/29 09:24:18.017, 7, 12711, 100
2026/09/29 09:24:19.017, 0, 12731, 100
2026/09/29 09:24:19.018, 1, 12813, 100
2026/09/29 09:24:19.018, 2, 12813, 100
2026/09/29 09:24:19.018, 3, 12815, 100
2026/09/29 09:24:19.018, 4, 12813, 100
2026/09/29 09:24:19.018, 5, 12815, 100
2026/09/29 09:24:19.018, 6, 12813, 100
2026/09/29 09:24:19.018, 7, 12711, 100
2026/09/29 09:24:20.018, 0, 19271, 100
2026/09/29 09:24:20.018, 1, 19433, 100
2026/09/29 09:24:20.018, 2, 19433, 100
2026/09/29 09:24:20.018, 3, 19435, 100
2026/09/29 09:24:20.018, 4, 19433, 50
2026/09/29 09:24:20.018, 5, 19435, 100
2026/09/29 09:24:20.018, 6, 19433, 96
2026/09/29 09:24:20.018, 7, 18831, 45
2026/09/29 09:24:21.019, 0, 19271, 0
2026/09/29 09:24:21.019, 1, 19433, 0
2026/09/29 09:24:21.019, 2, 19433, 0
2026/09/29 09:24:21.019, 3, 19435, 0
2026/09/29 09:24:21.019, 4, 19433, 100
2026/09/29 09:24:21.019, 5, 19435, 0
2026/09/29 09:24:21.019, 6, 19433, 100
2026/09/29 09:24:21.019, 7, 18831, 78
2026/09/29 09:24:22.019, 0, 19271, 78
2026/09/29 09:24:22.019, 1, 19433, 0
2026/09/29 09:24:22.019, 2, 19433, 0
2026/09/29 09:24:22.019, 3, 19435, 100
2026/09/29 09:24:22.019, 4, 19433, 0
2026/09/29 09:24:22.019, 5, 19435, 0
2026/09/29 09:24:22.019, 6, 19433, 0
2026/09/29 09:24:22.019, 7, 18831, 0
2026/09/29 09:24:23.020, 0, 19275, 95
2026/09/29 09:24:23.020, 1, 19437, 99
2026/09/29 09:24:23.020, 2, 19437, 99
2026/09/29 09:24:23.020, 3, 19437, 96
2026/09/29 09:24:23.020, 4, 19439, 100
2026/09/29 09:24:23.020, 5, 19439, 100
2026/09/29 09:24:23.020, 6, 19437, 100
2026/09/29 09:24:23.020, 7, 18833, 100
2026/09/29 09:24:24.020, 0, 19275, 99
2026/09/29 09:24:24.020, 1, 19437, 98
2026/09/29 09:24:24.020, 2, 19437, 99
2026/09/29 09:24:24.020, 3, 19437, 98
2026/09/29 09:24:24.020, 4, 19439, 99
2026/09/29 09:24:24.020, 5, 19439, 98
2026/09/29 09:24:24.020, 6, 19437, 90
2026/09/29 09:24:24.021, 7, 18833, 98
2026/09/29 09:24:25.021, 0, 19275, 99
2026/09/29 09:24:25.021, 1, 19437, 98
2026/09/29 09:24:25.021, 2, 19437, 99
2026/09/29 09:24:25.021, 3, 19437, 84
2026/09/29 09:24:25.021, 4, 19439, 99
2026/09/29 09:24:25.021, 5, 19439, 98
2026/09/29 09:24:25.021, 6, 19437, 99
2026/09/29 09:24:25.021, 7, 18833, 99
2026/09/29 09:24:26.021, 0, 19275, 100
2026/09/29 09:24:26.021, 1, 19437, 100
2026/09/29 09:24:26.022, 2, 19437, 100
2026/09/29 09:24:26.022, 3, 19437, 100
2026/09/29 09:24:26.022, 4, 19439, 100
2026/09/29 09:24:26.022, 5, 19439, 100
2026/09/29 09:24:26.022, 6, 19437, 100
2026/09/29 09:24:26.022, 7, 18833, 100
2026/09/29 09:24:27.022, 0, 19275, 100
2026/09/29 09:24:27.022, 1, 19437, 100
2026/09/29 09:24:27.022, 2, 19437, 100
2026/09/29 09:24:27.022, 3, 19437, 100
2026/09/29 09:24:27.022, 4, 19439, 100
2026/09/29 09:24:27.022, 5, 19439, 100
2026/09/29 09:24:27.023, 6, 19437, 100
2026/09/29 09:24:27.023, 7, 18833, 100
2026/09/29 09:24:28.023, 0, 19275, 100
2026/09/29 09:24:28.023, 1, 19437, 100
2026/09/29 09:24:28.023, 2, 19437, 100
2026/09/29 09:24:28.023, 3, 19437, 100
2026/09/29 09:24:28.023, 4, 19439, 100
2026/09/29 09:24:28.023, 5, 19439, 100
2026/09/29 09:24:28.023, 6, 19437, 100
2026/09/29 09:24:28.023, 7, 18833, 100
2026/09/29 09:24:29.023, 0, 19275, 100
2026/09/29 09:24:29.024, 1, 19437, 100
2026/09/29 09:24:29.024, 2, 19437, 100
2026/09/29 09:24:29.024, 3, 19437, 100
2026/09/29 09:24:29.024, 4, 19439, 100
2026/09/29 09:24:29.024, 5, 19439, 100
2026/09/29 09:24:29.024, 6, 19437, 100
2026/09/29 09:24:29.024, 7, 18833, 100
2026/09/29 09:24:30.024, 0, 19275, 100
2026/09/29 09:24:30.024, 1, 19437, 100
2026/09/29 09:24:30.024, 2, 19437, 100
2026/09/29 09:24:30.024, 3, 19437, 100
2026/09/29 09:24:30.024, 4, 19439, 100
2026/09/29 09:24:30.024, 5, 19439, 100
2026/09/29 09:24:30.025, 6, 19437, 100
2026/09/29 09:24:30.025, 7, 18833, 100
2026/09/29 09:24:31.025, 0, 19275, 100
2026/09/29 09:24:31.025, 1, 19437, 100
2026/09/29 09:24:31.025, 2, 19437, 100
2026/09/29 09:24:31.025, 3, 19437, 100
2026/09/29 09:24:31.025, 4, 19439, 100
2026/09/29 09:24:31.025, 5, 19439, 100
2026/09/29 09:24:31.025, 6, 19437, 100
2026/09/29 09:24:31.025, 7, 18833, 100
2026/09/29 09:24:32.025, 0, 19275, 100
2026/09/29 09:24:32.025, 1, 19437, 100
2026/09/29 09:24:32.026, 2, 19437, 100
2026/09/29 09:24:32.026, 3, 19437, 100
2026/09/29 09:24:32.026, 4, 19439, 100
2026/09/29 09:24:32.026, 5, 19439, 100
2026/09/29 09:24:32.026, 6, 19437, 100
2026/09/29 09:24:32.026, 7, 18833, 100
2026/09/29 09:24:33.026, 0, 19275, 100
2026/09/29 09:24:33.026, 1, 19437, 100
2026/09/29 09:24:33.026, 2, 19437, 100
2026/09/29 09:24:33.026, 3, 19437, 100
2026/09/29 09:24:33.026, 4, 19439, 100
2026/09/29 09:24:33.026, 5, 19439, 100
2026/09/29 09:24:33.026, 6, 19437, 100
2026/09/29 09:24:33.026, 7, 18833, 100
2026/09/29 09:24:34.027, 0, 19275, 100
2026/09/29 09:24:34.027, 1, 19437, 100
2026/09/29 09:24:34.027, 2, 19437, 100
2026/09/29 09:24:34.027, 3, 19437, 100
2026/09/29 09:24:34.027, 4, 19439, 100
2026/09/29 09:24:34.027, 5, 19439, 100
2026/09/29 09:24:34.027, 6, 19437, 100
2026/09/29 09:24:34.027, 7, 18833, 100
2026/09/29 09:24:35.027, 0, 19275, 100
2026/09/29 09:24:35.027, 1, 19437, 100
2026/09/29 09:24:35.027, 2, 19437, 100
2026/09/29 09:24:35.027, 3, 19437, 100
2026/09/29 09:24:35.028, 4, 19439, 100
2026/09/29 09:24:35.028, 5, 19439, 100
2026/09/29 09:24:35.028, 6, 19437, 100
2026/09/29 09:24:35.028, 7, 18833, 100
2026/09/29 09:24:36.028, 0, 19275, 100
2026/09/29 09:24:36.028, 1, 19437, 100
2026/09/29 09:24:36.028, 2, 19437, 100
2026/09/29 09:24:36.028, 3, 19437, 100
2026/09/29 09:24:36.028, 4, 19439, 100
2026/09/29 09:24:36.028, 5, 19439, 100
2026/09/29 09:24:36.028, 6, 19437, 100
2026/09/29 09:24:36.028, 7, 18833, 100
2026/09/29 09:24:37.028, 0, 19275, 100
2026/09/29 09:24:37.028, 1, 19437, 100
2026/09/29 09:24:37.029, 2, 19437, 100
2026/09/29 09:24:37.029, 3, 19437, 100
2026/09/29 09:24:37.029, 4, 19439, 100
2026/09/29 09:24:37.029, 5, 19439, 100
2026/09/29 09:24:37.029, 6, 19437, 100
2026/09/29 09:24:37.029, 7, 18833, 100
2026/09/29 09:24:38.029, 0, 19275, 100
2026/09/29 09:24:38.029, 1, 19437, 100
2026/09/29 09:24:38.029, 2, 19437, 100
2026/09/29 09:24:38.029, 3, 19437, 100
2026/09/29 09:24:38.029, 4, 19439, 100
2026/09/29 09:24:38.029, 5, 19439, 100
2026/09/29 09:24:38.029, 6, 19437, 100
2026/09/29 09:24:38.029, 7, 18833, 100
2026/09/29 09:24:39.029, 0, 19275, 100
2026/09/29 09:24:39.030, 1, 19437, 100
2026/09/29 09:24:39.030, 2, 19437, 100
2026/09/29 09:24:39.030, 3, 19437, 100
2026/09/29 09:24:39.030, 4, 19439, 100
2026/09/29 09:24:39.030, 5, 19439, 100
2026/09/29 09:24:39.030, 6, 19437, 100
2026/09/29 09:24:39.030, 7, 18833, 100
2026/09/29 09:24:40.030, 0, 19275, 100
2026/09/29 09:24:40.030, 1, 19437, 100
2026/09/29 09:24:40.030, 2, 19437, 100
2026/09/29 09:24:40.030, 3, 19437, 100
2026/09/29 09:24:40.030, 4, 19439, 100
2026/09/29 09:24:40.030, 5, 19439, 100
2026/09/29 09:24:40.030, 6, 19437, 100
2026/09/29 09:24:40.030, 7, 18833, 100
2026/09/29 09:24:41.031, 0, 19275, 100
2026/09/29 09:24:41.031, 1, 19437, 100
2026/09/29 09:24:41.031, 2, 19437, 100
2026/09/29 09:24:41.031, 3, 19437, 100
2026/09/29 09:24:41.031, 4, 19439, 100
2026/09/29 09:24:41.031, 5, 19439, 100
2026/09/29 09:24:41.031, 6, 19437, 100
2026/09/29 09:24:41.031, 7, 18833, 100
2026/09/29 09:24:42.031, 0, 19275, 100
2026/09/29 09:24:42.031, 1, 19437, 100
2026/09/29 09:24:42.031, 2, 19437, 100
2026/09/29 09:24:42.031, 3, 19437, 100
2026/09/29 09:24:42.031, 4, 19439, 100
2026/09/29 09:24:42.031, 5, 19439, 100
2026/09/29 09:24:42.031, 6, 19437, 100
2026/09/29 09:24:42.031, 7, 18833, 100
2026/09/29 09:24:43.031, 0, 19275, 100
2026/09/29 09:24:43.032, 1, 19437, 100
2026/09/29 09:24:43.032, 2, 19437, 100
2026/09/29 09:24:43.032, 3, 19437, 100
2026/09/29 09:24:43.032, 4, 19439, 100
2026/09/29 09:24:43.032, 5, 19439, 100
2026/09/29 09:24:43.032, 6, 19437, 100
2026/09/29 09:24:43.032, 7, 18833, 100
2026/09/29 09:24:44.032, 0, 19275, 100
2026/09/29 09:24:44.032, 1, 19437, 100
2026/09/29 09:24:44.032, 2, 19437, 100
2026/09/29 09:24:44.032, 3, 19437, 100
2026/09/29 09:24:44.032, 4, 19439, 100
2026/09/29 09:24:44.032, 5, 19439, 100
2026/09/29 09:24:44.033, 6, 19437, 100
2026/09/29 09:24:44.033, 7, 18833, 100
2026/09/29 09:24:45.033, 0, 19275, 100
2026/09/29 09:24:45.033, 1, 19437, 100
2026/09/29 09:24:45.033, 2, 19437, 100
2026/09/29 09:24:45.033, 3, 19437, 100
2026/09/29 09:24:45.033, 4, 19439, 100
2026/09/29 09:24:45.033, 5, 19439, 100
2026/09/29 09:24:45.033, 6, 19437, 100
2026/09/29 09:24:45.033, 7, 18833, 100
2026/09/29 09:24:46.033, 0, 19275, 100
2026/09/29 09:24:46.033, 1, 19437, 100
2026/09/29 09:24:46.034, 2, 19437, 100
2026/09/29 09:24:46.034, 3, 19437, 100
2026/09/29 09:24:46.034, 4, 19439, 100
2026/09/29 09:24:46.034, 5, 19439, 100
2026/09/29 09:24:46.034, 6, 19437, 100
2026/09/29 09:24:46.034, 7, 18833, 100
2026/09/29 09:24:47.034, 0, 19275, 100
2026/09/29 09:24:47.034, 1, 19437, 100
2026/09/29 09:24:47.034, 2, 19437, 100
2026/09/29 09:24:47.034, 3, 19437, 100
2026/09/29 09:24:47.034, 4, 19439, 100
2026/09/29 09:24:47.034, 5, 19439, 100
2026/09/29 09:24:47.034, 6, 19437, 100
2026/09/29 09:24:47.034, 7, 18833, 100
2026/09/29 09:24:48.035, 0, 19275, 100
2026/09/29 09:24:48.035, 1, 19437, 100
2026/09/29 09:24:48.035, 2, 19437, 100
2026/09/29 09:24:48.035, 3, 19437, 100
2026/09/29 09:24:48.035, 4, 19439, 100
2026/09/29 09:24:48.035, 5, 19439, 100
2026/09/29 09:24:48.035, 6, 19437, 100
2026/09/29 09:24:48.035, 7, 18833, 100
2026/09/29 09:24:49.035, 0, 19275, 100
2026/09/29 09:24:49.035, 1, 19437, 100
2026/09/29 09:24:49.036, 2, 19437, 100
2026/09/29 09:24:49.036, 3, 19437, 100
2026/09/29 09:24:49.036, 4, 19439, 100
2026/09/29 09:24:49.036, 5, 19439, 100
2026/09/29 09:24:49.036, 6, 19437, 100
2026/09/29 09:24:49.036, 7, 18833, 100
2026/09/29 09:24:50.036, 0, 19275, 100
2026/09/29 09:24:50.037, 1, 19437, 100
2026/09/29 09:24:50.037, 2, 19437, 100
2026/09/29 09:24:50.037, 3, 19437, 100
2026/09/29 09:24:50.037, 4, 19439, 100
2026/09/29 09:24:50.037, 5, 19439, 100
2026/09/29 09:24:50.037, 6, 19437, 100
2026/09/29 09:24:50.037, 7, 18833, 100
2026/09/29 09:24:51.037, 0, 19301, 97
2026/09/29 09:24:51.037, 1, 19467, 97
2026/09/29 09:24:51.037, 2, 19467, 98
2026/09/29 09:24:51.037, 3, 19463, 98
2026/09/29 09:24:51.037, 4, 19465, 100
2026/09/29 09:24:51.037, 5, 19467, 98
2026/09/29 09:24:51.037, 6, 19465, 100
2026/09/29 09:24:51.037, 7, 18863, 100
2026/09/29 09:24:52.037, 0, 19301, 99
2026/09/29 09:24:52.038, 1, 16447, 99
2026/09/29 09:24:52.039, 2, 16607, 99
2026/09/29 09:24:52.039, 3, 16583, 91
2026/09/29 09:24:52.040, 4, 16485, 98
2026/09/29 09:24:52.041, 5, 16587, 99
2026/09/29 09:24:52.041, 6, 16545, 98
2026/09/29 09:24:52.042, 7, 15823, 93
2026/09/29 09:24:53.043, 0, 8409, 23
2026/09/29 09:24:53.043, 1, 8353, 1
2026/09/29 09:24:53.043, 2, 8331, 1
2026/09/29 09:24:53.043, 3, 8333, 100
2026/09/29 09:24:53.043, 4, 8375, 29
2026/09/29 09:24:53.043, 5, 8391, 0
2026/09/29 09:24:53.043, 6, 8353, 32
2026/09/29 09:24:53.043, 7, 8371, 27
2026/09/29 09:24:54.043, 0, 10627, 98
2026/09/29 09:24:54.044, 1, 10511, 100
2026/09/29 09:24:54.045, 2, 10489, 100
2026/09/29 09:24:54.046, 3, 10487, 93
2026/09/29 09:24:54.046, 4, 10531, 100
2026/09/29 09:24:54.046, 5, 10469, 100
2026/09/29 09:24:54.046, 6, 10449, 100
2026/09/29 09:24:54.046, 7, 10687, 100
2026/09/29 09:24:55.047, 0, 11047, 99
2026/09/29 09:24:55.047, 1, 10791, 98
2026/09/29 09:24:55.047, 2, 10769, 99
2026/09/29 09:24:55.047, 3, 10907, 99
2026/09/29 09:24:55.047, 4, 10811, 99
2026/09/29 09:24:55.047, 5, 10889, 99
2026/09/29 09:24:55.047, 6, 10789, 62
2026/09/29 09:24:55.047, 7, 10907, 99
2026/09/29 09:24:56.047, 0, 13129, 70
2026/09/29 09:24:56.047, 1, 13193, 98
2026/09/29 09:24:56.047, 2, 13171, 99
2026/09/29 09:24:56.047, 3, 13169, 85
2026/09/29 09:24:56.048, 4, 13333, 98
2026/09/29 09:24:56.048, 5, 13151, 99
2026/09/29 09:24:56.048, 6, 13091, 99
2026/09/29 09:24:56.048, 7, 13229, 98
2026/09/29 09:24:57.048, 0, 13129, 100
2026/09/29 09:24:57.048, 1, 13193, 100
2026/09/29 09:24:57.048, 2, 13171, 100
2026/09/29 09:24:57.048, 3, 13169, 100
2026/09/29 09:24:57.048, 4, 13333, 100
2026/09/29 09:24:57.048, 5, 13151, 100
2026/09/29 09:24:57.048, 6, 13091, 100
2026/09/29 09:24:57.048, 7, 13229, 100
2026/09/29 09:24:58.048, 0, 13129, 100
2026/09/29 09:24:58.048, 1, 13193, 100
2026/09/29 09:24:58.049, 2, 13171, 100
2026/09/29 09:24:58.049, 3, 13169, 100
2026/09/29 09:24:58.049, 4, 13333, 100
2026/09/29 09:24:58.049, 5, 13151, 100
2026/09/29 09:24:58.049, 6, 13091, 100
2026/09/29 09:24:58.049, 7, 13229, 100
2026/09/29 09:24:59.049, 0, 13129, 100
2026/09/29 09:24:59.049, 1, 13193, 100
2026/09/29 09:24:59.049, 2, 13171, 100
2026/09/29 09:24:59.049, 3, 13169, 100
2026/09/29 09:24:59.049, 4, 13333, 100
2026/09/29 09:24:59.049, 5, 13151, 100
2026/09/29 09:24:59.049, 6, 13091, 100
2026/09/29 09:24:59.049, 7, 13229, 100
2026/09/29 09:25:00.050, 0, 13129, 100
2026/09/29 09:25:00.050, 1, 13193, 100
2026/09/29 09:25:00.050, 2, 13171, 100
2026/09/29 09:25:00.050, 3, 13169, 100
2026/09/29 09:25:00.050, 4, 13333, 100
2026/09/29 09:25:00.050, 5, 13151, 100
2026/09/29 09:25:00.050, 6, 13091, 100
2026/09/29 09:25:00.050, 7, 13229, 100
2026/09/29 09:25:01.050, 0, 13329, 100
2026/09/29 09:25:01.050, 1, 13193, 100
2026/09/29 09:25:01.050, 2, 13171, 100
2026/09/29 09:25:01.050, 3, 13169, 100
2026/09/29 09:25:01.050, 4, 13333, 100
2026/09/29 09:25:01.051, 5, 13151, 100
2026/09/29 09:25:01.051, 6, 13091, 100
2026/09/29 09:25:01.051, 7, 13229, 100
2026/09/29 09:25:02.051, 0, 13329, 100
2026/09/29 09:25:02.051, 1, 13193, 100
2026/09/29 09:25:02.051, 2, 13171, 100
2026/09/29 09:25:02.051, 3, 13169, 100
2026/09/29 09:25:02.051, 4, 13333, 100
2026/09/29 09:25:02.051, 5, 13151, 100
2026/09/29 09:25:02.051, 6, 13091, 100
2026/09/29 09:25:02.051, 7, 13229, 100
2026/09/29 09:25:03.051, 0, 13329, 100
2026/09/29 09:25:03.052, 1, 13193, 100
2026/09/29 09:25:03.052, 2, 13171, 100
2026/09/29 09:25:03.052, 3, 13169, 100
2026/09/29 09:25:03.052, 4, 13333, 100
2026/09/29 09:25:03.052, 5, 13151, 100
2026/09/29 09:25:03.052, 6, 13091, 100
2026/09/29 09:25:03.052, 7, 13229, 100
2026/09/29 09:25:04.052, 0, 13329, 100
2026/09/29 09:25:04.052, 1, 13193, 100
2026/09/29 09:25:04.052, 2, 13171, 100
2026/09/29 09:25:04.052, 3, 13169, 100
2026/09/29 09:25:04.052, 4, 13333, 100
2026/09/29 09:25:04.052, 5, 13151, 100
2026/09/29 09:25:04.053, 6, 13091, 100
2026/09/29 09:25:04.053, 7, 13229, 100
2026/09/29 09:25:05.053, 0, 13329, 100
2026/09/29 09:25:05.053, 1, 13193, 100
2026/09/29 09:25:05.053, 2, 13171, 100
2026/09/29 09:25:05.053, 3, 13169, 100
2026/09/29 09:25:05.053, 4, 13333, 100
2026/09/29 09:25:05.053, 5, 13151, 100
2026/09/29 09:25:05.053, 6, 13091, 100
2026/09/29 09:25:05.053, 7, 13229, 100
2026/09/29 09:25:06.053, 0, 13329, 100
2026/09/29 09:25:06.053, 1, 13193, 100
2026/09/29 09:25:06.054, 2, 13171, 100
2026/09/29 09:25:06.054, 3, 13169, 100
2026/09/29 09:25:06.054, 4, 13333, 100
2026/09/29 09:25:06.054, 5, 13151, 100
2026/09/29 09:25:06.054, 6, 13091, 100
2026/09/29 09:25:06.054, 7, 13229, 100
2026/09/29 09:25:07.054, 0, 13329, 100
2026/09/29 09:25:07.054, 1, 13193, 100
2026/09/29 09:25:07.054, 2, 13171, 100
2026/09/29 09:25:07.054, 3, 13169, 100
2026/09/29 09:25:07.054, 4, 13333, 100
2026/09/29 09:25:07.054, 5, 13151, 100
2026/09/29 09:25:07.054, 6, 13091, 100
2026/09/29 09:25:07.054, 7, 13229, 100
2026/09/29 09:25:08.055, 0, 13329, 100
2026/09/29 09:25:08.055, 1, 13193, 100
2026/09/29 09:25:08.055, 2, 13171, 100
2026/09/29 09:25:08.055, 3, 13169, 100
2026/09/29 09:25:08.055, 4, 13333, 100
2026/09/29 09:25:08.055, 5, 13151, 100
2026/09/29 09:25:08.055, 6, 13091, 100
2026/09/29 09:25:08.055, 7, 13229, 100
2026/09/29 09:25:09.055, 0, 13329, 100
2026/09/29 09:25:09.055, 1, 13193, 100
2026/09/29 09:25:09.055, 2, 13171, 100
2026/09/29 09:25:09.055, 3, 13169, 100
2026/09/29 09:25:09.055, 4, 13333, 100
2026/09/29 09:25:09.055, 5, 13151, 100
2026/09/29 09:25:09.055, 6, 13091, 100
2026/09/29 09:25:09.056, 7, 13229, 100
2026/09/29 09:25:10.056, 0, 13329, 100
2026/09/29 09:25:10.056, 1, 13193, 100
2026/09/29 09:25:10.056, 2, 13171, 100
2026/09/29 09:25:10.056, 3, 13169, 100
2026/09/29 09:25:10.056, 4, 13333, 100
2026/09/29 09:25:10.056, 5, 13151, 100
2026/09/29 09:25:10.056, 6, 13091, 100
2026/09/29 09:25:10.056, 7, 13229, 100
2026/09/29 09:25:11.056, 0, 13329, 100
2026/09/29 09:25:11.056, 1, 13193, 100
2026/09/29 09:25:11.056, 2, 13171, 100
2026/09/29 09:25:11.057, 3, 13169, 100
2026/09/29 09:25:11.057, 4, 13333, 100
2026/09/29 09:25:11.057, 5, 13151, 100
2026/09/29 09:25:11.057, 6, 13091, 100
2026/09/29 09:25:11.057, 7, 13229, 100
2026/09/29 09:25:12.057, 0, 13329, 100
2026/09/29 09:25:12.057, 1, 13193, 100
2026/09/29 09:25:12.057, 2, 13171, 100
2026/09/29 09:25:12.057, 3, 13169, 100
2026/09/29 09:25:12.057, 4, 13333, 100
2026/09/29 09:25:12.057, 5, 13151, 100
2026/09/29 09:25:12.057, 6, 13091, 100
2026/09/29 09:25:12.057, 7, 13229, 100
2026/09/29 09:25:13.058, 0, 13329, 100
2026/09/29 09:25:13.058, 1, 13193, 100
2026/09/29 09:25:13.058, 2, 13171, 100
2026/09/29 09:25:13.058, 3, 13169, 100
2026/09/29 09:25:13.058, 4, 13333, 100
2026/09/29 09:25:13.058, 5, 13151, 100
2026/09/29 09:25:13.058, 6, 13091, 100
2026/09/29 09:25:13.058, 7, 13229, 100
2026/09/29 09:25:14.058, 0, 13329, 100
2026/09/29 09:25:14.058, 1, 13193, 100
2026/09/29 09:25:14.058, 2, 13171, 100
2026/09/29 09:25:14.058, 3, 13169, 100
2026/09/29 09:25:14.059, 4, 13333, 100
2026/09/29 09:25:14.059, 5, 13151, 100
2026/09/29 09:25:14.059, 6, 13091, 100
2026/09/29 09:25:14.059, 7, 13229, 100
2026/09/29 09:25:15.059, 0, 13329, 100
2026/09/29 09:25:15.059, 1, 13193, 100
2026/09/29 09:25:15.059, 2, 13171, 100
2026/09/29 09:25:15.059, 3, 13169, 100
2026/09/29 09:25:15.059, 4, 13333, 100
2026/09/29 09:25:15.059, 5, 13151, 100
2026/09/29 09:25:15.059, 6, 13091, 100
2026/09/29 09:25:15.059, 7, 13229, 100
2026/09/29 09:25:16.059, 0, 13329, 100
2026/09/29 09:25:16.059, 1, 13193, 100
2026/09/29 09:25:16.059, 2, 13171, 100
2026/09/29 09:25:16.059, 3, 13169, 100
2026/09/29 09:25:16.059, 4, 13333, 100
2026/09/29 09:25:16.060, 5, 13151, 100
2026/09/29 09:25:16.060, 6, 13091, 100
2026/09/29 09:25:16.060, 7, 13229, 100
2026/09/29 09:25:17.060, 0, 13329, 100
2026/09/29 09:25:17.060, 1, 13193, 100
2026/09/29 09:25:17.060, 2, 13171, 100
2026/09/29 09:25:17.060, 3, 13169, 100
2026/09/29 09:25:17.060, 4, 13333, 100
2026/09/29 09:25:17.060, 5, 13151, 100
2026/09/29 09:25:17.060, 6, 13091, 100
2026/09/29 09:25:17.060, 7, 13229, 100
2026/09/29 09:25:18.061, 0, 13329, 100
2026/09/29 09:25:18.061, 1, 13193, 100
2026/09/29 09:25:18.061, 2, 13171, 100
2026/09/29 09:25:18.061, 3, 13169, 100
2026/09/29 09:25:18.061, 4, 13333, 100
2026/09/29 09:25:18.061, 5, 13151, 100
2026/09/29 09:25:18.061, 6, 13091, 100
2026/09/29 09:25:18.061, 7, 13229, 100
2026/09/29 09:25:19.061, 0, 13329, 100
2026/09/29 09:25:19.061, 1, 13193, 100
2026/09/29 09:25:19.062, 2, 13171, 100
2026/09/29 09:25:19.062, 3, 13169, 100
2026/09/29 09:25:19.062, 4, 13333, 100
2026/09/29 09:25:19.062, 5, 13151, 100
2026/09/29 09:25:19.062, 6, 13091, 100
2026/09/29 09:25:19.062, 7, 13229, 100
2026/09/29 09:25:20.062, 0, 13329, 100
2026/09/29 09:25:20.062, 1, 13193, 100
2026/09/29 09:25:20.062, 2, 13171, 100
2026/09/29 09:25:20.062, 3, 13169, 100
2026/09/29 09:25:20.062, 4, 13333, 100
2026/09/29 09:25:20.062, 5, 13151, 100
2026/09/29 09:25:20.062, 6, 13091, 100
2026/09/29 09:25:20.062, 7, 13229, 100
2026/09/29 09:25:21.063, 0, 13329, 100
2026/09/29 09:25:21.063, 1, 13193, 100
2026/09/29 09:25:21.063, 2, 13171, 100
2026/09/29 09:25:21.063, 3, 13169, 100
2026/09/29 09:25:21.063, 4, 13333, 100
2026/09/29 09:25:21.063, 5, 13151, 100
2026/09/29 09:25:21.063, 6, 13091, 100
2026/09/29 09:25:21.063, 7, 13229, 100
2026/09/29 09:25:22.063, 0, 13463, 98
2026/09/29 09:25:22.063, 1, 13327, 89
2026/09/29 09:25:22.063, 2, 13305, 88
2026/09/29 09:25:22.063, 3, 13303, 98
2026/09/29 09:25:22.063, 4, 13467, 100
2026/09/29 09:25:22.063, 5, 13287, 85
2026/09/29 09:25:22.064, 6, 13225, 100
2026/09/29 09:25:22.064, 7, 13365, 100
2026/09/29 09:25:23.064, 0, 13463, 98
2026/09/29 09:25:23.064, 1, 11987, 97
2026/09/29 09:25:23.064, 2, 12105, 99
2026/09/29 09:25:23.064, 3, 12063, 99
2026/09/29 09:25:23.065, 4, 12267, 97
2026/09/29 09:25:23.066, 5, 12067, 98
2026/09/29 09:25:23.066, 6, 12025, 98
2026/09/29 09:25:23.067, 7, 12065, 98
2026/09/29 09:25:24.067, 0, 8397, 100
2026/09/29 09:25:24.068, 1, 8359, 100
2026/09/29 09:25:24.068, 2, 8357, 100
2026/09/29 09:25:24.068, 3, 8375, 100
2026/09/29 09:25:24.068, 4, 8401, 31
2026/09/29 09:25:24.068, 5, 8335, 100
2026/09/29 09:25:24.068, 6, 8375, 70
2026/09/29 09:25:24.068, 7, 8421, 0
2026/09/29 09:25:25.068, 0, 10829, 99
2026/09/29 09:25:25.068, 1, 10789, 68
2026/09/29 09:25:25.069, 2, 10929, 53
2026/09/29 09:25:25.069, 3, 10709, 95
2026/09/29 09:25:25.069, 4, 10709, 100
2026/09/29 09:25:25.069, 5, 10769, 67
2026/09/29 09:25:25.070, 6, 10789, 100
2026/09/29 09:25:25.070, 7, 10947, 100
2026/09/29 09:25:26.071, 0, 10909, 99
2026/09/29 09:25:26.071, 1, 10929, 99
2026/09/29 09:25:26.071, 2, 10929, 99
2026/09/29 09:25:26.071, 3, 10809, 99
2026/09/29 09:25:26.071, 4, 10869, 99
2026/09/29 09:25:26.071, 5, 10909, 99
2026/09/29 09:25:26.071, 6, 10929, 99
2026/09/29 09:25:26.071, 7, 10947, 99
2026/09/29 09:25:27.071, 0, 13111, 100
2026/09/29 09:25:27.072, 1, 13091, 91
2026/09/29 09:25:27.072, 2, 13191, 97
2026/09/29 09:25:27.072, 3, 13271, 100
2026/09/29 09:25:27.072, 4, 13071, 99
2026/09/29 09:25:27.072, 5, 13091, 80
2026/09/29 09:25:27.072, 6, 13091, 99
2026/09/29 09:25:27.072, 7, 13269, 98
2026/09/29 09:25:28.072, 0, 13111, 100
2026/09/29 09:25:28.072, 1, 13091, 100
2026/09/29 09:25:28.072, 2, 13191, 100
2026/09/29 09:25:28.072, 3, 13271, 100
2026/09/29 09:25:28.072, 4, 13071, 100
2026/09/29 09:25:28.072, 5, 13091, 100
2026/09/29 09:25:28.072, 6, 13091, 100
2026/09/29 09:25:28.072, 7, 13269, 100
2026/09/29 09:25:29.073, 0, 13111, 100
2026/09/29 09:25:29.073, 1, 13091, 100
2026/09/29 09:25:29.073, 2, 13191, 100
2026/09/29 09:25:29.073, 3, 13271, 100
2026/09/29 09:25:29.073, 4, 13071, 100
2026/09/29 09:25:29.073, 5, 13091, 100
2026/09/29 09:25:29.073, 6, 13091, 100
2026/09/29 09:25:29.073, 7, 13269, 100
2026/09/29 09:25:30.073, 0, 13111, 100
2026/09/29 09:25:30.074, 1, 13091, 100
2026/09/29 09:25:30.074, 2, 13191, 100
2026/09/29 09:25:30.074, 3, 13271, 100
2026/09/29 09:25:30.074, 4, 13071, 100
2026/09/29 09:25:30.074, 5, 13091, 100
2026/09/29 09:25:30.074, 6, 13091, 100
2026/09/29 09:25:30.074, 7, 13269, 100
2026/09/29 09:25:31.074, 0, 13111, 100
2026/09/29 09:25:31.074, 1, 13091, 100
2026/09/29 09:25:31.074, 2, 13191, 100
2026/09/29 09:25:31.074, 3, 13271, 100
2026/09/29 09:25:31.074, 4, 13071, 100
2026/09/29 09:25:31.074, 5, 13091, 100
2026/09/29 09:25:31.075, 6, 13091, 100
2026/09/29 09:25:31.075, 7, 13269, 100
2026/09/29 09:25:32.075, 0, 13251, 100
2026/09/29 09:25:32.075, 1, 13171, 100
2026/09/29 09:25:32.075, 2, 13191, 100
2026/09/29 09:25:32.075, 3, 13271, 100
2026/09/29 09:25:32.075, 4, 13071, 100
2026/09/29 09:25:32.075, 5, 13091, 100
2026/09/29 09:25:32.075, 6, 13091, 100
2026/09/29 09:25:32.075, 7, 13269, 100
2026/09/29 09:25:33.075, 0, 13251, 100
2026/09/29 09:25:33.075, 1, 13171, 100
2026/09/29 09:25:33.075, 2, 13191, 100
2026/09/29 09:25:33.076, 3, 13271, 100
2026/09/29 09:25:33.076, 4, 13071, 100
2026/09/29 09:25:33.076, 5, 13091, 100
2026/09/29 09:25:33.076, 6, 13091, 100
2026/09/29 09:25:33.076, 7, 13269, 100
2026/09/29 09:25:34.076, 0, 13251, 100
2026/09/29 09:25:34.076, 1, 13171, 100
2026/09/29 09:25:34.076, 2, 13191, 100
2026/09/29 09:25:34.076, 3, 13271, 100
2026/09/29 09:25:34.076, 4, 13071, 100
2026/09/29 09:25:34.076, 5, 13091, 100
2026/09/29 09:25:34.076, 6, 13091, 100
2026/09/29 09:25:34.076, 7, 13269, 100
2026/09/29 09:25:35.076, 0, 13251, 100
2026/09/29 09:25:35.077, 1, 13171, 100
2026/09/29 09:25:35.077, 2, 13191, 100
2026/09/29 09:25:35.077, 3, 13271, 100
2026/09/29 09:25:35.077, 4, 13071, 100
2026/09/29 09:25:35.077, 5, 13091, 100
2026/09/29 09:25:35.077, 6, 13091, 100
2026/09/29 09:25:35.077, 7, 13269, 100
2026/09/29 09:25:36.077, 0, 13251, 100
2026/09/29 09:25:36.077, 1, 13171, 100
2026/09/29 09:25:36.077, 2, 13191, 100
2026/09/29 09:25:36.077, 3, 13271, 100
2026/09/29 09:25:36.077, 4, 13071, 100
2026/09/29 09:25:36.077, 5, 13091, 100
2026/09/29 09:25:36.078, 6, 13091, 100
2026/09/29 09:25:36.078, 7, 13269, 100
2026/09/29 09:25:37.078, 0, 13251, 100
2026/09/29 09:25:37.078, 1, 13171, 100
2026/09/29 09:25:37.078, 2, 13191, 100
2026/09/29 09:25:37.078, 3, 13271, 100
2026/09/29 09:25:37.078, 4, 13071, 100
2026/09/29 09:25:37.078, 5, 13091, 100
2026/09/29 09:25:37.078, 6, 13091, 100
2026/09/29 09:25:37.078, 7, 13269, 100
2026/09/29 09:25:38.078, 0, 13251, 100
2026/09/29 09:25:38.078, 1, 13171, 100
2026/09/29 09:25:38.078, 2, 13191, 100
2026/09/29 09:25:38.078, 3, 13271, 100
2026/09/29 09:25:38.078, 4, 13071, 100
2026/09/29 09:25:38.078, 5, 13091, 100
2026/09/29 09:25:38.078, 6, 13091, 100
2026/09/29 09:25:38.079, 7, 13269, 100
2026/09/29 09:25:39.079, 0, 13251, 100
2026/09/29 09:25:39.079, 1, 13171, 100
2026/09/29 09:25:39.079, 2, 13191, 100
2026/09/29 09:25:39.079, 3, 13271, 100
2026/09/29 09:25:39.079, 4, 13071, 100
2026/09/29 09:25:39.079, 5, 13091, 100
2026/09/29 09:25:39.079, 6, 13091, 100
2026/09/29 09:25:39.079, 7, 13269, 100
2026/09/29 09:25:40.079, 0, 13251, 100
2026/09/29 09:25:40.079, 1, 13171, 100
2026/09/29 09:25:40.079, 2, 13191, 100
2026/09/29 09:25:40.079, 3, 13271, 100
2026/09/29 09:25:40.079, 4, 13071, 100
2026/09/29 09:25:40.079, 5, 13091, 100
2026/09/29 09:25:40.079, 6, 13091, 100
2026/09/29 09:25:40.079, 7, 13269, 100
2026/09/29 09:25:41.079, 0, 13251, 100
2026/09/29 09:25:41.079, 1, 13171, 100
2026/09/29 09:25:41.080, 2, 13191, 100
2026/09/29 09:25:41.080, 3, 13271, 100
2026/09/29 09:25:41.080, 4, 13071, 100
2026/09/29 09:25:41.080, 5, 13091, 100
2026/09/29 09:25:41.080, 6, 13091, 100
2026/09/29 09:25:41.080, 7, 13269, 100
2026/09/29 09:25:42.080, 0, 13251, 100
2026/09/29 09:25:42.080, 1, 13171, 100
2026/09/29 09:25:42.080, 2, 13191, 100
2026/09/29 09:25:42.080, 3, 13271, 100
2026/09/29 09:25:42.080, 4, 13071, 100
2026/09/29 09:25:42.080, 5, 13091, 100
2026/09/29 09:25:42.080, 6, 13091, 100
2026/09/29 09:25:42.080, 7, 13269, 100
2026/09/29 09:25:43.080, 0, 13251, 100
2026/09/29 09:25:43.081, 1, 13171, 100
2026/09/29 09:25:43.081, 2, 13191, 100
2026/09/29 09:25:43.081, 3, 13271, 100
2026/09/29 09:25:43.081, 4, 13071, 100
2026/09/29 09:25:43.081, 5, 13091, 100
2026/09/29 09:25:43.081, 6, 13091, 100
2026/09/29 09:25:43.081, 7, 13269, 100
2026/09/29 09:25:44.081, 0, 13251, 100
2026/09/29 09:25:44.081, 1, 13171, 100
2026/09/29 09:25:44.081, 2, 13191, 100
2026/09/29 09:25:44.081, 3, 13271, 100
2026/09/29 09:25:44.081, 4, 13071, 100
2026/09/29 09:25:44.081, 5, 13091, 100
2026/09/29 09:25:44.081, 6, 13091, 100
2026/09/29 09:25:44.081, 7, 13269, 100
2026/09/29 09:25:45.082, 0, 13251, 100
2026/09/29 09:25:45.082, 1, 13171, 100
2026/09/29 09:25:45.082, 2, 13191, 100
2026/09/29 09:25:45.082, 3, 13271, 100
2026/09/29 09:25:45.082, 4, 13071, 100
2026/09/29 09:25:45.082, 5, 13091, 100
2026/09/29 09:25:45.082, 6, 13091, 100
2026/09/29 09:25:45.082, 7, 13269, 100
2026/09/29 09:25:46.082, 0, 13251, 100
2026/09/29 09:25:46.082, 1, 13171, 100
2026/09/29 09:25:46.083, 2, 13191, 100
2026/09/29 09:25:46.083, 3, 13271, 100
2026/09/29 09:25:46.083, 4, 13071, 100
2026/09/29 09:25:46.083, 5, 13091, 100
2026/09/29 09:25:46.083, 6, 13091, 100
2026/09/29 09:25:46.083, 7, 13269, 100
2026/09/29 09:25:47.083, 0, 13251, 100
2026/09/29 09:25:47.083, 1, 13171, 100
2026/09/29 09:25:47.083, 2, 13191, 100
2026/09/29 09:25:47.083, 3, 13271, 100
2026/09/29 09:25:47.083, 4, 13071, 100
2026/09/29 09:25:47.083, 5, 13091, 100
2026/09/29 09:25:47.083, 6, 13091, 100
2026/09/29 09:25:47.083, 7, 13269, 100
2026/09/29 09:25:48.083, 0, 13251, 100
2026/09/29 09:25:48.083, 1, 13171, 100
2026/09/29 09:25:48.083, 2, 13191, 100
2026/09/29 09:25:48.084, 3, 13271, 100
2026/09/29 09:25:48.084, 4, 13071, 100
2026/09/29 09:25:48.084, 5, 13091, 100
2026/09/29 09:25:48.084, 6, 13091, 100
2026/09/29 09:25:48.084, 7, 13269, 100
2026/09/29 09:25:49.084, 0, 13251, 100
2026/09/29 09:25:49.084, 1, 13171, 100
2026/09/29 09:25:49.084, 2, 13191, 100
2026/09/29 09:25:49.084, 3, 13271, 100
2026/09/29 09:25:49.084, 4, 13071, 100
2026/09/29 09:25:49.084, 5, 13091, 100
2026/09/29 09:25:49.084, 6, 13091, 100
2026/09/29 09:25:49.084, 7, 13269, 100
2026/09/29 09:25:50.085, 0, 13251, 100
2026/09/29 09:25:50.085, 1, 13171, 100
2026/09/29 09:25:50.085, 2, 13191, 100
2026/09/29 09:25:50.085, 3, 13271, 100
2026/09/29 09:25:50.085, 4, 13071, 100
2026/09/29 09:25:50.085, 5, 13091, 100
2026/09/29 09:25:50.085, 6, 13091, 100
2026/09/29 09:25:50.085, 7, 13269, 100
2026/09/29 09:25:51.085, 0, 13251, 100
2026/09/29 09:25:51.085, 1, 13171, 100
2026/09/29 09:25:51.085, 2, 13191, 100
2026/09/29 09:25:51.086, 3, 13271, 100
2026/09/29 09:25:51.086, 4, 13071, 100
2026/09/29 09:25:51.086, 5, 13091, 100
2026/09/29 09:25:51.086, 6, 13091, 100
2026/09/29 09:25:51.086, 7, 13269, 100
2026/09/29 09:25:52.086, 0, 13251, 100
2026/09/29 09:25:52.086, 1, 13171, 100
2026/09/29 09:25:52.086, 2, 13191, 100
2026/09/29 09:25:52.086, 3, 13271, 100
2026/09/29 09:25:52.086, 4, 13071, 100
2026/09/29 09:25:52.086, 5, 13091, 100
2026/09/29 09:25:52.087, 6, 13091, 100
2026/09/29 09:25:52.087, 7, 13269, 100
2026/09/29 09:25:53.087, 0, 13385, 98
2026/09/29 09:25:53.087, 1, 13307, 98
2026/09/29 09:25:53.087, 2, 13329, 98
2026/09/29 09:25:53.087, 3, 13403, 97
2026/09/29 09:25:53.087, 4, 13207, 100
2026/09/29 09:25:53.087, 5, 13225, 99
2026/09/29 09:25:53.087, 6, 13227, 100
2026/09/29 09:25:53.087, 7, 13405, 100
2026/09/29 09:25:54.087, 0, 13345, 22
2026/09/29 09:25:54.088, 1, 8287, 98
2026/09/29 09:25:54.088, 2, 8489, 98
2026/09/29 09:25:54.089, 3, 8183, 66
2026/09/29 09:25:54.090, 4, 8087, 97
2026/09/29 09:25:54.090, 5, 8125, 98
2026/09/29 09:25:54.091, 6, 8127, 97
2026/09/29 09:25:54.092, 7, 8225, 96
2026/09/29 09:25:55.093, 0, 8391, 100
2026/09/29 09:25:55.093, 1, 8379, 100
2026/09/29 09:25:55.093, 2, 8385, 100
2026/09/29 09:25:55.093, 3, 8377, 100
2026/09/29 09:25:55.093, 4, 8457, 0
2026/09/29 09:25:55.093, 5, 8397, 100
2026/09/29 09:25:55.093, 6, 8359, 34
2026/09/29 09:25:55.093, 7, 8417, 0
2026/09/29 09:25:56.093, 0, 10809, 99
2026/09/29 09:25:56.093, 1, 10769, 62
2026/09/29 09:25:56.094, 2, 10771, 53
2026/09/29 09:25:56.094, 3, 10787, 99
2026/09/29 09:25:56.094, 4, 10827, 100
2026/09/29 09:25:56.094, 5, 10769, 56
2026/09/29 09:25:56.094, 6, 10787, 100
2026/09/29 09:25:56.094, 7, 10807, 100
2026/09/29 09:25:57.094, 0, 10809, 99
2026/09/29 09:25:57.094, 1, 10909, 98
2026/09/29 09:25:57.094, 2, 10971, 99
2026/09/29 09:25:57.094, 3, 10927, 99
2026/09/29 09:25:57.094, 4, 10827, 99
2026/09/29 09:25:57.094, 5, 10829, 99
2026/09/29 09:25:57.095, 6, 10787, 98
2026/09/29 09:25:57.095, 7, 10807, 98
2026/09/29 09:25:58.095, 0, 13271, 100
2026/09/29 09:25:58.095, 1, 13071, 100
2026/09/29 09:25:58.095, 2, 13233, 100
2026/09/29 09:25:58.095, 3, 13129, 100
2026/09/29 09:25:58.095, 4, 13009, 99
2026/09/29 09:25:58.095, 5, 13111, 97
2026/09/29 09:25:58.095, 6, 13229, 99
2026/09/29 09:25:58.095, 7, 13049, 99
2026/09/29 09:25:59.095, 0, 13271, 100
2026/09/29 09:25:59.095, 1, 13071, 100
2026/09/29 09:25:59.095, 2, 13233, 100
2026/09/29 09:25:59.095, 3, 13129, 100
2026/09/29 09:25:59.095, 4, 13009, 100
2026/09/29 09:25:59.095, 5, 13111, 100
2026/09/29 09:25:59.095, 6, 13229, 100
2026/09/29 09:25:59.095, 7, 13049, 100
2026/09/29 09:26:00.095, 0, 13271, 100
2026/09/29 09:26:00.096, 1, 13071, 100
2026/09/29 09:26:00.096, 2, 13233, 100
2026/09/29 09:26:00.096, 3, 13129, 100
2026/09/29 09:26:00.096, 4, 13009, 100
2026/09/29 09:26:00.096, 5, 13111, 100
2026/09/29 09:26:00.096, 6, 13229, 100
2026/09/29 09:26:00.096, 7, 13049, 100
2026/09/29 09:26:01.096, 0, 13271, 100
2026/09/29 09:26:01.096, 1, 13071, 100
2026/09/29 09:26:01.096, 2, 13233, 100
2026/09/29 09:26:01.096, 3, 13129, 100
2026/09/29 09:26:01.096, 4, 13009, 100
2026/09/29 09:26:01.096, 5, 13111, 100
2026/09/29 09:26:01.096, 6, 13229, 100
2026/09/29 09:26:01.096, 7, 13049, 100
2026/09/29 09:26:02.096, 0, 13271, 100
2026/09/29 09:26:02.097, 1, 13071, 100
2026/09/29 09:26:02.097, 2, 13233, 100
2026/09/29 09:26:02.097, 3, 13229, 100
2026/09/29 09:26:02.097, 4, 13009, 100
2026/09/29 09:26:02.097, 5, 13111, 100
2026/09/29 09:26:02.097, 6, 13229, 100
2026/09/29 09:26:02.097, 7, 13049, 100
2026/09/29 09:26:03.097, 0, 13271, 100
2026/09/29 09:26:03.097, 1, 13071, 100
2026/09/29 09:26:03.097, 2, 13233, 100
2026/09/29 09:26:03.097, 3, 13229, 100
2026/09/29 09:26:03.097, 4, 13009, 100
2026/09/29 09:26:03.098, 5, 13111, 100
2026/09/29 09:26:03.098, 6, 13229, 100
2026/09/29 09:26:03.098, 7, 13049, 100
2026/09/29 09:26:04.098, 0, 13271, 100
2026/09/29 09:26:04.098, 1, 13071, 100
2026/09/29 09:26:04.098, 2, 13233, 100
2026/09/29 09:26:04.098, 3, 13229, 100
2026/09/29 09:26:04.098, 4, 13009, 100
2026/09/29 09:26:04.098, 5, 13111, 100
2026/09/29 09:26:04.099, 6, 13229, 100
2026/09/29 09:26:04.099, 7, 13049, 100
2026/09/29 09:26:05.099, 0, 13271, 100
2026/09/29 09:26:05.099, 1, 13071, 100
2026/09/29 09:26:05.099, 2, 13233, 100
2026/09/29 09:26:05.099, 3, 13229, 100
2026/09/29 09:26:05.099, 4, 13009, 100
2026/09/29 09:26:05.099, 5, 13111, 100
2026/09/29 09:26:05.099, 6, 13229, 100
2026/09/29 09:26:05.099, 7, 13049, 100
2026/09/29 09:26:06.099, 0, 13271, 100
2026/09/29 09:26:06.099, 1, 13071, 100
2026/09/29 09:26:06.099, 2, 13233, 100
2026/09/29 09:26:06.100, 3, 13229, 100
2026/09/29 09:26:06.100, 4, 13009, 100
2026/09/29 09:26:06.100, 5, 13111, 100
2026/09/29 09:26:06.100, 6, 13229, 100
2026/09/29 09:26:06.100, 7, 13049, 100
2026/09/29 09:26:07.100, 0, 13271, 100
2026/09/29 09:26:07.100, 1, 13071, 100
2026/09/29 09:26:07.100, 2, 13233, 100
2026/09/29 09:26:07.100, 3, 13229, 100
2026/09/29 09:26:07.100, 4, 13009, 100
2026/09/29 09:26:07.100, 5, 13111, 100
2026/09/29 09:26:07.100, 6, 13229, 100
2026/09/29 09:26:07.100, 7, 13049, 100
2026/09/29 09:26:08.100, 0, 13271, 100
2026/09/29 09:26:08.101, 1, 13071, 100
2026/09/29 09:26:08.101, 2, 13233, 100
2026/09/29 09:26:08.101, 3, 13229, 100
2026/09/29 09:26:08.101, 4, 13009, 100
2026/09/29 09:26:08.101, 5, 13111, 100
2026/09/29 09:26:08.101, 6, 13229, 100
2026/09/29 09:26:08.101, 7, 13049, 100
2026/09/29 09:26:09.101, 0, 13271, 100
2026/09/29 09:26:09.101, 1, 13071, 100
2026/09/29 09:26:09.101, 2, 13233, 100
2026/09/29 09:26:09.101, 3, 13229, 100
2026/09/29 09:26:09.101, 4, 13009, 100
2026/09/29 09:26:09.101, 5, 13111, 100
2026/09/29 09:26:09.101, 6, 13229, 100
2026/09/29 09:26:09.102, 7, 13049, 100
2026/09/29 09:26:10.102, 0, 13271, 100
2026/09/29 09:26:10.102, 1, 13071, 100
2026/09/29 09:26:10.102, 2, 13233, 100
2026/09/29 09:26:10.102, 3, 13229, 100
2026/09/29 09:26:10.102, 4, 13009, 100
2026/09/29 09:26:10.102, 5, 13111, 100
2026/09/29 09:26:10.102, 6, 13229, 100
2026/09/29 09:26:10.102, 7, 13049, 100
2026/09/29 09:26:11.102, 0, 13271, 100
2026/09/29 09:26:11.102, 1, 13071, 100
2026/09/29 09:26:11.103, 2, 13233, 100
2026/09/29 09:26:11.103, 3, 13229, 100
2026/09/29 09:26:11.103, 4, 13009, 100
2026/09/29 09:26:11.103, 5, 13111, 100
2026/09/29 09:26:11.103, 6, 13229, 100
2026/09/29 09:26:11.103, 7, 13049, 100
2026/09/29 09:26:12.103, 0, 13271, 100
2026/09/29 09:26:12.103, 1, 13071, 100
2026/09/29 09:26:12.103, 2, 13233, 100
2026/09/29 09:26:12.103, 3, 13229, 100
2026/09/29 09:26:12.103, 4, 13009, 100
2026/09/29 09:26:12.103, 5, 13111, 100
2026/09/29 09:26:12.103, 6, 13229, 100
2026/09/29 09:26:12.103, 7, 13049, 100
2026/09/29 09:26:13.103, 0, 13271, 100
2026/09/29 09:26:13.103, 1, 13071, 100
2026/09/29 09:26:13.103, 2, 13233, 100
2026/09/29 09:26:13.103, 3, 13229, 100
2026/09/29 09:26:13.104, 4, 13009, 100
2026/09/29 09:26:13.104, 5, 13111, 100
2026/09/29 09:26:13.104, 6, 13229, 100
2026/09/29 09:26:13.104, 7, 13049, 100
2026/09/29 09:26:14.104, 0, 13271, 100
2026/09/29 09:26:14.104, 1, 13071, 100
2026/09/29 09:26:14.104, 2, 13233, 100
2026/09/29 09:26:14.104, 3, 13229, 100
2026/09/29 09:26:14.104, 4, 13009, 100
2026/09/29 09:26:14.104, 5, 13111, 100
2026/09/29 09:26:14.104, 6, 13229, 100
2026/09/29 09:26:14.104, 7, 13049, 100
2026/09/29 09:26:15.104, 0, 13271, 100
2026/09/29 09:26:15.105, 1, 13071, 100
2026/09/29 09:26:15.105, 2, 13233, 100
2026/09/29 09:26:15.105, 3, 13229, 100
2026/09/29 09:26:15.105, 4, 13009, 100
2026/09/29 09:26:15.105, 5, 13111, 100
2026/09/29 09:26:15.105, 6, 13229, 100
2026/09/29 09:26:15.105, 7, 13049, 100
2026/09/29 09:26:16.105, 0, 13271, 100
2026/09/29 09:26:16.105, 1, 13071, 100
2026/09/29 09:26:16.105, 2, 13233, 100
2026/09/29 09:26:16.105, 3, 13229, 100
2026/09/29 09:26:16.105, 4, 13009, 100
2026/09/29 09:26:16.105, 5, 13111, 100
2026/09/29 09:26:16.105, 6, 13229, 100
2026/09/29 09:26:16.105, 7, 13049, 100
2026/09/29 09:26:17.105, 0, 13271, 100
2026/09/29 09:26:17.105, 1, 13071, 100
2026/09/29 09:26:17.105, 2, 13233, 100
2026/09/29 09:26:17.106, 3, 13229, 100
2026/09/29 09:26:17.106, 4, 13009, 100
2026/09/29 09:26:17.106, 5, 13111, 100
2026/09/29 09:26:17.106, 6, 13229, 100
2026/09/29 09:26:17.106, 7, 13049, 100
2026/09/29 09:26:18.106, 0, 13271, 100
2026/09/29 09:26:18.106, 1, 13071, 100
2026/09/29 09:26:18.106, 2, 13233, 100
2026/09/29 09:26:18.106, 3, 13229, 100
2026/09/29 09:26:18.106, 4, 13009, 100
2026/09/29 09:26:18.106, 5, 13111, 100
2026/09/29 09:26:18.106, 6, 13229, 100
2026/09/29 09:26:18.106, 7, 13049, 100
2026/09/29 09:26:19.106, 0, 13271, 100
2026/09/29 09:26:19.106, 1, 13071, 100
2026/09/29 09:26:19.107, 2, 13233, 100
2026/09/29 09:26:19.107, 3, 13229, 100
2026/09/29 09:26:19.107, 4, 13009, 100
2026/09/29 09:26:19.107, 5, 13111, 100
2026/09/29 09:26:19.107, 6, 13229, 100
2026/09/29 09:26:19.107, 7, 13049, 100
2026/09/29 09:26:20.107, 0, 13271, 100
2026/09/29 09:26:20.107, 1, 13071, 100
2026/09/29 09:26:20.107, 2, 13233, 100
2026/09/29 09:26:20.107, 3, 13229, 100
2026/09/29 09:26:20.107, 4, 13009, 100
2026/09/29 09:26:20.107, 5, 13111, 100
2026/09/29 09:26:20.107, 6, 13229, 100
2026/09/29 09:26:20.107, 7, 13049, 100
2026/09/29 09:26:21.107, 0, 13271, 100
2026/09/29 09:26:21.107, 1, 13071, 100
2026/09/29 09:26:21.107, 2, 13233, 100
2026/09/29 09:26:21.107, 3, 13229, 100
2026/09/29 09:26:21.107, 4, 13009, 100
2026/09/29 09:26:21.107, 5, 13111, 100
2026/09/29 09:26:21.107, 6, 13229, 100
2026/09/29 09:26:21.107, 7, 13049, 100
2026/09/29 09:26:22.108, 0, 13271, 100
2026/09/29 09:26:22.108, 1, 13071, 100
2026/09/29 09:26:22.108, 2, 13233, 100
2026/09/29 09:26:22.108, 3, 13229, 100
2026/09/29 09:26:22.108, 4, 13009, 100
2026/09/29 09:26:22.108, 5, 13111, 100
2026/09/29 09:26:22.108, 6, 13229, 100
2026/09/29 09:26:22.108, 7, 13049, 100
2026/09/29 09:26:23.108, 0, 13271, 100
2026/09/29 09:26:23.108, 1, 13071, 100
2026/09/29 09:26:23.108, 2, 13233, 100
2026/09/29 09:26:23.108, 3, 13229, 100
2026/09/29 09:26:23.108, 4, 13009, 100
2026/09/29 09:26:23.108, 5, 13111, 100
2026/09/29 09:26:23.108, 6, 13229, 100
2026/09/29 09:26:23.108, 7, 13049, 100
2026/09/29 09:26:24.108, 0, 13271, 100
2026/09/29 09:26:24.108, 1, 13071, 100
2026/09/29 09:26:24.109, 2, 13233, 100
2026/09/29 09:26:24.109, 3, 13229, 100
2026/09/29 09:26:24.109, 4, 13009, 100
2026/09/29 09:26:24.109, 5, 13111, 100
2026/09/29 09:26:24.109, 6, 13229, 100
2026/09/29 09:26:24.109, 7, 13049, 100
2026/09/29 09:26:25.109, 0, 13271, 100
2026/09/29 09:26:25.109, 1, 13071, 100
2026/09/29 09:26:25.109, 2, 13233, 100
2026/09/29 09:26:25.109, 3, 13229, 100
2026/09/29 09:26:25.109, 4, 13009, 100
2026/09/29 09:26:25.109, 5, 13111, 100
2026/09/29 09:26:25.109, 6, 13229, 100
2026/09/29 09:26:25.109, 7, 13049, 100
2026/09/29 09:26:26.109, 0, 13271, 100
2026/09/29 09:26:26.110, 1, 13071, 100
2026/09/29 09:26:26.110, 2, 13233, 100
2026/09/29 09:26:26.110, 3, 13229, 100
2026/09/29 09:26:26.110, 4, 13009, 100
2026/09/29 09:26:26.110, 5, 13111, 100
2026/09/29 09:26:26.110, 6, 13229, 100
2026/09/29 09:26:26.110, 7, 13049, 100
2026/09/29 09:26:27.110, 0, 13271, 100
2026/09/29 09:26:27.110, 1, 13071, 100
2026/09/29 09:26:27.110, 2, 13233, 100
2026/09/29 09:26:27.110, 3, 13229, 100
2026/09/29 09:26:27.110, 4, 13009, 100
2026/09/29 09:26:27.110, 5, 13111, 100
2026/09/29 09:26:27.111, 6, 13229, 100
2026/09/29 09:26:27.111, 7, 13049, 100
2026/09/29 09:26:28.111, 0, 13271, 100
2026/09/29 09:26:28.111, 1, 13071, 100
2026/09/29 09:26:28.111, 2, 13233, 100
2026/09/29 09:26:28.111, 3, 13229, 100
2026/09/29 09:26:28.111, 4, 13009, 100
2026/09/29 09:26:28.111, 5, 13111, 100
2026/09/29 09:26:28.111, 6, 13229, 100
2026/09/29 09:26:28.111, 7, 13049, 100
2026/09/29 09:26:29.111, 0, 13271, 100
2026/09/29 09:26:29.111, 1, 13071, 100
2026/09/29 09:26:29.111, 2, 13233, 100
2026/09/29 09:26:29.111, 3, 13229, 100
2026/09/29 09:26:29.111, 4, 13009, 100
2026/09/29 09:26:29.111, 5, 13111, 100
2026/09/29 09:26:29.111, 6, 13229, 100
2026/09/29 09:26:29.111, 7, 13049, 100
2026/09/29 09:26:30.111, 0, 13271, 100
2026/09/29 09:26:30.112, 1, 13071, 100
2026/09/29 09:26:30.112, 2, 13233, 100
2026/09/29 09:26:30.112, 3, 13229, 100
2026/09/29 09:26:30.112, 4, 13009, 100
2026/09/29 09:26:30.112, 5, 13111, 100
2026/09/29 09:26:30.112, 6, 13229, 100
2026/09/29 09:26:30.112, 7, 13049, 100
2026/09/29 09:26:31.112, 0, 13271, 100
2026/09/29 09:26:31.112, 1, 13071, 100
2026/09/29 09:26:31.112, 2, 13233, 100
2026/09/29 09:26:31.112, 3, 13229, 100
2026/09/29 09:26:31.112, 4, 13009, 100
2026/09/29 09:26:31.112, 5, 13111, 100
2026/09/29 09:26:31.112, 6, 13229, 100
2026/09/29 09:26:31.112, 7, 13049, 100
2026/09/29 09:26:32.113, 0, 13271, 100
2026/09/29 09:26:32.113, 1, 13071, 100
2026/09/29 09:26:32.113, 2, 13233, 100
2026/09/29 09:26:32.113, 3, 13229, 100
2026/09/29 09:26:32.113, 4, 13009, 100
2026/09/29 09:26:32.113, 5, 13111, 100
2026/09/29 09:26:32.113, 6, 13229, 100
2026/09/29 09:26:32.113, 7, 13049, 100
2026/09/29 09:26:33.113, 0, 13271, 100
2026/09/29 09:26:33.113, 1, 13071, 100
2026/09/29 09:26:33.113, 2, 13233, 100
2026/09/29 09:26:33.113, 3, 13229, 100
2026/09/29 09:26:33.113, 4, 13009, 100
2026/09/29 09:26:33.113, 5, 13111, 100
2026/09/29 09:26:33.114, 6, 13229, 100
2026/09/29 09:26:33.114, 7, 13049, 100
2026/09/29 09:26:34.114, 0, 13271, 100
2026/09/29 09:26:34.114, 1, 13071, 100
2026/09/29 09:26:34.114, 2, 13233, 100
2026/09/29 09:26:34.114, 3, 13229, 100
2026/09/29 09:26:34.115, 4, 13009, 100
2026/09/29 09:26:34.115, 5, 13111, 100
2026/09/29 09:26:34.115, 6, 13229, 100
2026/09/29 09:26:34.115, 7, 13049, 100
2026/09/29 09:26:35.115, 0, 13271, 100
2026/09/29 09:26:35.115, 1, 13071, 100
2026/09/29 09:26:35.115, 2, 13233, 100
2026/09/29 09:26:35.115, 3, 13229, 100
2026/09/29 09:26:35.115, 4, 13009, 100
2026/09/29 09:26:35.115, 5, 13111, 100
2026/09/29 09:26:35.115, 6, 13229, 100
2026/09/29 09:26:35.115, 7, 13049, 100
2026/09/29 09:26:36.115, 0, 13271, 100
2026/09/29 09:26:36.115, 1, 13071, 100
2026/09/29 09:26:36.116, 2, 13233, 100
2026/09/29 09:26:36.116, 3, 13229, 100
2026/09/29 09:26:36.116, 4, 13009, 100
2026/09/29 09:26:36.116, 5, 13111, 100
2026/09/29 09:26:36.116, 6, 13229, 100
2026/09/29 09:26:36.116, 7, 13049, 100
2026/09/29 09:26:37.116, 0, 13271, 100
2026/09/29 09:26:37.116, 1, 13071, 100
2026/09/29 09:26:37.116, 2, 13233, 100
2026/09/29 09:26:37.116, 3, 13229, 100
2026/09/29 09:26:37.116, 4, 13009, 100
2026/09/29 09:26:37.116, 5, 13111, 100
2026/09/29 09:26:37.116, 6, 13229, 100
2026/09/29 09:26:37.117, 7, 13049, 100
2026/09/29 09:26:38.117, 0, 13271, 100
2026/09/29 09:26:38.117, 1, 13071, 100
2026/09/29 09:26:38.117, 2, 13233, 100
2026/09/29 09:26:38.117, 3, 13229, 100
2026/09/29 09:26:38.117, 4, 13009, 100
2026/09/29 09:26:38.117, 5, 13111, 100
2026/09/29 09:26:38.117, 6, 13229, 100
2026/09/29 09:26:38.117, 7, 13049, 100
2026/09/29 09:26:39.117, 0, 13271, 100
2026/09/29 09:26:39.118, 1, 13071, 100
2026/09/29 09:26:39.118, 2, 13233, 100
2026/09/29 09:26:39.118, 3, 13229, 100
2026/09/29 09:26:39.118, 4, 13009, 100
2026/09/29 09:26:39.118, 5, 13111, 100
2026/09/29 09:26:39.118, 6, 13229, 100
2026/09/29 09:26:39.118, 7, 13049, 100
2026/09/29 09:26:40.118, 0, 13271, 100
2026/09/29 09:26:40.118, 1, 13071, 100
2026/09/29 09:26:40.118, 2, 13233, 100
2026/09/29 09:26:40.119, 3, 13229, 100
2026/09/29 09:26:40.119, 4, 13009, 100
2026/09/29 09:26:40.119, 5, 13111, 100
2026/09/29 09:26:40.119, 6, 13229, 100
2026/09/29 09:26:40.119, 7, 13049, 100
2026/09/29 09:26:41.119, 0, 13271, 100
2026/09/29 09:26:41.119, 1, 13071, 100
2026/09/29 09:26:41.119, 2, 13233, 100
2026/09/29 09:26:41.119, 3, 13229, 100
2026/09/29 09:26:41.119, 4, 13009, 100
2026/09/29 09:26:41.119, 5, 13111, 100
2026/09/29 09:26:41.119, 6, 13229, 100
2026/09/29 09:26:41.119, 7, 13049, 100
2026/09/29 09:26:42.119, 0, 13271, 100
2026/09/29 09:26:42.120, 1, 13071, 100
2026/09/29 09:26:42.120, 2, 13233, 100
2026/09/29 09:26:42.120, 3, 13229, 100
2026/09/29 09:26:42.120, 4, 13009, 100
2026/09/29 09:26:42.120, 5, 13111, 100
2026/09/29 09:26:42.120, 6, 13229, 100
2026/09/29 09:26:42.120, 7, 13049, 100
2026/09/29 09:26:43.120, 0, 13271, 100
2026/09/29 09:26:43.120, 1, 13071, 100
2026/09/29 09:26:43.120, 2, 13233, 100
2026/09/29 09:26:43.120, 3, 13229, 100
2026/09/29 09:26:43.120, 4, 13009, 100
2026/09/29 09:26:43.120, 5, 13111, 100
2026/09/29 09:26:43.120, 6, 13229, 100
2026/09/29 09:26:43.120, 7, 13049, 100
2026/09/29 09:26:44.121, 0, 13271, 100
2026/09/29 09:26:44.121, 1, 13071, 100
2026/09/29 09:26:44.121, 2, 13233, 100
2026/09/29 09:26:44.121, 3, 13229, 100
2026/09/29 09:26:44.121, 4, 13009, 100
2026/09/29 09:26:44.121, 5, 13111, 100
2026/09/29 09:26:44.121, 6, 13229, 100
2026/09/29 09:26:44.121, 7, 13049, 100
2026/09/29 09:26:45.122, 0, 13271, 100
2026/09/29 09:26:45.122, 1, 13071, 100
2026/09/29 09:26:45.122, 2, 13233, 100
2026/09/29 09:26:45.122, 3, 13229, 100
2026/09/29 09:26:45.122, 4, 13009, 100
2026/09/29 09:26:45.122, 5, 13111, 100
2026/09/29 09:26:45.122, 6, 13229, 100
2026/09/29 09:26:45.122, 7, 13049, 100
2026/09/29 09:26:46.122, 0, 13271, 100
2026/09/29 09:26:46.122, 1, 13071, 100
2026/09/29 09:26:46.122, 2, 13233, 100
2026/09/29 09:26:46.123, 3, 13229, 100
2026/09/29 09:26:46.123, 4, 13009, 100
2026/09/29 09:26:46.123, 5, 13111, 100
2026/09/29 09:26:46.123, 6, 13229, 100
2026/09/29 09:26:46.123, 7, 13049, 100
2026/09/29 09:26:47.123, 0, 13271, 100
2026/09/29 09:26:47.123, 1, 13071, 100
2026/09/29 09:26:47.123, 2, 13233, 100
2026/09/29 09:26:47.123, 3, 13229, 100
2026/09/29 09:26:47.123, 4, 13009, 100
2026/09/29 09:26:47.123, 5, 13111, 100
2026/09/29 09:26:47.123, 6, 13229, 100
2026/09/29 09:26:47.123, 7, 13049, 100
2026/09/29 09:26:48.123, 0, 13271, 100
2026/09/29 09:26:48.123, 1, 13071, 100
2026/09/29 09:26:48.124, 2, 13233, 100
2026/09/29 09:26:48.124, 3, 13229, 100
2026/09/29 09:26:48.124, 4, 13009, 100
2026/09/29 09:26:48.124, 5, 13111, 100
2026/09/29 09:26:48.124, 6, 13229, 100
2026/09/29 09:26:48.124, 7, 13049, 100
2026/09/29 09:26:49.124, 0, 13271, 100
2026/09/29 09:26:49.124, 1, 13071, 100
2026/09/29 09:26:49.124, 2, 13233, 100
2026/09/29 09:26:49.124, 3, 13229, 100
2026/09/29 09:26:49.124, 4, 13009, 100
2026/09/29 09:26:49.124, 5, 13111, 100
2026/09/29 09:26:49.124, 6, 13229, 100
2026/09/29 09:26:49.124, 7, 13049, 100
2026/09/29 09:26:50.125, 0, 13271, 100
2026/09/29 09:26:50.125, 1, 13071, 100
2026/09/29 09:26:50.125, 2, 13233, 100
2026/09/29 09:26:50.125, 3, 13229, 100
2026/09/29 09:26:50.125, 4, 13009, 100
2026/09/29 09:26:50.125, 5, 13111, 100
2026/09/29 09:26:50.125, 6, 13229, 100
2026/09/29 09:26:50.125, 7, 13049, 100
2026/09/29 09:26:51.125, 0, 13271, 100
2026/09/29 09:26:51.125, 1, 13071, 100
2026/09/29 09:26:51.126, 2, 13233, 100
2026/09/29 09:26:51.126, 3, 13229, 100
2026/09/29 09:26:51.126, 4, 13009, 100
2026/09/29 09:26:51.126, 5, 13111, 100
2026/09/29 09:26:51.126, 6, 13229, 100
2026/09/29 09:26:51.126, 7, 13049, 100
2026/09/29 09:26:52.126, 0, 13271, 100
2026/09/29 09:26:52.126, 1, 13071, 100
2026/09/29 09:26:52.127, 2, 13233, 100
2026/09/29 09:26:52.127, 3, 13229, 100
2026/09/29 09:26:52.127, 4, 13009, 100
2026/09/29 09:26:52.127, 5, 13111, 100
2026/09/29 09:26:52.127, 6, 13229, 100
2026/09/29 09:26:52.127, 7, 13049, 100
2026/09/29 09:26:53.127, 0, 13271, 100
2026/09/29 09:26:53.127, 1, 13071, 100
2026/09/29 09:26:53.127, 2, 13233, 100
2026/09/29 09:26:53.127, 3, 13229, 100
2026/09/29 09:26:53.127, 4, 13009, 100
2026/09/29 09:26:53.127, 5, 13111, 100
2026/09/29 09:26:53.127, 6, 13229, 100
2026/09/29 09:26:53.127, 7, 13049, 100
2026/09/29 09:26:54.128, 0, 13271, 100
2026/09/29 09:26:54.128, 1, 13071, 100
2026/09/29 09:26:54.128, 2, 13233, 100
2026/09/29 09:26:54.128, 3, 13229, 100
2026/09/29 09:26:54.128, 4, 13009, 100
2026/09/29 09:26:54.128, 5, 13111, 100
2026/09/29 09:26:54.128, 6, 13229, 100
2026/09/29 09:26:54.128, 7, 13049, 100
2026/09/29 09:26:55.128, 0, 13271, 100
2026/09/29 09:26:55.128, 1, 13071, 100
2026/09/29 09:26:55.128, 2, 13233, 100
2026/09/29 09:26:55.128, 3, 13229, 100
2026/09/29 09:26:55.128, 4, 13009, 100
2026/09/29 09:26:55.128, 5, 13111, 100
2026/09/29 09:26:55.129, 6, 13229, 100
2026/09/29 09:26:55.129, 7, 13049, 100
2026/09/29 09:26:56.129, 0, 13271, 100
2026/09/29 09:26:56.129, 1, 13071, 100
2026/09/29 09:26:56.129, 2, 13233, 100
2026/09/29 09:26:56.129, 3, 13229, 100
2026/09/29 09:26:56.129, 4, 13009, 100
2026/09/29 09:26:56.129, 5, 13111, 100
2026/09/29 09:26:56.129, 6, 13229, 100
2026/09/29 09:26:56.129, 7, 13049, 100
2026/09/29 09:26:57.129, 0, 13271, 100
2026/09/29 09:26:57.130, 1, 13071, 100
2026/09/29 09:26:57.130, 2, 13233, 100
2026/09/29 09:26:57.130, 3, 13229, 100
2026/09/29 09:26:57.130, 4, 13009, 100
2026/09/29 09:26:57.130, 5, 13111, 100
2026/09/29 09:26:57.130, 6, 13229, 100
2026/09/29 09:26:57.130, 7, 13049, 100
2026/09/29 09:26:58.130, 0, 13271, 100
2026/09/29 09:26:58.130, 1, 13071, 100
2026/09/29 09:26:58.130, 2, 13233, 100
2026/09/29 09:26:58.131, 3, 13229, 100
2026/09/29 09:26:58.131, 4, 13009, 100
2026/09/29 09:26:58.131, 5, 13111, 100
2026/09/29 09:26:58.131, 6, 13229, 100
2026/09/29 09:26:58.131, 7, 13049, 100
2026/09/29 09:26:59.131, 0, 13271, 100
2026/09/29 09:26:59.131, 1, 13071, 100
2026/09/29 09:26:59.131, 2, 13233, 100
2026/09/29 09:26:59.131, 3, 13229, 100
2026/09/29 09:26:59.131, 4, 13009, 100
2026/09/29 09:26:59.131, 5, 13111, 100
2026/09/29 09:26:59.131, 6, 13229, 100
2026/09/29 09:26:59.131, 7, 13049, 100
2026/09/29 09:27:00.132, 0, 13271, 100
2026/09/29 09:27:00.132, 1, 13071, 100
2026/09/29 09:27:00.132, 2, 13233, 100
2026/09/29 09:27:00.132, 3, 13229, 100
2026/09/29 09:27:00.132, 4, 13009, 100
2026/09/29 09:27:00.132, 5, 13111, 100
2026/09/29 09:27:00.132, 6, 13229, 100
2026/09/29 09:27:00.132, 7, 13049, 100
2026/09/29 09:27:01.132, 0, 13271, 100
2026/09/29 09:27:01.132, 1, 13071, 100
2026/09/29 09:27:01.132, 2, 13233, 100
2026/09/29 09:27:01.132, 3, 13229, 100
2026/09/29 09:27:01.132, 4, 13009, 100
2026/09/29 09:27:01.132, 5, 13111, 100
2026/09/29 09:27:01.132, 6, 13229, 100
2026/09/29 09:27:01.133, 7, 13049, 100
2026/09/29 09:27:02.133, 0, 13271, 100
2026/09/29 09:27:02.133, 1, 13071, 100
2026/09/29 09:27:02.133, 2, 13233, 100
2026/09/29 09:27:02.133, 3, 13229, 100
2026/09/29 09:27:02.133, 4, 13009, 100
2026/09/29 09:27:02.133, 5, 13111, 100
2026/09/29 09:27:02.133, 6, 13229, 100
2026/09/29 09:27:02.133, 7, 13049, 100
2026/09/29 09:27:03.133, 0, 13271, 100
2026/09/29 09:27:03.134, 1, 13071, 100
2026/09/29 09:27:03.134, 2, 13233, 100
2026/09/29 09:27:03.134, 3, 13229, 100
2026/09/29 09:27:03.134, 4, 13009, 100
2026/09/29 09:27:03.134, 5, 13111, 100
2026/09/29 09:27:03.134, 6, 13229, 100
2026/09/29 09:27:03.134, 7, 13049, 100
2026/09/29 09:27:04.134, 0, 13271, 100
2026/09/29 09:27:04.135, 1, 13071, 100
2026/09/29 09:27:04.135, 2, 13233, 100
2026/09/29 09:27:04.135, 3, 13229, 100
2026/09/29 09:27:04.135, 4, 13009, 100
2026/09/29 09:27:04.135, 5, 13111, 100
2026/09/29 09:27:04.135, 6, 13229, 100
2026/09/29 09:27:04.135, 7, 13049, 100
2026/09/29 09:27:05.135, 0, 13271, 100
2026/09/29 09:27:05.135, 1, 13071, 100
2026/09/29 09:27:05.136, 2, 13233, 100
2026/09/29 09:27:05.136, 3, 13229, 100
2026/09/29 09:27:05.136, 4, 13009, 100
2026/09/29 09:27:05.136, 5, 13111, 100
2026/09/29 09:27:05.136, 6, 13229, 100
2026/09/29 09:27:05.136, 7, 13049, 100
2026/09/29 09:27:06.136, 0, 13271, 100
2026/09/29 09:27:06.136, 1, 13071, 100
2026/09/29 09:27:06.136, 2, 13233, 100
2026/09/29 09:27:06.136, 3, 13229, 100
2026/09/29 09:27:06.136, 4, 13009, 100
2026/09/29 09:27:06.136, 5, 13111, 100
2026/09/29 09:27:06.136, 6, 13229, 100
2026/09/29 09:27:06.137, 7, 13049, 100
2026/09/29 09:27:07.137, 0, 13271, 100
2026/09/29 09:27:07.137, 1, 13071, 100
2026/09/29 09:27:07.137, 2, 13233, 100
2026/09/29 09:27:07.137, 3, 13229, 100
2026/09/29 09:27:07.137, 4, 13009, 100
2026/09/29 09:27:07.137, 5, 13111, 100
2026/09/29 09:27:07.137, 6, 13229, 100
2026/09/29 09:27:07.137, 7, 13049, 100
2026/09/29 09:27:08.137, 0, 13271, 100
2026/09/29 09:27:08.137, 1, 13071, 100
2026/09/29 09:27:08.137, 2, 13233, 100
2026/09/29 09:27:08.137, 3, 13229, 100
2026/09/29 09:27:08.137, 4, 13009, 100
2026/09/29 09:27:08.137, 5, 13111, 100
2026/09/29 09:27:08.138, 6, 13229, 100
2026/09/29 09:27:08.138, 7, 13049, 100
2026/09/29 09:27:09.138, 0, 13271, 100
2026/09/29 09:27:09.138, 1, 13071, 100
2026/09/29 09:27:09.138, 2, 13233, 100
2026/09/29 09:27:09.138, 3, 13229, 100
2026/09/29 09:27:09.138, 4, 13009, 100
2026/09/29 09:27:09.138, 5, 13111, 100
2026/09/29 09:27:09.138, 6, 13229, 100
2026/09/29 09:27:09.138, 7, 13049, 100
2026/09/29 09:27:10.138, 0, 13271, 100
2026/09/29 09:27:10.138, 1, 13071, 100
2026/09/29 09:27:10.139, 2, 13233, 100
2026/09/29 09:27:10.139, 3, 13229, 100
2026/09/29 09:27:10.139, 4, 13009, 100
2026/09/29 09:27:10.139, 5, 13111, 100
2026/09/29 09:27:10.139, 6, 13229, 100
2026/09/29 09:27:10.139, 7, 13049, 100
2026/09/29 09:27:11.139, 0, 13271, 100
2026/09/29 09:27:11.139, 1, 13071, 100
2026/09/29 09:27:11.139, 2, 13233, 100
2026/09/29 09:27:11.139, 3, 13229, 100
2026/09/29 09:27:11.139, 4, 13009, 100
2026/09/29 09:27:11.139, 5, 13111, 100
2026/09/29 09:27:11.139, 6, 13229, 100
2026/09/29 09:27:11.139, 7, 13049, 100
2026/09/29 09:27:12.140, 0, 13271, 100
2026/09/29 09:27:12.140, 1, 13071, 100
2026/09/29 09:27:12.140, 2, 13233, 100
2026/09/29 09:27:12.140, 3, 13229, 100
2026/09/29 09:27:12.140, 4, 13009, 100
2026/09/29 09:27:12.140, 5, 13111, 100
2026/09/29 09:27:12.140, 6, 13229, 100
2026/09/29 09:27:12.140, 7, 13049, 100
2026/09/29 09:27:13.140, 0, 13271, 100
2026/09/29 09:27:13.140, 1, 13071, 100
2026/09/29 09:27:13.140, 2, 13233, 100
2026/09/29 09:27:13.140, 3, 13229, 100
2026/09/29 09:27:13.140, 4, 13009, 100
2026/09/29 09:27:13.140, 5, 13111, 100
2026/09/29 09:27:13.140, 6, 13229, 100
2026/09/29 09:27:13.140, 7, 13049, 100
2026/09/29 09:27:14.141, 0, 13271, 100
2026/09/29 09:27:14.141, 1, 13071, 100
2026/09/29 09:27:14.141, 2, 13233, 100
2026/09/29 09:27:14.141, 3, 13229, 100
2026/09/29 09:27:14.141, 4, 13009, 100
2026/09/29 09:27:14.141, 5, 13111, 100
2026/09/29 09:27:14.141, 6, 13229, 100
2026/09/29 09:27:14.141, 7, 13049, 100
2026/09/29 09:27:15.141, 0, 13271, 100
2026/09/29 09:27:15.141, 1, 13071, 100
2026/09/29 09:27:15.141, 2, 13233, 100
2026/09/29 09:27:15.141, 3, 13229, 100
2026/09/29 09:27:15.142, 4, 13009, 100
2026/09/29 09:27:15.142, 5, 13111, 100
2026/09/29 09:27:15.142, 6, 13229, 100
2026/09/29 09:27:15.142, 7, 13049, 100
2026/09/29 09:27:16.142, 0, 13271, 100
2026/09/29 09:27:16.142, 1, 13071, 100
2026/09/29 09:27:16.142, 2, 13233, 100
2026/09/29 09:27:16.142, 3, 13229, 100
2026/09/29 09:27:16.142, 4, 13009, 100
2026/09/29 09:27:16.142, 5, 13111, 100
2026/09/29 09:27:16.143, 6, 13229, 100
2026/09/29 09:27:16.143, 7, 13049, 100
2026/09/29 09:27:17.143, 0, 13271, 100
2026/09/29 09:27:17.143, 1, 13071, 100
2026/09/29 09:27:17.143, 2, 13233, 100
2026/09/29 09:27:17.143, 3, 13229, 100
2026/09/29 09:27:17.143, 4, 13009, 100
2026/09/29 09:27:17.143, 5, 13111, 100
2026/09/29 09:27:17.143, 6, 13229, 100
2026/09/29 09:27:17.143, 7, 13049, 100
2026/09/29 09:27:18.143, 0, 13271, 100
2026/09/29 09:27:18.143, 1, 13071, 100
2026/09/29 09:27:18.144, 2, 13233, 100
2026/09/29 09:27:18.144, 3, 13229, 100
2026/09/29 09:27:18.144, 4, 13009, 100
2026/09/29 09:27:18.144, 5, 13111, 100
2026/09/29 09:27:18.144, 6, 13229, 100
2026/09/29 09:27:18.144, 7, 13049, 100
2026/09/29 09:27:19.144, 0, 13271, 100
2026/09/29 09:27:19.144, 1, 13071, 100
2026/09/29 09:27:19.145, 2, 13233, 100
2026/09/29 09:27:19.145, 3, 13229, 100
2026/09/29 09:27:19.145, 4, 13009, 100
2026/09/29 09:27:19.145, 5, 13111, 100
2026/09/29 09:27:19.145, 6, 13229, 100
2026/09/29 09:27:19.145, 7, 13049, 100
2026/09/29 09:27:20.145, 0, 13271, 100
2026/09/29 09:27:20.145, 1, 13071, 100
2026/09/29 09:27:20.145, 2, 13233, 100
2026/09/29 09:27:20.145, 3, 13229, 100
2026/09/29 09:27:20.145, 4, 13009, 100
2026/09/29 09:27:20.145, 5, 13111, 100
2026/09/29 09:27:20.146, 6, 13229, 100
2026/09/29 09:27:20.146, 7, 13049, 100
2026/09/29 09:27:21.146, 0, 13271, 100
2026/09/29 09:27:21.146, 1, 13071, 100
2026/09/29 09:27:21.146, 2, 13233, 100
2026/09/29 09:27:21.147, 3, 13229, 100
2026/09/29 09:27:21.147, 4, 13009, 100
2026/09/29 09:27:21.147, 5, 13111, 100
2026/09/29 09:27:21.147, 6, 13229, 100
2026/09/29 09:27:21.147, 7, 13049, 100
2026/09/29 09:27:22.147, 0, 13271, 100
2026/09/29 09:27:22.147, 1, 13071, 100
2026/09/29 09:27:22.147, 2, 13233, 100
2026/09/29 09:27:22.147, 3, 13229, 100
2026/09/29 09:27:22.147, 4, 13009, 100
2026/09/29 09:27:22.147, 5, 13111, 100
2026/09/29 09:27:22.148, 6, 13229, 100
2026/09/29 09:27:22.148, 7, 13049, 100
2026/09/29 09:27:23.148, 0, 13271, 100
2026/09/29 09:27:23.148, 1, 13071, 100
2026/09/29 09:27:23.148, 2, 13233, 100
2026/09/29 09:27:23.148, 3, 13229, 100
2026/09/29 09:27:23.148, 4, 13009, 100
2026/09/29 09:27:23.148, 5, 13111, 100
2026/09/29 09:27:23.148, 6, 13229, 100
2026/09/29 09:27:23.148, 7, 13049, 100
2026/09/29 09:27:24.148, 0, 13271, 100
2026/09/29 09:27:24.148, 1, 13071, 100
2026/09/29 09:27:24.148, 2, 13233, 100
2026/09/29 09:27:24.149, 3, 13229, 100
2026/09/29 09:27:24.149, 4, 13009, 100
2026/09/29 09:27:24.149, 5, 13111, 100
2026/09/29 09:27:24.149, 6, 13229, 100
2026/09/29 09:27:24.149, 7, 13049, 100
2026/09/29 09:27:25.149, 0, 13271, 100
2026/09/29 09:27:25.149, 1, 13071, 100
2026/09/29 09:27:25.149, 2, 13233, 100
2026/09/29 09:27:25.149, 3, 13229, 100
2026/09/29 09:27:25.149, 4, 13009, 100
2026/09/29 09:27:25.149, 5, 13111, 100
2026/09/29 09:27:25.149, 6, 13229, 100
2026/09/29 09:27:25.149, 7, 13049, 100
2026/09/29 09:27:26.150, 0, 13271, 100
2026/09/29 09:27:26.150, 1, 13071, 100
2026/09/29 09:27:26.150, 2, 13233, 100
2026/09/29 09:27:26.150, 3, 13229, 100
2026/09/29 09:27:26.150, 4, 13009, 100
2026/09/29 09:27:26.150, 5, 13111, 100
2026/09/29 09:27:26.150, 6, 13229, 100
2026/09/29 09:27:26.150, 7, 13049, 100
2026/09/29 09:27:27.150, 0, 13271, 100
2026/09/29 09:27:27.150, 1, 13071, 100
2026/09/29 09:27:27.150, 2, 13233, 100
2026/09/29 09:27:27.150, 3, 13229, 100
2026/09/29 09:27:27.151, 4, 13009, 100
2026/09/29 09:27:27.151, 5, 13111, 100
2026/09/29 09:27:27.151, 6, 13229, 100
2026/09/29 09:27:27.151, 7, 13049, 100
2026/09/29 09:27:28.151, 0, 13271, 100
2026/09/29 09:27:28.151, 1, 13071, 100
2026/09/29 09:27:28.151, 2, 13233, 100
2026/09/29 09:27:28.151, 3, 13229, 100
2026/09/29 09:27:28.151, 4, 13009, 100
2026/09/29 09:27:28.151, 5, 13111, 100
2026/09/29 09:27:28.151, 6, 13229, 100
2026/09/29 09:27:28.151, 7, 13049, 100
2026/09/29 09:27:29.151, 0, 13271, 100
2026/09/29 09:27:29.152, 1, 13071, 100
2026/09/29 09:27:29.152, 2, 13233, 100
2026/09/29 09:27:29.152, 3, 13229, 100
2026/09/29 09:27:29.152, 4, 13009, 100
2026/09/29 09:27:29.152, 5, 13111, 100
2026/09/29 09:27:29.152, 6, 13229, 100
2026/09/29 09:27:29.152, 7, 13049, 100
2026/09/29 09:27:30.153, 0, 13271, 100
2026/09/29 09:27:30.153, 1, 13071, 100
2026/09/29 09:27:30.153, 2, 13233, 100
2026/09/29 09:27:30.153, 3, 13229, 100
2026/09/29 09:27:30.153, 4, 13009, 100
2026/09/29 09:27:30.153, 5, 13111, 100
2026/09/29 09:27:30.153, 6, 13229, 100
2026/09/29 09:27:30.153, 7, 13049, 100
2026/09/29 09:27:31.153, 0, 13271, 100
2026/09/29 09:27:31.153, 1, 13071, 100
2026/09/29 09:27:31.153, 2, 13233, 100
2026/09/29 09:27:31.153, 3, 13229, 100
2026/09/29 09:27:31.153, 4, 13009, 100
2026/09/29 09:27:31.153, 5, 13111, 100
2026/09/29 09:27:31.154, 6, 13229, 100
2026/09/29 09:27:31.154, 7, 13049, 100
2026/09/29 09:27:32.154, 0, 13271, 100
2026/09/29 09:27:32.154, 1, 13071, 100
2026/09/29 09:27:32.154, 2, 13233, 100
2026/09/29 09:27:32.154, 3, 13229, 100
2026/09/29 09:27:32.154, 4, 13009, 100
2026/09/29 09:27:32.154, 5, 13111, 100
2026/09/29 09:27:32.154, 6, 13229, 100
2026/09/29 09:27:32.154, 7, 13049, 100
2026/09/29 09:27:33.154, 0, 13271, 100
2026/09/29 09:27:33.154, 1, 13071, 100
2026/09/29 09:27:33.154, 2, 13233, 100
2026/09/29 09:27:33.155, 3, 13229, 100
2026/09/29 09:27:33.155, 4, 13009, 100
2026/09/29 09:27:33.155, 5, 13111, 100
2026/09/29 09:27:33.155, 6, 13229, 100
2026/09/29 09:27:33.155, 7, 13049, 100
2026/09/29 09:27:34.155, 0, 13271, 100
2026/09/29 09:27:34.155, 1, 13071, 100
2026/09/29 09:27:34.156, 2, 13233, 100
2026/09/29 09:27:34.156, 3, 13229, 100
2026/09/29 09:27:34.156, 4, 13009, 100
2026/09/29 09:27:34.156, 5, 13111, 100
2026/09/29 09:27:34.156, 6, 13229, 100
2026/09/29 09:27:34.156, 7, 13049, 100
2026/09/29 09:27:35.156, 0, 13271, 100
2026/09/29 09:27:35.156, 1, 13071, 100
2026/09/29 09:27:35.156, 2, 13233, 100
2026/09/29 09:27:35.156, 3, 13229, 100
2026/09/29 09:27:35.156, 4, 13009, 100
2026/09/29 09:27:35.156, 5, 13111, 100
2026/09/29 09:27:35.156, 6, 13229, 100
2026/09/29 09:27:35.156, 7, 13049, 100
2026/09/29 09:27:36.157, 0, 13271, 100
2026/09/29 09:27:36.157, 1, 13071, 100
2026/09/29 09:27:36.157, 2, 13233, 100
2026/09/29 09:27:36.157, 3, 13229, 100
2026/09/29 09:27:36.157, 4, 13009, 100
2026/09/29 09:27:36.157, 5, 13111, 100
2026/09/29 09:27:36.157, 6, 13229, 100
2026/09/29 09:27:36.157, 7, 13049, 100
2026/09/29 09:27:37.157, 0, 13271, 100
2026/09/29 09:27:37.157, 1, 13071, 100
2026/09/29 09:27:37.157, 2, 13233, 100
2026/09/29 09:27:37.157, 3, 13229, 100
2026/09/29 09:27:37.157, 4, 13009, 100
2026/09/29 09:27:37.157, 5, 13111, 100
2026/09/29 09:27:37.158, 6, 13229, 100
2026/09/29 09:27:37.158, 7, 13049, 100
2026/09/29 09:27:38.158, 0, 13271, 100
2026/09/29 09:27:38.158, 1, 13071, 100
2026/09/29 09:27:38.158, 2, 13233, 100
2026/09/29 09:27:38.158, 3, 13229, 100
2026/09/29 09:27:38.158, 4, 13009, 100
2026/09/29 09:27:38.158, 5, 13111, 100
2026/09/29 09:27:38.158, 6, 13229, 100
2026/09/29 09:27:38.158, 7, 13049, 100
2026/09/29 09:27:39.158, 0, 13271, 100
2026/09/29 09:27:39.158, 1, 13071, 100
2026/09/29 09:27:39.159, 2, 13233, 100
2026/09/29 09:27:39.159, 3, 13229, 100
2026/09/29 09:27:39.159, 4, 13009, 100
2026/09/29 09:27:39.159, 5, 13111, 100
2026/09/29 09:27:39.159, 6, 13229, 100
2026/09/29 09:27:39.159, 7, 13049, 100
2026/09/29 09:27:40.159, 0, 13271, 100
2026/09/29 09:27:40.160, 1, 13071, 100
2026/09/29 09:27:40.160, 2, 13233, 100
2026/09/29 09:27:40.160, 3, 13229, 100
2026/09/29 09:27:40.160, 4, 13009, 100
2026/09/29 09:27:40.160, 5, 13111, 100
2026/09/29 09:27:40.160, 6, 13229, 100
2026/09/29 09:27:40.160, 7, 13049, 100
2026/09/29 09:27:41.161, 0, 13271, 100
2026/09/29 09:27:41.161, 1, 13071, 100
2026/09/29 09:27:41.161, 2, 13233, 100
2026/09/29 09:27:41.161, 3, 13229, 100
2026/09/29 09:27:41.161, 4, 13009, 100
2026/09/29 09:27:41.161, 5, 13111, 100
2026/09/29 09:27:41.161, 6, 13229, 100
2026/09/29 09:27:41.161, 7, 13049, 100
2026/09/29 09:27:42.161, 0, 13271, 100
2026/09/29 09:27:42.161, 1, 13071, 100
2026/09/29 09:27:42.161, 2, 13233, 100
2026/09/29 09:27:42.161, 3, 13229, 100
2026/09/29 09:27:42.161, 4, 13009, 100
2026/09/29 09:27:42.161, 5, 13111, 100
2026/09/29 09:27:42.161, 6, 13229, 100
2026/09/29 09:27:42.161, 7, 13049, 100
2026/09/29 09:27:43.161, 0, 13271, 100
2026/09/29 09:27:43.162, 1, 13071, 100
2026/09/29 09:27:43.162, 2, 13233, 100
2026/09/29 09:27:43.162, 3, 13229, 100
2026/09/29 09:27:43.162, 4, 13009, 100
2026/09/29 09:27:43.162, 5, 13111, 100
2026/09/29 09:27:43.162, 6, 13229, 100
2026/09/29 09:27:43.162, 7, 13049, 100
2026/09/29 09:27:44.162, 0, 13271, 100
2026/09/29 09:27:44.163, 1, 13071, 100
2026/09/29 09:27:44.163, 2, 13233, 100
2026/09/29 09:27:44.163, 3, 13229, 100
2026/09/29 09:27:44.163, 4, 13009, 100
2026/09/29 09:27:44.163, 5, 13111, 100
2026/09/29 09:27:44.163, 6, 13229, 100
2026/09/29 09:27:44.163, 7, 13049, 100
2026/09/29 09:27:45.164, 0, 13271, 100
2026/09/29 09:27:45.164, 1, 13071, 100
2026/09/29 09:27:45.164, 2, 13233, 100
2026/09/29 09:27:45.164, 3, 13229, 100
2026/09/29 09:27:45.164, 4, 13009, 100
2026/09/29 09:27:45.164, 5, 13111, 100
2026/09/29 09:27:45.164, 6, 13229, 100
2026/09/29 09:27:45.164, 7, 13049, 100
2026/09/29 09:27:46.164, 0, 13271, 100
2026/09/29 09:27:46.164, 1, 13071, 100
2026/09/29 09:27:46.164, 2, 13233, 100
2026/09/29 09:27:46.164, 3, 13229, 100
2026/09/29 09:27:46.164, 4, 13009, 100
2026/09/29 09:27:46.164, 5, 13111, 100
2026/09/29 09:27:46.165, 6, 13229, 100
2026/09/29 09:27:46.165, 7, 13049, 100
2026/09/29 09:27:47.165, 0, 13271, 100
2026/09/29 09:27:47.165, 1, 13071, 100
2026/09/29 09:27:47.165, 2, 13233, 100
2026/09/29 09:27:47.165, 3, 13229, 100
2026/09/29 09:27:47.165, 4, 13009, 100
2026/09/29 09:27:47.165, 5, 13111, 100
2026/09/29 09:27:47.165, 6, 13229, 100
2026/09/29 09:27:47.166, 7, 13049, 100
2026/09/29 09:27:48.166, 0, 13271, 100
2026/09/29 09:27:48.166, 1, 13071, 100
2026/09/29 09:27:48.166, 2, 13233, 100
2026/09/29 09:27:48.166, 3, 13229, 100
2026/09/29 09:27:48.166, 4, 13009, 100
2026/09/29 09:27:48.166, 5, 13111, 100
2026/09/29 09:27:48.166, 6, 13229, 100
2026/09/29 09:27:48.166, 7, 13049, 100
2026/09/29 09:27:49.166, 0, 13271, 100
2026/09/29 09:27:49.166, 1, 13071, 100
2026/09/29 09:27:49.166, 2, 13233, 100
2026/09/29 09:27:49.166, 3, 13229, 100
2026/09/29 09:27:49.166, 4, 13009, 100
2026/09/29 09:27:49.167, 5, 13111, 100
2026/09/29 09:27:49.167, 6, 13229, 100
2026/09/29 09:27:49.167, 7, 13049, 100
2026/09/29 09:27:50.167, 0, 13271, 100
2026/09/29 09:27:50.167, 1, 13071, 100
2026/09/29 09:27:50.167, 2, 13233, 100
2026/09/29 09:27:50.167, 3, 13229, 100
2026/09/29 09:27:50.167, 4, 13009, 100
2026/09/29 09:27:50.167, 5, 13111, 100
2026/09/29 09:27:50.167, 6, 13229, 100
2026/09/29 09:27:50.167, 7, 13049, 100
2026/09/29 09:27:51.167, 0, 13271, 100
2026/09/29 09:27:51.167, 1, 13071, 100
2026/09/29 09:27:51.168, 2, 13233, 100
2026/09/29 09:27:51.168, 3, 13229, 100
2026/09/29 09:27:51.168, 4, 13009, 100
2026/09/29 09:27:51.168, 5, 13111, 100
2026/09/29 09:27:51.168, 6, 13229, 100
2026/09/29 09:27:51.168, 7, 13049, 100
2026/09/29 09:27:52.168, 0, 13271, 100
2026/09/29 09:27:52.168, 1, 13071, 100
2026/09/29 09:27:52.168, 2, 13233, 100
2026/09/29 09:27:52.168, 3, 13229, 100
2026/09/29 09:27:52.168, 4, 13009, 100
2026/09/29 09:27:52.168, 5, 13111, 100
2026/09/29 09:27:52.168, 6, 13229, 100
2026/09/29 09:27:52.169, 7, 13049, 100
2026/09/29 09:27:53.169, 0, 13271, 100
2026/09/29 09:27:53.169, 1, 13071, 100
2026/09/29 09:27:53.169, 2, 13233, 100
2026/09/29 09:27:53.169, 3, 13229, 100
2026/09/29 09:27:53.169, 4, 13009, 100
2026/09/29 09:27:53.169, 5, 13111, 100
2026/09/29 09:27:53.169, 6, 13229, 100
2026/09/29 09:27:53.169, 7, 13049, 100
2026/09/29 09:27:54.169, 0, 13271, 100
2026/09/29 09:27:54.169, 1, 13071, 100
2026/09/29 09:27:54.170, 2, 13233, 100
2026/09/29 09:27:54.170, 3, 13229, 100
2026/09/29 09:27:54.170, 4, 13009, 100
2026/09/29 09:27:54.170, 5, 13111, 100
2026/09/29 09:27:54.170, 6, 13229, 100
2026/09/29 09:27:54.170, 7, 13049, 100
2026/09/29 09:27:55.170, 0, 13271, 100
2026/09/29 09:27:55.170, 1, 13071, 100
2026/09/29 09:27:55.170, 2, 13233, 100
2026/09/29 09:27:55.170, 3, 13229, 100
2026/09/29 09:27:55.170, 4, 13009, 100
2026/09/29 09:27:55.170, 5, 13111, 100
2026/09/29 09:27:55.171, 6, 13229, 100
2026/09/29 09:27:55.171, 7, 13049, 100
2026/09/29 09:27:56.171, 0, 13271, 100
2026/09/29 09:27:56.171, 1, 13071, 100
2026/09/29 09:27:56.171, 2, 13233, 100
2026/09/29 09:27:56.171, 3, 13229, 100
2026/09/29 09:27:56.171, 4, 13009, 100
2026/09/29 09:27:56.171, 5, 13111, 100
2026/09/29 09:27:56.171, 6, 13229, 100
2026/09/29 09:27:56.171, 7, 13049, 100
2026/09/29 09:27:57.171, 0, 13271, 100
2026/09/29 09:27:57.171, 1, 13071, 100
2026/09/29 09:27:57.172, 2, 13233, 100
2026/09/29 09:27:57.172, 3, 13229, 100
2026/09/29 09:27:57.172, 4, 13009, 100
2026/09/29 09:27:57.172, 5, 13111, 100
2026/09/29 09:27:57.172, 6, 13229, 100
2026/09/29 09:27:57.172, 7, 13049, 100
2026/09/29 09:27:58.172, 0, 13271, 100
2026/09/29 09:27:58.172, 1, 13071, 100
2026/09/29 09:27:58.172, 2, 13233, 100
2026/09/29 09:27:58.172, 3, 13229, 100
2026/09/29 09:27:58.172, 4, 13009, 100
2026/09/29 09:27:58.172, 5, 13111, 100
2026/09/29 09:27:58.172, 6, 13229, 100
2026/09/29 09:27:58.172, 7, 13049, 100
2026/09/29 09:27:59.172, 0, 13271, 100
2026/09/29 09:27:59.172, 1, 13071, 100
2026/09/29 09:27:59.172, 2, 13233, 100
2026/09/29 09:27:59.173, 3, 13229, 100
2026/09/29 09:27:59.173, 4, 13009, 100
2026/09/29 09:27:59.173, 5, 13111, 100
2026/09/29 09:27:59.173, 6, 13229, 100
2026/09/29 09:27:59.173, 7, 13049, 100
2026/09/29 09:28:00.173, 0, 13271, 100
2026/09/29 09:28:00.173, 1, 13071, 100
2026/09/29 09:28:00.173, 2, 13233, 100
2026/09/29 09:28:00.173, 3, 13229, 100
2026/09/29 09:28:00.173, 4, 13009, 100
2026/09/29 09:28:00.173, 5, 13111, 100
2026/09/29 09:28:00.173, 6, 13229, 100
2026/09/29 09:28:00.173, 7, 13049, 100
2026/09/29 09:28:01.173, 0, 13271, 100
2026/09/29 09:28:01.174, 1, 13071, 100
2026/09/29 09:28:01.174, 2, 13233, 100
2026/09/29 09:28:01.174, 3, 13229, 100
2026/09/29 09:28:01.174, 4, 13009, 100
2026/09/29 09:28:01.174, 5, 13111, 100
2026/09/29 09:28:01.174, 6, 13229, 100
2026/09/29 09:28:01.174, 7, 13049, 100
2026/09/29 09:28:02.174, 0, 13271, 100
2026/09/29 09:28:02.174, 1, 13071, 100
2026/09/29 09:28:02.174, 2, 13233, 100
2026/09/29 09:28:02.174, 3, 13229, 100
2026/09/29 09:28:02.174, 4, 13009, 100
2026/09/29 09:28:02.174, 5, 13111, 100
2026/09/29 09:28:02.174, 6, 13229, 100
2026/09/29 09:28:02.174, 7, 13049, 100
2026/09/29 09:28:03.174, 0, 13271, 100
2026/09/29 09:28:03.174, 1, 13071, 100
2026/09/29 09:28:03.174, 2, 13233, 100
2026/09/29 09:28:03.175, 3, 13229, 100
2026/09/29 09:28:03.175, 4, 13009, 100
2026/09/29 09:28:03.175, 5, 13111, 100
2026/09/29 09:28:03.175, 6, 13229, 100
2026/09/29 09:28:03.175, 7, 13049, 100
2026/09/29 09:28:04.175, 0, 13271, 100
2026/09/29 09:28:04.175, 1, 13071, 100
2026/09/29 09:28:04.175, 2, 13233, 100
2026/09/29 09:28:04.175, 3, 13229, 100
2026/09/29 09:28:04.175, 4, 13009, 100
2026/09/29 09:28:04.175, 5, 13111, 100
2026/09/29 09:28:04.175, 6, 13229, 100
2026/09/29 09:28:04.175, 7, 13049, 100
2026/09/29 09:28:05.175, 0, 13271, 100
2026/09/29 09:28:05.175, 1, 13071, 100
2026/09/29 09:28:05.175, 2, 13233, 100
2026/09/29 09:28:05.175, 3, 13229, 100
2026/09/29 09:28:05.175, 4, 13009, 100
2026/09/29 09:28:05.175, 5, 13111, 100
2026/09/29 09:28:05.176, 6, 13229, 100
2026/09/29 09:28:05.176, 7, 13049, 100
2026/09/29 09:28:06.176, 0, 13271, 100
2026/09/29 09:28:06.176, 1, 13071, 100
2026/09/29 09:28:06.176, 2, 13233, 100
2026/09/29 09:28:06.176, 3, 13229, 100
2026/09/29 09:28:06.176, 4, 13009, 100
2026/09/29 09:28:06.176, 5, 13111, 100
2026/09/29 09:28:06.176, 6, 13229, 100
2026/09/29 09:28:06.176, 7, 13049, 100
2026/09/29 09:28:07.176, 0, 13271, 100
2026/09/29 09:28:07.176, 1, 13071, 100
2026/09/29 09:28:07.176, 2, 13233, 100
2026/09/29 09:28:07.176, 3, 13229, 100
2026/09/29 09:28:07.176, 4, 13009, 100
2026/09/29 09:28:07.177, 5, 13111, 100
2026/09/29 09:28:07.177, 6, 13229, 100
2026/09/29 09:28:07.177, 7, 13049, 100
2026/09/29 09:28:08.177, 0, 13271, 100
2026/09/29 09:28:08.177, 1, 13071, 100
2026/09/29 09:28:08.177, 2, 13233, 100
2026/09/29 09:28:08.177, 3, 13229, 100
2026/09/29 09:28:08.177, 4, 13009, 100
2026/09/29 09:28:08.177, 5, 13111, 100
2026/09/29 09:28:08.177, 6, 13229, 100
2026/09/29 09:28:08.177, 7, 13049, 100
2026/09/29 09:28:09.177, 0, 13271, 100
2026/09/29 09:28:09.177, 1, 13071, 100
2026/09/29 09:28:09.178, 2, 13233, 100
2026/09/29 09:28:09.178, 3, 13229, 100
2026/09/29 09:28:09.178, 4, 13009, 100
2026/09/29 09:28:09.178, 5, 13111, 100
2026/09/29 09:28:09.178, 6, 13229, 100
2026/09/29 09:28:09.178, 7, 13049, 100
2026/09/29 09:28:10.178, 0, 13271, 100
2026/09/29 09:28:10.178, 1, 13071, 100
2026/09/29 09:28:10.178, 2, 13233, 100
2026/09/29 09:28:10.178, 3, 13229, 100
2026/09/29 09:28:10.178, 4, 13009, 100
2026/09/29 09:28:10.178, 5, 13111, 100
2026/09/29 09:28:10.178, 6, 13229, 100
2026/09/29 09:28:10.179, 7, 13049, 100
2026/09/29 09:28:11.179, 0, 13271, 100
2026/09/29 09:28:11.179, 1, 13071, 100
2026/09/29 09:28:11.179, 2, 13233, 100
2026/09/29 09:28:11.179, 3, 13229, 100
2026/09/29 09:28:11.179, 4, 13009, 100
2026/09/29 09:28:11.179, 5, 13111, 100
2026/09/29 09:28:11.179, 6, 13229, 100
2026/09/29 09:28:11.179, 7, 13049, 100
2026/09/29 09:28:12.179, 0, 13271, 100
2026/09/29 09:28:12.179, 1, 13071, 100
2026/09/29 09:28:12.179, 2, 13233, 100
2026/09/29 09:28:12.179, 3, 13229, 100
2026/09/29 09:28:12.180, 4, 13009, 100
2026/09/29 09:28:12.180, 5, 13111, 100
2026/09/29 09:28:12.180, 6, 13229, 100
2026/09/29 09:28:12.180, 7, 13049, 100
2026/09/29 09:28:13.180, 0, 13271, 100
2026/09/29 09:28:13.180, 1, 13071, 100
2026/09/29 09:28:13.180, 2, 13233, 100
2026/09/29 09:28:13.180, 3, 13229, 100
2026/09/29 09:28:13.180, 4, 13009, 100
2026/09/29 09:28:13.180, 5, 13111, 100
2026/09/29 09:28:13.180, 6, 13229, 100
2026/09/29 09:28:13.180, 7, 13049, 100
2026/09/29 09:28:14.181, 0, 13271, 100
2026/09/29 09:28:14.181, 1, 13071, 100
2026/09/29 09:28:14.181, 2, 13233, 100
2026/09/29 09:28:14.181, 3, 13229, 100
2026/09/29 09:28:14.181, 4, 13009, 100
2026/09/29 09:28:14.181, 5, 13111, 100
2026/09/29 09:28:14.181, 6, 13229, 100
2026/09/29 09:28:14.181, 7, 13049, 100
2026/09/29 09:28:15.181, 0, 13271, 100
2026/09/29 09:28:15.181, 1, 13071, 100
2026/09/29 09:28:15.181, 2, 13233, 100
2026/09/29 09:28:15.181, 3, 13229, 100
2026/09/29 09:28:15.181, 4, 13009, 100
2026/09/29 09:28:15.181, 5, 13111, 100
2026/09/29 09:28:15.181, 6, 13229, 100
2026/09/29 09:28:15.182, 7, 13049, 100
2026/09/29 09:28:16.182, 0, 13271, 100
2026/09/29 09:28:16.182, 1, 13071, 100
2026/09/29 09:28:16.182, 2, 13233, 100
2026/09/29 09:28:16.182, 3, 13229, 100
2026/09/29 09:28:16.182, 4, 13009, 100
2026/09/29 09:28:16.182, 5, 13111, 100
2026/09/29 09:28:16.182, 6, 13229, 100
2026/09/29 09:28:16.182, 7, 13049, 100
2026/09/29 09:28:17.182, 0, 13271, 100
2026/09/29 09:28:17.182, 1, 13071, 100
2026/09/29 09:28:17.182, 2, 13233, 100
2026/09/29 09:28:17.183, 3, 13229, 100
2026/09/29 09:28:17.183, 4, 13009, 100
2026/09/29 09:28:17.183, 5, 13111, 100
2026/09/29 09:28:17.183, 6, 13229, 100
2026/09/29 09:28:17.183, 7, 13049, 100
2026/09/29 09:28:18.183, 0, 13271, 100
2026/09/29 09:28:18.183, 1, 13071, 100
2026/09/29 09:28:18.183, 2, 13233, 100
2026/09/29 09:28:18.183, 3, 13229, 100
2026/09/29 09:28:18.183, 4, 13009, 100
2026/09/29 09:28:18.183, 5, 13111, 100
2026/09/29 09:28:18.183, 6, 13229, 100
2026/09/29 09:28:18.183, 7, 13049, 100
2026/09/29 09:28:19.183, 0, 13271, 100
2026/09/29 09:28:19.183, 1, 13071, 100
2026/09/29 09:28:19.184, 2, 13233, 100
2026/09/29 09:28:19.184, 3, 13229, 100
2026/09/29 09:28:19.184, 4, 13009, 100
2026/09/29 09:28:19.184, 5, 13111, 100
2026/09/29 09:28:19.184, 6, 13229, 100
2026/09/29 09:28:19.184, 7, 13049, 100
2026/09/29 09:28:20.184, 0, 13271, 100
2026/09/29 09:28:20.184, 1, 13071, 100
2026/09/29 09:28:20.184, 2, 13233, 100
2026/09/29 09:28:20.184, 3, 13229, 100
2026/09/29 09:28:20.184, 4, 13009, 100
2026/09/29 09:28:20.184, 5, 13111, 100
2026/09/29 09:28:20.184, 6, 13229, 100
2026/09/29 09:28:20.185, 7, 13049, 100
2026/09/29 09:28:21.185, 0, 13271, 100
2026/09/29 09:28:21.185, 1, 13071, 100
2026/09/29 09:28:21.185, 2, 13233, 100
2026/09/29 09:28:21.185, 3, 13229, 100
2026/09/29 09:28:21.185, 4, 13009, 100
2026/09/29 09:28:21.185, 5, 13111, 100
2026/09/29 09:28:21.185, 6, 13229, 100
2026/09/29 09:28:21.185, 7, 13049, 100
2026/09/29 09:28:22.186, 0, 13271, 100
2026/09/29 09:28:22.186, 1, 13071, 100
2026/09/29 09:28:22.186, 2, 13233, 100
2026/09/29 09:28:22.186, 3, 13229, 100
2026/09/29 09:28:22.186, 4, 13009, 100
2026/09/29 09:28:22.186, 5, 13111, 100
2026/09/29 09:28:22.186, 6, 13229, 100
2026/09/29 09:28:22.186, 7, 13049, 100
2026/09/29 09:28:23.186, 0, 13271, 100
2026/09/29 09:28:23.186, 1, 13071, 100
2026/09/29 09:28:23.186, 2, 13233, 100
2026/09/29 09:28:23.186, 3, 13229, 100
2026/09/29 09:28:23.186, 4, 13009, 100
2026/09/29 09:28:23.187, 5, 13111, 100
2026/09/29 09:28:23.187, 6, 13229, 100
2026/09/29 09:28:23.187, 7, 13049, 100
2026/09/29 09:28:24.187, 0, 13271, 100
2026/09/29 09:28:24.187, 1, 13071, 100
2026/09/29 09:28:24.187, 2, 13233, 100
2026/09/29 09:28:24.187, 3, 13229, 100
2026/09/29 09:28:24.187, 4, 13009, 100
2026/09/29 09:28:24.187, 5, 13111, 100
2026/09/29 09:28:24.187, 6, 13229, 100
2026/09/29 09:28:24.187, 7, 13049, 100
2026/09/29 09:28:25.187, 0, 13271, 100
2026/09/29 09:28:25.187, 1, 13071, 100
2026/09/29 09:28:25.188, 2, 13233, 100
2026/09/29 09:28:25.188, 3, 13229, 100
2026/09/29 09:28:25.188, 4, 13009, 100
2026/09/29 09:28:25.188, 5, 13111, 100
2026/09/29 09:28:25.188, 6, 13229, 100
2026/09/29 09:28:25.188, 7, 13049, 100
2026/09/29 09:28:26.188, 0, 13271, 100
2026/09/29 09:28:26.188, 1, 13071, 100
2026/09/29 09:28:26.188, 2, 13233, 100
2026/09/29 09:28:26.188, 3, 13229, 100
2026/09/29 09:28:26.188, 4, 13009, 100
2026/09/29 09:28:26.188, 5, 13111, 100
2026/09/29 09:28:26.188, 6, 13229, 100
2026/09/29 09:28:26.188, 7, 13049, 100
2026/09/29 09:28:27.189, 0, 13271, 100
2026/09/29 09:28:27.189, 1, 13071, 100
2026/09/29 09:28:27.189, 2, 13233, 100
2026/09/29 09:28:27.189, 3, 13229, 100
2026/09/29 09:28:27.189, 4, 13009, 100
2026/09/29 09:28:27.189, 5, 13111, 100
2026/09/29 09:28:27.189, 6, 13229, 100
2026/09/29 09:28:27.189, 7, 13049, 100
2026/09/29 09:28:28.189, 0, 13271, 100
2026/09/29 09:28:28.189, 1, 13071, 100
2026/09/29 09:28:28.189, 2, 13233, 100
2026/09/29 09:28:28.189, 3, 13229, 100
2026/09/29 09:28:28.189, 4, 13009, 100
2026/09/29 09:28:28.189, 5, 13111, 100
2026/09/29 09:28:28.189, 6, 13229, 100
2026/09/29 09:28:28.190, 7, 13049, 100
2026/09/29 09:28:29.190, 0, 13271, 100
2026/09/29 09:28:29.190, 1, 13071, 100
2026/09/29 09:28:29.190, 2, 13233, 100
2026/09/29 09:28:29.190, 3, 13229, 100
2026/09/29 09:28:29.190, 4, 13009, 100
2026/09/29 09:28:29.190, 5, 13111, 100
2026/09/29 09:28:29.190, 6, 13229, 100
2026/09/29 09:28:29.190, 7, 13049, 100
2026/09/29 09:28:30.190, 0, 13271, 100
2026/09/29 09:28:30.190, 1, 13071, 100
2026/09/29 09:28:30.191, 2, 13233, 100
2026/09/29 09:28:30.191, 3, 13229, 100
2026/09/29 09:28:30.191, 4, 13009, 100
2026/09/29 09:28:30.191, 5, 13111, 100
2026/09/29 09:28:30.191, 6, 13229, 100
2026/09/29 09:28:30.191, 7, 13049, 100
2026/09/29 09:28:31.191, 0, 13271, 100
2026/09/29 09:28:31.191, 1, 13071, 100
2026/09/29 09:28:31.191, 2, 13233, 100
2026/09/29 09:28:31.191, 3, 13229, 100
2026/09/29 09:28:31.191, 4, 13009, 100
2026/09/29 09:28:31.191, 5, 13111, 100
2026/09/29 09:28:31.191, 6, 13229, 100
2026/09/29 09:28:31.191, 7, 13049, 100
2026/09/29 09:28:32.191, 0, 13271, 100
2026/09/29 09:28:32.191, 1, 13071, 100
2026/09/29 09:28:32.192, 2, 13233, 100
2026/09/29 09:28:32.192, 3, 13229, 100
2026/09/29 09:28:32.192, 4, 13009, 100
2026/09/29 09:28:32.192, 5, 13111, 100
2026/09/29 09:28:32.192, 6, 13229, 100
2026/09/29 09:28:32.192, 7, 13049, 100
2026/09/29 09:28:33.192, 0, 13271, 100
2026/09/29 09:28:33.192, 1, 13071, 100
2026/09/29 09:28:33.192, 2, 13233, 100
2026/09/29 09:28:33.192, 3, 13229, 100
2026/09/29 09:28:33.192, 4, 13009, 100
2026/09/29 09:28:33.192, 5, 13111, 100
2026/09/29 09:28:33.192, 6, 13229, 100
2026/09/29 09:28:33.192, 7, 13049, 100
2026/09/29 09:28:34.192, 0, 13271, 100
2026/09/29 09:28:34.192, 1, 13071, 100
2026/09/29 09:28:34.192, 2, 13233, 100
2026/09/29 09:28:34.192, 3, 13229, 100
2026/09/29 09:28:34.192, 4, 13009, 100
2026/09/29 09:28:34.192, 5, 13111, 100
2026/09/29 09:28:34.192, 6, 13229, 100
2026/09/29 09:28:34.193, 7, 13049, 100
2026/09/29 09:28:35.193, 0, 13271, 100
2026/09/29 09:28:35.193, 1, 13071, 100
2026/09/29 09:28:35.193, 2, 13233, 100
2026/09/29 09:28:35.193, 3, 13229, 100
2026/09/29 09:28:35.193, 4, 13009, 100
2026/09/29 09:28:35.193, 5, 13111, 100
2026/09/29 09:28:35.193, 6, 13229, 100
2026/09/29 09:28:35.193, 7, 13049, 100
2026/09/29 09:28:36.193, 0, 13271, 100
2026/09/29 09:28:36.193, 1, 13071, 100
2026/09/29 09:28:36.193, 2, 13233, 100
2026/09/29 09:28:36.193, 3, 13229, 100
2026/09/29 09:28:36.193, 4, 13009, 100
2026/09/29 09:28:36.193, 5, 13111, 100
2026/09/29 09:28:36.194, 6, 13229, 100
2026/09/29 09:28:36.194, 7, 13049, 100
2026/09/29 09:28:37.194, 0, 13271, 100
2026/09/29 09:28:37.194, 1, 13071, 100
2026/09/29 09:28:37.194, 2, 13233, 100
2026/09/29 09:28:37.194, 3, 13229, 100
2026/09/29 09:28:37.194, 4, 13009, 100
2026/09/29 09:28:37.194, 5, 13111, 100
2026/09/29 09:28:37.194, 6, 13229, 100
2026/09/29 09:28:37.194, 7, 13049, 100
2026/09/29 09:28:38.194, 0, 13271, 100
2026/09/29 09:28:38.195, 1, 13071, 100
2026/09/29 09:28:38.195, 2, 13233, 100
2026/09/29 09:28:38.195, 3, 13229, 100
2026/09/29 09:28:38.195, 4, 13009, 100
2026/09/29 09:28:38.195, 5, 13111, 100
2026/09/29 09:28:38.195, 6, 13229, 100
2026/09/29 09:28:38.195, 7, 13049, 100
2026/09/29 09:28:39.195, 0, 13271, 100
2026/09/29 09:28:39.195, 1, 13071, 100
2026/09/29 09:28:39.195, 2, 13233, 100
2026/09/29 09:28:39.195, 3, 13229, 100
2026/09/29 09:28:39.195, 4, 13009, 100
2026/09/29 09:28:39.195, 5, 13111, 100
2026/09/29 09:28:39.195, 6, 13229, 100
2026/09/29 09:28:39.195, 7, 13049, 100
2026/09/29 09:28:40.196, 0, 13271, 100
2026/09/29 09:28:40.196, 1, 13071, 100
2026/09/29 09:28:40.196, 2, 13233, 100
2026/09/29 09:28:40.196, 3, 13229, 100
2026/09/29 09:28:40.196, 4, 13009, 100
2026/09/29 09:28:40.196, 5, 13111, 100
2026/09/29 09:28:40.196, 6, 13229, 100
2026/09/29 09:28:40.196, 7, 13049, 100
2026/09/29 09:28:41.196, 0, 13271, 100
2026/09/29 09:28:41.197, 1, 13071, 100
2026/09/29 09:28:41.197, 2, 13233, 100
2026/09/29 09:28:41.197, 3, 13229, 100
2026/09/29 09:28:41.197, 4, 13009, 100
2026/09/29 09:28:41.197, 5, 13111, 100
2026/09/29 09:28:41.197, 6, 13229, 100
2026/09/29 09:28:41.197, 7, 13049, 100
2026/09/29 09:28:42.197, 0, 13271, 100
2026/09/29 09:28:42.197, 1, 13071, 100
2026/09/29 09:28:42.197, 2, 13233, 100
2026/09/29 09:28:42.197, 3, 13229, 100
2026/09/29 09:28:42.197, 4, 13009, 100
2026/09/29 09:28:42.197, 5, 13111, 100
2026/09/29 09:28:42.197, 6, 13229, 100
2026/09/29 09:28:42.197, 7, 13049, 100
2026/09/29 09:28:43.198, 0, 13271, 100
2026/09/29 09:28:43.198, 1, 13071, 100
2026/09/29 09:28:43.198, 2, 13233, 100
2026/09/29 09:28:43.198, 3, 13229, 100
2026/09/29 09:28:43.198, 4, 13009, 100
2026/09/29 09:28:43.198, 5, 13111, 100
2026/09/29 09:28:43.198, 6, 13229, 100
2026/09/29 09:28:43.198, 7, 13049, 100
2026/09/29 09:28:44.198, 0, 13271, 100
2026/09/29 09:28:44.199, 1, 13071, 100
2026/09/29 09:28:44.199, 2, 13233, 100
2026/09/29 09:28:44.199, 3, 13229, 100
2026/09/29 09:28:44.199, 4, 13009, 100
2026/09/29 09:28:44.199, 5, 13111, 100
2026/09/29 09:28:44.199, 6, 13229, 100
2026/09/29 09:28:44.199, 7, 13049, 100
2026/09/29 09:28:45.200, 0, 13271, 100
2026/09/29 09:28:45.200, 1, 13071, 100
2026/09/29 09:28:45.200, 2, 13233, 100
2026/09/29 09:28:45.200, 3, 13229, 100
2026/09/29 09:28:45.200, 4, 13009, 100
2026/09/29 09:28:45.200, 5, 13111, 100
2026/09/29 09:28:45.200, 6, 13229, 100
2026/09/29 09:28:45.200, 7, 13049, 100
2026/09/29 09:28:46.200, 0, 13271, 100
2026/09/29 09:28:46.200, 1, 13071, 100
2026/09/29 09:28:46.200, 2, 13233, 100
2026/09/29 09:28:46.200, 3, 13229, 100
2026/09/29 09:28:46.200, 4, 13009, 100
2026/09/29 09:28:46.200, 5, 13111, 100
2026/09/29 09:28:46.201, 6, 13229, 100
2026/09/29 09:28:46.201, 7, 13049, 100
2026/09/29 09:28:47.201, 0, 13271, 100
2026/09/29 09:28:47.201, 1, 13071, 100
2026/09/29 09:28:47.201, 2, 13233, 100
2026/09/29 09:28:47.201, 3, 13229, 100
2026/09/29 09:28:47.201, 4, 13009, 100
2026/09/29 09:28:47.201, 5, 13111, 100
2026/09/29 09:28:47.201, 6, 13229, 100
2026/09/29 09:28:47.201, 7, 13049, 100
2026/09/29 09:28:48.201, 0, 13271, 100
2026/09/29 09:28:48.201, 1, 13071, 100
2026/09/29 09:28:48.201, 2, 13233, 100
2026/09/29 09:28:48.202, 3, 13229, 100
2026/09/29 09:28:48.202, 4, 13009, 100
2026/09/29 09:28:48.202, 5, 13111, 100
2026/09/29 09:28:48.202, 6, 13229, 100
2026/09/29 09:28:48.202, 7, 13049, 100
2026/09/29 09:28:49.202, 0, 13271, 100
2026/09/29 09:28:49.203, 1, 13071, 100
2026/09/29 09:28:49.203, 2, 13233, 100
2026/09/29 09:28:49.203, 3, 13229, 100
2026/09/29 09:28:49.203, 4, 13009, 100
2026/09/29 09:28:49.203, 5, 13111, 100
2026/09/29 09:28:49.203, 6, 13229, 100
2026/09/29 09:28:49.203, 7, 13049, 100
2026/09/29 09:28:50.203, 0, 13271, 100
2026/09/29 09:28:50.203, 1, 13071, 100
2026/09/29 09:28:50.203, 2, 13233, 100
2026/09/29 09:28:50.203, 3, 13229, 100
2026/09/29 09:28:50.203, 4, 13009, 100
2026/09/29 09:28:50.203, 5, 13111, 100
2026/09/29 09:28:50.203, 6, 13229, 100
2026/09/29 09:28:50.203, 7, 13049, 100
2026/09/29 09:28:51.203, 0, 13271, 100
2026/09/29 09:28:51.206, 1, 13071, 100
2026/09/29 09:28:51.208, 2, 13233, 100
2026/09/29 09:28:51.209, 3, 13229, 100
2026/09/29 09:28:51.209, 4, 13009, 100
2026/09/29 09:28:51.209, 5, 13111, 100
2026/09/29 09:28:51.209, 6, 13229, 100
2026/09/29 09:28:51.209, 7, 13049, 100
2026/09/29 09:28:52.209, 0, 13271, 100
2026/09/29 09:28:52.209, 1, 13071, 100
2026/09/29 09:28:52.209, 2, 13233, 100
2026/09/29 09:28:52.209, 3, 13229, 100
2026/09/29 09:28:52.209, 4, 13009, 100
2026/09/29 09:28:52.209, 5, 13111, 100
2026/09/29 09:28:52.209, 6, 13229, 100
2026/09/29 09:28:52.209, 7, 13049, 100
2026/09/29 09:28:53.210, 0, 13271, 100
2026/09/29 09:28:53.210, 1, 13071, 100
2026/09/29 09:28:53.210, 2, 13233, 100
2026/09/29 09:28:53.210, 3, 13229, 100
2026/09/29 09:28:53.210, 4, 13009, 100
2026/09/29 09:28:53.210, 5, 13111, 100
2026/09/29 09:28:53.210, 6, 13229, 100
2026/09/29 09:28:53.210, 7, 13049, 100
2026/09/29 09:28:54.210, 0, 13271, 100
2026/09/29 09:28:54.210, 1, 13071, 100
2026/09/29 09:28:54.210, 2, 13233, 100
2026/09/29 09:28:54.210, 3, 13229, 100
2026/09/29 09:28:54.210, 4, 13009, 100
2026/09/29 09:28:54.210, 5, 13111, 100
2026/09/29 09:28:54.211, 6, 13229, 100
2026/09/29 09:28:54.211, 7, 13049, 100
2026/09/29 09:28:55.211, 0, 13271, 100
2026/09/29 09:28:55.211, 1, 13071, 100
2026/09/29 09:28:55.211, 2, 13233, 100
2026/09/29 09:28:55.211, 3, 13229, 100
2026/09/29 09:28:55.211, 4, 13009, 100
2026/09/29 09:28:55.211, 5, 13111, 100
2026/09/29 09:28:55.211, 6, 13229, 100
2026/09/29 09:28:55.211, 7, 13049, 100
2026/09/29 09:28:56.211, 0, 13271, 100
2026/09/29 09:28:56.211, 1, 13071, 100
2026/09/29 09:28:56.211, 2, 13233, 100
2026/09/29 09:28:56.211, 3, 13229, 100
2026/09/29 09:28:56.211, 4, 13009, 100
2026/09/29 09:28:56.211, 5, 13111, 100
2026/09/29 09:28:56.211, 6, 13229, 100
2026/09/29 09:28:56.211, 7, 13049, 100
2026/09/29 09:28:57.211, 0, 13271, 100
2026/09/29 09:28:57.212, 1, 13071, 100
2026/09/29 09:28:57.212, 2, 13233, 100
2026/09/29 09:28:57.212, 3, 13229, 100
2026/09/29 09:28:57.212, 4, 13009, 100
2026/09/29 09:28:57.212, 5, 13111, 100
2026/09/29 09:28:57.212, 6, 13229, 100
2026/09/29 09:28:57.212, 7, 13049, 100
2026/09/29 09:28:58.212, 0, 13271, 100
2026/09/29 09:28:58.212, 1, 13071, 100
2026/09/29 09:28:58.212, 2, 13233, 100
2026/09/29 09:28:58.212, 3, 13229, 100
2026/09/29 09:28:58.212, 4, 13009, 100
2026/09/29 09:28:58.212, 5, 13111, 100
2026/09/29 09:28:58.212, 6, 13229, 100
2026/09/29 09:28:58.212, 7, 13049, 100
2026/09/29 09:28:59.213, 0, 13271, 100
2026/09/29 09:28:59.213, 1, 13071, 100
2026/09/29 09:28:59.213, 2, 13233, 100
2026/09/29 09:28:59.213, 3, 13229, 100
2026/09/29 09:28:59.213, 4, 13009, 100
2026/09/29 09:28:59.213, 5, 13111, 100
2026/09/29 09:28:59.213, 6, 13229, 100
2026/09/29 09:28:59.213, 7, 13049, 100
2026/09/29 09:29:00.213, 0, 13271, 100
2026/09/29 09:29:00.213, 1, 13071, 100
2026/09/29 09:29:00.213, 2, 13233, 100
2026/09/29 09:29:00.213, 3, 13229, 100
2026/09/29 09:29:00.214, 4, 13009, 100
2026/09/29 09:29:00.214, 5, 13111, 100
2026/09/29 09:29:00.214, 6, 13229, 100
2026/09/29 09:29:00.214, 7, 13049, 100
2026/09/29 09:29:01.214, 0, 13271, 100
2026/09/29 09:29:01.214, 1, 13071, 100
2026/09/29 09:29:01.214, 2, 13233, 100
2026/09/29 09:29:01.214, 3, 13229, 100
2026/09/29 09:29:01.214, 4, 13009, 100
2026/09/29 09:29:01.214, 5, 13111, 100
2026/09/29 09:29:01.214, 6, 13229, 100
2026/09/29 09:29:01.214, 7, 13049, 100
2026/09/29 09:29:02.215, 0, 13271, 100
2026/09/29 09:29:02.215, 1, 13071, 100
2026/09/29 09:29:02.215, 2, 13233, 100
2026/09/29 09:29:02.215, 3, 13229, 100
2026/09/29 09:29:02.215, 4, 13009, 100
2026/09/29 09:29:02.215, 5, 13111, 100
2026/09/29 09:29:02.215, 6, 13229, 100
2026/09/29 09:29:02.215, 7, 13049, 100
2026/09/29 09:29:03.215, 0, 13271, 100
2026/09/29 09:29:03.215, 1, 13071, 100
2026/09/29 09:29:03.215, 2, 13233, 100
2026/09/29 09:29:03.215, 3, 13229, 100
2026/09/29 09:29:03.215, 4, 13009, 100
2026/09/29 09:29:03.215, 5, 13111, 100
2026/09/29 09:29:03.215, 6, 13229, 100
2026/09/29 09:29:03.215, 7, 13049, 100
2026/09/29 09:29:04.216, 0, 13271, 100
2026/09/29 09:29:04.216, 1, 13071, 100
2026/09/29 09:29:04.216, 2, 13233, 100
2026/09/29 09:29:04.216, 3, 13229, 100
2026/09/29 09:29:04.216, 4, 13009, 100
2026/09/29 09:29:04.216, 5, 13111, 100
2026/09/29 09:29:04.216, 6, 13229, 100
2026/09/29 09:29:04.216, 7, 13049, 100
2026/09/29 09:29:05.216, 0, 13271, 100
2026/09/29 09:29:05.216, 1, 13071, 100
2026/09/29 09:29:05.216, 2, 13233, 100
2026/09/29 09:29:05.216, 3, 13229, 100
2026/09/29 09:29:05.216, 4, 13009, 100
2026/09/29 09:29:05.216, 5, 13111, 100
2026/09/29 09:29:05.216, 6, 13229, 100
2026/09/29 09:29:05.216, 7, 13049, 100
2026/09/29 09:29:06.217, 0, 13271, 100
2026/09/29 09:29:06.217, 1, 13071, 100
2026/09/29 09:29:06.217, 2, 13233, 100
2026/09/29 09:29:06.217, 3, 13229, 100
2026/09/29 09:29:06.217, 4, 13009, 100
2026/09/29 09:29:06.217, 5, 13111, 100
2026/09/29 09:29:06.217, 6, 13229, 100
2026/09/29 09:29:06.217, 7, 13049, 100
2026/09/29 09:29:07.217, 0, 13271, 100
2026/09/29 09:29:07.217, 1, 13071, 100
2026/09/29 09:29:07.217, 2, 13233, 100
2026/09/29 09:29:07.217, 3, 13229, 100
2026/09/29 09:29:07.217, 4, 13009, 100
2026/09/29 09:29:07.217, 5, 13111, 100
2026/09/29 09:29:07.218, 6, 13229, 100
2026/09/29 09:29:07.218, 7, 13049, 100
2026/09/29 09:29:08.218, 0, 13271, 100
2026/09/29 09:29:08.218, 1, 13071, 100
2026/09/29 09:29:08.218, 2, 13233, 100
2026/09/29 09:29:08.218, 3, 13229, 100
2026/09/29 09:29:08.218, 4, 13009, 100
2026/09/29 09:29:08.218, 5, 13111, 100
2026/09/29 09:29:08.218, 6, 13229, 100
2026/09/29 09:29:08.218, 7, 13049, 100
2026/09/29 09:29:09.218, 0, 13271, 100
2026/09/29 09:29:09.218, 1, 13071, 100
2026/09/29 09:29:09.218, 2, 13233, 100
2026/09/29 09:29:09.219, 3, 13229, 100
2026/09/29 09:29:09.219, 4, 13009, 100
2026/09/29 09:29:09.219, 5, 13111, 100
2026/09/29 09:29:09.219, 6, 13229, 100
2026/09/29 09:29:09.219, 7, 13049, 100
2026/09/29 09:29:10.219, 0, 13271, 100
2026/09/29 09:29:10.219, 1, 13071, 100
2026/09/29 09:29:10.219, 2, 13233, 100
2026/09/29 09:29:10.219, 3, 13229, 100
2026/09/29 09:29:10.219, 4, 13009, 100
2026/09/29 09:29:10.219, 5, 13111, 100
2026/09/29 09:29:10.219, 6, 13229, 100
2026/09/29 09:29:10.219, 7, 13049, 100
2026/09/29 09:29:11.220, 0, 13271, 100
2026/09/29 09:29:11.220, 1, 13071, 100
2026/09/29 09:29:11.220, 2, 13233, 100
2026/09/29 09:29:11.220, 3, 13229, 100
2026/09/29 09:29:11.220, 4, 13009, 100
2026/09/29 09:29:11.220, 5, 13111, 100
2026/09/29 09:29:11.220, 6, 13229, 100
2026/09/29 09:29:11.220, 7, 13049, 100
2026/09/29 09:29:12.220, 0, 13271, 100
2026/09/29 09:29:12.220, 1, 13071, 100
2026/09/29 09:29:12.220, 2, 13233, 100
2026/09/29 09:29:12.220, 3, 13229, 100
2026/09/29 09:29:12.220, 4, 13009, 100
2026/09/29 09:29:12.220, 5, 13111, 100
2026/09/29 09:29:12.221, 6, 13229, 100
2026/09/29 09:29:12.221, 7, 13049, 100
2026/09/29 09:29:13.221, 0, 13271, 100
2026/09/29 09:29:13.221, 1, 13071, 100
2026/09/29 09:29:13.221, 2, 13233, 100
2026/09/29 09:29:13.221, 3, 13229, 100
2026/09/29 09:29:13.221, 4, 13009, 100
2026/09/29 09:29:13.221, 5, 13111, 100
2026/09/29 09:29:13.221, 6, 13229, 100
2026/09/29 09:29:13.221, 7, 13049, 100
2026/09/29 09:29:14.221, 0, 13271, 100
2026/09/29 09:29:14.221, 1, 13071, 100
2026/09/29 09:29:14.222, 2, 13233, 100
2026/09/29 09:29:14.222, 3, 13229, 100
2026/09/29 09:29:14.222, 4, 13009, 100
2026/09/29 09:29:14.222, 5, 13111, 100
2026/09/29 09:29:14.222, 6, 13229, 100
2026/09/29 09:29:14.222, 7, 13049, 100
2026/09/29 09:29:15.222, 0, 13271, 100
2026/09/29 09:29:15.223, 1, 13071, 100
2026/09/29 09:29:15.223, 2, 13233, 100
2026/09/29 09:29:15.223, 3, 13229, 100
2026/09/29 09:29:15.223, 4, 13009, 100
2026/09/29 09:29:15.223, 5, 13111, 100
2026/09/29 09:29:15.223, 6, 13229, 100
2026/09/29 09:29:15.223, 7, 13049, 100
2026/09/29 09:29:16.223, 0, 13271, 100
2026/09/29 09:29:16.223, 1, 13071, 100
2026/09/29 09:29:16.223, 2, 13233, 100
2026/09/29 09:29:16.223, 3, 13229, 100
2026/09/29 09:29:16.223, 4, 13009, 100
2026/09/29 09:29:16.223, 5, 13111, 100
2026/09/29 09:29:16.223, 6, 13229, 100
2026/09/29 09:29:16.223, 7, 13049, 100
2026/09/29 09:29:17.223, 0, 13271, 100
2026/09/29 09:29:17.223, 1, 13071, 100
2026/09/29 09:29:17.224, 2, 13233, 100
2026/09/29 09:29:17.224, 3, 13229, 100
2026/09/29 09:29:17.224, 4, 13009, 100
2026/09/29 09:29:17.224, 5, 13111, 100
2026/09/29 09:29:17.224, 6, 13229, 100
2026/09/29 09:29:17.224, 7, 13049, 100
2026/09/29 09:29:18.224, 0, 13271, 100
2026/09/29 09:29:18.224, 1, 13071, 100
2026/09/29 09:29:18.224, 2, 13233, 100
2026/09/29 09:29:18.224, 3, 13229, 100
2026/09/29 09:29:18.224, 4, 13009, 100
2026/09/29 09:29:18.224, 5, 13111, 100
2026/09/29 09:29:18.224, 6, 13229, 100
2026/09/29 09:29:18.224, 7, 13049, 100
2026/09/29 09:29:19.225, 0, 13271, 100
2026/09/29 09:29:19.225, 1, 13071, 100
2026/09/29 09:29:19.225, 2, 13233, 100
2026/09/29 09:29:19.225, 3, 13229, 100
2026/09/29 09:29:19.225, 4, 13009, 100
2026/09/29 09:29:19.225, 5, 13111, 100
2026/09/29 09:29:19.225, 6, 13229, 100
2026/09/29 09:29:19.225, 7, 13049, 100
2026/09/29 09:29:20.226, 0, 13271, 100
2026/09/29 09:29:20.226, 1, 13071, 100
2026/09/29 09:29:20.226, 2, 13233, 100
2026/09/29 09:29:20.226, 3, 13229, 100
2026/09/29 09:29:20.226, 4, 13009, 100
2026/09/29 09:29:20.226, 5, 13111, 100
2026/09/29 09:29:20.226, 6, 13229, 100
2026/09/29 09:29:20.226, 7, 13049, 100
2026/09/29 09:29:21.226, 0, 13271, 100
2026/09/29 09:29:21.226, 1, 13071, 100
2026/09/29 09:29:21.226, 2, 13233, 100
2026/09/29 09:29:21.227, 3, 13229, 100
2026/09/29 09:29:21.229, 4, 13009, 100
2026/09/29 09:29:21.231, 5, 13111, 100
2026/09/29 09:29:21.233, 6, 13229, 100
2026/09/29 09:29:21.234, 7, 13049, 100
2026/09/29 09:29:22.237, 0, 13271, 100
2026/09/29 09:29:22.237, 1, 13071, 100
2026/09/29 09:29:22.237, 2, 13233, 100
2026/09/29 09:29:22.237, 3, 13229, 100
2026/09/29 09:29:22.237, 4, 13009, 100
2026/09/29 09:29:22.237, 5, 13111, 100
2026/09/29 09:29:22.238, 6, 13229, 100
2026/09/29 09:29:22.238, 7, 13049, 100
2026/09/29 09:29:23.238, 0, 13271, 100
2026/09/29 09:29:23.238, 1, 13071, 100
2026/09/29 09:29:23.238, 2, 13233, 100
2026/09/29 09:29:23.238, 3, 13229, 100
2026/09/29 09:29:23.238, 4, 13009, 100
2026/09/29 09:29:23.238, 5, 13111, 100
2026/09/29 09:29:23.238, 6, 13229, 100
2026/09/29 09:29:23.238, 7, 13049, 100
2026/09/29 09:29:24.238, 0, 13271, 100
2026/09/29 09:29:24.239, 1, 13071, 100
2026/09/29 09:29:24.239, 2, 13233, 100
2026/09/29 09:29:24.239, 3, 13229, 100
2026/09/29 09:29:24.239, 4, 13009, 100
2026/09/29 09:29:24.239, 5, 13111, 100
2026/09/29 09:29:24.239, 6, 13229, 100
2026/09/29 09:29:24.239, 7, 13049, 100
2026/09/29 09:29:25.239, 0, 13271, 100
2026/09/29 09:29:25.239, 1, 13071, 100
2026/09/29 09:29:25.239, 2, 13233, 100
2026/09/29 09:29:25.239, 3, 13229, 100
2026/09/29 09:29:25.239, 4, 13009, 100
2026/09/29 09:29:25.239, 5, 13111, 100
2026/09/29 09:29:25.239, 6, 13229, 100
2026/09/29 09:29:25.240, 7, 13049, 100
2026/09/29 09:29:26.240, 0, 13271, 100
2026/09/29 09:29:26.240, 1, 13071, 100
2026/09/29 09:29:26.240, 2, 13233, 100
2026/09/29 09:29:26.240, 3, 13229, 100
2026/09/29 09:29:26.240, 4, 13009, 100
2026/09/29 09:29:26.240, 5, 13111, 100
2026/09/29 09:29:26.240, 6, 13229, 100
2026/09/29 09:29:26.240, 7, 13049, 100
2026/09/29 09:29:27.240, 0, 13271, 100
2026/09/29 09:29:27.240, 1, 13071, 100
2026/09/29 09:29:27.240, 2, 13233, 100
2026/09/29 09:29:27.240, 3, 13229, 100
2026/09/29 09:29:27.241, 4, 13009, 100
2026/09/29 09:29:27.241, 5, 13111, 100
2026/09/29 09:29:27.241, 6, 13229, 100
2026/09/29 09:29:27.241, 7, 13049, 100
2026/09/29 09:29:28.241, 0, 13271, 100
2026/09/29 09:29:28.241, 1, 13071, 100
2026/09/29 09:29:28.241, 2, 13233, 100
2026/09/29 09:29:28.241, 3, 13229, 100
2026/09/29 09:29:28.241, 4, 13009, 100
2026/09/29 09:29:28.241, 5, 13111, 100
2026/09/29 09:29:28.241, 6, 13229, 100
2026/09/29 09:29:28.241, 7, 13049, 100
2026/09/29 09:29:29.241, 0, 13271, 100
2026/09/29 09:29:29.241, 1, 13071, 100
2026/09/29 09:29:29.241, 2, 13233, 100
2026/09/29 09:29:29.241, 3, 13229, 100
2026/09/29 09:29:29.242, 4, 13009, 100
2026/09/29 09:29:29.242, 5, 13111, 100
2026/09/29 09:29:29.242, 6, 13229, 100
2026/09/29 09:29:29.242, 7, 13049, 100
2026/09/29 09:29:30.242, 0, 13271, 100
2026/09/29 09:29:30.242, 1, 13071, 100
2026/09/29 09:29:30.242, 2, 13233, 100
2026/09/29 09:29:30.242, 3, 13229, 100
2026/09/29 09:29:30.242, 4, 13009, 100
2026/09/29 09:29:30.242, 5, 13111, 100
2026/09/29 09:29:30.242, 6, 13229, 100
2026/09/29 09:29:30.242, 7, 13049, 100
2026/09/29 09:29:31.243, 0, 13271, 100
2026/09/29 09:29:31.243, 1, 13071, 100
2026/09/29 09:29:31.243, 2, 13233, 100
2026/09/29 09:29:31.243, 3, 13229, 100
2026/09/29 09:29:31.243, 4, 13009, 100
2026/09/29 09:29:31.243, 5, 13111, 100
2026/09/29 09:29:31.243, 6, 13229, 100
2026/09/29 09:29:31.243, 7, 13049, 100
2026/09/29 09:29:32.243, 0, 13271, 100
2026/09/29 09:29:32.243, 1, 13071, 100
2026/09/29 09:29:32.243, 2, 13233, 100
2026/09/29 09:29:32.243, 3, 13229, 100
2026/09/29 09:29:32.243, 4, 13009, 100
2026/09/29 09:29:32.243, 5, 13111, 100
2026/09/29 09:29:32.244, 6, 13229, 100
2026/09/29 09:29:32.244, 7, 13049, 100
2026/09/29 09:29:33.244, 0, 13271, 100
2026/09/29 09:29:33.244, 1, 13071, 100
2026/09/29 09:29:33.244, 2, 13233, 100
2026/09/29 09:29:33.244, 3, 13229, 100
2026/09/29 09:29:33.244, 4, 13009, 100
2026/09/29 09:29:33.244, 5, 13111, 100
2026/09/29 09:29:33.244, 6, 13229, 100
2026/09/29 09:29:33.244, 7, 13049, 100
2026/09/29 09:29:34.244, 0, 13271, 100
2026/09/29 09:29:34.244, 1, 13071, 100
2026/09/29 09:29:34.245, 2, 13233, 100
2026/09/29 09:29:34.245, 3, 13229, 100
2026/09/29 09:29:34.245, 4, 13009, 100
2026/09/29 09:29:34.245, 5, 13111, 100
2026/09/29 09:29:34.245, 6, 13229, 100
2026/09/29 09:29:34.245, 7, 13049, 100
2026/09/29 09:29:35.245, 0, 13271, 100
2026/09/29 09:29:35.246, 1, 13071, 100
2026/09/29 09:29:35.246, 2, 13233, 100
2026/09/29 09:29:35.246, 3, 13229, 100
2026/09/29 09:29:35.246, 4, 13009, 100
2026/09/29 09:29:35.246, 5, 13111, 100
2026/09/29 09:29:35.246, 6, 13229, 100
2026/09/29 09:29:35.246, 7, 13049, 100
2026/09/29 09:29:36.246, 0, 13271, 100
2026/09/29 09:29:36.246, 1, 13071, 100
2026/09/29 09:29:36.246, 2, 13233, 100
2026/09/29 09:29:36.246, 3, 13229, 100
2026/09/29 09:29:36.246, 4, 13009, 100
2026/09/29 09:29:36.246, 5, 13111, 100
2026/09/29 09:29:36.246, 6, 13229, 100
2026/09/29 09:29:36.247, 7, 13049, 100
2026/09/29 09:29:37.247, 0, 13271, 100
2026/09/29 09:29:37.247, 1, 13071, 100
2026/09/29 09:29:37.247, 2, 13233, 100
2026/09/29 09:29:37.247, 3, 13229, 100
2026/09/29 09:29:37.247, 4, 13009, 100
2026/09/29 09:29:37.247, 5, 13111, 100
2026/09/29 09:29:37.247, 6, 13229, 100
2026/09/29 09:29:37.247, 7, 13049, 100
2026/09/29 09:29:38.247, 0, 13271, 100
2026/09/29 09:29:38.247, 1, 13071, 100
2026/09/29 09:29:38.247, 2, 13233, 100
2026/09/29 09:29:38.247, 3, 13229, 100
2026/09/29 09:29:38.247, 4, 13009, 100
2026/09/29 09:29:38.247, 5, 13111, 100
2026/09/29 09:29:38.247, 6, 13229, 100
2026/09/29 09:29:38.248, 7, 13049, 100
2026/09/29 09:29:39.248, 0, 13271, 100
2026/09/29 09:29:39.248, 1, 13071, 100
2026/09/29 09:29:39.249, 2, 13233, 100
2026/09/29 09:29:39.249, 3, 13229, 100
2026/09/29 09:29:39.249, 4, 13009, 100
2026/09/29 09:29:39.249, 5, 13111, 100
2026/09/29 09:29:39.249, 6, 13229, 100
2026/09/29 09:29:39.249, 7, 13049, 100
2026/09/29 09:29:40.249, 0, 13271, 100
2026/09/29 09:29:40.249, 1, 13071, 100
2026/09/29 09:29:40.249, 2, 13233, 100
2026/09/29 09:29:40.249, 3, 13229, 100
2026/09/29 09:29:40.249, 4, 13009, 100
2026/09/29 09:29:40.249, 5, 13111, 100
2026/09/29 09:29:40.250, 6, 13229, 100
2026/09/29 09:29:40.250, 7, 13049, 100
2026/09/29 09:29:41.250, 0, 13271, 100
2026/09/29 09:29:41.250, 1, 13071, 100
2026/09/29 09:29:41.250, 2, 13233, 100
2026/09/29 09:29:41.250, 3, 13229, 100
2026/09/29 09:29:41.250, 4, 13009, 100
2026/09/29 09:29:41.250, 5, 13111, 100
2026/09/29 09:29:41.250, 6, 13229, 100
2026/09/29 09:29:41.250, 7, 13049, 100
2026/09/29 09:29:42.251, 0, 13271, 100
2026/09/29 09:29:42.251, 1, 13071, 100
2026/09/29 09:29:42.251, 2, 13233, 100
2026/09/29 09:29:42.251, 3, 13229, 100
2026/09/29 09:29:42.251, 4, 13009, 100
2026/09/29 09:29:42.251, 5, 13111, 100
2026/09/29 09:29:42.251, 6, 13229, 100
2026/09/29 09:29:42.251, 7, 13049, 100
2026/09/29 09:29:43.251, 0, 13271, 100
2026/09/29 09:29:43.251, 1, 13071, 100
2026/09/29 09:29:43.251, 2, 13233, 100
2026/09/29 09:29:43.251, 3, 13229, 100
2026/09/29 09:29:43.251, 4, 13009, 100
2026/09/29 09:29:43.251, 5, 13111, 100
2026/09/29 09:29:43.251, 6, 13229, 100
2026/09/29 09:29:43.251, 7, 13049, 100
2026/09/29 09:29:44.251, 0, 13271, 100
2026/09/29 09:29:44.252, 1, 13071, 100
2026/09/29 09:29:44.252, 2, 13233, 100
2026/09/29 09:29:44.252, 3, 13229, 100
2026/09/29 09:29:44.252, 4, 13009, 100
2026/09/29 09:29:44.252, 5, 13111, 100
2026/09/29 09:29:44.252, 6, 13229, 100
2026/09/29 09:29:44.252, 7, 13049, 100
2026/09/29 09:29:45.252, 0, 13271, 100
2026/09/29 09:29:45.252, 1, 13071, 100
2026/09/29 09:29:45.252, 2, 13233, 100
2026/09/29 09:29:45.252, 3, 13229, 100
2026/09/29 09:29:45.252, 4, 13009, 100
2026/09/29 09:29:45.252, 5, 13111, 100
2026/09/29 09:29:45.252, 6, 13229, 100
2026/09/29 09:29:45.252, 7, 13049, 100
2026/09/29 09:29:46.252, 0, 13271, 100
2026/09/29 09:29:46.253, 1, 13071, 100
2026/09/29 09:29:46.253, 2, 13233, 100
2026/09/29 09:29:46.253, 3, 13229, 100
2026/09/29 09:29:46.253, 4, 13009, 100
2026/09/29 09:29:46.253, 5, 13111, 100
2026/09/29 09:29:46.253, 6, 13229, 100
2026/09/29 09:29:46.253, 7, 13049, 100
2026/09/29 09:29:47.253, 0, 13271, 100
2026/09/29 09:29:47.253, 1, 13071, 100
2026/09/29 09:29:47.253, 2, 13233, 100
2026/09/29 09:29:47.253, 3, 13229, 100
2026/09/29 09:29:47.253, 4, 13009, 100
2026/09/29 09:29:47.253, 5, 13111, 100
2026/09/29 09:29:47.253, 6, 13229, 100
2026/09/29 09:29:47.253, 7, 13049, 100
2026/09/29 09:29:48.253, 0, 13271, 100
2026/09/29 09:29:48.254, 1, 13071, 100
2026/09/29 09:29:48.254, 2, 13233, 100
2026/09/29 09:29:48.254, 3, 13229, 100
2026/09/29 09:29:48.254, 4, 13009, 100
2026/09/29 09:29:48.254, 5, 13111, 100
2026/09/29 09:29:48.254, 6, 13229, 100
2026/09/29 09:29:48.254, 7, 13049, 100
2026/09/29 09:29:49.254, 0, 13271, 100
2026/09/29 09:29:49.254, 1, 13071, 100
2026/09/29 09:29:49.254, 2, 13233, 100
2026/09/29 09:29:49.254, 3, 13229, 100
2026/09/29 09:29:49.254, 4, 13009, 100
2026/09/29 09:29:49.254, 5, 13111, 100
2026/09/29 09:29:49.254, 6, 13229, 100
2026/09/29 09:29:49.254, 7, 13049, 100
2026/09/29 09:29:50.254, 0, 13271, 100
2026/09/29 09:29:50.255, 1, 13071, 100
2026/09/29 09:29:50.255, 2, 13233, 100
2026/09/29 09:29:50.255, 3, 13229, 100
2026/09/29 09:29:50.255, 4, 13009, 100
2026/09/29 09:29:50.255, 5, 13111, 100
2026/09/29 09:29:50.255, 6, 13229, 100
2026/09/29 09:29:50.255, 7, 13049, 100
2026/09/29 09:29:51.255, 0, 13271, 100
2026/09/29 09:29:51.256, 1, 13071, 100
2026/09/29 09:29:51.256, 2, 13233, 100
2026/09/29 09:29:51.256, 3, 13229, 100
2026/09/29 09:29:51.256, 4, 13009, 100
2026/09/29 09:29:51.256, 5, 13111, 100
2026/09/29 09:29:51.257, 6, 13229, 100
2026/09/29 09:29:51.257, 7, 13049, 100
2026/09/29 09:29:52.257, 0, 13271, 100
2026/09/29 09:29:52.257, 1, 13071, 100
2026/09/29 09:29:52.257, 2, 13233, 100
2026/09/29 09:29:52.257, 3, 13229, 100
2026/09/29 09:29:52.257, 4, 13009, 100
2026/09/29 09:29:52.257, 5, 13111, 100
2026/09/29 09:29:52.257, 6, 13229, 100
2026/09/29 09:29:52.258, 7, 13049, 100
2026/09/29 09:29:53.258, 0, 13271, 100
2026/09/29 09:29:53.258, 1, 13071, 100
2026/09/29 09:29:53.258, 2, 13233, 100
2026/09/29 09:29:53.258, 3, 13229, 100
2026/09/29 09:29:53.258, 4, 13009, 100
2026/09/29 09:29:53.258, 5, 13111, 100
2026/09/29 09:29:53.258, 6, 13229, 100
2026/09/29 09:29:53.258, 7, 13049, 100
2026/09/29 09:29:54.258, 0, 13271, 100
2026/09/29 09:29:54.258, 1, 13071, 100
2026/09/29 09:29:54.258, 2, 13233, 100
2026/09/29 09:29:54.258, 3, 13229, 100
2026/09/29 09:29:54.258, 4, 13009, 100
2026/09/29 09:29:54.259, 5, 13111, 100
2026/09/29 09:29:54.259, 6, 13229, 100
2026/09/29 09:29:54.259, 7, 13049, 100
2026/09/29 09:29:55.259, 0, 13271, 100
2026/09/29 09:29:55.259, 1, 13071, 100
2026/09/29 09:29:55.259, 2, 13233, 100
2026/09/29 09:29:55.259, 3, 13229, 100
2026/09/29 09:29:55.259, 4, 13009, 100
2026/09/29 09:29:55.259, 5, 13111, 100
2026/09/29 09:29:55.259, 6, 13229, 100
2026/09/29 09:29:55.259, 7, 13049, 100
2026/09/29 09:29:56.259, 0, 13271, 100
2026/09/29 09:29:56.259, 1, 13071, 100
2026/09/29 09:29:56.259, 2, 13233, 100
2026/09/29 09:29:56.259, 3, 13229, 100
2026/09/29 09:29:56.259, 4, 13009, 100
2026/09/29 09:29:56.259, 5, 13111, 100
2026/09/29 09:29:56.260, 6, 13229, 100
2026/09/29 09:29:56.260, 7, 13049, 100
2026/09/29 09:29:57.260, 0, 13271, 100
2026/09/29 09:29:57.260, 1, 13071, 100
2026/09/29 09:29:57.260, 2, 13233, 100
2026/09/29 09:29:57.260, 3, 13229, 100
2026/09/29 09:29:57.260, 4, 13009, 100
2026/09/29 09:29:57.260, 5, 13111, 100
2026/09/29 09:29:57.260, 6, 13229, 100
2026/09/29 09:29:57.260, 7, 13049, 100
2026/09/29 09:29:58.260, 0, 13271, 100
2026/09/29 09:29:58.261, 1, 13071, 100
2026/09/29 09:29:58.261, 2, 13233, 100
2026/09/29 09:29:58.261, 3, 13229, 100
2026/09/29 09:29:58.261, 4, 13009, 100
2026/09/29 09:29:58.261, 5, 13111, 100
2026/09/29 09:29:58.261, 6, 13229, 100
2026/09/29 09:29:58.261, 7, 13049, 100
2026/09/29 09:29:59.261, 0, 13271, 100
2026/09/29 09:29:59.261, 1, 13071, 100
2026/09/29 09:29:59.261, 2, 13233, 100
2026/09/29 09:29:59.261, 3, 13229, 100
2026/09/29 09:29:59.261, 4, 13009, 100
2026/09/29 09:29:59.262, 5, 13111, 100
2026/09/29 09:29:59.262, 6, 13229, 100
2026/09/29 09:29:59.262, 7, 13049, 100
2026/09/29 09:30:00.262, 0, 13271, 100
2026/09/29 09:30:00.262, 1, 13071, 100
2026/09/29 09:30:00.262, 2, 13233, 100
2026/09/29 09:30:00.262, 3, 13229, 100
2026/09/29 09:30:00.262, 4, 13009, 100
2026/09/29 09:30:00.262, 5, 13111, 100
2026/09/29 09:30:00.262, 6, 13229, 100
2026/09/29 09:30:00.262, 7, 13049, 100
2026/09/29 09:30:01.263, 0, 13271, 100
2026/09/29 09:30:01.263, 1, 13071, 100
2026/09/29 09:30:01.263, 2, 13233, 100
2026/09/29 09:30:01.263, 3, 13229, 100
2026/09/29 09:30:01.263, 4, 13009, 100
2026/09/29 09:30:01.263, 5, 13111, 100
2026/09/29 09:30:01.263, 6, 13229, 100
2026/09/29 09:30:01.263, 7, 13049, 100
2026/09/29 09:30:02.263, 0, 13271, 100
2026/09/29 09:30:02.263, 1, 13071, 100
2026/09/29 09:30:02.263, 2, 13233, 100
2026/09/29 09:30:02.263, 3, 13229, 100
2026/09/29 09:30:02.263, 4, 13009, 100
2026/09/29 09:30:02.263, 5, 13111, 100
2026/09/29 09:30:02.263, 6, 13229, 100
2026/09/29 09:30:02.263, 7, 13049, 100
2026/09/29 09:30:03.263, 0, 13271, 100
2026/09/29 09:30:03.263, 1, 13071, 100
2026/09/29 09:30:03.264, 2, 13233, 100
2026/09/29 09:30:03.264, 3, 13229, 100
2026/09/29 09:30:03.264, 4, 13009, 100
2026/09/29 09:30:03.264, 5, 13111, 100
2026/09/29 09:30:03.264, 6, 13229, 100
2026/09/29 09:30:03.264, 7, 13049, 100
2026/09/29 09:30:04.264, 0, 13271, 100
2026/09/29 09:30:04.264, 1, 13071, 100
2026/09/29 09:30:04.264, 2, 13233, 100
2026/09/29 09:30:04.264, 3, 13229, 100
2026/09/29 09:30:04.264, 4, 13009, 100
2026/09/29 09:30:04.264, 5, 13111, 100
2026/09/29 09:30:04.264, 6, 13229, 100
2026/09/29 09:30:04.265, 7, 13049, 100
2026/09/29 09:30:05.265, 0, 13271, 100
2026/09/29 09:30:05.265, 1, 13071, 100
2026/09/29 09:30:05.265, 2, 13233, 100
2026/09/29 09:30:05.265, 3, 13229, 100
2026/09/29 09:30:05.265, 4, 13009, 100
2026/09/29 09:30:05.265, 5, 13111, 100
2026/09/29 09:30:05.265, 6, 13229, 100
2026/09/29 09:30:05.265, 7, 13049, 100
2026/09/29 09:30:06.265, 0, 13271, 100
2026/09/29 09:30:06.265, 1, 13071, 100
2026/09/29 09:30:06.265, 2, 13233, 100
2026/09/29 09:30:06.266, 3, 13229, 100
2026/09/29 09:30:06.266, 4, 13009, 100
2026/09/29 09:30:06.266, 5, 13111, 100
2026/09/29 09:30:06.266, 6, 13229, 100
2026/09/29 09:30:06.266, 7, 13049, 100
2026/09/29 09:30:07.266, 0, 13271, 100
2026/09/29 09:30:07.266, 1, 13071, 100
2026/09/29 09:30:07.266, 2, 13233, 100
2026/09/29 09:30:07.266, 3, 13229, 100
2026/09/29 09:30:07.266, 4, 13009, 100
2026/09/29 09:30:07.266, 5, 13111, 100
2026/09/29 09:30:07.266, 6, 13229, 100
2026/09/29 09:30:07.266, 7, 13049, 100
2026/09/29 09:30:08.267, 0, 13271, 100
2026/09/29 09:30:08.267, 1, 13071, 100
2026/09/29 09:30:08.267, 2, 13233, 100
2026/09/29 09:30:08.267, 3, 13229, 100
2026/09/29 09:30:08.267, 4, 13009, 100
2026/09/29 09:30:08.267, 5, 13111, 100
2026/09/29 09:30:08.267, 6, 13229, 100
2026/09/29 09:30:08.267, 7, 13049, 100
2026/09/29 09:30:09.267, 0, 13271, 100
2026/09/29 09:30:09.267, 1, 13071, 100
2026/09/29 09:30:09.267, 2, 13233, 100
2026/09/29 09:30:09.267, 3, 13229, 100
2026/09/29 09:30:09.267, 4, 13009, 100
2026/09/29 09:30:09.267, 5, 13111, 100
2026/09/29 09:30:09.267, 6, 13229, 100
2026/09/29 09:30:09.267, 7, 13049, 100
2026/09/29 09:30:10.268, 0, 13271, 100
2026/09/29 09:30:10.268, 1, 13071, 100
2026/09/29 09:30:10.268, 2, 13233, 100
2026/09/29 09:30:10.268, 3, 13229, 100
2026/09/29 09:30:10.268, 4, 13009, 100
2026/09/29 09:30:10.268, 5, 13111, 100
2026/09/29 09:30:10.268, 6, 13229, 100
2026/09/29 09:30:10.268, 7, 13049, 100
2026/09/29 09:30:11.268, 0, 13271, 100
2026/09/29 09:30:11.268, 1, 13071, 100
2026/09/29 09:30:11.269, 2, 13233, 100
2026/09/29 09:30:11.269, 3, 13229, 100
2026/09/29 09:30:11.269, 4, 13009, 100
2026/09/29 09:30:11.269, 5, 13111, 100
2026/09/29 09:30:11.269, 6, 13229, 100
2026/09/29 09:30:11.269, 7, 13049, 100
2026/09/29 09:30:12.269, 0, 13271, 100
2026/09/29 09:30:12.269, 1, 13071, 100
2026/09/29 09:30:12.269, 2, 13233, 100
2026/09/29 09:30:12.269, 3, 13229, 100
2026/09/29 09:30:12.269, 4, 13009, 100
2026/09/29 09:30:12.269, 5, 13111, 100
2026/09/29 09:30:12.269, 6, 13229, 100
2026/09/29 09:30:12.269, 7, 13049, 100
2026/09/29 09:30:13.270, 0, 13271, 100
2026/09/29 09:30:13.270, 1, 13071, 100
2026/09/29 09:30:13.270, 2, 13233, 100
2026/09/29 09:30:13.270, 3, 13229, 100
2026/09/29 09:30:13.270, 4, 13009, 100
2026/09/29 09:30:13.270, 5, 13111, 100
2026/09/29 09:30:13.270, 6, 13229, 100
2026/09/29 09:30:13.270, 7, 13049, 100
2026/09/29 09:30:14.270, 0, 13271, 100
2026/09/29 09:30:14.271, 1, 13071, 100
2026/09/29 09:30:14.271, 2, 13233, 100
2026/09/29 09:30:14.271, 3, 13229, 100
2026/09/29 09:30:14.271, 4, 13009, 100
2026/09/29 09:30:14.271, 5, 13111, 100
2026/09/29 09:30:14.271, 6, 13229, 100
2026/09/29 09:30:14.271, 7, 13049, 100
2026/09/29 09:30:15.271, 0, 13271, 100
2026/09/29 09:30:15.271, 1, 13071, 100
2026/09/29 09:30:15.271, 2, 13233, 100
2026/09/29 09:30:15.271, 3, 13229, 100
2026/09/29 09:30:15.271, 4, 13009, 100
2026/09/29 09:30:15.271, 5, 13111, 100
2026/09/29 09:30:15.272, 6, 13229, 100
2026/09/29 09:30:15.272, 7, 13049, 100
2026/09/29 09:30:16.272, 0, 13271, 100
2026/09/29 09:30:16.272, 1, 13071, 100
2026/09/29 09:30:16.272, 2, 13233, 100
2026/09/29 09:30:16.272, 3, 13229, 100
2026/09/29 09:30:16.272, 4, 13009, 100
2026/09/29 09:30:16.272, 5, 13111, 100
2026/09/29 09:30:16.272, 6, 13229, 100
2026/09/29 09:30:16.272, 7, 13049, 100
2026/09/29 09:30:17.272, 0, 13271, 100
2026/09/29 09:30:17.272, 1, 13071, 100
2026/09/29 09:30:17.273, 2, 13233, 100
2026/09/29 09:30:17.273, 3, 13229, 100
2026/09/29 09:30:17.273, 4, 13009, 100
2026/09/29 09:30:17.273, 5, 13111, 100
2026/09/29 09:30:17.273, 6, 13229, 100
2026/09/29 09:30:17.273, 7, 13049, 100
2026/09/29 09:30:18.273, 0, 13271, 100
2026/09/29 09:30:18.273, 1, 13071, 100
2026/09/29 09:30:18.273, 2, 13233, 100
2026/09/29 09:30:18.273, 3, 13229, 100
2026/09/29 09:30:18.273, 4, 13009, 100
2026/09/29 09:30:18.273, 5, 13111, 100
2026/09/29 09:30:18.273, 6, 13229, 100
2026/09/29 09:30:18.273, 7, 13049, 100
2026/09/29 09:30:19.274, 0, 13271, 100
2026/09/29 09:30:19.274, 1, 13071, 100
2026/09/29 09:30:19.274, 2, 13233, 100
2026/09/29 09:30:19.274, 3, 13229, 100
2026/09/29 09:30:19.274, 4, 13009, 100
2026/09/29 09:30:19.274, 5, 13111, 100
2026/09/29 09:30:19.274, 6, 13229, 100
2026/09/29 09:30:19.274, 7, 13049, 100
2026/09/29 09:30:20.274, 0, 13271, 100
2026/09/29 09:30:20.274, 1, 13071, 100
2026/09/29 09:30:20.274, 2, 13233, 100
2026/09/29 09:30:20.275, 3, 13229, 100
2026/09/29 09:30:20.275, 4, 13009, 100
2026/09/29 09:30:20.275, 5, 13111, 100
2026/09/29 09:30:20.275, 6, 13229, 100
2026/09/29 09:30:20.275, 7, 13049, 100
2026/09/29 09:30:21.275, 0, 13271, 100
2026/09/29 09:30:21.275, 1, 13071, 100
2026/09/29 09:30:21.276, 2, 13233, 100
2026/09/29 09:30:21.282, 3, 13229, 100
2026/09/29 09:30:21.287, 4, 13009, 100
2026/09/29 09:30:21.288, 5, 13111, 100
2026/09/29 09:30:21.294, 6, 13229, 100
2026/09/29 09:30:21.295, 7, 13049, 100
2026/09/29 09:30:22.295, 0, 13271, 100
2026/09/29 09:30:22.295, 1, 13071, 100
2026/09/29 09:30:22.296, 2, 13233, 100
2026/09/29 09:30:22.296, 3, 13229, 100
2026/09/29 09:30:22.296, 4, 13009, 100
2026/09/29 09:30:22.296, 5, 13111, 100
2026/09/29 09:30:22.296, 6, 13229, 100
2026/09/29 09:30:22.296, 7, 13049, 100
2026/09/29 09:30:23.296, 0, 13271, 100
2026/09/29 09:30:23.296, 1, 13071, 100
2026/09/29 09:30:23.296, 2, 13233, 100
2026/09/29 09:30:23.296, 3, 13229, 100
2026/09/29 09:30:23.296, 4, 13009, 100
2026/09/29 09:30:23.296, 5, 13111, 100
2026/09/29 09:30:23.296, 6, 13229, 100
2026/09/29 09:30:23.296, 7, 13049, 100
2026/09/29 09:30:24.297, 0, 13271, 100
2026/09/29 09:30:24.297, 1, 13071, 100
2026/09/29 09:30:24.297, 2, 13233, 100
2026/09/29 09:30:24.297, 3, 13229, 100
2026/09/29 09:30:24.297, 4, 13009, 100
2026/09/29 09:30:24.297, 5, 13111, 100
2026/09/29 09:30:24.297, 6, 13229, 100
2026/09/29 09:30:24.297, 7, 13049, 100
2026/09/29 09:30:25.297, 0, 13271, 100
2026/09/29 09:30:25.297, 1, 13071, 100
2026/09/29 09:30:25.297, 2, 13233, 100
2026/09/29 09:30:25.298, 3, 13229, 100
2026/09/29 09:30:25.298, 4, 13009, 100
2026/09/29 09:30:25.298, 5, 13111, 100
2026/09/29 09:30:25.298, 6, 13229, 100
2026/09/29 09:30:25.298, 7, 13049, 100
2026/09/29 09:30:26.298, 0, 13271, 100
2026/09/29 09:30:26.298, 1, 13071, 100
2026/09/29 09:30:26.299, 2, 13233, 100
2026/09/29 09:30:26.299, 3, 13229, 100
2026/09/29 09:30:26.299, 4, 13009, 100
2026/09/29 09:30:26.299, 5, 13111, 100
2026/09/29 09:30:26.299, 6, 13229, 100
2026/09/29 09:30:26.299, 7, 13049, 100
2026/09/29 09:30:27.299, 0, 13271, 100
2026/09/29 09:30:27.299, 1, 13071, 100
2026/09/29 09:30:27.299, 2, 13233, 100
2026/09/29 09:30:27.299, 3, 13229, 100
2026/09/29 09:30:27.299, 4, 13009, 100
2026/09/29 09:30:27.299, 5, 13111, 100
2026/09/29 09:30:27.299, 6, 13229, 100
2026/09/29 09:30:27.300, 7, 13049, 100
2026/09/29 09:30:28.300, 0, 13271, 100
2026/09/29 09:30:28.300, 1, 13071, 100
2026/09/29 09:30:28.300, 2, 13233, 100
2026/09/29 09:30:28.300, 3, 13229, 100
2026/09/29 09:30:28.300, 4, 13009, 100
2026/09/29 09:30:28.300, 5, 13111, 100
2026/09/29 09:30:28.300, 6, 13229, 100
2026/09/29 09:30:28.300, 7, 13049, 100
2026/09/29 09:30:29.300, 0, 13271, 100
2026/09/29 09:30:29.300, 1, 13071, 100
2026/09/29 09:30:29.300, 2, 13233, 100
2026/09/29 09:30:29.300, 3, 13229, 100
2026/09/29 09:30:29.300, 4, 13009, 100
2026/09/29 09:30:29.301, 5, 13111, 100
2026/09/29 09:30:29.301, 6, 13229, 100
2026/09/29 09:30:29.301, 7, 13049, 100
2026/09/29 09:30:30.301, 0, 13271, 100
2026/09/29 09:30:30.301, 1, 13071, 100
2026/09/29 09:30:30.301, 2, 13233, 100
2026/09/29 09:30:30.301, 3, 13229, 100
2026/09/29 09:30:30.301, 4, 13009, 100
2026/09/29 09:30:30.301, 5, 13111, 100
2026/09/29 09:30:30.301, 6, 13229, 100
2026/09/29 09:30:30.301, 7, 13049, 100
2026/09/29 09:30:31.302, 0, 13271, 100
2026/09/29 09:30:31.302, 1, 13071, 100
2026/09/29 09:30:31.302, 2, 13233, 100
2026/09/29 09:30:31.302, 3, 13229, 100
2026/09/29 09:30:31.302, 4, 13009, 100
2026/09/29 09:30:31.302, 5, 13111, 100
2026/09/29 09:30:31.302, 6, 13229, 100
2026/09/29 09:30:31.302, 7, 13049, 100
2026/09/29 09:30:32.302, 0, 13271, 100
2026/09/29 09:30:32.302, 1, 13071, 100
2026/09/29 09:30:32.303, 2, 13233, 100
2026/09/29 09:30:32.303, 3, 13229, 100
2026/09/29 09:30:32.303, 4, 13009, 100
2026/09/29 09:30:32.303, 5, 13111, 100
2026/09/29 09:30:32.303, 6, 13229, 100
2026/09/29 09:30:32.303, 7, 13049, 100
2026/09/29 09:30:33.303, 0, 13271, 100
2026/09/29 09:30:33.303, 1, 13071, 100
2026/09/29 09:30:33.303, 2, 13233, 100
2026/09/29 09:30:33.303, 3, 13229, 100
2026/09/29 09:30:33.303, 4, 13009, 100
2026/09/29 09:30:33.303, 5, 13111, 100
2026/09/29 09:30:33.303, 6, 13229, 100
2026/09/29 09:30:33.303, 7, 13049, 100
2026/09/29 09:30:34.303, 0, 13271, 100
2026/09/29 09:30:34.303, 1, 13071, 100
2026/09/29 09:30:34.303, 2, 13233, 100
2026/09/29 09:30:34.303, 3, 13229, 100
2026/09/29 09:30:34.303, 4, 13009, 100
2026/09/29 09:30:34.304, 5, 13111, 100
2026/09/29 09:30:34.304, 6, 13229, 100
2026/09/29 09:30:34.304, 7, 13049, 100
2026/09/29 09:30:35.304, 0, 13271, 100
2026/09/29 09:30:35.304, 1, 13071, 100
2026/09/29 09:30:35.304, 2, 13233, 100
2026/09/29 09:30:35.304, 3, 13229, 100
2026/09/29 09:30:35.304, 4, 13009, 100
2026/09/29 09:30:35.304, 5, 13111, 100
2026/09/29 09:30:35.304, 6, 13229, 100
2026/09/29 09:30:35.304, 7, 13049, 100
2026/09/29 09:30:36.304, 0, 13271, 100
2026/09/29 09:30:36.304, 1, 13071, 100
2026/09/29 09:30:36.304, 2, 13233, 100
2026/09/29 09:30:36.304, 3, 13229, 100
2026/09/29 09:30:36.304, 4, 13009, 100
2026/09/29 09:30:36.304, 5, 13111, 100
2026/09/29 09:30:36.304, 6, 13229, 100
2026/09/29 09:30:36.305, 7, 13049, 100
2026/09/29 09:30:37.305, 0, 13271, 100
2026/09/29 09:30:37.305, 1, 13071, 100
2026/09/29 09:30:37.305, 2, 13233, 100
2026/09/29 09:30:37.305, 3, 13229, 100
2026/09/29 09:30:37.305, 4, 13009, 100
2026/09/29 09:30:37.305, 5, 13111, 100
2026/09/29 09:30:37.305, 6, 13229, 100
2026/09/29 09:30:37.305, 7, 13049, 100
2026/09/29 09:30:38.305, 0, 13271, 100
2026/09/29 09:30:38.305, 1, 13071, 100
2026/09/29 09:30:38.305, 2, 13233, 100
2026/09/29 09:30:38.305, 3, 13229, 100
2026/09/29 09:30:38.305, 4, 13009, 100
2026/09/29 09:30:38.306, 5, 13111, 100
2026/09/29 09:30:38.306, 6, 13229, 100
2026/09/29 09:30:38.306, 7, 13049, 100
2026/09/29 09:30:39.306, 0, 13271, 100
2026/09/29 09:30:39.306, 1, 13071, 100
2026/09/29 09:30:39.306, 2, 13233, 100
2026/09/29 09:30:39.306, 3, 13229, 100
2026/09/29 09:30:39.307, 4, 13009, 100
2026/09/29 09:30:39.307, 5, 13111, 100
2026/09/29 09:30:39.307, 6, 13229, 100
2026/09/29 09:30:39.307, 7, 13049, 100
2026/09/29 09:30:40.307, 0, 13271, 100
2026/09/29 09:30:40.307, 1, 13071, 100
2026/09/29 09:30:40.307, 2, 13233, 100
2026/09/29 09:30:40.307, 3, 13229, 100
2026/09/29 09:30:40.307, 4, 13009, 100
2026/09/29 09:30:40.307, 5, 13111, 100
2026/09/29 09:30:40.307, 6, 13229, 100
2026/09/29 09:30:40.307, 7, 13049, 100
2026/09/29 09:30:41.307, 0, 13271, 100
2026/09/29 09:30:41.307, 1, 13071, 100
2026/09/29 09:30:41.307, 2, 13233, 100
2026/09/29 09:30:41.307, 3, 13229, 100
2026/09/29 09:30:41.307, 4, 13009, 100
2026/09/29 09:30:41.308, 5, 13111, 100
2026/09/29 09:30:41.308, 6, 13229, 100
2026/09/29 09:30:41.308, 7, 13049, 100
2026/09/29 09:30:42.308, 0, 13271, 100
2026/09/29 09:30:42.308, 1, 13071, 100
2026/09/29 09:30:42.308, 2, 13233, 100
2026/09/29 09:30:42.308, 3, 13229, 100
2026/09/29 09:30:42.308, 4, 13009, 100
2026/09/29 09:30:42.308, 5, 13111, 100
2026/09/29 09:30:42.308, 6, 13229, 100
2026/09/29 09:30:42.308, 7, 13049, 100
2026/09/29 09:30:43.308, 0, 13271, 100
2026/09/29 09:30:43.309, 1, 13071, 100
2026/09/29 09:30:43.309, 2, 13233, 100
2026/09/29 09:30:43.309, 3, 13229, 100
2026/09/29 09:30:43.309, 4, 13009, 100
2026/09/29 09:30:43.309, 5, 13111, 100
2026/09/29 09:30:43.309, 6, 13229, 100
2026/09/29 09:30:43.309, 7, 13049, 100
2026/09/29 09:30:44.309, 0, 13271, 100
2026/09/29 09:30:44.309, 1, 13071, 100
2026/09/29 09:30:44.309, 2, 13233, 100
2026/09/29 09:30:44.309, 3, 13229, 100
2026/09/29 09:30:44.310, 4, 13009, 100
2026/09/29 09:30:44.310, 5, 13111, 100
2026/09/29 09:30:44.310, 6, 13229, 100
2026/09/29 09:30:44.310, 7, 13049, 100
2026/09/29 09:30:45.310, 0, 13271, 100
2026/09/29 09:30:45.311, 1, 13071, 100
2026/09/29 09:30:45.311, 2, 13233, 100
2026/09/29 09:30:45.311, 3, 13229, 100
2026/09/29 09:30:45.311, 4, 13009, 100
2026/09/29 09:30:45.311, 5, 13111, 100
2026/09/29 09:30:45.311, 6, 13229, 100
2026/09/29 09:30:45.311, 7, 13049, 100
2026/09/29 09:30:46.311, 0, 13271, 100
2026/09/29 09:30:46.311, 1, 13071, 100
2026/09/29 09:30:46.311, 2, 13233, 100
2026/09/29 09:30:46.311, 3, 13229, 100
2026/09/29 09:30:46.311, 4, 13009, 100
2026/09/29 09:30:46.311, 5, 13111, 100
2026/09/29 09:30:46.311, 6, 13229, 100
2026/09/29 09:30:46.311, 7, 13049, 100
2026/09/29 09:30:47.311, 0, 13271, 100
2026/09/29 09:30:47.312, 1, 13071, 100
2026/09/29 09:30:47.312, 2, 13233, 100
2026/09/29 09:30:47.312, 3, 13229, 100
2026/09/29 09:30:47.312, 4, 13009, 100
2026/09/29 09:30:47.312, 5, 13111, 100
2026/09/29 09:30:47.312, 6, 13229, 100
2026/09/29 09:30:47.312, 7, 13049, 100
2026/09/29 09:30:48.312, 0, 13271, 100
2026/09/29 09:30:48.312, 1, 13071, 100
2026/09/29 09:30:48.312, 2, 13233, 100
2026/09/29 09:30:48.312, 3, 13229, 100
2026/09/29 09:30:48.312, 4, 13009, 100
2026/09/29 09:30:48.312, 5, 13111, 100
2026/09/29 09:30:48.312, 6, 13229, 100
2026/09/29 09:30:48.312, 7, 13049, 100
2026/09/29 09:30:49.313, 0, 13271, 100
2026/09/29 09:30:49.313, 1, 13071, 100
2026/09/29 09:30:49.314, 2, 13233, 100
2026/09/29 09:30:49.314, 3, 13229, 100
2026/09/29 09:30:49.314, 4, 13009, 100
2026/09/29 09:30:49.314, 5, 13111, 100
2026/09/29 09:30:49.314, 6, 13229, 100
2026/09/29 09:30:49.314, 7, 13049, 100
2026/09/29 09:30:50.314, 0, 13271, 100
2026/09/29 09:30:50.314, 1, 13071, 100
2026/09/29 09:30:50.314, 2, 13233, 100
2026/09/29 09:30:50.315, 3, 13229, 100
2026/09/29 09:30:50.315, 4, 13009, 100
2026/09/29 09:30:50.315, 5, 13111, 100
2026/09/29 09:30:50.315, 6, 13229, 100
2026/09/29 09:30:50.315, 7, 13049, 100
2026/09/29 09:30:51.315, 0, 13271, 100
2026/09/29 09:30:51.315, 1, 13071, 100
2026/09/29 09:30:51.315, 2, 13233, 100
2026/09/29 09:30:51.315, 3, 13229, 100
2026/09/29 09:30:51.315, 4, 13009, 100
2026/09/29 09:30:51.315, 5, 13111, 100
2026/09/29 09:30:51.315, 6, 13229, 100
2026/09/29 09:30:51.315, 7, 13049, 100
2026/09/29 09:30:52.315, 0, 13271, 100
2026/09/29 09:30:52.316, 1, 13071, 100
2026/09/29 09:30:52.316, 2, 13233, 100
2026/09/29 09:30:52.316, 3, 13229, 100
2026/09/29 09:30:52.316, 4, 13009, 100
2026/09/29 09:30:52.316, 5, 13111, 100
2026/09/29 09:30:52.316, 6, 13229, 100
2026/09/29 09:30:52.316, 7, 13049, 100
2026/09/29 09:30:53.316, 0, 13271, 100
2026/09/29 09:30:53.316, 1, 13071, 100
2026/09/29 09:30:53.316, 2, 13233, 100
2026/09/29 09:30:53.316, 3, 13229, 100
2026/09/29 09:30:53.316, 4, 13009, 100
2026/09/29 09:30:53.317, 5, 13111, 100
2026/09/29 09:30:53.317, 6, 13229, 100
2026/09/29 09:30:53.317, 7, 13049, 100
2026/09/29 09:30:54.317, 0, 13271, 100
2026/09/29 09:30:54.317, 1, 13071, 100
2026/09/29 09:30:54.317, 2, 13233, 100
2026/09/29 09:30:54.317, 3, 13229, 100
2026/09/29 09:30:54.317, 4, 13009, 100
2026/09/29 09:30:54.317, 5, 13111, 100
2026/09/29 09:30:54.317, 6, 13229, 100
2026/09/29 09:30:54.317, 7, 13049, 100
2026/09/29 09:30:55.318, 0, 13271, 100
2026/09/29 09:30:55.318, 1, 13071, 100
2026/09/29 09:30:55.318, 2, 13233, 100
2026/09/29 09:30:55.318, 3, 13229, 100
2026/09/29 09:30:55.318, 4, 13009, 100
2026/09/29 09:30:55.318, 5, 13111, 100
2026/09/29 09:30:55.318, 6, 13229, 100
2026/09/29 09:30:55.318, 7, 13049, 100
2026/09/29 09:30:56.318, 0, 13271, 100
2026/09/29 09:30:56.319, 1, 13071, 100
2026/09/29 09:30:56.319, 2, 13233, 100
2026/09/29 09:30:56.319, 3, 13229, 100
2026/09/29 09:30:56.319, 4, 13009, 100
2026/09/29 09:30:56.319, 5, 13111, 100
2026/09/29 09:30:56.319, 6, 13229, 100
2026/09/29 09:30:56.319, 7, 13049, 100
2026/09/29 09:30:57.319, 0, 13271, 100
2026/09/29 09:30:57.319, 1, 13071, 100
2026/09/29 09:30:57.319, 2, 13233, 100
2026/09/29 09:30:57.319, 3, 13229, 100
2026/09/29 09:30:57.319, 4, 13009, 100
2026/09/29 09:30:57.319, 5, 13111, 100
2026/09/29 09:30:57.319, 6, 13229, 100
2026/09/29 09:30:57.319, 7, 13049, 100
2026/09/29 09:30:58.320, 0, 13271, 100
2026/09/29 09:30:58.320, 1, 13071, 100
2026/09/29 09:30:58.320, 2, 13233, 100
2026/09/29 09:30:58.320, 3, 13229, 100
2026/09/29 09:30:58.320, 4, 13009, 100
2026/09/29 09:30:58.320, 5, 13111, 100
2026/09/29 09:30:58.320, 6, 13229, 100
2026/09/29 09:30:58.320, 7, 13049, 100
2026/09/29 09:30:59.320, 0, 13271, 100
2026/09/29 09:30:59.320, 1, 13071, 100
2026/09/29 09:30:59.321, 2, 13233, 100
2026/09/29 09:30:59.321, 3, 13229, 100
2026/09/29 09:30:59.321, 4, 13009, 100
2026/09/29 09:30:59.321, 5, 13111, 100
2026/09/29 09:30:59.321, 6, 13229, 100
2026/09/29 09:30:59.321, 7, 13049, 100
2026/09/29 09:31:00.321, 0, 13271, 100
2026/09/29 09:31:00.321, 1, 13071, 100
2026/09/29 09:31:00.321, 2, 13233, 100
2026/09/29 09:31:00.322, 3, 13229, 100
2026/09/29 09:31:00.322, 4, 13009, 100
2026/09/29 09:31:00.322, 5, 13111, 100
2026/09/29 09:31:00.322, 6, 13229, 100
2026/09/29 09:31:00.322, 7, 13049, 100
2026/09/29 09:31:01.322, 0, 13271, 100
2026/09/29 09:31:01.322, 1, 13071, 100
2026/09/29 09:31:01.322, 2, 13233, 100
2026/09/29 09:31:01.322, 3, 13229, 100
2026/09/29 09:31:01.322, 4, 13009, 100
2026/09/29 09:31:01.322, 5, 13111, 100
2026/09/29 09:31:01.322, 6, 13229, 100
2026/09/29 09:31:01.322, 7, 13049, 100
2026/09/29 09:31:02.322, 0, 13271, 100
2026/09/29 09:31:02.322, 1, 13071, 100
2026/09/29 09:31:02.323, 2, 13233, 100
2026/09/29 09:31:02.323, 3, 13229, 100
2026/09/29 09:31:02.323, 4, 13009, 100
2026/09/29 09:31:02.323, 5, 13111, 100
2026/09/29 09:31:02.323, 6, 13229, 100
2026/09/29 09:31:02.323, 7, 13049, 100
2026/09/29 09:31:03.323, 0, 13271, 100
2026/09/29 09:31:03.323, 1, 13071, 100
2026/09/29 09:31:03.323, 2, 13233, 100
2026/09/29 09:31:03.323, 3, 13229, 100
2026/09/29 09:31:03.323, 4, 13009, 100
2026/09/29 09:31:03.323, 5, 13111, 100
2026/09/29 09:31:03.323, 6, 13229, 100
2026/09/29 09:31:03.323, 7, 13049, 100
2026/09/29 09:31:04.323, 0, 13271, 100
2026/09/29 09:31:04.323, 1, 13071, 100
2026/09/29 09:31:04.323, 2, 13233, 100
2026/09/29 09:31:04.323, 3, 13229, 100
2026/09/29 09:31:04.323, 4, 13009, 100
2026/09/29 09:31:04.323, 5, 13111, 100
2026/09/29 09:31:04.323, 6, 13229, 100
2026/09/29 09:31:04.323, 7, 13049, 100
2026/09/29 09:31:05.324, 0, 13271, 100
2026/09/29 09:31:05.324, 1, 13071, 100
2026/09/29 09:31:05.324, 2, 13233, 100
2026/09/29 09:31:05.324, 3, 13229, 100
2026/09/29 09:31:05.324, 4, 13009, 100
2026/09/29 09:31:05.324, 5, 13111, 100
2026/09/29 09:31:05.324, 6, 13229, 100
2026/09/29 09:31:05.324, 7, 13049, 100
2026/09/29 09:31:06.324, 0, 13271, 100
2026/09/29 09:31:06.324, 1, 13071, 100
2026/09/29 09:31:06.324, 2, 13233, 100
2026/09/29 09:31:06.324, 3, 13229, 100
2026/09/29 09:31:06.324, 4, 13009, 100
2026/09/29 09:31:06.324, 5, 13111, 100
2026/09/29 09:31:06.325, 6, 13229, 100
2026/09/29 09:31:06.325, 7, 13049, 100
2026/09/29 09:31:07.325, 0, 13271, 100
2026/09/29 09:31:07.325, 1, 13071, 100
2026/09/29 09:31:07.325, 2, 13233, 100
2026/09/29 09:31:07.325, 3, 13229, 100
2026/09/29 09:31:07.325, 4, 13009, 100
2026/09/29 09:31:07.325, 5, 13111, 100
2026/09/29 09:31:07.325, 6, 13229, 100
2026/09/29 09:31:07.325, 7, 13049, 100
2026/09/29 09:31:08.325, 0, 13271, 100
2026/09/29 09:31:08.325, 1, 13071, 100
2026/09/29 09:31:08.325, 2, 13233, 100
2026/09/29 09:31:08.326, 3, 13229, 100
2026/09/29 09:31:08.326, 4, 13009, 100
2026/09/29 09:31:08.326, 5, 13111, 100
2026/09/29 09:31:08.326, 6, 13229, 100
2026/09/29 09:31:08.326, 7, 13049, 100
2026/09/29 09:31:09.326, 0, 13271, 100
2026/09/29 09:31:09.326, 1, 13071, 100
2026/09/29 09:31:09.326, 2, 13233, 100
2026/09/29 09:31:09.326, 3, 13229, 100
2026/09/29 09:31:09.326, 4, 13009, 100
2026/09/29 09:31:09.327, 5, 13111, 100
2026/09/29 09:31:09.327, 6, 13229, 100
2026/09/29 09:31:09.327, 7, 13049, 100
2026/09/29 09:31:10.327, 0, 13271, 100
2026/09/29 09:31:10.327, 1, 13071, 100
2026/09/29 09:31:10.327, 2, 13233, 100
2026/09/29 09:31:10.327, 3, 13229, 100
2026/09/29 09:31:10.327, 4, 13009, 100
2026/09/29 09:31:10.327, 5, 13111, 100
2026/09/29 09:31:10.327, 6, 13229, 100
2026/09/29 09:31:10.327, 7, 13049, 100
2026/09/29 09:31:11.328, 0, 13271, 100
2026/09/29 09:31:11.328, 1, 13071, 100
2026/09/29 09:31:11.328, 2, 13233, 100
2026/09/29 09:31:11.328, 3, 13229, 100
2026/09/29 09:31:11.328, 4, 13009, 100
2026/09/29 09:31:11.328, 5, 13111, 100
2026/09/29 09:31:11.328, 6, 13229, 100
2026/09/29 09:31:11.328, 7, 13049, 100
2026/09/29 09:31:12.328, 0, 13271, 100
2026/09/29 09:31:12.328, 1, 13071, 100
2026/09/29 09:31:12.328, 2, 13233, 100
2026/09/29 09:31:12.329, 3, 13229, 100
2026/09/29 09:31:12.329, 4, 13009, 100
2026/09/29 09:31:12.329, 5, 13111, 100
2026/09/29 09:31:12.329, 6, 13229, 100
2026/09/29 09:31:12.329, 7, 13049, 100
2026/09/29 09:31:13.329, 0, 13271, 100
2026/09/29 09:31:13.329, 1, 13071, 100
2026/09/29 09:31:13.329, 2, 13233, 100
2026/09/29 09:31:13.329, 3, 13229, 100
2026/09/29 09:31:13.330, 4, 13009, 100
2026/09/29 09:31:13.330, 5, 13111, 100
2026/09/29 09:31:13.330, 6, 13229, 100
2026/09/29 09:31:13.330, 7, 13049, 100
2026/09/29 09:31:14.330, 0, 13271, 100
2026/09/29 09:31:14.330, 1, 13071, 100
2026/09/29 09:31:14.330, 2, 13233, 100
2026/09/29 09:31:14.330, 3, 13229, 100
2026/09/29 09:31:14.330, 4, 13009, 100
2026/09/29 09:31:14.330, 5, 13111, 100
2026/09/29 09:31:14.330, 6, 13229, 100
2026/09/29 09:31:14.330, 7, 13049, 100
2026/09/29 09:31:15.331, 0, 13271, 100
2026/09/29 09:31:15.331, 1, 13071, 100
2026/09/29 09:31:15.331, 2, 13233, 100
2026/09/29 09:31:15.331, 3, 13229, 100
2026/09/29 09:31:15.331, 4, 13009, 100
2026/09/29 09:31:15.331, 5, 13111, 100
2026/09/29 09:31:15.331, 6, 13229, 100
2026/09/29 09:31:15.331, 7, 13049, 100
2026/09/29 09:31:16.331, 0, 13271, 100
2026/09/29 09:31:16.331, 1, 13071, 100
2026/09/29 09:31:16.331, 2, 13233, 100
2026/09/29 09:31:16.331, 3, 13229, 100
2026/09/29 09:31:16.331, 4, 13009, 100
2026/09/29 09:31:16.331, 5, 13111, 100
2026/09/29 09:31:16.331, 6, 13229, 100
2026/09/29 09:31:16.331, 7, 13049, 100
2026/09/29 09:31:17.331, 0, 13271, 100
2026/09/29 09:31:17.332, 1, 13071, 100
2026/09/29 09:31:17.332, 2, 13233, 100
2026/09/29 09:31:17.332, 3, 13229, 100
2026/09/29 09:31:17.332, 4, 13009, 100
2026/09/29 09:31:17.332, 5, 13111, 100
2026/09/29 09:31:17.332, 6, 13229, 100
2026/09/29 09:31:17.332, 7, 13049, 100
2026/09/29 09:31:18.332, 0, 13271, 100
2026/09/29 09:31:18.332, 1, 13071, 100
2026/09/29 09:31:18.332, 2, 13233, 100
2026/09/29 09:31:18.332, 3, 13229, 100
2026/09/29 09:31:18.332, 4, 13009, 100
2026/09/29 09:31:18.332, 5, 13111, 100
2026/09/29 09:31:18.332, 6, 13229, 100
2026/09/29 09:31:18.333, 7, 13049, 100
2026/09/29 09:31:19.333, 0, 13271, 100
2026/09/29 09:31:19.333, 1, 13071, 100
2026/09/29 09:31:19.333, 2, 13233, 100
2026/09/29 09:31:19.333, 3, 13229, 100
2026/09/29 09:31:19.333, 4, 13009, 100
2026/09/29 09:31:19.333, 5, 13111, 100
2026/09/29 09:31:19.334, 6, 13229, 100
2026/09/29 09:31:19.334, 7, 13049, 100
2026/09/29 09:31:20.334, 0, 13271, 100
2026/09/29 09:31:20.334, 1, 13071, 100
2026/09/29 09:31:20.334, 2, 13233, 100
2026/09/29 09:31:20.334, 3, 13229, 100
2026/09/29 09:31:20.334, 4, 13009, 100
2026/09/29 09:31:20.334, 5, 13111, 100
2026/09/29 09:31:20.334, 6, 13229, 100
2026/09/29 09:31:20.334, 7, 13049, 100
2026/09/29 09:31:21.334, 0, 13271, 100
2026/09/29 09:31:21.335, 1, 13071, 100
2026/09/29 09:31:21.335, 2, 13233, 100
2026/09/29 09:31:21.335, 3, 13229, 100
2026/09/29 09:31:21.335, 4, 13009, 100
2026/09/29 09:31:21.335, 5, 13111, 100
2026/09/29 09:31:21.335, 6, 13229, 100
2026/09/29 09:31:21.336, 7, 13049, 100
2026/09/29 09:31:22.336, 0, 13271, 100
2026/09/29 09:31:22.336, 1, 13071, 100
2026/09/29 09:31:22.336, 2, 13233, 100
2026/09/29 09:31:22.336, 3, 13229, 100
2026/09/29 09:31:22.336, 4, 13009, 100
2026/09/29 09:31:22.336, 5, 13111, 100
2026/09/29 09:31:22.336, 6, 13229, 100
2026/09/29 09:31:22.336, 7, 13049, 100
2026/09/29 09:31:23.336, 0, 13271, 100
2026/09/29 09:31:23.337, 1, 13071, 100
2026/09/29 09:31:23.337, 2, 13233, 100
2026/09/29 09:31:23.337, 3, 13229, 100
2026/09/29 09:31:23.337, 4, 13009, 100
2026/09/29 09:31:23.337, 5, 13111, 100
2026/09/29 09:31:23.337, 6, 13229, 100
2026/09/29 09:31:23.337, 7, 13049, 100
2026/09/29 09:31:24.337, 0, 13271, 100
2026/09/29 09:31:24.337, 1, 13071, 100
2026/09/29 09:31:24.337, 2, 13233, 100
2026/09/29 09:31:24.337, 3, 13229, 100
2026/09/29 09:31:24.337, 4, 13009, 100
2026/09/29 09:31:24.337, 5, 13111, 100
2026/09/29 09:31:24.337, 6, 13229, 100
2026/09/29 09:31:24.337, 7, 13049, 100
2026/09/29 09:31:25.338, 0, 13271, 100
2026/09/29 09:31:25.338, 1, 13071, 100
2026/09/29 09:31:25.338, 2, 13233, 100
2026/09/29 09:31:25.338, 3, 13229, 100
2026/09/29 09:31:25.338, 4, 13009, 100
2026/09/29 09:31:25.338, 5, 13111, 100
2026/09/29 09:31:25.338, 6, 13229, 100
2026/09/29 09:31:25.338, 7, 13049, 100
2026/09/29 09:31:26.338, 0, 13271, 100
2026/09/29 09:31:26.338, 1, 13071, 100
2026/09/29 09:31:26.339, 2, 13233, 100
2026/09/29 09:31:26.339, 3, 13229, 100
2026/09/29 09:31:26.339, 4, 13009, 100
2026/09/29 09:31:26.339, 5, 13111, 100
2026/09/29 09:31:26.339, 6, 13229, 100
2026/09/29 09:31:26.339, 7, 13049, 100
2026/09/29 09:31:27.339, 0, 13271, 100
2026/09/29 09:31:27.339, 1, 13071, 100
2026/09/29 09:31:27.339, 2, 13233, 100
2026/09/29 09:31:27.339, 3, 13229, 100
2026/09/29 09:31:27.339, 4, 13009, 100
2026/09/29 09:31:27.339, 5, 13111, 100
2026/09/29 09:31:27.339, 6, 13229, 100
2026/09/29 09:31:27.339, 7, 13049, 100
2026/09/29 09:31:28.340, 0, 13271, 100
2026/09/29 09:31:28.340, 1, 13071, 100
2026/09/29 09:31:28.340, 2, 13233, 100
2026/09/29 09:31:28.340, 3, 13229, 100
2026/09/29 09:31:28.340, 4, 13009, 100
2026/09/29 09:31:28.340, 5, 13111, 100
2026/09/29 09:31:28.340, 6, 13229, 100
2026/09/29 09:31:28.340, 7, 13049, 100
2026/09/29 09:31:29.340, 0, 13271, 100
2026/09/29 09:31:29.340, 1, 13071, 100
2026/09/29 09:31:29.340, 2, 13233, 100
2026/09/29 09:31:29.340, 3, 13229, 100
2026/09/29 09:31:29.341, 4, 13009, 100
2026/09/29 09:31:29.341, 5, 13111, 100
2026/09/29 09:31:29.341, 6, 13229, 100
2026/09/29 09:31:29.341, 7, 13049, 100
2026/09/29 09:31:30.341, 0, 13271, 100
2026/09/29 09:31:30.341, 1, 13071, 100
2026/09/29 09:31:30.341, 2, 13233, 100
2026/09/29 09:31:30.341, 3, 13229, 100
2026/09/29 09:31:30.341, 4, 13009, 100
2026/09/29 09:31:30.341, 5, 13111, 100
2026/09/29 09:31:30.341, 6, 13229, 100
2026/09/29 09:31:30.341, 7, 13049, 100
2026/09/29 09:31:31.342, 0, 13271, 100
2026/09/29 09:31:31.342, 1, 13071, 100
2026/09/29 09:31:31.342, 2, 13233, 100
2026/09/29 09:31:31.342, 3, 13229, 100
2026/09/29 09:31:31.342, 4, 13009, 100
2026/09/29 09:31:31.342, 5, 13111, 100
2026/09/29 09:31:31.342, 6, 13229, 100
2026/09/29 09:31:31.342, 7, 13049, 100
2026/09/29 09:31:32.342, 0, 13271, 100
2026/09/29 09:31:32.342, 1, 13071, 100
2026/09/29 09:31:32.342, 2, 13233, 100
2026/09/29 09:31:32.342, 3, 13229, 100
2026/09/29 09:31:32.342, 4, 13009, 100
2026/09/29 09:31:32.342, 5, 13111, 100
2026/09/29 09:31:32.343, 6, 13229, 100
2026/09/29 09:31:32.343, 7, 13049, 100
2026/09/29 09:31:33.343, 0, 13271, 100
2026/09/29 09:31:33.343, 1, 13071, 100
2026/09/29 09:31:33.343, 2, 13233, 100
2026/09/29 09:31:33.343, 3, 13229, 100
2026/09/29 09:31:33.343, 4, 13009, 100
2026/09/29 09:31:33.343, 5, 13111, 100
2026/09/29 09:31:33.343, 6, 13229, 100
2026/09/29 09:31:33.343, 7, 13049, 100
2026/09/29 09:31:34.343, 0, 13271, 100
2026/09/29 09:31:34.343, 1, 13071, 100
2026/09/29 09:31:34.344, 2, 13233, 100
2026/09/29 09:31:34.344, 3, 13229, 100
2026/09/29 09:31:34.344, 4, 13009, 100
2026/09/29 09:31:34.344, 5, 13111, 100
2026/09/29 09:31:34.344, 6, 13229, 100
2026/09/29 09:31:34.344, 7, 13049, 100
2026/09/29 09:31:35.344, 0, 13271, 100
2026/09/29 09:31:35.344, 1, 13071, 100
2026/09/29 09:31:35.344, 2, 13233, 100
2026/09/29 09:31:35.344, 3, 13229, 100
2026/09/29 09:31:35.344, 4, 13009, 100
2026/09/29 09:31:35.345, 5, 13111, 100
2026/09/29 09:31:35.345, 6, 13229, 100
2026/09/29 09:31:35.345, 7, 13049, 100
2026/09/29 09:31:36.345, 0, 13271, 100
2026/09/29 09:31:36.345, 1, 13071, 100
2026/09/29 09:31:36.345, 2, 13233, 100
2026/09/29 09:31:36.345, 3, 13229, 100
2026/09/29 09:31:36.345, 4, 13009, 100
2026/09/29 09:31:36.345, 5, 13111, 100
2026/09/29 09:31:36.345, 6, 13229, 100
2026/09/29 09:31:36.345, 7, 13049, 100
2026/09/29 09:31:37.346, 0, 13271, 100
2026/09/29 09:31:37.346, 1, 13071, 100
2026/09/29 09:31:37.346, 2, 13233, 100
2026/09/29 09:31:37.346, 3, 13229, 100
2026/09/29 09:31:37.346, 4, 13009, 100
2026/09/29 09:31:37.346, 5, 13111, 100
2026/09/29 09:31:37.347, 6, 13229, 100
2026/09/29 09:31:37.347, 7, 13049, 100
2026/09/29 09:31:38.347, 0, 13271, 100
2026/09/29 09:31:38.347, 1, 13071, 100
2026/09/29 09:31:38.347, 2, 13233, 100
2026/09/29 09:31:38.347, 3, 13229, 100
2026/09/29 09:31:38.347, 4, 13009, 100
2026/09/29 09:31:38.347, 5, 13111, 100
2026/09/29 09:31:38.347, 6, 13229, 100
2026/09/29 09:31:38.347, 7, 13049, 100
2026/09/29 09:31:39.347, 0, 13271, 100
2026/09/29 09:31:39.347, 1, 13071, 100
2026/09/29 09:31:39.347, 2, 13233, 100
2026/09/29 09:31:39.347, 3, 13229, 100
2026/09/29 09:31:39.347, 4, 13009, 100
2026/09/29 09:31:39.348, 5, 13111, 100
2026/09/29 09:31:39.348, 6, 13229, 100
2026/09/29 09:31:39.348, 7, 13049, 100
2026/09/29 09:31:40.348, 0, 13405, 99
2026/09/29 09:31:40.348, 1, 13205, 99
2026/09/29 09:31:40.348, 2, 13367, 91
2026/09/29 09:31:40.348, 3, 13363, 97
2026/09/29 09:31:40.348, 4, 13145, 100
2026/09/29 09:31:40.348, 5, 13243, 89
2026/09/29 09:31:40.348, 6, 13365, 97
2026/09/29 09:31:40.348, 7, 13183, 100
2026/09/29 09:31:41.348, 0, 10505, 98
2026/09/29 09:31:41.348, 1, 7403, 98
2026/09/29 09:31:41.348, 2, 7455, 99
2026/09/29 09:31:41.348, 3, 7461, 99
2026/09/29 09:31:41.349, 4, 7417, 97
2026/09/29 09:31:41.349, 5, 7441, 99
2026/09/29 09:31:41.349, 6, 7399, 66
2026/09/29 09:31:41.349, 7, 7417, 98
2026/09/29 09:31:42.349, 0, 7046, 0
2026/09/29 09:31:42.533, 1, 7012, 0
2026/09/29 09:31:42.533, 2, 7064, 0
2026/09/29 09:31:42.533, 3, 7070, 0
2026/09/29 09:31:42.533, 4, 7026, 7
2026/09/29 09:31:42.533, 5, 7050, 0
2026/09/29 09:31:42.533, 6, 7008, 0
2026/09/29 09:31:42.533, 7, 7026, 7
2026/09/29 09:31:43.533, 0, 7046, 0
2026/09/29 09:31:43.533, 1, 7012, 0
2026/09/29 09:31:43.533, 2, 7064, 0
2026/09/29 09:31:43.534, 3, 7070, 0
2026/09/29 09:31:43.534, 4, 7026, 0
2026/09/29 09:31:43.534, 5, 7050, 0
2026/09/29 09:31:43.534, 6, 7008, 0
2026/09/29 09:31:43.534, 7, 7026, 0
2026/09/29 09:31:44.534, 0, 7020, 0
2026/09/29 09:31:44.535, 1, 7012, 0
2026/09/29 09:31:44.542, 2, 7022, 0
2026/09/29 09:31:44.550, 3, 7028, 0
2026/09/29 09:31:44.558, 4, 6984, 0
2026/09/29 09:31:44.566, 5, 7008, 0
2026/09/29 09:31:44.574, 6, 6966, 0
2026/09/29 09:31:44.582, 7, 6984, 15
2026/09/29 09:31:45.590, 0, 7004, 0
2026/09/29 09:31:45.590, 1, 6970, 0
2026/09/29 09:31:45.590, 2, 7022, 0
2026/09/29 09:31:45.590, 3, 7028, 0
2026/09/29 09:31:45.590, 4, 6984, 0
2026/09/29 09:31:45.591, 5, 7008, 0
2026/09/29 09:31:45.591, 6, 6966, 0
2026/09/29 09:31:45.591, 7, 6984, 0
2026/09/29 09:31:46.591, 0, 7004, 0
2026/09/29 09:31:46.591, 1, 6970, 0
2026/09/29 09:31:46.591, 2, 7022, 0
2026/09/29 09:31:46.591, 3, 7028, 0
2026/09/29 09:31:46.591, 4, 6984, 0
2026/09/29 09:31:46.591, 5, 7008, 0
2026/09/29 09:31:46.591, 6, 6966, 0
2026/09/29 09:31:46.591, 7, 6984, 0
2026/09/29 09:31:47.591, 0, 7004, 0
2026/09/29 09:31:54.416, 1, 4, 0
2026/09/29 09:32:17.532, 2, 4, 0
2026/09/29 09:32:17.585, 3, 4, 0
2026/09/29 09:32:17.585, 4, 4, 0
2026/09/29 09:32:17.586, 5, 4, 0
2026/09/29 09:32:17.586, 6, 4, 0
2026/09/29 09:32:17.586, 7, 4, 0
