2026/09/29 07:33:13.283, 0, 1, 0
2026/09/29 07:33:13.286, 1, 1, 0
2026/09/29 07:33:13.288, 2, 1, 0
2026/09/29 07:33:13.290, 3, 1, 0
2026/09/29 07:33:13.292, 4, 1, 0
2026/09/29 07:33:13.295, 5, 1, 0
2026/09/29 07:33:13.297, 6, 1, 0
2026/09/29 07:33:13.299, 7, 1, 0
2026/09/29 07:33:14.301, 0, 1, 0
2026/09/29 07:33:14.301, 1, 1, 0
2026/09/29 07:33:14.301, 2, 1, 0
2026/09/29 07:33:14.301, 3, 1, 0
2026/09/29 07:33:14.301, 4, 1, 0
2026/09/29 07:33:14.301, 5, 1, 0
2026/09/29 07:33:14.301, 6, 1, 0
2026/09/29 07:33:14.301, 7, 1, 0
2026/09/29 07:33:15.301, 0, 4, 0
2026/09/29 07:33:15.312, 1, 4, 0
2026/09/29 07:33:15.312, 2, 1, 0
2026/09/29 07:33:15.312, 3, 1, 0
2026/09/29 07:33:15.312, 4, 1, 0
2026/09/29 07:33:15.312, 5, 1, 0
2026/09/29 07:33:15.312, 6, 1, 0
2026/09/29 07:33:15.312, 7, 1, 0
2026/09/29 07:33:16.312, 0, 4, 0
2026/09/29 07:33:16.312, 1, 4, 0
2026/09/29 07:33:16.312, 2, 4, 0
2026/09/29 07:33:16.312, 3, 4, 0
2026/09/29 07:33:16.312, 4, 4, 0
2026/09/29 07:33:16.312, 5, 4, 0
2026/09/29 07:33:16.312, 6, 4, 0
2026/09/29 07:33:16.312, 7, 4, 0
2026/09/29 07:33:17.313, 0, 4, 0
2026/09/29 07:33:17.313, 1, 4, 0
2026/09/29 07:33:17.313, 2, 4, 0
2026/09/29 07:33:17.313, 3, 4, 0
2026/09/29 07:33:17.313, 4, 4, 0
2026/09/29 07:33:17.313, 5, 4, 0
2026/09/29 07:33:17.313, 6, 4, 0
2026/09/29 07:33:17.313, 7, 4, 0
2026/09/29 07:33:18.313, 0, 4, 0
2026/09/29 07:33:18.313, 1, 4, 0
2026/09/29 07:33:18.313, 2, 4, 0
2026/09/29 07:33:18.313, 3, 4, 0
2026/09/29 07:33:18.313, 4, 4, 0
2026/09/29 07:33:18.313, 5, 4, 0
2026/09/29 07:33:18.314, 6, 4, 0
2026/09/29 07:33:18.314, 7, 4, 0
2026/09/29 07:33:19.314, 0, 4, 0
2026/09/29 07:33:19.314, 1, 4, 0
2026/09/29 07:33:19.314, 2, 4, 0
2026/09/29 07:33:19.314, 3, 4, 0
2026/09/29 07:33:19.314, 4, 4, 0
2026/09/29 07:33:19.314, 5, 4, 0
2026/09/29 07:33:19.314, 6, 4, 0
2026/09/29 07:33:19.314, 7, 4, 0
2026/09/29 07:33:20.314, 0, 4, 0
2026/09/29 07:33:20.315, 1, 4, 0
2026/09/29 07:33:20.315, 2, 4, 0
2026/09/29 07:33:20.315, 3, 4, 0
2026/09/29 07:33:20.315, 4, 4, 0
2026/09/29 07:33:20.315, 5, 4, 0
2026/09/29 07:33:20.315, 6, 4, 0
2026/09/29 07:33:20.315, 7, 4, 0
2026/09/29 07:33:21.315, 0, 4, 0
2026/09/29 07:33:21.315, 1, 4, 0
2026/09/29 07:33:21.315, 2, 4, 0
2026/09/29 07:33:21.315, 3, 4, 0
2026/09/29 07:33:21.315, 4, 4, 0
2026/09/29 07:33:21.315, 5, 4, 0
2026/09/29 07:33:21.316, 6, 4, 0
2026/09/29 07:33:21.316, 7, 4, 0
2026/09/29 07:33:22.316, 0, 4, 0
2026/09/29 07:33:22.316, 1, 4, 0
2026/09/29 07:33:22.316, 2, 4, 0
2026/09/29 07:33:22.316, 3, 4, 0
2026/09/29 07:33:22.316, 4, 4, 0
2026/09/29 07:33:22.316, 5, 4, 0
2026/09/29 07:33:22.316, 6, 4, 0
2026/09/29 07:33:22.316, 7, 4, 0
2026/09/29 07:33:23.317, 0, 4, 0
2026/09/29 07:33:23.317, 1, 4, 0
2026/09/29 07:33:23.317, 2, 4, 0
2026/09/29 07:33:23.317, 3, 4, 0
2026/09/29 07:33:23.317, 4, 4, 0
2026/09/29 07:33:23.317, 5, 4, 0
2026/09/29 07:33:23.317, 6, 4, 0
2026/09/29 07:33:23.317, 7, 4, 0
2026/09/29 07:33:24.317, 0, 4, 0
2026/09/29 07:33:24.317, 1, 4, 0
2026/09/29 07:33:24.317, 2, 4, 0
2026/09/29 07:33:24.317, 3, 4, 0
2026/09/29 07:33:24.317, 4, 4, 0
2026/09/29 07:33:24.317, 5, 4, 0
2026/09/29 07:33:24.318, 6, 4, 0
2026/09/29 07:33:24.318, 7, 4, 0
2026/09/29 07:33:25.318, 0, 4, 0
2026/09/29 07:33:25.318, 1, 4, 0
2026/09/29 07:33:25.318, 2, 4, 0
2026/09/29 07:33:25.318, 3, 4, 0
2026/09/29 07:33:25.318, 4, 4, 0
2026/09/29 07:33:25.318, 5, 4, 0
2026/09/29 07:33:25.318, 6, 4, 0
2026/09/29 07:33:25.318, 7, 4, 0
2026/09/29 07:33:26.318, 0, 4, 0
2026/09/29 07:33:26.318, 1, 4, 0
2026/09/29 07:33:26.318, 2, 4, 0
2026/09/29 07:33:26.319, 3, 4, 0
2026/09/29 07:33:26.319, 4, 4, 0
2026/09/29 07:33:26.319, 5, 4, 0
2026/09/29 07:33:26.319, 6, 4, 0
2026/09/29 07:33:26.319, 7, 4, 0
2026/09/29 07:33:27.319, 0, 4, 0
2026/09/29 07:33:27.319, 1, 4, 0
2026/09/29 07:33:27.319, 2, 4, 0
2026/09/29 07:33:27.319, 3, 4, 0
2026/09/29 07:33:27.319, 4, 4, 0
2026/09/29 07:33:27.319, 5, 4, 0
2026/09/29 07:33:27.319, 6, 4, 0
2026/09/29 07:33:27.319, 7, 4, 0
2026/09/29 07:33:28.319, 0, 4, 0
2026/09/29 07:33:28.320, 1, 4, 0
2026/09/29 07:33:28.320, 2, 4, 0
2026/09/29 07:33:28.320, 3, 4, 0
2026/09/29 07:33:28.320, 4, 4, 0
2026/09/29 07:33:28.320, 5, 4, 0
2026/09/29 07:33:28.320, 6, 4, 0
2026/09/29 07:33:28.320, 7, 4, 0
2026/09/29 07:33:29.320, 0, 4, 0
2026/09/29 07:33:29.320, 1, 4, 0
2026/09/29 07:33:29.320, 2, 4, 0
2026/09/29 07:33:29.320, 3, 4, 0
2026/09/29 07:33:29.320, 4, 4, 0
2026/09/29 07:33:29.320, 5, 4, 0
2026/09/29 07:33:29.320, 6, 4, 0
2026/09/29 07:33:29.320, 7, 4, 0
2026/09/29 07:33:30.321, 0, 4, 0
2026/09/29 07:33:30.321, 1, 4, 0
2026/09/29 07:33:30.321, 2, 4, 0
2026/09/29 07:33:30.321, 3, 4, 0
2026/09/29 07:33:30.321, 4, 4, 0
2026/09/29 07:33:30.321, 5, 4, 0
2026/09/29 07:33:30.321, 6, 4, 0
2026/09/29 07:33:30.321, 7, 4, 0
2026/09/29 07:33:31.321, 0, 4, 0
2026/09/29 07:33:31.321, 1, 4, 0
2026/09/29 07:33:31.321, 2, 4, 0
2026/09/29 07:33:31.321, 3, 4, 0
2026/09/29 07:33:31.321, 4, 4, 0
2026/09/29 07:33:31.321, 5, 4, 0
2026/09/29 07:33:31.322, 6, 4, 0
2026/09/29 07:33:31.322, 7, 4, 0
2026/09/29 07:33:32.322, 0, 4, 0
2026/09/29 07:33:32.322, 1, 4, 0
2026/09/29 07:33:32.322, 2, 4, 0
2026/09/29 07:33:32.322, 3, 4, 0
2026/09/29 07:33:32.322, 4, 4, 0
2026/09/29 07:33:32.322, 5, 4, 0
2026/09/29 07:33:32.322, 6, 4, 0
2026/09/29 07:33:32.322, 7, 4, 0
2026/09/29 07:33:33.322, 0, 4, 0
2026/09/29 07:33:33.322, 1, 4, 0
2026/09/29 07:33:33.322, 2, 4, 0
2026/09/29 07:33:33.323, 3, 4, 0
2026/09/29 07:33:33.323, 4, 4, 0
2026/09/29 07:33:33.323, 5, 4, 0
2026/09/29 07:33:33.323, 6, 4, 0
2026/09/29 07:33:33.323, 7, 4, 0
2026/09/29 07:33:34.323, 0, 4, 0
2026/09/29 07:33:34.323, 1, 4, 0
2026/09/29 07:33:34.323, 2, 4, 0
2026/09/29 07:33:34.323, 3, 4, 0
2026/09/29 07:33:34.323, 4, 4, 0
2026/09/29 07:33:34.323, 5, 4, 0
2026/09/29 07:33:34.323, 6, 4, 0
2026/09/29 07:33:34.323, 7, 4, 0
2026/09/29 07:33:35.323, 0, 4, 0
2026/09/29 07:33:35.324, 1, 4, 0
2026/09/29 07:33:35.324, 2, 4, 0
2026/09/29 07:33:35.324, 3, 4, 0
2026/09/29 07:33:35.324, 4, 4, 0
2026/09/29 07:33:35.324, 5, 4, 0
2026/09/29 07:33:35.324, 6, 4, 0
2026/09/29 07:33:35.324, 7, 4, 0
2026/09/29 07:33:36.324, 0, 4, 0
2026/09/29 07:33:36.325, 1, 4, 0
2026/09/29 07:33:36.325, 2, 4, 0
2026/09/29 07:33:36.325, 3, 4, 0
2026/09/29 07:33:36.325, 4, 4, 0
2026/09/29 07:33:36.325, 5, 4, 0
2026/09/29 07:33:36.325, 6, 4, 0
2026/09/29 07:33:36.325, 7, 4, 0
2026/09/29 07:33:37.325, 0, 396, 0
2026/09/29 07:33:37.354, 1, 396, 0
2026/09/29 07:33:37.354, 2, 396, 0
2026/09/29 07:33:37.354, 3, 21, 0
2026/09/29 07:33:37.354, 4, 4, 0
2026/09/29 07:33:37.354, 5, 4, 0
2026/09/29 07:33:37.354, 6, 4, 0
2026/09/29 07:33:37.354, 7, 4, 0
2026/09/29 07:33:38.355, 0, 396, 0
2026/09/29 07:33:38.355, 1, 396, 0
2026/09/29 07:33:38.355, 2, 396, 0
2026/09/29 07:33:38.355, 3, 396, 0
2026/09/29 07:33:38.355, 4, 396, 0
2026/09/29 07:33:38.355, 5, 396, 0
2026/09/29 07:33:38.355, 6, 396, 3
2026/09/29 07:33:38.355, 7, 396, 0
2026/09/29 07:33:39.355, 0, 396, 0
2026/09/29 07:33:39.355, 1, 396, 0
2026/09/29 07:33:39.355, 2, 396, 0
2026/09/29 07:33:39.355, 3, 396, 0
2026/09/29 07:33:39.355, 4, 396, 0
2026/09/29 07:33:39.355, 5, 396, 0
2026/09/29 07:33:39.356, 6, 396, 0
2026/09/29 07:33:39.356, 7, 396, 0
2026/09/29 07:33:40.356, 0, 396, 0
2026/09/29 07:33:40.356, 1, 396, 0
2026/09/29 07:33:40.356, 2, 396, 0
2026/09/29 07:33:40.356, 3, 396, 0
2026/09/29 07:33:40.356, 4, 396, 0
2026/09/29 07:33:40.356, 5, 396, 0
2026/09/29 07:33:40.356, 6, 396, 0
2026/09/29 07:33:40.356, 7, 396, 0
2026/09/29 07:33:41.357, 0, 396, 0
2026/09/29 07:33:41.357, 1, 396, 0
2026/09/29 07:33:41.357, 2, 396, 0
2026/09/29 07:33:41.357, 3, 396, 0
2026/09/29 07:33:41.357, 4, 396, 0
2026/09/29 07:33:41.357, 5, 396, 0
2026/09/29 07:33:41.357, 6, 396, 0
2026/09/29 07:33:41.357, 7, 396, 0
2026/09/29 07:33:42.357, 0, 396, 0
2026/09/29 07:33:42.357, 1, 396, 0
2026/09/29 07:33:42.357, 2, 396, 0
2026/09/29 07:33:42.358, 3, 396, 0
2026/09/29 07:33:42.358, 4, 396, 0
2026/09/29 07:33:42.358, 5, 396, 0
2026/09/29 07:33:42.358, 6, 396, 0
2026/09/29 07:33:42.358, 7, 396, 0
2026/09/29 07:33:43.358, 0, 396, 0
2026/09/29 07:33:43.358, 1, 396, 0
2026/09/29 07:33:43.358, 2, 396, 0
2026/09/29 07:33:43.358, 3, 396, 0
2026/09/29 07:33:43.358, 4, 396, 0
2026/09/29 07:33:43.358, 5, 396, 0
2026/09/29 07:33:43.358, 6, 396, 0
2026/09/29 07:33:43.358, 7, 396, 0
2026/09/29 07:33:44.359, 0, 396, 0
2026/09/29 07:33:44.359, 1, 396, 0
2026/09/29 07:33:44.359, 2, 396, 0
2026/09/29 07:33:44.359, 3, 396, 0
2026/09/29 07:33:44.359, 4, 396, 0
2026/09/29 07:33:44.359, 5, 396, 0
2026/09/29 07:33:44.359, 6, 396, 0
2026/09/29 07:33:44.359, 7, 396, 0
2026/09/29 07:33:45.359, 0, 396, 0
2026/09/29 07:33:45.360, 1, 396, 0
2026/09/29 07:33:45.360, 2, 396, 0
2026/09/29 07:33:45.360, 3, 396, 0
2026/09/29 07:33:45.360, 4, 396, 0
2026/09/29 07:33:45.360, 5, 396, 0
2026/09/29 07:33:45.360, 6, 396, 0
2026/09/29 07:33:45.360, 7, 396, 0
2026/09/29 07:33:46.360, 0, 396, 0
2026/09/29 07:33:46.361, 1, 396, 0
2026/09/29 07:33:46.361, 2, 396, 0
2026/09/29 07:33:46.361, 3, 396, 0
2026/09/29 07:33:46.361, 4, 396, 0
2026/09/29 07:33:46.361, 5, 396, 0
2026/09/29 07:33:46.361, 6, 396, 0
2026/09/29 07:33:46.361, 7, 396, 0
2026/09/29 07:33:47.361, 0, 396, 0
2026/09/29 07:33:47.361, 1, 396, 0
2026/09/29 07:33:47.361, 2, 396, 0
2026/09/29 07:33:47.361, 3, 396, 0
2026/09/29 07:33:47.361, 4, 396, 0
2026/09/29 07:33:47.361, 5, 396, 0
2026/09/29 07:33:47.361, 6, 396, 0
2026/09/29 07:33:47.361, 7, 396, 0
2026/09/29 07:33:48.362, 0, 396, 0
2026/09/29 07:33:48.362, 1, 396, 0
2026/09/29 07:33:48.362, 2, 396, 0
2026/09/29 07:33:48.362, 3, 396, 0
2026/09/29 07:33:48.362, 4, 396, 0
2026/09/29 07:33:48.362, 5, 396, 0
2026/09/29 07:33:48.362, 6, 396, 0
2026/09/29 07:33:48.362, 7, 396, 0
2026/09/29 07:33:49.362, 0, 396, 0
2026/09/29 07:33:49.362, 1, 396, 0
2026/09/29 07:33:49.363, 2, 396, 0
2026/09/29 07:33:49.363, 3, 396, 0
2026/09/29 07:33:49.363, 4, 396, 0
2026/09/29 07:33:49.363, 5, 396, 0
2026/09/29 07:33:49.363, 6, 396, 0
2026/09/29 07:33:49.363, 7, 396, 0
2026/09/29 07:33:50.363, 0, 396, 0
2026/09/29 07:33:50.363, 1, 396, 0
2026/09/29 07:33:50.363, 2, 396, 0
2026/09/29 07:33:50.363, 3, 396, 0
2026/09/29 07:33:50.363, 4, 396, 0
2026/09/29 07:33:50.363, 5, 396, 0
2026/09/29 07:33:50.363, 6, 396, 0
2026/09/29 07:33:50.363, 7, 396, 0
2026/09/29 07:33:51.364, 0, 396, 0
2026/09/29 07:33:51.364, 1, 396, 0
2026/09/29 07:33:51.364, 2, 396, 0
2026/09/29 07:33:51.364, 3, 396, 0
2026/09/29 07:33:51.364, 4, 396, 0
2026/09/29 07:33:51.364, 5, 396, 0
2026/09/29 07:33:51.364, 6, 396, 0
2026/09/29 07:33:51.364, 7, 396, 0
2026/09/29 07:33:52.364, 0, 396, 0
2026/09/29 07:33:52.364, 1, 396, 0
2026/09/29 07:33:52.364, 2, 396, 0
2026/09/29 07:33:52.365, 3, 396, 0
2026/09/29 07:33:52.365, 4, 396, 0
2026/09/29 07:33:52.365, 5, 396, 0
2026/09/29 07:33:52.365, 6, 396, 0
2026/09/29 07:33:52.365, 7, 396, 0
2026/09/29 07:33:53.365, 0, 415, 0
2026/09/29 07:33:53.370, 1, 396, 0
2026/09/29 07:33:53.370, 2, 396, 0
2026/09/29 07:33:53.370, 3, 396, 0
2026/09/29 07:33:53.371, 4, 412, 0
2026/09/29 07:33:53.371, 5, 396, 0
2026/09/29 07:33:53.371, 6, 396, 0
2026/09/29 07:33:53.371, 7, 413, 0
2026/09/29 07:33:54.372, 0, 787, 0
2026/09/29 07:33:54.373, 1, 787, 0
2026/09/29 07:33:54.373, 2, 787, 3
2026/09/29 07:33:54.373, 3, 787, 0
2026/09/29 07:33:54.373, 4, 787, 0
2026/09/29 07:33:54.373, 5, 427, 0
2026/09/29 07:33:54.373, 6, 787, 0
2026/09/29 07:33:54.373, 7, 787, 0
2026/09/29 07:33:55.373, 0, 1061, 2
2026/09/29 07:33:55.378, 1, 1061, 13
2026/09/29 07:33:55.378, 2, 1061, 15
2026/09/29 07:33:55.379, 3, 1061, 0
2026/09/29 07:33:55.379, 4, 1061, 10
2026/09/29 07:33:55.379, 5, 1061, 15
2026/09/29 07:33:55.380, 6, 1061, 0
2026/09/29 07:33:55.380, 7, 1061, 0
2026/09/29 07:33:56.380, 0, 1159, 0
2026/09/29 07:33:56.380, 1, 1159, 0
2026/09/29 07:33:56.380, 2, 1159, 0
2026/09/29 07:33:56.380, 3, 1159, 0
2026/09/29 07:33:56.380, 4, 1159, 0
2026/09/29 07:33:56.380, 5, 1159, 0
2026/09/29 07:33:56.381, 6, 1159, 0
2026/09/29 07:33:56.381, 7, 1159, 0
2026/09/29 07:33:57.381, 0, 1157, 0
2026/09/29 07:33:57.381, 1, 1159, 0
2026/09/29 07:33:57.381, 2, 1159, 0
2026/09/29 07:33:57.381, 3, 1159, 0
2026/09/29 07:33:57.381, 4, 1159, 0
2026/09/29 07:33:57.381, 5, 1159, 0
2026/09/29 07:33:57.381, 6, 1159, 0
2026/09/29 07:33:57.381, 7, 1157, 0
2026/09/29 07:33:58.381, 0, 1157, 0
2026/09/29 07:33:58.382, 1, 1157, 0
2026/09/29 07:33:58.382, 2, 1157, 0
2026/09/29 07:33:58.382, 3, 1157, 0
2026/09/29 07:33:58.382, 4, 1157, 0
2026/09/29 07:33:58.382, 5, 1157, 0
2026/09/29 07:33:58.383, 6, 1157, 0
2026/09/29 07:33:58.383, 7, 1157, 0
2026/09/29 07:33:59.383, 0, 1157, 0
2026/09/29 07:33:59.383, 1, 1157, 0
2026/09/29 07:33:59.383, 2, 1157, 0
2026/09/29 07:33:59.383, 3, 1157, 0
2026/09/29 07:33:59.384, 4, 1157, 0
2026/09/29 07:33:59.384, 5, 1157, 0
2026/09/29 07:33:59.384, 6, 1157, 0
2026/09/29 07:33:59.384, 7, 1157, 0
2026/09/29 07:34:00.384, 0, 1157, 0
2026/09/29 07:34:00.385, 1, 1157, 0
2026/09/29 07:34:00.385, 2, 1157, 0
2026/09/29 07:34:00.385, 3, 1157, 0
2026/09/29 07:34:00.385, 4, 1157, 0
2026/09/29 07:34:00.385, 5, 1157, 0
2026/09/29 07:34:00.385, 6, 1157, 0
2026/09/29 07:34:00.385, 7, 1157, 0
2026/09/29 07:34:01.385, 0, 1157, 0
2026/09/29 07:34:01.386, 1, 1157, 0
2026/09/29 07:34:01.386, 2, 1157, 0
2026/09/29 07:34:01.386, 3, 1157, 0
2026/09/29 07:34:01.386, 4, 1157, 0
2026/09/29 07:34:01.386, 5, 1157, 0
2026/09/29 07:34:01.386, 6, 1157, 0
2026/09/29 07:34:01.386, 7, 1157, 0
2026/09/29 07:34:02.386, 0, 1157, 0
2026/09/29 07:34:02.386, 1, 1157, 0
2026/09/29 07:34:02.386, 2, 1157, 0
2026/09/29 07:34:02.386, 3, 1157, 0
2026/09/29 07:34:02.386, 4, 1157, 0
2026/09/29 07:34:02.387, 5, 1157, 0
2026/09/29 07:34:02.387, 6, 1157, 0
2026/09/29 07:34:02.387, 7, 1157, 0
2026/09/29 07:34:03.387, 0, 1157, 0
2026/09/29 07:34:03.387, 1, 1157, 0
2026/09/29 07:34:03.387, 2, 1157, 0
2026/09/29 07:34:03.387, 3, 1157, 0
2026/09/29 07:34:03.387, 4, 1157, 0
2026/09/29 07:34:03.387, 5, 1157, 0
2026/09/29 07:34:03.387, 6, 1157, 0
2026/09/29 07:34:03.387, 7, 1157, 0
2026/09/29 07:34:04.387, 0, 1157, 0
2026/09/29 07:34:04.388, 1, 1157, 0
2026/09/29 07:34:04.389, 2, 1157, 0
2026/09/29 07:34:04.389, 3, 1157, 0
2026/09/29 07:34:04.389, 4, 1157, 0
2026/09/29 07:34:04.389, 5, 1157, 0
2026/09/29 07:34:04.389, 6, 1157, 0
2026/09/29 07:34:04.389, 7, 1157, 0
2026/09/29 07:34:05.389, 0, 1157, 0
2026/09/29 07:34:05.390, 1, 1157, 0
2026/09/29 07:34:05.390, 2, 1157, 0
2026/09/29 07:34:05.390, 3, 1157, 0
2026/09/29 07:34:05.390, 4, 1157, 0
2026/09/29 07:34:05.390, 5, 1157, 0
2026/09/29 07:34:05.390, 6, 1157, 0
2026/09/29 07:34:05.390, 7, 1157, 0
2026/09/29 07:34:06.390, 0, 1157, 0
2026/09/29 07:34:06.390, 1, 1157, 0
2026/09/29 07:34:06.390, 2, 1157, 0
2026/09/29 07:34:06.391, 3, 1157, 0
2026/09/29 07:34:06.391, 4, 1157, 0
2026/09/29 07:34:06.391, 5, 1157, 0
2026/09/29 07:34:06.391, 6, 1157, 0
2026/09/29 07:34:06.391, 7, 1157, 0
2026/09/29 07:34:07.391, 0, 1157, 0
2026/09/29 07:34:07.391, 1, 1157, 0
2026/09/29 07:34:07.391, 2, 1157, 0
2026/09/29 07:34:07.391, 3, 1157, 0
2026/09/29 07:34:07.391, 4, 1157, 0
2026/09/29 07:34:07.391, 5, 1157, 0
2026/09/29 07:34:07.392, 6, 1157, 0
2026/09/29 07:34:07.392, 7, 1157, 0
2026/09/29 07:34:08.392, 0, 1157, 0
2026/09/29 07:34:08.397, 1, 1157, 0
2026/09/29 07:34:08.397, 2, 1157, 0
2026/09/29 07:34:08.397, 3, 1157, 0
2026/09/29 07:34:08.397, 4, 1157, 0
2026/09/29 07:34:08.397, 5, 1157, 0
2026/09/29 07:34:08.397, 6, 1157, 0
2026/09/29 07:34:08.397, 7, 1157, 0
2026/09/29 07:34:09.397, 0, 1157, 0
2026/09/29 07:34:09.398, 1, 1157, 0
2026/09/29 07:34:09.398, 2, 1157, 0
2026/09/29 07:34:09.398, 3, 1157, 0
2026/09/29 07:34:09.398, 4, 1157, 0
2026/09/29 07:34:09.398, 5, 1157, 0
2026/09/29 07:34:09.398, 6, 1157, 0
2026/09/29 07:34:09.398, 7, 1157, 0
2026/09/29 07:34:10.398, 0, 1157, 0
2026/09/29 07:34:10.398, 1, 1157, 0
2026/09/29 07:34:10.398, 2, 1157, 0
2026/09/29 07:34:10.398, 3, 1157, 0
2026/09/29 07:34:10.398, 4, 1157, 0
2026/09/29 07:34:10.398, 5, 1157, 0
2026/09/29 07:34:10.398, 6, 1157, 0
2026/09/29 07:34:10.398, 7, 1157, 0
2026/09/29 07:34:11.399, 0, 1157, 0
2026/09/29 07:34:11.399, 1, 1157, 0
2026/09/29 07:34:11.399, 2, 1157, 0
2026/09/29 07:34:11.399, 3, 1157, 0
2026/09/29 07:34:11.399, 4, 1157, 0
2026/09/29 07:34:11.399, 5, 1157, 0
2026/09/29 07:34:11.399, 6, 1157, 0
2026/09/29 07:34:11.399, 7, 1157, 0
2026/09/29 07:34:12.399, 0, 1157, 0
2026/09/29 07:34:12.399, 1, 1157, 0
2026/09/29 07:34:12.399, 2, 1157, 0
2026/09/29 07:34:12.400, 3, 1157, 0
2026/09/29 07:34:12.400, 4, 1157, 0
2026/09/29 07:34:12.400, 5, 1157, 0
2026/09/29 07:34:12.400, 6, 1157, 0
2026/09/29 07:34:12.400, 7, 1157, 0
2026/09/29 07:34:13.400, 0, 1157, 0
2026/09/29 07:34:13.400, 1, 1157, 0
2026/09/29 07:34:13.400, 2, 1157, 0
2026/09/29 07:34:13.400, 3, 1157, 0
2026/09/29 07:34:13.400, 4, 1157, 0
2026/09/29 07:34:13.400, 5, 1157, 0
2026/09/29 07:34:13.400, 6, 1157, 0
2026/09/29 07:34:13.400, 7, 1157, 0
2026/09/29 07:34:14.401, 0, 1157, 0
2026/09/29 07:34:14.401, 1, 1157, 0
2026/09/29 07:34:14.401, 2, 1157, 0
2026/09/29 07:34:14.401, 3, 1163, 0
2026/09/29 07:34:14.401, 4, 1161, 0
2026/09/29 07:34:14.401, 5, 1161, 0
2026/09/29 07:34:14.407, 6, 1157, 0
2026/09/29 07:34:14.407, 7, 1157, 0
2026/09/29 07:34:15.409, 0, 1157, 0
2026/09/29 07:34:15.410, 1, 1161, 0
2026/09/29 07:34:15.410, 2, 1157, 0
2026/09/29 07:34:15.410, 3, 1167, 0
2026/09/29 07:34:15.410, 4, 1163, 0
2026/09/29 07:34:15.424, 5, 1163, 0
2026/09/29 07:34:15.424, 6, 1157, 0
2026/09/29 07:34:15.424, 7, 1161, 0
2026/09/29 07:34:16.424, 0, 1161, 0
2026/09/29 07:34:16.431, 1, 1163, 3
2026/09/29 07:34:16.431, 2, 1157, 0
2026/09/29 07:34:16.456, 3, 1169, 0
2026/09/29 07:34:16.459, 4, 1165, 0
2026/09/29 07:34:16.459, 5, 1167, 3
2026/09/29 07:34:16.459, 6, 1161, 0
2026/09/29 07:34:16.459, 7, 1163, 0
2026/09/29 07:34:17.459, 0, 1163, 0
2026/09/29 07:34:17.459, 1, 1167, 0
2026/09/29 07:34:17.459, 2, 1163, 3
2026/09/29 07:34:17.459, 3, 1173, 0
2026/09/29 07:34:17.459, 4, 1169, 0
2026/09/29 07:34:17.462, 5, 1169, 0
2026/09/29 07:34:17.462, 6, 1163, 0
2026/09/29 07:34:17.463, 7, 1165, 0
2026/09/29 07:34:18.463, 0, 1167, 0
2026/09/29 07:34:18.463, 1, 1169, 0
2026/09/29 07:34:18.463, 2, 1163, 0
2026/09/29 07:34:18.480, 3, 1175, 0
2026/09/29 07:34:18.480, 4, 1171, 0
2026/09/29 07:34:18.482, 5, 1173, 3
2026/09/29 07:34:18.482, 6, 1167, 0
2026/09/29 07:34:18.482, 7, 1169, 1
2026/09/29 07:34:19.483, 0, 1169, 0
2026/09/29 07:34:19.483, 1, 1171, 0
2026/09/29 07:34:19.495, 2, 1167, 0
2026/09/29 07:34:19.495, 3, 1177, 0
2026/09/29 07:34:19.496, 4, 1175, 0
2026/09/29 07:34:19.496, 5, 1175, 0
2026/09/29 07:34:19.502, 6, 1169, 0
2026/09/29 07:34:19.503, 7, 1171, 0
2026/09/29 07:34:20.503, 0, 1171, 1
2026/09/29 07:34:20.506, 1, 1175, 3
2026/09/29 07:34:20.508, 2, 1169, 0
2026/09/29 07:34:20.508, 3, 1181, 3
2026/09/29 07:34:20.509, 4, 1177, 0
2026/09/29 07:34:20.509, 5, 1179, 3
2026/09/29 07:34:20.510, 6, 1171, 0
2026/09/29 07:34:20.510, 7, 1175, 0
2026/09/29 07:34:21.511, 0, 1175, 0
2026/09/29 07:34:21.511, 1, 1177, 3
2026/09/29 07:34:21.511, 2, 1171, 0
2026/09/29 07:34:21.511, 3, 1183, 0
2026/09/29 07:34:21.511, 4, 1179, 3
2026/09/29 07:34:21.511, 5, 1181, 0
2026/09/29 07:34:21.511, 6, 1175, 0
2026/09/29 07:34:21.511, 7, 1175, 0
2026/09/29 07:34:22.512, 0, 1177, 0
2026/09/29 07:34:22.514, 1, 1181, 0
2026/09/29 07:34:22.514, 2, 1175, 0
2026/09/29 07:34:22.514, 3, 1187, 1
2026/09/29 07:34:22.514, 4, 1181, 0
2026/09/29 07:34:22.515, 5, 1183, 0
2026/09/29 07:34:22.516, 6, 1177, 3
2026/09/29 07:34:22.516, 7, 1177, 0
2026/09/29 07:34:23.517, 0, 1179, 0
2026/09/29 07:34:23.517, 1, 1181, 3
2026/09/29 07:34:23.517, 2, 1177, 0
2026/09/29 07:34:23.517, 3, 1189, 0
2026/09/29 07:34:23.517, 4, 1185, 0
2026/09/29 07:34:23.517, 5, 1187, 0
2026/09/29 07:34:23.517, 6, 1179, 0
2026/09/29 07:34:23.517, 7, 1181, 0
2026/09/29 07:34:24.517, 0, 1181, 0
2026/09/29 07:34:24.518, 1, 1185, 0
2026/09/29 07:34:24.518, 2, 1179, 0
2026/09/29 07:34:24.518, 3, 1193, 0
2026/09/29 07:34:24.518, 4, 1187, 3
2026/09/29 07:34:24.518, 5, 1187, 0
2026/09/29 07:34:24.518, 6, 1181, 0
2026/09/29 07:34:24.518, 7, 1181, 0
2026/09/29 07:34:25.518, 0, 1181, 0
2026/09/29 07:34:25.518, 1, 1187, 0
2026/09/29 07:34:25.518, 2, 1181, 0
2026/09/29 07:34:25.518, 3, 1195, 0
2026/09/29 07:34:25.518, 4, 1187, 0
2026/09/29 07:34:25.518, 5, 1191, 0
2026/09/29 07:34:25.518, 6, 1181, 0
2026/09/29 07:34:25.518, 7, 1183, 0
2026/09/29 07:34:26.519, 0, 1183, 0
2026/09/29 07:34:26.540, 1, 1189, 0
2026/09/29 07:34:26.576, 2, 1181, 0
2026/09/29 07:34:26.580, 3, 1199, 0
2026/09/29 07:34:26.585, 4, 1191, 0
2026/09/29 07:34:26.586, 5, 1193, 0
2026/09/29 07:34:26.586, 6, 1185, 0
2026/09/29 07:34:26.587, 7, 1187, 0
2026/09/29 07:34:27.588, 0, 1187, 2
2026/09/29 07:34:27.588, 1, 1191, 1
2026/09/29 07:34:27.589, 2, 1185, 0
2026/09/29 07:34:27.589, 3, 1199, 0
2026/09/29 07:34:27.589, 4, 1193, 0
2026/09/29 07:34:27.589, 5, 1197, 0
2026/09/29 07:34:27.589, 6, 1187, 0
2026/09/29 07:34:27.589, 7, 1187, 0
2026/09/29 07:34:28.589, 0, 1187, 0
2026/09/29 07:34:28.591, 1, 1193, 1
2026/09/29 07:34:28.591, 2, 1187, 0
2026/09/29 07:34:28.591, 3, 1205, 3
2026/09/29 07:34:28.591, 4, 1193, 3
2026/09/29 07:34:28.591, 5, 1199, 1
2026/09/29 07:34:28.591, 6, 1187, 0
2026/09/29 07:34:28.591, 7, 1189, 0
2026/09/29 07:34:29.591, 0, 1189, 0
2026/09/29 07:34:29.595, 1, 1195, 0
2026/09/29 07:34:29.599, 2, 1189, 0
2026/09/29 07:34:29.600, 3, 1207, 0
2026/09/29 07:34:29.600, 4, 1197, 0
2026/09/29 07:34:29.601, 5, 1203, 0
2026/09/29 07:34:29.602, 6, 1191, 0
2026/09/29 07:34:29.602, 7, 1193, 0
2026/09/29 07:34:30.603, 0, 1193, 0
2026/09/29 07:34:30.615, 1, 1199, 0
2026/09/29 07:34:30.641, 2, 1191, 1
2026/09/29 07:34:30.641, 3, 1209, 0
2026/09/29 07:34:30.641, 4, 1199, 3
2026/09/29 07:34:30.641, 5, 1205, 1
2026/09/29 07:34:30.642, 6, 1193, 0
2026/09/29 07:34:30.642, 7, 1195, 3
2026/09/29 07:34:31.643, 0, 1195, 0
2026/09/29 07:34:31.643, 1, 1201, 0
2026/09/29 07:34:31.643, 2, 1193, 0
2026/09/29 07:34:31.643, 3, 1213, 2
2026/09/29 07:34:31.643, 4, 1201, 0
2026/09/29 07:34:31.643, 5, 1209, 0
2026/09/29 07:34:31.643, 6, 1195, 0
2026/09/29 07:34:31.643, 7, 1199, 0
2026/09/29 07:34:32.643, 0, 1197, 3
2026/09/29 07:34:32.658, 1, 1205, 0
2026/09/29 07:34:32.659, 2, 1197, 0
2026/09/29 07:34:32.659, 3, 1217, 0
2026/09/29 07:34:32.660, 4, 1205, 0
2026/09/29 07:34:32.660, 5, 1211, 0
2026/09/29 07:34:32.661, 6, 1199, 3
2026/09/29 07:34:32.662, 7, 1199, 0
2026/09/29 07:34:33.662, 0, 1199, 0
2026/09/29 07:34:33.662, 1, 1207, 1
2026/09/29 07:34:33.662, 2, 1199, 0
2026/09/29 07:34:33.663, 3, 1219, 0
2026/09/29 07:34:33.663, 4, 1207, 0
2026/09/29 07:34:33.663, 5, 1213, 0
2026/09/29 07:34:33.663, 6, 1201, 0
2026/09/29 07:34:33.663, 7, 1203, 1
2026/09/29 07:34:34.667, 0, 1203, 0
2026/09/29 07:34:34.667, 1, 1211, 0
2026/09/29 07:34:34.667, 2, 1201, 0
2026/09/29 07:34:34.667, 3, 2463, 3
2026/09/29 07:34:34.667, 4, 1211, 0
2026/09/29 07:34:34.667, 5, 1217, 0
2026/09/29 07:34:34.667, 6, 1205, 0
2026/09/29 07:34:34.668, 7, 1205, 0
2026/09/29 07:34:35.668, 0, 1205, 0
2026/09/29 07:34:35.680, 1, 1211, 0
2026/09/29 07:34:35.713, 2, 1205, 0
2026/09/29 07:34:35.716, 3, 2465, 0
2026/09/29 07:34:35.716, 4, 1213, 0
2026/09/29 07:34:35.717, 5, 1619, 5
2026/09/29 07:34:35.720, 6, 1207, 0
2026/09/29 07:34:35.720, 7, 1207, 0
2026/09/29 07:34:36.720, 0, 1209, 0
2026/09/29 07:34:36.721, 1, 1215, 2
2026/09/29 07:34:36.721, 2, 1207, 1
2026/09/29 07:34:36.721, 3, 2469, 0
2026/09/29 07:34:36.722, 4, 1217, 0
2026/09/29 07:34:36.722, 5, 2465, 0
2026/09/29 07:34:36.723, 6, 1209, 0
2026/09/29 07:34:36.723, 7, 1211, 0
2026/09/29 07:34:37.723, 0, 1211, 0
2026/09/29 07:34:37.724, 1, 1219, 0
2026/09/29 07:34:37.724, 2, 1209, 0
2026/09/29 07:34:37.725, 3, 2471, 0
2026/09/29 07:34:37.725, 4, 1219, 0
2026/09/29 07:34:37.726, 5, 2467, 0
2026/09/29 07:34:37.727, 6, 1211, 0
2026/09/29 07:34:37.727, 7, 1211, 3
2026/09/29 07:34:38.728, 0, 1213, 0
2026/09/29 07:34:38.728, 1, 1579, 0
2026/09/29 07:34:38.728, 2, 1211, 0
2026/09/29 07:34:38.728, 3, 2475, 1
2026/09/29 07:34:38.728, 4, 2461, 3
2026/09/29 07:34:38.728, 5, 2471, 0
2026/09/29 07:34:38.728, 6, 1213, 0
2026/09/29 07:34:38.728, 7, 1215, 0
2026/09/29 07:34:39.728, 0, 1215, 0
2026/09/29 07:34:39.729, 1, 2463, 0
2026/09/29 07:34:39.729, 2, 1215, 3
2026/09/29 07:34:39.729, 3, 2477, 0
2026/09/29 07:34:39.729, 4, 2463, 1
2026/09/29 07:34:39.759, 5, 2473, 0
2026/09/29 07:34:39.761, 6, 1217, 0
2026/09/29 07:34:39.761, 7, 1217, 3
2026/09/29 07:34:40.762, 0, 1217, 0
2026/09/29 07:34:40.794, 1, 2465, 0
2026/09/29 07:34:40.794, 2, 1217, 0
2026/09/29 07:34:40.795, 3, 2481, 0
2026/09/29 07:34:40.795, 4, 2465, 0
2026/09/29 07:34:40.796, 5, 2475, 0
2026/09/29 07:34:40.796, 6, 1219, 0
2026/09/29 07:34:40.801, 7, 1219, 0
2026/09/29 07:34:41.801, 0, 1579, 1
2026/09/29 07:34:41.817, 1, 2469, 0
2026/09/29 07:34:41.817, 2, 1219, 0
2026/09/29 07:34:41.855, 3, 2485, 1
2026/09/29 07:34:41.856, 4, 2469, 0
2026/09/29 07:34:41.857, 5, 2479, 0
2026/09/29 07:34:41.857, 6, 1579, 1
2026/09/29 07:34:41.857, 7, 1819, 4
2026/09/29 07:34:42.859, 0, 2461, 2
2026/09/29 07:34:42.859, 1, 2471, 0
2026/09/29 07:34:42.859, 2, 2461, 3
2026/09/29 07:34:42.859, 3, 2487, 0
2026/09/29 07:34:42.859, 4, 2471, 0
2026/09/29 07:34:42.859, 5, 2481, 0
2026/09/29 07:34:42.859, 6, 2463, 3
2026/09/29 07:34:42.859, 7, 2463, 0
2026/09/29 07:34:43.859, 0, 2463, 0
2026/09/29 07:34:43.888, 1, 2475, 0
2026/09/29 07:34:43.916, 2, 2465, 0
2026/09/29 07:34:43.947, 3, 2491, 0
2026/09/29 07:34:43.951, 4, 2475, 0
2026/09/29 07:34:43.952, 5, 2485, 0
2026/09/29 07:34:43.954, 6, 2465, 0
2026/09/29 07:34:43.955, 7, 2465, 0
2026/09/29 07:34:44.956, 0, 2465, 1
2026/09/29 07:34:44.956, 1, 2475, 1
2026/09/29 07:34:44.956, 2, 2465, 1
2026/09/29 07:34:44.956, 3, 2493, 0
2026/09/29 07:34:44.956, 4, 2477, 0
2026/09/29 07:34:44.956, 5, 2487, 1
2026/09/29 07:34:44.956, 6, 2467, 1
2026/09/29 07:34:44.956, 7, 2469, 1
2026/09/29 07:34:45.956, 0, 2467, 0
2026/09/29 07:34:45.962, 1, 2479, 0
2026/09/29 07:34:45.993, 2, 2469, 0
2026/09/29 07:34:45.994, 3, 2537, 0
2026/09/29 07:34:46.032, 4, 2481, 0
2026/09/29 07:34:46.038, 5, 2489, 0
2026/09/29 07:34:46.042, 6, 2471, 0
2026/09/29 07:34:46.045, 7, 2471, 0
2026/09/29 07:34:47.049, 0, 2471, 0
2026/09/29 07:34:47.049, 1, 2481, 0
2026/09/29 07:34:47.049, 2, 2471, 0
2026/09/29 07:34:47.049, 3, 3239, 0
2026/09/29 07:34:47.049, 4, 2481, 1
2026/09/29 07:34:47.049, 5, 2491, 0
2026/09/29 07:34:47.050, 6, 2471, 0
2026/09/29 07:34:47.050, 7, 2473, 0
2026/09/29 07:34:48.050, 0, 2471, 0
2026/09/29 07:34:48.070, 1, 2483, 1
2026/09/29 07:34:48.104, 2, 2471, 0
2026/09/29 07:34:48.137, 3, 3341, 0
2026/09/29 07:34:48.140, 4, 2483, 0
2026/09/29 07:34:48.150, 5, 2493, 0
2026/09/29 07:34:48.150, 6, 2475, 0
2026/09/29 07:34:48.151, 7, 2475, 0
2026/09/29 07:34:49.151, 0, 2475, 0
2026/09/29 07:34:49.152, 1, 2485, 0
2026/09/29 07:34:49.152, 2, 2475, 0
2026/09/29 07:34:49.152, 3, 3583, 0
2026/09/29 07:34:49.152, 4, 2487, 1
2026/09/29 07:34:49.152, 5, 2495, 0
2026/09/29 07:34:49.152, 6, 2475, 2
2026/09/29 07:34:49.152, 7, 2477, 0
2026/09/29 07:34:50.152, 0, 2477, 0
2026/09/29 07:34:50.177, 1, 2487, 1
2026/09/29 07:34:50.181, 2, 2477, 1
2026/09/29 07:34:50.181, 3, 3583, 0
2026/09/29 07:34:50.182, 4, 2489, 0
2026/09/29 07:34:50.182, 5, 3237, 1
2026/09/29 07:34:50.183, 6, 2479, 0
2026/09/29 07:34:50.184, 7, 2481, 0
2026/09/29 07:34:51.184, 0, 2479, 0
2026/09/29 07:34:51.186, 1, 2489, 0
2026/09/29 07:34:51.186, 2, 2479, 0
2026/09/29 07:34:51.188, 3, 3583, 0
2026/09/29 07:34:51.189, 4, 2491, 0
2026/09/29 07:34:51.189, 5, 3241, 0
2026/09/29 07:34:51.190, 6, 2481, 1
2026/09/29 07:34:51.190, 7, 2481, 2
2026/09/29 07:34:52.190, 0, 2481, 0
2026/09/29 07:34:52.190, 1, 2491, 0
2026/09/29 07:34:52.191, 2, 2481, 1
2026/09/29 07:34:52.191, 3, 3583, 0
2026/09/29 07:34:52.192, 4, 2493, 0
2026/09/29 07:34:52.193, 5, 3583, 0
2026/09/29 07:34:52.193, 6, 2483, 0
2026/09/29 07:34:52.194, 7, 2485, 0
2026/09/29 07:34:53.194, 0, 2483, 0
2026/09/29 07:34:53.195, 1, 2493, 0
2026/09/29 07:34:53.195, 2, 2483, 0
2026/09/29 07:34:53.195, 3, 3583, 0
2026/09/29 07:34:53.195, 4, 2495, 0
2026/09/29 07:34:53.195, 5, 3583, 0
2026/09/29 07:34:53.195, 6, 2485, 1
2026/09/29 07:34:53.195, 7, 2487, 1
2026/09/29 07:34:54.195, 0, 2487, 0
2026/09/29 07:34:54.195, 1, 2497, 0
2026/09/29 07:34:54.195, 2, 2487, 0
2026/09/29 07:34:54.195, 3, 3583, 0
2026/09/29 07:34:54.196, 4, 3237, 0
2026/09/29 07:34:54.196, 5, 3583, 0
2026/09/29 07:34:54.196, 6, 2487, 0
2026/09/29 07:34:54.196, 7, 2489, 0
2026/09/29 07:34:55.196, 0, 2487, 0
2026/09/29 07:34:55.196, 1, 3239, 0
2026/09/29 07:34:55.196, 2, 2487, 0
2026/09/29 07:34:55.196, 3, 3583, 0
2026/09/29 07:34:55.196, 4, 3239, 0
2026/09/29 07:34:55.196, 5, 3583, 0
2026/09/29 07:34:55.196, 6, 2489, 0
2026/09/29 07:34:55.196, 7, 2491, 0
2026/09/29 07:34:56.196, 0, 2491, 0
2026/09/29 07:34:56.197, 1, 3341, 0
2026/09/29 07:34:56.197, 2, 2491, 0
2026/09/29 07:34:56.197, 3, 3583, 0
2026/09/29 07:34:56.197, 4, 3583, 0
2026/09/29 07:34:56.197, 5, 3583, 0
2026/09/29 07:34:56.197, 6, 2491, 0
2026/09/29 07:34:56.197, 7, 2493, 0
2026/09/29 07:34:57.197, 0, 2493, 0
2026/09/29 07:34:57.197, 1, 3583, 0
2026/09/29 07:34:57.197, 2, 2493, 1
2026/09/29 07:34:57.197, 3, 3583, 0
2026/09/29 07:34:57.197, 4, 3583, 8
2026/09/29 07:34:57.197, 5, 3583, 0
2026/09/29 07:34:57.197, 6, 2495, 0
2026/09/29 07:34:57.197, 7, 2497, 0
2026/09/29 07:34:58.198, 0, 2497, 1
2026/09/29 07:34:58.198, 1, 3583, 0
2026/09/29 07:34:58.198, 2, 2497, 1
2026/09/29 07:34:58.198, 3, 3583, 0
2026/09/29 07:34:58.198, 4, 3583, 0
2026/09/29 07:34:58.198, 5, 3583, 0
2026/09/29 07:34:58.198, 6, 3237, 0
2026/09/29 07:34:58.198, 7, 3239, 34
2026/09/29 07:34:59.198, 0, 3239, 0
2026/09/29 07:34:59.198, 1, 3583, 0
2026/09/29 07:34:59.198, 2, 3239, 0
2026/09/29 07:34:59.199, 3, 3583, 0
2026/09/29 07:34:59.199, 4, 3583, 0
2026/09/29 07:34:59.199, 5, 3583, 0
2026/09/29 07:34:59.199, 6, 3341, 0
2026/09/29 07:34:59.199, 7, 3583, 0
2026/09/29 07:35:00.199, 0, 3583, 4
2026/09/29 07:35:00.199, 1, 3583, 0
2026/09/29 07:35:00.199, 2, 3583, 0
2026/09/29 07:35:00.199, 3, 3583, 0
2026/09/29 07:35:00.199, 4, 3583, 0
2026/09/29 07:35:00.199, 5, 3583, 0
2026/09/29 07:35:00.199, 6, 3583, 0
2026/09/29 07:35:00.199, 7, 3583, 0
2026/09/29 07:35:01.199, 0, 3583, 0
2026/09/29 07:35:01.199, 1, 3583, 0
2026/09/29 07:35:01.199, 2, 3583, 0
2026/09/29 07:35:01.200, 3, 3583, 0
2026/09/29 07:35:01.200, 4, 3583, 0
2026/09/29 07:35:01.200, 5, 3583, 0
2026/09/29 07:35:01.200, 6, 3583, 0
2026/09/29 07:35:01.200, 7, 3583, 0
2026/09/29 07:35:02.200, 0, 4575, 82
2026/09/29 07:35:02.200, 1, 4575, 100
2026/09/29 07:35:02.200, 2, 4575, 88
2026/09/29 07:35:02.200, 3, 4575, 100
2026/09/29 07:35:02.200, 4, 4575, 0
2026/09/29 07:35:02.200, 5, 4575, 52
2026/09/29 07:35:02.200, 6, 4575, 100
2026/09/29 07:35:02.200, 7, 4575, 0
2026/09/29 07:35:03.200, 0, 4615, 100
2026/09/29 07:35:03.201, 1, 4615, 100
2026/09/29 07:35:03.201, 2, 4615, 100
2026/09/29 07:35:03.201, 3, 4615, 100
2026/09/29 07:35:03.201, 4, 4615, 100
2026/09/29 07:35:03.201, 5, 4615, 100
2026/09/29 07:35:03.201, 6, 4615, 100
2026/09/29 07:35:03.201, 7, 4615, 100
2026/09/29 07:35:04.202, 0, 4699, 100
2026/09/29 07:35:04.202, 1, 4699, 100
2026/09/29 07:35:04.202, 2, 4699, 100
2026/09/29 07:35:04.202, 3, 4615, 100
2026/09/29 07:35:04.202, 4, 4699, 100
2026/09/29 07:35:04.202, 5, 4699, 100
2026/09/29 07:35:04.202, 6, 4699, 24
2026/09/29 07:35:04.202, 7, 4699, 100
2026/09/29 07:35:05.202, 0, 5539, 10
2026/09/29 07:35:05.202, 1, 5541, 60
2026/09/29 07:35:05.202, 2, 5541, 39
2026/09/29 07:35:05.203, 3, 5541, 1
2026/09/29 07:35:05.203, 4, 5541, 0
2026/09/29 07:35:05.203, 5, 5541, 14
2026/09/29 07:35:05.203, 6, 5541, 4
2026/09/29 07:35:05.203, 7, 5539, 70
2026/09/29 07:35:06.203, 0, 5539, 0
2026/09/29 07:35:06.203, 1, 5541, 0
2026/09/29 07:35:06.203, 2, 5541, 0
2026/09/29 07:35:06.203, 3, 5541, 0
2026/09/29 07:35:06.203, 4, 5541, 0
2026/09/29 07:35:06.203, 5, 5541, 0
2026/09/29 07:35:06.203, 6, 5541, 0
2026/09/29 07:35:06.203, 7, 5539, 0
2026/09/29 07:35:07.204, 0, 5539, 0
2026/09/29 07:35:07.204, 1, 5541, 0
2026/09/29 07:35:07.204, 2, 5541, 0
2026/09/29 07:35:07.204, 3, 5541, 0
2026/09/29 07:35:07.204, 4, 5541, 0
2026/09/29 07:35:07.204, 5, 5541, 0
2026/09/29 07:35:07.204, 6, 5541, 0
2026/09/29 07:35:07.204, 7, 5539, 0
2026/09/29 07:35:08.204, 0, 5539, 0
2026/09/29 07:35:08.204, 1, 5541, 0
2026/09/29 07:35:08.204, 2, 5541, 0
2026/09/29 07:35:08.204, 3, 5541, 0
2026/09/29 07:35:08.204, 4, 5541, 0
2026/09/29 07:35:08.204, 5, 5541, 0
2026/09/29 07:35:08.205, 6, 5541, 0
2026/09/29 07:35:08.205, 7, 5539, 0
2026/09/29 07:35:09.205, 0, 5539, 0
2026/09/29 07:35:09.205, 1, 5541, 0
2026/09/29 07:35:09.205, 2, 5541, 0
2026/09/29 07:35:09.205, 3, 5541, 0
2026/09/29 07:35:09.205, 4, 5541, 0
2026/09/29 07:35:09.205, 5, 5541, 0
2026/09/29 07:35:09.205, 6, 5541, 0
2026/09/29 07:35:09.205, 7, 5539, 0
2026/09/29 07:35:10.205, 0, 5539, 0
2026/09/29 07:35:10.206, 1, 5541, 0
2026/09/29 07:35:10.206, 2, 5541, 0
2026/09/29 07:35:10.206, 3, 5541, 0
2026/09/29 07:35:10.206, 4, 5541, 0
2026/09/29 07:35:10.206, 5, 5541, 0
2026/09/29 07:35:10.206, 6, 5541, 0
2026/09/29 07:35:10.206, 7, 5539, 0
2026/09/29 07:35:11.206, 0, 5539, 0
2026/09/29 07:35:11.206, 1, 5541, 0
2026/09/29 07:35:11.206, 2, 5541, 0
2026/09/29 07:35:11.206, 3, 5541, 0
2026/09/29 07:35:11.206, 4, 5541, 0
2026/09/29 07:35:11.206, 5, 5541, 0
2026/09/29 07:35:11.206, 6, 5541, 0
2026/09/29 07:35:11.206, 7, 5539, 0
2026/09/29 07:35:12.207, 0, 5539, 0
2026/09/29 07:35:12.207, 1, 5541, 0
2026/09/29 07:35:12.207, 2, 5541, 0
2026/09/29 07:35:12.207, 3, 5541, 0
2026/09/29 07:35:12.207, 4, 5541, 0
2026/09/29 07:35:12.207, 5, 5541, 0
2026/09/29 07:35:12.207, 6, 5541, 0
2026/09/29 07:35:12.207, 7, 5539, 0
2026/09/29 07:35:13.207, 0, 6661, 0
2026/09/29 07:35:13.208, 1, 6665, 0
2026/09/29 07:35:13.208, 2, 6807, 0
2026/09/29 07:35:13.208, 3, 6805, 0
2026/09/29 07:35:13.208, 4, 6807, 99
2026/09/29 07:35:13.208, 5, 6665, 0
2026/09/29 07:35:13.208, 6, 6667, 100
2026/09/29 07:35:13.208, 7, 6663, 0
2026/09/29 07:35:14.209, 0, 7449, 0
2026/09/29 07:35:14.209, 1, 7573, 6
2026/09/29 07:35:14.209, 2, 7595, 40
2026/09/29 07:35:14.209, 3, 7593, 0
2026/09/29 07:35:14.209, 4, 7595, 0
2026/09/29 07:35:14.209, 5, 7573, 36
2026/09/29 07:35:14.209, 6, 7575, 0
2026/09/29 07:35:14.209, 7, 7451, 98
2026/09/29 07:35:15.209, 0, 7449, 0
2026/09/29 07:35:15.209, 1, 7575, 0
2026/09/29 07:35:15.210, 2, 7597, 0
2026/09/29 07:35:15.210, 3, 7593, 0
2026/09/29 07:35:15.210, 4, 7595, 0
2026/09/29 07:35:15.210, 5, 7575, 0
2026/09/29 07:35:15.210, 6, 7577, 0
2026/09/29 07:35:15.210, 7, 7451, 0
2026/09/29 07:35:16.210, 0, 7451, 72
2026/09/29 07:35:16.210, 1, 7575, 0
2026/09/29 07:35:16.210, 2, 7597, 0
2026/09/29 07:35:16.210, 3, 7595, 68
2026/09/29 07:35:16.210, 4, 7597, 0
2026/09/29 07:35:16.210, 5, 7575, 61
2026/09/29 07:35:16.210, 6, 7577, 0
2026/09/29 07:35:16.210, 7, 7453, 0
2026/09/29 07:35:17.211, 0, 7451, 0
2026/09/29 07:35:17.211, 1, 7575, 0
2026/09/29 07:35:17.211, 2, 7597, 0
2026/09/29 07:35:17.211, 3, 7595, 0
2026/09/29 07:35:17.211, 4, 7597, 0
2026/09/29 07:35:17.211, 5, 7575, 0
2026/09/29 07:35:17.211, 6, 7577, 0
2026/09/29 07:35:17.211, 7, 7453, 0
2026/09/29 07:35:18.211, 0, 7451, 0
2026/09/29 07:35:18.211, 1, 7575, 0
2026/09/29 07:35:18.211, 2, 7597, 0
2026/09/29 07:35:18.211, 3, 7595, 0
2026/09/29 07:35:18.211, 4, 7597, 0
2026/09/29 07:35:18.212, 5, 7575, 0
2026/09/29 07:35:18.212, 6, 7577, 0
2026/09/29 07:35:18.212, 7, 7453, 0
2026/09/29 07:35:19.212, 0, 7451, 0
2026/09/29 07:35:19.212, 1, 7575, 0
2026/09/29 07:35:19.212, 2, 7597, 0
2026/09/29 07:35:19.212, 3, 7595, 0
2026/09/29 07:35:19.212, 4, 7597, 0
2026/09/29 07:35:19.212, 5, 7575, 0
2026/09/29 07:35:19.212, 6, 7577, 0
2026/09/29 07:35:19.212, 7, 7453, 0
2026/09/29 07:35:20.212, 0, 7451, 0
2026/09/29 07:35:20.212, 1, 7575, 0
2026/09/29 07:35:20.213, 2, 7597, 0
2026/09/29 07:35:20.213, 3, 7595, 0
2026/09/29 07:35:20.213, 4, 7597, 0
2026/09/29 07:35:20.213, 5, 7575, 0
2026/09/29 07:35:20.213, 6, 7577, 0
2026/09/29 07:35:20.213, 7, 7453, 0
2026/09/29 07:35:21.213, 0, 7451, 0
2026/09/29 07:35:21.214, 1, 7575, 0
2026/09/29 07:35:21.214, 2, 7597, 0
2026/09/29 07:35:21.214, 3, 7595, 0
2026/09/29 07:35:21.214, 4, 7597, 0
2026/09/29 07:35:21.214, 5, 7575, 0
2026/09/29 07:35:21.214, 6, 7577, 0
2026/09/29 07:35:21.215, 7, 7453, 0
2026/09/29 07:35:22.215, 0, 7451, 0
2026/09/29 07:35:22.215, 1, 7575, 0
2026/09/29 07:35:22.215, 2, 7597, 0
2026/09/29 07:35:22.215, 3, 7595, 0
2026/09/29 07:35:22.215, 4, 7597, 0
2026/09/29 07:35:22.215, 5, 7575, 0
2026/09/29 07:35:22.215, 6, 7577, 0
2026/09/29 07:35:22.215, 7, 7453, 0
2026/09/29 07:35:23.215, 0, 7451, 0
2026/09/29 07:35:23.215, 1, 7575, 0
2026/09/29 07:35:23.215, 2, 7597, 0
2026/09/29 07:35:23.215, 3, 7595, 0
2026/09/29 07:35:23.215, 4, 7597, 58
2026/09/29 07:35:23.215, 5, 7575, 0
2026/09/29 07:35:23.215, 6, 7577, 0
2026/09/29 07:35:23.215, 7, 7453, 0
2026/09/29 07:35:24.215, 0, 7451, 7
2026/09/29 07:35:24.216, 1, 7575, 7
2026/09/29 07:35:24.216, 2, 7597, 0
2026/09/29 07:35:24.216, 3, 7595, 8
2026/09/29 07:35:24.216, 4, 7597, 100
2026/09/29 07:35:24.216, 5, 7575, 7
2026/09/29 07:35:24.216, 6, 7577, 0
2026/09/29 07:35:24.216, 7, 7453, 0
2026/09/29 07:35:25.216, 0, 7451, 100
2026/09/29 07:35:25.216, 1, 7575, 100
2026/09/29 07:35:25.216, 2, 7597, 100
2026/09/29 07:35:25.216, 3, 7595, 100
2026/09/29 07:35:25.216, 4, 7597, 100
2026/09/29 07:35:25.216, 5, 7575, 100
2026/09/29 07:35:25.216, 6, 7577, 100
2026/09/29 07:35:25.216, 7, 7453, 100
2026/09/29 07:35:26.216, 0, 7451, 100
2026/09/29 07:35:26.217, 1, 7575, 100
2026/09/29 07:35:26.217, 2, 7597, 100
2026/09/29 07:35:26.217, 3, 7595, 100
2026/09/29 07:35:26.217, 4, 7597, 100
2026/09/29 07:35:26.217, 5, 7575, 100
2026/09/29 07:35:26.217, 6, 7577, 100
2026/09/29 07:35:26.217, 7, 7453, 100
2026/09/29 07:35:27.217, 0, 7451, 100
2026/09/29 07:35:27.217, 1, 7575, 100
2026/09/29 07:35:27.217, 2, 7597, 100
2026/09/29 07:35:27.217, 3, 7595, 100
2026/09/29 07:35:27.217, 4, 7597, 100
2026/09/29 07:35:27.218, 5, 7575, 100
2026/09/29 07:35:27.218, 6, 7577, 100
2026/09/29 07:35:27.218, 7, 7453, 100
2026/09/29 07:35:28.218, 0, 7451, 100
2026/09/29 07:35:28.218, 1, 7575, 100
2026/09/29 07:35:28.218, 2, 7597, 100
2026/09/29 07:35:28.218, 3, 7595, 100
2026/09/29 07:35:28.218, 4, 7597, 100
2026/09/29 07:35:28.218, 5, 7575, 100
2026/09/29 07:35:28.218, 6, 7577, 100
2026/09/29 07:35:28.218, 7, 7453, 100
2026/09/29 07:35:29.218, 0, 7451, 44
2026/09/29 07:35:29.219, 1, 7575, 32
2026/09/29 07:35:29.219, 2, 7597, 89
2026/09/29 07:35:29.219, 3, 7595, 100
2026/09/29 07:35:29.219, 4, 7597, 100
2026/09/29 07:35:29.219, 5, 7575, 0
2026/09/29 07:35:29.219, 6, 7577, 100
2026/09/29 07:35:29.219, 7, 7453, 100
2026/09/29 07:35:30.219, 0, 7451, 100
2026/09/29 07:35:30.219, 1, 7575, 100
2026/09/29 07:35:30.219, 2, 7597, 100
2026/09/29 07:35:30.219, 3, 7595, 100
2026/09/29 07:35:30.219, 4, 7597, 100
2026/09/29 07:35:30.219, 5, 7575, 100
2026/09/29 07:35:30.219, 6, 7577, 100
2026/09/29 07:35:30.219, 7, 7453, 100
2026/09/29 07:35:31.220, 0, 7451, 100
2026/09/29 07:35:31.220, 1, 7575, 100
2026/09/29 07:35:31.220, 2, 7597, 100
2026/09/29 07:35:31.220, 3, 7595, 100
2026/09/29 07:35:31.220, 4, 7597, 100
2026/09/29 07:35:31.220, 5, 7575, 100
2026/09/29 07:35:31.220, 6, 7577, 100
2026/09/29 07:35:31.220, 7, 7453, 100
2026/09/29 07:35:32.220, 0, 7451, 100
2026/09/29 07:35:32.220, 1, 7575, 100
2026/09/29 07:35:32.220, 2, 7597, 100
2026/09/29 07:35:32.220, 3, 7595, 100
2026/09/29 07:35:32.220, 4, 7597, 100
2026/09/29 07:35:32.220, 5, 7575, 100
2026/09/29 07:35:32.220, 6, 7577, 100
2026/09/29 07:35:32.221, 7, 7453, 100
2026/09/29 07:35:33.221, 0, 7451, 100
2026/09/29 07:35:33.221, 1, 7575, 100
2026/09/29 07:35:33.221, 2, 7597, 100
2026/09/29 07:35:33.221, 3, 7595, 100
2026/09/29 07:35:33.221, 4, 7597, 100
2026/09/29 07:35:33.221, 5, 7575, 100
2026/09/29 07:35:33.221, 6, 7577, 100
2026/09/29 07:35:33.221, 7, 7453, 100
2026/09/29 07:35:34.221, 0, 7451, 100
2026/09/29 07:35:34.222, 1, 7575, 100
2026/09/29 07:35:34.222, 2, 7597, 100
2026/09/29 07:35:34.222, 3, 7595, 100
2026/09/29 07:35:34.222, 4, 7597, 100
2026/09/29 07:35:34.222, 5, 7575, 100
2026/09/29 07:35:34.222, 6, 7577, 100
2026/09/29 07:35:34.222, 7, 7453, 100
2026/09/29 07:35:35.222, 0, 7451, 100
2026/09/29 07:35:35.222, 1, 7575, 100
2026/09/29 07:35:35.222, 2, 7597, 100
2026/09/29 07:35:35.222, 3, 7595, 100
2026/09/29 07:35:35.222, 4, 7597, 100
2026/09/29 07:35:35.222, 5, 7575, 100
2026/09/29 07:35:35.222, 6, 7577, 100
2026/09/29 07:35:35.222, 7, 7453, 100
2026/09/29 07:35:36.223, 0, 7451, 100
2026/09/29 07:35:36.223, 1, 7575, 100
2026/09/29 07:35:36.223, 2, 7597, 100
2026/09/29 07:35:36.223, 3, 7595, 100
2026/09/29 07:35:36.223, 4, 7597, 100
2026/09/29 07:35:36.223, 5, 7575, 100
2026/09/29 07:35:36.223, 6, 7577, 100
2026/09/29 07:35:36.223, 7, 7453, 100
2026/09/29 07:35:37.223, 0, 7451, 100
2026/09/29 07:35:37.223, 1, 7575, 100
2026/09/29 07:35:37.223, 2, 7597, 100
2026/09/29 07:35:37.223, 3, 7595, 100
2026/09/29 07:35:37.223, 4, 7597, 100
2026/09/29 07:35:37.224, 5, 7575, 100
2026/09/29 07:35:37.224, 6, 7577, 100
2026/09/29 07:35:37.224, 7, 7453, 100
2026/09/29 07:35:38.224, 0, 7451, 100
2026/09/29 07:35:38.224, 1, 7575, 100
2026/09/29 07:35:38.224, 2, 7597, 100
2026/09/29 07:35:38.224, 3, 7595, 100
2026/09/29 07:35:38.224, 4, 7597, 100
2026/09/29 07:35:38.224, 5, 7575, 100
2026/09/29 07:35:38.224, 6, 7577, 100
2026/09/29 07:35:38.224, 7, 7453, 100
2026/09/29 07:35:39.224, 0, 7451, 100
2026/09/29 07:35:39.225, 1, 7575, 100
2026/09/29 07:35:39.225, 2, 7597, 100
2026/09/29 07:35:39.225, 3, 7595, 100
2026/09/29 07:35:39.225, 4, 7597, 100
2026/09/29 07:35:39.225, 5, 7575, 100
2026/09/29 07:35:39.225, 6, 7577, 100
2026/09/29 07:35:39.225, 7, 7453, 100
2026/09/29 07:35:40.225, 0, 7451, 100
2026/09/29 07:35:40.225, 1, 7575, 100
2026/09/29 07:35:40.225, 2, 7597, 100
2026/09/29 07:35:40.225, 3, 7595, 100
2026/09/29 07:35:40.225, 4, 7597, 100
2026/09/29 07:35:40.225, 5, 7575, 100
2026/09/29 07:35:40.225, 6, 7577, 100
2026/09/29 07:35:40.225, 7, 7453, 100
2026/09/29 07:35:41.226, 0, 7451, 100
2026/09/29 07:35:41.226, 1, 7575, 100
2026/09/29 07:35:41.226, 2, 7597, 100
2026/09/29 07:35:41.226, 3, 7595, 100
2026/09/29 07:35:41.226, 4, 7597, 100
2026/09/29 07:35:41.226, 5, 7575, 100
2026/09/29 07:35:41.226, 6, 7577, 100
2026/09/29 07:35:41.226, 7, 7453, 100
2026/09/29 07:35:42.226, 0, 7451, 100
2026/09/29 07:35:42.226, 1, 7575, 100
2026/09/29 07:35:42.226, 2, 7597, 100
2026/09/29 07:35:42.226, 3, 7595, 100
2026/09/29 07:35:42.226, 4, 7597, 100
2026/09/29 07:35:42.226, 5, 7575, 100
2026/09/29 07:35:42.226, 6, 7577, 100
2026/09/29 07:35:42.227, 7, 7453, 100
2026/09/29 07:35:43.227, 0, 11207, 28
2026/09/29 07:35:43.227, 1, 11353, 31
2026/09/29 07:35:43.227, 2, 11773, 22
2026/09/29 07:35:43.227, 3, 11071, 45
2026/09/29 07:35:43.228, 4, 11211, 53
2026/09/29 07:35:43.228, 5, 11351, 24
2026/09/29 07:35:43.228, 6, 11353, 67
2026/09/29 07:35:43.228, 7, 11209, 90
2026/09/29 07:35:44.228, 0, 9987, 100
2026/09/29 07:35:44.228, 1, 7993, 100
2026/09/29 07:35:44.229, 2, 7333, 100
2026/09/29 07:35:44.230, 3, 10091, 100
2026/09/29 07:35:44.231, 4, 10131, 84
2026/09/29 07:35:44.232, 5, 9151, 100
2026/09/29 07:35:44.232, 6, 9633, 100
2026/09/29 07:35:44.233, 7, 9889, 100
2026/09/29 07:35:45.234, 0, 5229, 0
2026/09/29 07:35:45.234, 1, 5255, 1
2026/09/29 07:35:45.234, 2, 5315, 0
2026/09/29 07:35:45.235, 3, 5293, 39
2026/09/29 07:35:45.235, 4, 5313, 100
2026/09/29 07:35:45.235, 5, 5253, 32
2026/09/29 07:35:45.235, 6, 5255, 100
2026/09/29 07:35:45.235, 7, 5231, 27
2026/09/29 07:35:46.235, 0, 5957, 100
2026/09/29 07:35:46.235, 1, 6019, 100
2026/09/29 07:35:46.235, 2, 5981, 100
2026/09/29 07:35:46.235, 3, 5373, 100
2026/09/29 07:35:46.235, 4, 5981, 94
2026/09/29 07:35:46.235, 5, 6019, 100
2026/09/29 07:35:46.235, 6, 6019, 100
2026/09/29 07:35:46.235, 7, 5391, 100
2026/09/29 07:35:47.235, 0, 8217, 98
2026/09/29 07:35:47.235, 1, 8183, 98
2026/09/29 07:35:47.235, 2, 8225, 96
2026/09/29 07:35:47.235, 3, 8261, 98
2026/09/29 07:35:47.235, 4, 8221, 81
2026/09/29 07:35:47.236, 5, 8181, 86
2026/09/29 07:35:47.236, 6, 8183, 98
2026/09/29 07:35:47.236, 7, 8217, 99
2026/09/29 07:35:48.236, 0, 8217, 100
2026/09/29 07:35:48.236, 1, 8183, 100
2026/09/29 07:35:48.236, 2, 8225, 100
2026/09/29 07:35:48.237, 3, 8261, 100
2026/09/29 07:35:48.237, 4, 8221, 100
2026/09/29 07:35:48.237, 5, 8181, 100
2026/09/29 07:35:48.237, 6, 8183, 100
2026/09/29 07:35:48.237, 7, 8217, 100
2026/09/29 07:35:49.237, 0, 8217, 100
2026/09/29 07:35:49.237, 1, 8183, 100
2026/09/29 07:35:49.238, 2, 8225, 100
2026/09/29 07:35:49.238, 3, 8261, 100
2026/09/29 07:35:49.238, 4, 8221, 100
2026/09/29 07:35:49.238, 5, 8181, 100
2026/09/29 07:35:49.238, 6, 8183, 100
2026/09/29 07:35:49.238, 7, 8217, 100
2026/09/29 07:35:50.238, 0, 8217, 100
2026/09/29 07:35:50.238, 1, 8183, 100
2026/09/29 07:35:50.238, 2, 8225, 100
2026/09/29 07:35:50.238, 3, 8261, 100
2026/09/29 07:35:50.238, 4, 8221, 100
2026/09/29 07:35:50.238, 5, 8181, 100
2026/09/29 07:35:50.238, 6, 8183, 100
2026/09/29 07:35:50.238, 7, 8217, 100
2026/09/29 07:35:51.239, 0, 8217, 100
2026/09/29 07:35:51.239, 1, 8183, 100
2026/09/29 07:35:51.240, 2, 8225, 100
2026/09/29 07:35:51.240, 3, 8261, 100
2026/09/29 07:35:51.240, 4, 8221, 100
2026/09/29 07:35:51.240, 5, 8181, 100
2026/09/29 07:35:51.240, 6, 8183, 100
2026/09/29 07:35:51.240, 7, 8217, 100
2026/09/29 07:35:52.240, 0, 8217, 100
2026/09/29 07:35:52.240, 1, 8183, 100
2026/09/29 07:35:52.240, 2, 8225, 100
2026/09/29 07:35:52.240, 3, 8261, 100
2026/09/29 07:35:52.240, 4, 8221, 100
2026/09/29 07:35:52.240, 5, 8181, 100
2026/09/29 07:35:52.241, 6, 8183, 100
2026/09/29 07:35:52.241, 7, 8217, 100
2026/09/29 07:35:53.241, 0, 8217, 100
2026/09/29 07:35:53.241, 1, 8183, 100
2026/09/29 07:35:53.241, 2, 8225, 100
2026/09/29 07:35:53.241, 3, 8261, 100
2026/09/29 07:35:53.242, 4, 8221, 100
2026/09/29 07:35:53.242, 5, 8181, 100
2026/09/29 07:35:53.242, 6, 8183, 100
2026/09/29 07:35:53.242, 7, 8217, 100
2026/09/29 07:35:54.242, 0, 8217, 100
2026/09/29 07:35:54.242, 1, 8183, 100
2026/09/29 07:35:54.242, 2, 8225, 100
2026/09/29 07:35:54.242, 3, 8261, 100
2026/09/29 07:35:54.242, 4, 8221, 100
2026/09/29 07:35:54.242, 5, 8181, 100
2026/09/29 07:35:54.243, 6, 8183, 100
2026/09/29 07:35:54.243, 7, 8217, 100
2026/09/29 07:35:55.243, 0, 8217, 100
2026/09/29 07:35:55.243, 1, 8183, 100
2026/09/29 07:35:55.243, 2, 8225, 100
2026/09/29 07:35:55.243, 3, 8261, 100
2026/09/29 07:35:55.243, 4, 8221, 100
2026/09/29 07:35:55.243, 5, 8181, 100
2026/09/29 07:35:55.243, 6, 8183, 100
2026/09/29 07:35:55.243, 7, 8217, 100
2026/09/29 07:35:56.243, 0, 8217, 100
2026/09/29 07:35:56.243, 1, 8183, 100
2026/09/29 07:35:56.243, 2, 8225, 100
2026/09/29 07:35:56.243, 3, 8261, 100
2026/09/29 07:35:56.243, 4, 8221, 100
2026/09/29 07:35:56.244, 5, 8181, 100
2026/09/29 07:35:56.244, 6, 8183, 100
2026/09/29 07:35:56.244, 7, 8217, 100
2026/09/29 07:35:57.244, 0, 8217, 100
2026/09/29 07:35:57.244, 1, 8183, 100
2026/09/29 07:35:57.244, 2, 8225, 100
2026/09/29 07:35:57.244, 3, 8261, 100
2026/09/29 07:35:57.244, 4, 8221, 100
2026/09/29 07:35:57.244, 5, 8181, 100
2026/09/29 07:35:57.244, 6, 8183, 100
2026/09/29 07:35:57.244, 7, 8217, 100
2026/09/29 07:35:58.244, 0, 8217, 100
2026/09/29 07:35:58.245, 1, 8183, 100
2026/09/29 07:35:58.245, 2, 8225, 100
2026/09/29 07:35:58.245, 3, 8261, 100
2026/09/29 07:35:58.245, 4, 8221, 100
2026/09/29 07:35:58.245, 5, 8181, 100
2026/09/29 07:35:58.245, 6, 8183, 100
2026/09/29 07:35:58.245, 7, 8217, 100
2026/09/29 07:35:59.245, 0, 8217, 100
2026/09/29 07:35:59.245, 1, 8183, 100
2026/09/29 07:35:59.245, 2, 8225, 100
2026/09/29 07:35:59.245, 3, 8261, 100
2026/09/29 07:35:59.245, 4, 8221, 100
2026/09/29 07:35:59.245, 5, 8181, 100
2026/09/29 07:35:59.246, 6, 8183, 100
2026/09/29 07:35:59.246, 7, 8217, 100
2026/09/29 07:36:00.246, 0, 8217, 100
2026/09/29 07:36:00.246, 1, 8183, 100
2026/09/29 07:36:00.246, 2, 8225, 100
2026/09/29 07:36:00.246, 3, 8261, 100
2026/09/29 07:36:00.246, 4, 8221, 100
2026/09/29 07:36:00.246, 5, 8181, 100
2026/09/29 07:36:00.246, 6, 8183, 100
2026/09/29 07:36:00.246, 7, 8217, 100
2026/09/29 07:36:01.246, 0, 8217, 100
2026/09/29 07:36:01.247, 1, 8183, 100
2026/09/29 07:36:01.247, 2, 8225, 100
2026/09/29 07:36:01.247, 3, 8261, 100
2026/09/29 07:36:01.247, 4, 8221, 100
2026/09/29 07:36:01.247, 5, 8181, 100
2026/09/29 07:36:01.247, 6, 8183, 100
2026/09/29 07:36:01.247, 7, 8217, 100
2026/09/29 07:36:02.247, 0, 8217, 100
2026/09/29 07:36:02.247, 1, 8183, 100
2026/09/29 07:36:02.247, 2, 8225, 100
2026/09/29 07:36:02.247, 3, 8261, 100
2026/09/29 07:36:02.247, 4, 8221, 100
2026/09/29 07:36:02.248, 5, 8181, 100
2026/09/29 07:36:02.248, 6, 8183, 100
2026/09/29 07:36:02.248, 7, 8217, 100
2026/09/29 07:36:03.248, 0, 8217, 100
2026/09/29 07:36:03.248, 1, 8183, 100
2026/09/29 07:36:03.248, 2, 8225, 100
2026/09/29 07:36:03.248, 3, 8261, 100
2026/09/29 07:36:03.248, 4, 8221, 100
2026/09/29 07:36:03.248, 5, 8181, 100
2026/09/29 07:36:03.248, 6, 8183, 100
2026/09/29 07:36:03.248, 7, 8217, 100
2026/09/29 07:36:04.248, 0, 8217, 100
2026/09/29 07:36:04.249, 1, 8183, 100
2026/09/29 07:36:04.249, 2, 8225, 100
2026/09/29 07:36:04.249, 3, 8261, 100
2026/09/29 07:36:04.249, 4, 8221, 100
2026/09/29 07:36:04.249, 5, 8181, 100
2026/09/29 07:36:04.249, 6, 8183, 100
2026/09/29 07:36:04.249, 7, 8217, 100
2026/09/29 07:36:05.249, 0, 8217, 100
2026/09/29 07:36:05.249, 1, 8183, 100
2026/09/29 07:36:05.249, 2, 8225, 100
2026/09/29 07:36:05.249, 3, 8261, 100
2026/09/29 07:36:05.249, 4, 8221, 100
2026/09/29 07:36:05.250, 5, 8181, 100
2026/09/29 07:36:05.250, 6, 8183, 100
2026/09/29 07:36:05.250, 7, 8217, 100
2026/09/29 07:36:06.250, 0, 8217, 100
2026/09/29 07:36:06.250, 1, 8183, 100
2026/09/29 07:36:06.250, 2, 8225, 100
2026/09/29 07:36:06.250, 3, 8261, 100
2026/09/29 07:36:06.250, 4, 8221, 100
2026/09/29 07:36:06.250, 5, 8181, 100
2026/09/29 07:36:06.250, 6, 8183, 100
2026/09/29 07:36:06.250, 7, 8217, 100
2026/09/29 07:36:07.250, 0, 8217, 100
2026/09/29 07:36:07.251, 1, 8183, 100
2026/09/29 07:36:07.251, 2, 8225, 100
2026/09/29 07:36:07.251, 3, 8261, 100
2026/09/29 07:36:07.251, 4, 8221, 100
2026/09/29 07:36:07.251, 5, 8181, 100
2026/09/29 07:36:07.251, 6, 8183, 100
2026/09/29 07:36:07.251, 7, 8217, 100
2026/09/29 07:36:08.251, 0, 8217, 100
2026/09/29 07:36:08.251, 1, 8183, 100
2026/09/29 07:36:08.251, 2, 8225, 100
2026/09/29 07:36:08.251, 3, 8261, 100
2026/09/29 07:36:08.251, 4, 8221, 100
2026/09/29 07:36:08.251, 5, 8181, 100
2026/09/29 07:36:08.251, 6, 8183, 100
2026/09/29 07:36:08.251, 7, 8217, 100
2026/09/29 07:36:09.251, 0, 8217, 100
2026/09/29 07:36:09.251, 1, 8183, 100
2026/09/29 07:36:09.251, 2, 8225, 100
2026/09/29 07:36:09.251, 3, 8261, 100
2026/09/29 07:36:09.251, 4, 8221, 100
2026/09/29 07:36:09.251, 5, 8181, 100
2026/09/29 07:36:09.251, 6, 8183, 100
2026/09/29 07:36:09.251, 7, 8217, 100
2026/09/29 07:36:10.251, 0, 3171, 100
2026/09/29 07:36:10.252, 1, 3299, 100
2026/09/29 07:36:10.252, 2, 3197, 100
2026/09/29 07:36:10.252, 3, 3127, 100
2026/09/29 07:36:10.253, 4, 3195, 28
2026/09/29 07:36:10.253, 5, 3195, 100
2026/09/29 07:36:10.253, 6, 3253, 27
2026/09/29 07:36:10.253, 7, 3131, 100
2026/09/29 07:36:11.253, 0, 4869, 54
2026/09/29 07:36:11.254, 1, 4879, 99
2026/09/29 07:36:11.254, 2, 4857, 99
2026/09/29 07:36:11.254, 3, 4891, 41
2026/09/29 07:36:11.254, 4, 4893, 100
2026/09/29 07:36:11.254, 5, 4875, 99
2026/09/29 07:36:11.254, 6, 4875, 86
2026/09/29 07:36:11.254, 7, 4911, 36
2026/09/29 07:36:12.254, 0, 5557, 100
2026/09/29 07:36:12.255, 1, 5039, 100
2026/09/29 07:36:12.255, 2, 5017, 100
2026/09/29 07:36:12.255, 3, 4891, 100
2026/09/29 07:36:12.255, 4, 5541, 98
2026/09/29 07:36:12.255, 5, 5375, 100
2026/09/29 07:36:12.255, 6, 5639, 100
2026/09/29 07:36:12.255, 7, 5071, 100
2026/09/29 07:36:13.255, 0, 7897, 92
2026/09/29 07:36:13.255, 1, 7627, 66
2026/09/29 07:36:13.255, 2, 7765, 50
2026/09/29 07:36:13.255, 3, 7723, 98
2026/09/29 07:36:13.255, 4, 7883, 91
2026/09/29 07:36:13.255, 5, 7623, 59
2026/09/29 07:36:13.255, 6, 7803, 99
2026/09/29 07:36:13.255, 7, 7817, 100
2026/09/29 07:36:14.255, 0, 7897, 100
2026/09/29 07:36:14.255, 1, 7627, 100
2026/09/29 07:36:14.255, 2, 7765, 100
2026/09/29 07:36:14.255, 3, 7723, 100
2026/09/29 07:36:14.255, 4, 7883, 100
2026/09/29 07:36:14.256, 5, 7623, 100
2026/09/29 07:36:14.256, 6, 7803, 100
2026/09/29 07:36:14.256, 7, 7817, 100
2026/09/29 07:36:15.256, 0, 7897, 100
2026/09/29 07:36:15.256, 1, 7627, 100
2026/09/29 07:36:15.256, 2, 7765, 100
2026/09/29 07:36:15.256, 3, 7723, 100
2026/09/29 07:36:15.256, 4, 7883, 100
2026/09/29 07:36:15.256, 5, 7623, 100
2026/09/29 07:36:15.256, 6, 7803, 100
2026/09/29 07:36:15.256, 7, 7817, 100
2026/09/29 07:36:16.256, 0, 7897, 100
2026/09/29 07:36:16.256, 1, 7627, 100
2026/09/29 07:36:16.256, 2, 7765, 100
2026/09/29 07:36:16.256, 3, 7723, 100
2026/09/29 07:36:16.256, 4, 7883, 100
2026/09/29 07:36:16.256, 5, 7623, 100
2026/09/29 07:36:16.257, 6, 7803, 100
2026/09/29 07:36:16.257, 7, 7817, 100
2026/09/29 07:36:17.257, 0, 7897, 100
2026/09/29 07:36:17.257, 1, 7627, 100
2026/09/29 07:36:17.257, 2, 7765, 100
2026/09/29 07:36:17.257, 3, 7723, 100
2026/09/29 07:36:17.257, 4, 7883, 100
2026/09/29 07:36:17.258, 5, 7623, 100
2026/09/29 07:36:17.258, 6, 7803, 100
2026/09/29 07:36:17.258, 7, 7817, 100
2026/09/29 07:36:18.258, 0, 7897, 100
2026/09/29 07:36:18.258, 1, 7627, 100
2026/09/29 07:36:18.258, 2, 7765, 100
2026/09/29 07:36:18.258, 3, 7723, 100
2026/09/29 07:36:18.258, 4, 7883, 100
2026/09/29 07:36:18.258, 5, 7623, 100
2026/09/29 07:36:18.258, 6, 7803, 100
2026/09/29 07:36:18.258, 7, 7817, 100
2026/09/29 07:36:19.259, 0, 7897, 100
2026/09/29 07:36:19.259, 1, 7627, 100
2026/09/29 07:36:19.259, 2, 7765, 100
2026/09/29 07:36:19.259, 3, 7723, 100
2026/09/29 07:36:19.259, 4, 7883, 100
2026/09/29 07:36:19.259, 5, 7623, 100
2026/09/29 07:36:19.259, 6, 7803, 100
2026/09/29 07:36:19.259, 7, 7817, 100
2026/09/29 07:36:20.259, 0, 7897, 100
2026/09/29 07:36:20.259, 1, 7627, 100
2026/09/29 07:36:20.259, 2, 7765, 100
2026/09/29 07:36:20.259, 3, 7723, 100
2026/09/29 07:36:20.259, 4, 7883, 100
2026/09/29 07:36:20.259, 5, 7623, 100
2026/09/29 07:36:20.259, 6, 7803, 100
2026/09/29 07:36:20.259, 7, 7817, 100
2026/09/29 07:36:21.259, 0, 7897, 100
2026/09/29 07:36:21.261, 1, 7627, 100
2026/09/29 07:36:21.261, 2, 7765, 100
2026/09/29 07:36:21.261, 3, 7723, 100
2026/09/29 07:36:21.261, 4, 7883, 100
2026/09/29 07:36:21.261, 5, 7623, 100
2026/09/29 07:36:21.261, 6, 7803, 100
2026/09/29 07:36:21.261, 7, 7817, 100
2026/09/29 07:36:22.261, 0, 7897, 100
2026/09/29 07:36:22.262, 1, 7627, 100
2026/09/29 07:36:22.262, 2, 7765, 100
2026/09/29 07:36:22.262, 3, 7723, 100
2026/09/29 07:36:22.262, 4, 7883, 100
2026/09/29 07:36:22.262, 5, 7623, 100
2026/09/29 07:36:22.262, 6, 7803, 100
2026/09/29 07:36:22.262, 7, 7817, 100
2026/09/29 07:36:23.262, 0, 7897, 100
2026/09/29 07:36:23.262, 1, 7627, 100
2026/09/29 07:36:23.263, 2, 7765, 100
2026/09/29 07:36:23.263, 3, 7723, 100
2026/09/29 07:36:23.263, 4, 7883, 100
2026/09/29 07:36:23.263, 5, 7623, 100
2026/09/29 07:36:23.263, 6, 7803, 100
2026/09/29 07:36:23.263, 7, 7817, 100
2026/09/29 07:36:24.263, 0, 7897, 100
2026/09/29 07:36:24.263, 1, 7627, 100
2026/09/29 07:36:24.263, 2, 7765, 100
2026/09/29 07:36:24.263, 3, 7723, 100
2026/09/29 07:36:24.263, 4, 7883, 100
2026/09/29 07:36:24.263, 5, 7623, 100
2026/09/29 07:36:24.263, 6, 7803, 100
2026/09/29 07:36:24.263, 7, 7817, 100
2026/09/29 07:36:25.264, 0, 7897, 100
2026/09/29 07:36:25.264, 1, 7627, 100
2026/09/29 07:36:25.264, 2, 7765, 100
2026/09/29 07:36:25.264, 3, 7723, 100
2026/09/29 07:36:25.264, 4, 7883, 100
2026/09/29 07:36:25.264, 5, 7623, 100
2026/09/29 07:36:25.264, 6, 7803, 100
2026/09/29 07:36:25.264, 7, 7817, 100
2026/09/29 07:36:26.264, 0, 7897, 100
2026/09/29 07:36:26.264, 1, 7627, 100
2026/09/29 07:36:26.264, 2, 7765, 100
2026/09/29 07:36:26.264, 3, 7723, 100
2026/09/29 07:36:26.264, 4, 7883, 100
2026/09/29 07:36:26.264, 5, 7623, 100
2026/09/29 07:36:26.265, 6, 7803, 100
2026/09/29 07:36:26.265, 7, 7817, 100
2026/09/29 07:36:27.265, 0, 7897, 100
2026/09/29 07:36:27.265, 1, 7627, 100
2026/09/29 07:36:27.265, 2, 7765, 100
2026/09/29 07:36:27.265, 3, 7723, 100
2026/09/29 07:36:27.265, 4, 7883, 100
2026/09/29 07:36:27.265, 5, 7623, 100
2026/09/29 07:36:27.265, 6, 7803, 100
2026/09/29 07:36:27.265, 7, 7817, 100
2026/09/29 07:36:28.265, 0, 7897, 100
2026/09/29 07:36:28.266, 1, 7627, 100
2026/09/29 07:36:28.266, 2, 7765, 100
2026/09/29 07:36:28.266, 3, 7723, 100
2026/09/29 07:36:28.266, 4, 7883, 100
2026/09/29 07:36:28.266, 5, 7623, 100
2026/09/29 07:36:28.266, 6, 7803, 100
2026/09/29 07:36:28.266, 7, 7817, 100
2026/09/29 07:36:29.266, 0, 7897, 100
2026/09/29 07:36:29.266, 1, 7627, 100
2026/09/29 07:36:29.266, 2, 7765, 100
2026/09/29 07:36:29.266, 3, 7723, 100
2026/09/29 07:36:29.266, 4, 7883, 100
2026/09/29 07:36:29.266, 5, 7623, 100
2026/09/29 07:36:29.266, 6, 7803, 100
2026/09/29 07:36:29.267, 7, 7817, 100
2026/09/29 07:36:30.267, 0, 7897, 100
2026/09/29 07:36:30.267, 1, 7627, 100
2026/09/29 07:36:30.267, 2, 7765, 100
2026/09/29 07:36:30.267, 3, 7723, 100
2026/09/29 07:36:30.267, 4, 7883, 100
2026/09/29 07:36:30.267, 5, 7623, 100
2026/09/29 07:36:30.267, 6, 7803, 100
2026/09/29 07:36:30.267, 7, 7817, 100
2026/09/29 07:36:31.267, 0, 6037, 100
2026/09/29 07:36:31.268, 1, 5547, 100
2026/09/29 07:36:31.268, 2, 5685, 100
2026/09/29 07:36:31.269, 3, 5623, 100
2026/09/29 07:36:31.270, 4, 5763, 100
2026/09/29 07:36:31.270, 5, 5603, 100
2026/09/29 07:36:31.271, 6, 5663, 100
2026/09/29 07:36:31.272, 7, 5637, 100
2026/09/29 07:36:32.273, 0, 11629, 74
2026/09/29 07:36:32.273, 1, 12561, 69
2026/09/29 07:36:32.273, 2, 11575, 44
2026/09/29 07:36:32.273, 3, 11775, 88
2026/09/29 07:36:32.273, 4, 11617, 100
2026/09/29 07:36:32.273, 5, 11815, 66
2026/09/29 07:36:32.273, 6, 11837, 100
2026/09/29 07:36:32.273, 7, 11851, 28
2026/09/29 07:36:33.273, 0, 5929, 100
2026/09/29 07:36:33.274, 1, 3761, 100
2026/09/29 07:36:33.274, 2, 5355, 100
2026/09/29 07:36:33.275, 3, 6335, 100
2026/09/29 07:36:33.276, 4, 6357, 28
2026/09/29 07:36:33.276, 5, 6195, 100
2026/09/29 07:36:33.276, 6, 5297, 39
2026/09/29 07:36:33.277, 7, 5871, 100
2026/09/29 07:36:34.278, 0, 3749, 0
2026/09/29 07:36:34.278, 1, 3761, 0
2026/09/29 07:36:34.278, 2, 3795, 0
2026/09/29 07:36:34.278, 3, 3795, 0
2026/09/29 07:36:34.278, 4, 3757, 0
2026/09/29 07:36:34.278, 5, 3735, 0
2026/09/29 07:36:34.278, 6, 3817, 0
2026/09/29 07:36:34.278, 7, 3751, 29
2026/09/29 07:36:35.278, 0, 3749, 0
2026/09/29 07:36:35.278, 1, 3761, 0
2026/09/29 07:36:35.278, 2, 3795, 0
2026/09/29 07:36:35.278, 3, 3795, 0
2026/09/29 07:36:35.278, 4, 3757, 0
2026/09/29 07:36:35.279, 5, 3735, 0
2026/09/29 07:36:35.279, 6, 3817, 0
2026/09/29 07:36:35.279, 7, 3751, 0
2026/09/29 07:36:36.279, 0, 5431, 0
2026/09/29 07:36:36.279, 1, 5483, 0
2026/09/29 07:36:36.279, 2, 5457, 0
2026/09/29 07:36:36.279, 3, 5497, 61
2026/09/29 07:36:36.279, 4, 5479, 100
2026/09/29 07:36:36.279, 5, 5477, 0
2026/09/29 07:36:36.279, 6, 5479, 100
2026/09/29 07:36:36.279, 7, 5473, 0
2026/09/29 07:36:37.279, 0, 6459, 100
2026/09/29 07:36:37.279, 1, 6447, 100
2026/09/29 07:36:37.279, 2, 6385, 100
2026/09/29 07:36:37.280, 3, 5657, 100
2026/09/29 07:36:37.280, 4, 6445, 92
2026/09/29 07:36:37.280, 5, 6425, 100
2026/09/29 07:36:37.280, 6, 6443, 100
2026/09/29 07:36:37.280, 7, 6497, 100
2026/09/29 07:36:38.280, 0, 7801, 99
2026/09/29 07:36:38.280, 1, 7749, 99
2026/09/29 07:36:38.280, 2, 7747, 99
2026/09/29 07:36:38.280, 3, 7845, 98
2026/09/29 07:36:38.280, 4, 7769, 99
2026/09/29 07:36:38.280, 5, 7787, 99
2026/09/29 07:36:38.280, 6, 7745, 99
2026/09/29 07:36:38.280, 7, 7841, 88
2026/09/29 07:36:39.281, 0, 7801, 99
2026/09/29 07:36:39.281, 1, 7829, 99
2026/09/29 07:36:39.281, 2, 7827, 99
2026/09/29 07:36:39.281, 3, 7845, 97
2026/09/29 07:36:39.281, 4, 7769, 99
2026/09/29 07:36:39.281, 5, 7787, 99
2026/09/29 07:36:39.281, 6, 7745, 99
2026/09/29 07:36:39.281, 7, 7841, 99
2026/09/29 07:36:40.281, 0, 8581, 100
2026/09/29 07:36:40.282, 1, 8609, 100
2026/09/29 07:36:40.282, 2, 8607, 100
2026/09/29 07:36:40.282, 3, 8625, 100
2026/09/29 07:36:40.282, 4, 8549, 100
2026/09/29 07:36:40.282, 5, 8567, 100
2026/09/29 07:36:40.282, 6, 8525, 100
2026/09/29 07:36:40.282, 7, 8621, 99
2026/09/29 07:36:41.282, 0, 8581, 100
2026/09/29 07:36:41.282, 1, 8609, 100
2026/09/29 07:36:41.282, 2, 8607, 100
2026/09/29 07:36:41.282, 3, 8625, 100
2026/09/29 07:36:41.282, 4, 8549, 100
2026/09/29 07:36:41.282, 5, 8567, 100
2026/09/29 07:36:41.282, 6, 8525, 100
2026/09/29 07:36:41.282, 7, 8621, 100
2026/09/29 07:36:42.283, 0, 8581, 100
2026/09/29 07:36:42.283, 1, 8609, 100
2026/09/29 07:36:42.283, 2, 8607, 100
2026/09/29 07:36:42.283, 3, 8625, 100
2026/09/29 07:36:42.283, 4, 8549, 100
2026/09/29 07:36:42.283, 5, 8567, 100
2026/09/29 07:36:42.283, 6, 8525, 100
2026/09/29 07:36:42.283, 7, 8621, 100
2026/09/29 07:36:43.283, 0, 8581, 100
2026/09/29 07:36:43.283, 1, 8609, 100
2026/09/29 07:36:43.283, 2, 8607, 100
2026/09/29 07:36:43.283, 3, 8625, 100
2026/09/29 07:36:43.283, 4, 8549, 100
2026/09/29 07:36:43.283, 5, 8567, 100
2026/09/29 07:36:43.283, 6, 8525, 100
2026/09/29 07:36:43.283, 7, 8621, 100
2026/09/29 07:36:44.283, 0, 8581, 100
2026/09/29 07:36:44.284, 1, 8609, 100
2026/09/29 07:36:44.284, 2, 8607, 100
2026/09/29 07:36:44.284, 3, 8625, 100
2026/09/29 07:36:44.284, 4, 8549, 100
2026/09/29 07:36:44.284, 5, 8567, 100
2026/09/29 07:36:44.284, 6, 8525, 100
2026/09/29 07:36:44.284, 7, 8621, 100
2026/09/29 07:36:45.284, 0, 8581, 100
2026/09/29 07:36:45.284, 1, 8609, 100
2026/09/29 07:36:45.284, 2, 8607, 100
2026/09/29 07:36:45.284, 3, 8625, 100
2026/09/29 07:36:45.284, 4, 8549, 100
2026/09/29 07:36:45.284, 5, 8567, 100
2026/09/29 07:36:45.284, 6, 8525, 100
2026/09/29 07:36:45.284, 7, 8621, 100
2026/09/29 07:36:46.285, 0, 8581, 100
2026/09/29 07:36:46.285, 1, 8609, 100
2026/09/29 07:36:46.285, 2, 8607, 100
2026/09/29 07:36:46.285, 3, 8625, 100
2026/09/29 07:36:46.285, 4, 8549, 100
2026/09/29 07:36:46.285, 5, 8567, 100
2026/09/29 07:36:46.285, 6, 8525, 100
2026/09/29 07:36:46.285, 7, 8621, 100
2026/09/29 07:36:47.285, 0, 8581, 100
2026/09/29 07:36:47.285, 1, 8609, 100
2026/09/29 07:36:47.285, 2, 8607, 100
2026/09/29 07:36:47.285, 3, 8625, 100
2026/09/29 07:36:47.285, 4, 8549, 100
2026/09/29 07:36:47.285, 5, 8567, 100
2026/09/29 07:36:47.286, 6, 8525, 100
2026/09/29 07:36:47.286, 7, 8621, 100
2026/09/29 07:36:48.286, 0, 8581, 100
2026/09/29 07:36:48.286, 1, 8609, 100
2026/09/29 07:36:48.286, 2, 8607, 100
2026/09/29 07:36:48.286, 3, 8625, 100
2026/09/29 07:36:48.286, 4, 8549, 100
2026/09/29 07:36:48.286, 5, 8567, 100
2026/09/29 07:36:48.286, 6, 8525, 100
2026/09/29 07:36:48.286, 7, 8621, 100
2026/09/29 07:36:49.286, 0, 8581, 100
2026/09/29 07:36:49.287, 1, 8609, 100
2026/09/29 07:36:49.287, 2, 8607, 100
2026/09/29 07:36:49.287, 3, 8625, 100
2026/09/29 07:36:49.287, 4, 8549, 100
2026/09/29 07:36:49.287, 5, 8567, 100
2026/09/29 07:36:49.287, 6, 8525, 100
2026/09/29 07:36:49.287, 7, 8621, 100
2026/09/29 07:36:50.287, 0, 8581, 100
2026/09/29 07:36:50.287, 1, 8609, 100
2026/09/29 07:36:50.287, 2, 8607, 100
2026/09/29 07:36:50.287, 3, 8625, 100
2026/09/29 07:36:50.287, 4, 8549, 100
2026/09/29 07:36:50.287, 5, 8567, 100
2026/09/29 07:36:50.287, 6, 8525, 100
2026/09/29 07:36:50.287, 7, 8621, 100
2026/09/29 07:36:51.287, 0, 8581, 100
2026/09/29 07:36:51.288, 1, 8609, 100
2026/09/29 07:36:51.288, 2, 8607, 100
2026/09/29 07:36:51.288, 3, 8625, 100
2026/09/29 07:36:51.288, 4, 8549, 100
2026/09/29 07:36:51.288, 5, 8567, 100
2026/09/29 07:36:51.288, 6, 8525, 100
2026/09/29 07:36:51.288, 7, 8621, 100
2026/09/29 07:36:52.288, 0, 8581, 100
2026/09/29 07:36:52.288, 1, 8609, 100
2026/09/29 07:36:52.288, 2, 8607, 100
2026/09/29 07:36:52.288, 3, 8625, 100
2026/09/29 07:36:52.288, 4, 8549, 100
2026/09/29 07:36:52.288, 5, 8567, 100
2026/09/29 07:36:52.288, 6, 8525, 100
2026/09/29 07:36:52.288, 7, 8621, 100
2026/09/29 07:36:53.288, 0, 8581, 100
2026/09/29 07:36:53.288, 1, 8609, 100
2026/09/29 07:36:53.288, 2, 8607, 100
2026/09/29 07:36:53.289, 3, 8625, 100
2026/09/29 07:36:53.289, 4, 8549, 100
2026/09/29 07:36:53.289, 5, 8567, 100
2026/09/29 07:36:53.289, 6, 8525, 100
2026/09/29 07:36:53.289, 7, 8621, 100
2026/09/29 07:36:54.289, 0, 3171, 100
2026/09/29 07:36:54.289, 1, 3185, 100
2026/09/29 07:36:54.289, 2, 3143, 100
2026/09/29 07:36:54.289, 3, 3135, 100
2026/09/29 07:36:54.289, 4, 3175, 29
2026/09/29 07:36:54.289, 5, 3137, 100
2026/09/29 07:36:54.290, 6, 3157, 39
2026/09/29 07:36:54.290, 7, 3193, 100
2026/09/29 07:36:55.290, 0, 4409, 98
2026/09/29 07:36:55.290, 1, 4379, 98
2026/09/29 07:36:55.290, 2, 4319, 99
2026/09/29 07:36:55.290, 3, 4369, 98
2026/09/29 07:36:55.290, 4, 4315, 99
2026/09/29 07:36:55.290, 5, 4395, 98
2026/09/29 07:36:55.290, 6, 4293, 97
2026/09/29 07:36:55.290, 7, 4369, 37
2026/09/29 07:36:56.290, 0, 3627, 46
2026/09/29 07:36:56.290, 1, 3653, 98
2026/09/29 07:36:56.290, 2, 3653, 92
2026/09/29 07:36:56.290, 3, 3651, 72
2026/09/29 07:36:56.290, 4, 3671, 0
2026/09/29 07:36:56.291, 5, 3667, 99
2026/09/29 07:36:56.291, 6, 3673, 0
2026/09/29 07:36:56.291, 7, 3675, 99
2026/09/29 07:36:57.291, 0, 5369, 100
2026/09/29 07:36:57.291, 1, 5455, 100
2026/09/29 07:36:57.291, 2, 5375, 100
2026/09/29 07:36:57.291, 3, 5413, 100
2026/09/29 07:36:57.291, 4, 5413, 100
2026/09/29 07:36:57.291, 5, 5369, 100
2026/09/29 07:36:57.291, 6, 5375, 100
2026/09/29 07:36:57.291, 7, 5437, 0
2026/09/29 07:36:58.291, 0, 7679, 100
2026/09/29 07:36:58.291, 1, 7785, 98
2026/09/29 07:36:58.291, 2, 7743, 98
2026/09/29 07:36:58.291, 3, 7721, 100
2026/09/29 07:36:58.291, 4, 7703, 65
2026/09/29 07:36:58.291, 5, 7763, 98
2026/09/29 07:36:58.291, 6, 7765, 99
2026/09/29 07:36:58.291, 7, 7801, 100
2026/09/29 07:36:59.292, 0, 7899, 99
2026/09/29 07:36:59.292, 1, 7985, 99
2026/09/29 07:36:59.292, 2, 7743, 99
2026/09/29 07:36:59.292, 3, 7861, 98
2026/09/29 07:36:59.292, 4, 7703, 99
2026/09/29 07:36:59.292, 5, 7903, 99
2026/09/29 07:36:59.292, 6, 7905, 99
2026/09/29 07:36:59.292, 7, 7801, 94
2026/09/29 07:37:00.292, 0, 8679, 99
2026/09/29 07:37:00.292, 1, 8765, 99
2026/09/29 07:37:00.292, 2, 8663, 99
2026/09/29 07:37:00.292, 3, 8641, 97
2026/09/29 07:37:00.292, 4, 8643, 73
2026/09/29 07:37:00.292, 5, 8743, 99
2026/09/29 07:37:00.292, 6, 8685, 99
2026/09/29 07:37:00.292, 7, 8581, 99
2026/09/29 07:37:01.292, 0, 8679, 100
2026/09/29 07:37:01.292, 1, 8765, 100
2026/09/29 07:37:01.292, 2, 8663, 100
2026/09/29 07:37:01.293, 3, 8641, 100
2026/09/29 07:37:01.293, 4, 8643, 100
2026/09/29 07:37:01.293, 5, 8743, 100
2026/09/29 07:37:01.293, 6, 8685, 100
2026/09/29 07:37:01.293, 7, 8581, 100
2026/09/29 07:37:02.293, 0, 8679, 100
2026/09/29 07:37:02.293, 1, 8765, 100
2026/09/29 07:37:02.293, 2, 8663, 100
2026/09/29 07:37:02.293, 3, 8641, 100
2026/09/29 07:37:02.293, 4, 8643, 100
2026/09/29 07:37:02.293, 5, 8743, 100
2026/09/29 07:37:02.293, 6, 8685, 100
2026/09/29 07:37:02.293, 7, 8581, 100
2026/09/29 07:37:03.293, 0, 8679, 100
2026/09/29 07:37:03.293, 1, 8765, 100
2026/09/29 07:37:03.293, 2, 8663, 100
2026/09/29 07:37:03.294, 3, 8641, 100
2026/09/29 07:37:03.294, 4, 8643, 100
2026/09/29 07:37:03.294, 5, 8743, 100
2026/09/29 07:37:03.294, 6, 8685, 100
2026/09/29 07:37:03.294, 7, 8581, 100
2026/09/29 07:37:04.294, 0, 8679, 100
2026/09/29 07:37:04.294, 1, 8765, 100
2026/09/29 07:37:04.294, 2, 8663, 100
2026/09/29 07:37:04.294, 3, 8641, 100
2026/09/29 07:37:04.294, 4, 8643, 100
2026/09/29 07:37:04.294, 5, 8743, 100
2026/09/29 07:37:04.295, 6, 8685, 100
2026/09/29 07:37:04.295, 7, 8581, 100
2026/09/29 07:37:05.295, 0, 8679, 100
2026/09/29 07:37:05.295, 1, 8765, 100
2026/09/29 07:37:05.295, 2, 8663, 100
2026/09/29 07:37:05.295, 3, 8641, 100
2026/09/29 07:37:05.295, 4, 8643, 100
2026/09/29 07:37:05.295, 5, 8743, 100
2026/09/29 07:37:05.295, 6, 8685, 100
2026/09/29 07:37:05.295, 7, 8581, 100
2026/09/29 07:37:06.295, 0, 8679, 100
2026/09/29 07:37:06.296, 1, 8765, 100
2026/09/29 07:37:06.296, 2, 8663, 100
2026/09/29 07:37:06.296, 3, 8641, 100
2026/09/29 07:37:06.296, 4, 8643, 100
2026/09/29 07:37:06.296, 5, 8743, 100
2026/09/29 07:37:06.296, 6, 8685, 100
2026/09/29 07:37:06.296, 7, 8581, 100
2026/09/29 07:37:07.296, 0, 8679, 100
2026/09/29 07:37:07.296, 1, 8765, 100
2026/09/29 07:37:07.296, 2, 8663, 100
2026/09/29 07:37:07.296, 3, 8641, 100
2026/09/29 07:37:07.296, 4, 8643, 100
2026/09/29 07:37:07.296, 5, 8743, 100
2026/09/29 07:37:07.296, 6, 8685, 100
2026/09/29 07:37:07.296, 7, 8581, 100
2026/09/29 07:37:08.296, 0, 8679, 100
2026/09/29 07:37:08.297, 1, 8765, 100
2026/09/29 07:37:08.297, 2, 8663, 100
2026/09/29 07:37:08.297, 3, 8641, 100
2026/09/29 07:37:08.297, 4, 8643, 100
2026/09/29 07:37:08.297, 5, 8743, 100
2026/09/29 07:37:08.297, 6, 8685, 100
2026/09/29 07:37:08.297, 7, 8581, 100
2026/09/29 07:37:09.297, 0, 8679, 100
2026/09/29 07:37:09.297, 1, 8765, 100
2026/09/29 07:37:09.297, 2, 8663, 100
2026/09/29 07:37:09.297, 3, 8641, 100
2026/09/29 07:37:09.297, 4, 8643, 100
2026/09/29 07:37:09.297, 5, 8743, 100
2026/09/29 07:37:09.297, 6, 8685, 100
2026/09/29 07:37:09.298, 7, 8581, 100
2026/09/29 07:37:10.298, 0, 8679, 100
2026/09/29 07:37:10.298, 1, 8765, 100
2026/09/29 07:37:10.298, 2, 8663, 100
2026/09/29 07:37:10.298, 3, 8641, 100
2026/09/29 07:37:10.298, 4, 8643, 100
2026/09/29 07:37:10.298, 5, 8743, 100
2026/09/29 07:37:10.298, 6, 8685, 100
2026/09/29 07:37:10.298, 7, 8581, 100
2026/09/29 07:37:11.298, 0, 8679, 100
2026/09/29 07:37:11.298, 1, 8765, 100
2026/09/29 07:37:11.298, 2, 8663, 100
2026/09/29 07:37:11.298, 3, 8641, 100
2026/09/29 07:37:11.298, 4, 8643, 100
2026/09/29 07:37:11.298, 5, 8743, 100
2026/09/29 07:37:11.298, 6, 8685, 100
2026/09/29 07:37:11.298, 7, 8581, 100
2026/09/29 07:37:12.299, 0, 8679, 100
2026/09/29 07:37:12.299, 1, 8765, 100
2026/09/29 07:37:12.299, 2, 8663, 100
2026/09/29 07:37:12.299, 3, 8641, 100
2026/09/29 07:37:12.299, 4, 8643, 100
2026/09/29 07:37:12.299, 5, 8743, 100
2026/09/29 07:37:12.299, 6, 8685, 100
2026/09/29 07:37:12.299, 7, 8581, 100
2026/09/29 07:37:13.299, 0, 8679, 100
2026/09/29 07:37:13.299, 1, 8765, 100
2026/09/29 07:37:13.299, 2, 8663, 100
2026/09/29 07:37:13.299, 3, 8641, 100
2026/09/29 07:37:13.299, 4, 8643, 100
2026/09/29 07:37:13.299, 5, 8743, 100
2026/09/29 07:37:13.299, 6, 8685, 100
2026/09/29 07:37:13.299, 7, 8581, 100
2026/09/29 07:37:14.299, 0, 8679, 100
2026/09/29 07:37:14.300, 1, 8765, 100
2026/09/29 07:37:14.300, 2, 8663, 100
2026/09/29 07:37:14.300, 3, 8641, 100
2026/09/29 07:37:14.300, 4, 8643, 100
2026/09/29 07:37:14.300, 5, 8743, 100
2026/09/29 07:37:14.300, 6, 8685, 100
2026/09/29 07:37:14.300, 7, 8581, 100
2026/09/29 07:37:15.300, 0, 4229, 27
2026/09/29 07:37:15.300, 1, 4337, 54
2026/09/29 07:37:15.300, 2, 4275, 30
2026/09/29 07:37:15.300, 3, 4269, 26
2026/09/29 07:37:15.300, 4, 4237, 98
2026/09/29 07:37:15.300, 5, 4335, 35
2026/09/29 07:37:15.300, 6, 4293, 63
2026/09/29 07:37:15.300, 7, 4309, 100
2026/09/29 07:37:16.300, 0, 5049, 97
2026/09/29 07:37:16.301, 1, 4997, 99
2026/09/29 07:37:16.301, 2, 4915, 99
2026/09/29 07:37:16.302, 3, 5249, 98
2026/09/29 07:37:16.303, 4, 5377, 97
2026/09/29 07:37:16.303, 5, 4955, 98
2026/09/29 07:37:16.304, 6, 4993, 97
2026/09/29 07:37:16.305, 7, 4969, 98
2026/09/29 07:37:17.305, 0, 5453, 2
2026/09/29 07:37:17.306, 1, 5437, 0
2026/09/29 07:37:17.306, 2, 5421, 0
2026/09/29 07:37:17.306, 3, 5431, 0
2026/09/29 07:37:17.306, 4, 5453, 66
2026/09/29 07:37:17.306, 5, 5453, 0
2026/09/29 07:37:17.306, 6, 5401, 13
2026/09/29 07:37:17.306, 7, 5417, 97
2026/09/29 07:37:18.306, 0, 5733, 100
2026/09/29 07:37:18.306, 1, 5717, 100
2026/09/29 07:37:18.306, 2, 5701, 100
2026/09/29 07:37:18.306, 3, 5431, 100
2026/09/29 07:37:18.306, 4, 6617, 100
2026/09/29 07:37:18.306, 5, 5733, 100
2026/09/29 07:37:18.306, 6, 6503, 100
2026/09/29 07:37:18.307, 7, 5497, 100
2026/09/29 07:37:19.307, 0, 7759, 57
2026/09/29 07:37:19.307, 1, 7963, 99
2026/09/29 07:37:19.307, 2, 7883, 82
2026/09/29 07:37:19.307, 3, 7797, 98
2026/09/29 07:37:19.307, 4, 7883, 99
2026/09/29 07:37:19.307, 5, 7981, 88
2026/09/29 07:37:19.307, 6, 7743, 98
2026/09/29 07:37:19.307, 7, 7919, 99
2026/09/29 07:37:20.307, 0, 7759, 99
2026/09/29 07:37:20.307, 1, 7963, 99
2026/09/29 07:37:20.307, 2, 7883, 99
2026/09/29 07:37:20.307, 3, 7797, 98
2026/09/29 07:37:20.307, 4, 7923, 99
2026/09/29 07:37:20.307, 5, 8041, 99
2026/09/29 07:37:20.308, 6, 7823, 99
2026/09/29 07:37:20.308, 7, 7919, 99
2026/09/29 07:37:21.308, 0, 8539, 55
2026/09/29 07:37:21.309, 1, 8743, 99
2026/09/29 07:37:21.310, 2, 8663, 67
2026/09/29 07:37:21.310, 3, 8577, 100
2026/09/29 07:37:21.310, 4, 8703, 100
2026/09/29 07:37:21.310, 5, 8821, 78
2026/09/29 07:37:21.311, 6, 8603, 100
2026/09/29 07:37:21.314, 7, 8699, 100
2026/09/29 07:37:22.314, 0, 8539, 100
2026/09/29 07:37:22.314, 1, 8743, 100
2026/09/29 07:37:22.314, 2, 8663, 100
2026/09/29 07:37:22.314, 3, 8577, 100
2026/09/29 07:37:22.315, 4, 8703, 100
2026/09/29 07:37:22.315, 5, 8821, 100
2026/09/29 07:37:22.315, 6, 8603, 100
2026/09/29 07:37:22.315, 7, 8699, 100
2026/09/29 07:37:23.315, 0, 8539, 100
2026/09/29 07:37:23.315, 1, 8743, 100
2026/09/29 07:37:23.315, 2, 8663, 100
2026/09/29 07:37:23.315, 3, 8577, 100
2026/09/29 07:37:23.315, 4, 8703, 100
2026/09/29 07:37:23.315, 5, 8821, 100
2026/09/29 07:37:23.315, 6, 8603, 100
2026/09/29 07:37:23.315, 7, 8699, 100
2026/09/29 07:37:24.315, 0, 8539, 100
2026/09/29 07:37:24.316, 1, 8743, 100
2026/09/29 07:37:24.316, 2, 8663, 100
2026/09/29 07:37:24.316, 3, 8577, 100
2026/09/29 07:37:24.316, 4, 8703, 100
2026/09/29 07:37:24.316, 5, 8821, 100
2026/09/29 07:37:24.316, 6, 8603, 100
2026/09/29 07:37:24.316, 7, 8699, 100
2026/09/29 07:37:25.316, 0, 8539, 100
2026/09/29 07:37:25.316, 1, 8743, 100
2026/09/29 07:37:25.316, 2, 8663, 100
2026/09/29 07:37:25.316, 3, 8577, 100
2026/09/29 07:37:25.316, 4, 8703, 100
2026/09/29 07:37:25.316, 5, 8821, 100
2026/09/29 07:37:25.316, 6, 8603, 100
2026/09/29 07:37:25.316, 7, 8699, 100
2026/09/29 07:37:26.317, 0, 8539, 100
2026/09/29 07:37:26.317, 1, 8743, 100
2026/09/29 07:37:26.317, 2, 8663, 100
2026/09/29 07:37:26.317, 3, 8577, 100
2026/09/29 07:37:26.317, 4, 8703, 100
2026/09/29 07:37:26.317, 5, 8821, 100
2026/09/29 07:37:26.317, 6, 8603, 100
2026/09/29 07:37:26.317, 7, 8699, 100
2026/09/29 07:37:27.317, 0, 8539, 100
2026/09/29 07:37:27.317, 1, 8743, 100
2026/09/29 07:37:27.317, 2, 8663, 100
2026/09/29 07:37:27.317, 3, 8577, 100
2026/09/29 07:37:27.317, 4, 8703, 100
2026/09/29 07:37:27.317, 5, 8821, 100
2026/09/29 07:37:27.317, 6, 8603, 100
2026/09/29 07:37:27.317, 7, 8699, 100
2026/09/29 07:37:28.317, 0, 8539, 100
2026/09/29 07:37:28.318, 1, 8743, 100
2026/09/29 07:37:28.318, 2, 8663, 100
2026/09/29 07:37:28.318, 3, 8577, 100
2026/09/29 07:37:28.318, 4, 8703, 100
2026/09/29 07:37:28.318, 5, 8821, 100
2026/09/29 07:37:28.318, 6, 8603, 100
2026/09/29 07:37:28.318, 7, 8699, 100
2026/09/29 07:37:29.318, 0, 8539, 100
2026/09/29 07:37:29.318, 1, 8743, 100
2026/09/29 07:37:29.318, 2, 8663, 100
2026/09/29 07:37:29.318, 3, 8577, 100
2026/09/29 07:37:29.318, 4, 8703, 100
2026/09/29 07:37:29.318, 5, 8821, 100
2026/09/29 07:37:29.318, 6, 8603, 100
2026/09/29 07:37:29.318, 7, 8699, 100
2026/09/29 07:37:30.319, 0, 8539, 100
2026/09/29 07:37:30.319, 1, 8743, 100
2026/09/29 07:37:30.319, 2, 8663, 100
2026/09/29 07:37:30.319, 3, 8577, 100
2026/09/29 07:37:30.319, 4, 8703, 100
2026/09/29 07:37:30.319, 5, 8821, 100
2026/09/29 07:37:30.319, 6, 8603, 100
2026/09/29 07:37:30.319, 7, 8699, 100
2026/09/29 07:37:31.319, 0, 8539, 100
2026/09/29 07:37:31.319, 1, 8743, 100
2026/09/29 07:37:31.319, 2, 8663, 100
2026/09/29 07:37:31.319, 3, 8577, 100
2026/09/29 07:37:31.319, 4, 8703, 100
2026/09/29 07:37:31.319, 5, 8821, 100
2026/09/29 07:37:31.319, 6, 8603, 100
2026/09/29 07:37:31.319, 7, 8699, 100
2026/09/29 07:37:32.319, 0, 8539, 100
2026/09/29 07:37:32.320, 1, 8743, 100
2026/09/29 07:37:32.320, 2, 8663, 100
2026/09/29 07:37:32.320, 3, 8577, 100
2026/09/29 07:37:32.320, 4, 8703, 100
2026/09/29 07:37:32.320, 5, 8821, 100
2026/09/29 07:37:32.320, 6, 8603, 100
2026/09/29 07:37:32.320, 7, 8699, 100
2026/09/29 07:37:33.320, 0, 8539, 100
2026/09/29 07:37:33.320, 1, 8743, 100
2026/09/29 07:37:33.320, 2, 8663, 100
2026/09/29 07:37:33.320, 3, 8577, 100
2026/09/29 07:37:33.320, 4, 8703, 100
2026/09/29 07:37:33.320, 5, 8821, 100
2026/09/29 07:37:33.320, 6, 8603, 100
2026/09/29 07:37:33.320, 7, 8699, 100
2026/09/29 07:37:34.320, 0, 8539, 100
2026/09/29 07:37:34.320, 1, 8743, 100
2026/09/29 07:37:34.321, 2, 8663, 100
2026/09/29 07:37:34.321, 3, 8577, 100
2026/09/29 07:37:34.321, 4, 8703, 100
2026/09/29 07:37:34.321, 5, 8821, 100
2026/09/29 07:37:34.321, 6, 8603, 100
2026/09/29 07:37:34.321, 7, 8699, 100
2026/09/29 07:37:35.321, 0, 6119, 100
2026/09/29 07:37:35.321, 1, 6263, 100
2026/09/29 07:37:35.322, 2, 6143, 100
2026/09/29 07:37:35.322, 3, 6077, 100
2026/09/29 07:37:35.323, 4, 6263, 74
2026/09/29 07:37:35.324, 5, 6261, 100
2026/09/29 07:37:35.325, 6, 6043, 100
2026/09/29 07:37:35.326, 7, 6119, 59
2026/09/29 07:37:36.327, 0, 4269, 99
2026/09/29 07:37:36.327, 1, 4341, 77
2026/09/29 07:37:36.327, 2, 4415, 99
2026/09/29 07:37:36.327, 3, 4329, 96
2026/09/29 07:37:36.327, 4, 4273, 98
2026/09/29 07:37:36.327, 5, 4373, 92
2026/09/29 07:37:36.327, 6, 4331, 99
2026/09/29 07:37:36.327, 7, 4349, 99
2026/09/29 07:37:37.327, 0, 4149, 99
2026/09/29 07:37:37.327, 1, 3715, 98
2026/09/29 07:37:37.327, 2, 3689, 98
2026/09/29 07:37:37.327, 3, 3691, 96
2026/09/29 07:37:37.327, 4, 3755, 0
2026/09/29 07:37:37.327, 5, 3767, 99
2026/09/29 07:37:37.328, 6, 3691, 40
2026/09/29 07:37:37.328, 7, 3753, 0
2026/09/29 07:37:38.328, 0, 5431, 69
2026/09/29 07:37:38.328, 1, 5417, 17
2026/09/29 07:37:38.328, 2, 5431, 50
2026/09/29 07:37:38.328, 3, 5393, 100
2026/09/29 07:37:38.328, 4, 5417, 100
2026/09/29 07:37:38.328, 5, 5509, 46
2026/09/29 07:37:38.328, 6, 5433, 100
2026/09/29 07:37:38.328, 7, 5435, 100
2026/09/29 07:37:39.328, 0, 7657, 100
2026/09/29 07:37:39.328, 1, 7585, 100
2026/09/29 07:37:39.328, 2, 7543, 100
2026/09/29 07:37:39.328, 3, 7599, 100
2026/09/29 07:37:39.329, 4, 7505, 100
2026/09/29 07:37:39.329, 5, 7561, 100
2026/09/29 07:37:39.329, 6, 7601, 93
2026/09/29 07:37:39.329, 7, 7579, 100
2026/09/29 07:37:40.329, 0, 7857, 99
2026/09/29 07:37:40.329, 1, 8005, 99
2026/09/29 07:37:40.329, 2, 7823, 99
2026/09/29 07:37:40.329, 3, 7799, 99
2026/09/29 07:37:40.329, 4, 7865, 99
2026/09/29 07:37:40.329, 5, 7981, 99
2026/09/29 07:37:40.329, 6, 7801, 99
2026/09/29 07:37:40.329, 7, 7919, 99
2026/09/29 07:37:41.329, 0, 8637, 99
2026/09/29 07:37:41.330, 1, 8785, 99
2026/09/29 07:37:41.330, 2, 8683, 99
2026/09/29 07:37:41.330, 3, 8579, 98
2026/09/29 07:37:41.330, 4, 8685, 99
2026/09/29 07:37:41.330, 5, 8761, 99
2026/09/29 07:37:41.330, 6, 8581, 99
2026/09/29 07:37:41.330, 7, 8699, 99
2026/09/29 07:37:42.330, 0, 8637, 100
2026/09/29 07:37:42.330, 1, 8785, 100
2026/09/29 07:37:42.330, 2, 8683, 100
2026/09/29 07:37:42.330, 3, 8579, 100
2026/09/29 07:37:42.330, 4, 8685, 100
2026/09/29 07:37:42.330, 5, 8761, 100
2026/09/29 07:37:42.330, 6, 8581, 100
2026/09/29 07:37:42.330, 7, 8699, 100
2026/09/29 07:37:43.330, 0, 8637, 100
2026/09/29 07:37:43.331, 1, 8785, 100
2026/09/29 07:37:43.331, 2, 8683, 100
2026/09/29 07:37:43.331, 3, 8579, 100
2026/09/29 07:37:43.331, 4, 8685, 100
2026/09/29 07:37:43.331, 5, 8761, 100
2026/09/29 07:37:43.331, 6, 8581, 100
2026/09/29 07:37:43.331, 7, 8699, 100
2026/09/29 07:37:44.331, 0, 8637, 100
2026/09/29 07:37:44.331, 1, 8785, 100
2026/09/29 07:37:44.331, 2, 8683, 100
2026/09/29 07:37:44.331, 3, 8579, 100
2026/09/29 07:37:44.331, 4, 8685, 100
2026/09/29 07:37:44.331, 5, 8761, 100
2026/09/29 07:37:44.331, 6, 8581, 100
2026/09/29 07:37:44.331, 7, 8699, 100
2026/09/29 07:37:45.332, 0, 8637, 100
2026/09/29 07:37:45.332, 1, 8785, 100
2026/09/29 07:37:45.332, 2, 8683, 100
2026/09/29 07:37:45.332, 3, 8579, 100
2026/09/29 07:37:45.332, 4, 8685, 100
2026/09/29 07:37:45.332, 5, 8761, 100
2026/09/29 07:37:45.332, 6, 8581, 100
2026/09/29 07:37:45.332, 7, 8699, 100
2026/09/29 07:37:46.332, 0, 8637, 100
2026/09/29 07:37:46.332, 1, 8785, 100
2026/09/29 07:37:46.332, 2, 8683, 100
2026/09/29 07:37:46.333, 3, 8579, 100
2026/09/29 07:37:46.333, 4, 8685, 100
2026/09/29 07:37:46.333, 5, 8761, 100
2026/09/29 07:37:46.333, 6, 8581, 100
2026/09/29 07:37:46.333, 7, 8699, 100
2026/09/29 07:37:47.333, 0, 8637, 100
2026/09/29 07:37:47.333, 1, 8785, 100
2026/09/29 07:37:47.333, 2, 8683, 100
2026/09/29 07:37:47.333, 3, 8579, 100
2026/09/29 07:37:47.333, 4, 8685, 100
2026/09/29 07:37:47.333, 5, 8761, 100
2026/09/29 07:37:47.333, 6, 8581, 100
2026/09/29 07:37:47.333, 7, 8699, 100
2026/09/29 07:37:48.333, 0, 8637, 100
2026/09/29 07:37:48.333, 1, 8785, 100
2026/09/29 07:37:48.334, 2, 8683, 100
2026/09/29 07:37:48.334, 3, 8579, 100
2026/09/29 07:37:48.334, 4, 8685, 100
2026/09/29 07:37:48.334, 5, 8761, 100
2026/09/29 07:37:48.334, 6, 8581, 100
2026/09/29 07:37:48.334, 7, 8699, 100
2026/09/29 07:37:49.334, 0, 8637, 100
2026/09/29 07:37:49.334, 1, 8785, 100
2026/09/29 07:37:49.334, 2, 8683, 100
2026/09/29 07:37:49.334, 3, 8579, 100
2026/09/29 07:37:49.334, 4, 8685, 100
2026/09/29 07:37:49.334, 5, 8761, 100
2026/09/29 07:37:49.334, 6, 8581, 100
2026/09/29 07:37:49.334, 7, 8699, 100
2026/09/29 07:37:50.334, 0, 8637, 100
2026/09/29 07:37:50.334, 1, 8785, 100
2026/09/29 07:37:50.334, 2, 8683, 100
2026/09/29 07:37:50.334, 3, 8579, 100
2026/09/29 07:37:50.334, 4, 8685, 100
2026/09/29 07:37:50.334, 5, 8761, 100
2026/09/29 07:37:50.335, 6, 8581, 100
2026/09/29 07:37:50.335, 7, 8699, 100
2026/09/29 07:37:51.335, 0, 8637, 100
2026/09/29 07:37:51.335, 1, 8785, 100
2026/09/29 07:37:51.335, 2, 8683, 100
2026/09/29 07:37:51.335, 3, 8579, 100
2026/09/29 07:37:51.335, 4, 8685, 100
2026/09/29 07:37:51.335, 5, 8761, 100
2026/09/29 07:37:51.335, 6, 8581, 100
2026/09/29 07:37:51.335, 7, 8699, 100
2026/09/29 07:37:52.335, 0, 8637, 100
2026/09/29 07:37:52.335, 1, 8785, 100
2026/09/29 07:37:52.335, 2, 8683, 100
2026/09/29 07:37:52.335, 3, 8579, 100
2026/09/29 07:37:52.335, 4, 8685, 100
2026/09/29 07:37:52.335, 5, 8761, 100
2026/09/29 07:37:52.336, 6, 8581, 100
2026/09/29 07:37:52.336, 7, 8699, 100
2026/09/29 07:37:53.336, 0, 8637, 100
2026/09/29 07:37:53.336, 1, 8785, 100
2026/09/29 07:37:53.336, 2, 8683, 100
2026/09/29 07:37:53.336, 3, 8579, 100
2026/09/29 07:37:53.336, 4, 8685, 100
2026/09/29 07:37:53.336, 5, 8761, 100
2026/09/29 07:37:53.336, 6, 8581, 100
2026/09/29 07:37:53.336, 7, 8699, 100
2026/09/29 07:37:54.336, 0, 8637, 100
2026/09/29 07:37:54.336, 1, 8785, 100
2026/09/29 07:37:54.336, 2, 8683, 100
2026/09/29 07:37:54.337, 3, 8579, 100
2026/09/29 07:37:54.337, 4, 8685, 100
2026/09/29 07:37:54.337, 5, 8761, 100
2026/09/29 07:37:54.337, 6, 8581, 100
2026/09/29 07:37:54.337, 7, 8699, 100
2026/09/29 07:37:55.337, 0, 8637, 100
2026/09/29 07:37:55.337, 1, 8785, 100
2026/09/29 07:37:55.337, 2, 8683, 100
2026/09/29 07:37:55.337, 3, 8579, 100
2026/09/29 07:37:55.337, 4, 8685, 100
2026/09/29 07:37:55.337, 5, 8761, 100
2026/09/29 07:37:55.337, 6, 8581, 100
2026/09/29 07:37:55.337, 7, 8699, 100
2026/09/29 07:37:56.338, 0, 8637, 100
2026/09/29 07:37:56.338, 1, 8785, 100
2026/09/29 07:37:56.338, 2, 8683, 100
2026/09/29 07:37:56.338, 3, 8579, 100
2026/09/29 07:37:56.338, 4, 8685, 100
2026/09/29 07:37:56.338, 5, 8761, 100
2026/09/29 07:37:56.338, 6, 8581, 100
2026/09/29 07:37:56.338, 7, 8699, 100
2026/09/29 07:37:57.338, 0, 8637, 100
2026/09/29 07:37:57.338, 1, 8785, 100
2026/09/29 07:37:57.338, 2, 8683, 100
2026/09/29 07:37:57.338, 3, 8579, 100
2026/09/29 07:37:57.339, 4, 8685, 100
2026/09/29 07:37:57.339, 5, 8761, 100
2026/09/29 07:37:57.339, 6, 8581, 100
2026/09/29 07:37:57.339, 7, 8699, 100
2026/09/29 07:37:58.339, 0, 8637, 100
2026/09/29 07:37:58.339, 1, 8785, 100
2026/09/29 07:37:58.339, 2, 8683, 100
2026/09/29 07:37:58.339, 3, 8579, 100
2026/09/29 07:37:58.339, 4, 8685, 100
2026/09/29 07:37:58.339, 5, 8761, 100
2026/09/29 07:37:58.339, 6, 8581, 100
2026/09/29 07:37:58.339, 7, 8699, 100
2026/09/29 07:37:59.339, 0, 8637, 100
2026/09/29 07:37:59.339, 1, 8785, 100
2026/09/29 07:37:59.339, 2, 8683, 100
2026/09/29 07:37:59.339, 3, 8579, 100
2026/09/29 07:37:59.339, 4, 8685, 100
2026/09/29 07:37:59.339, 5, 8761, 100
2026/09/29 07:37:59.339, 6, 8581, 100
2026/09/29 07:37:59.339, 7, 8699, 100
2026/09/29 07:38:00.340, 0, 8637, 100
2026/09/29 07:38:00.340, 1, 8785, 100
2026/09/29 07:38:00.340, 2, 8683, 100
2026/09/29 07:38:00.340, 3, 8579, 100
2026/09/29 07:38:00.340, 4, 8685, 100
2026/09/29 07:38:00.340, 5, 8761, 100
2026/09/29 07:38:00.340, 6, 8581, 100
2026/09/29 07:38:00.340, 7, 8699, 100
2026/09/29 07:38:01.340, 0, 8637, 100
2026/09/29 07:38:01.340, 1, 8785, 100
2026/09/29 07:38:01.340, 2, 8683, 100
2026/09/29 07:38:01.340, 3, 8579, 100
2026/09/29 07:38:01.340, 4, 8685, 100
2026/09/29 07:38:01.340, 5, 8761, 100
2026/09/29 07:38:01.340, 6, 8581, 100
2026/09/29 07:38:01.340, 7, 8699, 100
2026/09/29 07:38:02.340, 0, 8637, 100
2026/09/29 07:38:02.340, 1, 8785, 100
2026/09/29 07:38:02.340, 2, 8683, 100
2026/09/29 07:38:02.340, 3, 8579, 100
2026/09/29 07:38:02.340, 4, 8685, 100
2026/09/29 07:38:02.340, 5, 8761, 100
2026/09/29 07:38:02.340, 6, 8581, 100
2026/09/29 07:38:02.340, 7, 8699, 100
2026/09/29 07:38:03.341, 0, 8637, 100
2026/09/29 07:38:03.341, 1, 8785, 100
2026/09/29 07:38:03.341, 2, 8683, 100
2026/09/29 07:38:03.341, 3, 8579, 100
2026/09/29 07:38:03.341, 4, 8685, 100
2026/09/29 07:38:03.341, 5, 8761, 100
2026/09/29 07:38:03.341, 6, 8581, 100
2026/09/29 07:38:03.341, 7, 8699, 100
2026/09/29 07:38:04.341, 0, 8637, 100
2026/09/29 07:38:04.341, 1, 8785, 100
2026/09/29 07:38:04.341, 2, 8683, 100
2026/09/29 07:38:04.341, 3, 8579, 100
2026/09/29 07:38:04.341, 4, 8685, 100
2026/09/29 07:38:04.341, 5, 8761, 100
2026/09/29 07:38:04.341, 6, 8581, 100
2026/09/29 07:38:04.342, 7, 8699, 100
2026/09/29 07:38:05.342, 0, 8637, 100
2026/09/29 07:38:05.342, 1, 8785, 100
2026/09/29 07:38:05.342, 2, 8683, 100
2026/09/29 07:38:05.342, 3, 8579, 100
2026/09/29 07:38:05.342, 4, 8685, 100
2026/09/29 07:38:05.342, 5, 8761, 100
2026/09/29 07:38:05.342, 6, 8581, 100
2026/09/29 07:38:05.342, 7, 8699, 100
2026/09/29 07:38:06.342, 0, 8637, 100
2026/09/29 07:38:06.342, 1, 8785, 100
2026/09/29 07:38:06.342, 2, 8683, 100
2026/09/29 07:38:06.342, 3, 8579, 100
2026/09/29 07:38:06.343, 4, 8685, 100
2026/09/29 07:38:06.343, 5, 8761, 100
2026/09/29 07:38:06.343, 6, 8581, 100
2026/09/29 07:38:06.343, 7, 8699, 100
2026/09/29 07:38:07.343, 0, 8637, 100
2026/09/29 07:38:07.343, 1, 8785, 100
2026/09/29 07:38:07.343, 2, 8683, 100
2026/09/29 07:38:07.343, 3, 8579, 100
2026/09/29 07:38:07.343, 4, 8685, 100
2026/09/29 07:38:07.343, 5, 8761, 100
2026/09/29 07:38:07.343, 6, 8581, 100
2026/09/29 07:38:07.343, 7, 8699, 100
2026/09/29 07:38:08.344, 0, 8637, 100
2026/09/29 07:38:08.344, 1, 8785, 100
2026/09/29 07:38:08.344, 2, 8683, 100
2026/09/29 07:38:08.344, 3, 8579, 100
2026/09/29 07:38:08.344, 4, 8685, 100
2026/09/29 07:38:08.344, 5, 8761, 100
2026/09/29 07:38:08.344, 6, 8581, 100
2026/09/29 07:38:08.344, 7, 8699, 100
2026/09/29 07:38:09.344, 0, 8637, 100
2026/09/29 07:38:09.344, 1, 8785, 100
2026/09/29 07:38:09.344, 2, 8683, 100
2026/09/29 07:38:09.344, 3, 8579, 100
2026/09/29 07:38:09.344, 4, 8685, 100
2026/09/29 07:38:09.344, 5, 8761, 100
2026/09/29 07:38:09.345, 6, 8581, 100
2026/09/29 07:38:09.345, 7, 8699, 100
2026/09/29 07:38:10.345, 0, 8637, 100
2026/09/29 07:38:10.345, 1, 8785, 100
2026/09/29 07:38:10.345, 2, 8683, 100
2026/09/29 07:38:10.345, 3, 8579, 100
2026/09/29 07:38:10.345, 4, 8685, 100
2026/09/29 07:38:10.345, 5, 8761, 100
2026/09/29 07:38:10.345, 6, 8581, 100
2026/09/29 07:38:10.345, 7, 8699, 100
2026/09/29 07:38:11.345, 0, 8637, 100
2026/09/29 07:38:11.345, 1, 8785, 100
2026/09/29 07:38:11.345, 2, 8683, 100
2026/09/29 07:38:11.345, 3, 8579, 100
2026/09/29 07:38:11.346, 4, 8685, 100
2026/09/29 07:38:11.346, 5, 8761, 100
2026/09/29 07:38:11.346, 6, 8581, 100
2026/09/29 07:38:11.346, 7, 8699, 100
2026/09/29 07:38:12.346, 0, 8637, 100
2026/09/29 07:38:12.346, 1, 8785, 100
2026/09/29 07:38:12.346, 2, 8683, 100
2026/09/29 07:38:12.346, 3, 8579, 100
2026/09/29 07:38:12.346, 4, 8685, 100
2026/09/29 07:38:12.346, 5, 8761, 100
2026/09/29 07:38:12.346, 6, 8581, 100
2026/09/29 07:38:12.346, 7, 8699, 100
2026/09/29 07:38:13.346, 0, 8637, 100
2026/09/29 07:38:13.347, 1, 8785, 100
2026/09/29 07:38:13.347, 2, 8683, 100
2026/09/29 07:38:13.347, 3, 8579, 100
2026/09/29 07:38:13.347, 4, 8685, 100
2026/09/29 07:38:13.347, 5, 8761, 100
2026/09/29 07:38:13.347, 6, 8581, 100
2026/09/29 07:38:13.347, 7, 8699, 100
2026/09/29 07:38:14.347, 0, 8637, 100
2026/09/29 07:38:14.347, 1, 8785, 100
2026/09/29 07:38:14.347, 2, 8683, 100
2026/09/29 07:38:14.347, 3, 8579, 100
2026/09/29 07:38:14.347, 4, 8685, 100
2026/09/29 07:38:14.347, 5, 8761, 100
2026/09/29 07:38:14.347, 6, 8581, 100
2026/09/29 07:38:14.347, 7, 8699, 100
2026/09/29 07:38:15.348, 0, 8637, 100
2026/09/29 07:38:15.348, 1, 8785, 100
2026/09/29 07:38:15.348, 2, 8683, 100
2026/09/29 07:38:15.348, 3, 8579, 100
2026/09/29 07:38:15.348, 4, 8685, 100
2026/09/29 07:38:15.348, 5, 8761, 100
2026/09/29 07:38:15.348, 6, 8581, 100
2026/09/29 07:38:15.348, 7, 8699, 100
2026/09/29 07:38:16.348, 0, 8637, 100
2026/09/29 07:38:16.348, 1, 8785, 100
2026/09/29 07:38:16.348, 2, 8683, 100
2026/09/29 07:38:16.348, 3, 8579, 100
2026/09/29 07:38:16.348, 4, 8685, 100
2026/09/29 07:38:16.348, 5, 8761, 100
2026/09/29 07:38:16.348, 6, 8581, 100
2026/09/29 07:38:16.348, 7, 8699, 100
2026/09/29 07:38:17.348, 0, 8637, 100
2026/09/29 07:38:17.349, 1, 8785, 100
2026/09/29 07:38:17.349, 2, 8683, 100
2026/09/29 07:38:17.349, 3, 8579, 100
2026/09/29 07:38:17.349, 4, 8685, 100
2026/09/29 07:38:17.349, 5, 8761, 100
2026/09/29 07:38:17.349, 6, 8581, 100
2026/09/29 07:38:17.349, 7, 8699, 100
2026/09/29 07:38:18.349, 0, 8637, 100
2026/09/29 07:38:18.349, 1, 8785, 100
2026/09/29 07:38:18.349, 2, 8683, 100
2026/09/29 07:38:18.349, 3, 8579, 100
2026/09/29 07:38:18.349, 4, 8685, 100
2026/09/29 07:38:18.349, 5, 8761, 100
2026/09/29 07:38:18.349, 6, 8581, 100
2026/09/29 07:38:18.349, 7, 8699, 100
2026/09/29 07:38:19.350, 0, 8637, 100
2026/09/29 07:38:19.350, 1, 8785, 100
2026/09/29 07:38:19.350, 2, 8683, 100
2026/09/29 07:38:19.350, 3, 8579, 100
2026/09/29 07:38:19.350, 4, 8685, 100
2026/09/29 07:38:19.350, 5, 8761, 100
2026/09/29 07:38:19.350, 6, 8581, 100
2026/09/29 07:38:19.350, 7, 8699, 100
2026/09/29 07:38:20.350, 0, 8637, 100
2026/09/29 07:38:20.350, 1, 8785, 100
2026/09/29 07:38:20.350, 2, 8683, 100
2026/09/29 07:38:20.350, 3, 8579, 100
2026/09/29 07:38:20.350, 4, 8685, 100
2026/09/29 07:38:20.351, 5, 8761, 100
2026/09/29 07:38:20.351, 6, 8581, 100
2026/09/29 07:38:20.351, 7, 8699, 100
2026/09/29 07:38:21.351, 0, 8637, 100
2026/09/29 07:38:21.356, 1, 8785, 100
2026/09/29 07:38:21.356, 2, 8683, 100
2026/09/29 07:38:21.356, 3, 8579, 100
2026/09/29 07:38:21.356, 4, 8685, 100
2026/09/29 07:38:21.356, 5, 8761, 100
2026/09/29 07:38:21.356, 6, 8581, 100
2026/09/29 07:38:21.356, 7, 8699, 100
2026/09/29 07:38:22.356, 0, 8637, 100
2026/09/29 07:38:22.356, 1, 8785, 100
2026/09/29 07:38:22.356, 2, 8683, 100
2026/09/29 07:38:22.357, 3, 8579, 100
2026/09/29 07:38:22.357, 4, 8685, 100
2026/09/29 07:38:22.357, 5, 8761, 100
2026/09/29 07:38:22.357, 6, 8581, 100
2026/09/29 07:38:22.357, 7, 8699, 100
2026/09/29 07:38:23.357, 0, 8637, 100
2026/09/29 07:38:23.357, 1, 8785, 100
2026/09/29 07:38:23.357, 2, 8683, 100
2026/09/29 07:38:23.357, 3, 8579, 100
2026/09/29 07:38:23.357, 4, 8685, 100
2026/09/29 07:38:23.357, 5, 8761, 100
2026/09/29 07:38:23.357, 6, 8581, 100
2026/09/29 07:38:23.357, 7, 8699, 100
2026/09/29 07:38:24.357, 0, 8637, 100
2026/09/29 07:38:24.358, 1, 8785, 100
2026/09/29 07:38:24.358, 2, 8683, 100
2026/09/29 07:38:24.358, 3, 8579, 100
2026/09/29 07:38:24.358, 4, 8685, 100
2026/09/29 07:38:24.358, 5, 8761, 100
2026/09/29 07:38:24.358, 6, 8581, 100
2026/09/29 07:38:24.358, 7, 8699, 100
2026/09/29 07:38:25.358, 0, 8637, 100
2026/09/29 07:38:25.358, 1, 8785, 100
2026/09/29 07:38:25.358, 2, 8683, 100
2026/09/29 07:38:25.358, 3, 8579, 100
2026/09/29 07:38:25.358, 4, 8685, 100
2026/09/29 07:38:25.358, 5, 8761, 100
2026/09/29 07:38:25.358, 6, 8581, 100
2026/09/29 07:38:25.358, 7, 8699, 100
2026/09/29 07:38:26.359, 0, 8637, 100
2026/09/29 07:38:26.359, 1, 8785, 100
2026/09/29 07:38:26.359, 2, 8683, 100
2026/09/29 07:38:26.359, 3, 8579, 100
2026/09/29 07:38:26.359, 4, 8685, 100
2026/09/29 07:38:26.359, 5, 8761, 100
2026/09/29 07:38:26.359, 6, 8581, 100
2026/09/29 07:38:26.359, 7, 8699, 100
2026/09/29 07:38:27.359, 0, 8637, 100
2026/09/29 07:38:27.360, 1, 8785, 100
2026/09/29 07:38:27.360, 2, 8683, 100
2026/09/29 07:38:27.360, 3, 8579, 100
2026/09/29 07:38:27.360, 4, 8685, 100
2026/09/29 07:38:27.360, 5, 8761, 100
2026/09/29 07:38:27.360, 6, 8581, 100
2026/09/29 07:38:27.360, 7, 8699, 100
2026/09/29 07:38:28.360, 0, 8637, 100
2026/09/29 07:38:28.360, 1, 8785, 100
2026/09/29 07:38:28.360, 2, 8683, 100
2026/09/29 07:38:28.360, 3, 8579, 100
2026/09/29 07:38:28.360, 4, 8685, 100
2026/09/29 07:38:28.360, 5, 8761, 100
2026/09/29 07:38:28.360, 6, 8581, 100
2026/09/29 07:38:28.361, 7, 8699, 100
2026/09/29 07:38:29.361, 0, 8637, 100
2026/09/29 07:38:29.361, 1, 8785, 100
2026/09/29 07:38:29.361, 2, 8683, 100
2026/09/29 07:38:29.361, 3, 8579, 100
2026/09/29 07:38:29.361, 4, 8685, 100
2026/09/29 07:38:29.361, 5, 8761, 100
2026/09/29 07:38:29.361, 6, 8581, 100
2026/09/29 07:38:29.361, 7, 8699, 100
2026/09/29 07:38:30.361, 0, 8637, 100
2026/09/29 07:38:30.361, 1, 8785, 100
2026/09/29 07:38:30.361, 2, 8683, 100
2026/09/29 07:38:30.361, 3, 8579, 100
2026/09/29 07:38:30.361, 4, 8685, 100
2026/09/29 07:38:30.362, 5, 8761, 100
2026/09/29 07:38:30.362, 6, 8581, 100
2026/09/29 07:38:30.362, 7, 8699, 100
2026/09/29 07:38:31.362, 0, 8637, 100
2026/09/29 07:38:31.362, 1, 8785, 100
2026/09/29 07:38:31.362, 2, 8683, 100
2026/09/29 07:38:31.362, 3, 8579, 100
2026/09/29 07:38:31.362, 4, 8685, 100
2026/09/29 07:38:31.362, 5, 8761, 100
2026/09/29 07:38:31.362, 6, 8581, 100
2026/09/29 07:38:31.362, 7, 8699, 100
2026/09/29 07:38:32.362, 0, 8637, 100
2026/09/29 07:38:32.362, 1, 8785, 100
2026/09/29 07:38:32.362, 2, 8683, 100
2026/09/29 07:38:32.363, 3, 8579, 100
2026/09/29 07:38:32.363, 4, 8685, 100
2026/09/29 07:38:32.363, 5, 8761, 100
2026/09/29 07:38:32.363, 6, 8581, 100
2026/09/29 07:38:32.363, 7, 8699, 100
2026/09/29 07:38:33.363, 0, 8637, 100
2026/09/29 07:38:33.363, 1, 8785, 100
2026/09/29 07:38:33.363, 2, 8683, 100
2026/09/29 07:38:33.363, 3, 8579, 100
2026/09/29 07:38:33.363, 4, 8685, 100
2026/09/29 07:38:33.363, 5, 8761, 100
2026/09/29 07:38:33.363, 6, 8581, 100
2026/09/29 07:38:33.363, 7, 8699, 100
2026/09/29 07:38:34.363, 0, 8637, 100
2026/09/29 07:38:34.363, 1, 8785, 100
2026/09/29 07:38:34.364, 2, 8683, 100
2026/09/29 07:38:34.364, 3, 8579, 100
2026/09/29 07:38:34.364, 4, 8685, 100
2026/09/29 07:38:34.364, 5, 8761, 100
2026/09/29 07:38:34.364, 6, 8581, 100
2026/09/29 07:38:34.364, 7, 8699, 100
2026/09/29 07:38:35.364, 0, 8637, 100
2026/09/29 07:38:35.364, 1, 8785, 100
2026/09/29 07:38:35.364, 2, 8683, 100
2026/09/29 07:38:35.364, 3, 8579, 100
2026/09/29 07:38:35.364, 4, 8685, 100
2026/09/29 07:38:35.364, 5, 8761, 100
2026/09/29 07:38:35.364, 6, 8581, 100
2026/09/29 07:38:35.364, 7, 8699, 100
2026/09/29 07:38:36.365, 0, 8637, 100
2026/09/29 07:38:36.367, 1, 8785, 100
2026/09/29 07:38:36.367, 2, 8683, 100
2026/09/29 07:38:36.367, 3, 8579, 100
2026/09/29 07:38:36.367, 4, 8685, 100
2026/09/29 07:38:36.367, 5, 8761, 100
2026/09/29 07:38:36.367, 6, 8581, 100
2026/09/29 07:38:36.367, 7, 8699, 100
2026/09/29 07:38:37.368, 0, 8637, 100
2026/09/29 07:38:37.368, 1, 8785, 100
2026/09/29 07:38:37.368, 2, 8683, 100
2026/09/29 07:38:37.368, 3, 8579, 100
2026/09/29 07:38:37.368, 4, 8685, 100
2026/09/29 07:38:37.368, 5, 8761, 100
2026/09/29 07:38:37.368, 6, 8581, 100
2026/09/29 07:38:37.368, 7, 8699, 100
2026/09/29 07:38:38.368, 0, 8637, 100
2026/09/29 07:38:38.368, 1, 8785, 100
2026/09/29 07:38:38.368, 2, 8683, 100
2026/09/29 07:38:38.368, 3, 8579, 100
2026/09/29 07:38:38.368, 4, 8685, 100
2026/09/29 07:38:38.368, 5, 8761, 100
2026/09/29 07:38:38.368, 6, 8581, 100
2026/09/29 07:38:38.368, 7, 8699, 100
2026/09/29 07:38:39.369, 0, 8637, 100
2026/09/29 07:38:39.369, 1, 8785, 100
2026/09/29 07:38:39.369, 2, 8683, 100
2026/09/29 07:38:39.369, 3, 8579, 100
2026/09/29 07:38:39.369, 4, 8685, 100
2026/09/29 07:38:39.369, 5, 8761, 100
2026/09/29 07:38:39.369, 6, 8581, 100
2026/09/29 07:38:39.369, 7, 8699, 100
2026/09/29 07:38:40.369, 0, 8637, 100
2026/09/29 07:38:40.369, 1, 8785, 100
2026/09/29 07:38:40.369, 2, 8683, 100
2026/09/29 07:38:40.369, 3, 8579, 100
2026/09/29 07:38:40.369, 4, 8685, 100
2026/09/29 07:38:40.369, 5, 8761, 100
2026/09/29 07:38:40.369, 6, 8581, 100
2026/09/29 07:38:40.369, 7, 8699, 100
2026/09/29 07:38:41.370, 0, 8637, 100
2026/09/29 07:38:41.370, 1, 8785, 100
2026/09/29 07:38:41.370, 2, 8683, 100
2026/09/29 07:38:41.370, 3, 8579, 100
2026/09/29 07:38:41.370, 4, 8685, 100
2026/09/29 07:38:41.370, 5, 8761, 100
2026/09/29 07:38:41.370, 6, 8581, 100
2026/09/29 07:38:41.370, 7, 8699, 100
2026/09/29 07:38:42.370, 0, 8637, 100
2026/09/29 07:38:42.370, 1, 8785, 100
2026/09/29 07:38:42.370, 2, 8683, 100
2026/09/29 07:38:42.370, 3, 8579, 100
2026/09/29 07:38:42.370, 4, 8685, 100
2026/09/29 07:38:42.370, 5, 8761, 100
2026/09/29 07:38:42.370, 6, 8581, 100
2026/09/29 07:38:42.371, 7, 8699, 100
2026/09/29 07:38:43.371, 0, 8637, 100
2026/09/29 07:38:43.371, 1, 8785, 100
2026/09/29 07:38:43.371, 2, 8683, 100
2026/09/29 07:38:43.371, 3, 8579, 100
2026/09/29 07:38:43.371, 4, 8685, 100
2026/09/29 07:38:43.371, 5, 8761, 100
2026/09/29 07:38:43.371, 6, 8581, 100
2026/09/29 07:38:43.371, 7, 8699, 100
2026/09/29 07:38:44.371, 0, 8637, 100
2026/09/29 07:38:44.371, 1, 8785, 100
2026/09/29 07:38:44.371, 2, 8683, 100
2026/09/29 07:38:44.371, 3, 8579, 100
2026/09/29 07:38:44.372, 4, 8685, 100
2026/09/29 07:38:44.372, 5, 8761, 100
2026/09/29 07:38:44.372, 6, 8581, 100
2026/09/29 07:38:44.372, 7, 8699, 100
2026/09/29 07:38:45.372, 0, 8637, 100
2026/09/29 07:38:45.372, 1, 8785, 100
2026/09/29 07:38:45.372, 2, 8683, 100
2026/09/29 07:38:45.372, 3, 8579, 100
2026/09/29 07:38:45.372, 4, 8685, 100
2026/09/29 07:38:45.372, 5, 8761, 100
2026/09/29 07:38:45.372, 6, 8581, 100
2026/09/29 07:38:45.372, 7, 8699, 100
2026/09/29 07:38:46.372, 0, 8637, 100
2026/09/29 07:38:46.372, 1, 8785, 100
2026/09/29 07:38:46.372, 2, 8683, 100
2026/09/29 07:38:46.372, 3, 8579, 100
2026/09/29 07:38:46.372, 4, 8685, 100
2026/09/29 07:38:46.372, 5, 8761, 100
2026/09/29 07:38:46.372, 6, 8581, 100
2026/09/29 07:38:46.373, 7, 8699, 100
2026/09/29 07:38:47.373, 0, 8637, 100
2026/09/29 07:38:47.373, 1, 8785, 100
2026/09/29 07:38:47.373, 2, 8683, 100
2026/09/29 07:38:47.373, 3, 8579, 100
2026/09/29 07:38:47.373, 4, 8685, 100
2026/09/29 07:38:47.373, 5, 8761, 100
2026/09/29 07:38:47.373, 6, 8581, 100
2026/09/29 07:38:47.373, 7, 8699, 100
2026/09/29 07:38:48.373, 0, 8637, 100
2026/09/29 07:38:48.373, 1, 8785, 100
2026/09/29 07:38:48.374, 2, 8683, 100
2026/09/29 07:38:48.374, 3, 8579, 100
2026/09/29 07:38:48.374, 4, 8685, 100
2026/09/29 07:38:48.374, 5, 8761, 100
2026/09/29 07:38:48.374, 6, 8581, 100
2026/09/29 07:38:48.374, 7, 8699, 100
2026/09/29 07:38:49.374, 0, 8637, 100
2026/09/29 07:38:49.374, 1, 8785, 100
2026/09/29 07:38:49.374, 2, 8683, 100
2026/09/29 07:38:49.374, 3, 8579, 100
2026/09/29 07:38:49.374, 4, 8685, 100
2026/09/29 07:38:49.374, 5, 8761, 100
2026/09/29 07:38:49.374, 6, 8581, 100
2026/09/29 07:38:49.375, 7, 8699, 100
2026/09/29 07:38:50.375, 0, 8637, 100
2026/09/29 07:38:50.375, 1, 8785, 100
2026/09/29 07:38:50.375, 2, 8683, 100
2026/09/29 07:38:50.375, 3, 8579, 100
2026/09/29 07:38:50.375, 4, 8685, 100
2026/09/29 07:38:50.375, 5, 8761, 100
2026/09/29 07:38:50.375, 6, 8581, 100
2026/09/29 07:38:50.375, 7, 8699, 100
2026/09/29 07:38:51.375, 0, 8637, 100
2026/09/29 07:38:51.375, 1, 8785, 100
2026/09/29 07:38:51.375, 2, 8683, 100
2026/09/29 07:38:51.375, 3, 8579, 100
2026/09/29 07:38:51.376, 4, 8685, 100
2026/09/29 07:38:51.376, 5, 8761, 100
2026/09/29 07:38:51.376, 6, 8581, 100
2026/09/29 07:38:51.376, 7, 8699, 100
2026/09/29 07:38:52.376, 0, 8637, 100
2026/09/29 07:38:52.376, 1, 8785, 100
2026/09/29 07:38:52.376, 2, 8683, 100
2026/09/29 07:38:52.376, 3, 8579, 100
2026/09/29 07:38:52.376, 4, 8685, 100
2026/09/29 07:38:52.376, 5, 8761, 100
2026/09/29 07:38:52.376, 6, 8581, 100
2026/09/29 07:38:52.376, 7, 8699, 100
2026/09/29 07:38:53.376, 0, 8637, 100
2026/09/29 07:38:53.376, 1, 8785, 100
2026/09/29 07:38:53.376, 2, 8683, 100
2026/09/29 07:38:53.376, 3, 8579, 100
2026/09/29 07:38:53.377, 4, 8685, 100
2026/09/29 07:38:53.377, 5, 8761, 100
2026/09/29 07:38:53.377, 6, 8581, 100
2026/09/29 07:38:53.377, 7, 8699, 100
2026/09/29 07:38:54.377, 0, 8637, 100
2026/09/29 07:38:54.377, 1, 8785, 100
2026/09/29 07:38:54.377, 2, 8683, 100
2026/09/29 07:38:54.377, 3, 8579, 100
2026/09/29 07:38:54.377, 4, 8685, 100
2026/09/29 07:38:54.377, 5, 8761, 100
2026/09/29 07:38:54.377, 6, 8581, 100
2026/09/29 07:38:54.377, 7, 8699, 100
2026/09/29 07:38:55.377, 0, 8637, 100
2026/09/29 07:38:55.377, 1, 8785, 100
2026/09/29 07:38:55.377, 2, 8683, 100
2026/09/29 07:38:55.377, 3, 8579, 100
2026/09/29 07:38:55.378, 4, 8685, 100
2026/09/29 07:38:55.378, 5, 8761, 100
2026/09/29 07:38:55.378, 6, 8581, 100
2026/09/29 07:38:55.378, 7, 8699, 100
2026/09/29 07:38:56.378, 0, 8637, 100
2026/09/29 07:38:56.378, 1, 8785, 100
2026/09/29 07:38:56.378, 2, 8683, 100
2026/09/29 07:38:56.378, 3, 8579, 100
2026/09/29 07:38:56.378, 4, 8685, 100
2026/09/29 07:38:56.378, 5, 8761, 100
2026/09/29 07:38:56.378, 6, 8581, 100
2026/09/29 07:38:56.378, 7, 8699, 100
2026/09/29 07:38:57.378, 0, 8637, 100
2026/09/29 07:38:57.379, 1, 8785, 100
2026/09/29 07:38:57.379, 2, 8683, 100
2026/09/29 07:38:57.379, 3, 8579, 100
2026/09/29 07:38:57.379, 4, 8685, 100
2026/09/29 07:38:57.379, 5, 8761, 100
2026/09/29 07:38:57.379, 6, 8581, 100
2026/09/29 07:38:57.379, 7, 8699, 100
2026/09/29 07:38:58.379, 0, 8637, 100
2026/09/29 07:38:58.379, 1, 8785, 100
2026/09/29 07:38:58.379, 2, 8683, 100
2026/09/29 07:38:58.379, 3, 8579, 100
2026/09/29 07:38:58.379, 4, 8685, 100
2026/09/29 07:38:58.379, 5, 8761, 100
2026/09/29 07:38:58.379, 6, 8581, 100
2026/09/29 07:38:58.380, 7, 8699, 100
2026/09/29 07:38:59.380, 0, 8637, 100
2026/09/29 07:38:59.380, 1, 8785, 100
2026/09/29 07:38:59.380, 2, 8683, 100
2026/09/29 07:38:59.380, 3, 8579, 100
2026/09/29 07:38:59.380, 4, 8685, 100
2026/09/29 07:38:59.380, 5, 8761, 100
2026/09/29 07:38:59.380, 6, 8581, 100
2026/09/29 07:38:59.380, 7, 8699, 100
2026/09/29 07:39:00.380, 0, 8637, 100
2026/09/29 07:39:00.380, 1, 8785, 100
2026/09/29 07:39:00.380, 2, 8683, 100
2026/09/29 07:39:00.380, 3, 8579, 100
2026/09/29 07:39:00.380, 4, 8685, 100
2026/09/29 07:39:00.380, 5, 8761, 100
2026/09/29 07:39:00.380, 6, 8581, 100
2026/09/29 07:39:00.380, 7, 8699, 100
2026/09/29 07:39:01.380, 0, 8637, 100
2026/09/29 07:39:01.381, 1, 8785, 100
2026/09/29 07:39:01.381, 2, 8683, 100
2026/09/29 07:39:01.381, 3, 8579, 100
2026/09/29 07:39:01.381, 4, 8685, 100
2026/09/29 07:39:01.381, 5, 8761, 100
2026/09/29 07:39:01.381, 6, 8581, 100
2026/09/29 07:39:01.381, 7, 8699, 100
2026/09/29 07:39:02.381, 0, 8637, 100
2026/09/29 07:39:02.381, 1, 8785, 100
2026/09/29 07:39:02.381, 2, 8683, 100
2026/09/29 07:39:02.381, 3, 8579, 100
2026/09/29 07:39:02.381, 4, 8685, 100
2026/09/29 07:39:02.381, 5, 8761, 100
2026/09/29 07:39:02.381, 6, 8581, 100
2026/09/29 07:39:02.381, 7, 8699, 100
2026/09/29 07:39:03.382, 0, 8637, 100
2026/09/29 07:39:03.382, 1, 8785, 100
2026/09/29 07:39:03.382, 2, 8683, 100
2026/09/29 07:39:03.382, 3, 8579, 100
2026/09/29 07:39:03.382, 4, 8685, 100
2026/09/29 07:39:03.382, 5, 8761, 100
2026/09/29 07:39:03.382, 6, 8581, 100
2026/09/29 07:39:03.382, 7, 8699, 100
2026/09/29 07:39:04.382, 0, 8637, 100
2026/09/29 07:39:04.382, 1, 8785, 100
2026/09/29 07:39:04.382, 2, 8683, 100
2026/09/29 07:39:04.382, 3, 8579, 100
2026/09/29 07:39:04.382, 4, 8685, 100
2026/09/29 07:39:04.382, 5, 8761, 100
2026/09/29 07:39:04.382, 6, 8581, 100
2026/09/29 07:39:04.383, 7, 8699, 100
2026/09/29 07:39:05.383, 0, 8637, 100
2026/09/29 07:39:05.383, 1, 8785, 100
2026/09/29 07:39:05.383, 2, 8683, 100
2026/09/29 07:39:05.383, 3, 8579, 100
2026/09/29 07:39:05.383, 4, 8685, 100
2026/09/29 07:39:05.383, 5, 8761, 100
2026/09/29 07:39:05.383, 6, 8581, 100
2026/09/29 07:39:05.383, 7, 8699, 100
2026/09/29 07:39:06.383, 0, 8637, 100
2026/09/29 07:39:06.383, 1, 8785, 100
2026/09/29 07:39:06.383, 2, 8683, 100
2026/09/29 07:39:06.383, 3, 8579, 100
2026/09/29 07:39:06.383, 4, 8685, 100
2026/09/29 07:39:06.384, 5, 8761, 100
2026/09/29 07:39:06.384, 6, 8581, 100
2026/09/29 07:39:06.388, 7, 8699, 100
2026/09/29 07:39:07.388, 0, 8637, 100
2026/09/29 07:39:07.388, 1, 8785, 100
2026/09/29 07:39:07.388, 2, 8683, 100
2026/09/29 07:39:07.388, 3, 8579, 100
2026/09/29 07:39:07.388, 4, 8685, 100
2026/09/29 07:39:07.388, 5, 8761, 100
2026/09/29 07:39:07.388, 6, 8581, 100
2026/09/29 07:39:07.388, 7, 8699, 100
2026/09/29 07:39:08.388, 0, 8637, 100
2026/09/29 07:39:08.388, 1, 8785, 100
2026/09/29 07:39:08.388, 2, 8683, 100
2026/09/29 07:39:08.388, 3, 8579, 100
2026/09/29 07:39:08.389, 4, 8685, 100
2026/09/29 07:39:08.389, 5, 8761, 100
2026/09/29 07:39:08.389, 6, 8581, 100
2026/09/29 07:39:08.389, 7, 8699, 100
2026/09/29 07:39:09.389, 0, 8637, 100
2026/09/29 07:39:09.389, 1, 8785, 100
2026/09/29 07:39:09.389, 2, 8683, 100
2026/09/29 07:39:09.389, 3, 8579, 100
2026/09/29 07:39:09.389, 4, 8685, 100
2026/09/29 07:39:09.389, 5, 8761, 100
2026/09/29 07:39:09.389, 6, 8581, 100
2026/09/29 07:39:09.389, 7, 8699, 100
2026/09/29 07:39:10.389, 0, 8637, 100
2026/09/29 07:39:10.389, 1, 8785, 100
2026/09/29 07:39:10.390, 2, 8683, 100
2026/09/29 07:39:10.390, 3, 8579, 100
2026/09/29 07:39:10.390, 4, 8685, 100
2026/09/29 07:39:10.390, 5, 8761, 100
2026/09/29 07:39:10.390, 6, 8581, 100
2026/09/29 07:39:10.390, 7, 8699, 100
2026/09/29 07:39:11.390, 0, 8637, 100
2026/09/29 07:39:11.390, 1, 8785, 100
2026/09/29 07:39:11.390, 2, 8683, 100
2026/09/29 07:39:11.390, 3, 8579, 100
2026/09/29 07:39:11.390, 4, 8685, 100
2026/09/29 07:39:11.390, 5, 8761, 100
2026/09/29 07:39:11.390, 6, 8581, 100
2026/09/29 07:39:11.390, 7, 8699, 100
2026/09/29 07:39:12.391, 0, 8637, 100
2026/09/29 07:39:12.391, 1, 8785, 100
2026/09/29 07:39:12.391, 2, 8683, 100
2026/09/29 07:39:12.391, 3, 8579, 100
2026/09/29 07:39:12.391, 4, 8685, 100
2026/09/29 07:39:12.391, 5, 8761, 100
2026/09/29 07:39:12.391, 6, 8581, 100
2026/09/29 07:39:12.391, 7, 8699, 100
2026/09/29 07:39:13.391, 0, 8637, 100
2026/09/29 07:39:13.391, 1, 8785, 100
2026/09/29 07:39:13.391, 2, 8683, 100
2026/09/29 07:39:13.391, 3, 8579, 100
2026/09/29 07:39:13.391, 4, 8685, 100
2026/09/29 07:39:13.391, 5, 8761, 100
2026/09/29 07:39:13.391, 6, 8581, 100
2026/09/29 07:39:13.391, 7, 8699, 100
2026/09/29 07:39:14.391, 0, 8637, 100
2026/09/29 07:39:14.391, 1, 8785, 100
2026/09/29 07:39:14.391, 2, 8683, 100
2026/09/29 07:39:14.391, 3, 8579, 100
2026/09/29 07:39:14.391, 4, 8685, 100
2026/09/29 07:39:14.391, 5, 8761, 100
2026/09/29 07:39:14.391, 6, 8581, 100
2026/09/29 07:39:14.391, 7, 8699, 100
2026/09/29 07:39:15.392, 0, 8637, 100
2026/09/29 07:39:15.392, 1, 8785, 100
2026/09/29 07:39:15.392, 2, 8683, 100
2026/09/29 07:39:15.392, 3, 8579, 100
2026/09/29 07:39:15.392, 4, 8685, 100
2026/09/29 07:39:15.392, 5, 8761, 100
2026/09/29 07:39:15.392, 6, 8581, 100
2026/09/29 07:39:15.392, 7, 8699, 100
2026/09/29 07:39:16.392, 0, 8637, 100
2026/09/29 07:39:16.392, 1, 8785, 100
2026/09/29 07:39:16.392, 2, 8683, 100
2026/09/29 07:39:16.392, 3, 8579, 100
2026/09/29 07:39:16.392, 4, 8685, 100
2026/09/29 07:39:16.392, 5, 8761, 100
2026/09/29 07:39:16.393, 6, 8581, 100
2026/09/29 07:39:16.393, 7, 8699, 100
2026/09/29 07:39:17.393, 0, 8637, 100
2026/09/29 07:39:17.393, 1, 8785, 100
2026/09/29 07:39:17.393, 2, 8683, 100
2026/09/29 07:39:17.393, 3, 8579, 100
2026/09/29 07:39:17.393, 4, 8685, 100
2026/09/29 07:39:17.393, 5, 8761, 100
2026/09/29 07:39:17.393, 6, 8581, 100
2026/09/29 07:39:17.393, 7, 8699, 100
2026/09/29 07:39:18.393, 0, 8637, 100
2026/09/29 07:39:18.394, 1, 8785, 100
2026/09/29 07:39:18.394, 2, 8683, 100
2026/09/29 07:39:18.394, 3, 8579, 100
2026/09/29 07:39:18.394, 4, 8685, 100
2026/09/29 07:39:18.394, 5, 8761, 100
2026/09/29 07:39:18.394, 6, 8581, 100
2026/09/29 07:39:18.394, 7, 8699, 100
2026/09/29 07:39:19.394, 0, 8637, 100
2026/09/29 07:39:19.394, 1, 8785, 100
2026/09/29 07:39:19.394, 2, 8683, 100
2026/09/29 07:39:19.394, 3, 8579, 100
2026/09/29 07:39:19.394, 4, 8685, 100
2026/09/29 07:39:19.394, 5, 8761, 100
2026/09/29 07:39:19.394, 6, 8581, 100
2026/09/29 07:39:19.394, 7, 8699, 100
2026/09/29 07:39:20.395, 0, 8637, 100
2026/09/29 07:39:20.395, 1, 8785, 100
2026/09/29 07:39:20.395, 2, 8683, 100
2026/09/29 07:39:20.395, 3, 8579, 100
2026/09/29 07:39:20.395, 4, 8685, 100
2026/09/29 07:39:20.395, 5, 8761, 100
2026/09/29 07:39:20.395, 6, 8581, 100
2026/09/29 07:39:20.395, 7, 8699, 100
2026/09/29 07:39:21.395, 0, 8637, 100
2026/09/29 07:39:21.397, 1, 8785, 100
2026/09/29 07:39:21.397, 2, 8683, 100
2026/09/29 07:39:21.397, 3, 8579, 100
2026/09/29 07:39:21.401, 4, 8685, 100
2026/09/29 07:39:21.401, 5, 8761, 100
2026/09/29 07:39:21.406, 6, 8581, 100
2026/09/29 07:39:21.406, 7, 8699, 100
2026/09/29 07:39:22.409, 0, 8637, 100
2026/09/29 07:39:22.410, 1, 8785, 100
2026/09/29 07:39:22.410, 2, 8683, 100
2026/09/29 07:39:22.410, 3, 8579, 100
2026/09/29 07:39:22.410, 4, 8685, 100
2026/09/29 07:39:22.410, 5, 8761, 100
2026/09/29 07:39:22.410, 6, 8581, 100
2026/09/29 07:39:22.410, 7, 8699, 100
2026/09/29 07:39:23.410, 0, 8637, 100
2026/09/29 07:39:23.410, 1, 8785, 100
2026/09/29 07:39:23.410, 2, 8683, 100
2026/09/29 07:39:23.410, 3, 8579, 100
2026/09/29 07:39:23.410, 4, 8685, 100
2026/09/29 07:39:23.410, 5, 8761, 100
2026/09/29 07:39:23.410, 6, 8581, 100
2026/09/29 07:39:23.410, 7, 8699, 100
2026/09/29 07:39:24.411, 0, 8637, 100
2026/09/29 07:39:24.411, 1, 8785, 100
2026/09/29 07:39:24.411, 2, 8683, 100
2026/09/29 07:39:24.411, 3, 8579, 100
2026/09/29 07:39:24.411, 4, 8685, 100
2026/09/29 07:39:24.411, 5, 8761, 100
2026/09/29 07:39:24.411, 6, 8581, 100
2026/09/29 07:39:24.411, 7, 8699, 100
2026/09/29 07:39:25.411, 0, 8637, 100
2026/09/29 07:39:25.411, 1, 8785, 100
2026/09/29 07:39:25.411, 2, 8683, 100
2026/09/29 07:39:25.411, 3, 8579, 100
2026/09/29 07:39:25.411, 4, 8685, 100
2026/09/29 07:39:25.411, 5, 8761, 100
2026/09/29 07:39:25.411, 6, 8581, 100
2026/09/29 07:39:25.412, 7, 8699, 100
2026/09/29 07:39:26.412, 0, 8637, 100
2026/09/29 07:39:26.412, 1, 8785, 100
2026/09/29 07:39:26.412, 2, 8683, 100
2026/09/29 07:39:26.412, 3, 8579, 100
2026/09/29 07:39:26.412, 4, 8685, 100
2026/09/29 07:39:26.412, 5, 8761, 100
2026/09/29 07:39:26.412, 6, 8581, 100
2026/09/29 07:39:26.412, 7, 8699, 100
2026/09/29 07:39:27.412, 0, 8637, 100
2026/09/29 07:39:27.412, 1, 8785, 100
2026/09/29 07:39:27.412, 2, 8683, 100
2026/09/29 07:39:27.412, 3, 8579, 100
2026/09/29 07:39:27.412, 4, 8685, 100
2026/09/29 07:39:27.412, 5, 8761, 100
2026/09/29 07:39:27.412, 6, 8581, 100
2026/09/29 07:39:27.412, 7, 8699, 100
2026/09/29 07:39:28.413, 0, 8637, 100
2026/09/29 07:39:28.413, 1, 8785, 100
2026/09/29 07:39:28.413, 2, 8683, 100
2026/09/29 07:39:28.413, 3, 8579, 100
2026/09/29 07:39:28.413, 4, 8685, 100
2026/09/29 07:39:28.413, 5, 8761, 100
2026/09/29 07:39:28.413, 6, 8581, 100
2026/09/29 07:39:28.413, 7, 8699, 100
2026/09/29 07:39:29.413, 0, 8637, 100
2026/09/29 07:39:29.413, 1, 8785, 100
2026/09/29 07:39:29.413, 2, 8683, 100
2026/09/29 07:39:29.413, 3, 8579, 100
2026/09/29 07:39:29.413, 4, 8685, 100
2026/09/29 07:39:29.413, 5, 8761, 100
2026/09/29 07:39:29.413, 6, 8581, 100
2026/09/29 07:39:29.413, 7, 8699, 100
2026/09/29 07:39:30.414, 0, 8637, 100
2026/09/29 07:39:30.414, 1, 8785, 100
2026/09/29 07:39:30.414, 2, 8683, 100
2026/09/29 07:39:30.414, 3, 8579, 100
2026/09/29 07:39:30.414, 4, 8685, 100
2026/09/29 07:39:30.414, 5, 8761, 100
2026/09/29 07:39:30.414, 6, 8581, 100
2026/09/29 07:39:30.414, 7, 8699, 100
2026/09/29 07:39:31.414, 0, 8637, 100
2026/09/29 07:39:31.414, 1, 8785, 100
2026/09/29 07:39:31.414, 2, 8683, 100
2026/09/29 07:39:31.414, 3, 8579, 100
2026/09/29 07:39:31.414, 4, 8685, 100
2026/09/29 07:39:31.414, 5, 8761, 100
2026/09/29 07:39:31.414, 6, 8581, 100
2026/09/29 07:39:31.414, 7, 8699, 100
2026/09/29 07:39:32.415, 0, 8637, 100
2026/09/29 07:39:32.415, 1, 8785, 100
2026/09/29 07:39:32.415, 2, 8683, 100
2026/09/29 07:39:32.415, 3, 8579, 100
2026/09/29 07:39:32.415, 4, 8685, 100
2026/09/29 07:39:32.415, 5, 8761, 100
2026/09/29 07:39:32.415, 6, 8581, 100
2026/09/29 07:39:32.415, 7, 8699, 100
2026/09/29 07:39:33.415, 0, 8637, 100
2026/09/29 07:39:33.415, 1, 8785, 100
2026/09/29 07:39:33.415, 2, 8683, 100
2026/09/29 07:39:33.415, 3, 8579, 100
2026/09/29 07:39:33.415, 4, 8685, 100
2026/09/29 07:39:33.415, 5, 8761, 100
2026/09/29 07:39:33.416, 6, 8581, 100
2026/09/29 07:39:33.416, 7, 8699, 100
2026/09/29 07:39:34.416, 0, 8637, 100
2026/09/29 07:39:34.416, 1, 8785, 100
2026/09/29 07:39:34.416, 2, 8683, 100
2026/09/29 07:39:34.416, 3, 8579, 100
2026/09/29 07:39:34.416, 4, 8685, 100
2026/09/29 07:39:34.416, 5, 8761, 100
2026/09/29 07:39:34.416, 6, 8581, 100
2026/09/29 07:39:34.416, 7, 8699, 100
2026/09/29 07:39:35.416, 0, 8637, 100
2026/09/29 07:39:35.416, 1, 8785, 100
2026/09/29 07:39:35.416, 2, 8683, 100
2026/09/29 07:39:35.416, 3, 8579, 100
2026/09/29 07:39:35.416, 4, 8685, 100
2026/09/29 07:39:35.416, 5, 8761, 100
2026/09/29 07:39:35.416, 6, 8581, 100
2026/09/29 07:39:35.416, 7, 8699, 100
2026/09/29 07:39:36.417, 0, 8637, 100
2026/09/29 07:39:36.420, 1, 8785, 100
2026/09/29 07:39:36.420, 2, 8683, 100
2026/09/29 07:39:36.420, 3, 8579, 100
2026/09/29 07:39:36.420, 4, 8685, 100
2026/09/29 07:39:36.420, 5, 8761, 100
2026/09/29 07:39:36.420, 6, 8581, 100
2026/09/29 07:39:36.420, 7, 8699, 100
2026/09/29 07:39:37.420, 0, 8637, 100
2026/09/29 07:39:37.420, 1, 8785, 100
2026/09/29 07:39:37.420, 2, 8683, 100
2026/09/29 07:39:37.420, 3, 8579, 100
2026/09/29 07:39:37.420, 4, 8685, 100
2026/09/29 07:39:37.420, 5, 8761, 100
2026/09/29 07:39:37.421, 6, 8581, 100
2026/09/29 07:39:37.421, 7, 8699, 100
2026/09/29 07:39:38.421, 0, 8637, 100
2026/09/29 07:39:38.421, 1, 8785, 100
2026/09/29 07:39:38.421, 2, 8683, 100
2026/09/29 07:39:38.421, 3, 8579, 100
2026/09/29 07:39:38.421, 4, 8685, 100
2026/09/29 07:39:38.421, 5, 8761, 100
2026/09/29 07:39:38.421, 6, 8581, 100
2026/09/29 07:39:38.421, 7, 8699, 100
2026/09/29 07:39:39.421, 0, 8637, 100
2026/09/29 07:39:39.421, 1, 8785, 100
2026/09/29 07:39:39.422, 2, 8683, 100
2026/09/29 07:39:39.422, 3, 8579, 100
2026/09/29 07:39:39.422, 4, 8685, 100
2026/09/29 07:39:39.422, 5, 8761, 100
2026/09/29 07:39:39.422, 6, 8581, 100
2026/09/29 07:39:39.422, 7, 8699, 100
2026/09/29 07:39:40.422, 0, 8637, 100
2026/09/29 07:39:40.422, 1, 8785, 100
2026/09/29 07:39:40.422, 2, 8683, 100
2026/09/29 07:39:40.422, 3, 8579, 100
2026/09/29 07:39:40.422, 4, 8685, 100
2026/09/29 07:39:40.422, 5, 8761, 100
2026/09/29 07:39:40.422, 6, 8581, 100
2026/09/29 07:39:40.422, 7, 8699, 100
2026/09/29 07:39:41.423, 0, 8637, 100
2026/09/29 07:39:41.423, 1, 8785, 100
2026/09/29 07:39:41.423, 2, 8683, 100
2026/09/29 07:39:41.423, 3, 8579, 100
2026/09/29 07:39:41.423, 4, 8685, 100
2026/09/29 07:39:41.423, 5, 8761, 100
2026/09/29 07:39:41.423, 6, 8581, 100
2026/09/29 07:39:41.423, 7, 8699, 100
2026/09/29 07:39:42.423, 0, 8637, 100
2026/09/29 07:39:42.423, 1, 8785, 100
2026/09/29 07:39:42.423, 2, 8683, 100
2026/09/29 07:39:42.423, 3, 8579, 100
2026/09/29 07:39:42.423, 4, 8685, 100
2026/09/29 07:39:42.423, 5, 8761, 100
2026/09/29 07:39:42.423, 6, 8581, 100
2026/09/29 07:39:42.424, 7, 8699, 100
2026/09/29 07:39:43.424, 0, 8637, 100
2026/09/29 07:39:43.424, 1, 8785, 100
2026/09/29 07:39:43.424, 2, 8683, 100
2026/09/29 07:39:43.424, 3, 8579, 100
2026/09/29 07:39:43.424, 4, 8685, 100
2026/09/29 07:39:43.424, 5, 8761, 100
2026/09/29 07:39:43.424, 6, 8581, 100
2026/09/29 07:39:43.424, 7, 8699, 100
2026/09/29 07:39:44.424, 0, 8637, 100
2026/09/29 07:39:44.424, 1, 8785, 100
2026/09/29 07:39:44.424, 2, 8683, 100
2026/09/29 07:39:44.424, 3, 8579, 100
2026/09/29 07:39:44.424, 4, 8685, 100
2026/09/29 07:39:44.425, 5, 8761, 100
2026/09/29 07:39:44.425, 6, 8581, 100
2026/09/29 07:39:44.425, 7, 8699, 100
2026/09/29 07:39:45.425, 0, 8637, 100
2026/09/29 07:39:45.425, 1, 8785, 100
2026/09/29 07:39:45.425, 2, 8683, 100
2026/09/29 07:39:45.425, 3, 8579, 100
2026/09/29 07:39:45.425, 4, 8685, 100
2026/09/29 07:39:45.425, 5, 8761, 100
2026/09/29 07:39:45.425, 6, 8581, 100
2026/09/29 07:39:45.425, 7, 8699, 100
2026/09/29 07:39:46.425, 0, 8637, 100
2026/09/29 07:39:46.425, 1, 8785, 100
2026/09/29 07:39:46.426, 2, 8683, 100
2026/09/29 07:39:46.426, 3, 8579, 100
2026/09/29 07:39:46.426, 4, 8685, 100
2026/09/29 07:39:46.426, 5, 8761, 100
2026/09/29 07:39:46.426, 6, 8581, 100
2026/09/29 07:39:46.426, 7, 8699, 100
2026/09/29 07:39:47.426, 0, 8637, 100
2026/09/29 07:39:47.426, 1, 8785, 100
2026/09/29 07:39:47.426, 2, 8683, 100
2026/09/29 07:39:47.426, 3, 8579, 100
2026/09/29 07:39:47.426, 4, 8685, 100
2026/09/29 07:39:47.426, 5, 8761, 100
2026/09/29 07:39:47.426, 6, 8581, 100
2026/09/29 07:39:47.426, 7, 8699, 100
2026/09/29 07:39:48.426, 0, 8637, 100
2026/09/29 07:39:48.426, 1, 8785, 100
2026/09/29 07:39:48.426, 2, 8683, 100
2026/09/29 07:39:48.426, 3, 8579, 100
2026/09/29 07:39:48.426, 4, 8685, 100
2026/09/29 07:39:48.427, 5, 8761, 100
2026/09/29 07:39:48.427, 6, 8581, 100
2026/09/29 07:39:48.427, 7, 8699, 100
2026/09/29 07:39:49.427, 0, 8637, 100
2026/09/29 07:39:49.427, 1, 8785, 100
2026/09/29 07:39:49.427, 2, 8683, 100
2026/09/29 07:39:49.427, 3, 8579, 100
2026/09/29 07:39:49.427, 4, 8685, 100
2026/09/29 07:39:49.427, 5, 8761, 100
2026/09/29 07:39:49.427, 6, 8581, 100
2026/09/29 07:39:49.427, 7, 8699, 100
2026/09/29 07:39:50.427, 0, 8637, 100
2026/09/29 07:39:50.427, 1, 8785, 100
2026/09/29 07:39:50.428, 2, 8683, 100
2026/09/29 07:39:50.428, 3, 8579, 100
2026/09/29 07:39:50.428, 4, 8685, 100
2026/09/29 07:39:50.428, 5, 8761, 100
2026/09/29 07:39:50.428, 6, 8581, 100
2026/09/29 07:39:50.428, 7, 8699, 100
2026/09/29 07:39:51.428, 0, 8637, 100
2026/09/29 07:39:51.428, 1, 8785, 100
2026/09/29 07:39:51.429, 2, 8683, 100
2026/09/29 07:39:51.433, 3, 8579, 100
2026/09/29 07:39:51.433, 4, 8685, 100
2026/09/29 07:39:51.433, 5, 8761, 100
2026/09/29 07:39:51.434, 6, 8581, 100
2026/09/29 07:39:51.434, 7, 8699, 100
2026/09/29 07:39:52.434, 0, 8637, 100
2026/09/29 07:39:52.434, 1, 8785, 100
2026/09/29 07:39:52.434, 2, 8683, 100
2026/09/29 07:39:52.434, 3, 8579, 100
2026/09/29 07:39:52.434, 4, 8685, 100
2026/09/29 07:39:52.434, 5, 8761, 100
2026/09/29 07:39:52.434, 6, 8581, 100
2026/09/29 07:39:52.434, 7, 8699, 100
2026/09/29 07:39:53.434, 0, 8637, 100
2026/09/29 07:39:53.434, 1, 8785, 100
2026/09/29 07:39:53.434, 2, 8683, 100
2026/09/29 07:39:53.434, 3, 8579, 100
2026/09/29 07:39:53.435, 4, 8685, 100
2026/09/29 07:39:53.435, 5, 8761, 100
2026/09/29 07:39:53.435, 6, 8581, 100
2026/09/29 07:39:53.435, 7, 8699, 100
2026/09/29 07:39:54.435, 0, 8637, 100
2026/09/29 07:39:54.435, 1, 8785, 100
2026/09/29 07:39:54.435, 2, 8683, 100
2026/09/29 07:39:54.435, 3, 8579, 100
2026/09/29 07:39:54.435, 4, 8685, 100
2026/09/29 07:39:54.435, 5, 8761, 100
2026/09/29 07:39:54.435, 6, 8581, 100
2026/09/29 07:39:54.435, 7, 8699, 100
2026/09/29 07:39:55.435, 0, 8637, 100
2026/09/29 07:39:55.435, 1, 8785, 100
2026/09/29 07:39:55.436, 2, 8683, 100
2026/09/29 07:39:55.436, 3, 8579, 100
2026/09/29 07:39:55.436, 4, 8685, 100
2026/09/29 07:39:55.436, 5, 8761, 100
2026/09/29 07:39:55.436, 6, 8581, 100
2026/09/29 07:39:55.436, 7, 8699, 100
2026/09/29 07:39:56.436, 0, 8637, 100
2026/09/29 07:39:56.436, 1, 8785, 100
2026/09/29 07:39:56.436, 2, 8683, 100
2026/09/29 07:39:56.436, 3, 8579, 100
2026/09/29 07:39:56.436, 4, 8685, 100
2026/09/29 07:39:56.436, 5, 8761, 100
2026/09/29 07:39:56.436, 6, 8581, 100
2026/09/29 07:39:56.436, 7, 8699, 100
2026/09/29 07:39:57.436, 0, 8637, 100
2026/09/29 07:39:57.436, 1, 8785, 100
2026/09/29 07:39:57.437, 2, 8683, 100
2026/09/29 07:39:57.437, 3, 8579, 100
2026/09/29 07:39:57.437, 4, 8685, 100
2026/09/29 07:39:57.437, 5, 8761, 100
2026/09/29 07:39:57.437, 6, 8581, 100
2026/09/29 07:39:57.437, 7, 8699, 100
2026/09/29 07:39:58.437, 0, 8637, 100
2026/09/29 07:39:58.437, 1, 8785, 100
2026/09/29 07:39:58.437, 2, 8683, 100
2026/09/29 07:39:58.437, 3, 8579, 100
2026/09/29 07:39:58.437, 4, 8685, 100
2026/09/29 07:39:58.437, 5, 8761, 100
2026/09/29 07:39:58.437, 6, 8581, 100
2026/09/29 07:39:58.437, 7, 8699, 100
2026/09/29 07:39:59.437, 0, 8637, 100
2026/09/29 07:39:59.437, 1, 8785, 100
2026/09/29 07:39:59.437, 2, 8683, 100
2026/09/29 07:39:59.437, 3, 8579, 100
2026/09/29 07:39:59.437, 4, 8685, 100
2026/09/29 07:39:59.438, 5, 8761, 100
2026/09/29 07:39:59.438, 6, 8581, 100
2026/09/29 07:39:59.438, 7, 8699, 100
2026/09/29 07:40:00.438, 0, 8637, 100
2026/09/29 07:40:00.438, 1, 8785, 100
2026/09/29 07:40:00.438, 2, 8683, 100
2026/09/29 07:40:00.438, 3, 8579, 100
2026/09/29 07:40:00.438, 4, 8685, 100
2026/09/29 07:40:00.438, 5, 8761, 100
2026/09/29 07:40:00.438, 6, 8581, 100
2026/09/29 07:40:00.438, 7, 8699, 100
2026/09/29 07:40:01.438, 0, 8637, 100
2026/09/29 07:40:01.438, 1, 8785, 100
2026/09/29 07:40:01.439, 2, 8683, 100
2026/09/29 07:40:01.439, 3, 8579, 100
2026/09/29 07:40:01.439, 4, 8685, 100
2026/09/29 07:40:01.439, 5, 8761, 100
2026/09/29 07:40:01.439, 6, 8581, 100
2026/09/29 07:40:01.439, 7, 8699, 100
2026/09/29 07:40:02.439, 0, 8637, 100
2026/09/29 07:40:02.439, 1, 8785, 100
2026/09/29 07:40:02.439, 2, 8683, 100
2026/09/29 07:40:02.439, 3, 8579, 100
2026/09/29 07:40:02.439, 4, 8685, 100
2026/09/29 07:40:02.439, 5, 8761, 100
2026/09/29 07:40:02.439, 6, 8581, 100
2026/09/29 07:40:02.439, 7, 8699, 100
2026/09/29 07:40:03.440, 0, 8637, 100
2026/09/29 07:40:03.440, 1, 8785, 100
2026/09/29 07:40:03.440, 2, 8683, 100
2026/09/29 07:40:03.440, 3, 8579, 100
2026/09/29 07:40:03.440, 4, 8685, 100
2026/09/29 07:40:03.440, 5, 8761, 100
2026/09/29 07:40:03.440, 6, 8581, 100
2026/09/29 07:40:03.440, 7, 8699, 100
2026/09/29 07:40:04.440, 0, 8637, 100
2026/09/29 07:40:04.440, 1, 8785, 100
2026/09/29 07:40:04.440, 2, 8683, 100
2026/09/29 07:40:04.440, 3, 8579, 100
2026/09/29 07:40:04.440, 4, 8685, 100
2026/09/29 07:40:04.440, 5, 8761, 100
2026/09/29 07:40:04.440, 6, 8581, 100
2026/09/29 07:40:04.440, 7, 8699, 100
2026/09/29 07:40:05.441, 0, 8637, 100
2026/09/29 07:40:05.441, 1, 8785, 100
2026/09/29 07:40:05.441, 2, 8683, 100
2026/09/29 07:40:05.441, 3, 8579, 100
2026/09/29 07:40:05.441, 4, 8685, 100
2026/09/29 07:40:05.441, 5, 8761, 100
2026/09/29 07:40:05.441, 6, 8581, 100
2026/09/29 07:40:05.441, 7, 8699, 100
2026/09/29 07:40:06.441, 0, 8637, 100
2026/09/29 07:40:06.441, 1, 8785, 100
2026/09/29 07:40:06.444, 2, 8683, 100
2026/09/29 07:40:06.447, 3, 8579, 100
2026/09/29 07:40:06.447, 4, 8685, 100
2026/09/29 07:40:06.451, 5, 8761, 100
2026/09/29 07:40:06.451, 6, 8581, 100
2026/09/29 07:40:06.455, 7, 8699, 100
2026/09/29 07:40:07.455, 0, 8637, 100
2026/09/29 07:40:07.455, 1, 8785, 100
2026/09/29 07:40:07.455, 2, 8683, 100
2026/09/29 07:40:07.455, 3, 8579, 100
2026/09/29 07:40:07.455, 4, 8685, 100
2026/09/29 07:40:07.456, 5, 8761, 100
2026/09/29 07:40:07.456, 6, 8581, 100
2026/09/29 07:40:07.456, 7, 8699, 100
2026/09/29 07:40:08.456, 0, 8637, 100
2026/09/29 07:40:08.456, 1, 8785, 100
2026/09/29 07:40:08.456, 2, 8683, 100
2026/09/29 07:40:08.456, 3, 8579, 100
2026/09/29 07:40:08.456, 4, 8685, 100
2026/09/29 07:40:08.456, 5, 8761, 100
2026/09/29 07:40:08.456, 6, 8581, 100
2026/09/29 07:40:08.456, 7, 8699, 100
2026/09/29 07:40:09.456, 0, 8637, 100
2026/09/29 07:40:09.456, 1, 8785, 100
2026/09/29 07:40:09.457, 2, 8683, 100
2026/09/29 07:40:09.457, 3, 8579, 100
2026/09/29 07:40:09.457, 4, 8685, 100
2026/09/29 07:40:09.457, 5, 8761, 100
2026/09/29 07:40:09.457, 6, 8581, 100
2026/09/29 07:40:09.457, 7, 8699, 100
2026/09/29 07:40:10.457, 0, 8637, 100
2026/09/29 07:40:10.457, 1, 8785, 100
2026/09/29 07:40:10.457, 2, 8683, 100
2026/09/29 07:40:10.457, 3, 8579, 100
2026/09/29 07:40:10.457, 4, 8685, 100
2026/09/29 07:40:10.457, 5, 8761, 100
2026/09/29 07:40:10.457, 6, 8581, 100
2026/09/29 07:40:10.458, 7, 8699, 100
2026/09/29 07:40:11.458, 0, 8637, 100
2026/09/29 07:40:11.458, 1, 8785, 100
2026/09/29 07:40:11.458, 2, 8683, 100
2026/09/29 07:40:11.458, 3, 8579, 100
2026/09/29 07:40:11.458, 4, 8685, 100
2026/09/29 07:40:11.458, 5, 8761, 100
2026/09/29 07:40:11.458, 6, 8581, 100
2026/09/29 07:40:11.458, 7, 8699, 100
2026/09/29 07:40:12.458, 0, 8637, 100
2026/09/29 07:40:12.458, 1, 8785, 100
2026/09/29 07:40:12.458, 2, 8683, 100
2026/09/29 07:40:12.458, 3, 8579, 100
2026/09/29 07:40:12.458, 4, 8685, 100
2026/09/29 07:40:12.459, 5, 8761, 100
2026/09/29 07:40:12.459, 6, 8581, 100
2026/09/29 07:40:12.459, 7, 8699, 100
2026/09/29 07:40:13.459, 0, 8637, 100
2026/09/29 07:40:13.459, 1, 8785, 100
2026/09/29 07:40:13.459, 2, 8683, 100
2026/09/29 07:40:13.459, 3, 8579, 100
2026/09/29 07:40:13.459, 4, 8685, 100
2026/09/29 07:40:13.459, 5, 8761, 100
2026/09/29 07:40:13.459, 6, 8581, 100
2026/09/29 07:40:13.459, 7, 8699, 100
2026/09/29 07:40:14.459, 0, 8637, 100
2026/09/29 07:40:14.459, 1, 8785, 100
2026/09/29 07:40:14.459, 2, 8683, 100
2026/09/29 07:40:14.459, 3, 8579, 100
2026/09/29 07:40:14.459, 4, 8685, 100
2026/09/29 07:40:14.459, 5, 8761, 100
2026/09/29 07:40:14.459, 6, 8581, 100
2026/09/29 07:40:14.459, 7, 8699, 100
2026/09/29 07:40:15.460, 0, 8637, 100
2026/09/29 07:40:15.460, 1, 8785, 100
2026/09/29 07:40:15.460, 2, 8683, 100
2026/09/29 07:40:15.460, 3, 8579, 100
2026/09/29 07:40:15.460, 4, 8685, 100
2026/09/29 07:40:15.460, 5, 8761, 100
2026/09/29 07:40:15.460, 6, 8581, 100
2026/09/29 07:40:15.460, 7, 8699, 100
2026/09/29 07:40:16.460, 0, 8637, 100
2026/09/29 07:40:16.460, 1, 8785, 100
2026/09/29 07:40:16.460, 2, 8683, 100
2026/09/29 07:40:16.460, 3, 8579, 100
2026/09/29 07:40:16.460, 4, 8685, 100
2026/09/29 07:40:16.460, 5, 8761, 100
2026/09/29 07:40:16.460, 6, 8581, 100
2026/09/29 07:40:16.460, 7, 8699, 100
2026/09/29 07:40:17.461, 0, 8637, 100
2026/09/29 07:40:17.461, 1, 8785, 100
2026/09/29 07:40:17.461, 2, 8683, 100
2026/09/29 07:40:17.461, 3, 8579, 100
2026/09/29 07:40:17.461, 4, 8685, 100
2026/09/29 07:40:17.461, 5, 8761, 100
2026/09/29 07:40:17.461, 6, 8581, 100
2026/09/29 07:40:17.461, 7, 8699, 100
2026/09/29 07:40:18.461, 0, 8637, 100
2026/09/29 07:40:18.461, 1, 8785, 100
2026/09/29 07:40:18.461, 2, 8683, 100
2026/09/29 07:40:18.461, 3, 8579, 100
2026/09/29 07:40:18.461, 4, 8685, 100
2026/09/29 07:40:18.461, 5, 8761, 100
2026/09/29 07:40:18.461, 6, 8581, 100
2026/09/29 07:40:18.461, 7, 8699, 100
2026/09/29 07:40:19.462, 0, 8637, 100
2026/09/29 07:40:19.462, 1, 8785, 100
2026/09/29 07:40:19.462, 2, 8683, 100
2026/09/29 07:40:19.462, 3, 8579, 100
2026/09/29 07:40:19.462, 4, 8685, 100
2026/09/29 07:40:19.462, 5, 8761, 100
2026/09/29 07:40:19.462, 6, 8581, 100
2026/09/29 07:40:19.462, 7, 8699, 100
2026/09/29 07:40:20.462, 0, 8637, 100
2026/09/29 07:40:20.462, 1, 8785, 100
2026/09/29 07:40:20.462, 2, 8683, 100
2026/09/29 07:40:20.462, 3, 8579, 100
2026/09/29 07:40:20.463, 4, 8685, 100
2026/09/29 07:40:20.463, 5, 8761, 100
2026/09/29 07:40:20.463, 6, 8581, 100
2026/09/29 07:40:20.463, 7, 8699, 100
2026/09/29 07:40:21.463, 0, 8637, 100
2026/09/29 07:40:21.464, 1, 8785, 100
2026/09/29 07:40:21.464, 2, 8683, 100
2026/09/29 07:40:21.464, 3, 8579, 100
2026/09/29 07:40:21.464, 4, 8685, 100
2026/09/29 07:40:21.464, 5, 8761, 100
2026/09/29 07:40:21.465, 6, 8581, 100
2026/09/29 07:40:21.465, 7, 8699, 100
2026/09/29 07:40:22.465, 0, 8637, 100
2026/09/29 07:40:22.465, 1, 8785, 100
2026/09/29 07:40:22.466, 2, 8683, 100
2026/09/29 07:40:22.466, 3, 8579, 100
2026/09/29 07:40:22.466, 4, 8685, 100
2026/09/29 07:40:22.466, 5, 8761, 100
2026/09/29 07:40:22.466, 6, 8581, 100
2026/09/29 07:40:22.466, 7, 8699, 100
2026/09/29 07:40:23.466, 0, 8637, 100
2026/09/29 07:40:23.466, 1, 8785, 100
2026/09/29 07:40:23.466, 2, 8683, 100
2026/09/29 07:40:23.466, 3, 8579, 100
2026/09/29 07:40:23.466, 4, 8685, 100
2026/09/29 07:40:23.466, 5, 8761, 100
2026/09/29 07:40:23.466, 6, 8581, 100
2026/09/29 07:40:23.466, 7, 8699, 100
2026/09/29 07:40:24.467, 0, 8637, 100
2026/09/29 07:40:24.467, 1, 8785, 100
2026/09/29 07:40:24.467, 2, 8683, 100
2026/09/29 07:40:24.467, 3, 8579, 100
2026/09/29 07:40:24.467, 4, 8685, 100
2026/09/29 07:40:24.467, 5, 8761, 100
2026/09/29 07:40:24.467, 6, 8581, 100
2026/09/29 07:40:24.467, 7, 8699, 100
2026/09/29 07:40:25.467, 0, 8637, 100
2026/09/29 07:40:25.467, 1, 8785, 100
2026/09/29 07:40:25.467, 2, 8683, 100
2026/09/29 07:40:25.467, 3, 8579, 100
2026/09/29 07:40:25.467, 4, 8685, 100
2026/09/29 07:40:25.467, 5, 8761, 100
2026/09/29 07:40:25.467, 6, 8581, 100
2026/09/29 07:40:25.467, 7, 8699, 100
2026/09/29 07:40:26.468, 0, 8637, 100
2026/09/29 07:40:26.468, 1, 8785, 100
2026/09/29 07:40:26.468, 2, 8683, 100
2026/09/29 07:40:26.468, 3, 8579, 100
2026/09/29 07:40:26.468, 4, 8685, 100
2026/09/29 07:40:26.468, 5, 8761, 100
2026/09/29 07:40:26.468, 6, 8581, 100
2026/09/29 07:40:26.468, 7, 8699, 100
2026/09/29 07:40:27.468, 0, 8637, 100
2026/09/29 07:40:27.469, 1, 8785, 100
2026/09/29 07:40:27.469, 2, 8683, 100
2026/09/29 07:40:27.469, 3, 8579, 100
2026/09/29 07:40:27.469, 4, 8685, 100
2026/09/29 07:40:27.469, 5, 8761, 100
2026/09/29 07:40:27.469, 6, 8581, 100
2026/09/29 07:40:27.469, 7, 8699, 100
2026/09/29 07:40:28.469, 0, 8637, 100
2026/09/29 07:40:28.469, 1, 8785, 100
2026/09/29 07:40:28.469, 2, 8683, 100
2026/09/29 07:40:28.469, 3, 8579, 100
2026/09/29 07:40:28.469, 4, 8685, 100
2026/09/29 07:40:28.469, 5, 8761, 100
2026/09/29 07:40:28.469, 6, 8581, 100
2026/09/29 07:40:28.469, 7, 8699, 100
2026/09/29 07:40:29.469, 0, 8637, 100
2026/09/29 07:40:29.470, 1, 8785, 100
2026/09/29 07:40:29.470, 2, 8683, 100
2026/09/29 07:40:29.470, 3, 8579, 100
2026/09/29 07:40:29.470, 4, 8685, 100
2026/09/29 07:40:29.470, 5, 8761, 100
2026/09/29 07:40:29.470, 6, 8581, 100
2026/09/29 07:40:29.470, 7, 8699, 100
2026/09/29 07:40:30.470, 0, 8637, 100
2026/09/29 07:40:30.470, 1, 8785, 100
2026/09/29 07:40:30.470, 2, 8683, 100
2026/09/29 07:40:30.470, 3, 8579, 100
2026/09/29 07:40:30.470, 4, 8685, 100
2026/09/29 07:40:30.470, 5, 8761, 100
2026/09/29 07:40:30.470, 6, 8581, 100
2026/09/29 07:40:30.470, 7, 8699, 100
2026/09/29 07:40:31.471, 0, 8637, 100
2026/09/29 07:40:31.471, 1, 8785, 100
2026/09/29 07:40:31.471, 2, 8683, 100
2026/09/29 07:40:31.471, 3, 8579, 100
2026/09/29 07:40:31.471, 4, 8685, 100
2026/09/29 07:40:31.471, 5, 8761, 100
2026/09/29 07:40:31.471, 6, 8581, 100
2026/09/29 07:40:31.471, 7, 8699, 100
2026/09/29 07:40:32.471, 0, 8637, 100
2026/09/29 07:40:32.471, 1, 8785, 100
2026/09/29 07:40:32.471, 2, 8683, 100
2026/09/29 07:40:32.471, 3, 8579, 100
2026/09/29 07:40:32.471, 4, 8685, 100
2026/09/29 07:40:32.471, 5, 8761, 100
2026/09/29 07:40:32.471, 6, 8581, 100
2026/09/29 07:40:32.471, 7, 8699, 100
2026/09/29 07:40:33.471, 0, 8637, 100
2026/09/29 07:40:33.471, 1, 8785, 100
2026/09/29 07:40:33.471, 2, 8683, 100
2026/09/29 07:40:33.472, 3, 8579, 100
2026/09/29 07:40:33.472, 4, 8685, 100
2026/09/29 07:40:33.472, 5, 8761, 100
2026/09/29 07:40:33.472, 6, 8581, 100
2026/09/29 07:40:33.472, 7, 8699, 100
2026/09/29 07:40:34.472, 0, 8637, 100
2026/09/29 07:40:34.472, 1, 8785, 100
2026/09/29 07:40:34.472, 2, 8683, 100
2026/09/29 07:40:34.472, 3, 8579, 100
2026/09/29 07:40:34.472, 4, 8685, 100
2026/09/29 07:40:34.472, 5, 8761, 100
2026/09/29 07:40:34.472, 6, 8581, 100
2026/09/29 07:40:34.472, 7, 8699, 100
2026/09/29 07:40:35.472, 0, 8637, 100
2026/09/29 07:40:35.472, 1, 8785, 100
2026/09/29 07:40:35.472, 2, 8683, 100
2026/09/29 07:40:35.472, 3, 8579, 100
2026/09/29 07:40:35.473, 4, 8685, 100
2026/09/29 07:40:35.473, 5, 8761, 100
2026/09/29 07:40:35.473, 6, 8581, 100
2026/09/29 07:40:35.473, 7, 8699, 100
2026/09/29 07:40:36.473, 0, 8637, 100
2026/09/29 07:40:36.473, 1, 8785, 100
2026/09/29 07:40:36.474, 2, 8683, 100
2026/09/29 07:40:36.478, 3, 8579, 100
2026/09/29 07:40:36.478, 4, 8685, 100
2026/09/29 07:40:36.479, 5, 8761, 100
2026/09/29 07:40:36.479, 6, 8581, 100
2026/09/29 07:40:36.479, 7, 8699, 100
2026/09/29 07:40:37.479, 0, 8637, 100
2026/09/29 07:40:37.479, 1, 8785, 100
2026/09/29 07:40:37.479, 2, 8683, 100
2026/09/29 07:40:37.479, 3, 8579, 100
2026/09/29 07:40:37.479, 4, 8685, 100
2026/09/29 07:40:37.479, 5, 8761, 100
2026/09/29 07:40:37.479, 6, 8581, 100
2026/09/29 07:40:37.479, 7, 8699, 100
2026/09/29 07:40:38.479, 0, 8637, 100
2026/09/29 07:40:38.479, 1, 8785, 100
2026/09/29 07:40:38.479, 2, 8683, 100
2026/09/29 07:40:38.479, 3, 8579, 100
2026/09/29 07:40:38.479, 4, 8685, 100
2026/09/29 07:40:38.479, 5, 8761, 100
2026/09/29 07:40:38.479, 6, 8581, 100
2026/09/29 07:40:38.479, 7, 8699, 100
2026/09/29 07:40:39.479, 0, 8637, 100
2026/09/29 07:40:39.480, 1, 8785, 100
2026/09/29 07:40:39.480, 2, 8683, 100
2026/09/29 07:40:39.480, 3, 8579, 100
2026/09/29 07:40:39.480, 4, 8685, 100
2026/09/29 07:40:39.480, 5, 8761, 100
2026/09/29 07:40:39.480, 6, 8581, 100
2026/09/29 07:40:39.480, 7, 8699, 100
2026/09/29 07:40:40.480, 0, 8637, 100
2026/09/29 07:40:40.480, 1, 8785, 100
2026/09/29 07:40:40.480, 2, 8683, 100
2026/09/29 07:40:40.480, 3, 8579, 100
2026/09/29 07:40:40.480, 4, 8685, 100
2026/09/29 07:40:40.480, 5, 8761, 100
2026/09/29 07:40:40.480, 6, 8581, 100
2026/09/29 07:40:40.480, 7, 8699, 100
2026/09/29 07:40:41.480, 0, 8637, 100
2026/09/29 07:40:41.481, 1, 8785, 100
2026/09/29 07:40:41.481, 2, 8683, 100
2026/09/29 07:40:41.481, 3, 8579, 100
2026/09/29 07:40:41.481, 4, 8685, 100
2026/09/29 07:40:41.481, 5, 8761, 100
2026/09/29 07:40:41.481, 6, 8581, 100
2026/09/29 07:40:41.481, 7, 8699, 100
2026/09/29 07:40:42.481, 0, 8637, 100
2026/09/29 07:40:42.482, 1, 8785, 100
2026/09/29 07:40:42.482, 2, 8683, 100
2026/09/29 07:40:42.482, 3, 8579, 100
2026/09/29 07:40:42.482, 4, 8685, 100
2026/09/29 07:40:42.482, 5, 8761, 100
2026/09/29 07:40:42.482, 6, 8581, 100
2026/09/29 07:40:42.482, 7, 8699, 100
2026/09/29 07:40:43.482, 0, 8637, 100
2026/09/29 07:40:43.482, 1, 8785, 100
2026/09/29 07:40:43.482, 2, 8683, 100
2026/09/29 07:40:43.482, 3, 8579, 100
2026/09/29 07:40:43.482, 4, 8685, 100
2026/09/29 07:40:43.483, 5, 8761, 100
2026/09/29 07:40:43.483, 6, 8581, 100
2026/09/29 07:40:43.483, 7, 8699, 100
2026/09/29 07:40:44.483, 0, 8637, 100
2026/09/29 07:40:44.483, 1, 8785, 100
2026/09/29 07:40:44.483, 2, 8683, 100
2026/09/29 07:40:44.483, 3, 8579, 100
2026/09/29 07:40:44.483, 4, 8685, 100
2026/09/29 07:40:44.483, 5, 8761, 100
2026/09/29 07:40:44.483, 6, 8581, 100
2026/09/29 07:40:44.483, 7, 8699, 100
2026/09/29 07:40:45.483, 0, 8637, 100
2026/09/29 07:40:45.483, 1, 8785, 100
2026/09/29 07:40:45.483, 2, 8683, 100
2026/09/29 07:40:45.483, 3, 8579, 100
2026/09/29 07:40:45.483, 4, 8685, 100
2026/09/29 07:40:45.483, 5, 8761, 100
2026/09/29 07:40:45.484, 6, 8581, 100
2026/09/29 07:40:45.484, 7, 8699, 100
2026/09/29 07:40:46.484, 0, 8637, 100
2026/09/29 07:40:46.484, 1, 8785, 100
2026/09/29 07:40:46.484, 2, 8683, 100
2026/09/29 07:40:46.484, 3, 8579, 100
2026/09/29 07:40:46.484, 4, 8685, 100
2026/09/29 07:40:46.484, 5, 8761, 100
2026/09/29 07:40:46.484, 6, 8581, 100
2026/09/29 07:40:46.484, 7, 8699, 100
2026/09/29 07:40:47.484, 0, 8637, 100
2026/09/29 07:40:47.484, 1, 8785, 100
2026/09/29 07:40:47.485, 2, 8683, 100
2026/09/29 07:40:47.485, 3, 8579, 100
2026/09/29 07:40:47.485, 4, 8685, 100
2026/09/29 07:40:47.485, 5, 8761, 100
2026/09/29 07:40:47.485, 6, 8581, 100
2026/09/29 07:40:47.485, 7, 8699, 100
2026/09/29 07:40:48.485, 0, 8637, 100
2026/09/29 07:40:48.485, 1, 8785, 100
2026/09/29 07:40:48.486, 2, 8683, 100
2026/09/29 07:40:48.486, 3, 8579, 100
2026/09/29 07:40:48.486, 4, 8685, 100
2026/09/29 07:40:48.486, 5, 8761, 100
2026/09/29 07:40:48.486, 6, 8581, 100
2026/09/29 07:40:48.486, 7, 8699, 100
2026/09/29 07:40:49.486, 0, 8637, 100
2026/09/29 07:40:49.486, 1, 8785, 100
2026/09/29 07:40:49.486, 2, 8683, 100
2026/09/29 07:40:49.486, 3, 8579, 100
2026/09/29 07:40:49.486, 4, 8685, 100
2026/09/29 07:40:49.486, 5, 8761, 100
2026/09/29 07:40:49.486, 6, 8581, 100
2026/09/29 07:40:49.486, 7, 8699, 100
2026/09/29 07:40:50.487, 0, 8637, 100
2026/09/29 07:40:50.487, 1, 8785, 100
2026/09/29 07:40:50.487, 2, 8683, 100
2026/09/29 07:40:50.487, 3, 8579, 100
2026/09/29 07:40:50.487, 4, 8685, 100
2026/09/29 07:40:50.487, 5, 8761, 100
2026/09/29 07:40:50.487, 6, 8581, 100
2026/09/29 07:40:50.487, 7, 8699, 100
2026/09/29 07:40:51.487, 0, 8637, 100
2026/09/29 07:40:51.487, 1, 8785, 100
2026/09/29 07:40:51.487, 2, 8683, 100
2026/09/29 07:40:51.487, 3, 8579, 100
2026/09/29 07:40:51.487, 4, 8685, 100
2026/09/29 07:40:51.487, 5, 8761, 100
2026/09/29 07:40:51.487, 6, 8581, 100
2026/09/29 07:40:51.487, 7, 8699, 100
2026/09/29 07:40:52.487, 0, 8637, 100
2026/09/29 07:40:52.487, 1, 8785, 100
2026/09/29 07:40:52.487, 2, 8683, 100
2026/09/29 07:40:52.487, 3, 8579, 100
2026/09/29 07:40:52.487, 4, 8685, 100
2026/09/29 07:40:52.488, 5, 8761, 100
2026/09/29 07:40:52.488, 6, 8581, 100
2026/09/29 07:40:52.488, 7, 8699, 100
2026/09/29 07:40:53.488, 0, 8637, 100
2026/09/29 07:40:53.488, 1, 8785, 100
2026/09/29 07:40:53.488, 2, 8683, 100
2026/09/29 07:40:53.488, 3, 8579, 100
2026/09/29 07:40:53.488, 4, 8685, 100
2026/09/29 07:40:53.488, 5, 8761, 100
2026/09/29 07:40:53.488, 6, 8581, 100
2026/09/29 07:40:53.488, 7, 8699, 100
2026/09/29 07:40:54.488, 0, 3657, 100
2026/09/29 07:40:54.489, 1, 3765, 100
2026/09/29 07:40:54.490, 2, 3643, 100
2026/09/29 07:40:54.491, 3, 3939, 100
2026/09/29 07:40:54.491, 4, 3985, 53
2026/09/29 07:40:54.492, 5, 3841, 100
2026/09/29 07:40:54.493, 6, 3401, 100
2026/09/29 07:40:54.494, 7, 3559, 42
2026/09/29 07:40:55.494, 0, 4269, 95
2026/09/29 07:40:55.494, 1, 4379, 93
2026/09/29 07:40:55.494, 2, 4355, 55
2026/09/29 07:40:55.495, 3, 4367, 96
2026/09/29 07:40:55.495, 4, 4333, 99
2026/09/29 07:40:55.495, 5, 4435, 46
2026/09/29 07:40:55.495, 6, 4337, 98
2026/09/29 07:40:55.495, 7, 4391, 98
2026/09/29 07:40:56.495, 0, 3669, 98
2026/09/29 07:40:56.506, 1, 3715, 98
2026/09/29 07:40:56.515, 2, 3737, 98
2026/09/29 07:40:56.523, 3, 3711, 98
2026/09/29 07:40:56.524, 4, 3719, 0
2026/09/29 07:40:56.525, 5, 3789, 99
2026/09/29 07:40:56.526, 6, 3671, 26
2026/09/29 07:40:56.526, 7, 3753, 0
2026/09/29 07:40:57.527, 0, 3278, 0
2026/09/29 07:40:57.527, 1, 3324, 0
2026/09/29 07:40:57.527, 2, 3346, 0
2026/09/29 07:40:57.527, 3, 3320, 0
2026/09/29 07:40:57.527, 4, 3328, 0
2026/09/29 07:40:57.527, 5, 3398, 0
2026/09/29 07:40:57.527, 6, 3280, 0
2026/09/29 07:40:57.527, 7, 3362, 7
2026/09/29 07:40:58.528, 0, 3278, 0
2026/09/29 07:40:58.528, 1, 3324, 0
2026/09/29 07:40:58.528, 2, 3346, 0
2026/09/29 07:40:58.528, 3, 3320, 0
2026/09/29 07:40:58.528, 4, 3328, 0
2026/09/29 07:40:58.528, 5, 3398, 0
2026/09/29 07:40:58.528, 6, 3280, 0
2026/09/29 07:40:58.528, 7, 3362, 0
2026/09/29 07:40:59.528, 0, 3278, 0
2026/09/29 07:40:59.528, 1, 3324, 0
2026/09/29 07:40:59.528, 2, 3346, 0
2026/09/29 07:40:59.528, 3, 3320, 0
2026/09/29 07:40:59.528, 4, 3328, 0
2026/09/29 07:40:59.528, 5, 3398, 0
2026/09/29 07:40:59.528, 6, 3280, 0
2026/09/29 07:40:59.529, 7, 3362, 0
2026/09/29 07:41:00.529, 0, 3278, 0
2026/09/29 07:41:00.529, 1, 3324, 0
2026/09/29 07:41:00.529, 2, 3346, 0
2026/09/29 07:41:00.529, 3, 3320, 0
2026/09/29 07:41:00.529, 4, 3328, 0
2026/09/29 07:41:00.529, 5, 3398, 0
2026/09/29 07:41:00.529, 6, 3280, 0
2026/09/29 07:41:00.529, 7, 3362, 0
2026/09/29 07:41:01.529, 0, 3278, 0
2026/09/29 07:41:01.530, 1, 3222, 0
2026/09/29 07:41:01.530, 2, 3346, 0
2026/09/29 07:41:01.530, 3, 3218, 0
2026/09/29 07:41:01.530, 4, 3328, 0
2026/09/29 07:41:01.530, 5, 3296, 0
2026/09/29 07:41:01.530, 6, 3280, 0
2026/09/29 07:41:01.530, 7, 3362, 0
2026/09/29 07:41:02.530, 0, 3176, 0
2026/09/29 07:41:02.530, 1, 3222, 0
2026/09/29 07:41:02.530, 2, 3244, 0
2026/09/29 07:41:02.530, 3, 3218, 0
2026/09/29 07:41:02.530, 4, 3226, 0
2026/09/29 07:41:02.530, 5, 3296, 7
2026/09/29 07:41:02.530, 6, 3178, 0
2026/09/29 07:41:02.530, 7, 3260, 0
2026/09/29 07:41:03.531, 0, 3176, 0
2026/09/29 07:41:03.531, 1, 3222, 0
2026/09/29 07:41:03.531, 2, 3244, 0
2026/09/29 07:41:03.531, 3, 3218, 0
2026/09/29 07:41:03.531, 4, 3226, 0
2026/09/29 07:41:03.531, 5, 3296, 0
2026/09/29 07:41:03.531, 6, 3178, 0
2026/09/29 07:41:03.531, 7, 3260, 0
2026/09/29 07:41:04.531, 0, 3176, 0
2026/09/29 07:41:04.531, 1, 3222, 0
2026/09/29 07:41:04.531, 2, 3244, 0
2026/09/29 07:41:04.531, 3, 3218, 0
2026/09/29 07:41:04.531, 4, 3226, 0
2026/09/29 07:41:04.531, 5, 3296, 0
2026/09/29 07:41:04.532, 6, 3178, 0
2026/09/29 07:41:04.532, 7, 3260, 0
2026/09/29 07:41:05.532, 0, 3176, 0
2026/09/29 07:41:05.532, 1, 3222, 0
2026/09/29 07:41:05.532, 2, 3244, 0
2026/09/29 07:41:05.532, 3, 3218, 0
2026/09/29 07:41:05.532, 4, 3226, 0
2026/09/29 07:41:05.532, 5, 3296, 0
2026/09/29 07:41:05.532, 6, 3178, 0
2026/09/29 07:41:05.532, 7, 3260, 0
2026/09/29 07:41:06.532, 0, 3176, 0
2026/09/29 07:41:06.532, 1, 3222, 0
2026/09/29 07:41:06.532, 2, 3244, 0
2026/09/29 07:41:06.533, 3, 3218, 0
2026/09/29 07:41:06.533, 4, 3226, 0
2026/09/29 07:41:06.533, 5, 3296, 0
2026/09/29 07:41:06.533, 6, 3178, 0
2026/09/29 07:41:06.533, 7, 3260, 0
2026/09/29 07:41:07.533, 0, 3176, 0
2026/09/29 07:41:07.533, 1, 3222, 0
2026/09/29 07:41:07.533, 2, 3244, 0
2026/09/29 07:41:07.533, 3, 3218, 0
2026/09/29 07:41:07.533, 4, 3226, 0
2026/09/29 07:41:07.533, 5, 3296, 0
2026/09/29 07:41:07.533, 6, 3178, 0
2026/09/29 07:41:07.533, 7, 3260, 0
2026/09/29 07:41:08.533, 0, 3176, 0
2026/09/29 07:41:08.534, 1, 3222, 0
2026/09/29 07:41:08.534, 2, 3244, 0
2026/09/29 07:41:08.534, 3, 3218, 0
2026/09/29 07:41:08.534, 4, 3226, 0
2026/09/29 07:41:08.534, 5, 3296, 0
2026/09/29 07:41:08.534, 6, 3178, 0
2026/09/29 07:41:08.534, 7, 3260, 0
2026/09/29 07:41:09.534, 0, 3176, 0
2026/09/29 07:42:05.599, 1, 4, 0
2026/09/29 07:42:25.718, 2, 4, 0
2026/09/29 07:42:25.727, 3, 4, 0
2026/09/29 07:42:25.728, 4, 4, 0
2026/09/29 07:42:25.728, 5, 4, 0
2026/09/29 07:42:25.728, 6, 4, 0
2026/09/29 07:42:25.728, 7, 4, 0
