2026/09/29 15:20:06.054, 0, 1, 0
2026/09/29 15:20:06.056, 1, 1, 0
2026/09/29 15:20:06.058, 2, 1, 0
2026/09/29 15:20:06.061, 3, 1, 0
2026/09/29 15:20:06.063, 4, 1, 0
2026/09/29 15:20:06.065, 5, 1, 0
2026/09/29 15:20:06.067, 6, 1, 0
2026/09/29 15:20:06.069, 7, 1, 0
2026/09/29 15:20:07.072, 0, 1, 0
2026/09/29 15:20:07.072, 1, 1, 0
2026/09/29 15:20:07.072, 2, 1, 0
2026/09/29 15:20:07.072, 3, 1, 0
2026/09/29 15:20:07.072, 4, 1, 0
2026/09/29 15:20:07.072, 5, 1, 0
2026/09/29 15:20:07.072, 6, 1, 0
2026/09/29 15:20:07.072, 7, 1, 0
2026/09/29 15:20:08.072, 0, 4, 0
2026/09/29 15:20:08.092, 1, 4, 0
2026/09/29 15:20:08.092, 2, 1, 0
2026/09/29 15:20:08.092, 3, 1, 0
2026/09/29 15:20:08.092, 4, 1, 0
2026/09/29 15:20:08.092, 5, 1, 0
2026/09/29 15:20:08.092, 6, 1, 0
2026/09/29 15:20:08.092, 7, 1, 0
2026/09/29 15:20:09.093, 0, 4, 0
2026/09/29 15:20:09.093, 1, 4, 0
2026/09/29 15:20:09.093, 2, 4, 0
2026/09/29 15:20:09.093, 3, 4, 0
2026/09/29 15:20:09.093, 4, 4, 0
2026/09/29 15:20:09.093, 5, 4, 0
2026/09/29 15:20:09.093, 6, 4, 0
2026/09/29 15:20:09.093, 7, 4, 0
2026/09/29 15:20:10.093, 0, 4, 0
2026/09/29 15:20:10.093, 1, 4, 0
2026/09/29 15:20:10.093, 2, 4, 0
2026/09/29 15:20:10.093, 3, 4, 0
2026/09/29 15:20:10.094, 4, 4, 0
2026/09/29 15:20:10.094, 5, 4, 0
2026/09/29 15:20:10.094, 6, 4, 0
2026/09/29 15:20:10.094, 7, 4, 0
2026/09/29 15:20:11.094, 0, 4, 0
2026/09/29 15:20:11.094, 1, 4, 0
2026/09/29 15:20:11.094, 2, 4, 0
2026/09/29 15:20:11.094, 3, 4, 0
2026/09/29 15:20:11.094, 4, 4, 0
2026/09/29 15:20:11.094, 5, 4, 0
2026/09/29 15:20:11.094, 6, 4, 0
2026/09/29 15:20:11.094, 7, 4, 0
2026/09/29 15:20:12.094, 0, 4, 0
2026/09/29 15:20:12.095, 1, 4, 0
2026/09/29 15:20:12.095, 2, 4, 0
2026/09/29 15:20:12.095, 3, 4, 0
2026/09/29 15:20:12.095, 4, 4, 0
2026/09/29 15:20:12.095, 5, 4, 0
2026/09/29 15:20:12.095, 6, 4, 0
2026/09/29 15:20:12.095, 7, 4, 0
2026/09/29 15:20:13.095, 0, 4, 0
2026/09/29 15:20:13.095, 1, 4, 0
2026/09/29 15:20:13.095, 2, 4, 0
2026/09/29 15:20:13.095, 3, 4, 0
2026/09/29 15:20:13.095, 4, 4, 0
2026/09/29 15:20:13.095, 5, 4, 0
2026/09/29 15:20:13.095, 6, 4, 0
2026/09/29 15:20:13.095, 7, 4, 0
2026/09/29 15:20:14.096, 0, 4, 0
2026/09/29 15:20:14.096, 1, 4, 0
2026/09/29 15:20:14.096, 2, 4, 0
2026/09/29 15:20:14.096, 3, 4, 0
2026/09/29 15:20:14.096, 4, 4, 0
2026/09/29 15:20:14.096, 5, 4, 0
2026/09/29 15:20:14.096, 6, 4, 0
2026/09/29 15:20:14.096, 7, 4, 0
2026/09/29 15:20:15.096, 0, 4, 0
2026/09/29 15:20:15.096, 1, 4, 0
2026/09/29 15:20:15.096, 2, 4, 0
2026/09/29 15:20:15.096, 3, 4, 0
2026/09/29 15:20:15.096, 4, 4, 0
2026/09/29 15:20:15.096, 5, 4, 0
2026/09/29 15:20:15.096, 6, 4, 0
2026/09/29 15:20:15.097, 7, 4, 0
2026/09/29 15:20:16.097, 0, 4, 0
2026/09/29 15:20:16.097, 1, 4, 0
2026/09/29 15:20:16.097, 2, 4, 0
2026/09/29 15:20:16.097, 3, 4, 0
2026/09/29 15:20:16.097, 4, 4, 0
2026/09/29 15:20:16.097, 5, 4, 0
2026/09/29 15:20:16.097, 6, 4, 0
2026/09/29 15:20:16.097, 7, 4, 0
2026/09/29 15:20:17.097, 0, 4, 0
2026/09/29 15:20:17.097, 1, 4, 0
2026/09/29 15:20:17.097, 2, 4, 0
2026/09/29 15:20:17.097, 3, 4, 0
2026/09/29 15:20:17.098, 4, 4, 0
2026/09/29 15:20:17.098, 5, 4, 0
2026/09/29 15:20:17.098, 6, 4, 0
2026/09/29 15:20:17.098, 7, 4, 0
2026/09/29 15:20:18.098, 0, 4, 0
2026/09/29 15:20:18.098, 1, 4, 0
2026/09/29 15:20:18.098, 2, 4, 0
2026/09/29 15:20:18.098, 3, 4, 0
2026/09/29 15:20:18.098, 4, 4, 0
2026/09/29 15:20:18.098, 5, 4, 0
2026/09/29 15:20:18.098, 6, 4, 0
2026/09/29 15:20:18.098, 7, 4, 0
2026/09/29 15:20:19.098, 0, 4, 0
2026/09/29 15:20:19.098, 1, 4, 0
2026/09/29 15:20:19.098, 2, 4, 0
2026/09/29 15:20:19.099, 3, 4, 0
2026/09/29 15:20:19.099, 4, 4, 0
2026/09/29 15:20:19.099, 5, 4, 0
2026/09/29 15:20:19.099, 6, 4, 0
2026/09/29 15:20:19.099, 7, 4, 0
2026/09/29 15:20:20.099, 0, 4, 0
2026/09/29 15:20:20.099, 1, 4, 0
2026/09/29 15:20:20.099, 2, 4, 0
2026/09/29 15:20:20.099, 3, 4, 0
2026/09/29 15:20:20.099, 4, 4, 0
2026/09/29 15:20:20.099, 5, 4, 0
2026/09/29 15:20:20.099, 6, 4, 0
2026/09/29 15:20:20.099, 7, 4, 0
2026/09/29 15:20:21.099, 0, 4, 0
2026/09/29 15:20:21.099, 1, 4, 0
2026/09/29 15:20:21.099, 2, 4, 0
2026/09/29 15:20:21.100, 3, 4, 0
2026/09/29 15:20:21.100, 4, 4, 0
2026/09/29 15:20:21.100, 5, 4, 0
2026/09/29 15:20:21.100, 6, 4, 0
2026/09/29 15:20:21.100, 7, 4, 0
2026/09/29 15:20:22.100, 0, 4, 0
2026/09/29 15:20:22.100, 1, 4, 0
2026/09/29 15:20:22.100, 2, 4, 0
2026/09/29 15:20:22.100, 3, 4, 0
2026/09/29 15:20:22.100, 4, 4, 0
2026/09/29 15:20:22.100, 5, 4, 0
2026/09/29 15:20:22.100, 6, 4, 0
2026/09/29 15:20:22.100, 7, 4, 0
2026/09/29 15:20:23.100, 0, 4, 0
2026/09/29 15:20:23.101, 1, 4, 0
2026/09/29 15:20:23.101, 2, 4, 0
2026/09/29 15:20:23.101, 3, 4, 0
2026/09/29 15:20:23.101, 4, 4, 0
2026/09/29 15:20:23.101, 5, 4, 0
2026/09/29 15:20:23.101, 6, 4, 0
2026/09/29 15:20:23.101, 7, 4, 0
2026/09/29 15:20:24.101, 0, 4, 0
2026/09/29 15:20:24.101, 1, 4, 0
2026/09/29 15:20:24.101, 2, 4, 0
2026/09/29 15:20:24.101, 3, 4, 0
2026/09/29 15:20:24.101, 4, 4, 0
2026/09/29 15:20:24.101, 5, 4, 0
2026/09/29 15:20:24.101, 6, 4, 0
2026/09/29 15:20:24.101, 7, 4, 0
2026/09/29 15:20:25.102, 0, 4, 0
2026/09/29 15:20:25.102, 1, 4, 0
2026/09/29 15:20:25.102, 2, 4, 0
2026/09/29 15:20:25.102, 3, 4, 0
2026/09/29 15:20:25.102, 4, 4, 0
2026/09/29 15:20:25.102, 5, 4, 0
2026/09/29 15:20:25.102, 6, 4, 0
2026/09/29 15:20:25.102, 7, 4, 0
2026/09/29 15:20:26.102, 0, 4, 0
2026/09/29 15:20:26.102, 1, 4, 0
2026/09/29 15:20:26.102, 2, 4, 0
2026/09/29 15:20:26.102, 3, 4, 0
2026/09/29 15:20:26.102, 4, 4, 0
2026/09/29 15:20:26.103, 5, 4, 0
2026/09/29 15:20:26.103, 6, 4, 0
2026/09/29 15:20:26.103, 7, 4, 0
2026/09/29 15:20:27.103, 0, 4, 0
2026/09/29 15:20:27.103, 1, 4, 0
2026/09/29 15:20:27.103, 2, 4, 0
2026/09/29 15:20:27.103, 3, 4, 0
2026/09/29 15:20:27.103, 4, 4, 0
2026/09/29 15:20:27.103, 5, 4, 0
2026/09/29 15:20:27.103, 6, 4, 0
2026/09/29 15:20:27.103, 7, 4, 0
2026/09/29 15:20:28.103, 0, 4, 0
2026/09/29 15:20:28.103, 1, 4, 0
2026/09/29 15:20:28.103, 2, 4, 0
2026/09/29 15:20:28.104, 3, 4, 0
2026/09/29 15:20:28.104, 4, 4, 0
2026/09/29 15:20:28.104, 5, 4, 0
2026/09/29 15:20:28.104, 6, 4, 0
2026/09/29 15:20:28.104, 7, 4, 0
2026/09/29 15:20:29.104, 0, 4, 0
2026/09/29 15:20:29.104, 1, 4, 0
2026/09/29 15:20:29.104, 2, 4, 0
2026/09/29 15:20:29.104, 3, 4, 0
2026/09/29 15:20:29.104, 4, 4, 0
2026/09/29 15:20:29.104, 5, 4, 0
2026/09/29 15:20:29.104, 6, 4, 0
2026/09/29 15:20:29.104, 7, 4, 0
2026/09/29 15:20:30.105, 0, 396, 0
2026/09/29 15:20:30.105, 1, 396, 0
2026/09/29 15:20:30.106, 2, 396, 0
2026/09/29 15:20:30.106, 3, 396, 0
2026/09/29 15:20:30.106, 4, 396, 0
2026/09/29 15:20:30.107, 5, 22, 0
2026/09/29 15:20:30.107, 6, 4, 0
2026/09/29 15:20:30.108, 7, 4, 0
2026/09/29 15:20:31.108, 0, 396, 0
2026/09/29 15:20:31.108, 1, 396, 0
2026/09/29 15:20:31.108, 2, 396, 0
2026/09/29 15:20:31.108, 3, 396, 0
2026/09/29 15:20:31.108, 4, 396, 0
2026/09/29 15:20:31.108, 5, 396, 0
2026/09/29 15:20:31.108, 6, 396, 0
2026/09/29 15:20:31.108, 7, 396, 0
2026/09/29 15:20:32.109, 0, 396, 0
2026/09/29 15:20:32.109, 1, 396, 0
2026/09/29 15:20:32.109, 2, 396, 0
2026/09/29 15:20:32.109, 3, 396, 0
2026/09/29 15:20:32.109, 4, 396, 0
2026/09/29 15:20:32.109, 5, 396, 0
2026/09/29 15:20:32.109, 6, 396, 0
2026/09/29 15:20:32.109, 7, 396, 0
2026/09/29 15:20:33.109, 0, 396, 0
2026/09/29 15:20:33.109, 1, 396, 0
2026/09/29 15:20:33.109, 2, 396, 0
2026/09/29 15:20:33.110, 3, 396, 0
2026/09/29 15:20:33.110, 4, 396, 0
2026/09/29 15:20:33.110, 5, 396, 0
2026/09/29 15:20:33.110, 6, 396, 0
2026/09/29 15:20:33.110, 7, 396, 0
2026/09/29 15:20:34.110, 0, 396, 0
2026/09/29 15:20:34.110, 1, 396, 0
2026/09/29 15:20:34.110, 2, 396, 0
2026/09/29 15:20:34.110, 3, 396, 0
2026/09/29 15:20:34.110, 4, 396, 0
2026/09/29 15:20:34.110, 5, 396, 0
2026/09/29 15:20:34.110, 6, 396, 0
2026/09/29 15:20:34.111, 7, 396, 0
2026/09/29 15:20:35.111, 0, 396, 0
2026/09/29 15:20:35.111, 1, 396, 0
2026/09/29 15:20:35.111, 2, 396, 0
2026/09/29 15:20:35.111, 3, 396, 0
2026/09/29 15:20:35.111, 4, 396, 0
2026/09/29 15:20:35.111, 5, 396, 0
2026/09/29 15:20:35.111, 6, 396, 0
2026/09/29 15:20:35.111, 7, 396, 0
2026/09/29 15:20:36.111, 0, 396, 0
2026/09/29 15:20:36.112, 1, 396, 0
2026/09/29 15:20:36.112, 2, 396, 0
2026/09/29 15:20:36.112, 3, 396, 0
2026/09/29 15:20:36.112, 4, 396, 0
2026/09/29 15:20:36.112, 5, 396, 0
2026/09/29 15:20:36.112, 6, 396, 0
2026/09/29 15:20:36.112, 7, 396, 0
2026/09/29 15:20:37.112, 0, 396, 0
2026/09/29 15:20:37.112, 1, 396, 0
2026/09/29 15:20:37.112, 2, 396, 0
2026/09/29 15:20:37.112, 3, 396, 0
2026/09/29 15:20:37.112, 4, 396, 0
2026/09/29 15:20:37.112, 5, 396, 0
2026/09/29 15:20:37.112, 6, 396, 0
2026/09/29 15:20:37.112, 7, 396, 0
2026/09/29 15:20:38.113, 0, 396, 0
2026/09/29 15:20:38.113, 1, 396, 0
2026/09/29 15:20:38.113, 2, 396, 0
2026/09/29 15:20:38.113, 3, 396, 0
2026/09/29 15:20:38.113, 4, 396, 0
2026/09/29 15:20:38.113, 5, 396, 0
2026/09/29 15:20:38.113, 6, 396, 0
2026/09/29 15:20:38.113, 7, 396, 0
2026/09/29 15:20:39.113, 0, 396, 0
2026/09/29 15:20:39.113, 1, 396, 0
2026/09/29 15:20:39.113, 2, 396, 0
2026/09/29 15:20:39.114, 3, 396, 0
2026/09/29 15:20:39.114, 4, 396, 0
2026/09/29 15:20:39.114, 5, 396, 0
2026/09/29 15:20:39.114, 6, 396, 0
2026/09/29 15:20:39.114, 7, 396, 0
2026/09/29 15:20:40.114, 0, 396, 0
2026/09/29 15:20:40.114, 1, 396, 0
2026/09/29 15:20:40.114, 2, 396, 0
2026/09/29 15:20:40.114, 3, 396, 0
2026/09/29 15:20:40.114, 4, 396, 0
2026/09/29 15:20:40.114, 5, 396, 0
2026/09/29 15:20:40.114, 6, 396, 0
2026/09/29 15:20:40.114, 7, 396, 0
2026/09/29 15:20:41.115, 0, 396, 0
2026/09/29 15:20:41.115, 1, 396, 0
2026/09/29 15:20:41.115, 2, 396, 0
2026/09/29 15:20:41.115, 3, 396, 0
2026/09/29 15:20:41.115, 4, 396, 0
2026/09/29 15:20:41.115, 5, 396, 0
2026/09/29 15:20:41.115, 6, 396, 0
2026/09/29 15:20:41.115, 7, 396, 0
2026/09/29 15:20:42.115, 0, 396, 0
2026/09/29 15:20:42.115, 1, 396, 0
2026/09/29 15:20:42.115, 2, 396, 0
2026/09/29 15:20:42.116, 3, 396, 0
2026/09/29 15:20:42.116, 4, 396, 0
2026/09/29 15:20:42.116, 5, 396, 0
2026/09/29 15:20:42.116, 6, 396, 0
2026/09/29 15:20:42.116, 7, 396, 0
2026/09/29 15:20:43.116, 0, 396, 0
2026/09/29 15:20:43.116, 1, 396, 0
2026/09/29 15:20:43.116, 2, 396, 0
2026/09/29 15:20:43.116, 3, 396, 0
2026/09/29 15:20:43.116, 4, 396, 0
2026/09/29 15:20:43.116, 5, 396, 0
2026/09/29 15:20:43.116, 6, 396, 0
2026/09/29 15:20:43.116, 7, 396, 0
2026/09/29 15:20:44.116, 0, 396, 0
2026/09/29 15:20:44.117, 1, 396, 0
2026/09/29 15:20:44.117, 2, 396, 0
2026/09/29 15:20:44.117, 3, 396, 0
2026/09/29 15:20:44.117, 4, 396, 0
2026/09/29 15:20:44.117, 5, 396, 0
2026/09/29 15:20:44.117, 6, 396, 0
2026/09/29 15:20:44.117, 7, 396, 0
2026/09/29 15:20:45.117, 0, 396, 0
2026/09/29 15:20:45.118, 1, 396, 0
2026/09/29 15:20:45.118, 2, 396, 0
2026/09/29 15:20:45.118, 3, 396, 0
2026/09/29 15:20:45.118, 4, 396, 0
2026/09/29 15:20:45.118, 5, 396, 0
2026/09/29 15:20:45.118, 6, 396, 0
2026/09/29 15:20:45.118, 7, 396, 0
2026/09/29 15:20:46.118, 0, 396, 0
2026/09/29 15:20:46.118, 1, 396, 0
2026/09/29 15:20:46.119, 2, 396, 0
2026/09/29 15:20:46.119, 3, 396, 0
2026/09/29 15:20:46.119, 4, 396, 0
2026/09/29 15:20:46.119, 5, 396, 0
2026/09/29 15:20:46.119, 6, 396, 0
2026/09/29 15:20:46.119, 7, 396, 0
2026/09/29 15:20:47.119, 0, 787, 0
2026/09/29 15:20:47.119, 1, 787, 0
2026/09/29 15:20:47.119, 2, 787, 0
2026/09/29 15:20:47.119, 3, 396, 0
2026/09/29 15:20:47.119, 4, 787, 0
2026/09/29 15:20:47.119, 5, 787, 0
2026/09/29 15:20:47.119, 6, 787, 0
2026/09/29 15:20:47.119, 7, 787, 0
2026/09/29 15:20:48.120, 0, 899, 0
2026/09/29 15:20:48.120, 1, 899, 0
2026/09/29 15:20:48.120, 2, 899, 0
2026/09/29 15:20:48.120, 3, 899, 1
2026/09/29 15:20:48.120, 4, 899, 12
2026/09/29 15:20:48.120, 5, 899, 0
2026/09/29 15:20:48.120, 6, 899, 0
2026/09/29 15:20:48.120, 7, 899, 0
2026/09/29 15:20:49.120, 0, 1109, 0
2026/09/29 15:20:49.120, 1, 1109, 0
2026/09/29 15:20:49.120, 2, 1109, 0
2026/09/29 15:20:49.120, 3, 1109, 0
2026/09/29 15:20:49.121, 4, 1109, 0
2026/09/29 15:20:49.121, 5, 1109, 0
2026/09/29 15:20:49.121, 6, 1109, 10
2026/09/29 15:20:49.121, 7, 1109, 0
2026/09/29 15:20:50.121, 0, 1159, 0
2026/09/29 15:20:50.121, 1, 1159, 0
2026/09/29 15:20:50.121, 2, 1159, 0
2026/09/29 15:20:50.121, 3, 1159, 0
2026/09/29 15:20:50.121, 4, 1159, 0
2026/09/29 15:20:50.121, 5, 1159, 0
2026/09/29 15:20:50.121, 6, 1159, 0
2026/09/29 15:20:50.121, 7, 1159, 0
2026/09/29 15:20:51.122, 0, 1157, 0
2026/09/29 15:20:51.122, 1, 1157, 0
2026/09/29 15:20:51.122, 2, 1157, 0
2026/09/29 15:20:51.122, 3, 1157, 0
2026/09/29 15:20:51.122, 4, 1157, 0
2026/09/29 15:20:51.122, 5, 1157, 0
2026/09/29 15:20:51.123, 6, 1157, 0
2026/09/29 15:20:51.123, 7, 1157, 0
2026/09/29 15:20:52.123, 0, 1157, 0
2026/09/29 15:20:52.123, 1, 1157, 0
2026/09/29 15:20:52.123, 2, 1157, 0
2026/09/29 15:20:52.123, 3, 1157, 0
2026/09/29 15:20:52.123, 4, 1157, 0
2026/09/29 15:20:52.123, 5, 1157, 0
2026/09/29 15:20:52.123, 6, 1157, 0
2026/09/29 15:20:52.123, 7, 1157, 0
2026/09/29 15:20:53.124, 0, 1157, 0
2026/09/29 15:20:53.124, 1, 1157, 0
2026/09/29 15:20:53.125, 2, 1157, 0
2026/09/29 15:20:53.125, 3, 1157, 0
2026/09/29 15:20:53.125, 4, 1157, 0
2026/09/29 15:20:53.125, 5, 1157, 0
2026/09/29 15:20:53.125, 6, 1157, 0
2026/09/29 15:20:53.125, 7, 1157, 0
2026/09/29 15:20:54.125, 0, 1157, 0
2026/09/29 15:20:54.126, 1, 1157, 0
2026/09/29 15:20:54.126, 2, 1157, 0
2026/09/29 15:20:54.126, 3, 1157, 0
2026/09/29 15:20:54.127, 4, 1157, 0
2026/09/29 15:20:54.127, 5, 1157, 0
2026/09/29 15:20:54.127, 6, 1157, 0
2026/09/29 15:20:54.127, 7, 1157, 0
2026/09/29 15:20:55.127, 0, 1157, 0
2026/09/29 15:20:55.128, 1, 1157, 0
2026/09/29 15:20:55.128, 2, 1157, 0
2026/09/29 15:20:55.128, 3, 1157, 0
2026/09/29 15:20:55.128, 4, 1157, 0
2026/09/29 15:20:55.128, 5, 1157, 0
2026/09/29 15:20:55.128, 6, 1157, 0
2026/09/29 15:20:55.128, 7, 1157, 0
2026/09/29 15:20:56.129, 0, 1157, 0
2026/09/29 15:20:56.130, 1, 1157, 0
2026/09/29 15:20:56.130, 2, 1157, 0
2026/09/29 15:20:56.130, 3, 1157, 0
2026/09/29 15:20:56.130, 4, 1157, 0
2026/09/29 15:20:56.130, 5, 1157, 0
2026/09/29 15:20:56.130, 6, 1157, 0
2026/09/29 15:20:56.130, 7, 1157, 0
2026/09/29 15:20:57.131, 0, 1157, 0
2026/09/29 15:20:57.131, 1, 1157, 0
2026/09/29 15:20:57.131, 2, 1157, 0
2026/09/29 15:20:57.131, 3, 1157, 0
2026/09/29 15:20:57.131, 4, 1157, 0
2026/09/29 15:20:57.132, 5, 1157, 0
2026/09/29 15:20:57.132, 6, 1157, 0
2026/09/29 15:20:57.132, 7, 1157, 0
2026/09/29 15:20:58.132, 0, 1157, 0
2026/09/29 15:20:58.132, 1, 1157, 0
2026/09/29 15:20:58.132, 2, 1157, 0
2026/09/29 15:20:58.132, 3, 1157, 0
2026/09/29 15:20:58.132, 4, 1157, 0
2026/09/29 15:20:58.132, 5, 1157, 0
2026/09/29 15:20:58.132, 6, 1157, 0
2026/09/29 15:20:58.132, 7, 1157, 0
2026/09/29 15:20:59.133, 0, 1157, 0
2026/09/29 15:20:59.133, 1, 1157, 0
2026/09/29 15:20:59.133, 2, 1157, 0
2026/09/29 15:20:59.133, 3, 1157, 0
2026/09/29 15:20:59.133, 4, 1157, 0
2026/09/29 15:20:59.133, 5, 1157, 0
2026/09/29 15:20:59.133, 6, 1157, 0
2026/09/29 15:20:59.133, 7, 1157, 0
2026/09/29 15:21:00.133, 0, 1157, 0
2026/09/29 15:21:00.134, 1, 1157, 0
2026/09/29 15:21:00.134, 2, 1157, 0
2026/09/29 15:21:00.134, 3, 1157, 0
2026/09/29 15:21:00.134, 4, 1157, 0
2026/09/29 15:21:00.134, 5, 1157, 0
2026/09/29 15:21:00.134, 6, 1157, 0
2026/09/29 15:21:00.134, 7, 1157, 0
2026/09/29 15:21:01.134, 0, 1157, 0
2026/09/29 15:21:01.134, 1, 1157, 0
2026/09/29 15:21:01.134, 2, 1157, 0
2026/09/29 15:21:01.134, 3, 1157, 0
2026/09/29 15:21:01.134, 4, 1157, 0
2026/09/29 15:21:01.134, 5, 1157, 0
2026/09/29 15:21:01.134, 6, 1157, 0
2026/09/29 15:21:01.135, 7, 1157, 0
2026/09/29 15:21:02.135, 0, 1157, 0
2026/09/29 15:21:02.135, 1, 1157, 0
2026/09/29 15:21:02.135, 2, 1157, 0
2026/09/29 15:21:02.135, 3, 1157, 0
2026/09/29 15:21:02.135, 4, 1651, 0
2026/09/29 15:21:02.135, 5, 1157, 0
2026/09/29 15:21:02.135, 6, 1157, 0
2026/09/29 15:21:02.135, 7, 1157, 0
2026/09/29 15:21:03.135, 0, 1157, 0
2026/09/29 15:21:03.136, 1, 1157, 0
2026/09/29 15:21:03.136, 2, 1651, 0
2026/09/29 15:21:03.136, 3, 1651, 17
2026/09/29 15:21:03.136, 4, 1651, 0
2026/09/29 15:21:03.136, 5, 1651, 0
2026/09/29 15:21:03.136, 6, 1303, 0
2026/09/29 15:21:03.136, 7, 1157, 0
2026/09/29 15:21:04.136, 0, 1651, 16
2026/09/29 15:21:04.136, 1, 1157, 0
2026/09/29 15:21:04.136, 2, 1651, 0
2026/09/29 15:21:04.136, 3, 1651, 0
2026/09/29 15:21:04.136, 4, 1651, 0
2026/09/29 15:21:04.136, 5, 1651, 0
2026/09/29 15:21:04.136, 6, 1651, 0
2026/09/29 15:21:04.136, 7, 1651, 0
2026/09/29 15:21:05.137, 0, 1651, 0
2026/09/29 15:21:05.137, 1, 1651, 22
2026/09/29 15:21:05.137, 2, 1651, 0
2026/09/29 15:21:05.137, 3, 1651, 0
2026/09/29 15:21:05.137, 4, 1655, 0
2026/09/29 15:21:05.137, 5, 1651, 0
2026/09/29 15:21:05.137, 6, 1651, 0
2026/09/29 15:21:05.137, 7, 1651, 0
2026/09/29 15:21:06.137, 0, 1653, 0
2026/09/29 15:21:06.138, 1, 1651, 0
2026/09/29 15:21:06.138, 2, 1655, 0
2026/09/29 15:21:06.138, 3, 1655, 0
2026/09/29 15:21:06.138, 4, 1657, 2
2026/09/29 15:21:06.138, 5, 1655, 0
2026/09/29 15:21:06.138, 6, 1653, 0
2026/09/29 15:21:06.138, 7, 1651, 0
2026/09/29 15:21:07.138, 0, 1655, 0
2026/09/29 15:21:07.138, 1, 1651, 0
2026/09/29 15:21:07.138, 2, 1657, 1
2026/09/29 15:21:07.138, 3, 1657, 0
2026/09/29 15:21:07.138, 4, 1661, 0
2026/09/29 15:21:07.138, 5, 1657, 1
2026/09/29 15:21:07.138, 6, 1655, 1
2026/09/29 15:21:07.138, 7, 1655, 0
2026/09/29 15:21:08.138, 0, 1657, 0
2026/09/29 15:21:08.139, 1, 1655, 0
2026/09/29 15:21:08.139, 2, 1661, 0
2026/09/29 15:21:08.139, 3, 1661, 1
2026/09/29 15:21:08.139, 4, 1663, 2
2026/09/29 15:21:08.139, 5, 1661, 0
2026/09/29 15:21:08.139, 6, 1657, 0
2026/09/29 15:21:08.139, 7, 1657, 2
2026/09/29 15:21:09.139, 0, 1659, 0
2026/09/29 15:21:09.162, 1, 1657, 0
2026/09/29 15:21:09.162, 2, 1663, 0
2026/09/29 15:21:09.163, 3, 1663, 0
2026/09/29 15:21:09.163, 4, 1667, 0
2026/09/29 15:21:09.164, 5, 1663, 0
2026/09/29 15:21:09.165, 6, 1661, 0
2026/09/29 15:21:09.165, 7, 1659, 0
2026/09/29 15:21:10.165, 0, 1663, 1
2026/09/29 15:21:10.166, 1, 1659, 0
2026/09/29 15:21:10.166, 2, 1665, 0
2026/09/29 15:21:10.167, 3, 1665, 0
2026/09/29 15:21:10.167, 4, 1669, 0
2026/09/29 15:21:10.168, 5, 1667, 0
2026/09/29 15:21:10.168, 6, 1663, 0
2026/09/29 15:21:10.169, 7, 1661, 0
2026/09/29 15:21:11.170, 0, 1665, 0
2026/09/29 15:21:11.170, 1, 1661, 1
2026/09/29 15:21:11.170, 2, 1669, 0
2026/09/29 15:21:11.170, 3, 1667, 0
2026/09/29 15:21:11.170, 4, 1671, 2
2026/09/29 15:21:11.170, 5, 1669, 0
2026/09/29 15:21:11.170, 6, 1665, 0
2026/09/29 15:21:11.170, 7, 1665, 2
2026/09/29 15:21:12.170, 0, 1667, 0
2026/09/29 15:21:12.171, 1, 1663, 1
2026/09/29 15:21:12.171, 2, 1671, 0
2026/09/29 15:21:12.171, 3, 1671, 0
2026/09/29 15:21:12.171, 4, 1673, 2
2026/09/29 15:21:12.171, 5, 1671, 0
2026/09/29 15:21:12.171, 6, 1667, 0
2026/09/29 15:21:12.171, 7, 1667, 1
2026/09/29 15:21:13.171, 0, 1669, 1
2026/09/29 15:21:13.172, 1, 1667, 0
2026/09/29 15:21:13.172, 2, 1673, 0
2026/09/29 15:21:13.172, 3, 1673, 0
2026/09/29 15:21:13.172, 4, 1677, 0
2026/09/29 15:21:13.172, 5, 1673, 2
2026/09/29 15:21:13.173, 6, 1669, 0
2026/09/29 15:21:13.173, 7, 1669, 0
2026/09/29 15:21:14.173, 0, 1671, 1
2026/09/29 15:21:14.173, 1, 1669, 0
2026/09/29 15:21:14.173, 2, 1673, 1
2026/09/29 15:21:14.173, 3, 1675, 0
2026/09/29 15:21:14.173, 4, 1679, 0
2026/09/29 15:21:14.173, 5, 1677, 0
2026/09/29 15:21:14.173, 6, 1673, 0
2026/09/29 15:21:14.173, 7, 1671, 0
2026/09/29 15:21:15.173, 0, 1673, 1
2026/09/29 15:21:15.173, 1, 1671, 0
2026/09/29 15:21:15.173, 2, 1677, 1
2026/09/29 15:21:15.174, 3, 1679, 1
2026/09/29 15:21:15.174, 4, 1683, 0
2026/09/29 15:21:15.174, 5, 1679, 0
2026/09/29 15:21:15.174, 6, 1673, 1
2026/09/29 15:21:15.174, 7, 1673, 0
2026/09/29 15:21:16.174, 0, 1677, 0
2026/09/29 15:21:16.174, 1, 1673, 1
2026/09/29 15:21:16.174, 2, 1679, 0
2026/09/29 15:21:16.174, 3, 1681, 0
2026/09/29 15:21:16.174, 4, 1685, 1
2026/09/29 15:21:16.174, 5, 1683, 0
2026/09/29 15:21:16.174, 6, 1677, 0
2026/09/29 15:21:16.174, 7, 1675, 0
2026/09/29 15:21:17.175, 0, 1679, 1
2026/09/29 15:21:17.175, 1, 1675, 0
2026/09/29 15:21:17.175, 2, 1681, 0
2026/09/29 15:21:17.175, 3, 1685, 0
2026/09/29 15:21:17.175, 4, 1689, 0
2026/09/29 15:21:17.175, 5, 1685, 0
2026/09/29 15:21:17.175, 6, 1679, 0
2026/09/29 15:21:17.175, 7, 1679, 0
2026/09/29 15:21:18.175, 0, 1681, 0
2026/09/29 15:21:18.178, 1, 1679, 0
2026/09/29 15:21:18.179, 2, 1685, 1
2026/09/29 15:21:18.179, 3, 1687, 0
2026/09/29 15:21:18.183, 4, 1691, 1
2026/09/29 15:21:18.183, 5, 1689, 0
2026/09/29 15:21:18.183, 6, 1681, 2
2026/09/29 15:21:18.184, 7, 1681, 0
2026/09/29 15:21:19.185, 0, 1683, 1
2026/09/29 15:21:19.187, 1, 1681, 0
2026/09/29 15:21:19.190, 2, 1685, 0
2026/09/29 15:21:19.190, 3, 1691, 0
2026/09/29 15:21:19.190, 4, 1695, 1
2026/09/29 15:21:19.190, 5, 1691, 0
2026/09/29 15:21:19.191, 6, 1683, 0
2026/09/29 15:21:19.191, 7, 1683, 0
2026/09/29 15:21:20.192, 0, 1685, 0
2026/09/29 15:21:20.192, 1, 1683, 0
2026/09/29 15:21:20.192, 2, 1689, 0
2026/09/29 15:21:20.192, 3, 1691, 0
2026/09/29 15:21:20.192, 4, 1699, 1
2026/09/29 15:21:20.192, 5, 1695, 0
2026/09/29 15:21:20.192, 6, 1685, 0
2026/09/29 15:21:20.192, 7, 1685, 0
2026/09/29 15:21:21.192, 0, 1689, 0
2026/09/29 15:21:21.194, 1, 1685, 0
2026/09/29 15:21:21.219, 2, 1691, 0
2026/09/29 15:21:21.224, 3, 1697, 0
2026/09/29 15:21:21.226, 4, 1703, 0
2026/09/29 15:21:21.229, 5, 1697, 0
2026/09/29 15:21:21.232, 6, 1689, 0
2026/09/29 15:21:21.234, 7, 1689, 0
2026/09/29 15:21:22.236, 0, 1691, 0
2026/09/29 15:21:22.237, 1, 1689, 0
2026/09/29 15:21:22.237, 2, 1693, 0
2026/09/29 15:21:22.250, 3, 1699, 0
2026/09/29 15:21:22.250, 4, 1705, 0
2026/09/29 15:21:22.250, 5, 1701, 0
2026/09/29 15:21:22.250, 6, 1691, 3
2026/09/29 15:21:22.250, 7, 1691, 0
2026/09/29 15:21:23.265, 0, 1697, 0
2026/09/29 15:21:23.265, 1, 1691, 0
2026/09/29 15:21:23.266, 2, 1697, 0
2026/09/29 15:21:23.266, 3, 1703, 0
2026/09/29 15:21:23.267, 4, 1709, 0
2026/09/29 15:21:23.268, 5, 1703, 0
2026/09/29 15:21:23.268, 6, 1695, 0
2026/09/29 15:21:23.269, 7, 1693, 3
2026/09/29 15:21:24.269, 0, 1699, 0
2026/09/29 15:21:24.271, 1, 1695, 0
2026/09/29 15:21:24.271, 2, 1701, 3
2026/09/29 15:21:24.271, 3, 1705, 0
2026/09/29 15:21:24.272, 4, 1771, 0
2026/09/29 15:21:24.272, 5, 1707, 0
2026/09/29 15:21:24.273, 6, 1697, 0
2026/09/29 15:21:24.273, 7, 1697, 3
2026/09/29 15:21:25.273, 0, 1701, 3
2026/09/29 15:21:25.274, 1, 1697, 0
2026/09/29 15:21:25.274, 2, 1703, 0
2026/09/29 15:21:25.274, 3, 1709, 0
2026/09/29 15:21:25.274, 4, 2959, 0
2026/09/29 15:21:25.274, 5, 1711, 0
2026/09/29 15:21:25.274, 6, 1701, 0
2026/09/29 15:21:25.274, 7, 1699, 0
2026/09/29 15:21:26.274, 0, 1705, 0
2026/09/29 15:21:26.274, 1, 1699, 0
2026/09/29 15:21:26.274, 2, 1705, 3
2026/09/29 15:21:26.274, 3, 1711, 0
2026/09/29 15:21:26.278, 4, 2961, 0
2026/09/29 15:21:26.278, 5, 2955, 0
2026/09/29 15:21:26.278, 6, 1703, 0
2026/09/29 15:21:26.278, 7, 1703, 0
2026/09/29 15:21:27.278, 0, 1707, 0
2026/09/29 15:21:27.278, 1, 1703, 1
2026/09/29 15:21:27.278, 2, 1709, 2
2026/09/29 15:21:27.278, 3, 2959, 20
2026/09/29 15:21:27.278, 4, 2965, 0
2026/09/29 15:21:27.279, 5, 2959, 1
2026/09/29 15:21:27.279, 6, 1705, 0
2026/09/29 15:21:27.279, 7, 1705, 0
2026/09/29 15:21:28.279, 0, 1711, 0
2026/09/29 15:21:28.279, 1, 1705, 0
2026/09/29 15:21:28.279, 2, 1711, 3
2026/09/29 15:21:28.279, 3, 2961, 0
2026/09/29 15:21:28.279, 4, 2969, 0
2026/09/29 15:21:28.279, 5, 2963, 0
2026/09/29 15:21:28.279, 6, 1709, 2
2026/09/29 15:21:28.279, 7, 1707, 3
2026/09/29 15:21:29.279, 0, 2171, 3
2026/09/29 15:21:29.279, 1, 1707, 0
2026/09/29 15:21:29.280, 2, 2957, 19
2026/09/29 15:21:29.280, 3, 2965, 0
2026/09/29 15:21:29.280, 4, 2971, 0
2026/09/29 15:21:29.280, 5, 2965, 0
2026/09/29 15:21:29.280, 6, 1711, 0
2026/09/29 15:21:29.280, 7, 1711, 0
2026/09/29 15:21:30.280, 0, 2959, 0
2026/09/29 15:21:30.281, 1, 1711, 0
2026/09/29 15:21:30.281, 2, 2959, 0
2026/09/29 15:21:30.290, 3, 2967, 0
2026/09/29 15:21:30.290, 4, 2975, 1
2026/09/29 15:21:30.291, 5, 2969, 1
2026/09/29 15:21:30.291, 6, 2111, 0
2026/09/29 15:21:30.292, 7, 1711, 2
2026/09/29 15:21:31.292, 0, 2961, 0
2026/09/29 15:21:31.295, 1, 1711, 0
2026/09/29 15:21:31.296, 2, 2963, 0
2026/09/29 15:21:31.296, 3, 2971, 1
2026/09/29 15:21:31.297, 4, 2979, 0
2026/09/29 15:21:31.297, 5, 2973, 0
2026/09/29 15:21:31.298, 6, 2957, 38
2026/09/29 15:21:31.298, 7, 2171, 1
2026/09/29 15:21:32.299, 0, 2963, 0
2026/09/29 15:21:32.325, 1, 2131, 0
2026/09/29 15:21:32.325, 2, 2965, 0
2026/09/29 15:21:32.325, 3, 2975, 0
2026/09/29 15:21:32.325, 4, 2981, 0
2026/09/29 15:21:32.355, 5, 2975, 0
2026/09/29 15:21:32.360, 6, 2959, 0
2026/09/29 15:21:32.398, 7, 2957, 0
2026/09/29 15:21:33.399, 0, 2965, 0
2026/09/29 15:21:33.399, 1, 2957, 3
2026/09/29 15:21:33.399, 2, 2969, 0
2026/09/29 15:21:33.399, 3, 2977, 0
2026/09/29 15:21:33.399, 4, 2985, 1
2026/09/29 15:21:33.399, 5, 2979, 0
2026/09/29 15:21:33.399, 6, 2963, 1
2026/09/29 15:21:33.400, 7, 2959, 1
2026/09/29 15:21:34.400, 0, 2969, 0
2026/09/29 15:21:34.400, 1, 2959, 0
2026/09/29 15:21:34.419, 2, 2971, 0
2026/09/29 15:21:34.424, 3, 2981, 0
2026/09/29 15:21:34.425, 4, 2989, 0
2026/09/29 15:21:34.425, 5, 2981, 0
2026/09/29 15:21:34.426, 6, 2965, 0
2026/09/29 15:21:34.427, 7, 2963, 0
2026/09/29 15:21:35.427, 0, 2971, 0
2026/09/29 15:21:35.427, 1, 2961, 1
2026/09/29 15:21:35.428, 2, 2973, 1
2026/09/29 15:21:35.428, 3, 2983, 0
2026/09/29 15:21:35.428, 4, 3733, 0
2026/09/29 15:21:35.428, 5, 2983, 1
2026/09/29 15:21:35.428, 6, 2967, 0
2026/09/29 15:21:35.428, 7, 2965, 0
2026/09/29 15:21:36.428, 0, 2975, 1
2026/09/29 15:21:36.428, 1, 2965, 0
2026/09/29 15:21:36.429, 2, 2975, 0
2026/09/29 15:21:36.430, 3, 2985, 0
2026/09/29 15:21:36.431, 4, 3815, 0
2026/09/29 15:21:36.432, 5, 2985, 0
2026/09/29 15:21:36.433, 6, 2969, 1
2026/09/29 15:21:36.434, 7, 2967, 1
2026/09/29 15:21:37.434, 0, 2975, 0
2026/09/29 15:21:37.435, 1, 2965, 0
2026/09/29 15:21:37.435, 2, 2977, 0
2026/09/29 15:21:37.435, 3, 2989, 0
2026/09/29 15:21:37.435, 4, 3815, 0
2026/09/29 15:21:37.435, 5, 2989, 0
2026/09/29 15:21:37.435, 6, 2971, 0
2026/09/29 15:21:37.435, 7, 2969, 0
2026/09/29 15:21:38.435, 0, 2979, 0
2026/09/29 15:21:38.435, 1, 2969, 0
2026/09/29 15:21:38.435, 2, 2981, 0
2026/09/29 15:21:38.435, 3, 3731, 0
2026/09/29 15:21:38.435, 4, 3815, 0
2026/09/29 15:21:38.435, 5, 3731, 0
2026/09/29 15:21:38.435, 6, 2975, 0
2026/09/29 15:21:38.436, 7, 2973, 0
2026/09/29 15:21:39.436, 0, 2981, 0
2026/09/29 15:21:39.436, 1, 2971, 0
2026/09/29 15:21:39.437, 2, 2983, 0
2026/09/29 15:21:39.437, 3, 3735, 0
2026/09/29 15:21:39.438, 4, 3815, 0
2026/09/29 15:21:39.438, 5, 3735, 0
2026/09/29 15:21:39.439, 6, 2977, 0
2026/09/29 15:21:39.440, 7, 2975, 0
2026/09/29 15:21:40.440, 0, 2983, 0
2026/09/29 15:21:40.440, 1, 2973, 1
2026/09/29 15:21:40.440, 2, 2985, 1
2026/09/29 15:21:40.441, 3, 3815, 0
2026/09/29 15:21:40.441, 4, 3815, 0
2026/09/29 15:21:40.441, 5, 3815, 0
2026/09/29 15:21:40.441, 6, 2979, 0
2026/09/29 15:21:40.441, 7, 2977, 1
2026/09/29 15:21:41.441, 0, 2985, 0
2026/09/29 15:21:41.441, 1, 2975, 0
2026/09/29 15:21:41.442, 2, 2989, 0
2026/09/29 15:21:41.442, 3, 3815, 0
2026/09/29 15:21:41.443, 4, 3815, 0
2026/09/29 15:21:41.443, 5, 3815, 0
2026/09/29 15:21:41.443, 6, 2981, 1
2026/09/29 15:21:41.443, 7, 2981, 0
2026/09/29 15:21:42.444, 0, 2989, 0
2026/09/29 15:21:42.444, 1, 2979, 0
2026/09/29 15:21:42.444, 2, 3731, 0
2026/09/29 15:21:42.444, 3, 3815, 0
2026/09/29 15:21:42.444, 4, 3815, 0
2026/09/29 15:21:42.444, 5, 3815, 0
2026/09/29 15:21:42.444, 6, 2985, 0
2026/09/29 15:21:42.444, 7, 2983, 0
2026/09/29 15:21:43.444, 0, 3731, 0
2026/09/29 15:21:43.445, 1, 2981, 1
2026/09/29 15:21:43.445, 2, 3735, 0
2026/09/29 15:21:43.445, 3, 3815, 0
2026/09/29 15:21:43.445, 4, 3815, 0
2026/09/29 15:21:43.445, 5, 3815, 0
2026/09/29 15:21:43.445, 6, 2985, 0
2026/09/29 15:21:43.445, 7, 2985, 1
2026/09/29 15:21:44.445, 0, 3735, 0
2026/09/29 15:21:44.445, 1, 2983, 0
2026/09/29 15:21:44.445, 2, 3815, 0
2026/09/29 15:21:44.445, 3, 3815, 0
2026/09/29 15:21:44.445, 4, 3815, 0
2026/09/29 15:21:44.445, 5, 3815, 0
2026/09/29 15:21:44.445, 6, 2989, 0
2026/09/29 15:21:44.446, 7, 2987, 0
2026/09/29 15:21:45.446, 0, 3815, 4
2026/09/29 15:21:45.446, 1, 2985, 0
2026/09/29 15:21:45.446, 2, 3815, 0
2026/09/29 15:21:45.446, 3, 3815, 0
2026/09/29 15:21:45.446, 4, 3815, 0
2026/09/29 15:21:45.446, 5, 3815, 0
2026/09/29 15:21:45.446, 6, 3733, 1
2026/09/29 15:21:45.446, 7, 3731, 0
2026/09/29 15:21:46.446, 0, 3815, 0
2026/09/29 15:21:46.447, 1, 2989, 0
2026/09/29 15:21:46.447, 2, 3815, 0
2026/09/29 15:21:46.447, 3, 3815, 0
2026/09/29 15:21:46.447, 4, 3815, 0
2026/09/29 15:21:46.447, 5, 3815, 0
2026/09/29 15:21:46.447, 6, 3815, 0
2026/09/29 15:21:46.447, 7, 3735, 0
2026/09/29 15:21:47.447, 0, 3815, 0
2026/09/29 15:21:47.447, 1, 3733, 0
2026/09/29 15:21:47.447, 2, 3815, 0
2026/09/29 15:21:47.447, 3, 3815, 0
2026/09/29 15:21:47.447, 4, 3815, 0
2026/09/29 15:21:47.447, 5, 3815, 0
2026/09/29 15:21:47.447, 6, 3815, 0
2026/09/29 15:21:47.447, 7, 3815, 0
2026/09/29 15:21:48.448, 0, 3815, 0
2026/09/29 15:21:48.448, 1, 3815, 0
2026/09/29 15:21:48.448, 2, 3815, 0
2026/09/29 15:21:48.448, 3, 3815, 0
2026/09/29 15:21:48.448, 4, 3815, 0
2026/09/29 15:21:48.448, 5, 3815, 0
2026/09/29 15:21:48.448, 6, 3815, 0
2026/09/29 15:21:48.448, 7, 3815, 0
2026/09/29 15:21:49.448, 0, 3815, 0
2026/09/29 15:21:49.448, 1, 3815, 0
2026/09/29 15:21:49.448, 2, 3815, 0
2026/09/29 15:21:49.448, 3, 3815, 0
2026/09/29 15:21:49.448, 4, 3815, 0
2026/09/29 15:21:49.448, 5, 3815, 0
2026/09/29 15:21:49.448, 6, 3815, 0
2026/09/29 15:21:49.448, 7, 3815, 0
2026/09/29 15:21:50.449, 0, 4827, 2
2026/09/29 15:21:50.449, 1, 4827, 0
2026/09/29 15:21:50.449, 2, 4827, 0
2026/09/29 15:21:50.449, 3, 4827, 0
2026/09/29 15:21:50.449, 4, 4827, 100
2026/09/29 15:21:50.449, 5, 4827, 100
2026/09/29 15:21:50.449, 6, 4827, 2
2026/09/29 15:21:50.449, 7, 4827, 100
2026/09/29 15:21:51.449, 0, 4847, 100
2026/09/29 15:21:51.449, 1, 4847, 100
2026/09/29 15:21:51.449, 2, 4847, 100
2026/09/29 15:21:51.449, 3, 4847, 100
2026/09/29 15:21:51.449, 4, 4849, 100
2026/09/29 15:21:51.450, 5, 4847, 100
2026/09/29 15:21:51.450, 6, 4847, 100
2026/09/29 15:21:51.450, 7, 4847, 100
2026/09/29 15:21:52.450, 0, 4967, 100
2026/09/29 15:21:52.450, 1, 4967, 100
2026/09/29 15:21:52.450, 2, 4967, 100
2026/09/29 15:21:52.450, 3, 4967, 100
2026/09/29 15:21:52.450, 4, 4967, 0
2026/09/29 15:21:52.450, 5, 4967, 0
2026/09/29 15:21:52.450, 6, 4967, 100
2026/09/29 15:21:52.450, 7, 4967, 33
2026/09/29 15:21:53.450, 0, 7619, 42
2026/09/29 15:21:53.451, 1, 7763, 9
2026/09/29 15:21:53.451, 2, 7763, 0
2026/09/29 15:21:53.451, 3, 7761, 9
2026/09/29 15:21:53.451, 4, 7763, 62
2026/09/29 15:21:53.451, 5, 7761, 1
2026/09/29 15:21:53.451, 6, 7761, 16
2026/09/29 15:21:53.451, 7, 7619, 97
2026/09/29 15:21:54.451, 0, 7619, 0
2026/09/29 15:21:54.451, 1, 7763, 47
2026/09/29 15:21:54.451, 2, 7763, 35
2026/09/29 15:21:54.451, 3, 7761, 44
2026/09/29 15:21:54.451, 4, 7763, 0
2026/09/29 15:21:54.451, 5, 7761, 7
2026/09/29 15:21:54.451, 6, 7761, 0
2026/09/29 15:21:54.452, 7, 7619, 0
2026/09/29 15:21:55.452, 0, 7619, 1
2026/09/29 15:21:55.452, 1, 7763, 8
2026/09/29 15:21:55.452, 2, 7763, 0
2026/09/29 15:21:55.453, 3, 7761, 0
2026/09/29 15:21:55.453, 4, 7763, 1
2026/09/29 15:21:55.453, 5, 7761, 0
2026/09/29 15:21:55.454, 6, 7761, 0
2026/09/29 15:21:55.454, 7, 7619, 0
2026/09/29 15:21:56.455, 0, 7619, 0
2026/09/29 15:21:56.455, 1, 7763, 14
2026/09/29 15:21:56.455, 2, 7763, 0
2026/09/29 15:21:56.455, 3, 7761, 33
2026/09/29 15:21:56.455, 4, 7763, 0
2026/09/29 15:21:56.455, 5, 7761, 18
2026/09/29 15:21:56.455, 6, 7761, 0
2026/09/29 15:21:56.455, 7, 7619, 7
2026/09/29 15:21:57.455, 0, 7619, 100
2026/09/29 15:21:57.455, 1, 7763, 99
2026/09/29 15:21:57.455, 2, 7763, 48
2026/09/29 15:21:57.455, 3, 7761, 100
2026/09/29 15:21:57.455, 4, 7763, 100
2026/09/29 15:21:57.455, 5, 7761, 100
2026/09/29 15:21:57.455, 6, 7761, 100
2026/09/29 15:21:57.456, 7, 7619, 100
2026/09/29 15:21:58.456, 0, 7619, 100
2026/09/29 15:21:58.456, 1, 7763, 100
2026/09/29 15:21:58.456, 2, 7763, 100
2026/09/29 15:21:58.456, 3, 7761, 100
2026/09/29 15:21:58.456, 4, 7763, 100
2026/09/29 15:21:58.456, 5, 7761, 100
2026/09/29 15:21:58.456, 6, 7761, 100
2026/09/29 15:21:58.456, 7, 7619, 100
2026/09/29 15:21:59.456, 0, 7619, 100
2026/09/29 15:21:59.456, 1, 7763, 100
2026/09/29 15:21:59.456, 2, 7763, 100
2026/09/29 15:21:59.456, 3, 7761, 100
2026/09/29 15:21:59.456, 4, 7763, 100
2026/09/29 15:21:59.457, 5, 7761, 100
2026/09/29 15:21:59.457, 6, 7761, 100
2026/09/29 15:21:59.457, 7, 7619, 100
2026/09/29 15:22:00.457, 0, 7619, 100
2026/09/29 15:22:00.457, 1, 7763, 100
2026/09/29 15:22:00.457, 2, 7763, 100
2026/09/29 15:22:00.457, 3, 7761, 100
2026/09/29 15:22:00.457, 4, 7763, 100
2026/09/29 15:22:00.457, 5, 7761, 100
2026/09/29 15:22:00.457, 6, 7761, 100
2026/09/29 15:22:00.457, 7, 7619, 100
2026/09/29 15:22:01.457, 0, 7619, 100
2026/09/29 15:22:01.457, 1, 7763, 100
2026/09/29 15:22:01.457, 2, 7763, 100
2026/09/29 15:22:01.457, 3, 7761, 100
2026/09/29 15:22:01.458, 4, 7763, 59
2026/09/29 15:22:01.458, 5, 7761, 100
2026/09/29 15:22:01.458, 6, 7761, 100
2026/09/29 15:22:01.458, 7, 7619, 93
2026/09/29 15:22:02.458, 0, 7619, 100
2026/09/29 15:22:02.458, 1, 7763, 100
2026/09/29 15:22:02.458, 2, 7763, 100
2026/09/29 15:22:02.458, 3, 7761, 100
2026/09/29 15:22:02.458, 4, 7763, 100
2026/09/29 15:22:02.458, 5, 7761, 100
2026/09/29 15:22:02.458, 6, 7761, 100
2026/09/29 15:22:02.458, 7, 7619, 100
2026/09/29 15:22:03.458, 0, 7619, 100
2026/09/29 15:22:03.459, 1, 7763, 100
2026/09/29 15:22:03.459, 2, 7763, 100
2026/09/29 15:22:03.459, 3, 7761, 100
2026/09/29 15:22:03.459, 4, 7763, 100
2026/09/29 15:22:03.459, 5, 7761, 100
2026/09/29 15:22:03.459, 6, 7761, 100
2026/09/29 15:22:03.459, 7, 7619, 100
2026/09/29 15:22:04.459, 0, 7619, 100
2026/09/29 15:22:04.459, 1, 7763, 100
2026/09/29 15:22:04.459, 2, 7763, 100
2026/09/29 15:22:04.459, 3, 7761, 100
2026/09/29 15:22:04.459, 4, 7763, 100
2026/09/29 15:22:04.459, 5, 7761, 100
2026/09/29 15:22:04.459, 6, 7761, 100
2026/09/29 15:22:04.459, 7, 7619, 100
2026/09/29 15:22:05.459, 0, 7619, 100
2026/09/29 15:22:05.459, 1, 7763, 100
2026/09/29 15:22:05.459, 2, 7763, 100
2026/09/29 15:22:05.459, 3, 7761, 100
2026/09/29 15:22:05.460, 4, 7763, 100
2026/09/29 15:22:05.460, 5, 7761, 100
2026/09/29 15:22:05.460, 6, 7761, 100
2026/09/29 15:22:05.460, 7, 7619, 100
2026/09/29 15:22:06.460, 0, 7619, 100
2026/09/29 15:22:06.461, 1, 7763, 100
2026/09/29 15:22:06.462, 2, 7763, 100
2026/09/29 15:22:06.465, 3, 7761, 100
2026/09/29 15:22:06.466, 4, 7763, 100
2026/09/29 15:22:06.471, 5, 7761, 100
2026/09/29 15:22:06.471, 6, 7761, 100
2026/09/29 15:22:06.475, 7, 7619, 100
2026/09/29 15:22:07.476, 0, 7619, 100
2026/09/29 15:22:07.476, 1, 7763, 100
2026/09/29 15:22:07.476, 2, 7763, 100
2026/09/29 15:22:07.476, 3, 7761, 100
2026/09/29 15:22:07.476, 4, 7763, 100
2026/09/29 15:22:07.476, 5, 7761, 100
2026/09/29 15:22:07.476, 6, 7761, 100
2026/09/29 15:22:07.476, 7, 7619, 100
2026/09/29 15:22:08.477, 0, 7619, 100
2026/09/29 15:22:08.477, 1, 7763, 100
2026/09/29 15:22:08.477, 2, 7763, 100
2026/09/29 15:22:08.477, 3, 7761, 100
2026/09/29 15:22:08.477, 4, 7763, 100
2026/09/29 15:22:08.477, 5, 7761, 100
2026/09/29 15:22:08.477, 6, 7761, 100
2026/09/29 15:22:08.477, 7, 7619, 100
2026/09/29 15:22:09.477, 0, 7619, 100
2026/09/29 15:22:09.477, 1, 7763, 100
2026/09/29 15:22:09.477, 2, 7763, 100
2026/09/29 15:22:09.477, 3, 7761, 100
2026/09/29 15:22:09.477, 4, 7763, 100
2026/09/29 15:22:09.477, 5, 7761, 100
2026/09/29 15:22:09.477, 6, 7761, 100
2026/09/29 15:22:09.477, 7, 7619, 100
2026/09/29 15:22:10.477, 0, 7619, 100
2026/09/29 15:22:10.478, 1, 7763, 100
2026/09/29 15:22:10.478, 2, 7763, 100
2026/09/29 15:22:10.478, 3, 7761, 100
2026/09/29 15:22:10.478, 4, 7763, 100
2026/09/29 15:22:10.478, 5, 7761, 100
2026/09/29 15:22:10.478, 6, 7761, 100
2026/09/29 15:22:10.478, 7, 7619, 100
2026/09/29 15:22:11.478, 0, 7619, 100
2026/09/29 15:22:11.478, 1, 7763, 100
2026/09/29 15:22:11.478, 2, 7763, 100
2026/09/29 15:22:11.478, 3, 7761, 100
2026/09/29 15:22:11.478, 4, 7763, 100
2026/09/29 15:22:11.478, 5, 7761, 100
2026/09/29 15:22:11.478, 6, 7761, 100
2026/09/29 15:22:11.478, 7, 7619, 100
2026/09/29 15:22:12.479, 0, 7619, 100
2026/09/29 15:22:12.479, 1, 7763, 100
2026/09/29 15:22:12.479, 2, 7763, 100
2026/09/29 15:22:12.479, 3, 7761, 100
2026/09/29 15:22:12.479, 4, 7763, 100
2026/09/29 15:22:12.479, 5, 7761, 100
2026/09/29 15:22:12.479, 6, 7761, 100
2026/09/29 15:22:12.479, 7, 7619, 100
2026/09/29 15:22:13.479, 0, 7619, 100
2026/09/29 15:22:13.479, 1, 7763, 100
2026/09/29 15:22:13.480, 2, 7763, 100
2026/09/29 15:22:13.480, 3, 7761, 100
2026/09/29 15:22:13.480, 4, 7763, 100
2026/09/29 15:22:13.480, 5, 7761, 100
2026/09/29 15:22:13.480, 6, 7761, 100
2026/09/29 15:22:13.480, 7, 7619, 100
2026/09/29 15:22:14.480, 0, 7619, 100
2026/09/29 15:22:14.480, 1, 7763, 100
2026/09/29 15:22:14.480, 2, 7763, 100
2026/09/29 15:22:14.480, 3, 7761, 100
2026/09/29 15:22:14.480, 4, 7763, 100
2026/09/29 15:22:14.480, 5, 7761, 100
2026/09/29 15:22:14.480, 6, 7761, 100
2026/09/29 15:22:14.481, 7, 7619, 100
2026/09/29 15:22:15.481, 0, 10237, 55
2026/09/29 15:22:15.481, 1, 11379, 100
2026/09/29 15:22:15.481, 2, 10519, 100
2026/09/29 15:22:15.481, 3, 11379, 100
2026/09/29 15:22:15.482, 4, 9959, 26
2026/09/29 15:22:15.483, 5, 10517, 83
2026/09/29 15:22:15.483, 6, 10519, 87
2026/09/29 15:22:15.483, 7, 10799, 26
2026/09/29 15:22:16.484, 0, 11737, 100
2026/09/29 15:22:16.484, 1, 8399, 89
2026/09/29 15:22:16.485, 2, 11419, 100
2026/09/29 15:22:16.485, 3, 9259, 98
2026/09/29 15:22:16.486, 4, 12119, 100
2026/09/29 15:22:16.487, 5, 11117, 100
2026/09/29 15:22:16.487, 6, 11579, 100
2026/09/29 15:22:16.488, 7, 11039, 100
2026/09/29 15:22:17.489, 0, 5215, 27
2026/09/29 15:22:17.489, 1, 5215, 67
2026/09/29 15:22:17.489, 2, 5215, 100
2026/09/29 15:22:17.489, 3, 5215, 60
2026/09/29 15:22:17.489, 4, 5215, 33
2026/09/29 15:22:17.489, 5, 5215, 100
2026/09/29 15:22:17.489, 6, 5215, 29
2026/09/29 15:22:17.489, 7, 5215, 1
2026/09/29 15:22:18.489, 0, 6145, 100
2026/09/29 15:22:18.490, 1, 5377, 100
2026/09/29 15:22:18.490, 2, 5377, 100
2026/09/29 15:22:18.490, 3, 6207, 100
2026/09/29 15:22:18.490, 4, 6207, 100
2026/09/29 15:22:18.490, 5, 6207, 100
2026/09/29 15:22:18.491, 6, 6207, 100
2026/09/29 15:22:18.491, 7, 5699, 100
2026/09/29 15:22:19.491, 0, 8225, 66
2026/09/29 15:22:19.491, 1, 8351, 98
2026/09/29 15:22:19.491, 2, 8351, 100
2026/09/29 15:22:19.491, 3, 8351, 100
2026/09/29 15:22:19.491, 4, 8351, 95
2026/09/29 15:22:19.491, 5, 8351, 100
2026/09/29 15:22:19.491, 6, 8351, 43
2026/09/29 15:22:19.491, 7, 8229, 98
2026/09/29 15:22:20.491, 0, 8225, 100
2026/09/29 15:22:20.491, 1, 8351, 100
2026/09/29 15:22:20.491, 2, 8351, 100
2026/09/29 15:22:20.491, 3, 8351, 100
2026/09/29 15:22:20.491, 4, 8351, 100
2026/09/29 15:22:20.492, 5, 8351, 100
2026/09/29 15:22:20.492, 6, 8351, 100
2026/09/29 15:22:20.492, 7, 8229, 100
2026/09/29 15:22:21.492, 0, 8225, 100
2026/09/29 15:22:21.495, 1, 8351, 100
2026/09/29 15:22:21.495, 2, 8351, 100
2026/09/29 15:22:21.499, 3, 8351, 100
2026/09/29 15:22:21.500, 4, 8351, 100
2026/09/29 15:22:21.504, 5, 8351, 100
2026/09/29 15:22:21.504, 6, 8351, 100
2026/09/29 15:22:21.510, 7, 8229, 100
2026/09/29 15:22:22.513, 0, 8225, 100
2026/09/29 15:22:22.513, 1, 8351, 100
2026/09/29 15:22:22.513, 2, 8351, 100
2026/09/29 15:22:22.513, 3, 8351, 100
2026/09/29 15:22:22.513, 4, 8351, 100
2026/09/29 15:22:22.513, 5, 8351, 100
2026/09/29 15:22:22.513, 6, 8351, 100
2026/09/29 15:22:22.513, 7, 8229, 100
2026/09/29 15:22:23.514, 0, 8225, 100
2026/09/29 15:22:23.514, 1, 8351, 100
2026/09/29 15:22:23.514, 2, 8351, 100
2026/09/29 15:22:23.514, 3, 8351, 100
2026/09/29 15:22:23.514, 4, 8351, 100
2026/09/29 15:22:23.514, 5, 8351, 100
2026/09/29 15:22:23.514, 6, 8351, 100
2026/09/29 15:22:23.515, 7, 8229, 100
2026/09/29 15:22:24.515, 0, 8225, 100
2026/09/29 15:22:24.515, 1, 8351, 100
2026/09/29 15:22:24.515, 2, 8351, 100
2026/09/29 15:22:24.515, 3, 8351, 100
2026/09/29 15:22:24.515, 4, 8351, 100
2026/09/29 15:22:24.515, 5, 8351, 100
2026/09/29 15:22:24.515, 6, 8351, 100
2026/09/29 15:22:24.515, 7, 8229, 100
2026/09/29 15:22:25.515, 0, 8225, 100
2026/09/29 15:22:25.515, 1, 8351, 100
2026/09/29 15:22:25.515, 2, 8351, 100
2026/09/29 15:22:25.515, 3, 8351, 100
2026/09/29 15:22:25.515, 4, 8351, 100
2026/09/29 15:22:25.515, 5, 8351, 100
2026/09/29 15:22:25.516, 6, 8351, 100
2026/09/29 15:22:25.516, 7, 8229, 100
2026/09/29 15:22:26.516, 0, 8225, 100
2026/09/29 15:22:26.516, 1, 8351, 100
2026/09/29 15:22:26.516, 2, 8351, 100
2026/09/29 15:22:26.516, 3, 8351, 100
2026/09/29 15:22:26.516, 4, 8351, 100
2026/09/29 15:22:26.516, 5, 8351, 100
2026/09/29 15:22:26.516, 6, 8351, 100
2026/09/29 15:22:26.516, 7, 8229, 100
2026/09/29 15:22:27.516, 0, 8225, 100
2026/09/29 15:22:27.516, 1, 8351, 100
2026/09/29 15:22:27.516, 2, 8351, 100
2026/09/29 15:22:27.517, 3, 8351, 100
2026/09/29 15:22:27.517, 4, 8351, 100
2026/09/29 15:22:27.517, 5, 8351, 100
2026/09/29 15:22:27.517, 6, 8351, 100
2026/09/29 15:22:27.517, 7, 8229, 100
2026/09/29 15:22:28.517, 0, 8225, 100
2026/09/29 15:22:28.517, 1, 8351, 100
2026/09/29 15:22:28.517, 2, 8351, 100
2026/09/29 15:22:28.517, 3, 8351, 100
2026/09/29 15:22:28.518, 4, 8351, 100
2026/09/29 15:22:28.518, 5, 8351, 100
2026/09/29 15:22:28.518, 6, 8351, 100
2026/09/29 15:22:28.518, 7, 8229, 100
2026/09/29 15:22:29.518, 0, 8225, 100
2026/09/29 15:22:29.518, 1, 8351, 100
2026/09/29 15:22:29.518, 2, 8351, 100
2026/09/29 15:22:29.518, 3, 8351, 100
2026/09/29 15:22:29.518, 4, 8351, 100
2026/09/29 15:22:29.518, 5, 8351, 100
2026/09/29 15:22:29.518, 6, 8351, 100
2026/09/29 15:22:29.518, 7, 8229, 100
2026/09/29 15:22:30.518, 0, 8225, 100
2026/09/29 15:22:30.519, 1, 8351, 100
2026/09/29 15:22:30.519, 2, 8351, 100
2026/09/29 15:22:30.519, 3, 8351, 100
2026/09/29 15:22:30.519, 4, 8351, 100
2026/09/29 15:22:30.519, 5, 8351, 100
2026/09/29 15:22:30.519, 6, 8351, 100
2026/09/29 15:22:30.519, 7, 8229, 100
2026/09/29 15:22:31.519, 0, 8225, 100
2026/09/29 15:22:31.519, 1, 8351, 100
2026/09/29 15:22:31.519, 2, 8351, 100
2026/09/29 15:22:31.519, 3, 8351, 100
2026/09/29 15:22:31.519, 4, 8351, 100
2026/09/29 15:22:31.519, 5, 8351, 100
2026/09/29 15:22:31.519, 6, 8351, 100
2026/09/29 15:22:31.519, 7, 8229, 100
2026/09/29 15:22:32.520, 0, 8225, 100
2026/09/29 15:22:32.520, 1, 8351, 100
2026/09/29 15:22:32.520, 2, 8351, 100
2026/09/29 15:22:32.520, 3, 8351, 100
2026/09/29 15:22:32.520, 4, 8351, 100
2026/09/29 15:22:32.520, 5, 8351, 100
2026/09/29 15:22:32.520, 6, 8351, 100
2026/09/29 15:22:32.520, 7, 8229, 100
2026/09/29 15:22:33.520, 0, 8225, 100
2026/09/29 15:22:33.520, 1, 8351, 100
2026/09/29 15:22:33.521, 2, 8351, 100
2026/09/29 15:22:33.521, 3, 8351, 100
2026/09/29 15:22:33.521, 4, 8351, 100
2026/09/29 15:22:33.521, 5, 8351, 100
2026/09/29 15:22:33.521, 6, 8351, 100
2026/09/29 15:22:33.521, 7, 8229, 100
2026/09/29 15:22:34.521, 0, 8225, 100
2026/09/29 15:22:34.521, 1, 8351, 100
2026/09/29 15:22:34.521, 2, 8351, 100
2026/09/29 15:22:34.521, 3, 8351, 100
2026/09/29 15:22:34.521, 4, 8351, 100
2026/09/29 15:22:34.521, 5, 8351, 100
2026/09/29 15:22:34.522, 6, 8351, 100
2026/09/29 15:22:34.522, 7, 8229, 100
2026/09/29 15:22:35.522, 0, 8225, 100
2026/09/29 15:22:35.522, 1, 8351, 100
2026/09/29 15:22:35.522, 2, 8351, 100
2026/09/29 15:22:35.522, 3, 8351, 100
2026/09/29 15:22:35.522, 4, 8351, 100
2026/09/29 15:22:35.522, 5, 8351, 100
2026/09/29 15:22:35.522, 6, 8351, 100
2026/09/29 15:22:35.522, 7, 8229, 100
2026/09/29 15:22:36.522, 0, 8225, 100
2026/09/29 15:22:36.522, 1, 8351, 100
2026/09/29 15:22:36.522, 2, 8351, 100
2026/09/29 15:22:36.523, 3, 8351, 100
2026/09/29 15:22:36.523, 4, 8351, 100
2026/09/29 15:22:36.523, 5, 8351, 100
2026/09/29 15:22:36.523, 6, 8351, 100
2026/09/29 15:22:36.523, 7, 8229, 100
2026/09/29 15:22:37.523, 0, 8225, 100
2026/09/29 15:22:37.523, 1, 8351, 100
2026/09/29 15:22:37.523, 2, 8351, 100
2026/09/29 15:22:37.523, 3, 8351, 100
2026/09/29 15:22:37.523, 4, 8351, 100
2026/09/29 15:22:37.523, 5, 8351, 100
2026/09/29 15:22:37.523, 6, 8351, 100
2026/09/29 15:22:37.523, 7, 8229, 100
2026/09/29 15:22:38.523, 0, 8225, 100
2026/09/29 15:22:38.523, 1, 8351, 100
2026/09/29 15:22:38.523, 2, 8351, 100
2026/09/29 15:22:38.523, 3, 8351, 100
2026/09/29 15:22:38.523, 4, 8351, 100
2026/09/29 15:22:38.523, 5, 8351, 100
2026/09/29 15:22:38.523, 6, 8351, 100
2026/09/29 15:22:38.523, 7, 8229, 100
2026/09/29 15:22:39.524, 0, 8225, 100
2026/09/29 15:22:39.524, 1, 8351, 100
2026/09/29 15:22:39.524, 2, 8351, 100
2026/09/29 15:22:39.524, 3, 8351, 100
2026/09/29 15:22:39.524, 4, 8351, 100
2026/09/29 15:22:39.524, 5, 8351, 100
2026/09/29 15:22:39.524, 6, 8351, 100
2026/09/29 15:22:39.524, 7, 8229, 100
2026/09/29 15:22:40.524, 0, 8225, 100
2026/09/29 15:22:40.524, 1, 8351, 100
2026/09/29 15:22:40.524, 2, 8351, 100
2026/09/29 15:22:40.524, 3, 8351, 100
2026/09/29 15:22:40.524, 4, 8351, 100
2026/09/29 15:22:40.524, 5, 8351, 100
2026/09/29 15:22:40.525, 6, 8351, 100
2026/09/29 15:22:40.525, 7, 8229, 100
2026/09/29 15:22:41.525, 0, 8225, 100
2026/09/29 15:22:41.525, 1, 8351, 100
2026/09/29 15:22:41.525, 2, 8351, 100
2026/09/29 15:22:41.525, 3, 8351, 100
2026/09/29 15:22:41.525, 4, 8351, 100
2026/09/29 15:22:41.525, 5, 8351, 100
2026/09/29 15:22:41.525, 6, 8351, 100
2026/09/29 15:22:41.525, 7, 8229, 100
2026/09/29 15:22:42.525, 0, 6085, 100
2026/09/29 15:22:42.526, 1, 6091, 100
2026/09/29 15:22:42.526, 2, 5991, 87
2026/09/29 15:22:42.527, 3, 5911, 100
2026/09/29 15:22:42.528, 4, 6051, 100
2026/09/29 15:22:42.528, 5, 6131, 100
2026/09/29 15:22:42.529, 6, 6011, 100
2026/09/29 15:22:42.530, 7, 5789, 100
2026/09/29 15:22:43.531, 0, 4897, 29
2026/09/29 15:22:43.531, 1, 4873, 25
2026/09/29 15:22:43.531, 2, 4865, 35
2026/09/29 15:22:43.531, 3, 4915, 30
2026/09/29 15:22:43.531, 4, 4881, 90
2026/09/29 15:22:43.531, 5, 4869, 18
2026/09/29 15:22:43.531, 6, 4951, 27
2026/09/29 15:22:43.531, 7, 4883, 98
2026/09/29 15:22:44.531, 0, 4977, 100
2026/09/29 15:22:44.531, 1, 4953, 100
2026/09/29 15:22:44.531, 2, 4865, 100
2026/09/29 15:22:44.532, 3, 5695, 100
2026/09/29 15:22:44.532, 4, 5751, 100
2026/09/29 15:22:44.532, 5, 5029, 100
2026/09/29 15:22:44.532, 6, 5111, 100
2026/09/29 15:22:44.532, 7, 4963, 100
2026/09/29 15:22:45.532, 0, 7927, 94
2026/09/29 15:22:45.532, 1, 7873, 98
2026/09/29 15:22:45.532, 2, 7893, 100
2026/09/29 15:22:45.532, 3, 7835, 96
2026/09/29 15:22:45.532, 4, 7913, 98
2026/09/29 15:22:45.532, 5, 7853, 82
2026/09/29 15:22:45.532, 6, 7933, 96
2026/09/29 15:22:45.532, 7, 7827, 97
2026/09/29 15:22:46.532, 0, 7927, 100
2026/09/29 15:22:46.533, 1, 7873, 100
2026/09/29 15:22:46.533, 2, 7893, 100
2026/09/29 15:22:46.533, 3, 7835, 100
2026/09/29 15:22:46.533, 4, 7913, 100
2026/09/29 15:22:46.533, 5, 7853, 100
2026/09/29 15:22:46.533, 6, 7933, 100
2026/09/29 15:22:46.533, 7, 7827, 100
2026/09/29 15:22:47.533, 0, 7927, 100
2026/09/29 15:22:47.533, 1, 7873, 100
2026/09/29 15:22:47.533, 2, 7893, 100
2026/09/29 15:22:47.533, 3, 7835, 100
2026/09/29 15:22:47.533, 4, 7913, 100
2026/09/29 15:22:47.533, 5, 7853, 100
2026/09/29 15:22:47.533, 6, 7933, 100
2026/09/29 15:22:47.533, 7, 7827, 100
2026/09/29 15:22:48.533, 0, 7927, 100
2026/09/29 15:22:48.533, 1, 7873, 100
2026/09/29 15:22:48.534, 2, 7893, 100
2026/09/29 15:22:48.534, 3, 7835, 100
2026/09/29 15:22:48.534, 4, 7913, 100
2026/09/29 15:22:48.534, 5, 7853, 100
2026/09/29 15:22:48.534, 6, 7933, 100
2026/09/29 15:22:48.534, 7, 7827, 100
2026/09/29 15:22:49.534, 0, 7927, 100
2026/09/29 15:22:49.534, 1, 7873, 100
2026/09/29 15:22:49.534, 2, 7893, 100
2026/09/29 15:22:49.534, 3, 7835, 100
2026/09/29 15:22:49.534, 4, 7913, 100
2026/09/29 15:22:49.534, 5, 7853, 100
2026/09/29 15:22:49.534, 6, 7933, 100
2026/09/29 15:22:49.534, 7, 7827, 100
2026/09/29 15:22:50.534, 0, 7927, 100
2026/09/29 15:22:50.535, 1, 7873, 100
2026/09/29 15:22:50.535, 2, 7893, 100
2026/09/29 15:22:50.535, 3, 7835, 100
2026/09/29 15:22:50.535, 4, 7913, 100
2026/09/29 15:22:50.535, 5, 7853, 100
2026/09/29 15:22:50.535, 6, 7933, 100
2026/09/29 15:22:50.535, 7, 7827, 100
2026/09/29 15:22:51.535, 0, 7927, 100
2026/09/29 15:22:51.535, 1, 7873, 100
2026/09/29 15:22:51.535, 2, 7893, 100
2026/09/29 15:22:51.535, 3, 7835, 100
2026/09/29 15:22:51.535, 4, 7913, 100
2026/09/29 15:22:51.535, 5, 7853, 100
2026/09/29 15:22:51.536, 6, 7933, 100
2026/09/29 15:22:51.536, 7, 7827, 100
2026/09/29 15:22:52.536, 0, 7927, 100
2026/09/29 15:22:52.536, 1, 7873, 100
2026/09/29 15:22:52.536, 2, 7893, 100
2026/09/29 15:22:52.536, 3, 7835, 100
2026/09/29 15:22:52.536, 4, 7913, 100
2026/09/29 15:22:52.536, 5, 7853, 100
2026/09/29 15:22:52.536, 6, 7933, 100
2026/09/29 15:22:52.536, 7, 7827, 100
2026/09/29 15:22:53.536, 0, 7927, 100
2026/09/29 15:22:53.537, 1, 7873, 100
2026/09/29 15:22:53.537, 2, 7893, 100
2026/09/29 15:22:53.537, 3, 7835, 100
2026/09/29 15:22:53.537, 4, 7913, 100
2026/09/29 15:22:53.537, 5, 7853, 100
2026/09/29 15:22:53.537, 6, 7933, 100
2026/09/29 15:22:53.537, 7, 7827, 100
2026/09/29 15:22:54.537, 0, 7927, 100
2026/09/29 15:22:54.537, 1, 7873, 100
2026/09/29 15:22:54.538, 2, 7893, 100
2026/09/29 15:22:54.538, 3, 7835, 100
2026/09/29 15:22:54.538, 4, 7913, 100
2026/09/29 15:22:54.538, 5, 7853, 100
2026/09/29 15:22:54.538, 6, 7933, 100
2026/09/29 15:22:54.538, 7, 7827, 100
2026/09/29 15:22:55.538, 0, 7927, 100
2026/09/29 15:22:55.538, 1, 7873, 100
2026/09/29 15:22:55.538, 2, 7893, 100
2026/09/29 15:22:55.538, 3, 7835, 100
2026/09/29 15:22:55.538, 4, 7913, 100
2026/09/29 15:22:55.538, 5, 7853, 100
2026/09/29 15:22:55.538, 6, 7933, 100
2026/09/29 15:22:55.538, 7, 7827, 100
2026/09/29 15:22:56.539, 0, 7927, 100
2026/09/29 15:22:56.539, 1, 7873, 100
2026/09/29 15:22:56.539, 2, 7893, 100
2026/09/29 15:22:56.539, 3, 7835, 100
2026/09/29 15:22:56.539, 4, 7913, 100
2026/09/29 15:22:56.539, 5, 7853, 100
2026/09/29 15:22:56.539, 6, 7933, 100
2026/09/29 15:22:56.539, 7, 7827, 100
2026/09/29 15:22:57.539, 0, 7927, 100
2026/09/29 15:22:57.539, 1, 7873, 100
2026/09/29 15:22:57.539, 2, 7893, 100
2026/09/29 15:22:57.539, 3, 7835, 100
2026/09/29 15:22:57.539, 4, 7913, 100
2026/09/29 15:22:57.539, 5, 7853, 100
2026/09/29 15:22:57.539, 6, 7933, 100
2026/09/29 15:22:57.539, 7, 7827, 100
2026/09/29 15:22:58.539, 0, 7927, 100
2026/09/29 15:22:58.539, 1, 7873, 100
2026/09/29 15:22:58.540, 2, 7893, 100
2026/09/29 15:22:58.540, 3, 7835, 100
2026/09/29 15:22:58.540, 4, 7913, 100
2026/09/29 15:22:58.540, 5, 7853, 100
2026/09/29 15:22:58.540, 6, 7933, 100
2026/09/29 15:22:58.540, 7, 7827, 100
2026/09/29 15:22:59.540, 0, 7927, 100
2026/09/29 15:22:59.540, 1, 7873, 100
2026/09/29 15:22:59.540, 2, 7893, 100
2026/09/29 15:22:59.540, 3, 7835, 100
2026/09/29 15:22:59.540, 4, 7913, 100
2026/09/29 15:22:59.540, 5, 7853, 100
2026/09/29 15:22:59.540, 6, 7933, 100
2026/09/29 15:22:59.540, 7, 7827, 100
2026/09/29 15:23:00.540, 0, 7927, 100
2026/09/29 15:23:00.540, 1, 7873, 100
2026/09/29 15:23:00.540, 2, 7893, 100
2026/09/29 15:23:00.540, 3, 7835, 100
2026/09/29 15:23:00.541, 4, 7913, 100
2026/09/29 15:23:00.541, 5, 7853, 100
2026/09/29 15:23:00.541, 6, 7933, 100
2026/09/29 15:23:00.541, 7, 7827, 100
2026/09/29 15:23:01.541, 0, 7927, 100
2026/09/29 15:23:01.541, 1, 7873, 100
2026/09/29 15:23:01.541, 2, 7893, 100
2026/09/29 15:23:01.541, 3, 7835, 100
2026/09/29 15:23:01.541, 4, 7913, 100
2026/09/29 15:23:01.541, 5, 7853, 100
2026/09/29 15:23:01.541, 6, 7933, 100
2026/09/29 15:23:01.541, 7, 7827, 100
2026/09/29 15:23:02.541, 0, 7927, 100
2026/09/29 15:23:02.541, 1, 7873, 100
2026/09/29 15:23:02.542, 2, 7893, 100
2026/09/29 15:23:02.542, 3, 7835, 100
2026/09/29 15:23:02.542, 4, 7913, 100
2026/09/29 15:23:02.542, 5, 7853, 100
2026/09/29 15:23:02.542, 6, 7933, 100
2026/09/29 15:23:02.542, 7, 7827, 100
2026/09/29 15:23:03.542, 0, 7927, 100
2026/09/29 15:23:03.542, 1, 7873, 100
2026/09/29 15:23:03.543, 2, 7893, 100
2026/09/29 15:23:03.543, 3, 7835, 100
2026/09/29 15:23:03.543, 4, 7913, 100
2026/09/29 15:23:03.543, 5, 7853, 100
2026/09/29 15:23:03.543, 6, 7933, 100
2026/09/29 15:23:03.543, 7, 7827, 100
2026/09/29 15:23:04.543, 0, 11743, 30
2026/09/29 15:23:04.543, 1, 11471, 100
2026/09/29 15:23:04.543, 2, 11567, 71
2026/09/29 15:23:04.543, 3, 12111, 100
2026/09/29 15:23:04.543, 4, 11787, 47
2026/09/29 15:23:04.544, 5, 11767, 34
2026/09/29 15:23:04.544, 6, 11609, 62
2026/09/29 15:23:04.544, 7, 11283, 69
2026/09/29 15:23:05.544, 0, 7803, 100
2026/09/29 15:23:05.545, 1, 6271, 100
2026/09/29 15:23:05.546, 2, 8287, 60
2026/09/29 15:23:05.546, 3, 6891, 100
2026/09/29 15:23:05.547, 4, 8587, 100
2026/09/29 15:23:05.548, 5, 8927, 88
2026/09/29 15:23:05.549, 6, 8669, 100
2026/09/29 15:23:05.549, 7, 7663, 100
2026/09/29 15:23:06.550, 0, 3761, 28
2026/09/29 15:23:06.550, 1, 3729, 27
2026/09/29 15:23:06.550, 2, 3687, 0
2026/09/29 15:23:06.550, 3, 3711, 27
2026/09/29 15:23:06.550, 4, 3727, 0
2026/09/29 15:23:06.550, 5, 3703, 0
2026/09/29 15:23:06.550, 6, 3827, 30
2026/09/29 15:23:06.550, 7, 3743, 0
2026/09/29 15:23:07.551, 0, 3761, 0
2026/09/29 15:23:07.551, 1, 3729, 0
2026/09/29 15:23:07.551, 2, 3687, 0
2026/09/29 15:23:07.551, 3, 3711, 0
2026/09/29 15:23:07.551, 4, 3727, 0
2026/09/29 15:23:07.551, 5, 3703, 0
2026/09/29 15:23:07.551, 6, 3827, 0
2026/09/29 15:23:07.551, 7, 3743, 0
2026/09/29 15:23:08.551, 0, 5283, 0
2026/09/29 15:23:08.551, 1, 5251, 0
2026/09/29 15:23:08.552, 2, 5209, 0
2026/09/29 15:23:08.552, 3, 5293, 0
2026/09/29 15:23:08.552, 4, 5409, 0
2026/09/29 15:23:08.552, 5, 5225, 0
2026/09/29 15:23:08.553, 6, 5349, 0
2026/09/29 15:23:08.553, 7, 5265, 0
2026/09/29 15:23:09.553, 0, 5403, 100
2026/09/29 15:23:09.554, 1, 5371, 55
2026/09/29 15:23:09.554, 2, 5389, 100
2026/09/29 15:23:09.554, 3, 5573, 74
2026/09/29 15:23:09.554, 4, 6513, 100
2026/09/29 15:23:09.554, 5, 5485, 100
2026/09/29 15:23:09.554, 6, 5489, 100
2026/09/29 15:23:09.554, 7, 5465, 100
2026/09/29 15:23:10.554, 0, 7973, 98
2026/09/29 15:23:10.554, 1, 7893, 100
2026/09/29 15:23:10.554, 2, 7915, 98
2026/09/29 15:23:10.554, 3, 7839, 98
2026/09/29 15:23:10.554, 4, 7937, 55
2026/09/29 15:23:10.554, 5, 7815, 98
2026/09/29 15:23:10.554, 6, 7877, 100
2026/09/29 15:23:10.555, 7, 7751, 89
2026/09/29 15:23:11.555, 0, 7973, 98
2026/09/29 15:23:11.555, 1, 7893, 97
2026/09/29 15:23:11.555, 2, 7915, 98
2026/09/29 15:23:11.555, 3, 7979, 98
2026/09/29 15:23:11.555, 4, 7937, 98
2026/09/29 15:23:11.555, 5, 7895, 98
2026/09/29 15:23:11.555, 6, 7877, 98
2026/09/29 15:23:11.555, 7, 7911, 96
2026/09/29 15:23:12.555, 0, 8753, 97
2026/09/29 15:23:12.555, 1, 8673, 98
2026/09/29 15:23:12.555, 2, 8695, 100
2026/09/29 15:23:12.555, 3, 8759, 98
2026/09/29 15:23:12.555, 4, 8717, 53
2026/09/29 15:23:12.555, 5, 8675, 100
2026/09/29 15:23:12.555, 6, 8657, 97
2026/09/29 15:23:12.555, 7, 8691, 100
2026/09/29 15:23:13.556, 0, 8753, 100
2026/09/29 15:23:13.556, 1, 8673, 100
2026/09/29 15:23:13.556, 2, 8695, 100
2026/09/29 15:23:13.556, 3, 8759, 100
2026/09/29 15:23:13.556, 4, 8717, 100
2026/09/29 15:23:13.557, 5, 8675, 100
2026/09/29 15:23:13.557, 6, 8657, 100
2026/09/29 15:23:13.557, 7, 8691, 100
2026/09/29 15:23:14.557, 0, 8753, 100
2026/09/29 15:23:14.557, 1, 8673, 100
2026/09/29 15:23:14.557, 2, 8695, 100
2026/09/29 15:23:14.557, 3, 8759, 100
2026/09/29 15:23:14.557, 4, 8717, 100
2026/09/29 15:23:14.557, 5, 8675, 100
2026/09/29 15:23:14.557, 6, 8657, 100
2026/09/29 15:23:14.557, 7, 8691, 100
2026/09/29 15:23:15.557, 0, 8753, 100
2026/09/29 15:23:15.558, 1, 8673, 100
2026/09/29 15:23:15.558, 2, 8695, 100
2026/09/29 15:23:15.558, 3, 8759, 100
2026/09/29 15:23:15.558, 4, 8717, 100
2026/09/29 15:23:15.558, 5, 8675, 100
2026/09/29 15:23:15.558, 6, 8657, 100
2026/09/29 15:23:15.558, 7, 8691, 100
2026/09/29 15:23:16.558, 0, 8753, 100
2026/09/29 15:23:16.558, 1, 8673, 100
2026/09/29 15:23:16.558, 2, 8695, 100
2026/09/29 15:23:16.558, 3, 8759, 100
2026/09/29 15:23:16.558, 4, 8717, 100
2026/09/29 15:23:16.558, 5, 8675, 100
2026/09/29 15:23:16.558, 6, 8657, 100
2026/09/29 15:23:16.558, 7, 8691, 100
2026/09/29 15:23:17.559, 0, 8753, 100
2026/09/29 15:23:17.559, 1, 8673, 100
2026/09/29 15:23:17.559, 2, 8695, 100
2026/09/29 15:23:17.559, 3, 8759, 100
2026/09/29 15:23:17.559, 4, 8717, 100
2026/09/29 15:23:17.559, 5, 8675, 100
2026/09/29 15:23:17.559, 6, 8657, 100
2026/09/29 15:23:17.559, 7, 8691, 100
2026/09/29 15:23:18.559, 0, 8753, 100
2026/09/29 15:23:18.559, 1, 8673, 100
2026/09/29 15:23:18.559, 2, 8695, 100
2026/09/29 15:23:18.559, 3, 8759, 100
2026/09/29 15:23:18.559, 4, 8717, 100
2026/09/29 15:23:18.559, 5, 8675, 100
2026/09/29 15:23:18.560, 6, 8657, 100
2026/09/29 15:23:18.560, 7, 8691, 100
2026/09/29 15:23:19.560, 0, 8753, 100
2026/09/29 15:23:19.560, 1, 8673, 100
2026/09/29 15:23:19.560, 2, 8695, 100
2026/09/29 15:23:19.560, 3, 8759, 100
2026/09/29 15:23:19.560, 4, 8717, 100
2026/09/29 15:23:19.560, 5, 8675, 100
2026/09/29 15:23:19.560, 6, 8657, 100
2026/09/29 15:23:19.560, 7, 8691, 100
2026/09/29 15:23:20.560, 0, 8753, 100
2026/09/29 15:23:20.560, 1, 8673, 100
2026/09/29 15:23:20.560, 2, 8695, 100
2026/09/29 15:23:20.560, 3, 8759, 100
2026/09/29 15:23:20.561, 4, 8717, 100
2026/09/29 15:23:20.561, 5, 8675, 100
2026/09/29 15:23:20.561, 6, 8657, 100
2026/09/29 15:23:20.561, 7, 8691, 100
2026/09/29 15:23:21.561, 0, 8753, 100
2026/09/29 15:23:21.561, 1, 8673, 100
2026/09/29 15:23:21.561, 2, 8695, 100
2026/09/29 15:23:21.561, 3, 8759, 100
2026/09/29 15:23:21.561, 4, 8717, 100
2026/09/29 15:23:21.561, 5, 8675, 100
2026/09/29 15:23:21.561, 6, 8657, 100
2026/09/29 15:23:21.561, 7, 8691, 100
2026/09/29 15:23:22.562, 0, 8753, 100
2026/09/29 15:23:22.562, 1, 8673, 100
2026/09/29 15:23:22.562, 2, 8695, 100
2026/09/29 15:23:22.562, 3, 8759, 100
2026/09/29 15:23:22.562, 4, 8717, 100
2026/09/29 15:23:22.562, 5, 8675, 100
2026/09/29 15:23:22.562, 6, 8657, 100
2026/09/29 15:23:22.562, 7, 8691, 100
2026/09/29 15:23:23.562, 0, 8753, 100
2026/09/29 15:23:23.562, 1, 8673, 100
2026/09/29 15:23:23.562, 2, 8695, 100
2026/09/29 15:23:23.562, 3, 8759, 100
2026/09/29 15:23:23.562, 4, 8717, 100
2026/09/29 15:23:23.562, 5, 8675, 100
2026/09/29 15:23:23.562, 6, 8657, 100
2026/09/29 15:23:23.563, 7, 8691, 100
2026/09/29 15:23:24.563, 0, 8753, 100
2026/09/29 15:23:24.563, 1, 8673, 100
2026/09/29 15:23:24.563, 2, 8695, 100
2026/09/29 15:23:24.563, 3, 8759, 100
2026/09/29 15:23:24.563, 4, 8717, 100
2026/09/29 15:23:24.563, 5, 8675, 100
2026/09/29 15:23:24.563, 6, 8657, 100
2026/09/29 15:23:24.563, 7, 8691, 100
2026/09/29 15:23:25.563, 0, 8753, 100
2026/09/29 15:23:25.563, 1, 8673, 100
2026/09/29 15:23:25.563, 2, 8695, 100
2026/09/29 15:23:25.564, 3, 8759, 100
2026/09/29 15:23:25.564, 4, 8717, 100
2026/09/29 15:23:25.564, 5, 8675, 100
2026/09/29 15:23:25.564, 6, 8657, 100
2026/09/29 15:23:25.564, 7, 8691, 100
2026/09/29 15:23:26.564, 0, 8033, 100
2026/09/29 15:23:26.565, 1, 7953, 100
2026/09/29 15:23:26.565, 2, 7895, 100
2026/09/29 15:23:26.566, 3, 7939, 100
2026/09/29 15:23:26.566, 4, 8037, 100
2026/09/29 15:23:26.567, 5, 7915, 100
2026/09/29 15:23:26.568, 6, 7777, 100
2026/09/29 15:23:26.569, 7, 7951, 100
2026/09/29 15:23:27.569, 0, 4221, 28
2026/09/29 15:23:27.569, 1, 4159, 98
2026/09/29 15:23:27.570, 2, 4263, 98
2026/09/29 15:23:27.570, 3, 4167, 67
2026/09/29 15:23:27.570, 4, 4143, 46
2026/09/29 15:23:27.570, 5, 4123, 97
2026/09/29 15:23:27.570, 6, 4159, 29
2026/09/29 15:23:27.570, 7, 4219, 97
2026/09/29 15:23:28.570, 0, 4303, 98
2026/09/29 15:23:28.570, 1, 3843, 0
2026/09/29 15:23:28.571, 2, 3825, 25
2026/09/29 15:23:28.571, 3, 3769, 98
2026/09/29 15:23:28.571, 4, 3779, 91
2026/09/29 15:23:28.571, 5, 3805, 54
2026/09/29 15:23:28.571, 6, 3841, 99
2026/09/29 15:23:28.571, 7, 3779, 98
2026/09/29 15:23:29.572, 0, 5565, 2
2026/09/29 15:23:29.572, 1, 5545, 100
2026/09/29 15:23:29.572, 2, 5527, 100
2026/09/29 15:23:29.572, 3, 5491, 0
2026/09/29 15:23:29.572, 4, 5521, 35
2026/09/29 15:23:29.572, 5, 5527, 100
2026/09/29 15:23:29.572, 6, 5563, 0
2026/09/29 15:23:29.572, 7, 5481, 100
2026/09/29 15:23:30.572, 0, 7851, 100
2026/09/29 15:23:30.572, 1, 7831, 98
2026/09/29 15:23:30.572, 2, 7793, 83
2026/09/29 15:23:30.572, 3, 7853, 100
2026/09/29 15:23:30.572, 4, 7851, 92
2026/09/29 15:23:30.572, 5, 7851, 86
2026/09/29 15:23:30.573, 6, 7893, 100
2026/09/29 15:23:30.573, 7, 7827, 100
2026/09/29 15:23:31.573, 0, 7991, 98
2026/09/29 15:23:31.573, 1, 7971, 98
2026/09/29 15:23:31.573, 2, 7993, 98
2026/09/29 15:23:31.573, 3, 8073, 98
2026/09/29 15:23:31.573, 4, 7991, 95
2026/09/29 15:23:31.573, 5, 8031, 98
2026/09/29 15:23:31.573, 6, 8033, 98
2026/09/29 15:23:31.573, 7, 7967, 98
2026/09/29 15:23:32.573, 0, 8771, 98
2026/09/29 15:23:32.573, 1, 8751, 100
2026/09/29 15:23:32.573, 2, 8773, 100
2026/09/29 15:23:32.573, 3, 8853, 98
2026/09/29 15:23:32.574, 4, 8771, 97
2026/09/29 15:23:32.574, 5, 8811, 59
2026/09/29 15:23:32.574, 6, 8813, 98
2026/09/29 15:23:32.574, 7, 8887, 98
2026/09/29 15:23:33.574, 0, 8771, 100
2026/09/29 15:23:33.574, 1, 8751, 100
2026/09/29 15:23:33.575, 2, 8773, 100
2026/09/29 15:23:33.575, 3, 8853, 100
2026/09/29 15:23:33.575, 4, 8771, 100
2026/09/29 15:23:33.575, 5, 8811, 100
2026/09/29 15:23:33.575, 6, 8813, 100
2026/09/29 15:23:33.575, 7, 8887, 100
2026/09/29 15:23:34.575, 0, 8771, 100
2026/09/29 15:23:34.575, 1, 8751, 100
2026/09/29 15:23:34.575, 2, 8773, 100
2026/09/29 15:23:34.575, 3, 8853, 100
2026/09/29 15:23:34.575, 4, 8771, 100
2026/09/29 15:23:34.576, 5, 8811, 100
2026/09/29 15:23:34.576, 6, 8813, 100
2026/09/29 15:23:34.576, 7, 8887, 100
2026/09/29 15:23:35.576, 0, 8771, 100
2026/09/29 15:23:35.576, 1, 8751, 100
2026/09/29 15:23:35.576, 2, 8773, 100
2026/09/29 15:23:35.576, 3, 8853, 100
2026/09/29 15:23:35.576, 4, 8771, 100
2026/09/29 15:23:35.576, 5, 8811, 100
2026/09/29 15:23:35.576, 6, 8813, 100
2026/09/29 15:23:35.576, 7, 8887, 100
2026/09/29 15:23:36.576, 0, 8771, 100
2026/09/29 15:23:36.577, 1, 8751, 100
2026/09/29 15:23:36.577, 2, 8773, 100
2026/09/29 15:23:36.577, 3, 8853, 100
2026/09/29 15:23:36.577, 4, 8771, 100
2026/09/29 15:23:36.577, 5, 8811, 100
2026/09/29 15:23:36.577, 6, 8813, 100
2026/09/29 15:23:36.577, 7, 8887, 100
2026/09/29 15:23:37.577, 0, 8771, 100
2026/09/29 15:23:37.577, 1, 8751, 100
2026/09/29 15:23:37.577, 2, 8773, 100
2026/09/29 15:23:37.577, 3, 8853, 100
2026/09/29 15:23:37.577, 4, 8771, 100
2026/09/29 15:23:37.577, 5, 8811, 100
2026/09/29 15:23:37.578, 6, 8813, 100
2026/09/29 15:23:37.578, 7, 8887, 100
2026/09/29 15:23:38.578, 0, 8771, 100
2026/09/29 15:23:38.578, 1, 8751, 100
2026/09/29 15:23:38.578, 2, 8773, 100
2026/09/29 15:23:38.578, 3, 8853, 100
2026/09/29 15:23:38.578, 4, 8771, 100
2026/09/29 15:23:38.578, 5, 8811, 100
2026/09/29 15:23:38.578, 6, 8813, 100
2026/09/29 15:23:38.578, 7, 8887, 100
2026/09/29 15:23:39.578, 0, 8771, 100
2026/09/29 15:23:39.578, 1, 8751, 100
2026/09/29 15:23:39.579, 2, 8773, 100
2026/09/29 15:23:39.579, 3, 8853, 100
2026/09/29 15:23:39.579, 4, 8771, 100
2026/09/29 15:23:39.579, 5, 8811, 100
2026/09/29 15:23:39.579, 6, 8813, 100
2026/09/29 15:23:39.579, 7, 8887, 100
2026/09/29 15:23:40.579, 0, 8771, 100
2026/09/29 15:23:40.579, 1, 8751, 100
2026/09/29 15:23:40.579, 2, 8773, 100
2026/09/29 15:23:40.579, 3, 8853, 100
2026/09/29 15:23:40.579, 4, 8771, 100
2026/09/29 15:23:40.579, 5, 8811, 100
2026/09/29 15:23:40.579, 6, 8813, 100
2026/09/29 15:23:40.579, 7, 8887, 100
2026/09/29 15:23:41.579, 0, 8771, 100
2026/09/29 15:23:41.580, 1, 8751, 100
2026/09/29 15:23:41.580, 2, 8773, 100
2026/09/29 15:23:41.580, 3, 8853, 100
2026/09/29 15:23:41.580, 4, 8771, 100
2026/09/29 15:23:41.580, 5, 8811, 100
2026/09/29 15:23:41.580, 6, 8813, 100
2026/09/29 15:23:41.580, 7, 8887, 100
2026/09/29 15:23:42.580, 0, 8771, 100
2026/09/29 15:23:42.580, 1, 8751, 100
2026/09/29 15:23:42.580, 2, 8773, 100
2026/09/29 15:23:42.580, 3, 8853, 100
2026/09/29 15:23:42.580, 4, 8771, 100
2026/09/29 15:23:42.580, 5, 8811, 100
2026/09/29 15:23:42.580, 6, 8813, 100
2026/09/29 15:23:42.580, 7, 8887, 100
2026/09/29 15:23:43.580, 0, 8771, 100
2026/09/29 15:23:43.580, 1, 8751, 100
2026/09/29 15:23:43.581, 2, 8773, 100
2026/09/29 15:23:43.581, 3, 8853, 100
2026/09/29 15:23:43.581, 4, 8771, 100
2026/09/29 15:23:43.581, 5, 8811, 100
2026/09/29 15:23:43.581, 6, 8813, 100
2026/09/29 15:23:43.581, 7, 8887, 100
2026/09/29 15:23:44.581, 0, 8771, 100
2026/09/29 15:23:44.581, 1, 8751, 100
2026/09/29 15:23:44.581, 2, 8773, 100
2026/09/29 15:23:44.582, 3, 8853, 100
2026/09/29 15:23:44.582, 4, 8771, 100
2026/09/29 15:23:44.582, 5, 8811, 100
2026/09/29 15:23:44.582, 6, 8813, 100
2026/09/29 15:23:44.582, 7, 8887, 100
2026/09/29 15:23:45.582, 0, 8771, 100
2026/09/29 15:23:45.582, 1, 8751, 100
2026/09/29 15:23:45.582, 2, 8773, 100
2026/09/29 15:23:45.582, 3, 8853, 100
2026/09/29 15:23:45.582, 4, 8771, 100
2026/09/29 15:23:45.582, 5, 8811, 100
2026/09/29 15:23:45.582, 6, 8813, 100
2026/09/29 15:23:45.582, 7, 8887, 100
2026/09/29 15:23:46.582, 0, 8771, 100
2026/09/29 15:23:46.583, 1, 8751, 100
2026/09/29 15:23:46.583, 2, 8773, 100
2026/09/29 15:23:46.583, 3, 8853, 100
2026/09/29 15:23:46.583, 4, 8771, 100
2026/09/29 15:23:46.583, 5, 8811, 100
2026/09/29 15:23:46.583, 6, 8813, 100
2026/09/29 15:23:46.583, 7, 8887, 100
2026/09/29 15:23:47.583, 0, 4139, 100
2026/09/29 15:23:47.583, 1, 4077, 97
2026/09/29 15:23:47.583, 2, 4139, 97
2026/09/29 15:23:47.583, 3, 4139, 100
2026/09/29 15:23:47.583, 4, 4179, 68
2026/09/29 15:23:47.583, 5, 4077, 83
2026/09/29 15:23:47.583, 6, 4139, 100
2026/09/29 15:23:47.583, 7, 4257, 28
2026/09/29 15:23:48.584, 0, 4899, 97
2026/09/29 15:23:48.584, 1, 5377, 49
2026/09/29 15:23:48.584, 2, 5319, 99
2026/09/29 15:23:48.585, 3, 4899, 42
2026/09/29 15:23:48.585, 4, 4879, 98
2026/09/29 15:23:48.585, 5, 4977, 98
2026/09/29 15:23:48.585, 6, 4899, 98
2026/09/29 15:23:48.585, 7, 5457, 97
2026/09/29 15:23:49.585, 0, 5487, 22
2026/09/29 15:23:49.585, 1, 5523, 100
2026/09/29 15:23:49.585, 2, 5469, 100
2026/09/29 15:23:49.585, 3, 5589, 100
2026/09/29 15:23:49.585, 4, 5507, 0
2026/09/29 15:23:49.585, 5, 5579, 100
2026/09/29 15:23:49.585, 6, 5519, 60
2026/09/29 15:23:49.586, 7, 5523, 0
2026/09/29 15:23:50.586, 0, 7273, 100
2026/09/29 15:23:50.586, 1, 7191, 91
2026/09/29 15:23:50.587, 2, 7191, 100
2026/09/29 15:23:50.587, 3, 7133, 97
2026/09/29 15:23:50.588, 4, 7293, 100
2026/09/29 15:23:50.589, 5, 7315, 100
2026/09/29 15:23:50.589, 6, 7229, 100
2026/09/29 15:23:50.590, 7, 7187, 100
2026/09/29 15:23:51.591, 0, 7953, 76
2026/09/29 15:23:51.591, 1, 7891, 98
2026/09/29 15:23:51.591, 2, 8031, 98
2026/09/29 15:23:51.591, 3, 8093, 98
2026/09/29 15:23:51.591, 4, 7933, 98
2026/09/29 15:23:51.591, 5, 8155, 98
2026/09/29 15:23:51.591, 6, 8009, 77
2026/09/29 15:23:51.591, 7, 8047, 98
2026/09/29 15:23:52.591, 0, 8733, 98
2026/09/29 15:23:52.591, 1, 8811, 51
2026/09/29 15:23:52.591, 2, 8811, 97
2026/09/29 15:23:52.592, 3, 8873, 64
2026/09/29 15:23:52.592, 4, 8793, 98
2026/09/29 15:23:52.592, 5, 8935, 98
2026/09/29 15:23:52.592, 6, 8829, 98
2026/09/29 15:23:52.592, 7, 8827, 97
2026/09/29 15:23:53.592, 0, 8733, 100
2026/09/29 15:23:53.592, 1, 8811, 100
2026/09/29 15:23:53.592, 2, 8811, 100
2026/09/29 15:23:53.592, 3, 8873, 100
2026/09/29 15:23:53.592, 4, 8793, 100
2026/09/29 15:23:53.592, 5, 8935, 100
2026/09/29 15:23:53.592, 6, 8829, 100
2026/09/29 15:23:53.592, 7, 8827, 100
2026/09/29 15:23:54.592, 0, 8733, 100
2026/09/29 15:23:54.593, 1, 8811, 100
2026/09/29 15:23:54.593, 2, 8811, 100
2026/09/29 15:23:54.593, 3, 8873, 100
2026/09/29 15:23:54.593, 4, 8793, 100
2026/09/29 15:23:54.593, 5, 8935, 100
2026/09/29 15:23:54.593, 6, 8829, 100
2026/09/29 15:23:54.593, 7, 8827, 100
2026/09/29 15:23:55.593, 0, 8733, 100
2026/09/29 15:23:55.593, 1, 8811, 100
2026/09/29 15:23:55.593, 2, 8811, 100
2026/09/29 15:23:55.593, 3, 8873, 100
2026/09/29 15:23:55.593, 4, 8793, 100
2026/09/29 15:23:55.593, 5, 8935, 100
2026/09/29 15:23:55.593, 6, 8829, 100
2026/09/29 15:23:55.593, 7, 8827, 100
2026/09/29 15:23:56.594, 0, 8733, 100
2026/09/29 15:23:56.594, 1, 8811, 100
2026/09/29 15:23:56.594, 2, 8811, 100
2026/09/29 15:23:56.594, 3, 8873, 100
2026/09/29 15:23:56.594, 4, 8793, 100
2026/09/29 15:23:56.594, 5, 8935, 100
2026/09/29 15:23:56.594, 6, 8829, 100
2026/09/29 15:23:56.594, 7, 8827, 100
2026/09/29 15:23:57.594, 0, 8733, 100
2026/09/29 15:23:57.594, 1, 8811, 100
2026/09/29 15:23:57.594, 2, 8811, 100
2026/09/29 15:23:57.594, 3, 8873, 100
2026/09/29 15:23:57.594, 4, 8793, 100
2026/09/29 15:23:57.595, 5, 8935, 100
2026/09/29 15:23:57.595, 6, 8829, 100
2026/09/29 15:23:57.595, 7, 8827, 100
2026/09/29 15:23:58.595, 0, 8733, 100
2026/09/29 15:23:58.595, 1, 8811, 100
2026/09/29 15:23:58.595, 2, 8811, 100
2026/09/29 15:23:58.595, 3, 8873, 100
2026/09/29 15:23:58.595, 4, 8793, 100
2026/09/29 15:23:58.595, 5, 8935, 100
2026/09/29 15:23:58.595, 6, 8829, 100
2026/09/29 15:23:58.595, 7, 8827, 100
2026/09/29 15:23:59.595, 0, 8733, 100
2026/09/29 15:23:59.595, 1, 8811, 100
2026/09/29 15:23:59.595, 2, 8811, 100
2026/09/29 15:23:59.596, 3, 8873, 100
2026/09/29 15:23:59.596, 4, 8793, 100
2026/09/29 15:23:59.596, 5, 8935, 100
2026/09/29 15:23:59.596, 6, 8829, 100
2026/09/29 15:23:59.596, 7, 8827, 100
2026/09/29 15:24:00.596, 0, 8733, 100
2026/09/29 15:24:00.596, 1, 8811, 100
2026/09/29 15:24:00.596, 2, 8811, 100
2026/09/29 15:24:00.596, 3, 8873, 100
2026/09/29 15:24:00.596, 4, 8793, 100
2026/09/29 15:24:00.596, 5, 8935, 100
2026/09/29 15:24:00.596, 6, 8829, 100
2026/09/29 15:24:00.596, 7, 8827, 100
2026/09/29 15:24:01.596, 0, 8733, 100
2026/09/29 15:24:01.597, 1, 8811, 100
2026/09/29 15:24:01.597, 2, 8811, 100
2026/09/29 15:24:01.597, 3, 8873, 100
2026/09/29 15:24:01.597, 4, 8793, 100
2026/09/29 15:24:01.597, 5, 8935, 100
2026/09/29 15:24:01.597, 6, 8829, 100
2026/09/29 15:24:01.597, 7, 8827, 100
2026/09/29 15:24:02.597, 0, 8733, 100
2026/09/29 15:24:02.597, 1, 8811, 100
2026/09/29 15:24:02.597, 2, 8811, 100
2026/09/29 15:24:02.597, 3, 8873, 100
2026/09/29 15:24:02.597, 4, 8793, 100
2026/09/29 15:24:02.597, 5, 8935, 100
2026/09/29 15:24:02.597, 6, 8829, 100
2026/09/29 15:24:02.597, 7, 8827, 100
2026/09/29 15:24:03.598, 0, 8733, 100
2026/09/29 15:24:03.598, 1, 8811, 100
2026/09/29 15:24:03.598, 2, 8811, 100
2026/09/29 15:24:03.598, 3, 8873, 100
2026/09/29 15:24:03.598, 4, 8793, 100
2026/09/29 15:24:03.598, 5, 8935, 100
2026/09/29 15:24:03.599, 6, 8829, 100
2026/09/29 15:24:03.599, 7, 8827, 100
2026/09/29 15:24:04.599, 0, 8733, 100
2026/09/29 15:24:04.599, 1, 8811, 100
2026/09/29 15:24:04.599, 2, 8811, 100
2026/09/29 15:24:04.599, 3, 8873, 100
2026/09/29 15:24:04.599, 4, 8793, 100
2026/09/29 15:24:04.599, 5, 8935, 100
2026/09/29 15:24:04.599, 6, 8829, 100
2026/09/29 15:24:04.599, 7, 8827, 100
2026/09/29 15:24:05.599, 0, 8733, 100
2026/09/29 15:24:05.599, 1, 8811, 100
2026/09/29 15:24:05.599, 2, 8811, 100
2026/09/29 15:24:05.599, 3, 8873, 100
2026/09/29 15:24:05.599, 4, 8793, 100
2026/09/29 15:24:05.599, 5, 8935, 100
2026/09/29 15:24:05.599, 6, 8829, 100
2026/09/29 15:24:05.599, 7, 8827, 100
2026/09/29 15:24:06.600, 0, 8733, 100
2026/09/29 15:24:06.600, 1, 8811, 100
2026/09/29 15:24:06.600, 2, 8811, 100
2026/09/29 15:24:06.600, 3, 8873, 100
2026/09/29 15:24:06.600, 4, 8793, 100
2026/09/29 15:24:06.600, 5, 8935, 100
2026/09/29 15:24:06.600, 6, 8829, 100
2026/09/29 15:24:06.600, 7, 8827, 100
2026/09/29 15:24:07.600, 0, 4061, 100
2026/09/29 15:24:07.600, 1, 4139, 71
2026/09/29 15:24:07.600, 2, 4081, 54
2026/09/29 15:24:07.600, 3, 4121, 88
2026/09/29 15:24:07.600, 4, 4057, 100
2026/09/29 15:24:07.600, 5, 4019, 27
2026/09/29 15:24:07.600, 6, 4137, 100
2026/09/29 15:24:07.600, 7, 4157, 88
2026/09/29 15:24:08.601, 0, 4261, 98
2026/09/29 15:24:08.601, 1, 4219, 96
2026/09/29 15:24:08.601, 2, 4221, 96
2026/09/29 15:24:08.601, 3, 4241, 99
2026/09/29 15:24:08.601, 4, 4237, 97
2026/09/29 15:24:08.601, 5, 4239, 97
2026/09/29 15:24:08.601, 6, 4277, 96
2026/09/29 15:24:08.601, 7, 4337, 95
2026/09/29 15:24:09.601, 0, 5593, 98
2026/09/29 15:24:09.601, 1, 5603, 100
2026/09/29 15:24:09.601, 2, 5607, 56
2026/09/29 15:24:09.601, 3, 5531, 94
2026/09/29 15:24:09.601, 4, 5587, 5
2026/09/29 15:24:09.601, 5, 5581, 47
2026/09/29 15:24:09.601, 6, 5565, 97
2026/09/29 15:24:09.601, 7, 5657, 0
2026/09/29 15:24:10.601, 0, 5753, 100
2026/09/29 15:24:10.602, 1, 5763, 100
2026/09/29 15:24:10.602, 2, 5687, 100
2026/09/29 15:24:10.602, 3, 6731, 93
2026/09/29 15:24:10.602, 4, 6747, 100
2026/09/29 15:24:10.602, 5, 5741, 100
2026/09/29 15:24:10.602, 6, 5725, 100
2026/09/29 15:24:10.602, 7, 5817, 100
2026/09/29 15:24:11.602, 0, 7957, 100
2026/09/29 15:24:11.602, 1, 7969, 98
2026/09/29 15:24:11.602, 2, 8051, 97
2026/09/29 15:24:11.602, 3, 8011, 98
2026/09/29 15:24:11.602, 4, 8029, 79
2026/09/29 15:24:11.602, 5, 7973, 98
2026/09/29 15:24:11.602, 6, 7971, 93
2026/09/29 15:24:11.603, 7, 7927, 98
2026/09/29 15:24:12.603, 0, 8037, 97
2026/09/29 15:24:12.603, 1, 8049, 98
2026/09/29 15:24:12.603, 2, 8051, 98
2026/09/29 15:24:12.603, 3, 8011, 98
2026/09/29 15:24:12.603, 4, 8029, 98
2026/09/29 15:24:12.603, 5, 8093, 98
2026/09/29 15:24:12.603, 6, 8051, 98
2026/09/29 15:24:12.603, 7, 7967, 98
2026/09/29 15:24:13.603, 0, 8817, 98
2026/09/29 15:24:13.604, 1, 8829, 100
2026/09/29 15:24:13.604, 2, 8891, 100
2026/09/29 15:24:13.604, 3, 8791, 100
2026/09/29 15:24:13.604, 4, 8809, 100
2026/09/29 15:24:13.604, 5, 8873, 100
2026/09/29 15:24:13.604, 6, 8831, 98
2026/09/29 15:24:13.604, 7, 8787, 100
2026/09/29 15:24:14.605, 0, 8817, 100
2026/09/29 15:24:14.605, 1, 8829, 100
2026/09/29 15:24:14.605, 2, 8891, 100
2026/09/29 15:24:14.605, 3, 8791, 100
2026/09/29 15:24:14.605, 4, 8809, 100
2026/09/29 15:24:14.605, 5, 8873, 100
2026/09/29 15:24:14.605, 6, 8831, 100
2026/09/29 15:24:14.605, 7, 8787, 100
2026/09/29 15:24:15.605, 0, 8817, 100
2026/09/29 15:24:15.605, 1, 8829, 100
2026/09/29 15:24:15.605, 2, 8891, 100
2026/09/29 15:24:15.605, 3, 8791, 100
2026/09/29 15:24:15.605, 4, 8809, 100
2026/09/29 15:24:15.605, 5, 8873, 100
2026/09/29 15:24:15.606, 6, 8831, 100
2026/09/29 15:24:15.606, 7, 8787, 100
2026/09/29 15:24:16.606, 0, 8817, 100
2026/09/29 15:24:16.606, 1, 8829, 100
2026/09/29 15:24:16.606, 2, 8891, 100
2026/09/29 15:24:16.606, 3, 8791, 100
2026/09/29 15:24:16.606, 4, 8809, 100
2026/09/29 15:24:16.606, 5, 8873, 100
2026/09/29 15:24:16.606, 6, 8831, 100
2026/09/29 15:24:16.606, 7, 8787, 100
2026/09/29 15:24:17.606, 0, 8817, 100
2026/09/29 15:24:17.606, 1, 8829, 100
2026/09/29 15:24:17.606, 2, 8891, 100
2026/09/29 15:24:17.607, 3, 8791, 100
2026/09/29 15:24:17.607, 4, 8809, 100
2026/09/29 15:24:17.607, 5, 8873, 100
2026/09/29 15:24:17.607, 6, 8831, 100
2026/09/29 15:24:17.607, 7, 8787, 100
2026/09/29 15:24:18.607, 0, 8817, 100
2026/09/29 15:24:18.607, 1, 8829, 100
2026/09/29 15:24:18.608, 2, 8891, 100
2026/09/29 15:24:18.608, 3, 8791, 100
2026/09/29 15:24:18.608, 4, 8809, 100
2026/09/29 15:24:18.608, 5, 8873, 100
2026/09/29 15:24:18.608, 6, 8831, 100
2026/09/29 15:24:18.608, 7, 8787, 100
2026/09/29 15:24:19.608, 0, 8817, 100
2026/09/29 15:24:19.609, 1, 8829, 100
2026/09/29 15:24:19.609, 2, 8891, 100
2026/09/29 15:24:19.609, 3, 8791, 100
2026/09/29 15:24:19.609, 4, 8809, 100
2026/09/29 15:24:19.609, 5, 8873, 100
2026/09/29 15:24:19.609, 6, 8831, 100
2026/09/29 15:24:19.609, 7, 8787, 100
2026/09/29 15:24:20.609, 0, 8817, 100
2026/09/29 15:24:20.609, 1, 8829, 100
2026/09/29 15:24:20.609, 2, 8891, 100
2026/09/29 15:24:20.609, 3, 8791, 100
2026/09/29 15:24:20.609, 4, 8809, 100
2026/09/29 15:24:20.609, 5, 8873, 100
2026/09/29 15:24:20.609, 6, 8831, 100
2026/09/29 15:24:20.609, 7, 8787, 100
2026/09/29 15:24:21.610, 0, 8817, 100
2026/09/29 15:24:21.610, 1, 8829, 100
2026/09/29 15:24:21.610, 2, 8891, 100
2026/09/29 15:24:21.610, 3, 8791, 100
2026/09/29 15:24:21.610, 4, 8809, 100
2026/09/29 15:24:21.610, 5, 8873, 100
2026/09/29 15:24:21.610, 6, 8831, 100
2026/09/29 15:24:21.610, 7, 8787, 100
2026/09/29 15:24:22.610, 0, 8817, 100
2026/09/29 15:24:22.610, 1, 8829, 100
2026/09/29 15:24:22.611, 2, 8891, 100
2026/09/29 15:24:22.611, 3, 8791, 100
2026/09/29 15:24:22.611, 4, 8809, 100
2026/09/29 15:24:22.611, 5, 8873, 100
2026/09/29 15:24:22.611, 6, 8831, 100
2026/09/29 15:24:22.611, 7, 8787, 100
2026/09/29 15:24:23.611, 0, 8817, 100
2026/09/29 15:24:23.611, 1, 8829, 100
2026/09/29 15:24:23.611, 2, 8891, 100
2026/09/29 15:24:23.611, 3, 8791, 100
2026/09/29 15:24:23.611, 4, 8809, 100
2026/09/29 15:24:23.611, 5, 8873, 100
2026/09/29 15:24:23.611, 6, 8831, 100
2026/09/29 15:24:23.611, 7, 8787, 100
2026/09/29 15:24:24.612, 0, 8817, 100
2026/09/29 15:24:24.612, 1, 8829, 100
2026/09/29 15:24:24.612, 2, 8891, 100
2026/09/29 15:24:24.612, 3, 8791, 100
2026/09/29 15:24:24.612, 4, 8809, 100
2026/09/29 15:24:24.612, 5, 8873, 100
2026/09/29 15:24:24.612, 6, 8831, 100
2026/09/29 15:24:24.612, 7, 8787, 100
2026/09/29 15:24:25.612, 0, 8817, 100
2026/09/29 15:24:25.612, 1, 8829, 100
2026/09/29 15:24:25.612, 2, 8891, 100
2026/09/29 15:24:25.612, 3, 8791, 100
2026/09/29 15:24:25.612, 4, 8809, 100
2026/09/29 15:24:25.613, 5, 8873, 100
2026/09/29 15:24:25.613, 6, 8831, 100
2026/09/29 15:24:25.613, 7, 8787, 100
2026/09/29 15:24:26.613, 0, 8817, 100
2026/09/29 15:24:26.613, 1, 8829, 100
2026/09/29 15:24:26.613, 2, 8891, 100
2026/09/29 15:24:26.613, 3, 8791, 100
2026/09/29 15:24:26.613, 4, 8809, 100
2026/09/29 15:24:26.613, 5, 8873, 100
2026/09/29 15:24:26.613, 6, 8831, 100
2026/09/29 15:24:26.613, 7, 8787, 100
2026/09/29 15:24:27.613, 0, 8817, 100
2026/09/29 15:24:27.614, 1, 8829, 100
2026/09/29 15:24:27.614, 2, 8891, 100
2026/09/29 15:24:27.614, 3, 8791, 100
2026/09/29 15:24:27.614, 4, 8809, 100
2026/09/29 15:24:27.614, 5, 8873, 100
2026/09/29 15:24:27.614, 6, 8831, 100
2026/09/29 15:24:27.614, 7, 8787, 100
2026/09/29 15:24:28.614, 0, 8817, 100
2026/09/29 15:24:28.614, 1, 8829, 100
2026/09/29 15:24:28.615, 2, 8891, 100
2026/09/29 15:24:28.615, 3, 8791, 100
2026/09/29 15:24:28.615, 4, 8809, 100
2026/09/29 15:24:28.615, 5, 8873, 100
2026/09/29 15:24:28.615, 6, 8831, 100
2026/09/29 15:24:28.615, 7, 8787, 100
2026/09/29 15:24:29.615, 0, 8817, 100
2026/09/29 15:24:29.615, 1, 8829, 100
2026/09/29 15:24:29.615, 2, 8891, 100
2026/09/29 15:24:29.615, 3, 8791, 100
2026/09/29 15:24:29.615, 4, 8809, 100
2026/09/29 15:24:29.615, 5, 8873, 100
2026/09/29 15:24:29.615, 6, 8831, 100
2026/09/29 15:24:29.615, 7, 8787, 100
2026/09/29 15:24:30.615, 0, 8817, 100
2026/09/29 15:24:30.616, 1, 8829, 100
2026/09/29 15:24:30.616, 2, 8891, 100
2026/09/29 15:24:30.616, 3, 8791, 100
2026/09/29 15:24:30.616, 4, 8809, 100
2026/09/29 15:24:30.616, 5, 8873, 100
2026/09/29 15:24:30.616, 6, 8831, 100
2026/09/29 15:24:30.616, 7, 8787, 100
2026/09/29 15:24:31.616, 0, 8817, 100
2026/09/29 15:24:31.616, 1, 8829, 100
2026/09/29 15:24:31.616, 2, 8891, 100
2026/09/29 15:24:31.616, 3, 8791, 100
2026/09/29 15:24:31.616, 4, 8809, 100
2026/09/29 15:24:31.616, 5, 8873, 100
2026/09/29 15:24:31.616, 6, 8831, 100
2026/09/29 15:24:31.617, 7, 8787, 100
2026/09/29 15:24:32.617, 0, 8817, 100
2026/09/29 15:24:32.617, 1, 8829, 100
2026/09/29 15:24:32.617, 2, 8891, 100
2026/09/29 15:24:32.617, 3, 8791, 100
2026/09/29 15:24:32.617, 4, 8809, 100
2026/09/29 15:24:32.617, 5, 8873, 100
2026/09/29 15:24:32.617, 6, 8831, 100
2026/09/29 15:24:32.617, 7, 8787, 100
2026/09/29 15:24:33.617, 0, 8817, 100
2026/09/29 15:24:33.617, 1, 8829, 100
2026/09/29 15:24:33.617, 2, 8891, 100
2026/09/29 15:24:33.617, 3, 8791, 100
2026/09/29 15:24:33.617, 4, 8809, 100
2026/09/29 15:24:33.618, 5, 8873, 100
2026/09/29 15:24:33.618, 6, 8831, 100
2026/09/29 15:24:33.618, 7, 8787, 100
2026/09/29 15:24:34.618, 0, 8817, 100
2026/09/29 15:24:34.618, 1, 8829, 100
2026/09/29 15:24:34.618, 2, 8891, 100
2026/09/29 15:24:34.618, 3, 8791, 100
2026/09/29 15:24:34.618, 4, 8809, 100
2026/09/29 15:24:34.618, 5, 8873, 100
2026/09/29 15:24:34.618, 6, 8831, 100
2026/09/29 15:24:34.618, 7, 8787, 100
2026/09/29 15:24:35.618, 0, 8817, 100
2026/09/29 15:24:35.618, 1, 8829, 100
2026/09/29 15:24:35.618, 2, 8891, 100
2026/09/29 15:24:35.619, 3, 8791, 100
2026/09/29 15:24:35.619, 4, 8809, 100
2026/09/29 15:24:35.619, 5, 8873, 100
2026/09/29 15:24:35.619, 6, 8831, 100
2026/09/29 15:24:35.619, 7, 8787, 100
2026/09/29 15:24:36.619, 0, 8817, 100
2026/09/29 15:24:36.619, 1, 8829, 100
2026/09/29 15:24:36.619, 2, 8891, 100
2026/09/29 15:24:36.619, 3, 8791, 100
2026/09/29 15:24:36.619, 4, 8809, 100
2026/09/29 15:24:36.619, 5, 8873, 100
2026/09/29 15:24:36.619, 6, 8831, 100
2026/09/29 15:24:36.619, 7, 8787, 100
2026/09/29 15:24:37.619, 0, 8817, 100
2026/09/29 15:24:37.620, 1, 8829, 100
2026/09/29 15:24:37.620, 2, 8891, 100
2026/09/29 15:24:37.620, 3, 8791, 100
2026/09/29 15:24:37.620, 4, 8809, 100
2026/09/29 15:24:37.620, 5, 8873, 100
2026/09/29 15:24:37.620, 6, 8831, 100
2026/09/29 15:24:37.620, 7, 8787, 100
2026/09/29 15:24:38.620, 0, 8817, 100
2026/09/29 15:24:38.620, 1, 8829, 100
2026/09/29 15:24:38.620, 2, 8891, 100
2026/09/29 15:24:38.620, 3, 8791, 100
2026/09/29 15:24:38.620, 4, 8809, 100
2026/09/29 15:24:38.620, 5, 8873, 100
2026/09/29 15:24:38.620, 6, 8831, 100
2026/09/29 15:24:38.620, 7, 8787, 100
2026/09/29 15:24:39.621, 0, 8817, 100
2026/09/29 15:24:39.621, 1, 8829, 100
2026/09/29 15:24:39.621, 2, 8891, 100
2026/09/29 15:24:39.621, 3, 8791, 100
2026/09/29 15:24:39.621, 4, 8809, 100
2026/09/29 15:24:39.621, 5, 8873, 100
2026/09/29 15:24:39.621, 6, 8831, 100
2026/09/29 15:24:39.621, 7, 8787, 100
2026/09/29 15:24:40.621, 0, 8817, 100
2026/09/29 15:24:40.621, 1, 8829, 100
2026/09/29 15:24:40.621, 2, 8891, 100
2026/09/29 15:24:40.621, 3, 8791, 100
2026/09/29 15:24:40.621, 4, 8809, 100
2026/09/29 15:24:40.621, 5, 8873, 100
2026/09/29 15:24:40.622, 6, 8831, 100
2026/09/29 15:24:40.622, 7, 8787, 100
2026/09/29 15:24:41.622, 0, 8817, 100
2026/09/29 15:24:41.622, 1, 8829, 100
2026/09/29 15:24:41.622, 2, 8891, 100
2026/09/29 15:24:41.622, 3, 8791, 100
2026/09/29 15:24:41.622, 4, 8809, 100
2026/09/29 15:24:41.622, 5, 8873, 100
2026/09/29 15:24:41.622, 6, 8831, 100
2026/09/29 15:24:41.622, 7, 8787, 100
2026/09/29 15:24:42.622, 0, 8817, 100
2026/09/29 15:24:42.622, 1, 8829, 100
2026/09/29 15:24:42.622, 2, 8891, 100
2026/09/29 15:24:42.623, 3, 8791, 100
2026/09/29 15:24:42.623, 4, 8809, 100
2026/09/29 15:24:42.623, 5, 8873, 100
2026/09/29 15:24:42.623, 6, 8831, 100
2026/09/29 15:24:42.623, 7, 8787, 100
2026/09/29 15:24:43.623, 0, 8817, 100
2026/09/29 15:24:43.623, 1, 8829, 100
2026/09/29 15:24:43.623, 2, 8891, 100
2026/09/29 15:24:43.623, 3, 8791, 100
2026/09/29 15:24:43.623, 4, 8809, 100
2026/09/29 15:24:43.623, 5, 8873, 100
2026/09/29 15:24:43.623, 6, 8831, 100
2026/09/29 15:24:43.623, 7, 8787, 100
2026/09/29 15:24:44.623, 0, 8817, 100
2026/09/29 15:24:44.624, 1, 8829, 100
2026/09/29 15:24:44.624, 2, 8891, 100
2026/09/29 15:24:44.624, 3, 8791, 100
2026/09/29 15:24:44.624, 4, 8809, 100
2026/09/29 15:24:44.624, 5, 8873, 100
2026/09/29 15:24:44.624, 6, 8831, 100
2026/09/29 15:24:44.624, 7, 8787, 100
2026/09/29 15:24:45.624, 0, 8817, 100
2026/09/29 15:24:45.624, 1, 8829, 100
2026/09/29 15:24:45.624, 2, 8891, 100
2026/09/29 15:24:45.624, 3, 8791, 100
2026/09/29 15:24:45.624, 4, 8809, 100
2026/09/29 15:24:45.624, 5, 8873, 100
2026/09/29 15:24:45.624, 6, 8831, 100
2026/09/29 15:24:45.624, 7, 8787, 100
2026/09/29 15:24:46.625, 0, 8817, 100
2026/09/29 15:24:46.625, 1, 8829, 100
2026/09/29 15:24:46.625, 2, 8891, 100
2026/09/29 15:24:46.625, 3, 8791, 100
2026/09/29 15:24:46.625, 4, 8809, 100
2026/09/29 15:24:46.625, 5, 8873, 100
2026/09/29 15:24:46.625, 6, 8831, 100
2026/09/29 15:24:46.625, 7, 8787, 100
2026/09/29 15:24:47.625, 0, 8817, 100
2026/09/29 15:24:47.625, 1, 8829, 100
2026/09/29 15:24:47.625, 2, 8891, 100
2026/09/29 15:24:47.625, 3, 8791, 100
2026/09/29 15:24:47.625, 4, 8809, 100
2026/09/29 15:24:47.626, 5, 8873, 100
2026/09/29 15:24:47.626, 6, 8831, 100
2026/09/29 15:24:47.626, 7, 8787, 100
2026/09/29 15:24:48.626, 0, 8817, 100
2026/09/29 15:24:48.626, 1, 8829, 100
2026/09/29 15:24:48.626, 2, 8891, 100
2026/09/29 15:24:48.626, 3, 8791, 100
2026/09/29 15:24:48.626, 4, 8809, 100
2026/09/29 15:24:48.626, 5, 8873, 100
2026/09/29 15:24:48.626, 6, 8831, 100
2026/09/29 15:24:48.626, 7, 8787, 100
2026/09/29 15:24:49.626, 0, 8817, 100
2026/09/29 15:24:49.626, 1, 8829, 100
2026/09/29 15:24:49.626, 2, 8891, 100
2026/09/29 15:24:49.627, 3, 8791, 100
2026/09/29 15:24:49.627, 4, 8809, 100
2026/09/29 15:24:49.627, 5, 8873, 100
2026/09/29 15:24:49.627, 6, 8831, 100
2026/09/29 15:24:49.627, 7, 8787, 100
2026/09/29 15:24:50.627, 0, 8817, 100
2026/09/29 15:24:50.627, 1, 8829, 100
2026/09/29 15:24:50.627, 2, 8891, 100
2026/09/29 15:24:50.627, 3, 8791, 100
2026/09/29 15:24:50.627, 4, 8809, 100
2026/09/29 15:24:50.627, 5, 8873, 100
2026/09/29 15:24:50.627, 6, 8831, 100
2026/09/29 15:24:50.627, 7, 8787, 100
2026/09/29 15:24:51.627, 0, 8817, 100
2026/09/29 15:24:51.628, 1, 8829, 100
2026/09/29 15:24:51.628, 2, 8891, 100
2026/09/29 15:24:51.628, 3, 8791, 100
2026/09/29 15:24:51.628, 4, 8809, 100
2026/09/29 15:24:51.628, 5, 8873, 100
2026/09/29 15:24:51.628, 6, 8831, 100
2026/09/29 15:24:51.628, 7, 8787, 100
2026/09/29 15:24:52.628, 0, 8817, 100
2026/09/29 15:24:52.628, 1, 8829, 100
2026/09/29 15:24:52.628, 2, 8891, 100
2026/09/29 15:24:52.628, 3, 8791, 100
2026/09/29 15:24:52.628, 4, 8809, 100
2026/09/29 15:24:52.629, 5, 8873, 100
2026/09/29 15:24:52.629, 6, 8831, 100
2026/09/29 15:24:52.629, 7, 8787, 100
2026/09/29 15:24:53.629, 0, 8817, 100
2026/09/29 15:24:53.629, 1, 8829, 100
2026/09/29 15:24:53.629, 2, 8891, 100
2026/09/29 15:24:53.629, 3, 8791, 100
2026/09/29 15:24:53.629, 4, 8809, 100
2026/09/29 15:24:53.629, 5, 8873, 100
2026/09/29 15:24:53.629, 6, 8831, 100
2026/09/29 15:24:53.629, 7, 8787, 100
2026/09/29 15:24:54.629, 0, 8817, 100
2026/09/29 15:24:54.629, 1, 8829, 100
2026/09/29 15:24:54.629, 2, 8891, 100
2026/09/29 15:24:54.629, 3, 8791, 100
2026/09/29 15:24:54.629, 4, 8809, 100
2026/09/29 15:24:54.629, 5, 8873, 100
2026/09/29 15:24:54.629, 6, 8831, 100
2026/09/29 15:24:54.630, 7, 8787, 100
2026/09/29 15:24:55.630, 0, 8817, 100
2026/09/29 15:24:55.630, 1, 8829, 100
2026/09/29 15:24:55.630, 2, 8891, 100
2026/09/29 15:24:55.630, 3, 8791, 100
2026/09/29 15:24:55.630, 4, 8809, 100
2026/09/29 15:24:55.630, 5, 8873, 100
2026/09/29 15:24:55.630, 6, 8831, 100
2026/09/29 15:24:55.630, 7, 8787, 100
2026/09/29 15:24:56.630, 0, 8817, 100
2026/09/29 15:24:56.630, 1, 8829, 100
2026/09/29 15:24:56.630, 2, 8891, 100
2026/09/29 15:24:56.630, 3, 8791, 100
2026/09/29 15:24:56.631, 4, 8809, 100
2026/09/29 15:24:56.631, 5, 8873, 100
2026/09/29 15:24:56.631, 6, 8831, 100
2026/09/29 15:24:56.631, 7, 8787, 100
2026/09/29 15:24:57.631, 0, 8817, 100
2026/09/29 15:24:57.631, 1, 8829, 100
2026/09/29 15:24:57.631, 2, 8891, 100
2026/09/29 15:24:57.631, 3, 8791, 100
2026/09/29 15:24:57.631, 4, 8809, 100
2026/09/29 15:24:57.631, 5, 8873, 100
2026/09/29 15:24:57.631, 6, 8831, 100
2026/09/29 15:24:57.631, 7, 8787, 100
2026/09/29 15:24:58.631, 0, 8817, 100
2026/09/29 15:24:58.631, 1, 8829, 100
2026/09/29 15:24:58.632, 2, 8891, 100
2026/09/29 15:24:58.632, 3, 8791, 100
2026/09/29 15:24:58.632, 4, 8809, 100
2026/09/29 15:24:58.632, 5, 8873, 100
2026/09/29 15:24:58.632, 6, 8831, 100
2026/09/29 15:24:58.632, 7, 8787, 100
2026/09/29 15:24:59.632, 0, 8817, 100
2026/09/29 15:24:59.632, 1, 8829, 100
2026/09/29 15:24:59.632, 2, 8891, 100
2026/09/29 15:24:59.632, 3, 8791, 100
2026/09/29 15:24:59.632, 4, 8809, 100
2026/09/29 15:24:59.632, 5, 8873, 100
2026/09/29 15:24:59.633, 6, 8831, 100
2026/09/29 15:24:59.633, 7, 8787, 100
2026/09/29 15:25:00.633, 0, 8817, 100
2026/09/29 15:25:00.633, 1, 8829, 100
2026/09/29 15:25:00.633, 2, 8891, 100
2026/09/29 15:25:00.633, 3, 8791, 100
2026/09/29 15:25:00.633, 4, 8809, 100
2026/09/29 15:25:00.633, 5, 8873, 100
2026/09/29 15:25:00.633, 6, 8831, 100
2026/09/29 15:25:00.633, 7, 8787, 100
2026/09/29 15:25:01.633, 0, 8817, 100
2026/09/29 15:25:01.633, 1, 8829, 100
2026/09/29 15:25:01.634, 2, 8891, 100
2026/09/29 15:25:01.634, 3, 8791, 100
2026/09/29 15:25:01.634, 4, 8809, 100
2026/09/29 15:25:01.634, 5, 8873, 100
2026/09/29 15:25:01.634, 6, 8831, 100
2026/09/29 15:25:01.634, 7, 8787, 100
2026/09/29 15:25:02.634, 0, 8817, 100
2026/09/29 15:25:02.634, 1, 8829, 100
2026/09/29 15:25:02.634, 2, 8891, 100
2026/09/29 15:25:02.634, 3, 8791, 100
2026/09/29 15:25:02.634, 4, 8809, 100
2026/09/29 15:25:02.634, 5, 8873, 100
2026/09/29 15:25:02.634, 6, 8831, 100
2026/09/29 15:25:02.634, 7, 8787, 100
2026/09/29 15:25:03.635, 0, 8817, 100
2026/09/29 15:25:03.635, 1, 8829, 100
2026/09/29 15:25:03.635, 2, 8891, 100
2026/09/29 15:25:03.635, 3, 8791, 100
2026/09/29 15:25:03.635, 4, 8809, 100
2026/09/29 15:25:03.635, 5, 8873, 100
2026/09/29 15:25:03.635, 6, 8831, 100
2026/09/29 15:25:03.635, 7, 8787, 100
2026/09/29 15:25:04.635, 0, 8817, 100
2026/09/29 15:25:04.635, 1, 8829, 100
2026/09/29 15:25:04.635, 2, 8891, 100
2026/09/29 15:25:04.635, 3, 8791, 100
2026/09/29 15:25:04.635, 4, 8809, 100
2026/09/29 15:25:04.635, 5, 8873, 100
2026/09/29 15:25:04.635, 6, 8831, 100
2026/09/29 15:25:04.635, 7, 8787, 100
2026/09/29 15:25:05.636, 0, 8817, 100
2026/09/29 15:25:05.636, 1, 8829, 100
2026/09/29 15:25:05.636, 2, 8891, 100
2026/09/29 15:25:05.636, 3, 8791, 100
2026/09/29 15:25:05.636, 4, 8809, 100
2026/09/29 15:25:05.636, 5, 8873, 100
2026/09/29 15:25:05.636, 6, 8831, 100
2026/09/29 15:25:05.636, 7, 8787, 100
2026/09/29 15:25:06.636, 0, 8817, 100
2026/09/29 15:25:06.636, 1, 8829, 100
2026/09/29 15:25:06.636, 2, 8891, 100
2026/09/29 15:25:06.636, 3, 8791, 100
2026/09/29 15:25:06.636, 4, 8809, 100
2026/09/29 15:25:06.637, 5, 8873, 100
2026/09/29 15:25:06.637, 6, 8831, 100
2026/09/29 15:25:06.637, 7, 8787, 100
2026/09/29 15:25:07.637, 0, 8817, 100
2026/09/29 15:25:07.637, 1, 8829, 100
2026/09/29 15:25:07.637, 2, 8891, 100
2026/09/29 15:25:07.637, 3, 8791, 100
2026/09/29 15:25:07.637, 4, 8809, 100
2026/09/29 15:25:07.637, 5, 8873, 100
2026/09/29 15:25:07.637, 6, 8831, 100
2026/09/29 15:25:07.637, 7, 8787, 100
2026/09/29 15:25:08.637, 0, 8817, 100
2026/09/29 15:25:08.638, 1, 8829, 100
2026/09/29 15:25:08.638, 2, 8891, 100
2026/09/29 15:25:08.638, 3, 8791, 100
2026/09/29 15:25:08.638, 4, 8809, 100
2026/09/29 15:25:08.638, 5, 8873, 100
2026/09/29 15:25:08.638, 6, 8831, 100
2026/09/29 15:25:08.638, 7, 8787, 100
2026/09/29 15:25:09.638, 0, 8817, 100
2026/09/29 15:25:09.638, 1, 8829, 100
2026/09/29 15:25:09.638, 2, 8891, 100
2026/09/29 15:25:09.638, 3, 8791, 100
2026/09/29 15:25:09.638, 4, 8809, 100
2026/09/29 15:25:09.638, 5, 8873, 100
2026/09/29 15:25:09.638, 6, 8831, 100
2026/09/29 15:25:09.638, 7, 8787, 100
2026/09/29 15:25:10.639, 0, 8817, 100
2026/09/29 15:25:10.639, 1, 8829, 100
2026/09/29 15:25:10.639, 2, 8891, 100
2026/09/29 15:25:10.639, 3, 8791, 100
2026/09/29 15:25:10.639, 4, 8809, 100
2026/09/29 15:25:10.639, 5, 8873, 100
2026/09/29 15:25:10.639, 6, 8831, 100
2026/09/29 15:25:10.639, 7, 8787, 100
2026/09/29 15:25:11.639, 0, 8817, 100
2026/09/29 15:25:11.639, 1, 8829, 100
2026/09/29 15:25:11.639, 2, 8891, 100
2026/09/29 15:25:11.639, 3, 8791, 100
2026/09/29 15:25:11.639, 4, 8809, 100
2026/09/29 15:25:11.640, 5, 8873, 100
2026/09/29 15:25:11.640, 6, 8831, 100
2026/09/29 15:25:11.640, 7, 8787, 100
2026/09/29 15:25:12.640, 0, 8817, 100
2026/09/29 15:25:12.640, 1, 8829, 100
2026/09/29 15:25:12.640, 2, 8891, 100
2026/09/29 15:25:12.640, 3, 8791, 100
2026/09/29 15:25:12.640, 4, 8809, 100
2026/09/29 15:25:12.640, 5, 8873, 100
2026/09/29 15:25:12.640, 6, 8831, 100
2026/09/29 15:25:12.640, 7, 8787, 100
2026/09/29 15:25:13.640, 0, 8817, 100
2026/09/29 15:25:13.640, 1, 8829, 100
2026/09/29 15:25:13.640, 2, 8891, 100
2026/09/29 15:25:13.640, 3, 8791, 100
2026/09/29 15:25:13.640, 4, 8809, 100
2026/09/29 15:25:13.640, 5, 8873, 100
2026/09/29 15:25:13.641, 6, 8831, 100
2026/09/29 15:25:13.641, 7, 8787, 100
2026/09/29 15:25:14.641, 0, 8817, 100
2026/09/29 15:25:14.641, 1, 8829, 100
2026/09/29 15:25:14.641, 2, 8891, 100
2026/09/29 15:25:14.641, 3, 8791, 100
2026/09/29 15:25:14.641, 4, 8809, 100
2026/09/29 15:25:14.641, 5, 8873, 100
2026/09/29 15:25:14.641, 6, 8831, 100
2026/09/29 15:25:14.641, 7, 8787, 100
2026/09/29 15:25:15.641, 0, 8817, 100
2026/09/29 15:25:15.641, 1, 8829, 100
2026/09/29 15:25:15.642, 2, 8891, 100
2026/09/29 15:25:15.642, 3, 8791, 100
2026/09/29 15:25:15.642, 4, 8809, 100
2026/09/29 15:25:15.642, 5, 8873, 100
2026/09/29 15:25:15.642, 6, 8831, 100
2026/09/29 15:25:15.642, 7, 8787, 100
2026/09/29 15:25:16.642, 0, 8817, 100
2026/09/29 15:25:16.643, 1, 8829, 100
2026/09/29 15:25:16.643, 2, 8891, 100
2026/09/29 15:25:16.643, 3, 8791, 100
2026/09/29 15:25:16.643, 4, 8809, 100
2026/09/29 15:25:16.643, 5, 8873, 100
2026/09/29 15:25:16.643, 6, 8831, 100
2026/09/29 15:25:16.643, 7, 8787, 100
2026/09/29 15:25:17.643, 0, 8817, 100
2026/09/29 15:25:17.643, 1, 8829, 100
2026/09/29 15:25:17.643, 2, 8891, 100
2026/09/29 15:25:17.643, 3, 8791, 100
2026/09/29 15:25:17.643, 4, 8809, 100
2026/09/29 15:25:17.643, 5, 8873, 100
2026/09/29 15:25:17.643, 6, 8831, 100
2026/09/29 15:25:17.643, 7, 8787, 100
2026/09/29 15:25:18.644, 0, 8817, 100
2026/09/29 15:25:18.644, 1, 8829, 100
2026/09/29 15:25:18.644, 2, 8891, 100
2026/09/29 15:25:18.644, 3, 8791, 100
2026/09/29 15:25:18.644, 4, 8809, 100
2026/09/29 15:25:18.644, 5, 8873, 100
2026/09/29 15:25:18.644, 6, 8831, 100
2026/09/29 15:25:18.644, 7, 8787, 100
2026/09/29 15:25:19.644, 0, 8817, 100
2026/09/29 15:25:19.644, 1, 8829, 100
2026/09/29 15:25:19.644, 2, 8891, 100
2026/09/29 15:25:19.644, 3, 8791, 100
2026/09/29 15:25:19.644, 4, 8809, 100
2026/09/29 15:25:19.644, 5, 8873, 100
2026/09/29 15:25:19.644, 6, 8831, 100
2026/09/29 15:25:19.644, 7, 8787, 100
2026/09/29 15:25:20.644, 0, 8817, 100
2026/09/29 15:25:20.645, 1, 8829, 100
2026/09/29 15:25:20.645, 2, 8891, 100
2026/09/29 15:25:20.645, 3, 8791, 100
2026/09/29 15:25:20.645, 4, 8809, 100
2026/09/29 15:25:20.645, 5, 8873, 100
2026/09/29 15:25:20.645, 6, 8831, 100
2026/09/29 15:25:20.645, 7, 8787, 100
2026/09/29 15:25:21.645, 0, 8817, 100
2026/09/29 15:25:21.646, 1, 8829, 100
2026/09/29 15:25:21.646, 2, 8891, 100
2026/09/29 15:25:21.646, 3, 8791, 100
2026/09/29 15:25:21.646, 4, 8809, 100
2026/09/29 15:25:21.646, 5, 8873, 100
2026/09/29 15:25:21.646, 6, 8831, 100
2026/09/29 15:25:21.646, 7, 8787, 100
2026/09/29 15:25:22.646, 0, 8817, 100
2026/09/29 15:25:22.646, 1, 8829, 100
2026/09/29 15:25:22.646, 2, 8891, 100
2026/09/29 15:25:22.646, 3, 8791, 100
2026/09/29 15:25:22.646, 4, 8809, 100
2026/09/29 15:25:22.646, 5, 8873, 100
2026/09/29 15:25:22.646, 6, 8831, 100
2026/09/29 15:25:22.646, 7, 8787, 100
2026/09/29 15:25:23.647, 0, 8817, 100
2026/09/29 15:25:23.647, 1, 8829, 100
2026/09/29 15:25:23.647, 2, 8891, 100
2026/09/29 15:25:23.647, 3, 8791, 100
2026/09/29 15:25:23.647, 4, 8809, 100
2026/09/29 15:25:23.647, 5, 8873, 100
2026/09/29 15:25:23.647, 6, 8831, 100
2026/09/29 15:25:23.647, 7, 8787, 100
2026/09/29 15:25:24.647, 0, 8817, 100
2026/09/29 15:25:24.647, 1, 8829, 100
2026/09/29 15:25:24.647, 2, 8891, 100
2026/09/29 15:25:24.647, 3, 8791, 100
2026/09/29 15:25:24.648, 4, 8809, 100
2026/09/29 15:25:24.648, 5, 8873, 100
2026/09/29 15:25:24.648, 6, 8831, 100
2026/09/29 15:25:24.648, 7, 8787, 100
2026/09/29 15:25:25.648, 0, 8817, 100
2026/09/29 15:25:25.648, 1, 8829, 100
2026/09/29 15:25:25.649, 2, 8891, 100
2026/09/29 15:25:25.649, 3, 8791, 100
2026/09/29 15:25:25.649, 4, 8809, 100
2026/09/29 15:25:25.649, 5, 8873, 100
2026/09/29 15:25:25.649, 6, 8831, 100
2026/09/29 15:25:25.649, 7, 8787, 100
2026/09/29 15:25:26.649, 0, 8817, 100
2026/09/29 15:25:26.649, 1, 8829, 100
2026/09/29 15:25:26.649, 2, 8891, 100
2026/09/29 15:25:26.649, 3, 8791, 100
2026/09/29 15:25:26.650, 4, 8809, 100
2026/09/29 15:25:26.650, 5, 8873, 100
2026/09/29 15:25:26.650, 6, 8831, 100
2026/09/29 15:25:26.650, 7, 8787, 100
2026/09/29 15:25:27.650, 0, 8817, 100
2026/09/29 15:25:27.650, 1, 8829, 100
2026/09/29 15:25:27.650, 2, 8891, 100
2026/09/29 15:25:27.650, 3, 8791, 100
2026/09/29 15:25:27.650, 4, 8809, 100
2026/09/29 15:25:27.650, 5, 8873, 100
2026/09/29 15:25:27.650, 6, 8831, 100
2026/09/29 15:25:27.650, 7, 8787, 100
2026/09/29 15:25:28.650, 0, 8817, 100
2026/09/29 15:25:28.651, 1, 8829, 100
2026/09/29 15:25:28.651, 2, 8891, 100
2026/09/29 15:25:28.651, 3, 8791, 100
2026/09/29 15:25:28.651, 4, 8809, 100
2026/09/29 15:25:28.651, 5, 8873, 100
2026/09/29 15:25:28.651, 6, 8831, 100
2026/09/29 15:25:28.651, 7, 8787, 100
2026/09/29 15:25:29.651, 0, 8817, 100
2026/09/29 15:25:29.651, 1, 8829, 100
2026/09/29 15:25:29.651, 2, 8891, 100
2026/09/29 15:25:29.651, 3, 8791, 100
2026/09/29 15:25:29.651, 4, 8809, 100
2026/09/29 15:25:29.651, 5, 8873, 100
2026/09/29 15:25:29.651, 6, 8831, 100
2026/09/29 15:25:29.651, 7, 8787, 100
2026/09/29 15:25:30.652, 0, 8817, 100
2026/09/29 15:25:30.652, 1, 8829, 100
2026/09/29 15:25:30.653, 2, 8891, 100
2026/09/29 15:25:30.653, 3, 8791, 100
2026/09/29 15:25:30.653, 4, 8809, 100
2026/09/29 15:25:30.653, 5, 8873, 100
2026/09/29 15:25:30.653, 6, 8831, 100
2026/09/29 15:25:30.653, 7, 8787, 100
2026/09/29 15:25:31.653, 0, 8817, 100
2026/09/29 15:25:31.653, 1, 8829, 100
2026/09/29 15:25:31.653, 2, 8891, 100
2026/09/29 15:25:31.654, 3, 8791, 100
2026/09/29 15:25:31.654, 4, 8809, 100
2026/09/29 15:25:31.654, 5, 8873, 100
2026/09/29 15:25:31.654, 6, 8831, 100
2026/09/29 15:25:31.654, 7, 8787, 100
2026/09/29 15:25:32.654, 0, 8817, 100
2026/09/29 15:25:32.654, 1, 8829, 100
2026/09/29 15:25:32.654, 2, 8891, 100
2026/09/29 15:25:32.654, 3, 8791, 100
2026/09/29 15:25:32.654, 4, 8809, 100
2026/09/29 15:25:32.654, 5, 8873, 100
2026/09/29 15:25:32.654, 6, 8831, 100
2026/09/29 15:25:32.654, 7, 8787, 100
2026/09/29 15:25:33.654, 0, 8817, 100
2026/09/29 15:25:33.655, 1, 8829, 100
2026/09/29 15:25:33.655, 2, 8891, 100
2026/09/29 15:25:33.655, 3, 8791, 100
2026/09/29 15:25:33.655, 4, 8809, 100
2026/09/29 15:25:33.655, 5, 8873, 100
2026/09/29 15:25:33.655, 6, 8831, 100
2026/09/29 15:25:33.655, 7, 8787, 100
2026/09/29 15:25:34.655, 0, 8817, 100
2026/09/29 15:25:34.655, 1, 8829, 100
2026/09/29 15:25:34.655, 2, 8891, 100
2026/09/29 15:25:34.655, 3, 8791, 100
2026/09/29 15:25:34.655, 4, 8809, 100
2026/09/29 15:25:34.655, 5, 8873, 100
2026/09/29 15:25:34.655, 6, 8831, 100
2026/09/29 15:25:34.656, 7, 8787, 100
2026/09/29 15:25:35.656, 0, 8817, 100
2026/09/29 15:25:35.656, 1, 8829, 100
2026/09/29 15:25:35.657, 2, 8891, 100
2026/09/29 15:25:35.657, 3, 8791, 100
2026/09/29 15:25:35.657, 4, 8809, 100
2026/09/29 15:25:35.657, 5, 8873, 100
2026/09/29 15:25:35.657, 6, 8831, 100
2026/09/29 15:25:35.657, 7, 8787, 100
2026/09/29 15:25:36.657, 0, 8817, 100
2026/09/29 15:25:36.657, 1, 8829, 100
2026/09/29 15:25:36.657, 2, 8891, 100
2026/09/29 15:25:36.657, 3, 8791, 100
2026/09/29 15:25:36.657, 4, 8809, 100
2026/09/29 15:25:36.657, 5, 8873, 100
2026/09/29 15:25:36.657, 6, 8831, 100
2026/09/29 15:25:36.657, 7, 8787, 100
2026/09/29 15:25:37.657, 0, 8817, 100
2026/09/29 15:25:37.658, 1, 8829, 100
2026/09/29 15:25:37.658, 2, 8891, 100
2026/09/29 15:25:37.658, 3, 8791, 100
2026/09/29 15:25:37.658, 4, 8809, 100
2026/09/29 15:25:37.658, 5, 8873, 100
2026/09/29 15:25:37.658, 6, 8831, 100
2026/09/29 15:25:37.658, 7, 8787, 100
2026/09/29 15:25:38.658, 0, 8817, 100
2026/09/29 15:25:38.658, 1, 8829, 100
2026/09/29 15:25:38.658, 2, 8891, 100
2026/09/29 15:25:38.658, 3, 8791, 100
2026/09/29 15:25:38.658, 4, 8809, 100
2026/09/29 15:25:38.658, 5, 8873, 100
2026/09/29 15:25:38.658, 6, 8831, 100
2026/09/29 15:25:38.659, 7, 8787, 100
2026/09/29 15:25:39.659, 0, 8817, 100
2026/09/29 15:25:39.659, 1, 8829, 100
2026/09/29 15:25:39.659, 2, 8891, 100
2026/09/29 15:25:39.659, 3, 8791, 100
2026/09/29 15:25:39.659, 4, 8809, 100
2026/09/29 15:25:39.659, 5, 8873, 100
2026/09/29 15:25:39.659, 6, 8831, 100
2026/09/29 15:25:39.659, 7, 8787, 100
2026/09/29 15:25:40.659, 0, 8817, 100
2026/09/29 15:25:40.659, 1, 8829, 100
2026/09/29 15:25:40.659, 2, 8891, 100
2026/09/29 15:25:40.659, 3, 8791, 100
2026/09/29 15:25:40.660, 4, 8809, 100
2026/09/29 15:25:40.660, 5, 8873, 100
2026/09/29 15:25:40.660, 6, 8831, 100
2026/09/29 15:25:40.660, 7, 8787, 100
2026/09/29 15:25:41.660, 0, 8817, 100
2026/09/29 15:25:41.660, 1, 8829, 100
2026/09/29 15:25:41.660, 2, 8891, 100
2026/09/29 15:25:41.660, 3, 8791, 100
2026/09/29 15:25:41.660, 4, 8809, 100
2026/09/29 15:25:41.660, 5, 8873, 100
2026/09/29 15:25:41.660, 6, 8831, 100
2026/09/29 15:25:41.660, 7, 8787, 100
2026/09/29 15:25:42.660, 0, 8817, 100
2026/09/29 15:25:42.661, 1, 8829, 100
2026/09/29 15:25:42.661, 2, 8891, 100
2026/09/29 15:25:42.661, 3, 8791, 100
2026/09/29 15:25:42.661, 4, 8809, 100
2026/09/29 15:25:42.661, 5, 8873, 100
2026/09/29 15:25:42.661, 6, 8831, 100
2026/09/29 15:25:42.661, 7, 8787, 100
2026/09/29 15:25:43.661, 0, 8817, 100
2026/09/29 15:25:43.661, 1, 8829, 100
2026/09/29 15:25:43.661, 2, 8891, 100
2026/09/29 15:25:43.661, 3, 8791, 100
2026/09/29 15:25:43.661, 4, 8809, 100
2026/09/29 15:25:43.661, 5, 8873, 100
2026/09/29 15:25:43.661, 6, 8831, 100
2026/09/29 15:25:43.661, 7, 8787, 100
2026/09/29 15:25:44.662, 0, 8817, 100
2026/09/29 15:25:44.662, 1, 8829, 100
2026/09/29 15:25:44.662, 2, 8891, 100
2026/09/29 15:25:44.662, 3, 8791, 100
2026/09/29 15:25:44.662, 4, 8809, 100
2026/09/29 15:25:44.662, 5, 8873, 100
2026/09/29 15:25:44.662, 6, 8831, 100
2026/09/29 15:25:44.662, 7, 8787, 100
2026/09/29 15:25:45.662, 0, 8817, 100
2026/09/29 15:25:45.662, 1, 8829, 100
2026/09/29 15:25:45.663, 2, 8891, 100
2026/09/29 15:25:45.663, 3, 8791, 100
2026/09/29 15:25:45.663, 4, 8809, 100
2026/09/29 15:25:45.663, 5, 8873, 100
2026/09/29 15:25:45.663, 6, 8831, 100
2026/09/29 15:25:45.663, 7, 8787, 100
2026/09/29 15:25:46.663, 0, 8817, 100
2026/09/29 15:25:46.663, 1, 8829, 100
2026/09/29 15:25:46.663, 2, 8891, 100
2026/09/29 15:25:46.663, 3, 8791, 100
2026/09/29 15:25:46.663, 4, 8809, 100
2026/09/29 15:25:46.663, 5, 8873, 100
2026/09/29 15:25:46.664, 6, 8831, 100
2026/09/29 15:25:46.664, 7, 8787, 100
2026/09/29 15:25:47.664, 0, 8817, 100
2026/09/29 15:25:47.664, 1, 8829, 100
2026/09/29 15:25:47.664, 2, 8891, 100
2026/09/29 15:25:47.664, 3, 8791, 100
2026/09/29 15:25:47.664, 4, 8809, 100
2026/09/29 15:25:47.664, 5, 8873, 100
2026/09/29 15:25:47.664, 6, 8831, 100
2026/09/29 15:25:47.664, 7, 8787, 100
2026/09/29 15:25:48.664, 0, 8817, 100
2026/09/29 15:25:48.664, 1, 8829, 100
2026/09/29 15:25:48.664, 2, 8891, 100
2026/09/29 15:25:48.664, 3, 8791, 100
2026/09/29 15:25:48.665, 4, 8809, 100
2026/09/29 15:25:48.665, 5, 8873, 100
2026/09/29 15:25:48.665, 6, 8831, 100
2026/09/29 15:25:48.665, 7, 8787, 100
2026/09/29 15:25:49.665, 0, 8817, 100
2026/09/29 15:25:49.665, 1, 8829, 100
2026/09/29 15:25:49.665, 2, 8891, 100
2026/09/29 15:25:49.665, 3, 8791, 100
2026/09/29 15:25:49.665, 4, 8809, 100
2026/09/29 15:25:49.665, 5, 8873, 100
2026/09/29 15:25:49.665, 6, 8831, 100
2026/09/29 15:25:49.665, 7, 8787, 100
2026/09/29 15:25:50.665, 0, 8817, 100
2026/09/29 15:25:50.665, 1, 8829, 100
2026/09/29 15:25:50.666, 2, 8891, 100
2026/09/29 15:25:50.666, 3, 8791, 100
2026/09/29 15:25:50.666, 4, 8809, 100
2026/09/29 15:25:50.666, 5, 8873, 100
2026/09/29 15:25:50.666, 6, 8831, 100
2026/09/29 15:25:50.666, 7, 8787, 100
2026/09/29 15:25:51.666, 0, 8817, 100
2026/09/29 15:25:51.667, 1, 8829, 100
2026/09/29 15:25:51.667, 2, 8891, 100
2026/09/29 15:25:51.667, 3, 8791, 100
2026/09/29 15:25:51.667, 4, 8809, 100
2026/09/29 15:25:51.667, 5, 8873, 100
2026/09/29 15:25:51.667, 6, 8831, 100
2026/09/29 15:25:51.667, 7, 8787, 100
2026/09/29 15:25:52.667, 0, 8817, 100
2026/09/29 15:25:52.667, 1, 8829, 100
2026/09/29 15:25:52.667, 2, 8891, 100
2026/09/29 15:25:52.667, 3, 8791, 100
2026/09/29 15:25:52.667, 4, 8809, 100
2026/09/29 15:25:52.668, 5, 8873, 100
2026/09/29 15:25:52.668, 6, 8831, 100
2026/09/29 15:25:52.668, 7, 8787, 100
2026/09/29 15:25:53.668, 0, 8817, 100
2026/09/29 15:25:53.668, 1, 8829, 100
2026/09/29 15:25:53.668, 2, 8891, 100
2026/09/29 15:25:53.668, 3, 8791, 100
2026/09/29 15:25:53.668, 4, 8809, 100
2026/09/29 15:25:53.668, 5, 8873, 100
2026/09/29 15:25:53.668, 6, 8831, 100
2026/09/29 15:25:53.668, 7, 8787, 100
2026/09/29 15:25:54.669, 0, 8817, 100
2026/09/29 15:25:54.669, 1, 8829, 100
2026/09/29 15:25:54.669, 2, 8891, 100
2026/09/29 15:25:54.669, 3, 8791, 100
2026/09/29 15:25:54.669, 4, 8809, 100
2026/09/29 15:25:54.669, 5, 8873, 100
2026/09/29 15:25:54.669, 6, 8831, 100
2026/09/29 15:25:54.669, 7, 8787, 100
2026/09/29 15:25:55.669, 0, 8817, 100
2026/09/29 15:25:55.669, 1, 8829, 100
2026/09/29 15:25:55.669, 2, 8891, 100
2026/09/29 15:25:55.670, 3, 8791, 100
2026/09/29 15:25:55.670, 4, 8809, 100
2026/09/29 15:25:55.670, 5, 8873, 100
2026/09/29 15:25:55.670, 6, 8831, 100
2026/09/29 15:25:55.670, 7, 8787, 100
2026/09/29 15:25:56.670, 0, 8817, 100
2026/09/29 15:25:56.670, 1, 8829, 100
2026/09/29 15:25:56.670, 2, 8891, 100
2026/09/29 15:25:56.670, 3, 8791, 100
2026/09/29 15:25:56.670, 4, 8809, 100
2026/09/29 15:25:56.670, 5, 8873, 100
2026/09/29 15:25:56.670, 6, 8831, 100
2026/09/29 15:25:56.670, 7, 8787, 100
2026/09/29 15:25:57.670, 0, 8817, 100
2026/09/29 15:25:57.671, 1, 8829, 100
2026/09/29 15:25:57.671, 2, 8891, 100
2026/09/29 15:25:57.671, 3, 8791, 100
2026/09/29 15:25:57.671, 4, 8809, 100
2026/09/29 15:25:57.671, 5, 8873, 100
2026/09/29 15:25:57.671, 6, 8831, 100
2026/09/29 15:25:57.671, 7, 8787, 100
2026/09/29 15:25:58.671, 0, 8817, 100
2026/09/29 15:25:58.671, 1, 8829, 100
2026/09/29 15:25:58.671, 2, 8891, 100
2026/09/29 15:25:58.671, 3, 8791, 100
2026/09/29 15:25:58.671, 4, 8809, 100
2026/09/29 15:25:58.671, 5, 8873, 100
2026/09/29 15:25:58.671, 6, 8831, 100
2026/09/29 15:25:58.671, 7, 8787, 100
2026/09/29 15:25:59.672, 0, 8817, 100
2026/09/29 15:25:59.672, 1, 8829, 100
2026/09/29 15:25:59.672, 2, 8891, 100
2026/09/29 15:25:59.672, 3, 8791, 100
2026/09/29 15:25:59.672, 4, 8809, 100
2026/09/29 15:25:59.672, 5, 8873, 100
2026/09/29 15:25:59.672, 6, 8831, 100
2026/09/29 15:25:59.672, 7, 8787, 100
2026/09/29 15:26:00.672, 0, 8817, 100
2026/09/29 15:26:00.672, 1, 8829, 100
2026/09/29 15:26:00.673, 2, 8891, 100
2026/09/29 15:26:00.673, 3, 8791, 100
2026/09/29 15:26:00.673, 4, 8809, 100
2026/09/29 15:26:00.673, 5, 8873, 100
2026/09/29 15:26:00.673, 6, 8831, 100
2026/09/29 15:26:00.673, 7, 8787, 100
2026/09/29 15:26:01.673, 0, 8817, 100
2026/09/29 15:26:01.674, 1, 8829, 100
2026/09/29 15:26:01.674, 2, 8891, 100
2026/09/29 15:26:01.674, 3, 8791, 100
2026/09/29 15:26:01.674, 4, 8809, 100
2026/09/29 15:26:01.674, 5, 8873, 100
2026/09/29 15:26:01.674, 6, 8831, 100
2026/09/29 15:26:01.674, 7, 8787, 100
2026/09/29 15:26:02.674, 0, 8817, 100
2026/09/29 15:26:02.674, 1, 8829, 100
2026/09/29 15:26:02.674, 2, 8891, 100
2026/09/29 15:26:02.674, 3, 8791, 100
2026/09/29 15:26:02.674, 4, 8809, 100
2026/09/29 15:26:02.674, 5, 8873, 100
2026/09/29 15:26:02.674, 6, 8831, 100
2026/09/29 15:26:02.674, 7, 8787, 100
2026/09/29 15:26:03.675, 0, 8817, 100
2026/09/29 15:26:03.675, 1, 8829, 100
2026/09/29 15:26:03.675, 2, 8891, 100
2026/09/29 15:26:03.675, 3, 8791, 100
2026/09/29 15:26:03.675, 4, 8809, 100
2026/09/29 15:26:03.675, 5, 8873, 100
2026/09/29 15:26:03.675, 6, 8831, 100
2026/09/29 15:26:03.675, 7, 8787, 100
2026/09/29 15:26:04.675, 0, 8817, 100
2026/09/29 15:26:04.675, 1, 8829, 100
2026/09/29 15:26:04.675, 2, 8891, 100
2026/09/29 15:26:04.675, 3, 8791, 100
2026/09/29 15:26:04.675, 4, 8809, 100
2026/09/29 15:26:04.676, 5, 8873, 100
2026/09/29 15:26:04.676, 6, 8831, 100
2026/09/29 15:26:04.676, 7, 8787, 100
2026/09/29 15:26:05.676, 0, 8817, 100
2026/09/29 15:26:05.676, 1, 8829, 100
2026/09/29 15:26:05.676, 2, 8891, 100
2026/09/29 15:26:05.676, 3, 8791, 100
2026/09/29 15:26:05.676, 4, 8809, 100
2026/09/29 15:26:05.676, 5, 8873, 100
2026/09/29 15:26:05.676, 6, 8831, 100
2026/09/29 15:26:05.676, 7, 8787, 100
2026/09/29 15:26:06.676, 0, 8817, 100
2026/09/29 15:26:06.676, 1, 8829, 100
2026/09/29 15:26:06.677, 2, 8891, 100
2026/09/29 15:26:06.677, 3, 8791, 100
2026/09/29 15:26:06.677, 4, 8809, 100
2026/09/29 15:26:06.677, 5, 8873, 100
2026/09/29 15:26:06.677, 6, 8831, 100
2026/09/29 15:26:06.677, 7, 8787, 100
2026/09/29 15:26:07.677, 0, 8817, 100
2026/09/29 15:26:07.677, 1, 8829, 100
2026/09/29 15:26:07.677, 2, 8891, 100
2026/09/29 15:26:07.677, 3, 8791, 100
2026/09/29 15:26:07.677, 4, 8809, 100
2026/09/29 15:26:07.677, 5, 8873, 100
2026/09/29 15:26:07.677, 6, 8831, 100
2026/09/29 15:26:07.677, 7, 8787, 100
2026/09/29 15:26:08.678, 0, 8817, 100
2026/09/29 15:26:08.678, 1, 8829, 100
2026/09/29 15:26:08.678, 2, 8891, 100
2026/09/29 15:26:08.678, 3, 8791, 100
2026/09/29 15:26:08.678, 4, 8809, 100
2026/09/29 15:26:08.678, 5, 8873, 100
2026/09/29 15:26:08.678, 6, 8831, 100
2026/09/29 15:26:08.678, 7, 8787, 100
2026/09/29 15:26:09.678, 0, 8817, 100
2026/09/29 15:26:09.678, 1, 8829, 100
2026/09/29 15:26:09.678, 2, 8891, 100
2026/09/29 15:26:09.678, 3, 8791, 100
2026/09/29 15:26:09.678, 4, 8809, 100
2026/09/29 15:26:09.679, 5, 8873, 100
2026/09/29 15:26:09.679, 6, 8831, 100
2026/09/29 15:26:09.679, 7, 8787, 100
2026/09/29 15:26:10.679, 0, 8817, 100
2026/09/29 15:26:10.679, 1, 8829, 100
2026/09/29 15:26:10.679, 2, 8891, 100
2026/09/29 15:26:10.679, 3, 8791, 100
2026/09/29 15:26:10.679, 4, 8809, 100
2026/09/29 15:26:10.679, 5, 8873, 100
2026/09/29 15:26:10.679, 6, 8831, 100
2026/09/29 15:26:10.679, 7, 8787, 100
2026/09/29 15:26:11.679, 0, 8817, 100
2026/09/29 15:26:11.680, 1, 8829, 100
2026/09/29 15:26:11.680, 2, 8891, 100
2026/09/29 15:26:11.680, 3, 8791, 100
2026/09/29 15:26:11.680, 4, 8809, 100
2026/09/29 15:26:11.680, 5, 8873, 100
2026/09/29 15:26:11.680, 6, 8831, 100
2026/09/29 15:26:11.680, 7, 8787, 100
2026/09/29 15:26:12.680, 0, 8817, 100
2026/09/29 15:26:12.680, 1, 8829, 100
2026/09/29 15:26:12.680, 2, 8891, 100
2026/09/29 15:26:12.680, 3, 8791, 100
2026/09/29 15:26:12.680, 4, 8809, 100
2026/09/29 15:26:12.680, 5, 8873, 100
2026/09/29 15:26:12.681, 6, 8831, 100
2026/09/29 15:26:12.681, 7, 8787, 100
2026/09/29 15:26:13.681, 0, 8817, 100
2026/09/29 15:26:13.681, 1, 8829, 100
2026/09/29 15:26:13.681, 2, 8891, 100
2026/09/29 15:26:13.681, 3, 8791, 100
2026/09/29 15:26:13.681, 4, 8809, 100
2026/09/29 15:26:13.681, 5, 8873, 100
2026/09/29 15:26:13.681, 6, 8831, 100
2026/09/29 15:26:13.681, 7, 8787, 100
2026/09/29 15:26:14.681, 0, 8817, 100
2026/09/29 15:26:14.681, 1, 8829, 100
2026/09/29 15:26:14.681, 2, 8891, 100
2026/09/29 15:26:14.682, 3, 8791, 100
2026/09/29 15:26:14.682, 4, 8809, 100
2026/09/29 15:26:14.682, 5, 8873, 100
2026/09/29 15:26:14.682, 6, 8831, 100
2026/09/29 15:26:14.682, 7, 8787, 100
2026/09/29 15:26:15.682, 0, 8817, 100
2026/09/29 15:26:15.682, 1, 8829, 100
2026/09/29 15:26:15.683, 2, 8891, 100
2026/09/29 15:26:15.683, 3, 8791, 100
2026/09/29 15:26:15.683, 4, 8809, 100
2026/09/29 15:26:15.683, 5, 8873, 100
2026/09/29 15:26:15.683, 6, 8831, 100
2026/09/29 15:26:15.683, 7, 8787, 100
2026/09/29 15:26:16.683, 0, 8817, 100
2026/09/29 15:26:16.683, 1, 8829, 100
2026/09/29 15:26:16.683, 2, 8891, 100
2026/09/29 15:26:16.683, 3, 8791, 100
2026/09/29 15:26:16.683, 4, 8809, 100
2026/09/29 15:26:16.683, 5, 8873, 100
2026/09/29 15:26:16.683, 6, 8831, 100
2026/09/29 15:26:16.684, 7, 8787, 100
2026/09/29 15:26:17.684, 0, 8817, 100
2026/09/29 15:26:17.684, 1, 8829, 100
2026/09/29 15:26:17.684, 2, 8891, 100
2026/09/29 15:26:17.684, 3, 8791, 100
2026/09/29 15:26:17.684, 4, 8809, 100
2026/09/29 15:26:17.684, 5, 8873, 100
2026/09/29 15:26:17.684, 6, 8831, 100
2026/09/29 15:26:17.684, 7, 8787, 100
2026/09/29 15:26:18.684, 0, 8817, 100
2026/09/29 15:26:18.684, 1, 8829, 100
2026/09/29 15:26:18.684, 2, 8891, 100
2026/09/29 15:26:18.684, 3, 8791, 100
2026/09/29 15:26:18.685, 4, 8809, 100
2026/09/29 15:26:18.685, 5, 8873, 100
2026/09/29 15:26:18.685, 6, 8831, 100
2026/09/29 15:26:18.685, 7, 8787, 100
2026/09/29 15:26:19.685, 0, 8817, 100
2026/09/29 15:26:19.685, 1, 8829, 100
2026/09/29 15:26:19.685, 2, 8891, 100
2026/09/29 15:26:19.685, 3, 8791, 100
2026/09/29 15:26:19.685, 4, 8809, 100
2026/09/29 15:26:19.685, 5, 8873, 100
2026/09/29 15:26:19.685, 6, 8831, 100
2026/09/29 15:26:19.685, 7, 8787, 100
2026/09/29 15:26:20.685, 0, 8817, 100
2026/09/29 15:26:20.686, 1, 8829, 100
2026/09/29 15:26:20.686, 2, 8891, 100
2026/09/29 15:26:20.686, 3, 8791, 100
2026/09/29 15:26:20.686, 4, 8809, 100
2026/09/29 15:26:20.686, 5, 8873, 100
2026/09/29 15:26:20.686, 6, 8831, 100
2026/09/29 15:26:20.687, 7, 8787, 100
2026/09/29 15:26:21.687, 0, 8817, 100
2026/09/29 15:26:21.687, 1, 8829, 100
2026/09/29 15:26:21.687, 2, 8891, 100
2026/09/29 15:26:21.687, 3, 8791, 100
2026/09/29 15:26:21.687, 4, 8809, 100
2026/09/29 15:26:21.687, 5, 8873, 100
2026/09/29 15:26:21.687, 6, 8831, 100
2026/09/29 15:26:21.687, 7, 8787, 100
2026/09/29 15:26:22.687, 0, 8817, 100
2026/09/29 15:26:22.687, 1, 8829, 100
2026/09/29 15:26:22.687, 2, 8891, 100
2026/09/29 15:26:22.687, 3, 8791, 100
2026/09/29 15:26:22.688, 4, 8809, 100
2026/09/29 15:26:22.688, 5, 8873, 100
2026/09/29 15:26:22.688, 6, 8831, 100
2026/09/29 15:26:22.688, 7, 8787, 100
2026/09/29 15:26:23.688, 0, 8817, 100
2026/09/29 15:26:23.688, 1, 8829, 100
2026/09/29 15:26:23.688, 2, 8891, 100
2026/09/29 15:26:23.688, 3, 8791, 100
2026/09/29 15:26:23.688, 4, 8809, 100
2026/09/29 15:26:23.688, 5, 8873, 100
2026/09/29 15:26:23.688, 6, 8831, 100
2026/09/29 15:26:23.688, 7, 8787, 100
2026/09/29 15:26:24.688, 0, 8817, 100
2026/09/29 15:26:24.688, 1, 8829, 100
2026/09/29 15:26:24.689, 2, 8891, 100
2026/09/29 15:26:24.689, 3, 8791, 100
2026/09/29 15:26:24.689, 4, 8809, 100
2026/09/29 15:26:24.689, 5, 8873, 100
2026/09/29 15:26:24.689, 6, 8831, 100
2026/09/29 15:26:24.689, 7, 8787, 100
2026/09/29 15:26:25.689, 0, 8817, 100
2026/09/29 15:26:25.689, 1, 8829, 100
2026/09/29 15:26:25.690, 2, 8891, 100
2026/09/29 15:26:25.690, 3, 8791, 100
2026/09/29 15:26:25.690, 4, 8809, 100
2026/09/29 15:26:25.690, 5, 8873, 100
2026/09/29 15:26:25.690, 6, 8831, 100
2026/09/29 15:26:25.690, 7, 8787, 100
2026/09/29 15:26:26.690, 0, 8817, 100
2026/09/29 15:26:26.690, 1, 8829, 100
2026/09/29 15:26:26.690, 2, 8891, 100
2026/09/29 15:26:26.690, 3, 8791, 100
2026/09/29 15:26:26.690, 4, 8809, 100
2026/09/29 15:26:26.691, 5, 8873, 100
2026/09/29 15:26:26.691, 6, 8831, 100
2026/09/29 15:26:26.691, 7, 8787, 100
2026/09/29 15:26:27.691, 0, 8817, 100
2026/09/29 15:26:27.691, 1, 8829, 100
2026/09/29 15:26:27.691, 2, 8891, 100
2026/09/29 15:26:27.691, 3, 8791, 100
2026/09/29 15:26:27.691, 4, 8809, 100
2026/09/29 15:26:27.691, 5, 8873, 100
2026/09/29 15:26:27.691, 6, 8831, 100
2026/09/29 15:26:27.691, 7, 8787, 100
2026/09/29 15:26:28.691, 0, 8817, 100
2026/09/29 15:26:28.691, 1, 8829, 100
2026/09/29 15:26:28.692, 2, 8891, 100
2026/09/29 15:26:28.692, 3, 8791, 100
2026/09/29 15:26:28.692, 4, 8809, 100
2026/09/29 15:26:28.692, 5, 8873, 100
2026/09/29 15:26:28.692, 6, 8831, 100
2026/09/29 15:26:28.692, 7, 8787, 100
2026/09/29 15:26:29.692, 0, 8817, 100
2026/09/29 15:26:29.692, 1, 8829, 100
2026/09/29 15:26:29.692, 2, 8891, 100
2026/09/29 15:26:29.692, 3, 8791, 100
2026/09/29 15:26:29.692, 4, 8809, 100
2026/09/29 15:26:29.692, 5, 8873, 100
2026/09/29 15:26:29.692, 6, 8831, 100
2026/09/29 15:26:29.692, 7, 8787, 100
2026/09/29 15:26:30.692, 0, 8817, 100
2026/09/29 15:26:30.693, 1, 8829, 100
2026/09/29 15:26:30.693, 2, 8891, 100
2026/09/29 15:26:30.693, 3, 8791, 100
2026/09/29 15:26:30.693, 4, 8809, 100
2026/09/29 15:26:30.693, 5, 8873, 100
2026/09/29 15:26:30.693, 6, 8831, 100
2026/09/29 15:26:30.693, 7, 8787, 100
2026/09/29 15:26:31.693, 0, 8817, 100
2026/09/29 15:26:31.693, 1, 8829, 100
2026/09/29 15:26:31.693, 2, 8891, 100
2026/09/29 15:26:31.694, 3, 8791, 100
2026/09/29 15:26:31.694, 4, 8809, 100
2026/09/29 15:26:31.694, 5, 8873, 100
2026/09/29 15:26:31.694, 6, 8831, 100
2026/09/29 15:26:31.694, 7, 8787, 100
2026/09/29 15:26:32.694, 0, 8817, 100
2026/09/29 15:26:32.694, 1, 8829, 100
2026/09/29 15:26:32.694, 2, 8891, 100
2026/09/29 15:26:32.694, 3, 8791, 100
2026/09/29 15:26:32.694, 4, 8809, 100
2026/09/29 15:26:32.694, 5, 8873, 100
2026/09/29 15:26:32.694, 6, 8831, 100
2026/09/29 15:26:32.694, 7, 8787, 100
2026/09/29 15:26:33.694, 0, 8817, 100
2026/09/29 15:26:33.695, 1, 8829, 100
2026/09/29 15:26:33.695, 2, 8891, 100
2026/09/29 15:26:33.695, 3, 8791, 100
2026/09/29 15:26:33.695, 4, 8809, 100
2026/09/29 15:26:33.695, 5, 8873, 100
2026/09/29 15:26:33.695, 6, 8831, 100
2026/09/29 15:26:33.695, 7, 8787, 100
2026/09/29 15:26:34.695, 0, 8817, 100
2026/09/29 15:26:34.695, 1, 8829, 100
2026/09/29 15:26:34.695, 2, 8891, 100
2026/09/29 15:26:34.695, 3, 8791, 100
2026/09/29 15:26:34.695, 4, 8809, 100
2026/09/29 15:26:34.695, 5, 8873, 100
2026/09/29 15:26:34.695, 6, 8831, 100
2026/09/29 15:26:34.695, 7, 8787, 100
2026/09/29 15:26:35.696, 0, 8817, 100
2026/09/29 15:26:35.696, 1, 8829, 100
2026/09/29 15:26:35.696, 2, 8891, 100
2026/09/29 15:26:35.696, 3, 8791, 100
2026/09/29 15:26:35.696, 4, 8809, 100
2026/09/29 15:26:35.696, 5, 8873, 100
2026/09/29 15:26:35.696, 6, 8831, 100
2026/09/29 15:26:35.696, 7, 8787, 100
2026/09/29 15:26:36.696, 0, 8817, 100
2026/09/29 15:26:36.697, 1, 8829, 100
2026/09/29 15:26:36.697, 2, 8891, 100
2026/09/29 15:26:36.697, 3, 8791, 100
2026/09/29 15:26:36.697, 4, 8809, 100
2026/09/29 15:26:36.697, 5, 8873, 100
2026/09/29 15:26:36.697, 6, 8831, 100
2026/09/29 15:26:36.697, 7, 8787, 100
2026/09/29 15:26:37.697, 0, 8817, 100
2026/09/29 15:26:37.697, 1, 8829, 100
2026/09/29 15:26:37.697, 2, 8891, 100
2026/09/29 15:26:37.697, 3, 8791, 100
2026/09/29 15:26:37.697, 4, 8809, 100
2026/09/29 15:26:37.697, 5, 8873, 100
2026/09/29 15:26:37.697, 6, 8831, 100
2026/09/29 15:26:37.697, 7, 8787, 100
2026/09/29 15:26:38.698, 0, 8817, 100
2026/09/29 15:26:38.698, 1, 8829, 100
2026/09/29 15:26:38.698, 2, 8891, 100
2026/09/29 15:26:38.698, 3, 8791, 100
2026/09/29 15:26:38.698, 4, 8809, 100
2026/09/29 15:26:38.698, 5, 8873, 100
2026/09/29 15:26:38.698, 6, 8831, 100
2026/09/29 15:26:38.698, 7, 8787, 100
2026/09/29 15:26:39.698, 0, 8817, 100
2026/09/29 15:26:39.698, 1, 8829, 100
2026/09/29 15:26:39.698, 2, 8891, 100
2026/09/29 15:26:39.698, 3, 8791, 100
2026/09/29 15:26:39.698, 4, 8809, 100
2026/09/29 15:26:39.698, 5, 8873, 100
2026/09/29 15:26:39.698, 6, 8831, 100
2026/09/29 15:26:39.699, 7, 8787, 100
2026/09/29 15:26:40.699, 0, 8817, 100
2026/09/29 15:26:40.699, 1, 8829, 100
2026/09/29 15:26:40.699, 2, 8891, 100
2026/09/29 15:26:40.699, 3, 8791, 100
2026/09/29 15:26:40.699, 4, 8809, 100
2026/09/29 15:26:40.699, 5, 8873, 100
2026/09/29 15:26:40.699, 6, 8831, 100
2026/09/29 15:26:40.699, 7, 8787, 100
2026/09/29 15:26:41.699, 0, 8817, 100
2026/09/29 15:26:41.699, 1, 8829, 100
2026/09/29 15:26:41.699, 2, 8891, 100
2026/09/29 15:26:41.700, 3, 8791, 100
2026/09/29 15:26:41.700, 4, 8809, 100
2026/09/29 15:26:41.700, 5, 8873, 100
2026/09/29 15:26:41.700, 6, 8831, 100
2026/09/29 15:26:41.700, 7, 8787, 100
2026/09/29 15:26:42.700, 0, 8817, 100
2026/09/29 15:26:42.700, 1, 8829, 100
2026/09/29 15:26:42.700, 2, 8891, 100
2026/09/29 15:26:42.700, 3, 8791, 100
2026/09/29 15:26:42.700, 4, 8809, 100
2026/09/29 15:26:42.700, 5, 8873, 100
2026/09/29 15:26:42.700, 6, 8831, 100
2026/09/29 15:26:42.700, 7, 8787, 100
2026/09/29 15:26:43.701, 0, 8817, 100
2026/09/29 15:26:43.701, 1, 8829, 100
2026/09/29 15:26:43.701, 2, 8891, 100
2026/09/29 15:26:43.701, 3, 8791, 100
2026/09/29 15:26:43.701, 4, 8809, 100
2026/09/29 15:26:43.701, 5, 8873, 100
2026/09/29 15:26:43.701, 6, 8831, 100
2026/09/29 15:26:43.701, 7, 8787, 100
2026/09/29 15:26:44.701, 0, 8817, 100
2026/09/29 15:26:44.701, 1, 8829, 100
2026/09/29 15:26:44.701, 2, 8891, 100
2026/09/29 15:26:44.701, 3, 8791, 100
2026/09/29 15:26:44.701, 4, 8809, 100
2026/09/29 15:26:44.701, 5, 8873, 100
2026/09/29 15:26:44.702, 6, 8831, 100
2026/09/29 15:26:44.702, 7, 8787, 100
2026/09/29 15:26:45.702, 0, 8817, 100
2026/09/29 15:26:45.702, 1, 8829, 100
2026/09/29 15:26:45.702, 2, 8891, 100
2026/09/29 15:26:45.702, 3, 8791, 100
2026/09/29 15:26:45.702, 4, 8809, 100
2026/09/29 15:26:45.702, 5, 8873, 100
2026/09/29 15:26:45.702, 6, 8831, 100
2026/09/29 15:26:45.702, 7, 8787, 100
2026/09/29 15:26:46.702, 0, 8817, 100
2026/09/29 15:26:46.702, 1, 8829, 100
2026/09/29 15:26:46.703, 2, 8891, 100
2026/09/29 15:26:46.703, 3, 8791, 100
2026/09/29 15:26:46.703, 4, 8809, 100
2026/09/29 15:26:46.703, 5, 8873, 100
2026/09/29 15:26:46.703, 6, 8831, 100
2026/09/29 15:26:46.703, 7, 8787, 100
2026/09/29 15:26:47.703, 0, 8817, 100
2026/09/29 15:26:47.703, 1, 8829, 100
2026/09/29 15:26:47.703, 2, 8891, 100
2026/09/29 15:26:47.703, 3, 8791, 100
2026/09/29 15:26:47.703, 4, 8809, 100
2026/09/29 15:26:47.703, 5, 8873, 100
2026/09/29 15:26:47.703, 6, 8831, 100
2026/09/29 15:26:47.703, 7, 8787, 100
2026/09/29 15:26:48.703, 0, 8817, 100
2026/09/29 15:26:48.704, 1, 8829, 100
2026/09/29 15:26:48.704, 2, 8891, 100
2026/09/29 15:26:48.704, 3, 8791, 100
2026/09/29 15:26:48.704, 4, 8809, 100
2026/09/29 15:26:48.704, 5, 8873, 100
2026/09/29 15:26:48.704, 6, 8831, 100
2026/09/29 15:26:48.704, 7, 8787, 100
2026/09/29 15:26:49.704, 0, 8817, 100
2026/09/29 15:26:49.704, 1, 8829, 100
2026/09/29 15:26:49.704, 2, 8891, 100
2026/09/29 15:26:49.704, 3, 8791, 100
2026/09/29 15:26:49.704, 4, 8809, 100
2026/09/29 15:26:49.704, 5, 8873, 100
2026/09/29 15:26:49.704, 6, 8831, 100
2026/09/29 15:26:49.704, 7, 8787, 100
2026/09/29 15:26:50.705, 0, 8817, 100
2026/09/29 15:26:50.705, 1, 8829, 100
2026/09/29 15:26:50.705, 2, 8891, 100
2026/09/29 15:26:50.705, 3, 8791, 100
2026/09/29 15:26:50.705, 4, 8809, 100
2026/09/29 15:26:50.706, 5, 8873, 100
2026/09/29 15:26:50.706, 6, 8831, 100
2026/09/29 15:26:50.706, 7, 8787, 100
2026/09/29 15:26:51.706, 0, 8817, 100
2026/09/29 15:26:51.706, 1, 8829, 100
2026/09/29 15:26:51.706, 2, 8891, 100
2026/09/29 15:26:51.706, 3, 8791, 100
2026/09/29 15:26:51.706, 4, 8809, 100
2026/09/29 15:26:51.706, 5, 8873, 100
2026/09/29 15:26:51.706, 6, 8831, 100
2026/09/29 15:26:51.706, 7, 8787, 100
2026/09/29 15:26:52.706, 0, 8817, 100
2026/09/29 15:26:52.706, 1, 8829, 100
2026/09/29 15:26:52.706, 2, 8891, 100
2026/09/29 15:26:52.706, 3, 8791, 100
2026/09/29 15:26:52.707, 4, 8809, 100
2026/09/29 15:26:52.707, 5, 8873, 100
2026/09/29 15:26:52.707, 6, 8831, 100
2026/09/29 15:26:52.707, 7, 8787, 100
2026/09/29 15:26:53.707, 0, 8817, 100
2026/09/29 15:26:53.707, 1, 8829, 100
2026/09/29 15:26:53.707, 2, 8891, 100
2026/09/29 15:26:53.707, 3, 8791, 100
2026/09/29 15:26:53.707, 4, 8809, 100
2026/09/29 15:26:53.707, 5, 8873, 100
2026/09/29 15:26:53.707, 6, 8831, 100
2026/09/29 15:26:53.707, 7, 8787, 100
2026/09/29 15:26:54.707, 0, 8817, 100
2026/09/29 15:26:54.707, 1, 8829, 100
2026/09/29 15:26:54.707, 2, 8891, 100
2026/09/29 15:26:54.708, 3, 8791, 100
2026/09/29 15:26:54.708, 4, 8809, 100
2026/09/29 15:26:54.708, 5, 8873, 100
2026/09/29 15:26:54.708, 6, 8831, 100
2026/09/29 15:26:54.708, 7, 8787, 100
2026/09/29 15:26:55.708, 0, 8817, 100
2026/09/29 15:26:55.708, 1, 8829, 100
2026/09/29 15:26:55.709, 2, 8891, 100
2026/09/29 15:26:55.709, 3, 8791, 100
2026/09/29 15:26:55.709, 4, 8809, 100
2026/09/29 15:26:55.709, 5, 8873, 100
2026/09/29 15:26:55.709, 6, 8831, 100
2026/09/29 15:26:55.709, 7, 8787, 100
2026/09/29 15:26:56.709, 0, 8817, 100
2026/09/29 15:26:56.709, 1, 8829, 100
2026/09/29 15:26:56.709, 2, 8891, 100
2026/09/29 15:26:56.709, 3, 8791, 100
2026/09/29 15:26:56.709, 4, 8809, 100
2026/09/29 15:26:56.709, 5, 8873, 100
2026/09/29 15:26:56.709, 6, 8831, 100
2026/09/29 15:26:56.709, 7, 8787, 100
2026/09/29 15:26:57.710, 0, 8817, 100
2026/09/29 15:26:57.710, 1, 8829, 100
2026/09/29 15:26:57.710, 2, 8891, 100
2026/09/29 15:26:57.710, 3, 8791, 100
2026/09/29 15:26:57.710, 4, 8809, 100
2026/09/29 15:26:57.710, 5, 8873, 100
2026/09/29 15:26:57.710, 6, 8831, 100
2026/09/29 15:26:57.710, 7, 8787, 100
2026/09/29 15:26:58.710, 0, 8817, 100
2026/09/29 15:26:58.710, 1, 8829, 100
2026/09/29 15:26:58.710, 2, 8891, 100
2026/09/29 15:26:58.710, 3, 8791, 100
2026/09/29 15:26:58.710, 4, 8809, 100
2026/09/29 15:26:58.710, 5, 8873, 100
2026/09/29 15:26:58.710, 6, 8831, 100
2026/09/29 15:26:58.711, 7, 8787, 100
2026/09/29 15:26:59.711, 0, 8817, 100
2026/09/29 15:26:59.711, 1, 8829, 100
2026/09/29 15:26:59.711, 2, 8891, 100
2026/09/29 15:26:59.711, 3, 8791, 100
2026/09/29 15:26:59.711, 4, 8809, 100
2026/09/29 15:26:59.711, 5, 8873, 100
2026/09/29 15:26:59.711, 6, 8831, 100
2026/09/29 15:26:59.711, 7, 8787, 100
2026/09/29 15:27:00.711, 0, 8817, 100
2026/09/29 15:27:00.711, 1, 8829, 100
2026/09/29 15:27:00.711, 2, 8891, 100
2026/09/29 15:27:00.711, 3, 8791, 100
2026/09/29 15:27:00.711, 4, 8809, 100
2026/09/29 15:27:00.712, 5, 8873, 100
2026/09/29 15:27:00.712, 6, 8831, 100
2026/09/29 15:27:00.712, 7, 8787, 100
2026/09/29 15:27:01.712, 0, 8817, 100
2026/09/29 15:27:01.712, 1, 8829, 100
2026/09/29 15:27:01.712, 2, 8891, 100
2026/09/29 15:27:01.712, 3, 8791, 100
2026/09/29 15:27:01.712, 4, 8809, 100
2026/09/29 15:27:01.712, 5, 8873, 100
2026/09/29 15:27:01.712, 6, 8831, 100
2026/09/29 15:27:01.712, 7, 8787, 100
2026/09/29 15:27:02.712, 0, 8817, 100
2026/09/29 15:27:02.712, 1, 8829, 100
2026/09/29 15:27:02.713, 2, 8891, 100
2026/09/29 15:27:02.713, 3, 8791, 100
2026/09/29 15:27:02.713, 4, 8809, 100
2026/09/29 15:27:02.713, 5, 8873, 100
2026/09/29 15:27:02.713, 6, 8831, 100
2026/09/29 15:27:02.713, 7, 8787, 100
2026/09/29 15:27:03.713, 0, 8817, 100
2026/09/29 15:27:03.713, 1, 8829, 100
2026/09/29 15:27:03.713, 2, 8891, 100
2026/09/29 15:27:03.713, 3, 8791, 100
2026/09/29 15:27:03.713, 4, 8809, 100
2026/09/29 15:27:03.713, 5, 8873, 100
2026/09/29 15:27:03.713, 6, 8831, 100
2026/09/29 15:27:03.713, 7, 8787, 100
2026/09/29 15:27:04.713, 0, 8817, 100
2026/09/29 15:27:04.714, 1, 8829, 100
2026/09/29 15:27:04.714, 2, 8891, 100
2026/09/29 15:27:04.714, 3, 8791, 100
2026/09/29 15:27:04.714, 4, 8809, 100
2026/09/29 15:27:04.714, 5, 8873, 100
2026/09/29 15:27:04.714, 6, 8831, 100
2026/09/29 15:27:04.714, 7, 8787, 100
2026/09/29 15:27:05.714, 0, 8817, 100
2026/09/29 15:27:05.715, 1, 8829, 100
2026/09/29 15:27:05.715, 2, 8891, 100
2026/09/29 15:27:05.715, 3, 8791, 100
2026/09/29 15:27:05.715, 4, 8809, 100
2026/09/29 15:27:05.715, 5, 8873, 100
2026/09/29 15:27:05.715, 6, 8831, 100
2026/09/29 15:27:05.715, 7, 8787, 100
2026/09/29 15:27:06.715, 0, 8817, 100
2026/09/29 15:27:06.715, 1, 8829, 100
2026/09/29 15:27:06.715, 2, 8891, 100
2026/09/29 15:27:06.715, 3, 8791, 100
2026/09/29 15:27:06.716, 4, 8809, 100
2026/09/29 15:27:06.716, 5, 8873, 100
2026/09/29 15:27:06.716, 6, 8831, 100
2026/09/29 15:27:06.716, 7, 8787, 100
2026/09/29 15:27:07.716, 0, 8817, 100
2026/09/29 15:27:07.716, 1, 8829, 100
2026/09/29 15:27:07.716, 2, 8891, 100
2026/09/29 15:27:07.716, 3, 8791, 100
2026/09/29 15:27:07.716, 4, 8809, 100
2026/09/29 15:27:07.716, 5, 8873, 100
2026/09/29 15:27:07.716, 6, 8831, 100
2026/09/29 15:27:07.716, 7, 8787, 100
2026/09/29 15:27:08.716, 0, 8817, 100
2026/09/29 15:27:08.716, 1, 8829, 100
2026/09/29 15:27:08.717, 2, 8891, 100
2026/09/29 15:27:08.717, 3, 8791, 100
2026/09/29 15:27:08.717, 4, 8809, 100
2026/09/29 15:27:08.717, 5, 8873, 100
2026/09/29 15:27:08.717, 6, 8831, 100
2026/09/29 15:27:08.717, 7, 8787, 100
2026/09/29 15:27:09.717, 0, 8817, 100
2026/09/29 15:27:09.717, 1, 8829, 100
2026/09/29 15:27:09.717, 2, 8891, 100
2026/09/29 15:27:09.717, 3, 8791, 100
2026/09/29 15:27:09.717, 4, 8809, 100
2026/09/29 15:27:09.717, 5, 8873, 100
2026/09/29 15:27:09.717, 6, 8831, 100
2026/09/29 15:27:09.717, 7, 8787, 100
2026/09/29 15:27:10.717, 0, 8817, 100
2026/09/29 15:27:10.718, 1, 8829, 100
2026/09/29 15:27:10.718, 2, 8891, 100
2026/09/29 15:27:10.718, 3, 8791, 100
2026/09/29 15:27:10.718, 4, 8809, 100
2026/09/29 15:27:10.718, 5, 8873, 100
2026/09/29 15:27:10.718, 6, 8831, 100
2026/09/29 15:27:10.718, 7, 8787, 100
2026/09/29 15:27:11.718, 0, 8817, 100
2026/09/29 15:27:11.719, 1, 8829, 100
2026/09/29 15:27:11.719, 2, 8891, 100
2026/09/29 15:27:11.719, 3, 8791, 100
2026/09/29 15:27:11.719, 4, 8809, 100
2026/09/29 15:27:11.719, 5, 8873, 100
2026/09/29 15:27:11.719, 6, 8831, 100
2026/09/29 15:27:11.719, 7, 8787, 100
2026/09/29 15:27:12.719, 0, 8817, 100
2026/09/29 15:27:12.719, 1, 8829, 100
2026/09/29 15:27:12.719, 2, 8891, 100
2026/09/29 15:27:12.719, 3, 8791, 100
2026/09/29 15:27:12.719, 4, 8809, 100
2026/09/29 15:27:12.719, 5, 8873, 100
2026/09/29 15:27:12.719, 6, 8831, 100
2026/09/29 15:27:12.719, 7, 8787, 100
2026/09/29 15:27:13.720, 0, 8817, 100
2026/09/29 15:27:13.720, 1, 8829, 100
2026/09/29 15:27:13.720, 2, 8891, 100
2026/09/29 15:27:13.720, 3, 8791, 100
2026/09/29 15:27:13.720, 4, 8809, 100
2026/09/29 15:27:13.720, 5, 8873, 100
2026/09/29 15:27:13.720, 6, 8831, 100
2026/09/29 15:27:13.720, 7, 8787, 100
2026/09/29 15:27:14.720, 0, 8817, 100
2026/09/29 15:27:14.720, 1, 8829, 100
2026/09/29 15:27:14.720, 2, 8891, 100
2026/09/29 15:27:14.720, 3, 8791, 100
2026/09/29 15:27:14.720, 4, 8809, 100
2026/09/29 15:27:14.720, 5, 8873, 100
2026/09/29 15:27:14.721, 6, 8831, 100
2026/09/29 15:27:14.721, 7, 8787, 100
2026/09/29 15:27:15.721, 0, 8817, 100
2026/09/29 15:27:15.721, 1, 8829, 100
2026/09/29 15:27:15.722, 2, 8891, 100
2026/09/29 15:27:15.722, 3, 8791, 100
2026/09/29 15:27:15.722, 4, 8809, 100
2026/09/29 15:27:15.722, 5, 8873, 100
2026/09/29 15:27:15.722, 6, 8831, 100
2026/09/29 15:27:15.722, 7, 8787, 100
2026/09/29 15:27:16.722, 0, 8817, 100
2026/09/29 15:27:16.722, 1, 8829, 100
2026/09/29 15:27:16.722, 2, 8891, 100
2026/09/29 15:27:16.722, 3, 8791, 100
2026/09/29 15:27:16.722, 4, 8809, 100
2026/09/29 15:27:16.722, 5, 8873, 100
2026/09/29 15:27:16.722, 6, 8831, 100
2026/09/29 15:27:16.722, 7, 8787, 100
2026/09/29 15:27:17.722, 0, 8817, 100
2026/09/29 15:27:17.723, 1, 8829, 100
2026/09/29 15:27:17.723, 2, 8891, 100
2026/09/29 15:27:17.723, 3, 8791, 100
2026/09/29 15:27:17.723, 4, 8809, 100
2026/09/29 15:27:17.723, 5, 8873, 100
2026/09/29 15:27:17.723, 6, 8831, 100
2026/09/29 15:27:17.723, 7, 8787, 100
2026/09/29 15:27:18.723, 0, 8817, 100
2026/09/29 15:27:18.723, 1, 8829, 100
2026/09/29 15:27:18.723, 2, 8891, 100
2026/09/29 15:27:18.723, 3, 8791, 100
2026/09/29 15:27:18.723, 4, 8809, 100
2026/09/29 15:27:18.723, 5, 8873, 100
2026/09/29 15:27:18.723, 6, 8831, 100
2026/09/29 15:27:18.723, 7, 8787, 100
2026/09/29 15:27:19.724, 0, 8817, 100
2026/09/29 15:27:19.724, 1, 8829, 100
2026/09/29 15:27:19.724, 2, 8891, 100
2026/09/29 15:27:19.724, 3, 8791, 100
2026/09/29 15:27:19.724, 4, 8809, 100
2026/09/29 15:27:19.724, 5, 8873, 100
2026/09/29 15:27:19.724, 6, 8831, 100
2026/09/29 15:27:19.724, 7, 8787, 100
2026/09/29 15:27:20.724, 0, 8817, 100
2026/09/29 15:27:20.724, 1, 8829, 100
2026/09/29 15:27:20.725, 2, 8891, 100
2026/09/29 15:27:20.725, 3, 8791, 100
2026/09/29 15:27:20.725, 4, 8809, 100
2026/09/29 15:27:20.725, 5, 8873, 100
2026/09/29 15:27:20.725, 6, 8831, 100
2026/09/29 15:27:20.725, 7, 8787, 100
2026/09/29 15:27:21.725, 0, 8817, 100
2026/09/29 15:27:21.725, 1, 8829, 100
2026/09/29 15:27:21.726, 2, 8891, 100
2026/09/29 15:27:21.726, 3, 8791, 100
2026/09/29 15:27:21.726, 4, 8809, 100
2026/09/29 15:27:21.726, 5, 8873, 100
2026/09/29 15:27:21.726, 6, 8831, 100
2026/09/29 15:27:21.726, 7, 8787, 100
2026/09/29 15:27:22.726, 0, 8817, 100
2026/09/29 15:27:22.726, 1, 8829, 100
2026/09/29 15:27:22.726, 2, 8891, 100
2026/09/29 15:27:22.726, 3, 8791, 100
2026/09/29 15:27:22.726, 4, 8809, 100
2026/09/29 15:27:22.726, 5, 8873, 100
2026/09/29 15:27:22.726, 6, 8831, 100
2026/09/29 15:27:22.726, 7, 8787, 100
2026/09/29 15:27:23.727, 0, 8817, 100
2026/09/29 15:27:23.727, 1, 8829, 100
2026/09/29 15:27:23.727, 2, 8891, 100
2026/09/29 15:27:23.727, 3, 8791, 100
2026/09/29 15:27:23.727, 4, 8809, 100
2026/09/29 15:27:23.727, 5, 8873, 100
2026/09/29 15:27:23.727, 6, 8831, 100
2026/09/29 15:27:23.727, 7, 8787, 100
2026/09/29 15:27:24.727, 0, 8817, 100
2026/09/29 15:27:24.727, 1, 8829, 100
2026/09/29 15:27:24.727, 2, 8891, 100
2026/09/29 15:27:24.727, 3, 8791, 100
2026/09/29 15:27:24.727, 4, 8809, 100
2026/09/29 15:27:24.727, 5, 8873, 100
2026/09/29 15:27:24.728, 6, 8831, 100
2026/09/29 15:27:24.728, 7, 8787, 100
2026/09/29 15:27:25.728, 0, 8817, 100
2026/09/29 15:27:25.728, 1, 8829, 100
2026/09/29 15:27:25.729, 2, 8891, 100
2026/09/29 15:27:25.729, 3, 8791, 100
2026/09/29 15:27:25.729, 4, 8809, 100
2026/09/29 15:27:25.729, 5, 8873, 100
2026/09/29 15:27:25.729, 6, 8831, 100
2026/09/29 15:27:25.729, 7, 8787, 100
2026/09/29 15:27:26.729, 0, 8817, 100
2026/09/29 15:27:26.729, 1, 8829, 100
2026/09/29 15:27:26.729, 2, 8891, 100
2026/09/29 15:27:26.729, 3, 8791, 100
2026/09/29 15:27:26.729, 4, 8809, 100
2026/09/29 15:27:26.729, 5, 8873, 100
2026/09/29 15:27:26.729, 6, 8831, 100
2026/09/29 15:27:26.729, 7, 8787, 100
2026/09/29 15:27:27.729, 0, 4957, 100
2026/09/29 15:27:27.730, 1, 4809, 32
2026/09/29 15:27:27.730, 2, 5011, 100
2026/09/29 15:27:27.731, 3, 4751, 29
2026/09/29 15:27:27.732, 4, 5029, 100
2026/09/29 15:27:27.733, 5, 4833, 100
2026/09/29 15:27:27.734, 6, 4831, 28
2026/09/29 15:27:27.734, 7, 4667, 100
2026/09/29 15:27:28.735, 0, 4179, 27
2026/09/29 15:27:28.735, 1, 4277, 98
2026/09/29 15:27:28.735, 2, 4177, 95
2026/09/29 15:27:28.735, 3, 4221, 96
2026/09/29 15:27:28.735, 4, 4179, 84
2026/09/29 15:27:28.735, 5, 4161, 98
2026/09/29 15:27:28.735, 6, 4259, 98
2026/09/29 15:27:28.736, 7, 4235, 98
2026/09/29 15:27:29.736, 0, 3871, 96
2026/09/29 15:27:29.737, 1, 3921, 0
2026/09/29 15:27:29.749, 2, 3807, 6
2026/09/29 15:27:29.761, 3, 3811, 0
2026/09/29 15:27:29.772, 4, 3845, 87
2026/09/29 15:27:29.785, 5, 3801, 5
2026/09/29 15:27:29.798, 6, 3857, 0
2026/09/29 15:27:29.810, 7, 3865, 89
2026/09/29 15:27:30.822, 0, 3480, 0
2026/09/29 15:27:30.823, 1, 3530, 0
2026/09/29 15:27:30.823, 2, 3416, 0
2026/09/29 15:27:30.823, 3, 3420, 0
2026/09/29 15:27:30.823, 4, 3454, 0
2026/09/29 15:27:30.823, 5, 3410, 0
2026/09/29 15:27:30.824, 6, 3466, 0
2026/09/29 15:27:30.824, 7, 3474, 0
2026/09/29 15:27:31.824, 0, 3480, 0
2026/09/29 15:27:31.824, 1, 3530, 0
2026/09/29 15:27:31.824, 2, 3416, 0
2026/09/29 15:27:31.824, 3, 3420, 0
2026/09/29 15:27:31.824, 4, 3454, 0
2026/09/29 15:27:31.824, 5, 3410, 0
2026/09/29 15:27:31.824, 6, 3466, 0
2026/09/29 15:27:31.824, 7, 3474, 0
2026/09/29 15:27:32.824, 0, 3480, 0
2026/09/29 15:27:32.824, 1, 3530, 0
2026/09/29 15:27:32.824, 2, 3416, 0
2026/09/29 15:27:32.824, 3, 3420, 0
2026/09/29 15:27:32.824, 4, 3454, 0
2026/09/29 15:27:32.825, 5, 3410, 0
2026/09/29 15:27:32.825, 6, 3466, 0
2026/09/29 15:27:32.825, 7, 3474, 0
2026/09/29 15:27:33.825, 0, 3480, 0
2026/09/29 15:27:33.825, 1, 3530, 0
2026/09/29 15:27:33.825, 2, 3416, 0
2026/09/29 15:27:33.825, 3, 3420, 0
2026/09/29 15:27:33.825, 4, 3454, 0
2026/09/29 15:27:33.825, 5, 3410, 0
2026/09/29 15:27:33.825, 6, 3466, 0
2026/09/29 15:27:33.825, 7, 3474, 0
2026/09/29 15:27:34.825, 0, 3382, 0
2026/09/29 15:27:34.825, 1, 3432, 0
2026/09/29 15:27:34.826, 2, 3316, 0
2026/09/29 15:27:34.826, 3, 3320, 0
2026/09/29 15:27:34.826, 4, 3354, 0
2026/09/29 15:27:34.826, 5, 3310, 39
2026/09/29 15:27:34.826, 6, 3366, 0
2026/09/29 15:27:34.826, 7, 3430, 0
2026/09/29 15:27:35.826, 0, 3380, 0
2026/09/29 15:27:35.827, 1, 3430, 0
2026/09/29 15:27:35.827, 2, 3316, 0
2026/09/29 15:27:35.827, 3, 3320, 0
2026/09/29 15:27:35.827, 4, 3354, 0
2026/09/29 15:27:35.827, 5, 3310, 0
2026/09/29 15:27:35.827, 6, 3366, 0
2026/09/29 15:27:35.828, 7, 3374, 0
2026/09/29 15:27:36.828, 0, 3380, 0
2026/09/29 15:27:36.828, 1, 3430, 0
2026/09/29 15:27:36.828, 2, 3316, 0
2026/09/29 15:27:36.828, 3, 3320, 0
2026/09/29 15:27:36.828, 4, 3354, 0
2026/09/29 15:27:36.828, 5, 3310, 0
2026/09/29 15:27:36.828, 6, 3366, 0
2026/09/29 15:27:36.828, 7, 3374, 0
2026/09/29 15:27:37.828, 0, 3380, 0
2026/09/29 15:27:37.828, 1, 3430, 0
2026/09/29 15:27:37.828, 2, 3316, 0
2026/09/29 15:27:37.829, 3, 3320, 0
2026/09/29 15:27:37.829, 4, 3354, 0
2026/09/29 15:27:37.829, 5, 3310, 0
2026/09/29 15:27:37.829, 6, 3366, 0
2026/09/29 15:27:37.829, 7, 3374, 0
2026/09/29 15:27:38.829, 0, 3380, 0
2026/09/29 15:27:38.829, 1, 3430, 0
2026/09/29 15:27:38.829, 2, 3316, 0
2026/09/29 15:27:38.829, 3, 3320, 0
2026/09/29 15:27:38.829, 4, 3354, 0
2026/09/29 15:27:38.829, 5, 3310, 0
2026/09/29 15:27:38.829, 6, 3366, 0
2026/09/29 15:27:38.829, 7, 3374, 0
2026/09/29 15:27:39.829, 0, 3380, 0
2026/09/29 15:27:39.830, 1, 3430, 0
2026/09/29 15:27:39.830, 2, 3316, 0
2026/09/29 15:27:39.830, 3, 3320, 0
2026/09/29 15:27:39.830, 4, 3354, 0
2026/09/29 15:27:39.830, 5, 3310, 0
2026/09/29 15:27:39.830, 6, 3366, 0
2026/09/29 15:27:39.830, 7, 3374, 0
2026/09/29 15:27:40.830, 0, 3380, 0
2026/09/29 15:27:40.830, 1, 3430, 0
2026/09/29 15:27:40.830, 2, 3316, 0
2026/09/29 15:27:40.830, 3, 3320, 0
2026/09/29 15:27:40.830, 4, 3354, 0
2026/09/29 15:27:40.830, 5, 3310, 0
2026/09/29 15:27:40.830, 6, 3366, 0
2026/09/29 15:27:40.831, 7, 3374, 0
2026/09/29 15:27:41.831, 0, 3380, 0
2026/09/29 15:28:07.087, 1, 4, 0
2026/09/29 15:28:53.582, 2, 4, 0
2026/09/29 15:28:53.617, 3, 4, 0
2026/09/29 15:28:53.618, 4, 4, 0
2026/09/29 15:28:53.618, 5, 4, 0
2026/09/29 15:28:53.618, 6, 4, 0
2026/09/29 15:28:53.619, 7, 4, 0
