2026/09/29 07:42:26.434, 0, 1, 0
2026/09/29 07:42:26.436, 1, 1, 0
2026/09/29 07:42:26.439, 2, 1, 0
2026/09/29 07:42:26.441, 3, 1, 0
2026/09/29 07:42:26.443, 4, 1, 0
2026/09/29 07:42:26.446, 5, 1, 0
2026/09/29 07:42:26.448, 6, 1, 0
2026/09/29 07:42:26.450, 7, 1, 0
2026/09/29 07:42:27.452, 0, 1, 0
2026/09/29 07:42:27.452, 1, 1, 0
2026/09/29 07:42:27.452, 2, 1, 0
2026/09/29 07:42:27.452, 3, 1, 0
2026/09/29 07:42:27.452, 4, 1, 0
2026/09/29 07:42:27.452, 5, 1, 0
2026/09/29 07:42:27.452, 6, 1, 0
2026/09/29 07:42:27.453, 7, 1, 0
2026/09/29 07:42:28.453, 0, 4, 0
2026/09/29 07:42:28.453, 1, 2, 0
2026/09/29 07:42:28.454, 2, 1, 0
2026/09/29 07:42:28.454, 3, 1, 0
2026/09/29 07:42:28.455, 4, 1, 0
2026/09/29 07:42:28.455, 5, 1, 0
2026/09/29 07:42:28.455, 6, 1, 0
2026/09/29 07:42:28.455, 7, 1, 0
2026/09/29 07:42:29.455, 0, 4, 0
2026/09/29 07:42:29.455, 1, 4, 0
2026/09/29 07:42:29.455, 2, 4, 0
2026/09/29 07:42:29.455, 3, 4, 0
2026/09/29 07:42:29.455, 4, 4, 0
2026/09/29 07:42:29.455, 5, 4, 0
2026/09/29 07:42:29.455, 6, 4, 0
2026/09/29 07:42:29.456, 7, 4, 0
2026/09/29 07:42:30.456, 0, 4, 0
2026/09/29 07:42:30.456, 1, 4, 0
2026/09/29 07:42:30.456, 2, 4, 0
2026/09/29 07:42:30.456, 3, 4, 0
2026/09/29 07:42:30.456, 4, 4, 0
2026/09/29 07:42:30.456, 5, 4, 0
2026/09/29 07:42:30.456, 6, 4, 0
2026/09/29 07:42:30.456, 7, 4, 0
2026/09/29 07:42:31.456, 0, 4, 0
2026/09/29 07:42:31.456, 1, 4, 0
2026/09/29 07:42:31.456, 2, 4, 0
2026/09/29 07:42:31.456, 3, 4, 0
2026/09/29 07:42:31.457, 4, 4, 0
2026/09/29 07:42:31.457, 5, 4, 0
2026/09/29 07:42:31.457, 6, 4, 0
2026/09/29 07:42:31.457, 7, 4, 0
2026/09/29 07:42:32.457, 0, 4, 0
2026/09/29 07:42:32.457, 1, 4, 0
2026/09/29 07:42:32.457, 2, 4, 0
2026/09/29 07:42:32.457, 3, 4, 0
2026/09/29 07:42:32.457, 4, 4, 0
2026/09/29 07:42:32.457, 5, 4, 0
2026/09/29 07:42:32.457, 6, 4, 0
2026/09/29 07:42:32.457, 7, 4, 0
2026/09/29 07:42:33.457, 0, 4, 0
2026/09/29 07:42:33.457, 1, 4, 0
2026/09/29 07:42:33.458, 2, 4, 0
2026/09/29 07:42:33.458, 3, 4, 0
2026/09/29 07:42:33.458, 4, 4, 0
2026/09/29 07:42:33.458, 5, 4, 0
2026/09/29 07:42:33.458, 6, 4, 0
2026/09/29 07:42:33.458, 7, 4, 0
2026/09/29 07:42:34.458, 0, 4, 0
2026/09/29 07:42:34.458, 1, 4, 0
2026/09/29 07:42:34.458, 2, 4, 0
2026/09/29 07:42:34.458, 3, 4, 0
2026/09/29 07:42:34.458, 4, 4, 0
2026/09/29 07:42:34.458, 5, 4, 0
2026/09/29 07:42:34.458, 6, 4, 0
2026/09/29 07:42:34.458, 7, 4, 0
2026/09/29 07:42:35.458, 0, 4, 0
2026/09/29 07:42:35.459, 1, 4, 0
2026/09/29 07:42:35.459, 2, 4, 0
2026/09/29 07:42:35.459, 3, 4, 0
2026/09/29 07:42:35.459, 4, 4, 0
2026/09/29 07:42:35.459, 5, 4, 0
2026/09/29 07:42:35.459, 6, 4, 0
2026/09/29 07:42:35.459, 7, 4, 0
2026/09/29 07:42:36.459, 0, 4, 0
2026/09/29 07:42:36.459, 1, 4, 0
2026/09/29 07:42:36.459, 2, 4, 0
2026/09/29 07:42:36.459, 3, 4, 0
2026/09/29 07:42:36.460, 4, 4, 0
2026/09/29 07:42:36.460, 5, 4, 0
2026/09/29 07:42:36.461, 6, 4, 0
2026/09/29 07:42:36.461, 7, 4, 0
2026/09/29 07:42:37.461, 0, 4, 0
2026/09/29 07:42:37.461, 1, 4, 0
2026/09/29 07:42:37.461, 2, 4, 0
2026/09/29 07:42:37.461, 3, 4, 0
2026/09/29 07:42:37.461, 4, 4, 0
2026/09/29 07:42:37.461, 5, 4, 0
2026/09/29 07:42:37.461, 6, 4, 0
2026/09/29 07:42:37.461, 7, 4, 0
2026/09/29 07:42:38.461, 0, 4, 0
2026/09/29 07:42:38.462, 1, 4, 0
2026/09/29 07:42:38.463, 2, 4, 0
2026/09/29 07:42:38.464, 3, 4, 0
2026/09/29 07:42:38.464, 4, 4, 0
2026/09/29 07:42:38.464, 5, 4, 0
2026/09/29 07:42:38.466, 6, 4, 0
2026/09/29 07:42:38.466, 7, 4, 0
2026/09/29 07:42:39.467, 0, 4, 0
2026/09/29 07:42:39.467, 1, 4, 0
2026/09/29 07:42:39.467, 2, 4, 0
2026/09/29 07:42:39.467, 3, 4, 0
2026/09/29 07:42:39.467, 4, 4, 0
2026/09/29 07:42:39.467, 5, 4, 0
2026/09/29 07:42:39.468, 6, 4, 0
2026/09/29 07:42:39.468, 7, 4, 0
2026/09/29 07:42:40.468, 0, 4, 0
2026/09/29 07:42:40.469, 1, 4, 0
2026/09/29 07:42:40.469, 2, 4, 0
2026/09/29 07:42:40.469, 3, 4, 0
2026/09/29 07:42:40.469, 4, 4, 0
2026/09/29 07:42:40.469, 5, 4, 0
2026/09/29 07:42:40.469, 6, 4, 0
2026/09/29 07:42:40.469, 7, 4, 0
2026/09/29 07:42:41.470, 0, 396, 0
2026/09/29 07:42:41.471, 1, 24, 0
2026/09/29 07:42:41.471, 2, 36, 0
2026/09/29 07:42:41.472, 3, 396, 0
2026/09/29 07:42:41.472, 4, 396, 0
2026/09/29 07:42:41.472, 5, 32, 0
2026/09/29 07:42:41.475, 6, 96, 0
2026/09/29 07:42:41.475, 7, 36, 0
2026/09/29 07:42:42.478, 0, 606, 0
2026/09/29 07:42:42.478, 1, 606, 7
2026/09/29 07:42:42.478, 2, 606, 6
2026/09/29 07:42:42.478, 3, 606, 9
2026/09/29 07:42:42.478, 4, 606, 0
2026/09/29 07:42:42.478, 5, 606, 6
2026/09/29 07:42:42.478, 6, 606, 0
2026/09/29 07:42:42.478, 7, 606, 0
2026/09/29 07:42:43.478, 0, 606, 0
2026/09/29 07:42:43.479, 1, 606, 0
2026/09/29 07:42:43.479, 2, 606, 0
2026/09/29 07:42:43.479, 3, 606, 0
2026/09/29 07:42:43.479, 4, 606, 0
2026/09/29 07:42:43.479, 5, 606, 0
2026/09/29 07:42:43.479, 6, 606, 0
2026/09/29 07:42:43.479, 7, 606, 0
2026/09/29 07:42:44.479, 0, 606, 0
2026/09/29 07:42:44.479, 1, 606, 0
2026/09/29 07:42:44.479, 2, 606, 0
2026/09/29 07:42:44.479, 3, 606, 0
2026/09/29 07:42:44.479, 4, 606, 0
2026/09/29 07:42:44.479, 5, 606, 0
2026/09/29 07:42:44.479, 6, 606, 0
2026/09/29 07:42:44.479, 7, 606, 0
2026/09/29 07:42:45.480, 0, 606, 0
2026/09/29 07:42:45.480, 1, 606, 0
2026/09/29 07:42:45.480, 2, 606, 0
2026/09/29 07:42:45.480, 3, 606, 0
2026/09/29 07:42:45.480, 4, 606, 0
2026/09/29 07:42:45.480, 5, 606, 0
2026/09/29 07:42:45.480, 6, 606, 0
2026/09/29 07:42:45.480, 7, 606, 0
2026/09/29 07:42:46.480, 0, 606, 0
2026/09/29 07:42:46.480, 1, 606, 0
2026/09/29 07:42:46.480, 2, 606, 0
2026/09/29 07:42:46.480, 3, 606, 0
2026/09/29 07:42:46.480, 4, 606, 0
2026/09/29 07:42:46.480, 5, 606, 0
2026/09/29 07:42:46.480, 6, 606, 0
2026/09/29 07:42:46.481, 7, 606, 0
2026/09/29 07:42:47.481, 0, 606, 0
2026/09/29 07:42:47.481, 1, 606, 0
2026/09/29 07:42:47.481, 2, 606, 0
2026/09/29 07:42:47.481, 3, 606, 0
2026/09/29 07:42:47.481, 4, 606, 0
2026/09/29 07:42:47.481, 5, 606, 0
2026/09/29 07:42:47.481, 6, 606, 0
2026/09/29 07:42:47.481, 7, 606, 0
2026/09/29 07:42:48.481, 0, 606, 0
2026/09/29 07:42:48.481, 1, 606, 0
2026/09/29 07:42:48.481, 2, 606, 0
2026/09/29 07:42:48.481, 3, 606, 0
2026/09/29 07:42:48.482, 4, 606, 0
2026/09/29 07:42:48.482, 5, 606, 0
2026/09/29 07:42:48.482, 6, 606, 0
2026/09/29 07:42:48.482, 7, 606, 0
2026/09/29 07:42:49.482, 0, 606, 0
2026/09/29 07:42:49.482, 1, 606, 0
2026/09/29 07:42:49.482, 2, 606, 0
2026/09/29 07:42:49.482, 3, 606, 0
2026/09/29 07:42:49.482, 4, 606, 0
2026/09/29 07:42:49.482, 5, 606, 0
2026/09/29 07:42:49.482, 6, 606, 0
2026/09/29 07:42:49.482, 7, 606, 0
2026/09/29 07:42:50.482, 0, 606, 0
2026/09/29 07:42:50.482, 1, 606, 0
2026/09/29 07:42:50.482, 2, 606, 0
2026/09/29 07:42:50.483, 3, 606, 0
2026/09/29 07:42:50.483, 4, 606, 0
2026/09/29 07:42:50.483, 5, 606, 0
2026/09/29 07:42:50.483, 6, 606, 0
2026/09/29 07:42:50.483, 7, 606, 0
2026/09/29 07:42:51.483, 0, 606, 0
2026/09/29 07:42:51.483, 1, 606, 0
2026/09/29 07:42:51.483, 2, 606, 0
2026/09/29 07:42:51.483, 3, 606, 0
2026/09/29 07:42:51.483, 4, 606, 0
2026/09/29 07:42:51.483, 5, 606, 0
2026/09/29 07:42:51.483, 6, 606, 0
2026/09/29 07:42:51.483, 7, 606, 0
2026/09/29 07:42:52.483, 0, 606, 0
2026/09/29 07:42:52.483, 1, 606, 0
2026/09/29 07:42:52.484, 2, 606, 0
2026/09/29 07:42:52.484, 3, 606, 0
2026/09/29 07:42:52.484, 4, 606, 0
2026/09/29 07:42:52.484, 5, 606, 0
2026/09/29 07:42:52.484, 6, 606, 0
2026/09/29 07:42:52.484, 7, 606, 0
2026/09/29 07:42:53.484, 0, 606, 0
2026/09/29 07:42:53.484, 1, 606, 0
2026/09/29 07:42:53.484, 2, 606, 0
2026/09/29 07:42:53.484, 3, 606, 0
2026/09/29 07:42:53.484, 4, 606, 0
2026/09/29 07:42:53.484, 5, 606, 0
2026/09/29 07:42:53.484, 6, 606, 0
2026/09/29 07:42:53.484, 7, 606, 0
2026/09/29 07:42:54.485, 0, 606, 0
2026/09/29 07:42:54.485, 1, 606, 0
2026/09/29 07:42:54.485, 2, 606, 0
2026/09/29 07:42:54.485, 3, 606, 0
2026/09/29 07:42:54.485, 4, 606, 0
2026/09/29 07:42:54.485, 5, 606, 0
2026/09/29 07:42:54.485, 6, 606, 0
2026/09/29 07:42:54.485, 7, 606, 0
2026/09/29 07:42:55.485, 0, 606, 0
2026/09/29 07:42:55.485, 1, 606, 0
2026/09/29 07:42:55.485, 2, 606, 0
2026/09/29 07:42:55.485, 3, 606, 0
2026/09/29 07:42:55.485, 4, 606, 0
2026/09/29 07:42:55.485, 5, 606, 0
2026/09/29 07:42:55.485, 6, 606, 0
2026/09/29 07:42:55.485, 7, 606, 0
2026/09/29 07:42:56.486, 0, 606, 0
2026/09/29 07:42:56.486, 1, 606, 0
2026/09/29 07:42:56.486, 2, 606, 0
2026/09/29 07:42:56.486, 3, 606, 0
2026/09/29 07:42:56.486, 4, 606, 0
2026/09/29 07:42:56.486, 5, 606, 0
2026/09/29 07:42:56.486, 6, 606, 0
2026/09/29 07:42:56.486, 7, 606, 0
2026/09/29 07:42:57.486, 0, 606, 0
2026/09/29 07:42:57.486, 1, 606, 0
2026/09/29 07:42:57.487, 2, 606, 0
2026/09/29 07:42:57.487, 3, 606, 0
2026/09/29 07:42:57.487, 4, 606, 0
2026/09/29 07:42:57.487, 5, 606, 0
2026/09/29 07:42:57.487, 6, 606, 0
2026/09/29 07:42:57.487, 7, 606, 0
2026/09/29 07:42:58.487, 0, 606, 0
2026/09/29 07:42:58.487, 1, 606, 0
2026/09/29 07:42:58.487, 2, 606, 0
2026/09/29 07:42:58.487, 3, 606, 0
2026/09/29 07:42:58.487, 4, 606, 0
2026/09/29 07:42:58.487, 5, 606, 0
2026/09/29 07:42:58.487, 6, 606, 0
2026/09/29 07:42:58.487, 7, 606, 0
2026/09/29 07:42:59.488, 0, 606, 0
2026/09/29 07:42:59.488, 1, 606, 0
2026/09/29 07:42:59.488, 2, 606, 0
2026/09/29 07:42:59.488, 3, 606, 0
2026/09/29 07:42:59.488, 4, 606, 0
2026/09/29 07:42:59.488, 5, 606, 0
2026/09/29 07:42:59.488, 6, 606, 0
2026/09/29 07:42:59.488, 7, 606, 0
2026/09/29 07:43:00.488, 0, 606, 0
2026/09/29 07:43:00.488, 1, 606, 0
2026/09/29 07:43:00.488, 2, 606, 0
2026/09/29 07:43:00.488, 3, 606, 0
2026/09/29 07:43:00.488, 4, 606, 0
2026/09/29 07:43:00.488, 5, 606, 0
2026/09/29 07:43:00.488, 6, 606, 0
2026/09/29 07:43:00.489, 7, 606, 0
2026/09/29 07:43:01.489, 0, 606, 0
2026/09/29 07:43:01.489, 1, 606, 0
2026/09/29 07:43:01.489, 2, 606, 0
2026/09/29 07:43:01.489, 3, 606, 0
2026/09/29 07:43:01.489, 4, 606, 0
2026/09/29 07:43:01.489, 5, 606, 0
2026/09/29 07:43:01.489, 6, 606, 0
2026/09/29 07:43:01.489, 7, 606, 0
2026/09/29 07:43:02.489, 0, 606, 0
2026/09/29 07:43:02.489, 1, 606, 0
2026/09/29 07:43:02.489, 2, 606, 0
2026/09/29 07:43:02.489, 3, 606, 0
2026/09/29 07:43:02.489, 4, 606, 0
2026/09/29 07:43:02.490, 5, 606, 0
2026/09/29 07:43:02.490, 6, 606, 0
2026/09/29 07:43:02.490, 7, 606, 0
2026/09/29 07:43:03.490, 0, 606, 0
2026/09/29 07:43:03.490, 1, 606, 0
2026/09/29 07:43:03.490, 2, 606, 0
2026/09/29 07:43:03.490, 3, 606, 0
2026/09/29 07:43:03.490, 4, 606, 0
2026/09/29 07:43:03.490, 5, 606, 0
2026/09/29 07:43:03.490, 6, 606, 0
2026/09/29 07:43:03.490, 7, 606, 0
2026/09/29 07:43:04.490, 0, 606, 0
2026/09/29 07:43:04.490, 1, 606, 0
2026/09/29 07:43:04.490, 2, 606, 0
2026/09/29 07:43:04.491, 3, 606, 0
2026/09/29 07:43:04.491, 4, 606, 0
2026/09/29 07:43:04.491, 5, 606, 0
2026/09/29 07:43:04.491, 6, 606, 0
2026/09/29 07:43:04.491, 7, 606, 0
2026/09/29 07:43:05.491, 0, 606, 0
2026/09/29 07:43:05.491, 1, 606, 0
2026/09/29 07:43:05.492, 2, 606, 0
2026/09/29 07:43:05.492, 3, 606, 0
2026/09/29 07:43:05.492, 4, 606, 0
2026/09/29 07:43:05.492, 5, 606, 0
2026/09/29 07:43:05.492, 6, 606, 0
2026/09/29 07:43:05.492, 7, 606, 0
2026/09/29 07:43:06.492, 0, 606, 0
2026/09/29 07:43:06.492, 1, 606, 0
2026/09/29 07:43:06.492, 2, 606, 0
2026/09/29 07:43:06.492, 3, 606, 0
2026/09/29 07:43:06.492, 4, 606, 0
2026/09/29 07:43:06.492, 5, 606, 0
2026/09/29 07:43:06.493, 6, 606, 0
2026/09/29 07:43:06.493, 7, 606, 0
2026/09/29 07:43:07.493, 0, 606, 0
2026/09/29 07:43:07.493, 1, 606, 0
2026/09/29 07:43:07.493, 2, 606, 0
2026/09/29 07:43:07.493, 3, 606, 0
2026/09/29 07:43:07.493, 4, 606, 0
2026/09/29 07:43:07.493, 5, 606, 0
2026/09/29 07:43:07.493, 6, 606, 0
2026/09/29 07:43:07.493, 7, 606, 0
2026/09/29 07:43:08.493, 0, 606, 0
2026/09/29 07:43:08.493, 1, 606, 0
2026/09/29 07:43:08.493, 2, 606, 0
2026/09/29 07:43:08.494, 3, 606, 0
2026/09/29 07:43:08.494, 4, 606, 0
2026/09/29 07:43:08.494, 5, 606, 0
2026/09/29 07:43:08.494, 6, 606, 0
2026/09/29 07:43:08.494, 7, 606, 0
2026/09/29 07:43:09.494, 0, 606, 0
2026/09/29 07:43:09.494, 1, 606, 0
2026/09/29 07:43:09.494, 2, 606, 0
2026/09/29 07:43:09.494, 3, 606, 0
2026/09/29 07:43:09.494, 4, 606, 0
2026/09/29 07:43:09.494, 5, 606, 0
2026/09/29 07:43:09.494, 6, 606, 0
2026/09/29 07:43:09.494, 7, 606, 0
2026/09/29 07:43:10.494, 0, 606, 0
2026/09/29 07:43:10.495, 1, 606, 0
2026/09/29 07:43:10.495, 2, 606, 0
2026/09/29 07:43:10.495, 3, 606, 0
2026/09/29 07:43:10.495, 4, 606, 0
2026/09/29 07:43:10.495, 5, 606, 0
2026/09/29 07:43:10.495, 6, 606, 0
2026/09/29 07:43:10.495, 7, 606, 0
2026/09/29 07:43:11.495, 0, 606, 0
2026/09/29 07:43:11.495, 1, 606, 0
2026/09/29 07:43:11.495, 2, 606, 0
2026/09/29 07:43:11.495, 3, 606, 0
2026/09/29 07:43:11.495, 4, 606, 0
2026/09/29 07:43:11.495, 5, 606, 0
2026/09/29 07:43:11.495, 6, 606, 0
2026/09/29 07:43:11.496, 7, 606, 0
2026/09/29 07:43:12.496, 0, 606, 0
2026/09/29 07:43:12.496, 1, 606, 0
2026/09/29 07:43:12.496, 2, 606, 0
2026/09/29 07:43:12.496, 3, 606, 0
2026/09/29 07:43:12.496, 4, 606, 0
2026/09/29 07:43:12.496, 5, 606, 0
2026/09/29 07:43:12.496, 6, 606, 0
2026/09/29 07:43:12.496, 7, 606, 0
2026/09/29 07:43:13.497, 0, 606, 0
2026/09/29 07:43:13.497, 1, 606, 0
2026/09/29 07:43:13.497, 2, 606, 0
2026/09/29 07:43:13.497, 3, 606, 0
2026/09/29 07:43:13.497, 4, 606, 0
2026/09/29 07:43:13.497, 5, 606, 0
2026/09/29 07:43:13.497, 6, 606, 0
2026/09/29 07:43:13.497, 7, 606, 0
2026/09/29 07:43:14.497, 0, 606, 0
2026/09/29 07:43:14.497, 1, 606, 0
2026/09/29 07:43:14.497, 2, 606, 0
2026/09/29 07:43:14.497, 3, 606, 0
2026/09/29 07:43:14.497, 4, 606, 0
2026/09/29 07:43:14.497, 5, 606, 0
2026/09/29 07:43:14.497, 6, 606, 0
2026/09/29 07:43:14.497, 7, 606, 0
2026/09/29 07:43:15.498, 0, 606, 0
2026/09/29 07:43:15.498, 1, 606, 0
2026/09/29 07:43:15.498, 2, 606, 0
2026/09/29 07:43:15.498, 3, 606, 0
2026/09/29 07:43:15.499, 4, 606, 0
2026/09/29 07:43:15.499, 5, 606, 0
2026/09/29 07:43:15.499, 6, 606, 0
2026/09/29 07:43:15.499, 7, 606, 0
2026/09/29 07:43:16.499, 0, 606, 0
2026/09/29 07:43:16.499, 1, 606, 0
2026/09/29 07:43:16.499, 2, 606, 0
2026/09/29 07:43:16.499, 3, 606, 0
2026/09/29 07:43:16.499, 4, 606, 0
2026/09/29 07:43:16.499, 5, 606, 0
2026/09/29 07:43:16.499, 6, 606, 0
2026/09/29 07:43:16.499, 7, 606, 0
2026/09/29 07:43:17.499, 0, 606, 0
2026/09/29 07:43:17.499, 1, 606, 0
2026/09/29 07:43:17.499, 2, 606, 0
2026/09/29 07:43:17.500, 3, 606, 0
2026/09/29 07:43:17.500, 4, 606, 0
2026/09/29 07:43:17.500, 5, 606, 0
2026/09/29 07:43:17.500, 6, 606, 0
2026/09/29 07:43:17.500, 7, 606, 0
2026/09/29 07:43:18.500, 0, 606, 0
2026/09/29 07:43:18.500, 1, 606, 0
2026/09/29 07:43:18.500, 2, 606, 0
2026/09/29 07:43:18.500, 3, 606, 0
2026/09/29 07:43:18.500, 4, 606, 0
2026/09/29 07:43:18.500, 5, 606, 0
2026/09/29 07:43:18.500, 6, 606, 0
2026/09/29 07:43:18.500, 7, 606, 0
2026/09/29 07:43:19.500, 0, 606, 0
2026/09/29 07:43:19.501, 1, 606, 0
2026/09/29 07:43:19.501, 2, 606, 0
2026/09/29 07:43:19.501, 3, 606, 0
2026/09/29 07:43:19.501, 4, 606, 0
2026/09/29 07:43:19.501, 5, 606, 0
2026/09/29 07:43:19.501, 6, 606, 0
2026/09/29 07:43:19.501, 7, 606, 0
2026/09/29 07:43:20.501, 0, 606, 0
2026/09/29 07:43:20.502, 1, 606, 0
2026/09/29 07:43:20.502, 2, 606, 0
2026/09/29 07:43:20.502, 3, 606, 0
2026/09/29 07:43:20.502, 4, 606, 0
2026/09/29 07:43:20.502, 5, 606, 0
2026/09/29 07:43:20.502, 6, 606, 0
2026/09/29 07:43:20.502, 7, 606, 0
2026/09/29 07:43:21.503, 0, 606, 0
2026/09/29 07:43:21.503, 1, 606, 0
2026/09/29 07:43:21.503, 2, 606, 0
2026/09/29 07:43:21.503, 3, 606, 0
2026/09/29 07:43:21.503, 4, 606, 0
2026/09/29 07:43:21.503, 5, 606, 0
2026/09/29 07:43:21.503, 6, 606, 0
2026/09/29 07:43:21.503, 7, 606, 0
2026/09/29 07:43:22.503, 0, 606, 0
2026/09/29 07:43:22.503, 1, 606, 0
2026/09/29 07:43:22.503, 2, 606, 0
2026/09/29 07:43:22.503, 3, 606, 0
2026/09/29 07:43:22.503, 4, 606, 0
2026/09/29 07:43:22.503, 5, 606, 0
2026/09/29 07:43:22.503, 6, 606, 0
2026/09/29 07:43:22.504, 7, 606, 0
2026/09/29 07:43:23.504, 0, 606, 0
2026/09/29 07:43:23.504, 1, 606, 0
2026/09/29 07:43:23.504, 2, 606, 0
2026/09/29 07:43:23.504, 3, 606, 0
2026/09/29 07:43:23.504, 4, 606, 0
2026/09/29 07:43:23.504, 5, 606, 0
2026/09/29 07:43:23.504, 6, 606, 0
2026/09/29 07:43:23.504, 7, 606, 0
2026/09/29 07:43:24.504, 0, 606, 0
2026/09/29 07:43:24.504, 1, 606, 0
2026/09/29 07:43:24.504, 2, 606, 0
2026/09/29 07:43:24.504, 3, 606, 0
2026/09/29 07:43:24.504, 4, 606, 0
2026/09/29 07:43:24.505, 5, 606, 0
2026/09/29 07:43:24.505, 6, 606, 0
2026/09/29 07:43:24.505, 7, 606, 0
2026/09/29 07:43:25.505, 0, 606, 0
2026/09/29 07:43:25.505, 1, 606, 0
2026/09/29 07:43:25.505, 2, 606, 0
2026/09/29 07:43:25.505, 3, 606, 0
2026/09/29 07:43:25.506, 4, 606, 0
2026/09/29 07:43:25.506, 5, 606, 0
2026/09/29 07:43:25.506, 6, 606, 0
2026/09/29 07:43:25.506, 7, 606, 0
2026/09/29 07:43:26.506, 0, 606, 0
2026/09/29 07:43:26.506, 1, 606, 0
2026/09/29 07:43:26.506, 2, 606, 0
2026/09/29 07:43:26.506, 3, 606, 0
2026/09/29 07:43:26.506, 4, 606, 0
2026/09/29 07:43:26.506, 5, 606, 0
2026/09/29 07:43:26.506, 6, 606, 0
2026/09/29 07:43:26.506, 7, 606, 0
2026/09/29 07:43:27.506, 0, 606, 0
2026/09/29 07:43:27.507, 1, 606, 0
2026/09/29 07:43:27.507, 2, 606, 0
2026/09/29 07:43:27.507, 3, 606, 0
2026/09/29 07:43:27.507, 4, 606, 0
2026/09/29 07:43:27.507, 5, 606, 0
2026/09/29 07:43:27.507, 6, 606, 0
2026/09/29 07:43:27.507, 7, 606, 0
2026/09/29 07:43:28.507, 0, 606, 0
2026/09/29 07:43:28.507, 1, 606, 0
2026/09/29 07:43:28.507, 2, 606, 0
2026/09/29 07:43:28.507, 3, 606, 0
2026/09/29 07:43:28.507, 4, 606, 0
2026/09/29 07:43:28.507, 5, 606, 0
2026/09/29 07:43:28.507, 6, 606, 0
2026/09/29 07:43:28.507, 7, 606, 0
2026/09/29 07:43:29.508, 0, 606, 0
2026/09/29 07:43:29.508, 1, 606, 0
2026/09/29 07:43:29.508, 2, 606, 0
2026/09/29 07:43:29.508, 3, 606, 0
2026/09/29 07:43:29.508, 4, 606, 0
2026/09/29 07:43:29.508, 5, 606, 0
2026/09/29 07:43:29.508, 6, 606, 0
2026/09/29 07:43:29.508, 7, 606, 0
2026/09/29 07:43:30.508, 0, 606, 0
2026/09/29 07:43:30.508, 1, 606, 0
2026/09/29 07:43:30.508, 2, 606, 0
2026/09/29 07:43:30.508, 3, 606, 0
2026/09/29 07:43:30.508, 4, 606, 0
2026/09/29 07:43:30.508, 5, 606, 0
2026/09/29 07:43:30.509, 6, 606, 0
2026/09/29 07:43:30.509, 7, 606, 0
2026/09/29 07:43:31.509, 0, 606, 0
2026/09/29 07:43:31.509, 1, 606, 0
2026/09/29 07:43:31.509, 2, 606, 0
2026/09/29 07:43:31.509, 3, 606, 0
2026/09/29 07:43:31.509, 4, 606, 0
2026/09/29 07:43:31.509, 5, 606, 0
2026/09/29 07:43:31.509, 6, 606, 0
2026/09/29 07:43:31.509, 7, 606, 0
2026/09/29 07:43:32.509, 0, 606, 0
2026/09/29 07:43:32.509, 1, 606, 0
2026/09/29 07:43:32.509, 2, 606, 0
2026/09/29 07:43:32.509, 3, 606, 0
2026/09/29 07:43:32.510, 4, 606, 0
2026/09/29 07:43:32.510, 5, 606, 0
2026/09/29 07:43:32.510, 6, 606, 0
2026/09/29 07:43:32.510, 7, 606, 0
2026/09/29 07:43:33.510, 0, 606, 0
2026/09/29 07:43:33.510, 1, 606, 0
2026/09/29 07:43:33.510, 2, 606, 0
2026/09/29 07:43:33.510, 3, 606, 0
2026/09/29 07:43:33.510, 4, 606, 0
2026/09/29 07:43:33.510, 5, 606, 0
2026/09/29 07:43:33.510, 6, 606, 0
2026/09/29 07:43:33.510, 7, 606, 0
2026/09/29 07:43:34.510, 0, 606, 0
2026/09/29 07:43:34.510, 1, 606, 0
2026/09/29 07:43:34.511, 2, 606, 0
2026/09/29 07:43:34.511, 3, 606, 0
2026/09/29 07:43:34.511, 4, 606, 0
2026/09/29 07:43:34.511, 5, 606, 0
2026/09/29 07:43:34.511, 6, 606, 0
2026/09/29 07:43:34.511, 7, 606, 0
2026/09/29 07:43:35.511, 0, 606, 0
2026/09/29 07:43:35.511, 1, 606, 0
2026/09/29 07:43:35.511, 2, 606, 0
2026/09/29 07:43:35.511, 3, 606, 0
2026/09/29 07:43:35.511, 4, 606, 0
2026/09/29 07:43:35.511, 5, 606, 0
2026/09/29 07:43:35.512, 6, 606, 0
2026/09/29 07:43:35.512, 7, 606, 0
2026/09/29 07:43:36.512, 0, 606, 0
2026/09/29 07:43:36.512, 1, 606, 0
2026/09/29 07:43:36.512, 2, 606, 0
2026/09/29 07:43:36.512, 3, 606, 0
2026/09/29 07:43:36.512, 4, 606, 0
2026/09/29 07:43:36.512, 5, 606, 0
2026/09/29 07:43:36.512, 6, 606, 0
2026/09/29 07:43:36.512, 7, 606, 0
2026/09/29 07:43:37.512, 0, 606, 0
2026/09/29 07:43:37.512, 1, 606, 0
2026/09/29 07:43:37.512, 2, 606, 0
2026/09/29 07:43:37.512, 3, 606, 0
2026/09/29 07:43:37.513, 4, 606, 0
2026/09/29 07:43:37.513, 5, 606, 0
2026/09/29 07:43:37.513, 6, 606, 0
2026/09/29 07:43:37.513, 7, 606, 0
2026/09/29 07:43:38.513, 0, 606, 0
2026/09/29 07:43:38.513, 1, 606, 0
2026/09/29 07:43:38.513, 2, 606, 0
2026/09/29 07:43:38.513, 3, 606, 0
2026/09/29 07:43:38.513, 4, 606, 0
2026/09/29 07:43:38.513, 5, 606, 0
2026/09/29 07:43:38.513, 6, 606, 0
2026/09/29 07:43:38.513, 7, 606, 0
2026/09/29 07:43:39.513, 0, 606, 0
2026/09/29 07:43:39.513, 1, 606, 0
2026/09/29 07:43:39.514, 2, 606, 0
2026/09/29 07:43:39.514, 3, 606, 0
2026/09/29 07:43:39.514, 4, 606, 0
2026/09/29 07:43:39.514, 5, 606, 0
2026/09/29 07:43:39.514, 6, 606, 0
2026/09/29 07:43:39.514, 7, 606, 0
2026/09/29 07:43:40.514, 0, 606, 0
2026/09/29 07:43:40.514, 1, 606, 0
2026/09/29 07:43:40.515, 2, 606, 0
2026/09/29 07:43:40.515, 3, 606, 0
2026/09/29 07:43:40.515, 4, 606, 0
2026/09/29 07:43:40.515, 5, 606, 0
2026/09/29 07:43:40.515, 6, 606, 0
2026/09/29 07:43:40.515, 7, 606, 0
2026/09/29 07:43:41.515, 0, 606, 0
2026/09/29 07:43:41.515, 1, 606, 0
2026/09/29 07:43:41.515, 2, 606, 0
2026/09/29 07:43:41.515, 3, 606, 0
2026/09/29 07:43:41.515, 4, 606, 0
2026/09/29 07:43:41.515, 5, 606, 0
2026/09/29 07:43:41.515, 6, 606, 0
2026/09/29 07:43:41.515, 7, 606, 0
2026/09/29 07:43:42.515, 0, 606, 0
2026/09/29 07:43:42.515, 1, 606, 0
2026/09/29 07:43:42.515, 2, 606, 0
2026/09/29 07:43:42.515, 3, 606, 0
2026/09/29 07:43:42.515, 4, 606, 0
2026/09/29 07:43:42.515, 5, 606, 0
2026/09/29 07:43:42.516, 6, 606, 0
2026/09/29 07:43:42.516, 7, 606, 0
2026/09/29 07:43:43.516, 0, 606, 0
2026/09/29 07:43:43.516, 1, 606, 0
2026/09/29 07:43:43.516, 2, 606, 0
2026/09/29 07:43:43.516, 3, 606, 0
2026/09/29 07:43:43.516, 4, 606, 0
2026/09/29 07:43:43.516, 5, 606, 0
2026/09/29 07:43:43.516, 6, 606, 0
2026/09/29 07:43:43.516, 7, 606, 0
2026/09/29 07:43:44.516, 0, 606, 0
2026/09/29 07:43:44.516, 1, 606, 0
2026/09/29 07:43:44.516, 2, 606, 0
2026/09/29 07:43:44.517, 3, 606, 0
2026/09/29 07:43:44.517, 4, 606, 0
2026/09/29 07:43:44.517, 5, 606, 0
2026/09/29 07:43:44.517, 6, 606, 0
2026/09/29 07:43:44.517, 7, 606, 0
2026/09/29 07:43:45.517, 0, 606, 0
2026/09/29 07:43:45.517, 1, 606, 0
2026/09/29 07:43:45.518, 2, 606, 0
2026/09/29 07:43:45.518, 3, 606, 0
2026/09/29 07:43:45.518, 4, 606, 0
2026/09/29 07:43:45.518, 5, 606, 0
2026/09/29 07:43:45.518, 6, 606, 0
2026/09/29 07:43:45.518, 7, 606, 0
2026/09/29 07:43:46.518, 0, 606, 0
2026/09/29 07:43:46.518, 1, 606, 0
2026/09/29 07:43:46.518, 2, 606, 0
2026/09/29 07:43:46.518, 3, 606, 0
2026/09/29 07:43:46.518, 4, 606, 0
2026/09/29 07:43:46.518, 5, 606, 0
2026/09/29 07:43:46.518, 6, 606, 0
2026/09/29 07:43:46.518, 7, 606, 0
2026/09/29 07:43:47.518, 0, 606, 0
2026/09/29 07:43:47.519, 1, 606, 0
2026/09/29 07:43:47.519, 2, 606, 0
2026/09/29 07:43:47.519, 3, 606, 0
2026/09/29 07:43:47.519, 4, 606, 0
2026/09/29 07:43:47.519, 5, 606, 0
2026/09/29 07:43:47.519, 6, 606, 0
2026/09/29 07:43:47.519, 7, 606, 0
2026/09/29 07:43:48.519, 0, 606, 0
2026/09/29 07:43:48.519, 1, 606, 0
2026/09/29 07:43:48.519, 2, 606, 0
2026/09/29 07:43:48.519, 3, 606, 0
2026/09/29 07:43:48.519, 4, 606, 0
2026/09/29 07:43:48.519, 5, 606, 0
2026/09/29 07:43:48.519, 6, 606, 0
2026/09/29 07:43:48.519, 7, 606, 0
2026/09/29 07:43:49.520, 0, 606, 0
2026/09/29 07:43:49.520, 1, 606, 0
2026/09/29 07:43:49.520, 2, 606, 0
2026/09/29 07:43:49.520, 3, 606, 0
2026/09/29 07:43:49.520, 4, 606, 0
2026/09/29 07:43:49.520, 5, 606, 0
2026/09/29 07:43:49.520, 6, 606, 0
2026/09/29 07:43:49.520, 7, 606, 0
2026/09/29 07:43:50.520, 0, 606, 0
2026/09/29 07:43:50.520, 1, 606, 0
2026/09/29 07:43:50.521, 2, 606, 0
2026/09/29 07:43:50.521, 3, 606, 0
2026/09/29 07:43:50.521, 4, 606, 0
2026/09/29 07:43:50.521, 5, 606, 0
2026/09/29 07:43:50.521, 6, 606, 0
2026/09/29 07:43:50.521, 7, 606, 0
2026/09/29 07:43:51.521, 0, 606, 0
2026/09/29 07:43:51.521, 1, 606, 0
2026/09/29 07:43:51.521, 2, 606, 0
2026/09/29 07:43:51.521, 3, 606, 0
2026/09/29 07:43:51.521, 4, 606, 0
2026/09/29 07:43:51.521, 5, 606, 0
2026/09/29 07:43:51.522, 6, 606, 0
2026/09/29 07:43:51.522, 7, 606, 0
2026/09/29 07:43:52.522, 0, 606, 0
2026/09/29 07:43:52.522, 1, 606, 0
2026/09/29 07:43:52.522, 2, 606, 0
2026/09/29 07:43:52.522, 3, 606, 0
2026/09/29 07:43:52.522, 4, 606, 0
2026/09/29 07:43:52.522, 5, 606, 0
2026/09/29 07:43:52.522, 6, 606, 0
2026/09/29 07:43:52.522, 7, 606, 0
2026/09/29 07:43:53.522, 0, 606, 0
2026/09/29 07:43:53.523, 1, 606, 0
2026/09/29 07:43:53.523, 2, 606, 0
2026/09/29 07:43:53.523, 3, 606, 0
2026/09/29 07:43:53.523, 4, 606, 0
2026/09/29 07:43:53.523, 5, 606, 0
2026/09/29 07:43:53.523, 6, 606, 0
2026/09/29 07:43:53.523, 7, 606, 0
2026/09/29 07:43:54.523, 0, 606, 0
2026/09/29 07:43:54.523, 1, 606, 0
2026/09/29 07:43:54.523, 2, 606, 0
2026/09/29 07:43:54.523, 3, 606, 0
2026/09/29 07:43:54.524, 4, 606, 0
2026/09/29 07:43:54.524, 5, 606, 0
2026/09/29 07:43:54.524, 6, 606, 0
2026/09/29 07:43:54.524, 7, 606, 0
2026/09/29 07:43:55.524, 0, 606, 0
2026/09/29 07:43:55.524, 1, 606, 0
2026/09/29 07:43:55.524, 2, 606, 0
2026/09/29 07:43:55.524, 3, 606, 0
2026/09/29 07:43:55.524, 4, 606, 0
2026/09/29 07:43:55.524, 5, 606, 0
2026/09/29 07:43:55.524, 6, 606, 0
2026/09/29 07:43:55.524, 7, 606, 0
2026/09/29 07:43:56.525, 0, 606, 0
2026/09/29 07:43:56.525, 1, 606, 0
2026/09/29 07:43:56.528, 2, 606, 0
2026/09/29 07:43:56.530, 3, 606, 0
2026/09/29 07:43:56.530, 4, 606, 0
2026/09/29 07:43:56.532, 5, 606, 0
2026/09/29 07:43:56.532, 6, 606, 0
2026/09/29 07:43:56.533, 7, 606, 0
2026/09/29 07:43:57.533, 0, 1386, 0
2026/09/29 07:43:57.533, 1, 906, 0
2026/09/29 07:43:57.533, 2, 2146, 0
2026/09/29 07:43:57.534, 3, 1626, 0
2026/09/29 07:43:57.534, 4, 1246, 2
2026/09/29 07:43:57.534, 5, 1526, 0
2026/09/29 07:43:57.534, 6, 1246, 0
2026/09/29 07:43:57.534, 7, 1486, 13
2026/09/29 07:43:58.534, 0, 2148, 5
2026/09/29 07:43:58.534, 1, 2148, 16
2026/09/29 07:43:58.534, 2, 2148, 0
2026/09/29 07:43:58.534, 3, 2148, 15
2026/09/29 07:43:58.534, 4, 2148, 5
2026/09/29 07:43:58.534, 5, 2148, 14
2026/09/29 07:43:58.534, 6, 2148, 7
2026/09/29 07:43:58.535, 7, 2148, 0
2026/09/29 07:43:59.535, 0, 2150, 0
2026/09/29 07:43:59.535, 1, 2150, 0
2026/09/29 07:43:59.535, 2, 2150, 1
2026/09/29 07:43:59.535, 3, 2150, 1
2026/09/29 07:43:59.535, 4, 2150, 0
2026/09/29 07:43:59.535, 5, 2150, 0
2026/09/29 07:43:59.535, 6, 2150, 0
2026/09/29 07:43:59.535, 7, 2150, 0
2026/09/29 07:44:00.536, 0, 2152, 0
2026/09/29 07:44:00.536, 1, 2150, 0
2026/09/29 07:44:00.536, 2, 2152, 0
2026/09/29 07:44:00.536, 3, 2152, 0
2026/09/29 07:44:00.536, 4, 2152, 0
2026/09/29 07:44:00.536, 5, 2152, 0
2026/09/29 07:44:00.536, 6, 2152, 0
2026/09/29 07:44:00.536, 7, 2152, 0
2026/09/29 07:44:01.536, 0, 2154, 0
2026/09/29 07:44:01.537, 1, 2152, 0
2026/09/29 07:44:01.537, 2, 2154, 0
2026/09/29 07:44:01.537, 3, 2154, 0
2026/09/29 07:44:01.537, 4, 2154, 0
2026/09/29 07:44:01.537, 5, 2154, 0
2026/09/29 07:44:01.537, 6, 2154, 0
2026/09/29 07:44:01.537, 7, 2154, 0
2026/09/29 07:44:02.537, 0, 2156, 0
2026/09/29 07:44:02.537, 1, 2154, 0
2026/09/29 07:44:02.537, 2, 2156, 0
2026/09/29 07:44:02.537, 3, 2156, 0
2026/09/29 07:44:02.537, 4, 2154, 0
2026/09/29 07:44:02.538, 5, 2156, 0
2026/09/29 07:44:02.538, 6, 2156, 0
2026/09/29 07:44:02.538, 7, 2156, 0
2026/09/29 07:44:03.538, 0, 2158, 0
2026/09/29 07:44:03.538, 1, 2156, 0
2026/09/29 07:44:03.538, 2, 2156, 0
2026/09/29 07:44:03.538, 3, 2158, 0
2026/09/29 07:44:03.538, 4, 2158, 0
2026/09/29 07:44:03.538, 5, 2158, 0
2026/09/29 07:44:03.538, 6, 2158, 0
2026/09/29 07:44:03.539, 7, 2158, 0
2026/09/29 07:44:04.539, 0, 2160, 0
2026/09/29 07:44:04.539, 1, 2158, 0
2026/09/29 07:44:04.540, 2, 2158, 0
2026/09/29 07:44:04.540, 3, 2160, 0
2026/09/29 07:44:04.541, 4, 2158, 0
2026/09/29 07:44:04.541, 5, 2160, 0
2026/09/29 07:44:04.542, 6, 2160, 0
2026/09/29 07:44:04.542, 7, 2160, 0
2026/09/29 07:44:05.542, 0, 2162, 0
2026/09/29 07:44:05.542, 1, 2158, 0
2026/09/29 07:44:05.544, 2, 2158, 1
2026/09/29 07:44:05.544, 3, 2162, 0
2026/09/29 07:44:05.544, 4, 2160, 0
2026/09/29 07:44:05.544, 5, 2162, 0
2026/09/29 07:44:05.545, 6, 2160, 0
2026/09/29 07:44:05.545, 7, 2162, 0
2026/09/29 07:44:06.545, 0, 2164, 0
2026/09/29 07:44:06.546, 1, 2160, 0
2026/09/29 07:44:06.546, 2, 2160, 0
2026/09/29 07:44:06.546, 3, 2164, 0
2026/09/29 07:44:06.546, 4, 2162, 1
2026/09/29 07:44:06.546, 5, 2164, 0
2026/09/29 07:44:06.546, 6, 2162, 0
2026/09/29 07:44:06.546, 7, 2162, 0
2026/09/29 07:44:07.547, 0, 2164, 0
2026/09/29 07:44:07.547, 1, 2162, 0
2026/09/29 07:44:07.547, 2, 2160, 0
2026/09/29 07:44:07.547, 3, 2164, 0
2026/09/29 07:44:07.547, 4, 2164, 1
2026/09/29 07:44:07.547, 5, 2164, 0
2026/09/29 07:44:07.547, 6, 2164, 0
2026/09/29 07:44:07.547, 7, 2164, 0
2026/09/29 07:44:08.547, 0, 2166, 0
2026/09/29 07:44:08.547, 1, 2164, 0
2026/09/29 07:44:08.548, 2, 2162, 0
2026/09/29 07:44:08.548, 3, 2166, 0
2026/09/29 07:44:08.548, 4, 2164, 0
2026/09/29 07:44:08.548, 5, 2166, 0
2026/09/29 07:44:08.548, 6, 2166, 0
2026/09/29 07:44:08.548, 7, 2166, 0
2026/09/29 07:44:09.548, 0, 2168, 0
2026/09/29 07:44:09.548, 1, 2166, 0
2026/09/29 07:44:09.548, 2, 2164, 0
2026/09/29 07:44:09.548, 3, 2168, 0
2026/09/29 07:44:09.548, 4, 2166, 0
2026/09/29 07:44:09.548, 5, 2168, 0
2026/09/29 07:44:09.548, 6, 2168, 0
2026/09/29 07:44:09.548, 7, 2168, 0
2026/09/29 07:44:10.549, 0, 2168, 0
2026/09/29 07:44:10.549, 1, 2168, 0
2026/09/29 07:44:10.549, 2, 2164, 0
2026/09/29 07:44:10.549, 3, 2170, 0
2026/09/29 07:44:10.549, 4, 2168, 0
2026/09/29 07:44:10.549, 5, 2170, 0
2026/09/29 07:44:10.549, 6, 2170, 0
2026/09/29 07:44:10.549, 7, 2170, 0
2026/09/29 07:44:11.550, 0, 2170, 0
2026/09/29 07:44:11.550, 1, 2170, 0
2026/09/29 07:44:11.550, 2, 2164, 0
2026/09/29 07:44:11.550, 3, 2172, 0
2026/09/29 07:44:11.550, 4, 2168, 0
2026/09/29 07:44:11.550, 5, 2172, 0
2026/09/29 07:44:11.550, 6, 2172, 0
2026/09/29 07:44:11.550, 7, 2172, 0
2026/09/29 07:44:12.550, 0, 2172, 0
2026/09/29 07:44:12.550, 1, 2172, 0
2026/09/29 07:44:12.550, 2, 2166, 0
2026/09/29 07:44:12.550, 3, 2172, 0
2026/09/29 07:44:12.550, 4, 2170, 0
2026/09/29 07:44:12.550, 5, 2174, 0
2026/09/29 07:44:12.551, 6, 2172, 0
2026/09/29 07:44:12.551, 7, 2174, 0
2026/09/29 07:44:13.551, 0, 2174, 0
2026/09/29 07:44:13.551, 1, 2174, 0
2026/09/29 07:44:13.551, 2, 2166, 0
2026/09/29 07:44:13.551, 3, 2174, 0
2026/09/29 07:44:13.551, 4, 2172, 0
2026/09/29 07:44:13.552, 5, 2176, 0
2026/09/29 07:44:13.552, 6, 2174, 0
2026/09/29 07:44:13.552, 7, 2176, 0
2026/09/29 07:44:14.552, 0, 2176, 0
2026/09/29 07:44:14.552, 1, 2176, 1
2026/09/29 07:44:14.552, 2, 2166, 0
2026/09/29 07:44:14.552, 3, 2176, 0
2026/09/29 07:44:14.552, 4, 2172, 0
2026/09/29 07:44:14.552, 5, 2178, 0
2026/09/29 07:44:14.552, 6, 2176, 0
2026/09/29 07:44:14.552, 7, 2178, 0
2026/09/29 07:44:15.553, 0, 2178, 1
2026/09/29 07:44:15.553, 1, 2176, 0
2026/09/29 07:44:15.553, 2, 2168, 0
2026/09/29 07:44:15.553, 3, 2178, 0
2026/09/29 07:44:15.553, 4, 2174, 0
2026/09/29 07:44:15.553, 5, 2180, 0
2026/09/29 07:44:15.553, 6, 2178, 0
2026/09/29 07:44:15.553, 7, 2178, 0
2026/09/29 07:44:16.554, 0, 2180, 0
2026/09/29 07:44:16.554, 1, 2178, 0
2026/09/29 07:44:16.554, 2, 2168, 0
2026/09/29 07:44:16.554, 3, 2180, 1
2026/09/29 07:44:16.554, 4, 2174, 0
2026/09/29 07:44:16.554, 5, 2180, 0
2026/09/29 07:44:16.554, 6, 2180, 0
2026/09/29 07:44:16.554, 7, 2180, 1
2026/09/29 07:44:17.554, 0, 2180, 0
2026/09/29 07:44:17.554, 1, 2180, 0
2026/09/29 07:44:17.554, 2, 2168, 0
2026/09/29 07:44:17.554, 3, 2182, 0
2026/09/29 07:44:17.554, 4, 2176, 1
2026/09/29 07:44:17.555, 5, 2184, 0
2026/09/29 07:44:17.555, 6, 2182, 0
2026/09/29 07:44:17.555, 7, 2182, 0
2026/09/29 07:44:18.555, 0, 2182, 0
2026/09/29 07:44:18.555, 1, 2182, 0
2026/09/29 07:44:18.555, 2, 2168, 0
2026/09/29 07:44:18.555, 3, 2184, 0
2026/09/29 07:44:18.555, 4, 2178, 0
2026/09/29 07:44:18.555, 5, 2184, 1
2026/09/29 07:44:18.555, 6, 2184, 1
2026/09/29 07:44:18.555, 7, 2184, 0
2026/09/29 07:44:19.555, 0, 2184, 0
2026/09/29 07:44:19.555, 1, 2182, 0
2026/09/29 07:44:19.555, 2, 2170, 0
2026/09/29 07:44:19.556, 3, 2184, 0
2026/09/29 07:44:19.556, 4, 2180, 0
2026/09/29 07:44:19.556, 5, 2186, 1
2026/09/29 07:44:19.557, 6, 2186, 1
2026/09/29 07:44:19.557, 7, 2186, 0
2026/09/29 07:44:20.558, 0, 2186, 0
2026/09/29 07:44:20.558, 1, 2184, 1
2026/09/29 07:44:20.558, 2, 2170, 0
2026/09/29 07:44:20.558, 3, 2186, 1
2026/09/29 07:44:20.558, 4, 2182, 0
2026/09/29 07:44:20.558, 5, 2188, 0
2026/09/29 07:44:20.558, 6, 2188, 0
2026/09/29 07:44:20.558, 7, 2188, 1
2026/09/29 07:44:21.559, 0, 2188, 0
2026/09/29 07:44:21.559, 1, 2184, 0
2026/09/29 07:44:21.559, 2, 2170, 0
2026/09/29 07:44:21.559, 3, 2188, 0
2026/09/29 07:44:21.559, 4, 2182, 1
2026/09/29 07:44:21.559, 5, 2190, 0
2026/09/29 07:44:21.559, 6, 2190, 0
2026/09/29 07:44:21.559, 7, 2190, 1
2026/09/29 07:44:22.559, 0, 2190, 0
2026/09/29 07:44:22.559, 1, 2186, 0
2026/09/29 07:44:22.559, 2, 2172, 0
2026/09/29 07:44:22.559, 3, 2190, 0
2026/09/29 07:44:22.559, 4, 2184, 0
2026/09/29 07:44:22.559, 5, 2192, 0
2026/09/29 07:44:22.559, 6, 2192, 0
2026/09/29 07:44:22.559, 7, 2192, 0
2026/09/29 07:44:23.560, 0, 2190, 1
2026/09/29 07:44:23.560, 1, 2188, 0
2026/09/29 07:44:23.560, 2, 2172, 0
2026/09/29 07:44:23.560, 3, 2192, 0
2026/09/29 07:44:23.560, 4, 2186, 0
2026/09/29 07:44:23.560, 5, 2194, 1
2026/09/29 07:44:23.567, 6, 2194, 0
2026/09/29 07:44:23.567, 7, 2194, 0
2026/09/29 07:44:24.567, 0, 2192, 0
2026/09/29 07:44:24.567, 1, 2188, 0
2026/09/29 07:44:24.567, 2, 2172, 0
2026/09/29 07:44:24.567, 3, 2194, 0
2026/09/29 07:44:24.567, 4, 2188, 1
2026/09/29 07:44:24.567, 5, 2196, 1
2026/09/29 07:44:24.567, 6, 2194, 1
2026/09/29 07:44:24.568, 7, 2194, 0
2026/09/29 07:44:25.568, 0, 2194, 0
2026/09/29 07:44:25.568, 1, 2190, 0
2026/09/29 07:44:25.568, 2, 2174, 0
2026/09/29 07:44:25.569, 3, 2196, 0
2026/09/29 07:44:25.569, 4, 2190, 0
2026/09/29 07:44:25.569, 5, 2198, 0
2026/09/29 07:44:25.569, 6, 2196, 0
2026/09/29 07:44:25.569, 7, 2196, 1
2026/09/29 07:44:26.569, 0, 2194, 0
2026/09/29 07:44:26.569, 1, 2192, 0
2026/09/29 07:44:26.571, 2, 2174, 0
2026/09/29 07:44:26.572, 3, 2198, 1
2026/09/29 07:44:26.572, 4, 2190, 0
2026/09/29 07:44:26.572, 5, 2200, 0
2026/09/29 07:44:26.572, 6, 2198, 0
2026/09/29 07:44:26.573, 7, 2198, 0
2026/09/29 07:44:27.573, 0, 2196, 0
2026/09/29 07:44:27.573, 1, 2194, 0
2026/09/29 07:44:27.573, 2, 2174, 0
2026/09/29 07:44:27.573, 3, 2200, 1
2026/09/29 07:44:27.573, 4, 2192, 1
2026/09/29 07:44:27.573, 5, 2200, 0
2026/09/29 07:44:27.573, 6, 2200, 0
2026/09/29 07:44:27.573, 7, 2200, 0
2026/09/29 07:44:28.574, 0, 2198, 0
2026/09/29 07:44:28.574, 1, 2196, 0
2026/09/29 07:44:28.574, 2, 2176, 0
2026/09/29 07:44:28.574, 3, 2202, 0
2026/09/29 07:44:28.574, 4, 2192, 0
2026/09/29 07:44:28.574, 5, 2202, 0
2026/09/29 07:44:28.574, 6, 2202, 0
2026/09/29 07:44:28.574, 7, 2202, 0
2026/09/29 07:44:29.574, 0, 2200, 0
2026/09/29 07:44:29.574, 1, 2196, 0
2026/09/29 07:44:29.574, 2, 2176, 0
2026/09/29 07:44:29.574, 3, 2204, 0
2026/09/29 07:44:29.574, 4, 2194, 0
2026/09/29 07:44:29.574, 5, 2204, 0
2026/09/29 07:44:29.575, 6, 2204, 0
2026/09/29 07:44:29.575, 7, 2204, 0
2026/09/29 07:44:30.575, 0, 2202, 0
2026/09/29 07:44:30.575, 1, 2198, 0
2026/09/29 07:44:30.575, 2, 2176, 1
2026/09/29 07:44:30.575, 3, 2206, 0
2026/09/29 07:44:30.575, 4, 2196, 0
2026/09/29 07:44:30.575, 5, 2206, 0
2026/09/29 07:44:30.575, 6, 2206, 0
2026/09/29 07:44:30.575, 7, 2206, 0
2026/09/29 07:44:31.575, 0, 2204, 0
2026/09/29 07:44:31.576, 1, 2200, 0
2026/09/29 07:44:31.578, 2, 2178, 0
2026/09/29 07:44:31.578, 3, 2208, 0
2026/09/29 07:44:31.578, 4, 2196, 0
2026/09/29 07:44:31.578, 5, 2208, 0
2026/09/29 07:44:31.578, 6, 2208, 0
2026/09/29 07:44:31.578, 7, 2206, 0
2026/09/29 07:44:32.578, 0, 2206, 0
2026/09/29 07:44:32.579, 1, 2200, 0
2026/09/29 07:44:32.579, 2, 2178, 0
2026/09/29 07:44:32.579, 3, 2208, 0
2026/09/29 07:44:32.579, 4, 2198, 0
2026/09/29 07:44:32.579, 5, 2210, 0
2026/09/29 07:44:32.579, 6, 2208, 1
2026/09/29 07:44:32.579, 7, 2208, 0
2026/09/29 07:44:33.579, 0, 2208, 0
2026/09/29 07:44:33.579, 1, 2202, 0
2026/09/29 07:44:33.579, 2, 2178, 0
2026/09/29 07:44:33.579, 3, 2210, 0
2026/09/29 07:44:33.579, 4, 2198, 0
2026/09/29 07:44:33.579, 5, 2212, 0
2026/09/29 07:44:33.579, 6, 2210, 1
2026/09/29 07:44:33.579, 7, 2210, 0
2026/09/29 07:44:34.580, 0, 2210, 0
2026/09/29 07:44:34.580, 1, 2202, 0
2026/09/29 07:44:34.580, 2, 2178, 0
2026/09/29 07:44:34.580, 3, 2212, 0
2026/09/29 07:44:34.580, 4, 2200, 0
2026/09/29 07:44:34.580, 5, 2214, 0
2026/09/29 07:44:34.580, 6, 2212, 0
2026/09/29 07:44:34.580, 7, 2212, 0
2026/09/29 07:44:35.580, 0, 2212, 0
2026/09/29 07:44:35.580, 1, 2204, 1
2026/09/29 07:44:35.581, 2, 2180, 0
2026/09/29 07:44:35.581, 3, 2214, 0
2026/09/29 07:44:35.581, 4, 2200, 0
2026/09/29 07:44:35.581, 5, 2216, 0
2026/09/29 07:44:35.581, 6, 2214, 0
2026/09/29 07:44:35.581, 7, 2214, 0
2026/09/29 07:44:36.581, 0, 2212, 0
2026/09/29 07:44:36.581, 1, 2204, 0
2026/09/29 07:44:36.581, 2, 2180, 0
2026/09/29 07:44:36.581, 3, 2216, 1
2026/09/29 07:44:36.581, 4, 2202, 1
2026/09/29 07:44:36.581, 5, 2218, 0
2026/09/29 07:44:36.581, 6, 2216, 0
2026/09/29 07:44:36.581, 7, 2216, 0
2026/09/29 07:44:37.582, 0, 2214, 0
2026/09/29 07:44:37.582, 1, 2206, 0
2026/09/29 07:44:37.582, 2, 2180, 0
2026/09/29 07:44:37.582, 3, 2218, 0
2026/09/29 07:44:37.582, 4, 2202, 0
2026/09/29 07:44:37.582, 5, 2218, 0
2026/09/29 07:44:37.582, 6, 2218, 0
2026/09/29 07:44:37.582, 7, 2218, 0
2026/09/29 07:44:38.582, 0, 2216, 0
2026/09/29 07:44:38.582, 1, 2206, 0
2026/09/29 07:44:38.582, 2, 2182, 0
2026/09/29 07:44:38.582, 3, 2218, 0
2026/09/29 07:44:38.582, 4, 2204, 1
2026/09/29 07:44:38.583, 5, 2220, 0
2026/09/29 07:44:38.583, 6, 2220, 0
2026/09/29 07:44:38.583, 7, 2220, 1
2026/09/29 07:44:39.583, 0, 2218, 0
2026/09/29 07:44:39.583, 1, 2208, 0
2026/09/29 07:44:39.583, 2, 2182, 0
2026/09/29 07:44:39.583, 3, 2220, 1
2026/09/29 07:44:39.583, 4, 2204, 0
2026/09/29 07:44:39.583, 5, 2222, 0
2026/09/29 07:44:39.583, 6, 2222, 0
2026/09/29 07:44:39.583, 7, 2222, 1
2026/09/29 07:44:40.583, 0, 2220, 0
2026/09/29 07:44:40.584, 1, 2210, 0
2026/09/29 07:44:40.584, 2, 2182, 0
2026/09/29 07:44:40.584, 3, 2222, 0
2026/09/29 07:44:40.584, 4, 2206, 0
2026/09/29 07:44:40.584, 5, 2224, 0
2026/09/29 07:44:40.584, 6, 2224, 0
2026/09/29 07:44:40.584, 7, 2224, 0
2026/09/29 07:44:41.584, 0, 2222, 0
2026/09/29 07:44:41.584, 1, 2210, 0
2026/09/29 07:44:41.585, 2, 2184, 0
2026/09/29 07:44:41.585, 3, 2224, 0
2026/09/29 07:44:41.585, 4, 2206, 0
2026/09/29 07:44:41.586, 5, 2226, 0
2026/09/29 07:44:41.586, 6, 2224, 0
2026/09/29 07:44:41.587, 7, 2224, 0
2026/09/29 07:44:42.588, 0, 2224, 0
2026/09/29 07:44:42.589, 1, 2212, 1
2026/09/29 07:44:42.590, 2, 2184, 0
2026/09/29 07:44:42.590, 3, 2224, 0
2026/09/29 07:44:42.590, 4, 2208, 0
2026/09/29 07:44:42.590, 5, 2228, 0
2026/09/29 07:44:42.590, 6, 2226, 0
2026/09/29 07:44:42.590, 7, 2226, 0
2026/09/29 07:44:43.590, 0, 2224, 1
2026/09/29 07:44:43.590, 1, 2214, 0
2026/09/29 07:44:43.590, 2, 2184, 0
2026/09/29 07:44:43.590, 3, 2226, 0
2026/09/29 07:44:43.590, 4, 2208, 0
2026/09/29 07:44:43.590, 5, 2230, 1
2026/09/29 07:44:43.590, 6, 2228, 0
2026/09/29 07:44:43.590, 7, 2228, 1
2026/09/29 07:44:44.590, 0, 2226, 1
2026/09/29 07:44:44.591, 1, 2214, 0
2026/09/29 07:44:44.591, 2, 2186, 0
2026/09/29 07:44:44.591, 3, 2228, 0
2026/09/29 07:44:44.591, 4, 2210, 0
2026/09/29 07:44:44.591, 5, 2232, 0
2026/09/29 07:44:44.591, 6, 2230, 0
2026/09/29 07:44:44.591, 7, 2230, 0
2026/09/29 07:44:45.596, 0, 2228, 0
2026/09/29 07:44:45.596, 1, 2216, 0
2026/09/29 07:44:45.596, 2, 2186, 0
2026/09/29 07:44:45.596, 3, 2230, 1
2026/09/29 07:44:45.596, 4, 2210, 0
2026/09/29 07:44:45.596, 5, 2232, 0
2026/09/29 07:44:45.596, 6, 2232, 0
2026/09/29 07:44:45.597, 7, 2232, 0
2026/09/29 07:44:46.597, 0, 2230, 0
2026/09/29 07:44:46.603, 1, 2218, 0
2026/09/29 07:44:46.603, 2, 2186, 0
2026/09/29 07:44:46.604, 3, 2232, 0
2026/09/29 07:44:46.604, 4, 2212, 0
2026/09/29 07:44:46.604, 5, 2234, 0
2026/09/29 07:44:46.605, 6, 2234, 0
2026/09/29 07:44:46.605, 7, 2234, 1
2026/09/29 07:44:47.606, 0, 2232, 1
2026/09/29 07:44:47.606, 1, 2218, 0
2026/09/29 07:44:47.606, 2, 2188, 0
2026/09/29 07:44:47.606, 3, 2232, 0
2026/09/29 07:44:47.606, 4, 2212, 0
2026/09/29 07:44:47.606, 5, 2236, 0
2026/09/29 07:44:47.606, 6, 2234, 0
2026/09/29 07:44:47.607, 7, 2234, 1
2026/09/29 07:44:48.608, 0, 2234, 0
2026/09/29 07:44:48.614, 1, 2220, 0
2026/09/29 07:44:48.618, 2, 2188, 0
2026/09/29 07:44:48.618, 3, 2234, 0
2026/09/29 07:44:48.619, 4, 2214, 0
2026/09/29 07:44:48.620, 5, 4418, 0
2026/09/29 07:44:48.621, 6, 2236, 0
2026/09/29 07:44:48.621, 7, 2236, 0
2026/09/29 07:44:49.621, 0, 2236, 0
2026/09/29 07:44:49.621, 1, 2222, 0
2026/09/29 07:44:49.621, 2, 2188, 0
2026/09/29 07:44:49.621, 3, 2236, 0
2026/09/29 07:44:49.622, 4, 2216, 0
2026/09/29 07:44:49.622, 5, 13078, 3
2026/09/29 07:44:49.622, 6, 13078, 1
2026/09/29 07:44:49.622, 7, 13078, 0
2026/09/29 07:44:50.622, 0, 2236, 0
2026/09/29 07:44:50.622, 1, 2222, 1
2026/09/29 07:44:50.622, 2, 2188, 0
2026/09/29 07:44:50.622, 3, 2238, 0
2026/09/29 07:44:50.622, 4, 2216, 0
2026/09/29 07:44:50.622, 5, 13078, 0
2026/09/29 07:44:50.622, 6, 13078, 0
2026/09/29 07:44:50.623, 7, 13078, 0
2026/09/29 07:44:51.623, 0, 13078, 0
2026/09/29 07:44:51.623, 1, 2224, 0
2026/09/29 07:44:51.623, 2, 2190, 0
2026/09/29 07:44:51.623, 3, 13078, 3
2026/09/29 07:44:51.623, 4, 2218, 0
2026/09/29 07:44:51.623, 5, 13078, 0
2026/09/29 07:44:51.623, 6, 13078, 0
2026/09/29 07:44:51.623, 7, 13078, 0
2026/09/29 07:44:52.623, 0, 13078, 0
2026/09/29 07:44:52.624, 1, 2226, 0
2026/09/29 07:44:52.624, 2, 2190, 0
2026/09/29 07:44:52.624, 3, 13078, 0
2026/09/29 07:44:52.624, 4, 2218, 0
2026/09/29 07:44:52.624, 5, 13078, 0
2026/09/29 07:44:52.624, 6, 13078, 0
2026/09/29 07:44:52.624, 7, 13078, 0
2026/09/29 07:44:53.624, 0, 13078, 0
2026/09/29 07:44:53.624, 1, 2226, 1
2026/09/29 07:44:53.624, 2, 2192, 0
2026/09/29 07:44:53.624, 3, 13078, 0
2026/09/29 07:44:53.625, 4, 2220, 0
2026/09/29 07:44:53.625, 5, 13078, 0
2026/09/29 07:44:53.625, 6, 13078, 0
2026/09/29 07:44:53.625, 7, 13078, 0
2026/09/29 07:44:54.625, 0, 13078, 0
2026/09/29 07:44:54.625, 1, 2228, 0
2026/09/29 07:44:54.625, 2, 2192, 0
2026/09/29 07:44:54.625, 3, 13078, 0
2026/09/29 07:44:54.625, 4, 2220, 0
2026/09/29 07:44:54.625, 5, 13078, 0
2026/09/29 07:44:54.625, 6, 13078, 0
2026/09/29 07:44:54.625, 7, 13078, 0
2026/09/29 07:44:55.626, 0, 13078, 0
2026/09/29 07:44:55.626, 1, 2230, 0
2026/09/29 07:44:55.626, 2, 2194, 0
2026/09/29 07:44:55.626, 3, 13078, 0
2026/09/29 07:44:55.626, 4, 2222, 1
2026/09/29 07:44:55.626, 5, 13078, 0
2026/09/29 07:44:55.626, 6, 13078, 0
2026/09/29 07:44:55.626, 7, 13078, 0
2026/09/29 07:44:56.626, 0, 13078, 0
2026/09/29 07:44:56.626, 1, 2230, 0
2026/09/29 07:44:56.626, 2, 2194, 0
2026/09/29 07:44:56.626, 3, 13078, 0
2026/09/29 07:44:56.627, 4, 2222, 0
2026/09/29 07:44:56.627, 5, 13078, 0
2026/09/29 07:44:56.627, 6, 13078, 0
2026/09/29 07:44:56.627, 7, 13078, 0
2026/09/29 07:44:57.627, 0, 13078, 0
2026/09/29 07:44:57.627, 1, 2232, 1
2026/09/29 07:44:57.627, 2, 2196, 1
2026/09/29 07:44:57.627, 3, 13078, 0
2026/09/29 07:44:57.627, 4, 2224, 0
2026/09/29 07:44:57.627, 5, 13078, 0
2026/09/29 07:44:57.627, 6, 13078, 0
2026/09/29 07:44:57.627, 7, 13078, 0
2026/09/29 07:44:58.627, 0, 13078, 0
2026/09/29 07:44:58.628, 1, 2232, 0
2026/09/29 07:44:58.628, 2, 2196, 0
2026/09/29 07:44:58.628, 3, 13078, 0
2026/09/29 07:44:58.628, 4, 2224, 0
2026/09/29 07:44:58.628, 5, 13078, 0
2026/09/29 07:44:58.628, 6, 13078, 0
2026/09/29 07:44:58.628, 7, 13078, 0
2026/09/29 07:44:59.628, 0, 13078, 0
2026/09/29 07:44:59.628, 1, 2234, 0
2026/09/29 07:44:59.628, 2, 2198, 0
2026/09/29 07:44:59.628, 3, 13078, 0
2026/09/29 07:44:59.628, 4, 2226, 0
2026/09/29 07:44:59.628, 5, 13078, 0
2026/09/29 07:44:59.628, 6, 13078, 0
2026/09/29 07:44:59.628, 7, 13078, 0
2026/09/29 07:45:00.629, 0, 13078, 0
2026/09/29 07:45:00.631, 1, 2234, 0
2026/09/29 07:45:00.631, 2, 2198, 0
2026/09/29 07:45:00.631, 3, 13078, 0
2026/09/29 07:45:00.631, 4, 2226, 0
2026/09/29 07:45:00.631, 5, 13078, 0
2026/09/29 07:45:00.631, 6, 13078, 0
2026/09/29 07:45:00.631, 7, 13078, 0
2026/09/29 07:45:01.631, 0, 13078, 0
2026/09/29 07:45:01.631, 1, 2236, 0
2026/09/29 07:45:01.631, 2, 2200, 0
2026/09/29 07:45:01.631, 3, 13078, 0
2026/09/29 07:45:01.631, 4, 2228, 0
2026/09/29 07:45:01.631, 5, 13078, 0
2026/09/29 07:45:01.631, 6, 13078, 0
2026/09/29 07:45:01.632, 7, 13078, 0
2026/09/29 07:45:02.632, 0, 13078, 0
2026/09/29 07:45:02.632, 1, 2236, 0
2026/09/29 07:45:02.632, 2, 2200, 0
2026/09/29 07:45:02.632, 3, 13078, 0
2026/09/29 07:45:02.632, 4, 2228, 0
2026/09/29 07:45:02.633, 5, 13078, 0
2026/09/29 07:45:02.633, 6, 13078, 0
2026/09/29 07:45:02.633, 7, 13078, 0
2026/09/29 07:45:03.634, 0, 13078, 0
2026/09/29 07:45:03.634, 1, 8438, 0
2026/09/29 07:45:03.634, 2, 2202, 0
2026/09/29 07:45:03.634, 3, 13078, 0
2026/09/29 07:45:03.634, 4, 2230, 0
2026/09/29 07:45:03.634, 5, 13078, 0
2026/09/29 07:45:03.634, 6, 13078, 0
2026/09/29 07:45:03.635, 7, 13078, 0
2026/09/29 07:45:04.635, 0, 13078, 0
2026/09/29 07:45:04.635, 1, 13078, 8
2026/09/29 07:45:04.635, 2, 2202, 0
2026/09/29 07:45:04.635, 3, 13078, 0
2026/09/29 07:45:04.635, 4, 2230, 0
2026/09/29 07:45:04.635, 5, 13078, 0
2026/09/29 07:45:04.635, 6, 13078, 0
2026/09/29 07:45:04.635, 7, 13078, 0
2026/09/29 07:45:05.635, 0, 13078, 0
2026/09/29 07:45:05.636, 1, 13078, 0
2026/09/29 07:45:05.636, 2, 2202, 0
2026/09/29 07:45:05.636, 3, 13078, 0
2026/09/29 07:45:05.636, 4, 2232, 0
2026/09/29 07:45:05.636, 5, 13078, 0
2026/09/29 07:45:05.636, 6, 13078, 0
2026/09/29 07:45:05.636, 7, 13078, 0
2026/09/29 07:45:06.636, 0, 13078, 0
2026/09/29 07:45:06.636, 1, 13078, 0
2026/09/29 07:45:06.636, 2, 2202, 0
2026/09/29 07:45:06.636, 3, 13078, 0
2026/09/29 07:45:06.636, 4, 2232, 0
2026/09/29 07:45:06.636, 5, 13078, 0
2026/09/29 07:45:06.636, 6, 13078, 0
2026/09/29 07:45:06.637, 7, 13078, 0
2026/09/29 07:45:07.637, 0, 13078, 0
2026/09/29 07:45:07.637, 1, 13078, 0
2026/09/29 07:45:07.637, 2, 2204, 0
2026/09/29 07:45:07.637, 3, 13078, 0
2026/09/29 07:45:07.637, 4, 2234, 0
2026/09/29 07:45:07.637, 5, 13078, 0
2026/09/29 07:45:07.637, 6, 13078, 0
2026/09/29 07:45:07.637, 7, 13078, 0
2026/09/29 07:45:08.637, 0, 13078, 0
2026/09/29 07:45:08.637, 1, 13078, 0
2026/09/29 07:45:08.637, 2, 2204, 0
2026/09/29 07:45:08.637, 3, 13078, 0
2026/09/29 07:45:08.638, 4, 2234, 0
2026/09/29 07:45:08.638, 5, 13078, 0
2026/09/29 07:45:08.638, 6, 13078, 0
2026/09/29 07:45:08.638, 7, 13078, 0
2026/09/29 07:45:09.638, 0, 13078, 0
2026/09/29 07:45:09.638, 1, 13078, 0
2026/09/29 07:45:09.638, 2, 2204, 0
2026/09/29 07:45:09.638, 3, 13078, 0
2026/09/29 07:45:09.638, 4, 2236, 0
2026/09/29 07:45:09.640, 5, 13078, 0
2026/09/29 07:45:09.640, 6, 13078, 0
2026/09/29 07:45:09.640, 7, 13078, 0
2026/09/29 07:45:10.640, 0, 13078, 0
2026/09/29 07:45:10.640, 1, 13078, 0
2026/09/29 07:45:10.645, 2, 2206, 0
2026/09/29 07:45:10.646, 3, 13078, 0
2026/09/29 07:45:10.646, 4, 2238, 0
2026/09/29 07:45:10.646, 5, 13078, 0
2026/09/29 07:45:10.646, 6, 13078, 0
2026/09/29 07:45:10.646, 7, 13078, 0
2026/09/29 07:45:11.646, 0, 13078, 0
2026/09/29 07:45:11.646, 1, 13078, 0
2026/09/29 07:45:11.646, 2, 2206, 0
2026/09/29 07:45:11.646, 3, 13078, 0
2026/09/29 07:45:11.646, 4, 13078, 0
2026/09/29 07:45:11.646, 5, 13078, 0
2026/09/29 07:45:11.646, 6, 13078, 0
2026/09/29 07:45:11.646, 7, 13078, 0
2026/09/29 07:45:12.647, 0, 13078, 0
2026/09/29 07:45:12.647, 1, 13078, 0
2026/09/29 07:45:12.647, 2, 2206, 0
2026/09/29 07:45:12.647, 3, 13078, 0
2026/09/29 07:45:12.647, 4, 13078, 0
2026/09/29 07:45:12.647, 5, 13078, 0
2026/09/29 07:45:12.647, 6, 13078, 0
2026/09/29 07:45:12.647, 7, 13078, 0
2026/09/29 07:45:13.647, 0, 13078, 0
2026/09/29 07:45:13.647, 1, 13078, 0
2026/09/29 07:45:13.647, 2, 2208, 0
2026/09/29 07:45:13.647, 3, 13078, 0
2026/09/29 07:45:13.647, 4, 13078, 0
2026/09/29 07:45:13.648, 5, 13078, 0
2026/09/29 07:45:13.648, 6, 13078, 0
2026/09/29 07:45:13.648, 7, 13078, 0
2026/09/29 07:45:14.648, 0, 13078, 0
2026/09/29 07:45:14.648, 1, 13078, 0
2026/09/29 07:45:14.648, 2, 2208, 0
2026/09/29 07:45:14.648, 3, 13078, 0
2026/09/29 07:45:14.648, 4, 13078, 0
2026/09/29 07:45:14.648, 5, 13078, 0
2026/09/29 07:45:14.648, 6, 13078, 0
2026/09/29 07:45:14.648, 7, 13078, 0
2026/09/29 07:45:15.648, 0, 13078, 0
2026/09/29 07:45:15.649, 1, 13078, 0
2026/09/29 07:45:15.649, 2, 2208, 0
2026/09/29 07:45:15.649, 3, 13078, 0
2026/09/29 07:45:15.649, 4, 13078, 0
2026/09/29 07:45:15.649, 5, 13078, 0
2026/09/29 07:45:15.649, 6, 13078, 0
2026/09/29 07:45:15.649, 7, 13078, 0
2026/09/29 07:45:16.649, 0, 13078, 0
2026/09/29 07:45:16.649, 1, 13078, 0
2026/09/29 07:45:16.649, 2, 2210, 0
2026/09/29 07:45:16.649, 3, 13078, 0
2026/09/29 07:45:16.649, 4, 13078, 0
2026/09/29 07:45:16.649, 5, 13078, 0
2026/09/29 07:45:16.649, 6, 13078, 0
2026/09/29 07:45:16.649, 7, 13078, 0
2026/09/29 07:45:17.650, 0, 13078, 0
2026/09/29 07:45:17.650, 1, 13078, 0
2026/09/29 07:45:17.650, 2, 2210, 0
2026/09/29 07:45:17.650, 3, 13078, 0
2026/09/29 07:45:17.650, 4, 13078, 0
2026/09/29 07:45:17.650, 5, 13078, 0
2026/09/29 07:45:17.650, 6, 13078, 0
2026/09/29 07:45:17.650, 7, 13078, 0
2026/09/29 07:45:18.650, 0, 13078, 0
2026/09/29 07:45:18.650, 1, 13078, 0
2026/09/29 07:45:18.650, 2, 2210, 0
2026/09/29 07:45:18.650, 3, 13078, 0
2026/09/29 07:45:18.650, 4, 13078, 0
2026/09/29 07:45:18.650, 5, 13078, 0
2026/09/29 07:45:18.651, 6, 13078, 0
2026/09/29 07:45:18.651, 7, 13078, 0
2026/09/29 07:45:19.651, 0, 13078, 0
2026/09/29 07:45:19.651, 1, 13078, 0
2026/09/29 07:45:19.651, 2, 2212, 0
2026/09/29 07:45:19.651, 3, 13078, 0
2026/09/29 07:45:19.651, 4, 13078, 0
2026/09/29 07:45:19.651, 5, 13078, 0
2026/09/29 07:45:19.651, 6, 13078, 0
2026/09/29 07:45:19.651, 7, 13078, 0
2026/09/29 07:45:20.651, 0, 13078, 0
2026/09/29 07:45:20.651, 1, 13078, 0
2026/09/29 07:45:20.657, 2, 2212, 0
2026/09/29 07:45:20.657, 3, 13078, 0
2026/09/29 07:45:20.657, 4, 13078, 0
2026/09/29 07:45:20.657, 5, 13078, 0
2026/09/29 07:45:20.657, 6, 13078, 0
2026/09/29 07:45:20.657, 7, 13078, 0
2026/09/29 07:45:21.657, 0, 13078, 0
2026/09/29 07:45:21.659, 1, 13078, 0
2026/09/29 07:45:21.660, 2, 2212, 0
2026/09/29 07:45:21.665, 3, 13078, 0
2026/09/29 07:45:21.665, 4, 13078, 0
2026/09/29 07:45:21.666, 5, 13078, 0
2026/09/29 07:45:21.666, 6, 13078, 0
2026/09/29 07:45:21.666, 7, 13078, 0
2026/09/29 07:45:22.666, 0, 13078, 0
2026/09/29 07:45:22.666, 1, 13078, 0
2026/09/29 07:45:22.666, 2, 2214, 0
2026/09/29 07:45:22.666, 3, 13078, 0
2026/09/29 07:45:22.667, 4, 13078, 0
2026/09/29 07:45:22.667, 5, 13078, 0
2026/09/29 07:45:22.667, 6, 13078, 0
2026/09/29 07:45:22.667, 7, 13078, 0
2026/09/29 07:45:23.667, 0, 13078, 0
2026/09/29 07:45:23.667, 1, 13078, 0
2026/09/29 07:45:23.667, 2, 2214, 0
2026/09/29 07:45:23.667, 3, 13078, 0
2026/09/29 07:45:23.667, 4, 13078, 0
2026/09/29 07:45:23.667, 5, 13078, 0
2026/09/29 07:45:23.667, 6, 13078, 0
2026/09/29 07:45:23.667, 7, 13078, 0
2026/09/29 07:45:24.667, 0, 13078, 0
2026/09/29 07:45:24.668, 1, 13078, 0
2026/09/29 07:45:24.668, 2, 2214, 0
2026/09/29 07:45:24.668, 3, 13078, 0
2026/09/29 07:45:24.668, 4, 13078, 0
2026/09/29 07:45:24.668, 5, 13078, 0
2026/09/29 07:45:24.668, 6, 13078, 0
2026/09/29 07:45:24.668, 7, 13078, 0
2026/09/29 07:45:25.668, 0, 13078, 0
2026/09/29 07:45:25.668, 1, 13078, 0
2026/09/29 07:45:25.668, 2, 2216, 0
2026/09/29 07:45:25.668, 3, 13078, 0
2026/09/29 07:45:25.668, 4, 13078, 0
2026/09/29 07:45:25.668, 5, 13078, 0
2026/09/29 07:45:25.668, 6, 13078, 0
2026/09/29 07:45:25.669, 7, 13078, 0
2026/09/29 07:45:26.669, 0, 13078, 0
2026/09/29 07:45:26.669, 1, 13078, 0
2026/09/29 07:45:26.669, 2, 2216, 0
2026/09/29 07:45:26.669, 3, 13078, 0
2026/09/29 07:45:26.669, 4, 13078, 0
2026/09/29 07:45:26.669, 5, 13078, 0
2026/09/29 07:45:26.669, 6, 13078, 0
2026/09/29 07:45:26.669, 7, 13078, 0
2026/09/29 07:45:27.669, 0, 13078, 0
2026/09/29 07:45:27.669, 1, 13078, 0
2026/09/29 07:45:27.669, 2, 2218, 0
2026/09/29 07:45:27.669, 3, 13078, 0
2026/09/29 07:45:27.670, 4, 13078, 0
2026/09/29 07:45:27.670, 5, 13078, 0
2026/09/29 07:45:27.670, 6, 13078, 0
2026/09/29 07:45:27.670, 7, 13078, 0
2026/09/29 07:45:28.670, 0, 13078, 0
2026/09/29 07:45:28.670, 1, 13078, 0
2026/09/29 07:45:28.670, 2, 2218, 0
2026/09/29 07:45:28.670, 3, 13078, 0
2026/09/29 07:45:28.670, 4, 13078, 0
2026/09/29 07:45:28.670, 5, 13078, 0
2026/09/29 07:45:28.670, 6, 13078, 0
2026/09/29 07:45:28.670, 7, 13078, 0
2026/09/29 07:45:29.670, 0, 13078, 0
2026/09/29 07:45:29.671, 1, 13078, 0
2026/09/29 07:45:29.671, 2, 2218, 0
2026/09/29 07:45:29.671, 3, 13078, 0
2026/09/29 07:45:29.671, 4, 13078, 0
2026/09/29 07:45:29.671, 5, 13078, 0
2026/09/29 07:45:29.671, 6, 13078, 0
2026/09/29 07:45:29.671, 7, 13078, 0
2026/09/29 07:45:30.671, 0, 13078, 0
2026/09/29 07:45:30.671, 1, 13078, 0
2026/09/29 07:45:30.672, 2, 2220, 0
2026/09/29 07:45:30.672, 3, 13078, 0
2026/09/29 07:45:30.672, 4, 13078, 0
2026/09/29 07:45:30.672, 5, 13078, 0
2026/09/29 07:45:30.672, 6, 13078, 0
2026/09/29 07:45:30.672, 7, 13078, 0
2026/09/29 07:45:31.672, 0, 13078, 0
2026/09/29 07:45:31.672, 1, 13078, 0
2026/09/29 07:45:31.672, 2, 2220, 0
2026/09/29 07:45:31.672, 3, 13078, 0
2026/09/29 07:45:31.672, 4, 13078, 0
2026/09/29 07:45:31.673, 5, 13078, 0
2026/09/29 07:45:31.673, 6, 13078, 0
2026/09/29 07:45:31.673, 7, 13078, 0
2026/09/29 07:45:32.673, 0, 13078, 0
2026/09/29 07:45:32.673, 1, 13078, 0
2026/09/29 07:45:32.673, 2, 2220, 0
2026/09/29 07:45:32.673, 3, 13078, 0
2026/09/29 07:45:32.673, 4, 13078, 0
2026/09/29 07:45:32.673, 5, 13078, 0
2026/09/29 07:45:32.673, 6, 13078, 0
2026/09/29 07:45:32.673, 7, 13078, 0
2026/09/29 07:45:33.674, 0, 13078, 0
2026/09/29 07:45:33.674, 1, 13078, 0
2026/09/29 07:45:33.674, 2, 2222, 0
2026/09/29 07:45:33.674, 3, 13078, 0
2026/09/29 07:45:33.674, 4, 13078, 0
2026/09/29 07:45:33.674, 5, 13078, 0
2026/09/29 07:45:33.674, 6, 13078, 0
2026/09/29 07:45:33.674, 7, 13078, 0
2026/09/29 07:45:34.674, 0, 13078, 0
2026/09/29 07:45:34.674, 1, 13078, 0
2026/09/29 07:45:34.674, 2, 2222, 1
2026/09/29 07:45:34.674, 3, 13078, 0
2026/09/29 07:45:34.674, 4, 13078, 0
2026/09/29 07:45:34.675, 5, 13078, 0
2026/09/29 07:45:34.675, 6, 13078, 0
2026/09/29 07:45:34.675, 7, 13078, 0
2026/09/29 07:45:35.675, 0, 13078, 0
2026/09/29 07:45:35.675, 1, 13078, 0
2026/09/29 07:45:35.683, 2, 2222, 0
2026/09/29 07:45:35.683, 3, 13078, 0
2026/09/29 07:45:35.683, 4, 13078, 0
2026/09/29 07:45:35.683, 5, 13078, 0
2026/09/29 07:45:35.683, 6, 13078, 0
2026/09/29 07:45:35.683, 7, 13078, 0
2026/09/29 07:45:36.683, 0, 13078, 0
2026/09/29 07:45:36.683, 1, 13078, 0
2026/09/29 07:45:36.683, 2, 2224, 0
2026/09/29 07:45:36.683, 3, 13078, 0
2026/09/29 07:45:36.683, 4, 13078, 0
2026/09/29 07:45:36.684, 5, 13078, 0
2026/09/29 07:45:36.684, 6, 13078, 0
2026/09/29 07:45:36.684, 7, 13078, 0
2026/09/29 07:45:37.684, 0, 13078, 0
2026/09/29 07:45:37.684, 1, 13078, 0
2026/09/29 07:45:37.684, 2, 2224, 0
2026/09/29 07:45:37.684, 3, 13078, 0
2026/09/29 07:45:37.684, 4, 13078, 0
2026/09/29 07:45:37.684, 5, 13078, 0
2026/09/29 07:45:37.684, 6, 13078, 0
2026/09/29 07:45:37.684, 7, 13078, 0
2026/09/29 07:45:38.684, 0, 13078, 0
2026/09/29 07:45:38.684, 1, 13078, 0
2026/09/29 07:45:38.685, 2, 2226, 1
2026/09/29 07:45:38.685, 3, 13078, 0
2026/09/29 07:45:38.685, 4, 13078, 0
2026/09/29 07:45:38.685, 5, 13078, 0
2026/09/29 07:45:38.685, 6, 13078, 0
2026/09/29 07:45:38.685, 7, 13078, 0
2026/09/29 07:45:39.685, 0, 13078, 0
2026/09/29 07:45:39.685, 1, 13078, 0
2026/09/29 07:45:39.685, 2, 2226, 0
2026/09/29 07:45:39.685, 3, 13078, 0
2026/09/29 07:45:39.685, 4, 13078, 0
2026/09/29 07:45:39.685, 5, 13078, 0
2026/09/29 07:45:39.686, 6, 13078, 0
2026/09/29 07:45:39.686, 7, 13078, 0
2026/09/29 07:45:40.686, 0, 13078, 0
2026/09/29 07:45:40.686, 1, 13078, 0
2026/09/29 07:45:40.690, 2, 2228, 0
2026/09/29 07:45:40.690, 3, 13078, 0
2026/09/29 07:45:40.690, 4, 13078, 0
2026/09/29 07:45:40.690, 5, 13078, 0
2026/09/29 07:45:40.690, 6, 13078, 0
2026/09/29 07:45:40.690, 7, 13078, 0
2026/09/29 07:45:41.690, 0, 13078, 0
2026/09/29 07:45:41.690, 1, 13078, 0
2026/09/29 07:45:41.690, 2, 2228, 0
2026/09/29 07:45:41.690, 3, 13078, 0
2026/09/29 07:45:41.690, 4, 13078, 0
2026/09/29 07:45:41.690, 5, 13078, 0
2026/09/29 07:45:41.690, 6, 13078, 0
2026/09/29 07:45:41.690, 7, 13078, 0
2026/09/29 07:45:42.691, 0, 13078, 0
2026/09/29 07:45:42.691, 1, 13078, 0
2026/09/29 07:45:42.691, 2, 2230, 0
2026/09/29 07:45:42.696, 3, 13078, 0
2026/09/29 07:45:42.697, 4, 13078, 0
2026/09/29 07:45:42.697, 5, 13078, 0
2026/09/29 07:45:42.697, 6, 13078, 0
2026/09/29 07:45:42.697, 7, 13078, 0
2026/09/29 07:45:43.697, 0, 13078, 0
2026/09/29 07:45:43.697, 1, 13078, 0
2026/09/29 07:45:43.698, 2, 2230, 0
2026/09/29 07:45:43.698, 3, 13078, 0
2026/09/29 07:45:43.698, 4, 13078, 0
2026/09/29 07:45:43.698, 5, 13078, 0
2026/09/29 07:45:43.698, 6, 13078, 0
2026/09/29 07:45:43.698, 7, 13078, 0
2026/09/29 07:45:44.698, 0, 13078, 0
2026/09/29 07:45:44.698, 1, 13078, 0
2026/09/29 07:45:44.698, 2, 2232, 0
2026/09/29 07:45:44.698, 3, 13078, 0
2026/09/29 07:45:44.698, 4, 13078, 0
2026/09/29 07:45:44.698, 5, 13078, 0
2026/09/29 07:45:44.698, 6, 13078, 0
2026/09/29 07:45:44.698, 7, 13078, 0
2026/09/29 07:45:45.699, 0, 13078, 0
2026/09/29 07:45:45.699, 1, 13078, 0
2026/09/29 07:45:45.699, 2, 2232, 0
2026/09/29 07:45:45.699, 3, 13078, 0
2026/09/29 07:45:45.699, 4, 13078, 0
2026/09/29 07:45:45.699, 5, 13078, 0
2026/09/29 07:45:45.699, 6, 13078, 0
2026/09/29 07:45:45.699, 7, 13078, 0
2026/09/29 07:45:46.699, 0, 13078, 0
2026/09/29 07:45:46.699, 1, 13078, 0
2026/09/29 07:45:46.700, 2, 2234, 0
2026/09/29 07:45:46.700, 3, 13078, 0
2026/09/29 07:45:46.700, 4, 13078, 0
2026/09/29 07:45:46.700, 5, 13078, 0
2026/09/29 07:45:46.700, 6, 13078, 0
2026/09/29 07:45:46.700, 7, 13078, 0
2026/09/29 07:45:47.700, 0, 13078, 0
2026/09/29 07:45:47.700, 1, 13078, 0
2026/09/29 07:45:47.700, 2, 2234, 0
2026/09/29 07:45:47.700, 3, 13078, 0
2026/09/29 07:45:47.700, 4, 13078, 0
2026/09/29 07:45:47.700, 5, 13078, 0
2026/09/29 07:45:47.700, 6, 13078, 0
2026/09/29 07:45:47.700, 7, 13078, 0
2026/09/29 07:45:48.701, 0, 13078, 0
2026/09/29 07:45:48.701, 1, 13078, 0
2026/09/29 07:45:48.701, 2, 2236, 0
2026/09/29 07:45:48.701, 3, 13078, 0
2026/09/29 07:45:48.701, 4, 13078, 0
2026/09/29 07:45:48.701, 5, 13078, 0
2026/09/29 07:45:48.701, 6, 13078, 0
2026/09/29 07:45:48.701, 7, 13078, 0
2026/09/29 07:45:49.701, 0, 13078, 0
2026/09/29 07:45:49.701, 1, 13078, 5
2026/09/29 07:45:49.701, 2, 2236, 0
2026/09/29 07:45:49.701, 3, 13078, 0
2026/09/29 07:45:49.701, 4, 13078, 14
2026/09/29 07:45:49.701, 5, 13078, 12
2026/09/29 07:45:49.702, 6, 13078, 0
2026/09/29 07:45:49.702, 7, 13078, 12
2026/09/29 07:45:50.702, 0, 13078, 14
2026/09/29 07:45:50.702, 1, 13078, 5
2026/09/29 07:45:50.702, 2, 2238, 0
2026/09/29 07:45:50.702, 3, 13078, 17
2026/09/29 07:45:50.702, 4, 13078, 12
2026/09/29 07:45:50.702, 5, 13078, 24
2026/09/29 07:45:50.702, 6, 13078, 10
2026/09/29 07:45:50.702, 7, 13078, 11
2026/09/29 07:45:51.702, 0, 13078, 12
2026/09/29 07:45:51.703, 1, 13078, 6
2026/09/29 07:45:51.703, 2, 13078, 0
2026/09/29 07:45:51.703, 3, 13078, 20
2026/09/29 07:45:51.703, 4, 13078, 5
2026/09/29 07:45:51.703, 5, 13078, 12
2026/09/29 07:45:51.703, 6, 13078, 10
2026/09/29 07:45:51.703, 7, 13078, 13
2026/09/29 07:45:52.703, 0, 13078, 14
2026/09/29 07:45:52.703, 1, 13078, 6
2026/09/29 07:45:52.703, 2, 13078, 0
2026/09/29 07:45:52.703, 3, 13078, 17
2026/09/29 07:45:52.703, 4, 13078, 6
2026/09/29 07:45:52.703, 5, 13078, 45
2026/09/29 07:45:52.704, 6, 13078, 10
2026/09/29 07:45:52.704, 7, 13078, 11
2026/09/29 07:45:53.704, 0, 13078, 0
2026/09/29 07:45:53.704, 1, 13078, 2
2026/09/29 07:45:53.704, 2, 13078, 0
2026/09/29 07:45:53.704, 3, 13078, 25
2026/09/29 07:45:53.704, 4, 13078, 5
2026/09/29 07:45:53.704, 5, 13078, 0
2026/09/29 07:45:53.704, 6, 13078, 3
2026/09/29 07:45:53.704, 7, 13078, 0
2026/09/29 07:45:54.704, 0, 13078, 0
2026/09/29 07:45:54.704, 1, 13078, 3
2026/09/29 07:45:54.704, 2, 13078, 0
2026/09/29 07:45:54.704, 3, 13078, 0
2026/09/29 07:45:54.705, 4, 13078, 5
2026/09/29 07:45:54.705, 5, 13078, 0
2026/09/29 07:45:54.705, 6, 13078, 4
2026/09/29 07:45:54.705, 7, 13078, 0
2026/09/29 07:45:55.705, 0, 14300, 0
2026/09/29 07:45:55.705, 1, 13078, 3
2026/09/29 07:45:55.705, 2, 13078, 0
2026/09/29 07:45:55.705, 3, 13078, 0
2026/09/29 07:45:55.705, 4, 13078, 5
2026/09/29 07:45:55.705, 5, 13078, 0
2026/09/29 07:45:55.705, 6, 13078, 0
2026/09/29 07:45:55.705, 7, 13078, 0
2026/09/29 07:45:56.705, 0, 14300, 0
2026/09/29 07:45:56.706, 1, 13078, 3
2026/09/29 07:45:56.706, 2, 13078, 0
2026/09/29 07:45:56.706, 3, 14300, 2
2026/09/29 07:45:56.706, 4, 13078, 0
2026/09/29 07:45:56.706, 5, 13078, 0
2026/09/29 07:45:56.706, 6, 13078, 0
2026/09/29 07:45:56.706, 7, 13078, 0
2026/09/29 07:45:57.706, 0, 14300, 0
2026/09/29 07:45:57.706, 1, 13078, 8
2026/09/29 07:45:57.706, 2, 13078, 0
2026/09/29 07:45:57.706, 3, 14300, 0
2026/09/29 07:45:57.707, 4, 13078, 0
2026/09/29 07:45:57.707, 5, 14300, 0
2026/09/29 07:45:57.707, 6, 13078, 0
2026/09/29 07:45:57.707, 7, 14300, 0
2026/09/29 07:45:58.707, 0, 14300, 0
2026/09/29 07:45:58.707, 1, 13078, 3
2026/09/29 07:45:58.707, 2, 13078, 0
2026/09/29 07:45:58.707, 3, 14300, 0
2026/09/29 07:45:58.707, 4, 13078, 0
2026/09/29 07:45:58.707, 5, 14300, 0
2026/09/29 07:45:58.707, 6, 14300, 0
2026/09/29 07:45:58.707, 7, 14300, 0
2026/09/29 07:45:59.707, 0, 14300, 0
2026/09/29 07:45:59.707, 1, 13078, 2
2026/09/29 07:45:59.708, 2, 13078, 0
2026/09/29 07:45:59.708, 3, 14300, 0
2026/09/29 07:45:59.708, 4, 14300, 0
2026/09/29 07:45:59.708, 5, 14300, 0
2026/09/29 07:45:59.708, 6, 14300, 0
2026/09/29 07:45:59.708, 7, 14300, 0
2026/09/29 07:46:00.708, 0, 14300, 0
2026/09/29 07:46:00.721, 1, 13078, 7
2026/09/29 07:46:00.721, 2, 13078, 0
2026/09/29 07:46:00.721, 3, 14300, 0
2026/09/29 07:46:00.721, 4, 14300, 0
2026/09/29 07:46:00.721, 5, 14300, 0
2026/09/29 07:46:00.721, 6, 14300, 0
2026/09/29 07:46:00.721, 7, 14300, 0
2026/09/29 07:46:01.721, 0, 14300, 0
2026/09/29 07:46:01.721, 1, 13078, 8
2026/09/29 07:46:01.721, 2, 13078, 0
2026/09/29 07:46:01.721, 3, 14300, 0
2026/09/29 07:46:01.722, 4, 14300, 0
2026/09/29 07:46:01.722, 5, 14300, 0
2026/09/29 07:46:01.722, 6, 14300, 0
2026/09/29 07:46:01.722, 7, 14300, 0
2026/09/29 07:46:02.722, 0, 14300, 0
2026/09/29 07:46:02.722, 1, 13078, 8
2026/09/29 07:46:02.722, 2, 13078, 0
2026/09/29 07:46:02.722, 3, 14300, 0
2026/09/29 07:46:02.722, 4, 14300, 0
2026/09/29 07:46:02.722, 5, 14300, 0
2026/09/29 07:46:02.722, 6, 14300, 0
2026/09/29 07:46:02.722, 7, 14300, 0
2026/09/29 07:46:03.722, 0, 14300, 0
2026/09/29 07:46:03.723, 1, 13078, 0
2026/09/29 07:46:03.723, 2, 13078, 7
2026/09/29 07:46:03.723, 3, 14300, 0
2026/09/29 07:46:03.723, 4, 14300, 0
2026/09/29 07:46:03.723, 5, 14300, 0
2026/09/29 07:46:03.723, 6, 14300, 0
2026/09/29 07:46:03.723, 7, 14300, 0
2026/09/29 07:46:04.723, 0, 14300, 0
2026/09/29 07:46:04.723, 1, 13078, 0
2026/09/29 07:46:04.723, 2, 13078, 7
2026/09/29 07:46:04.723, 3, 14300, 0
2026/09/29 07:46:04.723, 4, 14300, 0
2026/09/29 07:46:04.723, 5, 14300, 0
2026/09/29 07:46:04.723, 6, 14300, 0
2026/09/29 07:46:04.723, 7, 14300, 0
2026/09/29 07:46:05.723, 0, 14300, 0
2026/09/29 07:46:05.732, 1, 13078, 0
2026/09/29 07:46:05.732, 2, 13078, 39
2026/09/29 07:46:05.732, 3, 14300, 0
2026/09/29 07:46:05.732, 4, 14300, 0
2026/09/29 07:46:05.732, 5, 14300, 0
2026/09/29 07:46:05.733, 6, 14300, 0
2026/09/29 07:46:05.733, 7, 14300, 0
2026/09/29 07:46:06.733, 0, 14300, 0
2026/09/29 07:46:06.733, 1, 13078, 0
2026/09/29 07:46:06.733, 2, 13078, 7
2026/09/29 07:46:06.733, 3, 14300, 0
2026/09/29 07:46:06.733, 4, 14300, 0
2026/09/29 07:46:06.733, 5, 14300, 0
2026/09/29 07:46:06.733, 6, 14300, 0
2026/09/29 07:46:06.733, 7, 14300, 0
2026/09/29 07:46:07.733, 0, 14300, 0
2026/09/29 07:46:07.734, 1, 13078, 0
2026/09/29 07:46:07.734, 2, 13078, 0
2026/09/29 07:46:07.734, 3, 14300, 0
2026/09/29 07:46:07.734, 4, 14300, 0
2026/09/29 07:46:07.734, 5, 14300, 0
2026/09/29 07:46:07.734, 6, 14300, 0
2026/09/29 07:46:07.734, 7, 14300, 0
2026/09/29 07:46:08.734, 0, 14300, 0
2026/09/29 07:46:08.734, 1, 13078, 0
2026/09/29 07:46:08.734, 2, 13078, 0
2026/09/29 07:46:08.734, 3, 14300, 0
2026/09/29 07:46:08.734, 4, 14300, 0
2026/09/29 07:46:08.734, 5, 14300, 0
2026/09/29 07:46:08.735, 6, 14300, 0
2026/09/29 07:46:08.735, 7, 14300, 0
2026/09/29 07:46:09.735, 0, 14300, 0
2026/09/29 07:46:09.735, 1, 14300, 0
2026/09/29 07:46:09.735, 2, 13078, 0
2026/09/29 07:46:09.735, 3, 14300, 0
2026/09/29 07:46:09.735, 4, 14300, 0
2026/09/29 07:46:09.735, 5, 14300, 0
2026/09/29 07:46:09.735, 6, 14300, 0
2026/09/29 07:46:09.735, 7, 14300, 0
2026/09/29 07:46:10.735, 0, 14300, 0
2026/09/29 07:46:10.736, 1, 14300, 0
2026/09/29 07:46:10.736, 2, 13078, 0
2026/09/29 07:46:10.736, 3, 14300, 0
2026/09/29 07:46:10.736, 4, 14300, 0
2026/09/29 07:46:10.736, 5, 14300, 0
2026/09/29 07:46:10.736, 6, 14300, 0
2026/09/29 07:46:10.736, 7, 14300, 0
2026/09/29 07:46:11.736, 0, 14300, 0
2026/09/29 07:46:11.736, 1, 14300, 0
2026/09/29 07:46:11.736, 2, 13078, 0
2026/09/29 07:46:11.736, 3, 14300, 0
2026/09/29 07:46:11.736, 4, 14300, 0
2026/09/29 07:46:11.736, 5, 14300, 0
2026/09/29 07:46:11.736, 6, 14300, 0
2026/09/29 07:46:11.736, 7, 14300, 0
2026/09/29 07:46:12.737, 0, 14300, 0
2026/09/29 07:46:12.737, 1, 14300, 0
2026/09/29 07:46:12.737, 2, 14300, 0
2026/09/29 07:46:12.737, 3, 14300, 0
2026/09/29 07:46:12.737, 4, 14300, 7
2026/09/29 07:46:12.737, 5, 14300, 9
2026/09/29 07:46:12.737, 6, 14300, 2
2026/09/29 07:46:12.737, 7, 14300, 3
2026/09/29 07:46:13.737, 0, 14300, 5
2026/09/29 07:46:13.737, 1, 14300, 0
2026/09/29 07:46:13.738, 2, 14300, 0
2026/09/29 07:46:13.738, 3, 14300, 11
2026/09/29 07:46:13.738, 4, 14300, 0
2026/09/29 07:46:13.738, 5, 14300, 0
2026/09/29 07:46:13.738, 6, 14300, 6
2026/09/29 07:46:13.738, 7, 14300, 0
2026/09/29 07:46:14.738, 0, 14532, 0
2026/09/29 07:46:14.738, 1, 14300, 29
2026/09/29 07:46:14.738, 2, 14300, 0
2026/09/29 07:46:14.738, 3, 14532, 0
2026/09/29 07:46:14.738, 4, 14448, 0
2026/09/29 07:46:14.738, 5, 14532, 20
2026/09/29 07:46:14.739, 6, 14532, 0
2026/09/29 07:46:14.739, 7, 14532, 0
2026/09/29 07:46:15.739, 0, 14532, 14
2026/09/29 07:46:15.739, 1, 14532, 3
2026/09/29 07:46:15.740, 2, 14300, 0
2026/09/29 07:46:15.740, 3, 14532, 0
2026/09/29 07:46:15.740, 4, 14532, 0
2026/09/29 07:46:15.740, 5, 14532, 0
2026/09/29 07:46:15.740, 6, 14532, 0
2026/09/29 07:46:15.740, 7, 14532, 0
2026/09/29 07:46:16.740, 0, 14532, 0
2026/09/29 07:46:16.740, 1, 14532, 0
2026/09/29 07:46:16.740, 2, 14300, 0
2026/09/29 07:46:16.740, 3, 14532, 0
2026/09/29 07:46:16.740, 4, 14532, 0
2026/09/29 07:46:16.740, 5, 14532, 0
2026/09/29 07:46:16.740, 6, 14532, 0
2026/09/29 07:46:16.741, 7, 14532, 0
2026/09/29 07:46:17.741, 0, 14532, 0
2026/09/29 07:46:17.741, 1, 14532, 0
2026/09/29 07:46:17.741, 2, 14300, 0
2026/09/29 07:46:17.741, 3, 14532, 0
2026/09/29 07:46:17.741, 4, 14532, 0
2026/09/29 07:46:17.741, 5, 14532, 0
2026/09/29 07:46:17.741, 6, 14532, 0
2026/09/29 07:46:17.741, 7, 14532, 0
2026/09/29 07:46:18.741, 0, 14532, 0
2026/09/29 07:46:18.742, 1, 14532, 0
2026/09/29 07:46:18.742, 2, 14300, 6
2026/09/29 07:46:18.742, 3, 14532, 0
2026/09/29 07:46:18.742, 4, 14532, 0
2026/09/29 07:46:18.742, 5, 14532, 0
2026/09/29 07:46:18.742, 6, 14532, 0
2026/09/29 07:46:18.742, 7, 14532, 0
2026/09/29 07:46:19.742, 0, 14532, 0
2026/09/29 07:46:19.742, 1, 14532, 0
2026/09/29 07:46:19.742, 2, 14300, 0
2026/09/29 07:46:19.743, 3, 14532, 0
2026/09/29 07:46:19.743, 4, 14532, 0
2026/09/29 07:46:19.743, 5, 14532, 0
2026/09/29 07:46:19.743, 6, 14532, 0
2026/09/29 07:46:19.743, 7, 14532, 0
2026/09/29 07:46:20.743, 0, 14570, 0
2026/09/29 07:46:20.743, 1, 14572, 1
2026/09/29 07:46:20.743, 2, 14572, 1
2026/09/29 07:46:20.743, 3, 14572, 0
2026/09/29 07:46:20.743, 4, 14572, 0
2026/09/29 07:46:20.743, 5, 14572, 1
2026/09/29 07:46:20.744, 6, 14572, 0
2026/09/29 07:46:20.744, 7, 14572, 0
2026/09/29 07:46:21.744, 0, 15170, 1
2026/09/29 07:46:21.744, 1, 15170, 100
2026/09/29 07:46:21.744, 2, 15170, 13
2026/09/29 07:46:21.744, 3, 15170, 6
2026/09/29 07:46:21.744, 4, 15170, 37
2026/09/29 07:46:21.744, 5, 15170, 100
2026/09/29 07:46:21.744, 6, 15170, 3
2026/09/29 07:46:21.744, 7, 15170, 100
2026/09/29 07:46:22.744, 0, 15854, 100
2026/09/29 07:46:22.745, 1, 15854, 79
2026/09/29 07:46:22.745, 2, 15854, 73
2026/09/29 07:46:22.745, 3, 15854, 100
2026/09/29 07:46:22.745, 4, 15854, 1
2026/09/29 07:46:22.745, 5, 15854, 82
2026/09/29 07:46:22.745, 6, 15854, 100
2026/09/29 07:46:22.745, 7, 15854, 3
2026/09/29 07:46:23.745, 0, 15854, 0
2026/09/29 07:46:23.745, 1, 15854, 0
2026/09/29 07:46:23.745, 2, 15854, 0
2026/09/29 07:46:23.745, 3, 15854, 0
2026/09/29 07:46:23.745, 4, 15854, 0
2026/09/29 07:46:23.745, 5, 15854, 0
2026/09/29 07:46:23.745, 6, 15854, 0
2026/09/29 07:46:23.745, 7, 15854, 0
2026/09/29 07:46:24.745, 0, 15854, 0
2026/09/29 07:46:24.746, 1, 15854, 0
2026/09/29 07:46:24.746, 2, 15854, 0
2026/09/29 07:46:24.746, 3, 15854, 0
2026/09/29 07:46:24.746, 4, 15854, 0
2026/09/29 07:46:24.746, 5, 15854, 0
2026/09/29 07:46:24.746, 6, 15854, 0
2026/09/29 07:46:24.746, 7, 15854, 0
2026/09/29 07:46:25.746, 0, 16350, 0
2026/09/29 07:46:25.747, 1, 16350, 0
2026/09/29 07:46:25.754, 2, 16350, 0
2026/09/29 07:46:25.754, 3, 16350, 0
2026/09/29 07:46:25.755, 4, 16334, 0
2026/09/29 07:46:25.755, 5, 16334, 0
2026/09/29 07:46:25.756, 6, 16334, 0
2026/09/29 07:46:25.756, 7, 16334, 0
2026/09/29 07:46:26.757, 0, 16842, 0
2026/09/29 07:46:26.757, 1, 16842, 99
2026/09/29 07:46:26.757, 2, 16842, 100
2026/09/29 07:46:26.757, 3, 16842, 0
2026/09/29 07:46:26.757, 4, 16842, 88
2026/09/29 07:46:26.757, 5, 16842, 100
2026/09/29 07:46:26.757, 6, 16842, 0
2026/09/29 07:46:26.757, 7, 16842, 100
2026/09/29 07:46:27.757, 0, 16842, 100
2026/09/29 07:46:27.757, 1, 16842, 99
2026/09/29 07:46:27.757, 2, 16842, 100
2026/09/29 07:46:27.758, 3, 16842, 100
2026/09/29 07:46:27.758, 4, 16842, 100
2026/09/29 07:46:27.758, 5, 16842, 100
2026/09/29 07:46:27.758, 6, 16842, 100
2026/09/29 07:46:27.758, 7, 16842, 100
2026/09/29 07:46:28.758, 0, 16842, 99
2026/09/29 07:46:28.758, 1, 16842, 100
2026/09/29 07:46:28.758, 2, 16842, 100
2026/09/29 07:46:28.758, 3, 16842, 100
2026/09/29 07:46:28.758, 4, 16842, 100
2026/09/29 07:46:28.758, 5, 16842, 100
2026/09/29 07:46:28.758, 6, 16842, 100
2026/09/29 07:46:28.758, 7, 16842, 100
2026/09/29 07:46:29.758, 0, 16842, 100
2026/09/29 07:46:29.759, 1, 16842, 99
2026/09/29 07:46:29.759, 2, 16842, 100
2026/09/29 07:46:29.759, 3, 16842, 99
2026/09/29 07:46:29.759, 4, 16842, 100
2026/09/29 07:46:29.759, 5, 16842, 100
2026/09/29 07:46:29.759, 6, 16842, 100
2026/09/29 07:46:29.759, 7, 16842, 100
2026/09/29 07:46:30.759, 0, 16842, 100
2026/09/29 07:46:30.759, 1, 16842, 99
2026/09/29 07:46:30.759, 2, 16842, 100
2026/09/29 07:46:30.759, 3, 16842, 100
2026/09/29 07:46:30.759, 4, 16842, 100
2026/09/29 07:46:30.759, 5, 16842, 100
2026/09/29 07:46:30.759, 6, 16842, 100
2026/09/29 07:46:30.759, 7, 16842, 100
2026/09/29 07:46:31.760, 0, 16918, 99
2026/09/29 07:46:31.760, 1, 16918, 92
2026/09/29 07:46:31.760, 2, 16918, 97
2026/09/29 07:46:31.760, 3, 16918, 100
2026/09/29 07:46:31.760, 4, 16918, 100
2026/09/29 07:46:31.760, 5, 16918, 94
2026/09/29 07:46:31.760, 6, 16918, 100
2026/09/29 07:46:31.760, 7, 16918, 100
2026/09/29 07:46:32.760, 0, 16918, 100
2026/09/29 07:46:32.760, 1, 16918, 97
2026/09/29 07:46:32.760, 2, 16918, 100
2026/09/29 07:46:32.760, 3, 16918, 100
2026/09/29 07:46:32.760, 4, 16918, 100
2026/09/29 07:46:32.761, 5, 16918, 100
2026/09/29 07:46:32.761, 6, 16918, 99
2026/09/29 07:46:32.761, 7, 16918, 100
2026/09/29 07:46:33.761, 0, 16918, 100
2026/09/29 07:46:33.761, 1, 16918, 99
2026/09/29 07:46:33.761, 2, 16918, 100
2026/09/29 07:46:33.761, 3, 16918, 100
2026/09/29 07:46:33.761, 4, 16918, 100
2026/09/29 07:46:33.761, 5, 16918, 100
2026/09/29 07:46:33.761, 6, 16918, 100
2026/09/29 07:46:33.761, 7, 16918, 100
2026/09/29 07:46:34.761, 0, 16918, 100
2026/09/29 07:46:34.761, 1, 16918, 100
2026/09/29 07:46:34.762, 2, 16918, 100
2026/09/29 07:46:34.762, 3, 16918, 100
2026/09/29 07:46:34.762, 4, 16918, 100
2026/09/29 07:46:34.762, 5, 16918, 99
2026/09/29 07:46:34.762, 6, 16918, 100
2026/09/29 07:46:34.762, 7, 16918, 99
2026/09/29 07:46:35.762, 0, 16918, 100
2026/09/29 07:46:35.762, 1, 16918, 100
2026/09/29 07:46:35.762, 2, 16918, 100
2026/09/29 07:46:35.762, 3, 16918, 99
2026/09/29 07:46:35.762, 4, 16918, 100
2026/09/29 07:46:35.762, 5, 16918, 100
2026/09/29 07:46:35.762, 6, 16918, 100
2026/09/29 07:46:35.762, 7, 16918, 100
2026/09/29 07:46:36.762, 0, 16918, 100
2026/09/29 07:46:36.762, 1, 16918, 97
2026/09/29 07:46:36.763, 2, 16918, 100
2026/09/29 07:46:36.763, 3, 16918, 100
2026/09/29 07:46:36.763, 4, 16918, 100
2026/09/29 07:46:36.763, 5, 16918, 100
2026/09/29 07:46:36.763, 6, 16918, 100
2026/09/29 07:46:36.763, 7, 16918, 100
2026/09/29 07:46:37.763, 0, 16938, 99
2026/09/29 07:46:37.763, 1, 16938, 100
2026/09/29 07:46:37.763, 2, 16938, 100
2026/09/29 07:46:37.763, 3, 16938, 99
2026/09/29 07:46:37.763, 4, 16938, 100
2026/09/29 07:46:37.763, 5, 16938, 100
2026/09/29 07:46:37.763, 6, 16938, 100
2026/09/29 07:46:37.763, 7, 16938, 100
2026/09/29 07:46:38.763, 0, 16938, 100
2026/09/29 07:46:38.763, 1, 16938, 100
2026/09/29 07:46:38.763, 2, 16938, 100
2026/09/29 07:46:38.763, 3, 16938, 100
2026/09/29 07:46:38.763, 4, 16938, 100
2026/09/29 07:46:38.763, 5, 16938, 100
2026/09/29 07:46:38.763, 6, 16938, 100
2026/09/29 07:46:38.763, 7, 16938, 100
2026/09/29 07:46:39.764, 0, 16938, 100
2026/09/29 07:46:39.764, 1, 16938, 100
2026/09/29 07:46:39.764, 2, 16938, 100
2026/09/29 07:46:39.764, 3, 16938, 99
2026/09/29 07:46:39.764, 4, 16938, 100
2026/09/29 07:46:39.764, 5, 16938, 100
2026/09/29 07:46:39.764, 6, 16938, 100
2026/09/29 07:46:39.764, 7, 16938, 100
2026/09/29 07:46:40.764, 0, 16938, 100
2026/09/29 07:46:40.764, 1, 16938, 99
2026/09/29 07:46:40.764, 2, 16938, 100
2026/09/29 07:46:40.764, 3, 16938, 100
2026/09/29 07:46:40.764, 4, 16938, 100
2026/09/29 07:46:40.764, 5, 16938, 100
2026/09/29 07:46:40.764, 6, 16938, 100
2026/09/29 07:46:40.764, 7, 16938, 100
2026/09/29 07:46:41.764, 0, 16938, 100
2026/09/29 07:46:41.764, 1, 16938, 99
2026/09/29 07:46:41.765, 2, 16938, 99
2026/09/29 07:46:41.765, 3, 16938, 99
2026/09/29 07:46:41.765, 4, 16938, 100
2026/09/29 07:46:41.765, 5, 16938, 100
2026/09/29 07:46:41.765, 6, 16938, 100
2026/09/29 07:46:41.765, 7, 16938, 100
2026/09/29 07:46:42.765, 0, 16970, 100
2026/09/29 07:46:42.765, 1, 16970, 100
2026/09/29 07:46:42.765, 2, 16970, 100
2026/09/29 07:46:42.765, 3, 16970, 100
2026/09/29 07:46:42.765, 4, 16970, 29
2026/09/29 07:46:42.765, 5, 16970, 100
2026/09/29 07:46:42.765, 6, 16970, 100
2026/09/29 07:46:42.765, 7, 16970, 48
2026/09/29 07:46:43.765, 0, 16970, 100
2026/09/29 07:46:43.765, 1, 16970, 100
2026/09/29 07:46:43.765, 2, 16970, 100
2026/09/29 07:46:43.765, 3, 16970, 100
2026/09/29 07:46:43.765, 4, 16970, 100
2026/09/29 07:46:43.765, 5, 16970, 100
2026/09/29 07:46:43.765, 6, 16970, 100
2026/09/29 07:46:43.765, 7, 16970, 100
2026/09/29 07:46:44.766, 0, 16970, 100
2026/09/29 07:46:44.766, 1, 16970, 100
2026/09/29 07:46:44.766, 2, 16970, 100
2026/09/29 07:46:44.766, 3, 16970, 100
2026/09/29 07:46:44.766, 4, 16970, 100
2026/09/29 07:46:44.766, 5, 16970, 100
2026/09/29 07:46:44.766, 6, 16970, 100
2026/09/29 07:46:44.766, 7, 16970, 100
2026/09/29 07:46:45.766, 0, 16970, 100
2026/09/29 07:46:45.766, 1, 16970, 99
2026/09/29 07:46:45.766, 2, 16970, 100
2026/09/29 07:46:45.766, 3, 16970, 100
2026/09/29 07:46:45.766, 4, 16970, 100
2026/09/29 07:46:45.766, 5, 16970, 100
2026/09/29 07:46:45.766, 6, 16970, 100
2026/09/29 07:46:45.766, 7, 16970, 100
2026/09/29 07:46:46.766, 0, 16970, 100
2026/09/29 07:46:46.766, 1, 16970, 100
2026/09/29 07:46:46.766, 2, 16970, 100
2026/09/29 07:46:46.766, 3, 16970, 100
2026/09/29 07:46:46.766, 4, 16970, 100
2026/09/29 07:46:46.766, 5, 16970, 100
2026/09/29 07:46:46.766, 6, 16970, 100
2026/09/29 07:46:46.767, 7, 16970, 100
2026/09/29 07:46:47.767, 0, 16970, 100
2026/09/29 07:46:47.767, 1, 16970, 94
2026/09/29 07:46:47.767, 2, 16970, 100
2026/09/29 07:46:47.767, 3, 16970, 100
2026/09/29 07:46:47.767, 4, 16970, 100
2026/09/29 07:46:47.767, 5, 16970, 98
2026/09/29 07:46:47.767, 6, 16970, 100
2026/09/29 07:46:47.767, 7, 16970, 100
2026/09/29 07:46:48.767, 0, 16970, 100
2026/09/29 07:46:48.767, 1, 16970, 99
2026/09/29 07:46:48.767, 2, 16970, 100
2026/09/29 07:46:48.767, 3, 16970, 100
2026/09/29 07:46:48.767, 4, 16970, 100
2026/09/29 07:46:48.767, 5, 16970, 100
2026/09/29 07:46:48.767, 6, 16970, 100
2026/09/29 07:46:48.767, 7, 16970, 100
2026/09/29 07:46:49.767, 0, 16970, 100
2026/09/29 07:46:49.768, 1, 16970, 100
2026/09/29 07:46:49.768, 2, 16970, 99
2026/09/29 07:46:49.768, 3, 16970, 100
2026/09/29 07:46:49.768, 4, 16970, 100
2026/09/29 07:46:49.768, 5, 16970, 100
2026/09/29 07:46:49.768, 6, 16970, 100
2026/09/29 07:46:49.768, 7, 16970, 100
2026/09/29 07:46:50.768, 0, 16970, 100
2026/09/29 07:46:50.768, 1, 16970, 99
2026/09/29 07:46:50.768, 2, 16970, 100
2026/09/29 07:46:50.768, 3, 16970, 100
2026/09/29 07:46:50.768, 4, 16970, 100
2026/09/29 07:46:50.768, 5, 16970, 100
2026/09/29 07:46:50.768, 6, 16970, 100
2026/09/29 07:46:50.768, 7, 16970, 100
2026/09/29 07:46:51.768, 0, 16970, 100
2026/09/29 07:46:51.768, 1, 16970, 100
2026/09/29 07:46:51.768, 2, 16970, 100
2026/09/29 07:46:51.768, 3, 16970, 100
2026/09/29 07:46:51.768, 4, 16970, 100
2026/09/29 07:46:51.769, 5, 16970, 100
2026/09/29 07:46:51.769, 6, 16970, 100
2026/09/29 07:46:51.769, 7, 16970, 100
2026/09/29 07:46:52.769, 0, 16970, 100
2026/09/29 07:46:52.769, 1, 16970, 99
2026/09/29 07:46:52.769, 2, 16970, 100
2026/09/29 07:46:52.769, 3, 16970, 100
2026/09/29 07:46:52.769, 4, 16970, 100
2026/09/29 07:46:52.769, 5, 16970, 100
2026/09/29 07:46:52.769, 6, 16970, 100
2026/09/29 07:46:52.769, 7, 16970, 100
2026/09/29 07:46:53.769, 0, 16970, 100
2026/09/29 07:46:53.769, 1, 16970, 99
2026/09/29 07:46:53.769, 2, 16970, 100
2026/09/29 07:46:53.769, 3, 16970, 92
2026/09/29 07:46:53.769, 4, 16970, 100
2026/09/29 07:46:53.769, 5, 16970, 100
2026/09/29 07:46:53.770, 6, 16970, 100
2026/09/29 07:46:53.770, 7, 16970, 100
2026/09/29 07:46:54.770, 0, 16970, 100
2026/09/29 07:46:54.770, 1, 16970, 99
2026/09/29 07:46:54.770, 2, 16970, 100
2026/09/29 07:46:54.770, 3, 16970, 100
2026/09/29 07:46:54.770, 4, 16970, 100
2026/09/29 07:46:54.770, 5, 16970, 100
2026/09/29 07:46:54.770, 6, 16970, 100
2026/09/29 07:46:54.770, 7, 16970, 100
2026/09/29 07:46:55.770, 0, 16970, 100
2026/09/29 07:46:55.770, 1, 16970, 99
2026/09/29 07:46:55.770, 2, 16970, 100
2026/09/29 07:46:55.771, 3, 16970, 100
2026/09/29 07:46:55.771, 4, 16970, 100
2026/09/29 07:46:55.771, 5, 16970, 100
2026/09/29 07:46:55.771, 6, 16970, 100
2026/09/29 07:46:55.771, 7, 16970, 100
2026/09/29 07:46:56.771, 0, 16970, 99
2026/09/29 07:46:56.771, 1, 16970, 100
2026/09/29 07:46:56.771, 2, 16970, 100
2026/09/29 07:46:56.771, 3, 16970, 100
2026/09/29 07:46:56.771, 4, 16970, 100
2026/09/29 07:46:56.771, 5, 16970, 100
2026/09/29 07:46:56.771, 6, 16970, 100
2026/09/29 07:46:56.771, 7, 16970, 100
2026/09/29 07:46:57.771, 0, 16970, 100
2026/09/29 07:46:57.771, 1, 16970, 100
2026/09/29 07:46:57.771, 2, 16970, 100
2026/09/29 07:46:57.771, 3, 16970, 100
2026/09/29 07:46:57.771, 4, 16970, 100
2026/09/29 07:46:57.771, 5, 16970, 100
2026/09/29 07:46:57.771, 6, 16970, 100
2026/09/29 07:46:57.772, 7, 16970, 100
2026/09/29 07:46:58.772, 0, 17250, 100
2026/09/29 07:46:58.772, 1, 17250, 100
2026/09/29 07:46:58.772, 2, 17250, 100
2026/09/29 07:46:58.772, 3, 17250, 100
2026/09/29 07:46:58.772, 4, 17250, 98
2026/09/29 07:46:58.772, 5, 17250, 100
2026/09/29 07:46:58.772, 6, 17250, 100
2026/09/29 07:46:58.772, 7, 17250, 100
2026/09/29 07:46:59.772, 0, 17250, 100
2026/09/29 07:46:59.772, 1, 17250, 100
2026/09/29 07:46:59.772, 2, 17250, 100
2026/09/29 07:46:59.772, 3, 17250, 100
2026/09/29 07:46:59.772, 4, 17250, 100
2026/09/29 07:46:59.772, 5, 17250, 100
2026/09/29 07:46:59.772, 6, 17250, 100
2026/09/29 07:46:59.772, 7, 17250, 100
2026/09/29 07:47:00.773, 0, 17250, 100
2026/09/29 07:47:00.773, 1, 17250, 99
2026/09/29 07:47:00.773, 2, 17250, 100
2026/09/29 07:47:00.773, 3, 17250, 100
2026/09/29 07:47:00.773, 4, 17250, 100
2026/09/29 07:47:00.773, 5, 17250, 100
2026/09/29 07:47:00.773, 6, 17250, 100
2026/09/29 07:47:00.773, 7, 17250, 100
2026/09/29 07:47:01.773, 0, 17250, 100
2026/09/29 07:47:01.773, 1, 17250, 100
2026/09/29 07:47:01.773, 2, 17250, 99
2026/09/29 07:47:01.773, 3, 17250, 100
2026/09/29 07:47:01.773, 4, 17250, 100
2026/09/29 07:47:01.773, 5, 17250, 100
2026/09/29 07:47:01.773, 6, 17250, 100
2026/09/29 07:47:01.773, 7, 17250, 100
2026/09/29 07:47:02.773, 0, 17250, 100
2026/09/29 07:47:02.774, 1, 17250, 100
2026/09/29 07:47:02.774, 2, 17250, 100
2026/09/29 07:47:02.774, 3, 17250, 100
2026/09/29 07:47:02.774, 4, 17250, 100
2026/09/29 07:47:02.774, 5, 17250, 100
2026/09/29 07:47:02.774, 6, 17250, 100
2026/09/29 07:47:02.774, 7, 17250, 100
2026/09/29 07:47:03.774, 0, 17250, 100
2026/09/29 07:47:03.774, 1, 17250, 100
2026/09/29 07:47:03.774, 2, 17250, 100
2026/09/29 07:47:03.774, 3, 17250, 100
2026/09/29 07:47:03.774, 4, 17250, 99
2026/09/29 07:47:03.774, 5, 17250, 100
2026/09/29 07:47:03.774, 6, 17250, 100
2026/09/29 07:47:03.774, 7, 17250, 100
2026/09/29 07:47:04.774, 0, 17250, 100
2026/09/29 07:47:04.774, 1, 17250, 100
2026/09/29 07:47:04.774, 2, 17250, 100
2026/09/29 07:47:04.775, 3, 17250, 100
2026/09/29 07:47:04.775, 4, 17250, 100
2026/09/29 07:47:04.775, 5, 17250, 100
2026/09/29 07:47:04.775, 6, 17250, 100
2026/09/29 07:47:04.775, 7, 17250, 100
2026/09/29 07:47:05.775, 0, 17250, 100
2026/09/29 07:47:05.775, 1, 17250, 99
2026/09/29 07:47:05.776, 2, 17250, 100
2026/09/29 07:47:05.776, 3, 17250, 100
2026/09/29 07:47:05.776, 4, 17250, 100
2026/09/29 07:47:05.776, 5, 17250, 100
2026/09/29 07:47:05.776, 6, 17250, 100
2026/09/29 07:47:05.776, 7, 17250, 100
2026/09/29 07:47:06.776, 0, 17250, 100
2026/09/29 07:47:06.776, 1, 17250, 100
2026/09/29 07:47:06.776, 2, 17250, 100
2026/09/29 07:47:06.776, 3, 17250, 100
2026/09/29 07:47:06.776, 4, 17250, 100
2026/09/29 07:47:06.776, 5, 17250, 100
2026/09/29 07:47:06.776, 6, 17250, 100
2026/09/29 07:47:06.776, 7, 17250, 100
2026/09/29 07:47:07.776, 0, 17250, 100
2026/09/29 07:47:07.776, 1, 17250, 100
2026/09/29 07:47:07.776, 2, 17250, 100
2026/09/29 07:47:07.777, 3, 17250, 100
2026/09/29 07:47:07.777, 4, 17250, 100
2026/09/29 07:47:07.777, 5, 17250, 100
2026/09/29 07:47:07.777, 6, 17250, 100
2026/09/29 07:47:07.777, 7, 17250, 100
2026/09/29 07:47:08.777, 0, 17250, 95
2026/09/29 07:47:08.777, 1, 17250, 100
2026/09/29 07:47:08.777, 2, 17250, 99
2026/09/29 07:47:08.777, 3, 17250, 100
2026/09/29 07:47:08.777, 4, 17250, 100
2026/09/29 07:47:08.777, 5, 17250, 100
2026/09/29 07:47:08.777, 6, 17250, 100
2026/09/29 07:47:08.777, 7, 17250, 100
2026/09/29 07:47:09.777, 0, 17250, 100
2026/09/29 07:47:09.777, 1, 17250, 100
2026/09/29 07:47:09.778, 2, 17250, 100
2026/09/29 07:47:09.778, 3, 17250, 98
2026/09/29 07:47:09.778, 4, 17250, 100
2026/09/29 07:47:09.778, 5, 17250, 100
2026/09/29 07:47:09.778, 6, 17250, 100
2026/09/29 07:47:09.778, 7, 17250, 100
2026/09/29 07:47:10.778, 0, 17250, 100
2026/09/29 07:47:10.778, 1, 17250, 100
2026/09/29 07:47:10.778, 2, 17250, 100
2026/09/29 07:47:10.778, 3, 17250, 100
2026/09/29 07:47:10.778, 4, 17250, 100
2026/09/29 07:47:10.778, 5, 17250, 100
2026/09/29 07:47:10.778, 6, 17250, 100
2026/09/29 07:47:10.778, 7, 17250, 100
2026/09/29 07:47:11.778, 0, 17250, 100
2026/09/29 07:47:11.778, 1, 17250, 100
2026/09/29 07:47:11.778, 2, 17250, 100
2026/09/29 07:47:11.778, 3, 17250, 100
2026/09/29 07:47:11.779, 4, 17250, 99
2026/09/29 07:47:11.779, 5, 17250, 100
2026/09/29 07:47:11.779, 6, 17250, 100
2026/09/29 07:47:11.779, 7, 17250, 100
2026/09/29 07:47:12.779, 0, 17250, 100
2026/09/29 07:47:12.779, 1, 17250, 100
2026/09/29 07:47:12.779, 2, 17250, 100
2026/09/29 07:47:12.779, 3, 17250, 100
2026/09/29 07:47:12.779, 4, 17250, 100
2026/09/29 07:47:12.779, 5, 17250, 100
2026/09/29 07:47:12.779, 6, 17250, 100
2026/09/29 07:47:12.779, 7, 17250, 100
2026/09/29 07:47:13.779, 0, 17250, 100
2026/09/29 07:47:13.779, 1, 17250, 99
2026/09/29 07:47:13.779, 2, 17250, 99
2026/09/29 07:47:13.779, 3, 17250, 100
2026/09/29 07:47:13.780, 4, 17250, 100
2026/09/29 07:47:13.780, 5, 17250, 100
2026/09/29 07:47:13.780, 6, 17250, 100
2026/09/29 07:47:13.780, 7, 17250, 100
2026/09/29 07:47:14.780, 0, 17250, 100
2026/09/29 07:47:14.780, 1, 17250, 100
2026/09/29 07:47:14.780, 2, 17250, 100
2026/09/29 07:47:14.780, 3, 17250, 100
2026/09/29 07:47:14.780, 4, 17250, 100
2026/09/29 07:47:14.780, 5, 17250, 100
2026/09/29 07:47:14.780, 6, 17250, 97
2026/09/29 07:47:14.780, 7, 17250, 100
2026/09/29 07:47:15.780, 0, 17250, 100
2026/09/29 07:47:15.780, 1, 17250, 100
2026/09/29 07:47:15.780, 2, 17250, 100
2026/09/29 07:47:15.780, 3, 17250, 100
2026/09/29 07:47:15.780, 4, 17250, 100
2026/09/29 07:47:15.780, 5, 17250, 100
2026/09/29 07:47:15.781, 6, 17250, 100
2026/09/29 07:47:15.781, 7, 17250, 100
2026/09/29 07:47:16.781, 0, 17250, 100
2026/09/29 07:47:16.781, 1, 17250, 100
2026/09/29 07:47:16.781, 2, 17250, 100
2026/09/29 07:47:16.781, 3, 17250, 100
2026/09/29 07:47:16.781, 4, 17250, 100
2026/09/29 07:47:16.781, 5, 17250, 100
2026/09/29 07:47:16.781, 6, 17250, 100
2026/09/29 07:47:16.781, 7, 17250, 100
2026/09/29 07:47:17.781, 0, 17250, 100
2026/09/29 07:47:17.781, 1, 17250, 100
2026/09/29 07:47:17.781, 2, 17250, 100
2026/09/29 07:47:17.781, 3, 17250, 100
2026/09/29 07:47:17.781, 4, 17250, 100
2026/09/29 07:47:17.781, 5, 17250, 100
2026/09/29 07:47:17.781, 6, 17250, 100
2026/09/29 07:47:17.782, 7, 17250, 100
2026/09/29 07:47:18.782, 0, 17250, 100
2026/09/29 07:47:18.782, 1, 17250, 100
2026/09/29 07:47:18.782, 2, 17250, 100
2026/09/29 07:47:18.782, 3, 17250, 100
2026/09/29 07:47:18.782, 4, 17250, 100
2026/09/29 07:47:18.782, 5, 17250, 100
2026/09/29 07:47:18.782, 6, 17250, 100
2026/09/29 07:47:18.782, 7, 17250, 100
2026/09/29 07:47:19.782, 0, 17250, 100
2026/09/29 07:47:19.782, 1, 17250, 100
2026/09/29 07:47:19.782, 2, 17250, 100
2026/09/29 07:47:19.782, 3, 17250, 100
2026/09/29 07:47:19.782, 4, 17250, 100
2026/09/29 07:47:19.782, 5, 17250, 100
2026/09/29 07:47:19.782, 6, 17250, 100
2026/09/29 07:47:19.782, 7, 17250, 96
2026/09/29 07:47:20.783, 0, 17250, 100
2026/09/29 07:47:20.783, 1, 17250, 100
2026/09/29 07:47:20.783, 2, 17250, 100
2026/09/29 07:47:20.783, 3, 17250, 100
2026/09/29 07:47:20.783, 4, 17250, 100
2026/09/29 07:47:20.783, 5, 17250, 100
2026/09/29 07:47:20.783, 6, 17250, 100
2026/09/29 07:47:20.783, 7, 17250, 100
2026/09/29 07:47:21.783, 0, 17250, 100
2026/09/29 07:47:21.783, 1, 17250, 100
2026/09/29 07:47:21.783, 2, 17250, 100
2026/09/29 07:47:21.783, 3, 17250, 100
2026/09/29 07:47:21.783, 4, 17250, 100
2026/09/29 07:47:21.783, 5, 17250, 100
2026/09/29 07:47:21.783, 6, 17250, 100
2026/09/29 07:47:21.783, 7, 17250, 100
2026/09/29 07:47:22.783, 0, 17250, 100
2026/09/29 07:47:22.784, 1, 17250, 100
2026/09/29 07:47:22.784, 2, 17250, 100
2026/09/29 07:47:22.784, 3, 17250, 100
2026/09/29 07:47:22.784, 4, 17250, 100
2026/09/29 07:47:22.784, 5, 17250, 100
2026/09/29 07:47:22.784, 6, 17250, 100
2026/09/29 07:47:22.784, 7, 17250, 100
2026/09/29 07:47:23.784, 0, 17250, 100
2026/09/29 07:47:23.784, 1, 17250, 100
2026/09/29 07:47:23.784, 2, 17250, 100
2026/09/29 07:47:23.784, 3, 17250, 100
2026/09/29 07:47:23.784, 4, 17250, 100
2026/09/29 07:47:23.784, 5, 17250, 100
2026/09/29 07:47:23.784, 6, 17250, 100
2026/09/29 07:47:23.784, 7, 17250, 100
2026/09/29 07:47:24.784, 0, 17250, 98
2026/09/29 07:47:24.784, 1, 17250, 95
2026/09/29 07:47:24.784, 2, 17250, 85
2026/09/29 07:47:24.784, 3, 17250, 100
2026/09/29 07:47:24.784, 4, 17250, 99
2026/09/29 07:47:24.784, 5, 17250, 93
2026/09/29 07:47:24.784, 6, 17250, 100
2026/09/29 07:47:24.784, 7, 17250, 100
2026/09/29 07:47:25.785, 0, 17250, 100
2026/09/29 07:47:25.785, 1, 17250, 99
2026/09/29 07:47:25.794, 2, 17250, 100
2026/09/29 07:47:25.794, 3, 17250, 100
2026/09/29 07:47:25.794, 4, 17250, 100
2026/09/29 07:47:25.794, 5, 17250, 100
2026/09/29 07:47:25.794, 6, 17250, 100
2026/09/29 07:47:25.794, 7, 17250, 100
2026/09/29 07:47:26.794, 0, 17250, 100
2026/09/29 07:47:26.794, 1, 17250, 100
2026/09/29 07:47:26.794, 2, 17250, 100
2026/09/29 07:47:26.794, 3, 17250, 100
2026/09/29 07:47:26.794, 4, 17250, 100
2026/09/29 07:47:26.794, 5, 17250, 100
2026/09/29 07:47:26.795, 6, 17250, 100
2026/09/29 07:47:26.795, 7, 17250, 100
2026/09/29 07:47:27.795, 0, 17250, 100
2026/09/29 07:47:27.795, 1, 17250, 100
2026/09/29 07:47:27.795, 2, 17250, 100
2026/09/29 07:47:27.795, 3, 17250, 100
2026/09/29 07:47:27.795, 4, 17250, 100
2026/09/29 07:47:27.795, 5, 17250, 100
2026/09/29 07:47:27.795, 6, 17250, 100
2026/09/29 07:47:27.795, 7, 17250, 100
2026/09/29 07:47:28.795, 0, 17250, 100
2026/09/29 07:47:28.795, 1, 17250, 100
2026/09/29 07:47:28.795, 2, 17250, 100
2026/09/29 07:47:28.795, 3, 17250, 100
2026/09/29 07:47:28.795, 4, 17250, 100
2026/09/29 07:47:28.795, 5, 17250, 100
2026/09/29 07:47:28.795, 6, 17250, 100
2026/09/29 07:47:28.795, 7, 17250, 100
2026/09/29 07:47:29.796, 0, 17250, 100
2026/09/29 07:47:29.796, 1, 17250, 98
2026/09/29 07:47:29.796, 2, 17250, 100
2026/09/29 07:47:29.796, 3, 17250, 100
2026/09/29 07:47:29.796, 4, 17250, 100
2026/09/29 07:47:29.796, 5, 17250, 100
2026/09/29 07:47:29.796, 6, 17250, 100
2026/09/29 07:47:29.796, 7, 17250, 100
2026/09/29 07:47:30.796, 0, 17250, 100
2026/09/29 07:47:30.796, 1, 17250, 100
2026/09/29 07:47:30.796, 2, 17250, 99
2026/09/29 07:47:30.796, 3, 17250, 100
2026/09/29 07:47:30.796, 4, 17250, 100
2026/09/29 07:47:30.797, 5, 17250, 100
2026/09/29 07:47:30.797, 6, 17250, 98
2026/09/29 07:47:30.797, 7, 17250, 100
2026/09/29 07:47:31.797, 0, 17250, 100
2026/09/29 07:47:31.797, 1, 17250, 100
2026/09/29 07:47:31.797, 2, 17250, 100
2026/09/29 07:47:31.797, 3, 17250, 100
2026/09/29 07:47:31.797, 4, 17250, 99
2026/09/29 07:47:31.797, 5, 17250, 100
2026/09/29 07:47:31.797, 6, 17250, 100
2026/09/29 07:47:31.797, 7, 17250, 100
2026/09/29 07:47:32.797, 0, 17250, 100
2026/09/29 07:47:32.797, 1, 17250, 100
2026/09/29 07:47:32.797, 2, 17250, 100
2026/09/29 07:47:32.797, 3, 17250, 100
2026/09/29 07:47:32.797, 4, 17250, 100
2026/09/29 07:47:32.797, 5, 17250, 100
2026/09/29 07:47:32.797, 6, 17250, 100
2026/09/29 07:47:32.797, 7, 17250, 100
2026/09/29 07:47:33.798, 0, 17250, 100
2026/09/29 07:47:33.798, 1, 17250, 100
2026/09/29 07:47:33.798, 2, 17250, 100
2026/09/29 07:47:33.798, 3, 17250, 100
2026/09/29 07:47:33.798, 4, 17250, 100
2026/09/29 07:47:33.798, 5, 17250, 99
2026/09/29 07:47:33.798, 6, 17250, 100
2026/09/29 07:47:33.798, 7, 17250, 100
2026/09/29 07:47:34.798, 0, 17250, 100
2026/09/29 07:47:34.798, 1, 17250, 100
2026/09/29 07:47:34.799, 2, 17250, 100
2026/09/29 07:47:34.799, 3, 17250, 100
2026/09/29 07:47:34.799, 4, 17250, 100
2026/09/29 07:47:34.799, 5, 17250, 100
2026/09/29 07:47:34.799, 6, 17250, 100
2026/09/29 07:47:34.799, 7, 17250, 100
2026/09/29 07:47:35.799, 0, 17250, 100
2026/09/29 07:47:35.799, 1, 17250, 100
2026/09/29 07:47:35.799, 2, 17250, 100
2026/09/29 07:47:35.799, 3, 17250, 100
2026/09/29 07:47:35.799, 4, 17250, 94
2026/09/29 07:47:35.799, 5, 17250, 100
2026/09/29 07:47:35.799, 6, 17250, 100
2026/09/29 07:47:35.799, 7, 17250, 98
2026/09/29 07:47:36.799, 0, 17250, 100
2026/09/29 07:47:36.799, 1, 17250, 100
2026/09/29 07:47:36.799, 2, 17250, 100
2026/09/29 07:47:36.800, 3, 17250, 100
2026/09/29 07:47:36.800, 4, 17250, 100
2026/09/29 07:47:36.800, 5, 17250, 100
2026/09/29 07:47:36.800, 6, 17250, 100
2026/09/29 07:47:36.800, 7, 17250, 100
2026/09/29 07:47:37.800, 0, 17250, 100
2026/09/29 07:47:37.800, 1, 17250, 99
2026/09/29 07:47:37.800, 2, 17250, 100
2026/09/29 07:47:37.800, 3, 17250, 100
2026/09/29 07:47:37.800, 4, 17250, 100
2026/09/29 07:47:37.800, 5, 17250, 100
2026/09/29 07:47:37.800, 6, 17250, 100
2026/09/29 07:47:37.800, 7, 17250, 100
2026/09/29 07:47:38.800, 0, 17250, 100
2026/09/29 07:47:38.800, 1, 17250, 100
2026/09/29 07:47:38.800, 2, 17250, 100
2026/09/29 07:47:38.800, 3, 17250, 100
2026/09/29 07:47:38.800, 4, 17250, 100
2026/09/29 07:47:38.800, 5, 17250, 100
2026/09/29 07:47:38.801, 6, 17250, 100
2026/09/29 07:47:38.801, 7, 17250, 100
2026/09/29 07:47:39.801, 0, 17250, 100
2026/09/29 07:47:39.801, 1, 17250, 100
2026/09/29 07:47:39.801, 2, 17250, 100
2026/09/29 07:47:39.801, 3, 17250, 100
2026/09/29 07:47:39.801, 4, 17250, 100
2026/09/29 07:47:39.801, 5, 17250, 100
2026/09/29 07:47:39.801, 6, 17250, 100
2026/09/29 07:47:39.801, 7, 17250, 100
2026/09/29 07:47:40.801, 0, 17250, 100
2026/09/29 07:47:40.801, 1, 17250, 95
2026/09/29 07:47:40.801, 2, 17250, 98
2026/09/29 07:47:40.801, 3, 17250, 100
2026/09/29 07:47:40.801, 4, 17250, 100
2026/09/29 07:47:40.801, 5, 17250, 98
2026/09/29 07:47:40.801, 6, 17250, 100
2026/09/29 07:47:40.802, 7, 17250, 100
2026/09/29 07:47:41.802, 0, 17250, 100
2026/09/29 07:47:41.802, 1, 17250, 100
2026/09/29 07:47:41.802, 2, 17250, 100
2026/09/29 07:47:41.802, 3, 17250, 100
2026/09/29 07:47:41.802, 4, 17250, 100
2026/09/29 07:47:41.802, 5, 17250, 100
2026/09/29 07:47:41.802, 6, 17250, 100
2026/09/29 07:47:41.802, 7, 17250, 100
2026/09/29 07:47:42.802, 0, 17250, 100
2026/09/29 07:47:42.803, 1, 17250, 99
2026/09/29 07:47:42.803, 2, 17250, 100
2026/09/29 07:47:42.803, 3, 17250, 100
2026/09/29 07:47:42.803, 4, 17250, 99
2026/09/29 07:47:42.803, 5, 17250, 100
2026/09/29 07:47:42.803, 6, 17250, 100
2026/09/29 07:47:42.803, 7, 17250, 100
2026/09/29 07:47:43.803, 0, 17250, 100
2026/09/29 07:47:43.803, 1, 17250, 100
2026/09/29 07:47:43.803, 2, 17250, 100
2026/09/29 07:47:43.803, 3, 17250, 100
2026/09/29 07:47:43.803, 4, 17250, 99
2026/09/29 07:47:43.803, 5, 17250, 100
2026/09/29 07:47:43.803, 6, 17250, 100
2026/09/29 07:47:43.803, 7, 17250, 100
2026/09/29 07:47:44.803, 0, 17250, 100
2026/09/29 07:47:44.803, 1, 17250, 100
2026/09/29 07:47:44.804, 2, 17250, 100
2026/09/29 07:47:44.804, 3, 17250, 100
2026/09/29 07:47:44.804, 4, 17250, 100
2026/09/29 07:47:44.804, 5, 17250, 100
2026/09/29 07:47:44.804, 6, 17250, 100
2026/09/29 07:47:44.804, 7, 17250, 100
2026/09/29 07:47:45.804, 0, 17250, 100
2026/09/29 07:47:45.804, 1, 17250, 100
2026/09/29 07:47:45.804, 2, 17250, 100
2026/09/29 07:47:45.804, 3, 17250, 100
2026/09/29 07:47:45.804, 4, 17250, 100
2026/09/29 07:47:45.804, 5, 17250, 100
2026/09/29 07:47:45.804, 6, 17250, 100
2026/09/29 07:47:45.804, 7, 17250, 100
2026/09/29 07:47:46.804, 0, 17250, 100
2026/09/29 07:47:46.805, 1, 17250, 100
2026/09/29 07:47:46.805, 2, 17250, 100
2026/09/29 07:47:46.805, 3, 17250, 100
2026/09/29 07:47:46.805, 4, 17250, 100
2026/09/29 07:47:46.805, 5, 17250, 100
2026/09/29 07:47:46.805, 6, 17250, 98
2026/09/29 07:47:46.805, 7, 17250, 100
2026/09/29 07:47:47.805, 0, 17250, 100
2026/09/29 07:47:47.805, 1, 17250, 100
2026/09/29 07:47:47.805, 2, 17250, 100
2026/09/29 07:47:47.805, 3, 17250, 100
2026/09/29 07:47:47.805, 4, 17250, 100
2026/09/29 07:47:47.805, 5, 17250, 100
2026/09/29 07:47:47.805, 6, 17250, 100
2026/09/29 07:47:47.805, 7, 17250, 100
2026/09/29 07:47:48.806, 0, 17250, 100
2026/09/29 07:47:48.806, 1, 17250, 100
2026/09/29 07:47:48.806, 2, 17250, 99
2026/09/29 07:47:48.806, 3, 17250, 100
2026/09/29 07:47:48.806, 4, 17250, 100
2026/09/29 07:47:48.806, 5, 17250, 100
2026/09/29 07:47:48.806, 6, 17250, 100
2026/09/29 07:47:48.806, 7, 17250, 100
2026/09/29 07:47:49.806, 0, 17250, 100
2026/09/29 07:47:49.806, 1, 17250, 100
2026/09/29 07:47:49.806, 2, 17250, 100
2026/09/29 07:47:49.806, 3, 17250, 99
2026/09/29 07:47:49.806, 4, 17250, 100
2026/09/29 07:47:49.806, 5, 17250, 100
2026/09/29 07:47:49.806, 6, 17250, 100
2026/09/29 07:47:49.806, 7, 17250, 100
2026/09/29 07:47:50.807, 0, 17250, 100
2026/09/29 07:47:50.807, 1, 17250, 100
2026/09/29 07:47:50.807, 2, 17250, 100
2026/09/29 07:47:50.807, 3, 17250, 99
2026/09/29 07:47:50.807, 4, 17250, 100
2026/09/29 07:47:50.807, 5, 17250, 100
2026/09/29 07:47:50.807, 6, 17250, 100
2026/09/29 07:47:50.807, 7, 17250, 100
2026/09/29 07:47:51.807, 0, 17250, 100
2026/09/29 07:47:51.807, 1, 17250, 100
2026/09/29 07:47:51.807, 2, 17250, 100
2026/09/29 07:47:51.807, 3, 17250, 100
2026/09/29 07:47:51.807, 4, 17250, 88
2026/09/29 07:47:51.807, 5, 17250, 100
2026/09/29 07:47:51.807, 6, 17250, 100
2026/09/29 07:47:51.808, 7, 17250, 100
2026/09/29 07:47:52.808, 0, 17250, 100
2026/09/29 07:47:52.808, 1, 17250, 100
2026/09/29 07:47:52.808, 2, 17250, 100
2026/09/29 07:47:52.808, 3, 17250, 100
2026/09/29 07:47:52.808, 4, 17250, 100
2026/09/29 07:47:52.808, 5, 17250, 100
2026/09/29 07:47:52.808, 6, 17250, 100
2026/09/29 07:47:52.808, 7, 17250, 100
2026/09/29 07:47:53.808, 0, 17250, 100
2026/09/29 07:47:53.808, 1, 17250, 99
2026/09/29 07:47:53.808, 2, 17250, 99
2026/09/29 07:47:53.808, 3, 17250, 100
2026/09/29 07:47:53.808, 4, 17250, 100
2026/09/29 07:47:53.809, 5, 17250, 100
2026/09/29 07:47:53.809, 6, 17250, 100
2026/09/29 07:47:53.809, 7, 17250, 100
2026/09/29 07:47:54.809, 0, 17250, 100
2026/09/29 07:47:54.809, 1, 17250, 100
2026/09/29 07:47:54.809, 2, 17250, 100
2026/09/29 07:47:54.809, 3, 17250, 100
2026/09/29 07:47:54.809, 4, 17250, 100
2026/09/29 07:47:54.809, 5, 17250, 100
2026/09/29 07:47:54.809, 6, 17250, 100
2026/09/29 07:47:54.809, 7, 17250, 100
2026/09/29 07:47:55.809, 0, 17250, 99
2026/09/29 07:47:55.810, 1, 17250, 99
2026/09/29 07:47:55.814, 2, 17250, 100
2026/09/29 07:47:55.814, 3, 17250, 100
2026/09/29 07:47:55.814, 4, 17250, 100
2026/09/29 07:47:55.814, 5, 17250, 100
2026/09/29 07:47:55.814, 6, 17250, 100
2026/09/29 07:47:55.814, 7, 17250, 100
2026/09/29 07:47:56.815, 0, 17250, 100
2026/09/29 07:47:56.815, 1, 17250, 98
2026/09/29 07:47:56.815, 2, 17250, 100
2026/09/29 07:47:56.815, 3, 17250, 100
2026/09/29 07:47:56.815, 4, 17250, 100
2026/09/29 07:47:56.815, 5, 17250, 99
2026/09/29 07:47:56.815, 6, 17250, 100
2026/09/29 07:47:56.815, 7, 17250, 100
2026/09/29 07:47:57.815, 0, 17250, 100
2026/09/29 07:47:57.815, 1, 17250, 100
2026/09/29 07:47:57.815, 2, 17250, 100
2026/09/29 07:47:57.815, 3, 17250, 100
2026/09/29 07:47:57.816, 4, 17250, 100
2026/09/29 07:47:57.816, 5, 17250, 100
2026/09/29 07:47:57.816, 6, 17250, 100
2026/09/29 07:47:57.816, 7, 17250, 100
2026/09/29 07:47:58.816, 0, 17250, 100
2026/09/29 07:47:58.816, 1, 17250, 100
2026/09/29 07:47:58.816, 2, 17250, 100
2026/09/29 07:47:58.816, 3, 17250, 100
2026/09/29 07:47:58.816, 4, 17250, 100
2026/09/29 07:47:58.816, 5, 17250, 100
2026/09/29 07:47:58.816, 6, 17250, 100
2026/09/29 07:47:58.816, 7, 17250, 100
2026/09/29 07:47:59.817, 0, 17250, 100
2026/09/29 07:47:59.817, 1, 17250, 100
2026/09/29 07:47:59.817, 2, 17250, 99
2026/09/29 07:47:59.817, 3, 17250, 100
2026/09/29 07:47:59.817, 4, 17250, 100
2026/09/29 07:47:59.817, 5, 17250, 100
2026/09/29 07:47:59.817, 6, 17250, 100
2026/09/29 07:47:59.817, 7, 17250, 100
2026/09/29 07:48:00.817, 0, 17250, 100
2026/09/29 07:48:00.817, 1, 17250, 100
2026/09/29 07:48:00.817, 2, 17250, 99
2026/09/29 07:48:00.818, 3, 17250, 100
2026/09/29 07:48:00.818, 4, 17250, 100
2026/09/29 07:48:00.818, 5, 17250, 100
2026/09/29 07:48:00.818, 6, 17250, 100
2026/09/29 07:48:00.818, 7, 17250, 100
2026/09/29 07:48:01.818, 0, 17250, 100
2026/09/29 07:48:01.818, 1, 17250, 100
2026/09/29 07:48:01.818, 2, 17250, 100
2026/09/29 07:48:01.818, 3, 17250, 100
2026/09/29 07:48:01.818, 4, 17250, 99
2026/09/29 07:48:01.818, 5, 17250, 100
2026/09/29 07:48:01.818, 6, 17250, 100
2026/09/29 07:48:01.818, 7, 17250, 100
2026/09/29 07:48:02.819, 0, 17250, 100
2026/09/29 07:48:02.819, 1, 17250, 99
2026/09/29 07:48:02.819, 2, 17250, 100
2026/09/29 07:48:02.819, 3, 17250, 100
2026/09/29 07:48:02.819, 4, 17250, 100
2026/09/29 07:48:02.819, 5, 17250, 100
2026/09/29 07:48:02.819, 6, 17250, 98
2026/09/29 07:48:02.819, 7, 17250, 100
2026/09/29 07:48:03.819, 0, 17250, 100
2026/09/29 07:48:03.819, 1, 17250, 100
2026/09/29 07:48:03.819, 2, 17250, 100
2026/09/29 07:48:03.819, 3, 17250, 100
2026/09/29 07:48:03.820, 4, 17250, 100
2026/09/29 07:48:03.820, 5, 17250, 100
2026/09/29 07:48:03.820, 6, 17250, 100
2026/09/29 07:48:03.820, 7, 17250, 100
2026/09/29 07:48:04.820, 0, 17250, 100
2026/09/29 07:48:04.820, 1, 17250, 100
2026/09/29 07:48:04.820, 2, 17250, 100
2026/09/29 07:48:04.820, 3, 17250, 100
2026/09/29 07:48:04.820, 4, 17250, 100
2026/09/29 07:48:04.820, 5, 17250, 100
2026/09/29 07:48:04.820, 6, 17250, 100
2026/09/29 07:48:04.820, 7, 17250, 100
2026/09/29 07:48:05.820, 0, 17250, 100
2026/09/29 07:48:05.821, 1, 17250, 100
2026/09/29 07:48:05.822, 2, 17250, 100
2026/09/29 07:48:05.822, 3, 17250, 100
2026/09/29 07:48:05.822, 4, 17250, 100
2026/09/29 07:48:05.822, 5, 17250, 100
2026/09/29 07:48:05.822, 6, 17250, 100
2026/09/29 07:48:05.822, 7, 17250, 100
2026/09/29 07:48:06.822, 0, 17250, 100
2026/09/29 07:48:06.823, 1, 17250, 100
2026/09/29 07:48:06.823, 2, 17250, 100
2026/09/29 07:48:06.823, 3, 17250, 100
2026/09/29 07:48:06.823, 4, 17250, 100
2026/09/29 07:48:06.823, 5, 17250, 100
2026/09/29 07:48:06.823, 6, 17250, 100
2026/09/29 07:48:06.823, 7, 17250, 100
2026/09/29 07:48:07.823, 0, 17250, 100
2026/09/29 07:48:07.823, 1, 17250, 100
2026/09/29 07:48:07.823, 2, 17250, 99
2026/09/29 07:48:07.823, 3, 17250, 100
2026/09/29 07:48:07.823, 4, 17250, 97
2026/09/29 07:48:07.823, 5, 17250, 100
2026/09/29 07:48:07.823, 6, 17250, 100
2026/09/29 07:48:07.823, 7, 17250, 100
2026/09/29 07:48:08.824, 0, 17250, 100
2026/09/29 07:48:08.824, 1, 17250, 100
2026/09/29 07:48:08.824, 2, 17250, 100
2026/09/29 07:48:08.824, 3, 17250, 100
2026/09/29 07:48:08.824, 4, 17250, 100
2026/09/29 07:48:08.824, 5, 17250, 100
2026/09/29 07:48:08.824, 6, 17250, 100
2026/09/29 07:48:08.824, 7, 17250, 100
2026/09/29 07:48:09.824, 0, 17250, 100
2026/09/29 07:48:09.824, 1, 17250, 100
2026/09/29 07:48:09.824, 2, 17250, 100
2026/09/29 07:48:09.824, 3, 17250, 100
2026/09/29 07:48:09.824, 4, 17250, 100
2026/09/29 07:48:09.824, 5, 17250, 100
2026/09/29 07:48:09.824, 6, 17250, 100
2026/09/29 07:48:09.824, 7, 17250, 100
2026/09/29 07:48:10.824, 0, 17250, 100
2026/09/29 07:48:10.825, 1, 17250, 100
2026/09/29 07:48:10.825, 2, 17250, 100
2026/09/29 07:48:10.825, 3, 17250, 100
2026/09/29 07:48:10.825, 4, 17250, 100
2026/09/29 07:48:10.825, 5, 17250, 100
2026/09/29 07:48:10.825, 6, 17250, 100
2026/09/29 07:48:10.825, 7, 17250, 100
2026/09/29 07:48:11.825, 0, 17250, 100
2026/09/29 07:48:11.825, 1, 17250, 100
2026/09/29 07:48:11.825, 2, 17250, 100
2026/09/29 07:48:11.825, 3, 17250, 100
2026/09/29 07:48:11.825, 4, 17250, 100
2026/09/29 07:48:11.825, 5, 17250, 100
2026/09/29 07:48:11.825, 6, 17250, 100
2026/09/29 07:48:11.825, 7, 17250, 100
2026/09/29 07:48:12.825, 0, 17250, 100
2026/09/29 07:48:12.825, 1, 17250, 99
2026/09/29 07:48:12.825, 2, 17250, 100
2026/09/29 07:48:12.825, 3, 17250, 100
2026/09/29 07:48:12.825, 4, 17250, 100
2026/09/29 07:48:12.825, 5, 17250, 100
2026/09/29 07:48:12.825, 6, 17250, 100
2026/09/29 07:48:12.826, 7, 17250, 100
2026/09/29 07:48:13.826, 0, 17250, 100
2026/09/29 07:48:13.826, 1, 17250, 100
2026/09/29 07:48:13.826, 2, 17250, 100
2026/09/29 07:48:13.826, 3, 17250, 100
2026/09/29 07:48:13.826, 4, 17250, 100
2026/09/29 07:48:13.826, 5, 17250, 100
2026/09/29 07:48:13.826, 6, 17250, 100
2026/09/29 07:48:13.826, 7, 17250, 100
2026/09/29 07:48:14.826, 0, 17250, 100
2026/09/29 07:48:14.826, 1, 17250, 99
2026/09/29 07:48:14.826, 2, 17250, 100
2026/09/29 07:48:14.826, 3, 17250, 100
2026/09/29 07:48:14.826, 4, 17250, 100
2026/09/29 07:48:14.826, 5, 17250, 100
2026/09/29 07:48:14.826, 6, 17250, 100
2026/09/29 07:48:14.826, 7, 17250, 100
2026/09/29 07:48:15.826, 0, 17250, 100
2026/09/29 07:48:15.826, 1, 17250, 100
2026/09/29 07:48:15.826, 2, 17250, 100
2026/09/29 07:48:15.827, 3, 17250, 100
2026/09/29 07:48:15.827, 4, 17250, 100
2026/09/29 07:48:15.827, 5, 17250, 100
2026/09/29 07:48:15.827, 6, 17250, 100
2026/09/29 07:48:15.827, 7, 17250, 100
2026/09/29 07:48:16.827, 0, 17250, 100
2026/09/29 07:48:16.827, 1, 17250, 100
2026/09/29 07:48:16.827, 2, 17250, 100
2026/09/29 07:48:16.827, 3, 17250, 100
2026/09/29 07:48:16.827, 4, 17250, 100
2026/09/29 07:48:16.827, 5, 17250, 100
2026/09/29 07:48:16.827, 6, 17250, 100
2026/09/29 07:48:16.827, 7, 17250, 100
2026/09/29 07:48:17.827, 0, 17250, 95
2026/09/29 07:48:17.827, 1, 17250, 100
2026/09/29 07:48:17.827, 2, 17250, 99
2026/09/29 07:48:17.827, 3, 17250, 100
2026/09/29 07:48:17.827, 4, 17250, 100
2026/09/29 07:48:17.827, 5, 17250, 100
2026/09/29 07:48:17.827, 6, 17250, 100
2026/09/29 07:48:17.827, 7, 17250, 100
2026/09/29 07:48:18.827, 0, 17250, 100
2026/09/29 07:48:18.828, 1, 17250, 100
2026/09/29 07:48:18.828, 2, 17250, 99
2026/09/29 07:48:18.828, 3, 17250, 98
2026/09/29 07:48:18.828, 4, 17250, 100
2026/09/29 07:48:18.828, 5, 17250, 100
2026/09/29 07:48:18.828, 6, 17250, 100
2026/09/29 07:48:18.828, 7, 17250, 100
2026/09/29 07:48:19.828, 0, 17250, 100
2026/09/29 07:48:19.828, 1, 17250, 100
2026/09/29 07:48:19.828, 2, 17250, 100
2026/09/29 07:48:19.828, 3, 17250, 100
2026/09/29 07:48:19.828, 4, 17250, 100
2026/09/29 07:48:19.828, 5, 17250, 100
2026/09/29 07:48:19.828, 6, 17250, 100
2026/09/29 07:48:19.828, 7, 17250, 100
2026/09/29 07:48:20.828, 0, 17250, 100
2026/09/29 07:48:20.828, 1, 17250, 100
2026/09/29 07:48:20.828, 2, 17250, 100
2026/09/29 07:48:20.828, 3, 17250, 100
2026/09/29 07:48:20.828, 4, 17250, 100
2026/09/29 07:48:20.828, 5, 17250, 100
2026/09/29 07:48:20.829, 6, 17250, 100
2026/09/29 07:48:20.829, 7, 17250, 100
2026/09/29 07:48:21.829, 0, 17250, 100
2026/09/29 07:48:21.829, 1, 17250, 100
2026/09/29 07:48:21.829, 2, 17250, 100
2026/09/29 07:48:21.836, 3, 17250, 100
2026/09/29 07:48:21.836, 4, 17250, 100
2026/09/29 07:48:21.836, 5, 17250, 100
2026/09/29 07:48:21.836, 6, 17250, 100
2026/09/29 07:48:21.836, 7, 17250, 100
2026/09/29 07:48:22.836, 0, 17250, 100
2026/09/29 07:48:22.837, 1, 17250, 99
2026/09/29 07:48:22.837, 2, 17250, 99
2026/09/29 07:48:22.837, 3, 17250, 100
2026/09/29 07:48:22.837, 4, 17250, 100
2026/09/29 07:48:22.837, 5, 17250, 100
2026/09/29 07:48:22.837, 6, 17250, 100
2026/09/29 07:48:22.837, 7, 17250, 100
2026/09/29 07:48:23.837, 0, 17250, 100
2026/09/29 07:48:23.837, 1, 17250, 100
2026/09/29 07:48:23.837, 2, 17250, 100
2026/09/29 07:48:23.837, 3, 17250, 100
2026/09/29 07:48:23.837, 4, 17250, 99
2026/09/29 07:48:23.837, 5, 17250, 100
2026/09/29 07:48:23.837, 6, 17250, 99
2026/09/29 07:48:23.837, 7, 17250, 100
2026/09/29 07:48:24.837, 0, 17250, 100
2026/09/29 07:48:24.837, 1, 17250, 100
2026/09/29 07:48:24.838, 2, 17250, 100
2026/09/29 07:48:24.838, 3, 17250, 100
2026/09/29 07:48:24.838, 4, 17250, 100
2026/09/29 07:48:24.838, 5, 17250, 100
2026/09/29 07:48:24.838, 6, 17250, 100
2026/09/29 07:48:24.838, 7, 17250, 100
2026/09/29 07:48:25.838, 0, 17250, 100
2026/09/29 07:48:25.838, 1, 17250, 100
2026/09/29 07:48:25.838, 2, 17250, 100
2026/09/29 07:48:25.838, 3, 17250, 100
2026/09/29 07:48:25.838, 4, 17250, 100
2026/09/29 07:48:25.838, 5, 17250, 100
2026/09/29 07:48:25.839, 6, 17250, 100
2026/09/29 07:48:25.839, 7, 17250, 100
2026/09/29 07:48:26.839, 0, 17250, 100
2026/09/29 07:48:26.839, 1, 17250, 100
2026/09/29 07:48:26.840, 2, 17250, 100
2026/09/29 07:48:26.840, 3, 17250, 100
2026/09/29 07:48:26.840, 4, 17250, 100
2026/09/29 07:48:26.840, 5, 17250, 100
2026/09/29 07:48:26.840, 6, 17250, 100
2026/09/29 07:48:26.840, 7, 17250, 100
2026/09/29 07:48:27.840, 0, 17250, 100
2026/09/29 07:48:27.840, 1, 17250, 100
2026/09/29 07:48:27.840, 2, 17250, 100
2026/09/29 07:48:27.840, 3, 17250, 100
2026/09/29 07:48:27.840, 4, 17250, 100
2026/09/29 07:48:27.840, 5, 17250, 100
2026/09/29 07:48:27.840, 6, 17250, 100
2026/09/29 07:48:27.840, 7, 17250, 100
2026/09/29 07:48:28.841, 0, 17250, 100
2026/09/29 07:48:28.841, 1, 17250, 100
2026/09/29 07:48:28.841, 2, 17250, 100
2026/09/29 07:48:28.841, 3, 17250, 100
2026/09/29 07:48:28.841, 4, 17250, 99
2026/09/29 07:48:28.841, 5, 17250, 100
2026/09/29 07:48:28.841, 6, 17250, 100
2026/09/29 07:48:28.841, 7, 17250, 95
2026/09/29 07:48:29.842, 0, 17250, 100
2026/09/29 07:48:29.842, 1, 17250, 100
2026/09/29 07:48:29.842, 2, 17250, 100
2026/09/29 07:48:29.842, 3, 17250, 100
2026/09/29 07:48:29.842, 4, 17250, 100
2026/09/29 07:48:29.842, 5, 17250, 100
2026/09/29 07:48:29.842, 6, 17250, 100
2026/09/29 07:48:29.842, 7, 17250, 100
2026/09/29 07:48:30.842, 0, 17250, 100
2026/09/29 07:48:30.843, 1, 17250, 100
2026/09/29 07:48:30.843, 2, 17250, 100
2026/09/29 07:48:30.843, 3, 17250, 100
2026/09/29 07:48:30.843, 4, 17250, 100
2026/09/29 07:48:30.843, 5, 17250, 100
2026/09/29 07:48:30.843, 6, 17250, 100
2026/09/29 07:48:30.843, 7, 17250, 100
2026/09/29 07:48:31.843, 0, 17250, 100
2026/09/29 07:48:31.843, 1, 17250, 100
2026/09/29 07:48:31.843, 2, 17250, 100
2026/09/29 07:48:31.843, 3, 17250, 100
2026/09/29 07:48:31.844, 4, 17250, 100
2026/09/29 07:48:31.844, 5, 17250, 100
2026/09/29 07:48:31.844, 6, 17250, 100
2026/09/29 07:48:31.844, 7, 17250, 100
2026/09/29 07:48:32.844, 0, 17250, 100
2026/09/29 07:48:32.844, 1, 17250, 100
2026/09/29 07:48:32.844, 2, 17250, 100
2026/09/29 07:48:32.844, 3, 17250, 100
2026/09/29 07:48:32.844, 4, 17250, 100
2026/09/29 07:48:32.844, 5, 17250, 100
2026/09/29 07:48:32.844, 6, 17250, 100
2026/09/29 07:48:32.844, 7, 17250, 100
2026/09/29 07:48:33.845, 0, 17250, 99
2026/09/29 07:48:33.845, 1, 17250, 94
2026/09/29 07:48:33.845, 2, 17250, 90
2026/09/29 07:48:33.845, 3, 17250, 100
2026/09/29 07:48:33.845, 4, 17250, 100
2026/09/29 07:48:33.845, 5, 17250, 95
2026/09/29 07:48:33.845, 6, 17250, 100
2026/09/29 07:48:33.845, 7, 17250, 100
2026/09/29 07:48:34.845, 0, 17250, 100
2026/09/29 07:48:34.845, 1, 17250, 100
2026/09/29 07:48:34.846, 2, 17250, 100
2026/09/29 07:48:34.846, 3, 17250, 100
2026/09/29 07:48:34.846, 4, 17250, 100
2026/09/29 07:48:34.846, 5, 17250, 100
2026/09/29 07:48:34.846, 6, 17250, 100
2026/09/29 07:48:34.846, 7, 17250, 100
2026/09/29 07:48:35.846, 0, 17250, 100
2026/09/29 07:48:35.846, 1, 17250, 100
2026/09/29 07:48:35.846, 2, 17250, 100
2026/09/29 07:48:35.846, 3, 17250, 100
2026/09/29 07:48:35.846, 4, 17250, 100
2026/09/29 07:48:35.847, 5, 17250, 100
2026/09/29 07:48:35.847, 6, 17250, 100
2026/09/29 07:48:35.847, 7, 17250, 100
2026/09/29 07:48:36.847, 0, 17250, 100
2026/09/29 07:48:36.847, 1, 17250, 100
2026/09/29 07:48:36.847, 2, 17250, 100
2026/09/29 07:48:36.847, 3, 17250, 100
2026/09/29 07:48:36.847, 4, 17250, 100
2026/09/29 07:48:36.847, 5, 17250, 100
2026/09/29 07:48:36.847, 6, 17250, 100
2026/09/29 07:48:36.847, 7, 17250, 100
2026/09/29 07:48:37.847, 0, 17250, 100
2026/09/29 07:48:37.848, 1, 17250, 100
2026/09/29 07:48:37.848, 2, 17250, 99
2026/09/29 07:48:37.848, 3, 17250, 100
2026/09/29 07:48:37.848, 4, 17250, 100
2026/09/29 07:48:37.848, 5, 17250, 100
2026/09/29 07:48:37.848, 6, 17250, 100
2026/09/29 07:48:37.848, 7, 17250, 100
2026/09/29 07:48:38.848, 0, 17250, 100
2026/09/29 07:48:38.848, 1, 17250, 100
2026/09/29 07:48:38.848, 2, 17250, 99
2026/09/29 07:48:38.848, 3, 17250, 100
2026/09/29 07:48:38.849, 4, 17250, 100
2026/09/29 07:48:38.849, 5, 17250, 100
2026/09/29 07:48:38.849, 6, 17250, 100
2026/09/29 07:48:38.849, 7, 17250, 100
2026/09/29 07:48:39.849, 0, 17250, 100
2026/09/29 07:48:39.849, 1, 17250, 100
2026/09/29 07:48:39.849, 2, 17250, 100
2026/09/29 07:48:39.849, 3, 17250, 100
2026/09/29 07:48:39.849, 4, 17250, 100
2026/09/29 07:48:39.849, 5, 17250, 100
2026/09/29 07:48:39.849, 6, 17250, 98
2026/09/29 07:48:39.849, 7, 17250, 100
2026/09/29 07:48:40.849, 0, 17250, 100
2026/09/29 07:48:40.850, 1, 17250, 100
2026/09/29 07:48:40.850, 2, 17250, 100
2026/09/29 07:48:40.850, 3, 17250, 100
2026/09/29 07:48:40.850, 4, 17250, 100
2026/09/29 07:48:40.850, 5, 17250, 100
2026/09/29 07:48:40.850, 6, 17250, 100
2026/09/29 07:48:40.850, 7, 17250, 100
2026/09/29 07:48:41.850, 0, 17250, 100
2026/09/29 07:48:41.850, 1, 17250, 100
2026/09/29 07:48:41.850, 2, 17250, 100
2026/09/29 07:48:41.850, 3, 17250, 100
2026/09/29 07:48:41.850, 4, 17250, 100
2026/09/29 07:48:41.850, 5, 17250, 100
2026/09/29 07:48:41.850, 6, 17250, 100
2026/09/29 07:48:41.850, 7, 17250, 100
2026/09/29 07:48:42.851, 0, 17250, 100
2026/09/29 07:48:42.851, 1, 17250, 100
2026/09/29 07:48:42.851, 2, 17250, 100
2026/09/29 07:48:42.851, 3, 17250, 100
2026/09/29 07:48:42.851, 4, 17250, 100
2026/09/29 07:48:42.851, 5, 17250, 100
2026/09/29 07:48:42.851, 6, 17250, 100
2026/09/29 07:48:42.851, 7, 17250, 100
2026/09/29 07:48:43.851, 0, 17250, 100
2026/09/29 07:48:43.851, 1, 17250, 100
2026/09/29 07:48:43.851, 2, 17250, 100
2026/09/29 07:48:43.851, 3, 17250, 99
2026/09/29 07:48:43.851, 4, 17250, 100
2026/09/29 07:48:43.851, 5, 17250, 100
2026/09/29 07:48:43.851, 6, 17250, 100
2026/09/29 07:48:43.851, 7, 17250, 100
2026/09/29 07:48:44.851, 0, 17250, 100
2026/09/29 07:48:44.852, 1, 17250, 100
2026/09/29 07:48:44.852, 2, 17250, 99
2026/09/29 07:48:44.852, 3, 17250, 100
2026/09/29 07:48:44.852, 4, 17250, 94
2026/09/29 07:48:44.852, 5, 17250, 100
2026/09/29 07:48:44.852, 6, 17250, 100
2026/09/29 07:48:44.852, 7, 17250, 100
2026/09/29 07:48:45.852, 0, 17250, 100
2026/09/29 07:48:45.852, 1, 17250, 100
2026/09/29 07:48:45.852, 2, 17250, 100
2026/09/29 07:48:45.852, 3, 17250, 100
2026/09/29 07:48:45.852, 4, 17250, 100
2026/09/29 07:48:45.853, 5, 17250, 100
2026/09/29 07:48:45.853, 6, 17250, 100
2026/09/29 07:48:45.853, 7, 17250, 100
2026/09/29 07:48:46.853, 0, 17250, 100
2026/09/29 07:48:46.853, 1, 17250, 99
2026/09/29 07:48:46.853, 2, 17250, 100
2026/09/29 07:48:46.853, 3, 17250, 100
2026/09/29 07:48:46.853, 4, 17250, 100
2026/09/29 07:48:46.853, 5, 17250, 100
2026/09/29 07:48:46.853, 6, 17250, 100
2026/09/29 07:48:46.853, 7, 17250, 100
2026/09/29 07:48:47.854, 0, 17250, 100
2026/09/29 07:48:47.854, 1, 17250, 100
2026/09/29 07:48:47.854, 2, 17250, 100
2026/09/29 07:48:47.854, 3, 17250, 100
2026/09/29 07:48:47.854, 4, 17250, 100
2026/09/29 07:48:47.854, 5, 17250, 100
2026/09/29 07:48:47.854, 6, 17250, 100
2026/09/29 07:48:47.854, 7, 17250, 100
2026/09/29 07:48:48.854, 0, 17250, 100
2026/09/29 07:48:48.854, 1, 17250, 100
2026/09/29 07:48:48.855, 2, 17250, 100
2026/09/29 07:48:48.855, 3, 17250, 100
2026/09/29 07:48:48.855, 4, 17250, 100
2026/09/29 07:48:48.855, 5, 17250, 100
2026/09/29 07:48:48.855, 6, 17250, 100
2026/09/29 07:48:48.855, 7, 17250, 100
2026/09/29 07:48:49.855, 0, 17250, 100
2026/09/29 07:48:49.855, 1, 17250, 100
2026/09/29 07:48:49.855, 2, 17250, 100
2026/09/29 07:48:49.855, 3, 17250, 100
2026/09/29 07:48:49.855, 4, 17250, 100
2026/09/29 07:48:49.855, 5, 17250, 100
2026/09/29 07:48:49.855, 6, 17250, 100
2026/09/29 07:48:49.855, 7, 17250, 100
2026/09/29 07:48:50.855, 0, 17250, 100
2026/09/29 07:48:50.856, 1, 17250, 100
2026/09/29 07:48:50.856, 2, 17250, 100
2026/09/29 07:48:50.856, 3, 17250, 100
2026/09/29 07:48:50.856, 4, 17250, 100
2026/09/29 07:48:50.856, 5, 17250, 100
2026/09/29 07:48:50.856, 6, 17250, 100
2026/09/29 07:48:50.856, 7, 17250, 100
2026/09/29 07:48:51.856, 0, 17250, 100
2026/09/29 07:48:51.856, 1, 17250, 100
2026/09/29 07:48:51.856, 2, 17250, 100
2026/09/29 07:48:51.856, 3, 17250, 100
2026/09/29 07:48:51.856, 4, 17250, 100
2026/09/29 07:48:51.856, 5, 17250, 100
2026/09/29 07:48:51.857, 6, 17250, 100
2026/09/29 07:48:51.857, 7, 17250, 100
2026/09/29 07:48:52.857, 0, 17250, 100
2026/09/29 07:48:52.857, 1, 17250, 100
2026/09/29 07:48:52.857, 2, 17250, 100
2026/09/29 07:48:52.857, 3, 17250, 100
2026/09/29 07:48:52.857, 4, 17250, 100
2026/09/29 07:48:52.857, 5, 17250, 100
2026/09/29 07:48:52.857, 6, 17250, 100
2026/09/29 07:48:52.857, 7, 17250, 100
2026/09/29 07:48:53.857, 0, 17250, 100
2026/09/29 07:48:53.858, 1, 17250, 100
2026/09/29 07:48:53.858, 2, 17250, 100
2026/09/29 07:48:53.858, 3, 17250, 100
2026/09/29 07:48:53.858, 4, 17250, 100
2026/09/29 07:48:53.858, 5, 17250, 100
2026/09/29 07:48:53.858, 6, 17250, 100
2026/09/29 07:48:53.858, 7, 17250, 100
2026/09/29 07:48:54.858, 0, 17250, 100
2026/09/29 07:48:54.858, 1, 17250, 100
2026/09/29 07:48:54.858, 2, 17250, 100
2026/09/29 07:48:54.858, 3, 17250, 93
2026/09/29 07:48:54.859, 4, 17250, 100
2026/09/29 07:48:54.859, 5, 17250, 100
2026/09/29 07:48:54.859, 6, 17250, 100
2026/09/29 07:48:54.859, 7, 17250, 100
2026/09/29 07:48:55.859, 0, 17250, 100
2026/09/29 07:48:55.859, 1, 17250, 100
2026/09/29 07:48:55.859, 2, 17250, 100
2026/09/29 07:48:55.859, 3, 17250, 100
2026/09/29 07:48:55.859, 4, 17250, 100
2026/09/29 07:48:55.859, 5, 17250, 100
2026/09/29 07:48:55.859, 6, 17250, 100
2026/09/29 07:48:55.859, 7, 17250, 100
2026/09/29 07:48:56.859, 0, 17250, 100
2026/09/29 07:48:56.859, 1, 17250, 100
2026/09/29 07:48:56.860, 2, 17250, 100
2026/09/29 07:48:56.860, 3, 17250, 100
2026/09/29 07:48:56.860, 4, 17250, 100
2026/09/29 07:48:56.860, 5, 17250, 100
2026/09/29 07:48:56.860, 6, 17250, 100
2026/09/29 07:48:56.860, 7, 17250, 100
2026/09/29 07:48:57.860, 0, 17250, 100
2026/09/29 07:48:57.860, 1, 17250, 100
2026/09/29 07:48:57.860, 2, 17250, 100
2026/09/29 07:48:57.860, 3, 17250, 100
2026/09/29 07:48:57.860, 4, 17250, 100
2026/09/29 07:48:57.860, 5, 17250, 100
2026/09/29 07:48:57.860, 6, 17250, 100
2026/09/29 07:48:57.860, 7, 17250, 100
2026/09/29 07:48:58.860, 0, 17250, 100
2026/09/29 07:48:58.861, 1, 17250, 100
2026/09/29 07:48:58.861, 2, 17250, 100
2026/09/29 07:48:58.861, 3, 17250, 100
2026/09/29 07:48:58.861, 4, 17250, 100
2026/09/29 07:48:58.861, 5, 17250, 100
2026/09/29 07:48:58.861, 6, 17250, 100
2026/09/29 07:48:58.861, 7, 17250, 100
2026/09/29 07:48:59.861, 0, 17250, 100
2026/09/29 07:48:59.861, 1, 17250, 100
2026/09/29 07:48:59.861, 2, 17250, 100
2026/09/29 07:48:59.861, 3, 17250, 100
2026/09/29 07:48:59.861, 4, 17250, 100
2026/09/29 07:48:59.861, 5, 17250, 100
2026/09/29 07:48:59.862, 6, 17250, 100
2026/09/29 07:48:59.862, 7, 17250, 100
2026/09/29 07:49:00.862, 0, 17250, 100
2026/09/29 07:49:00.862, 1, 17250, 100
2026/09/29 07:49:00.863, 2, 17250, 100
2026/09/29 07:49:00.863, 3, 17250, 100
2026/09/29 07:49:00.863, 4, 17250, 100
2026/09/29 07:49:00.863, 5, 17250, 100
2026/09/29 07:49:00.863, 6, 17250, 97
2026/09/29 07:49:00.863, 7, 17250, 100
2026/09/29 07:49:01.863, 0, 17250, 100
2026/09/29 07:49:01.863, 1, 17250, 100
2026/09/29 07:49:01.863, 2, 17250, 99
2026/09/29 07:49:01.863, 3, 17250, 100
2026/09/29 07:49:01.863, 4, 17250, 100
2026/09/29 07:49:01.863, 5, 17250, 100
2026/09/29 07:49:01.864, 6, 17250, 100
2026/09/29 07:49:01.864, 7, 17250, 100
2026/09/29 07:49:02.864, 0, 17250, 100
2026/09/29 07:49:02.864, 1, 17250, 100
2026/09/29 07:49:02.864, 2, 17250, 100
2026/09/29 07:49:02.864, 3, 17250, 100
2026/09/29 07:49:02.864, 4, 17250, 99
2026/09/29 07:49:02.864, 5, 17250, 100
2026/09/29 07:49:02.864, 6, 17250, 100
2026/09/29 07:49:02.864, 7, 17250, 100
2026/09/29 07:49:03.865, 0, 17250, 100
2026/09/29 07:49:03.865, 1, 17250, 100
2026/09/29 07:49:03.865, 2, 17250, 100
2026/09/29 07:49:03.865, 3, 17250, 100
2026/09/29 07:49:03.865, 4, 17250, 100
2026/09/29 07:49:03.865, 5, 17250, 100
2026/09/29 07:49:03.865, 6, 17250, 100
2026/09/29 07:49:03.865, 7, 17250, 100
2026/09/29 07:49:04.866, 0, 17250, 100
2026/09/29 07:49:04.866, 1, 17250, 100
2026/09/29 07:49:04.866, 2, 17250, 100
2026/09/29 07:49:04.866, 3, 17250, 100
2026/09/29 07:49:04.866, 4, 17250, 100
2026/09/29 07:49:04.866, 5, 17250, 100
2026/09/29 07:49:04.866, 6, 17250, 100
2026/09/29 07:49:04.866, 7, 17250, 100
2026/09/29 07:49:05.866, 0, 17250, 100
2026/09/29 07:49:05.867, 1, 17250, 100
2026/09/29 07:49:05.867, 2, 17250, 100
2026/09/29 07:49:05.867, 3, 17250, 100
2026/09/29 07:49:05.867, 4, 17250, 100
2026/09/29 07:49:05.867, 5, 17250, 100
2026/09/29 07:49:05.867, 6, 17250, 100
2026/09/29 07:49:05.867, 7, 17250, 96
2026/09/29 07:49:06.867, 0, 17250, 100
2026/09/29 07:49:06.867, 1, 17250, 100
2026/09/29 07:49:06.867, 2, 17250, 100
2026/09/29 07:49:06.867, 3, 17250, 100
2026/09/29 07:49:06.867, 4, 17250, 100
2026/09/29 07:49:06.867, 5, 17250, 100
2026/09/29 07:49:06.867, 6, 17250, 100
2026/09/29 07:49:06.867, 7, 17250, 100
2026/09/29 07:49:07.868, 0, 17250, 100
2026/09/29 07:49:07.868, 1, 17250, 100
2026/09/29 07:49:07.868, 2, 17250, 100
2026/09/29 07:49:07.868, 3, 17250, 100
2026/09/29 07:49:07.868, 4, 17250, 100
2026/09/29 07:49:07.868, 5, 17250, 100
2026/09/29 07:49:07.868, 6, 17250, 100
2026/09/29 07:49:07.868, 7, 17250, 100
2026/09/29 07:49:08.868, 0, 17250, 100
2026/09/29 07:49:08.868, 1, 17250, 100
2026/09/29 07:49:08.868, 2, 17250, 100
2026/09/29 07:49:08.868, 3, 17250, 100
2026/09/29 07:49:08.868, 4, 17250, 100
2026/09/29 07:49:08.868, 5, 17250, 100
2026/09/29 07:49:08.869, 6, 17250, 100
2026/09/29 07:49:08.869, 7, 17250, 100
2026/09/29 07:49:09.869, 0, 17250, 100
2026/09/29 07:49:09.869, 1, 17250, 100
2026/09/29 07:49:09.869, 2, 17250, 100
2026/09/29 07:49:09.869, 3, 17250, 99
2026/09/29 07:49:09.869, 4, 17250, 100
2026/09/29 07:49:09.869, 5, 17250, 100
2026/09/29 07:49:09.869, 6, 17250, 100
2026/09/29 07:49:09.869, 7, 17250, 100
2026/09/29 07:49:10.869, 0, 17250, 98
2026/09/29 07:49:10.870, 1, 17250, 97
2026/09/29 07:49:10.870, 2, 17250, 91
2026/09/29 07:49:10.870, 3, 17250, 100
2026/09/29 07:49:10.870, 4, 17250, 100
2026/09/29 07:49:10.870, 5, 17250, 96
2026/09/29 07:49:10.870, 6, 17250, 100
2026/09/29 07:49:10.870, 7, 17250, 100
2026/09/29 07:49:11.870, 0, 17250, 100
2026/09/29 07:49:11.870, 1, 17250, 100
2026/09/29 07:49:11.870, 2, 17250, 99
2026/09/29 07:49:11.870, 3, 17250, 100
2026/09/29 07:49:11.870, 4, 17250, 100
2026/09/29 07:49:11.870, 5, 17250, 100
2026/09/29 07:49:11.871, 6, 17250, 100
2026/09/29 07:49:11.871, 7, 17250, 100
2026/09/29 07:49:12.871, 0, 17250, 100
2026/09/29 07:49:12.871, 1, 17250, 100
2026/09/29 07:49:12.871, 2, 17250, 99
2026/09/29 07:49:12.871, 3, 17250, 100
2026/09/29 07:49:12.871, 4, 17250, 100
2026/09/29 07:49:12.871, 5, 17250, 100
2026/09/29 07:49:12.871, 6, 17250, 100
2026/09/29 07:49:12.871, 7, 17250, 100
2026/09/29 07:49:13.871, 0, 17250, 100
2026/09/29 07:49:13.871, 1, 17250, 100
2026/09/29 07:49:13.871, 2, 17250, 100
2026/09/29 07:49:13.871, 3, 17250, 100
2026/09/29 07:49:13.871, 4, 17250, 100
2026/09/29 07:49:13.871, 5, 17250, 100
2026/09/29 07:49:13.871, 6, 17250, 100
2026/09/29 07:49:13.871, 7, 17250, 100
2026/09/29 07:49:14.871, 0, 17250, 100
2026/09/29 07:49:14.871, 1, 17250, 100
2026/09/29 07:49:14.872, 2, 17250, 100
2026/09/29 07:49:14.872, 3, 17250, 100
2026/09/29 07:49:14.872, 4, 17250, 100
2026/09/29 07:49:14.872, 5, 17250, 100
2026/09/29 07:49:14.872, 6, 17250, 100
2026/09/29 07:49:14.872, 7, 17250, 100
2026/09/29 07:49:15.872, 0, 17250, 100
2026/09/29 07:49:15.872, 1, 17250, 100
2026/09/29 07:49:15.872, 2, 17250, 100
2026/09/29 07:49:15.872, 3, 17250, 100
2026/09/29 07:49:15.872, 4, 17250, 100
2026/09/29 07:49:15.872, 5, 17250, 100
2026/09/29 07:49:15.872, 6, 17250, 100
2026/09/29 07:49:15.872, 7, 17250, 100
2026/09/29 07:49:16.873, 0, 17250, 100
2026/09/29 07:49:16.873, 1, 17250, 100
2026/09/29 07:49:16.873, 2, 17250, 100
2026/09/29 07:49:16.873, 3, 17250, 100
2026/09/29 07:49:16.873, 4, 17250, 100
2026/09/29 07:49:16.873, 5, 17250, 100
2026/09/29 07:49:16.873, 6, 17250, 95
2026/09/29 07:49:16.873, 7, 17250, 100
2026/09/29 07:49:17.873, 0, 17250, 100
2026/09/29 07:49:17.873, 1, 17250, 100
2026/09/29 07:49:17.874, 2, 17250, 100
2026/09/29 07:49:17.874, 3, 17250, 100
2026/09/29 07:49:17.874, 4, 17250, 100
2026/09/29 07:49:17.874, 5, 17250, 100
2026/09/29 07:49:17.874, 6, 17250, 100
2026/09/29 07:49:17.874, 7, 17250, 100
2026/09/29 07:49:18.874, 0, 17250, 100
2026/09/29 07:49:18.874, 1, 17250, 100
2026/09/29 07:49:18.874, 2, 17250, 100
2026/09/29 07:49:18.874, 3, 17250, 100
2026/09/29 07:49:18.874, 4, 17250, 100
2026/09/29 07:49:18.874, 5, 17250, 100
2026/09/29 07:49:18.874, 6, 17250, 100
2026/09/29 07:49:18.875, 7, 17250, 100
2026/09/29 07:49:19.875, 0, 17250, 100
2026/09/29 07:49:19.875, 1, 17250, 100
2026/09/29 07:49:19.875, 2, 17250, 99
2026/09/29 07:49:19.875, 3, 17250, 100
2026/09/29 07:49:19.875, 4, 17250, 100
2026/09/29 07:49:19.875, 5, 17250, 100
2026/09/29 07:49:19.875, 6, 17250, 100
2026/09/29 07:49:19.875, 7, 17250, 100
2026/09/29 07:49:20.875, 0, 17250, 100
2026/09/29 07:49:20.875, 1, 17250, 100
2026/09/29 07:49:20.876, 2, 17250, 100
2026/09/29 07:49:20.876, 3, 17250, 100
2026/09/29 07:49:20.876, 4, 17250, 100
2026/09/29 07:49:20.876, 5, 17250, 100
2026/09/29 07:49:20.876, 6, 17250, 100
2026/09/29 07:49:20.876, 7, 17250, 100
2026/09/29 07:49:21.876, 0, 17250, 100
2026/09/29 07:49:21.876, 1, 17250, 100
2026/09/29 07:49:21.877, 2, 17250, 100
2026/09/29 07:49:21.877, 3, 17250, 100
2026/09/29 07:49:21.877, 4, 17250, 96
2026/09/29 07:49:21.877, 5, 17250, 100
2026/09/29 07:49:21.877, 6, 17250, 100
2026/09/29 07:49:21.877, 7, 17250, 98
2026/09/29 07:49:22.877, 0, 17250, 100
2026/09/29 07:49:22.877, 1, 17250, 100
2026/09/29 07:49:22.877, 2, 17250, 100
2026/09/29 07:49:22.877, 3, 17250, 100
2026/09/29 07:49:22.877, 4, 17250, 100
2026/09/29 07:49:22.877, 5, 17250, 100
2026/09/29 07:49:22.877, 6, 17250, 100
2026/09/29 07:49:22.878, 7, 17250, 100
2026/09/29 07:49:23.878, 0, 17250, 100
2026/09/29 07:49:23.878, 1, 17250, 100
2026/09/29 07:49:23.878, 2, 17250, 100
2026/09/29 07:49:23.878, 3, 17250, 100
2026/09/29 07:49:23.878, 4, 17250, 100
2026/09/29 07:49:23.878, 5, 17250, 100
2026/09/29 07:49:23.878, 6, 17250, 100
2026/09/29 07:49:23.878, 7, 17250, 100
2026/09/29 07:49:24.878, 0, 17250, 100
2026/09/29 07:49:24.878, 1, 17250, 100
2026/09/29 07:49:24.878, 2, 17250, 100
2026/09/29 07:49:24.878, 3, 17250, 100
2026/09/29 07:49:24.879, 4, 17250, 100
2026/09/29 07:49:24.879, 5, 17250, 100
2026/09/29 07:49:24.879, 6, 17250, 100
2026/09/29 07:49:24.879, 7, 17250, 100
2026/09/29 07:49:25.879, 0, 17250, 100
2026/09/29 07:49:25.879, 1, 17250, 100
2026/09/29 07:49:25.880, 2, 17250, 99
2026/09/29 07:49:25.880, 3, 17250, 100
2026/09/29 07:49:25.880, 4, 17250, 100
2026/09/29 07:49:25.880, 5, 17250, 100
2026/09/29 07:49:25.880, 6, 17250, 100
2026/09/29 07:49:25.880, 7, 17250, 100
2026/09/29 07:49:26.880, 0, 17250, 100
2026/09/29 07:49:26.880, 1, 17250, 100
2026/09/29 07:49:26.880, 2, 17250, 99
2026/09/29 07:49:26.880, 3, 17250, 100
2026/09/29 07:49:26.880, 4, 17250, 100
2026/09/29 07:49:26.881, 5, 17250, 98
2026/09/29 07:49:26.881, 6, 17250, 100
2026/09/29 07:49:26.881, 7, 17250, 100
2026/09/29 07:49:27.881, 0, 17250, 100
2026/09/29 07:49:27.881, 1, 17250, 100
2026/09/29 07:49:27.881, 2, 17250, 100
2026/09/29 07:49:27.881, 3, 17250, 100
2026/09/29 07:49:27.881, 4, 17250, 100
2026/09/29 07:49:27.881, 5, 17250, 100
2026/09/29 07:49:27.881, 6, 17250, 100
2026/09/29 07:49:27.881, 7, 17250, 100
2026/09/29 07:49:28.881, 0, 17250, 100
2026/09/29 07:49:28.882, 1, 17250, 100
2026/09/29 07:49:28.882, 2, 17250, 100
2026/09/29 07:49:28.882, 3, 17250, 100
2026/09/29 07:49:28.882, 4, 17250, 100
2026/09/29 07:49:28.882, 5, 17250, 100
2026/09/29 07:49:28.882, 6, 17250, 100
2026/09/29 07:49:28.882, 7, 17250, 100
2026/09/29 07:49:29.882, 0, 17250, 100
2026/09/29 07:49:29.882, 1, 17250, 100
2026/09/29 07:49:29.882, 2, 17250, 100
2026/09/29 07:49:29.882, 3, 17250, 100
2026/09/29 07:49:29.882, 4, 17250, 100
2026/09/29 07:49:29.883, 5, 17250, 100
2026/09/29 07:49:29.883, 6, 17250, 100
2026/09/29 07:49:29.883, 7, 17250, 100
2026/09/29 07:49:30.883, 0, 17250, 100
2026/09/29 07:49:30.883, 1, 17250, 100
2026/09/29 07:49:30.883, 2, 17250, 100
2026/09/29 07:49:30.883, 3, 17250, 100
2026/09/29 07:49:30.883, 4, 17250, 100
2026/09/29 07:49:30.883, 5, 17250, 100
2026/09/29 07:49:30.883, 6, 17250, 100
2026/09/29 07:49:30.883, 7, 17250, 100
2026/09/29 07:49:31.883, 0, 17250, 100
2026/09/29 07:49:31.884, 1, 17250, 100
2026/09/29 07:49:31.884, 2, 17250, 100
2026/09/29 07:49:31.884, 3, 17250, 96
2026/09/29 07:49:31.884, 4, 17250, 100
2026/09/29 07:49:31.884, 5, 17250, 100
2026/09/29 07:49:31.884, 6, 17250, 100
2026/09/29 07:49:31.884, 7, 17250, 100
2026/09/29 07:49:32.884, 0, 17250, 100
2026/09/29 07:49:32.884, 1, 17250, 100
2026/09/29 07:49:32.884, 2, 17250, 100
2026/09/29 07:49:32.884, 3, 17250, 100
2026/09/29 07:49:32.884, 4, 17250, 100
2026/09/29 07:49:32.884, 5, 17250, 100
2026/09/29 07:49:32.884, 6, 17250, 100
2026/09/29 07:49:32.885, 7, 17250, 100
2026/09/29 07:49:33.885, 0, 17250, 100
2026/09/29 07:49:33.885, 1, 17250, 100
2026/09/29 07:49:33.885, 2, 17250, 100
2026/09/29 07:49:33.885, 3, 17250, 100
2026/09/29 07:49:33.885, 4, 17250, 100
2026/09/29 07:49:33.885, 5, 17250, 100
2026/09/29 07:49:33.885, 6, 17250, 100
2026/09/29 07:49:33.885, 7, 17250, 100
2026/09/29 07:49:34.885, 0, 17250, 100
2026/09/29 07:49:34.885, 1, 17250, 100
2026/09/29 07:49:34.885, 2, 17250, 100
2026/09/29 07:49:34.885, 3, 17250, 100
2026/09/29 07:49:34.886, 4, 17250, 100
2026/09/29 07:49:34.886, 5, 17250, 100
2026/09/29 07:49:34.886, 6, 17250, 100
2026/09/29 07:49:34.886, 7, 17250, 100
2026/09/29 07:49:35.886, 0, 17250, 100
2026/09/29 07:49:35.886, 1, 17250, 100
2026/09/29 07:49:35.886, 2, 17250, 100
2026/09/29 07:49:35.886, 3, 17250, 100
2026/09/29 07:49:35.886, 4, 17250, 100
2026/09/29 07:49:35.886, 5, 17250, 100
2026/09/29 07:49:35.886, 6, 17250, 100
2026/09/29 07:49:35.886, 7, 17250, 100
2026/09/29 07:49:36.886, 0, 17250, 100
2026/09/29 07:49:36.887, 1, 17250, 100
2026/09/29 07:49:36.887, 2, 17250, 100
2026/09/29 07:49:36.887, 3, 17250, 100
2026/09/29 07:49:36.887, 4, 17250, 100
2026/09/29 07:49:36.887, 5, 17250, 100
2026/09/29 07:49:36.887, 6, 17250, 100
2026/09/29 07:49:36.887, 7, 17250, 100
2026/09/29 07:49:37.887, 0, 17250, 100
2026/09/29 07:49:37.887, 1, 17250, 100
2026/09/29 07:49:37.887, 2, 17250, 100
2026/09/29 07:49:37.887, 3, 17250, 100
2026/09/29 07:49:37.887, 4, 17250, 98
2026/09/29 07:49:37.887, 5, 17250, 100
2026/09/29 07:49:37.888, 6, 17250, 100
2026/09/29 07:49:37.888, 7, 17250, 100
2026/09/29 07:49:38.888, 0, 17250, 100
2026/09/29 07:49:38.888, 1, 17250, 100
2026/09/29 07:49:38.888, 2, 17250, 100
2026/09/29 07:49:38.888, 3, 17250, 100
2026/09/29 07:49:38.888, 4, 17250, 100
2026/09/29 07:49:38.888, 5, 17250, 100
2026/09/29 07:49:38.888, 6, 17250, 100
2026/09/29 07:49:38.888, 7, 17250, 100
2026/09/29 07:49:39.888, 0, 17250, 100
2026/09/29 07:49:39.889, 1, 17250, 100
2026/09/29 07:49:39.889, 2, 17250, 100
2026/09/29 07:49:39.889, 3, 17250, 100
2026/09/29 07:49:39.889, 4, 17250, 100
2026/09/29 07:49:39.889, 5, 17250, 100
2026/09/29 07:49:39.889, 6, 17250, 100
2026/09/29 07:49:39.889, 7, 17250, 100
2026/09/29 07:49:40.889, 0, 17250, 100
2026/09/29 07:49:40.889, 1, 17250, 100
2026/09/29 07:49:40.890, 2, 17250, 100
2026/09/29 07:49:40.890, 3, 17250, 100
2026/09/29 07:49:40.890, 4, 17250, 100
2026/09/29 07:49:40.890, 5, 17250, 100
2026/09/29 07:49:40.890, 6, 17250, 100
2026/09/29 07:49:40.890, 7, 17250, 100
2026/09/29 07:49:41.890, 0, 17250, 100
2026/09/29 07:49:41.890, 1, 17250, 100
2026/09/29 07:49:41.890, 2, 17250, 100
2026/09/29 07:49:41.891, 3, 17250, 100
2026/09/29 07:49:41.891, 4, 17250, 100
2026/09/29 07:49:41.891, 5, 17250, 100
2026/09/29 07:49:41.891, 6, 17250, 100
2026/09/29 07:49:41.891, 7, 17250, 100
2026/09/29 07:49:42.891, 0, 17250, 100
2026/09/29 07:49:42.891, 1, 17250, 100
2026/09/29 07:49:42.891, 2, 17250, 100
2026/09/29 07:49:42.891, 3, 17250, 100
2026/09/29 07:49:42.891, 4, 17250, 100
2026/09/29 07:49:42.891, 5, 17250, 100
2026/09/29 07:49:42.891, 6, 17250, 100
2026/09/29 07:49:42.891, 7, 17250, 100
2026/09/29 07:49:43.892, 0, 17250, 100
2026/09/29 07:49:43.892, 1, 17250, 100
2026/09/29 07:49:43.892, 2, 17250, 100
2026/09/29 07:49:43.892, 3, 17250, 100
2026/09/29 07:49:43.892, 4, 17250, 100
2026/09/29 07:49:43.892, 5, 17250, 100
2026/09/29 07:49:43.892, 6, 17250, 100
2026/09/29 07:49:43.892, 7, 17250, 100
2026/09/29 07:49:44.892, 0, 17250, 100
2026/09/29 07:49:44.892, 1, 17250, 100
2026/09/29 07:49:44.892, 2, 17250, 100
2026/09/29 07:49:44.892, 3, 17250, 100
2026/09/29 07:49:44.892, 4, 17250, 100
2026/09/29 07:49:44.892, 5, 17250, 100
2026/09/29 07:49:44.892, 6, 17250, 100
2026/09/29 07:49:44.892, 7, 17250, 100
2026/09/29 07:49:45.893, 0, 17250, 100
2026/09/29 07:49:45.893, 1, 17250, 100
2026/09/29 07:49:45.893, 2, 17250, 100
2026/09/29 07:49:45.893, 3, 17250, 100
2026/09/29 07:49:45.893, 4, 17250, 100
2026/09/29 07:49:45.893, 5, 17250, 100
2026/09/29 07:49:45.893, 6, 17250, 100
2026/09/29 07:49:45.893, 7, 17250, 100
2026/09/29 07:49:46.893, 0, 17250, 100
2026/09/29 07:49:46.893, 1, 17250, 100
2026/09/29 07:49:46.894, 2, 17250, 100
2026/09/29 07:49:46.894, 3, 17250, 100
2026/09/29 07:49:46.894, 4, 17250, 100
2026/09/29 07:49:46.894, 5, 17250, 100
2026/09/29 07:49:46.894, 6, 17250, 100
2026/09/29 07:49:46.894, 7, 17250, 100
2026/09/29 07:49:47.894, 0, 17250, 93
2026/09/29 07:49:47.894, 1, 17250, 98
2026/09/29 07:49:47.894, 2, 17250, 100
2026/09/29 07:49:47.894, 3, 17250, 94
2026/09/29 07:49:47.894, 4, 17250, 100
2026/09/29 07:49:47.894, 5, 17250, 100
2026/09/29 07:49:47.894, 6, 17250, 100
2026/09/29 07:49:47.894, 7, 17250, 100
2026/09/29 07:49:48.894, 0, 17250, 100
2026/09/29 07:49:48.895, 1, 17250, 100
2026/09/29 07:49:48.895, 2, 17250, 99
2026/09/29 07:49:48.895, 3, 17250, 100
2026/09/29 07:49:48.895, 4, 17250, 100
2026/09/29 07:49:48.895, 5, 17250, 100
2026/09/29 07:49:48.895, 6, 17250, 100
2026/09/29 07:49:48.895, 7, 17250, 100
2026/09/29 07:49:49.895, 0, 17250, 100
2026/09/29 07:49:49.895, 1, 17250, 100
2026/09/29 07:49:49.895, 2, 17250, 100
2026/09/29 07:49:49.895, 3, 17250, 100
2026/09/29 07:49:49.895, 4, 17250, 100
2026/09/29 07:49:49.895, 5, 17250, 100
2026/09/29 07:49:49.895, 6, 17250, 100
2026/09/29 07:49:49.895, 7, 17250, 100
2026/09/29 07:49:50.895, 0, 17250, 100
2026/09/29 07:49:50.895, 1, 17250, 100
2026/09/29 07:49:50.895, 2, 17250, 100
2026/09/29 07:49:50.895, 3, 17250, 100
2026/09/29 07:49:50.895, 4, 17250, 100
2026/09/29 07:49:50.896, 5, 17250, 100
2026/09/29 07:49:50.896, 6, 17250, 100
2026/09/29 07:49:50.896, 7, 17250, 100
2026/09/29 07:49:51.896, 0, 17250, 100
2026/09/29 07:49:51.896, 1, 17250, 100
2026/09/29 07:49:51.896, 2, 17250, 100
2026/09/29 07:49:51.896, 3, 17250, 100
2026/09/29 07:49:51.896, 4, 17250, 100
2026/09/29 07:49:51.896, 5, 17250, 100
2026/09/29 07:49:51.896, 6, 17250, 100
2026/09/29 07:49:51.896, 7, 17250, 100
2026/09/29 07:49:52.896, 0, 17250, 100
2026/09/29 07:49:52.897, 1, 17250, 100
2026/09/29 07:49:52.897, 2, 17250, 100
2026/09/29 07:49:52.897, 3, 17250, 100
2026/09/29 07:49:52.897, 4, 17250, 100
2026/09/29 07:49:52.897, 5, 17250, 100
2026/09/29 07:49:52.897, 6, 17250, 100
2026/09/29 07:49:52.897, 7, 17250, 100
2026/09/29 07:49:53.897, 0, 17250, 100
2026/09/29 07:49:53.897, 1, 17250, 100
2026/09/29 07:49:53.897, 2, 17250, 100
2026/09/29 07:49:53.897, 3, 17250, 100
2026/09/29 07:49:53.897, 4, 17250, 100
2026/09/29 07:49:53.897, 5, 17250, 100
2026/09/29 07:49:53.898, 6, 17250, 100
2026/09/29 07:49:53.898, 7, 17250, 100
2026/09/29 07:49:54.898, 0, 17250, 100
2026/09/29 07:49:54.898, 1, 17250, 100
2026/09/29 07:49:54.898, 2, 17250, 100
2026/09/29 07:49:54.898, 3, 17250, 100
2026/09/29 07:49:54.898, 4, 17250, 100
2026/09/29 07:49:54.898, 5, 17250, 100
2026/09/29 07:49:54.898, 6, 17250, 100
2026/09/29 07:49:54.898, 7, 17250, 100
2026/09/29 07:49:55.898, 0, 17250, 100
2026/09/29 07:49:55.899, 1, 17250, 100
2026/09/29 07:49:55.899, 2, 17250, 100
2026/09/29 07:49:55.899, 3, 17250, 100
2026/09/29 07:49:55.899, 4, 17250, 100
2026/09/29 07:49:55.899, 5, 17250, 100
2026/09/29 07:49:55.899, 6, 17250, 100
2026/09/29 07:49:55.899, 7, 17250, 100
2026/09/29 07:49:56.899, 0, 17250, 100
2026/09/29 07:49:56.899, 1, 17250, 100
2026/09/29 07:49:56.899, 2, 17250, 100
2026/09/29 07:49:56.899, 3, 17250, 100
2026/09/29 07:49:56.899, 4, 17250, 100
2026/09/29 07:49:56.900, 5, 17250, 100
2026/09/29 07:49:56.900, 6, 17250, 100
2026/09/29 07:49:56.900, 7, 17250, 100
2026/09/29 07:49:57.900, 0, 17250, 100
2026/09/29 07:49:57.900, 1, 17250, 100
2026/09/29 07:49:57.900, 2, 17250, 100
2026/09/29 07:49:57.900, 3, 17250, 100
2026/09/29 07:49:57.900, 4, 17250, 100
2026/09/29 07:49:57.900, 5, 17250, 100
2026/09/29 07:49:57.900, 6, 17250, 100
2026/09/29 07:49:57.900, 7, 17250, 100
2026/09/29 07:49:58.901, 0, 17254, 100
2026/09/29 07:49:58.901, 1, 17254, 100
2026/09/29 07:49:58.901, 2, 17254, 100
2026/09/29 07:49:58.901, 3, 17254, 100
2026/09/29 07:49:58.901, 4, 17254, 100
2026/09/29 07:49:58.901, 5, 17254, 100
2026/09/29 07:49:58.901, 6, 17254, 100
2026/09/29 07:49:58.901, 7, 17254, 99
2026/09/29 07:49:59.901, 0, 17254, 0
2026/09/29 07:49:59.902, 1, 17254, 0
2026/09/29 07:49:59.902, 2, 17254, 0
2026/09/29 07:49:59.902, 3, 17254, 0
2026/09/29 07:49:59.902, 4, 17254, 100
2026/09/29 07:49:59.902, 5, 17254, 0
2026/09/29 07:49:59.902, 6, 17254, 100
2026/09/29 07:49:59.902, 7, 17254, 0
2026/09/29 07:50:00.902, 0, 17254, 100
2026/09/29 07:50:00.902, 1, 17254, 52
2026/09/29 07:50:00.902, 2, 17254, 0
2026/09/29 07:50:00.902, 3, 17254, 100
2026/09/29 07:50:00.903, 4, 17254, 100
2026/09/29 07:50:00.903, 5, 17254, 3
2026/09/29 07:50:00.903, 6, 17254, 100
2026/09/29 07:50:00.903, 7, 17254, 100
2026/09/29 07:50:01.903, 0, 17254, 100
2026/09/29 07:50:01.903, 1, 17254, 100
2026/09/29 07:50:01.903, 2, 17254, 100
2026/09/29 07:50:01.903, 3, 17254, 100
2026/09/29 07:50:01.903, 4, 17254, 96
2026/09/29 07:50:01.903, 5, 17254, 100
2026/09/29 07:50:01.903, 6, 17254, 100
2026/09/29 07:50:01.903, 7, 17254, 100
2026/09/29 07:50:02.904, 0, 17254, 100
2026/09/29 07:50:02.904, 1, 17254, 100
2026/09/29 07:50:02.904, 2, 17254, 100
2026/09/29 07:50:02.904, 3, 17254, 100
2026/09/29 07:50:02.904, 4, 17254, 100
2026/09/29 07:50:02.904, 5, 17254, 100
2026/09/29 07:50:02.904, 6, 17254, 100
2026/09/29 07:50:02.904, 7, 17254, 100
2026/09/29 07:50:03.904, 0, 17254, 100
2026/09/29 07:50:03.904, 1, 17254, 100
2026/09/29 07:50:03.904, 2, 17254, 100
2026/09/29 07:50:03.904, 3, 17254, 100
2026/09/29 07:50:03.905, 4, 17254, 100
2026/09/29 07:50:03.905, 5, 17254, 100
2026/09/29 07:50:03.905, 6, 17254, 100
2026/09/29 07:50:03.905, 7, 17254, 100
2026/09/29 07:50:04.905, 0, 17254, 100
2026/09/29 07:50:04.905, 1, 17254, 100
2026/09/29 07:50:04.905, 2, 17254, 100
2026/09/29 07:50:04.905, 3, 17254, 100
2026/09/29 07:50:04.905, 4, 17254, 100
2026/09/29 07:50:04.905, 5, 17254, 100
2026/09/29 07:50:04.905, 6, 17254, 100
2026/09/29 07:50:04.905, 7, 17254, 100
2026/09/29 07:50:05.905, 0, 17254, 100
2026/09/29 07:50:05.906, 1, 17254, 100
2026/09/29 07:50:05.906, 2, 17254, 100
2026/09/29 07:50:05.906, 3, 17254, 100
2026/09/29 07:50:05.906, 4, 17254, 100
2026/09/29 07:50:05.906, 5, 17254, 100
2026/09/29 07:50:05.906, 6, 17254, 100
2026/09/29 07:50:05.906, 7, 17254, 100
2026/09/29 07:50:06.906, 0, 17254, 100
2026/09/29 07:50:06.906, 1, 17254, 100
2026/09/29 07:50:06.906, 2, 17254, 100
2026/09/29 07:50:06.906, 3, 17254, 100
2026/09/29 07:50:06.907, 4, 17254, 100
2026/09/29 07:50:06.907, 5, 17254, 100
2026/09/29 07:50:06.907, 6, 17254, 100
2026/09/29 07:50:06.907, 7, 17254, 100
2026/09/29 07:50:07.907, 0, 17254, 100
2026/09/29 07:50:07.907, 1, 17254, 100
2026/09/29 07:50:07.907, 2, 17254, 99
2026/09/29 07:50:07.907, 3, 17254, 100
2026/09/29 07:50:07.907, 4, 17254, 100
2026/09/29 07:50:07.907, 5, 17254, 100
2026/09/29 07:50:07.907, 6, 17254, 100
2026/09/29 07:50:07.907, 7, 17254, 100
2026/09/29 07:50:08.908, 0, 17254, 100
2026/09/29 07:50:08.908, 1, 17254, 100
2026/09/29 07:50:08.908, 2, 17254, 100
2026/09/29 07:50:08.908, 3, 17254, 100
2026/09/29 07:50:08.908, 4, 17254, 100
2026/09/29 07:50:08.908, 5, 17254, 100
2026/09/29 07:50:08.908, 6, 17254, 100
2026/09/29 07:50:08.908, 7, 17254, 100
2026/09/29 07:50:09.908, 0, 17254, 100
2026/09/29 07:50:09.908, 1, 17254, 100
2026/09/29 07:50:09.908, 2, 17254, 100
2026/09/29 07:50:09.908, 3, 17254, 100
2026/09/29 07:50:09.908, 4, 17254, 100
2026/09/29 07:50:09.908, 5, 17254, 100
2026/09/29 07:50:09.908, 6, 17254, 100
2026/09/29 07:50:09.909, 7, 17254, 100
2026/09/29 07:50:10.909, 0, 17254, 100
2026/09/29 07:50:10.909, 1, 17254, 100
2026/09/29 07:50:10.909, 2, 17254, 100
2026/09/29 07:50:10.909, 3, 17254, 100
2026/09/29 07:50:10.909, 4, 17254, 100
2026/09/29 07:50:10.909, 5, 17254, 100
2026/09/29 07:50:10.909, 6, 17254, 100
2026/09/29 07:50:10.909, 7, 17254, 100
2026/09/29 07:50:11.909, 0, 17254, 96
2026/09/29 07:50:11.909, 1, 17254, 97
2026/09/29 07:50:11.909, 2, 17254, 100
2026/09/29 07:50:11.909, 3, 17254, 100
2026/09/29 07:50:11.909, 4, 17254, 100
2026/09/29 07:50:11.909, 5, 17254, 100
2026/09/29 07:50:11.910, 6, 17254, 100
2026/09/29 07:50:11.910, 7, 17254, 100
2026/09/29 07:50:12.910, 0, 17254, 100
2026/09/29 07:50:12.910, 1, 17254, 100
2026/09/29 07:50:12.910, 2, 17254, 100
2026/09/29 07:50:12.910, 3, 17254, 100
2026/09/29 07:50:12.910, 4, 17254, 100
2026/09/29 07:50:12.910, 5, 17254, 100
2026/09/29 07:50:12.910, 6, 17254, 100
2026/09/29 07:50:12.910, 7, 17254, 100
2026/09/29 07:50:13.910, 0, 17254, 100
2026/09/29 07:50:13.911, 1, 17254, 100
2026/09/29 07:50:13.911, 2, 17254, 100
2026/09/29 07:50:13.911, 3, 17254, 100
2026/09/29 07:50:13.911, 4, 17254, 100
2026/09/29 07:50:13.911, 5, 17254, 100
2026/09/29 07:50:13.911, 6, 17254, 100
2026/09/29 07:50:13.911, 7, 17254, 100
2026/09/29 07:50:14.911, 0, 17254, 100
2026/09/29 07:50:14.911, 1, 17254, 100
2026/09/29 07:50:14.911, 2, 17254, 100
2026/09/29 07:50:14.911, 3, 17254, 100
2026/09/29 07:50:14.911, 4, 17254, 100
2026/09/29 07:50:14.911, 5, 17254, 100
2026/09/29 07:50:14.911, 6, 17254, 100
2026/09/29 07:50:14.911, 7, 17254, 100
2026/09/29 07:50:15.912, 0, 17254, 100
2026/09/29 07:50:15.912, 1, 17254, 100
2026/09/29 07:50:15.912, 2, 17254, 100
2026/09/29 07:50:15.912, 3, 17254, 100
2026/09/29 07:50:15.912, 4, 17254, 100
2026/09/29 07:50:15.912, 5, 17254, 100
2026/09/29 07:50:15.912, 6, 17254, 100
2026/09/29 07:50:15.912, 7, 17254, 100
2026/09/29 07:50:16.912, 0, 17254, 100
2026/09/29 07:50:16.913, 1, 17254, 99
2026/09/29 07:50:16.913, 2, 17254, 100
2026/09/29 07:50:16.913, 3, 17254, 100
2026/09/29 07:50:16.913, 4, 17254, 100
2026/09/29 07:50:16.913, 5, 17254, 100
2026/09/29 07:50:16.913, 6, 17254, 100
2026/09/29 07:50:16.913, 7, 17254, 100
2026/09/29 07:50:17.913, 0, 17434, 100
2026/09/29 07:50:17.913, 1, 17434, 100
2026/09/29 07:50:17.913, 2, 17434, 100
2026/09/29 07:50:17.914, 3, 17434, 100
2026/09/29 07:50:17.914, 4, 17434, 100
2026/09/29 07:50:17.914, 5, 17434, 100
2026/09/29 07:50:17.914, 6, 17434, 92
2026/09/29 07:50:17.914, 7, 17434, 100
2026/09/29 07:50:18.914, 0, 17434, 100
2026/09/29 07:50:18.914, 1, 17434, 100
2026/09/29 07:50:18.914, 2, 17434, 100
2026/09/29 07:50:18.914, 3, 17434, 100
2026/09/29 07:50:18.914, 4, 17434, 100
2026/09/29 07:50:18.914, 5, 17434, 100
2026/09/29 07:50:18.914, 6, 17434, 100
2026/09/29 07:50:18.914, 7, 17434, 100
2026/09/29 07:50:19.915, 0, 17434, 100
2026/09/29 07:50:19.915, 1, 17434, 100
2026/09/29 07:50:19.915, 2, 17434, 100
2026/09/29 07:50:19.915, 3, 17434, 100
2026/09/29 07:50:19.915, 4, 17434, 100
2026/09/29 07:50:19.915, 5, 17434, 100
2026/09/29 07:50:19.915, 6, 17434, 100
2026/09/29 07:50:19.915, 7, 17434, 100
2026/09/29 07:50:20.915, 0, 17434, 100
2026/09/29 07:50:20.916, 1, 17434, 100
2026/09/29 07:50:20.916, 2, 17434, 100
2026/09/29 07:50:20.916, 3, 17434, 100
2026/09/29 07:50:20.916, 4, 17434, 100
2026/09/29 07:50:20.916, 5, 17434, 100
2026/09/29 07:50:20.916, 6, 17434, 100
2026/09/29 07:50:20.916, 7, 17434, 100
2026/09/29 07:50:21.916, 0, 17434, 100
2026/09/29 07:50:21.916, 1, 17434, 100
2026/09/29 07:50:21.917, 2, 17434, 100
2026/09/29 07:50:21.917, 3, 17434, 100
2026/09/29 07:50:21.917, 4, 17434, 100
2026/09/29 07:50:21.917, 5, 17434, 100
2026/09/29 07:50:21.917, 6, 17434, 100
2026/09/29 07:50:21.917, 7, 17434, 100
2026/09/29 07:50:22.917, 0, 17434, 100
2026/09/29 07:50:22.917, 1, 17434, 100
2026/09/29 07:50:22.917, 2, 17434, 100
2026/09/29 07:50:22.917, 3, 17434, 100
2026/09/29 07:50:22.917, 4, 17434, 100
2026/09/29 07:50:22.917, 5, 17434, 100
2026/09/29 07:50:22.917, 6, 17434, 100
2026/09/29 07:50:22.917, 7, 17434, 96
2026/09/29 07:50:23.918, 0, 17434, 100
2026/09/29 07:50:23.918, 1, 17434, 100
2026/09/29 07:50:23.918, 2, 17434, 100
2026/09/29 07:50:23.918, 3, 17434, 100
2026/09/29 07:50:23.918, 4, 17434, 100
2026/09/29 07:50:23.918, 5, 17434, 100
2026/09/29 07:50:23.918, 6, 17434, 100
2026/09/29 07:50:23.918, 7, 17434, 100
2026/09/29 07:50:24.918, 0, 17434, 100
2026/09/29 07:50:24.919, 1, 17434, 100
2026/09/29 07:50:24.919, 2, 17434, 100
2026/09/29 07:50:24.919, 3, 17434, 100
2026/09/29 07:50:24.919, 4, 17434, 100
2026/09/29 07:50:24.919, 5, 17434, 100
2026/09/29 07:50:24.919, 6, 17434, 100
2026/09/29 07:50:24.919, 7, 17434, 100
2026/09/29 07:50:25.919, 0, 17434, 100
2026/09/29 07:50:25.919, 1, 17434, 100
2026/09/29 07:50:25.919, 2, 17434, 100
2026/09/29 07:50:25.919, 3, 17434, 100
2026/09/29 07:50:25.919, 4, 17434, 100
2026/09/29 07:50:25.919, 5, 17434, 100
2026/09/29 07:50:25.919, 6, 17434, 100
2026/09/29 07:50:25.919, 7, 17434, 100
2026/09/29 07:50:26.920, 0, 17434, 100
2026/09/29 07:50:26.920, 1, 17434, 100
2026/09/29 07:50:26.920, 2, 17434, 100
2026/09/29 07:50:26.920, 3, 17434, 100
2026/09/29 07:50:26.920, 4, 17434, 100
2026/09/29 07:50:26.920, 5, 17434, 100
2026/09/29 07:50:26.920, 6, 17434, 100
2026/09/29 07:50:26.920, 7, 17434, 100
2026/09/29 07:50:27.920, 0, 17434, 100
2026/09/29 07:50:27.920, 1, 17434, 98
2026/09/29 07:50:27.920, 2, 17434, 95
2026/09/29 07:50:27.920, 3, 17434, 100
2026/09/29 07:50:27.921, 4, 17434, 100
2026/09/29 07:50:27.921, 5, 17434, 94
2026/09/29 07:50:27.921, 6, 17434, 100
2026/09/29 07:50:27.921, 7, 17434, 100
2026/09/29 07:50:28.921, 0, 17434, 100
2026/09/29 07:50:28.921, 1, 17434, 100
2026/09/29 07:50:28.921, 2, 17434, 100
2026/09/29 07:50:28.921, 3, 17434, 100
2026/09/29 07:50:28.921, 4, 17434, 100
2026/09/29 07:50:28.921, 5, 17434, 100
2026/09/29 07:50:28.921, 6, 17434, 100
2026/09/29 07:50:28.921, 7, 17434, 100
2026/09/29 07:50:29.922, 0, 17434, 100
2026/09/29 07:50:29.922, 1, 17434, 100
2026/09/29 07:50:29.922, 2, 17434, 100
2026/09/29 07:50:29.922, 3, 17434, 100
2026/09/29 07:50:29.922, 4, 17434, 100
2026/09/29 07:50:29.922, 5, 17434, 100
2026/09/29 07:50:29.922, 6, 17434, 100
2026/09/29 07:50:29.922, 7, 17434, 100
2026/09/29 07:50:30.922, 0, 17434, 100
2026/09/29 07:50:30.922, 1, 17434, 100
2026/09/29 07:50:30.922, 2, 17434, 100
2026/09/29 07:50:30.922, 3, 17434, 100
2026/09/29 07:50:30.922, 4, 17434, 100
2026/09/29 07:50:30.923, 5, 17434, 100
2026/09/29 07:50:30.923, 6, 17434, 100
2026/09/29 07:50:30.923, 7, 17434, 100
2026/09/29 07:50:31.923, 0, 17434, 100
2026/09/29 07:50:31.923, 1, 17434, 100
2026/09/29 07:50:31.923, 2, 17434, 100
2026/09/29 07:50:31.923, 3, 17434, 100
2026/09/29 07:50:31.923, 4, 17434, 100
2026/09/29 07:50:31.923, 5, 17434, 100
2026/09/29 07:50:31.923, 6, 17434, 100
2026/09/29 07:50:31.923, 7, 17434, 100
2026/09/29 07:50:32.923, 0, 17434, 100
2026/09/29 07:50:32.924, 1, 17434, 100
2026/09/29 07:50:32.924, 2, 17434, 100
2026/09/29 07:50:32.924, 3, 17434, 95
2026/09/29 07:50:32.924, 4, 17434, 100
2026/09/29 07:50:32.924, 5, 17434, 100
2026/09/29 07:50:32.924, 6, 17434, 100
2026/09/29 07:50:32.924, 7, 17434, 100
2026/09/29 07:50:33.924, 0, 17434, 100
2026/09/29 07:50:33.924, 1, 17434, 100
2026/09/29 07:50:33.924, 2, 17434, 100
2026/09/29 07:50:33.924, 3, 17434, 100
2026/09/29 07:50:33.924, 4, 17434, 100
2026/09/29 07:50:33.924, 5, 17434, 100
2026/09/29 07:50:33.924, 6, 17434, 100
2026/09/29 07:50:33.924, 7, 17434, 100
2026/09/29 07:50:34.924, 0, 17434, 100
2026/09/29 07:50:34.925, 1, 17434, 100
2026/09/29 07:50:34.925, 2, 17434, 100
2026/09/29 07:50:34.925, 3, 17434, 100
2026/09/29 07:50:34.925, 4, 17434, 100
2026/09/29 07:50:34.925, 5, 17434, 100
2026/09/29 07:50:34.925, 6, 17434, 100
2026/09/29 07:50:34.925, 7, 17434, 100
2026/09/29 07:50:35.925, 0, 17434, 100
2026/09/29 07:50:35.925, 1, 17434, 100
2026/09/29 07:50:35.925, 2, 17434, 100
2026/09/29 07:50:35.925, 3, 17434, 100
2026/09/29 07:50:35.925, 4, 17434, 100
2026/09/29 07:50:35.926, 5, 17434, 100
2026/09/29 07:50:35.926, 6, 17434, 100
2026/09/29 07:50:35.926, 7, 17434, 100
2026/09/29 07:50:36.926, 0, 17434, 100
2026/09/29 07:50:36.926, 1, 17434, 100
2026/09/29 07:50:36.926, 2, 17434, 100
2026/09/29 07:50:36.926, 3, 17434, 100
2026/09/29 07:50:36.926, 4, 17434, 100
2026/09/29 07:50:36.926, 5, 17434, 100
2026/09/29 07:50:36.926, 6, 17434, 100
2026/09/29 07:50:36.926, 7, 17434, 100
2026/09/29 07:50:37.926, 0, 17434, 100
2026/09/29 07:50:37.927, 1, 17434, 100
2026/09/29 07:50:37.927, 2, 17434, 100
2026/09/29 07:50:37.927, 3, 17434, 100
2026/09/29 07:50:37.927, 4, 17434, 100
2026/09/29 07:50:37.927, 5, 17434, 100
2026/09/29 07:50:37.927, 6, 17434, 100
2026/09/29 07:50:37.927, 7, 17434, 100
2026/09/29 07:50:38.927, 0, 17434, 100
2026/09/29 07:50:38.927, 1, 17434, 100
2026/09/29 07:50:38.927, 2, 17434, 100
2026/09/29 07:50:38.927, 3, 17434, 100
2026/09/29 07:50:38.927, 4, 17434, 98
2026/09/29 07:50:38.928, 5, 17434, 100
2026/09/29 07:50:38.928, 6, 17434, 100
2026/09/29 07:50:38.928, 7, 17434, 98
2026/09/29 07:50:39.928, 0, 17434, 100
2026/09/29 07:50:39.928, 1, 17434, 100
2026/09/29 07:50:39.928, 2, 17434, 100
2026/09/29 07:50:39.928, 3, 17434, 100
2026/09/29 07:50:39.928, 4, 17434, 100
2026/09/29 07:50:39.928, 5, 17434, 100
2026/09/29 07:50:39.928, 6, 17434, 100
2026/09/29 07:50:39.928, 7, 17434, 100
2026/09/29 07:50:40.928, 0, 17434, 100
2026/09/29 07:50:40.929, 1, 17434, 100
2026/09/29 07:50:40.929, 2, 17434, 100
2026/09/29 07:50:40.929, 3, 17434, 100
2026/09/29 07:50:40.929, 4, 17434, 100
2026/09/29 07:50:40.929, 5, 17434, 100
2026/09/29 07:50:40.929, 6, 17434, 100
2026/09/29 07:50:40.929, 7, 17434, 100
2026/09/29 07:50:41.929, 0, 17434, 100
2026/09/29 07:50:41.929, 1, 17434, 100
2026/09/29 07:50:41.929, 2, 17434, 100
2026/09/29 07:50:41.929, 3, 17434, 100
2026/09/29 07:50:41.929, 4, 17434, 100
2026/09/29 07:50:41.929, 5, 17434, 100
2026/09/29 07:50:41.930, 6, 17434, 100
2026/09/29 07:50:41.930, 7, 17434, 100
2026/09/29 07:50:42.930, 0, 17434, 100
2026/09/29 07:50:42.930, 1, 17434, 100
2026/09/29 07:50:42.930, 2, 17434, 100
2026/09/29 07:50:42.930, 3, 17434, 100
2026/09/29 07:50:42.930, 4, 17434, 100
2026/09/29 07:50:42.930, 5, 17434, 100
2026/09/29 07:50:42.930, 6, 17434, 100
2026/09/29 07:50:42.930, 7, 17434, 100
2026/09/29 07:50:43.930, 0, 17434, 100
2026/09/29 07:50:43.930, 1, 17434, 100
2026/09/29 07:50:43.930, 2, 17434, 100
2026/09/29 07:50:43.930, 3, 17434, 100
2026/09/29 07:50:43.931, 4, 17434, 100
2026/09/29 07:50:43.931, 5, 17434, 100
2026/09/29 07:50:43.931, 6, 17434, 100
2026/09/29 07:50:43.931, 7, 17434, 100
2026/09/29 07:50:44.931, 0, 17434, 100
2026/09/29 07:50:44.931, 1, 17434, 100
2026/09/29 07:50:44.931, 2, 17434, 100
2026/09/29 07:50:44.931, 3, 17434, 100
2026/09/29 07:50:44.931, 4, 17434, 100
2026/09/29 07:50:44.931, 5, 17434, 100
2026/09/29 07:50:44.931, 6, 17434, 100
2026/09/29 07:50:44.931, 7, 17434, 100
2026/09/29 07:50:45.931, 0, 17434, 100
2026/09/29 07:50:45.932, 1, 17434, 100
2026/09/29 07:50:45.932, 2, 17434, 100
2026/09/29 07:50:45.932, 3, 17434, 100
2026/09/29 07:50:45.932, 4, 17434, 100
2026/09/29 07:50:45.932, 5, 17434, 100
2026/09/29 07:50:45.932, 6, 17434, 100
2026/09/29 07:50:45.932, 7, 17434, 100
2026/09/29 07:50:46.932, 0, 17434, 100
2026/09/29 07:50:46.932, 1, 17434, 100
2026/09/29 07:50:46.932, 2, 17434, 100
2026/09/29 07:50:46.932, 3, 17434, 100
2026/09/29 07:50:46.932, 4, 17434, 100
2026/09/29 07:50:46.932, 5, 17434, 100
2026/09/29 07:50:46.932, 6, 17434, 100
2026/09/29 07:50:46.932, 7, 17434, 100
2026/09/29 07:50:47.932, 0, 17434, 100
2026/09/29 07:50:47.933, 1, 17434, 100
2026/09/29 07:50:47.933, 2, 17434, 100
2026/09/29 07:50:47.933, 3, 17434, 100
2026/09/29 07:50:47.933, 4, 17434, 100
2026/09/29 07:50:47.933, 5, 17434, 100
2026/09/29 07:50:47.933, 6, 17434, 100
2026/09/29 07:50:47.933, 7, 17434, 100
2026/09/29 07:50:48.933, 0, 17434, 96
2026/09/29 07:50:48.933, 1, 17434, 100
2026/09/29 07:50:48.933, 2, 17434, 100
2026/09/29 07:50:48.933, 3, 17434, 99
2026/09/29 07:50:48.933, 4, 17434, 100
2026/09/29 07:50:48.934, 5, 17434, 100
2026/09/29 07:50:48.934, 6, 17434, 100
2026/09/29 07:50:48.934, 7, 17434, 100
2026/09/29 07:50:49.934, 0, 17434, 100
2026/09/29 07:50:49.934, 1, 17434, 100
2026/09/29 07:50:49.934, 2, 17434, 100
2026/09/29 07:50:49.934, 3, 17434, 99
2026/09/29 07:50:49.934, 4, 17434, 100
2026/09/29 07:50:49.934, 5, 17434, 100
2026/09/29 07:50:49.934, 6, 17434, 100
2026/09/29 07:50:49.934, 7, 17434, 100
2026/09/29 07:50:50.934, 0, 17434, 100
2026/09/29 07:50:50.935, 1, 17434, 99
2026/09/29 07:50:50.935, 2, 17434, 100
2026/09/29 07:50:50.935, 3, 17434, 100
2026/09/29 07:50:50.935, 4, 17434, 100
2026/09/29 07:50:50.935, 5, 17434, 100
2026/09/29 07:50:50.935, 6, 17434, 100
2026/09/29 07:50:50.935, 7, 17434, 100
2026/09/29 07:50:51.935, 0, 17434, 100
2026/09/29 07:50:51.935, 1, 17434, 100
2026/09/29 07:50:51.935, 2, 17434, 100
2026/09/29 07:50:51.935, 3, 17434, 100
2026/09/29 07:50:51.936, 4, 17434, 100
2026/09/29 07:50:51.936, 5, 17434, 100
2026/09/29 07:50:51.936, 6, 17434, 100
2026/09/29 07:50:51.936, 7, 17434, 100
2026/09/29 07:50:52.936, 0, 17434, 100
2026/09/29 07:50:52.936, 1, 17434, 100
2026/09/29 07:50:52.936, 2, 17434, 100
2026/09/29 07:50:52.936, 3, 17434, 100
2026/09/29 07:50:52.936, 4, 17434, 100
2026/09/29 07:50:52.936, 5, 17434, 100
2026/09/29 07:50:52.936, 6, 17434, 100
2026/09/29 07:50:52.936, 7, 17434, 100
2026/09/29 07:50:53.936, 0, 17434, 100
2026/09/29 07:50:53.936, 1, 17434, 100
2026/09/29 07:50:53.936, 2, 17434, 100
2026/09/29 07:50:53.937, 3, 17434, 100
2026/09/29 07:50:53.937, 4, 17434, 100
2026/09/29 07:50:53.937, 5, 17434, 100
2026/09/29 07:50:53.937, 6, 17434, 100
2026/09/29 07:50:53.937, 7, 17434, 100
2026/09/29 07:50:54.937, 0, 17434, 100
2026/09/29 07:50:54.937, 1, 17434, 100
2026/09/29 07:50:54.937, 2, 17434, 100
2026/09/29 07:50:54.937, 3, 17434, 100
2026/09/29 07:50:54.937, 4, 17434, 100
2026/09/29 07:50:54.937, 5, 17434, 100
2026/09/29 07:50:54.937, 6, 17434, 96
2026/09/29 07:50:54.938, 7, 17434, 100
2026/09/29 07:50:55.938, 0, 17434, 100
2026/09/29 07:50:55.938, 1, 17434, 100
2026/09/29 07:50:55.938, 2, 17434, 100
2026/09/29 07:50:55.938, 3, 17434, 100
2026/09/29 07:50:55.938, 4, 17434, 100
2026/09/29 07:50:55.938, 5, 17434, 100
2026/09/29 07:50:55.938, 6, 17434, 100
2026/09/29 07:50:55.938, 7, 17434, 100
2026/09/29 07:50:56.938, 0, 17434, 100
2026/09/29 07:50:56.939, 1, 17434, 100
2026/09/29 07:50:56.939, 2, 17434, 100
2026/09/29 07:50:56.939, 3, 17434, 100
2026/09/29 07:50:56.939, 4, 17434, 100
2026/09/29 07:50:56.939, 5, 17434, 100
2026/09/29 07:50:56.939, 6, 17434, 100
2026/09/29 07:50:56.939, 7, 17434, 100
2026/09/29 07:50:57.939, 0, 17434, 100
2026/09/29 07:50:57.939, 1, 17434, 100
2026/09/29 07:50:57.939, 2, 17434, 100
2026/09/29 07:50:57.939, 3, 17434, 100
2026/09/29 07:50:57.939, 4, 17434, 100
2026/09/29 07:50:57.939, 5, 17434, 100
2026/09/29 07:50:57.939, 6, 17434, 100
2026/09/29 07:50:57.939, 7, 17434, 100
2026/09/29 07:50:58.939, 0, 17434, 100
2026/09/29 07:50:58.939, 1, 17434, 100
2026/09/29 07:50:58.939, 2, 17434, 100
2026/09/29 07:50:58.939, 3, 17434, 100
2026/09/29 07:50:58.940, 4, 17434, 100
2026/09/29 07:50:58.940, 5, 17434, 100
2026/09/29 07:50:58.940, 6, 17434, 100
2026/09/29 07:50:58.940, 7, 17434, 100
2026/09/29 07:50:59.940, 0, 17434, 100
2026/09/29 07:50:59.940, 1, 17434, 100
2026/09/29 07:50:59.940, 2, 17434, 100
2026/09/29 07:50:59.940, 3, 17434, 100
2026/09/29 07:50:59.940, 4, 17434, 99
2026/09/29 07:50:59.940, 5, 17434, 100
2026/09/29 07:50:59.940, 6, 17434, 100
2026/09/29 07:50:59.940, 7, 17434, 100
2026/09/29 07:51:00.940, 0, 17434, 100
2026/09/29 07:51:00.940, 1, 17434, 100
2026/09/29 07:51:00.940, 2, 17434, 100
2026/09/29 07:51:00.941, 3, 17434, 100
2026/09/29 07:51:00.941, 4, 17434, 100
2026/09/29 07:51:00.941, 5, 17434, 100
2026/09/29 07:51:00.941, 6, 17434, 100
2026/09/29 07:51:00.941, 7, 17434, 100
2026/09/29 07:51:01.941, 0, 17434, 100
2026/09/29 07:51:01.941, 1, 17434, 100
2026/09/29 07:51:01.941, 2, 17434, 100
2026/09/29 07:51:01.941, 3, 17434, 100
2026/09/29 07:51:01.941, 4, 17434, 100
2026/09/29 07:51:01.941, 5, 17434, 100
2026/09/29 07:51:01.941, 6, 17434, 100
2026/09/29 07:51:01.941, 7, 17434, 100
2026/09/29 07:51:02.941, 0, 17434, 100
2026/09/29 07:51:02.941, 1, 17434, 100
2026/09/29 07:51:02.941, 2, 17434, 100
2026/09/29 07:51:02.942, 3, 17434, 100
2026/09/29 07:51:02.942, 4, 17434, 100
2026/09/29 07:51:02.942, 5, 17434, 100
2026/09/29 07:51:02.942, 6, 17434, 100
2026/09/29 07:51:02.942, 7, 17434, 100
2026/09/29 07:51:03.942, 0, 17434, 100
2026/09/29 07:51:03.942, 1, 17434, 100
2026/09/29 07:51:03.942, 2, 17434, 100
2026/09/29 07:51:03.942, 3, 17434, 100
2026/09/29 07:51:03.942, 4, 17434, 100
2026/09/29 07:51:03.942, 5, 17434, 100
2026/09/29 07:51:03.942, 6, 17434, 100
2026/09/29 07:51:03.942, 7, 17434, 100
2026/09/29 07:51:04.942, 0, 17434, 100
2026/09/29 07:51:04.943, 1, 17434, 93
2026/09/29 07:51:04.943, 2, 17434, 96
2026/09/29 07:51:04.943, 3, 17434, 100
2026/09/29 07:51:04.943, 4, 17434, 100
2026/09/29 07:51:04.943, 5, 17434, 98
2026/09/29 07:51:04.943, 6, 17434, 100
2026/09/29 07:51:04.943, 7, 17434, 100
2026/09/29 07:51:05.943, 0, 17434, 100
2026/09/29 07:51:05.943, 1, 17434, 100
2026/09/29 07:51:05.943, 2, 17434, 100
2026/09/29 07:51:05.943, 3, 17434, 100
2026/09/29 07:51:05.944, 4, 17434, 100
2026/09/29 07:51:05.944, 5, 17434, 100
2026/09/29 07:51:05.944, 6, 17434, 100
2026/09/29 07:51:05.944, 7, 17434, 100
2026/09/29 07:51:06.944, 0, 17434, 100
2026/09/29 07:51:06.944, 1, 17434, 100
2026/09/29 07:51:06.944, 2, 17434, 100
2026/09/29 07:51:06.944, 3, 17434, 100
2026/09/29 07:51:06.944, 4, 17434, 100
2026/09/29 07:51:06.944, 5, 17434, 100
2026/09/29 07:51:06.944, 6, 17434, 100
2026/09/29 07:51:06.944, 7, 17434, 100
2026/09/29 07:51:07.945, 0, 17434, 100
2026/09/29 07:51:07.945, 1, 17434, 100
2026/09/29 07:51:07.945, 2, 17434, 100
2026/09/29 07:51:07.945, 3, 17434, 100
2026/09/29 07:51:07.945, 4, 17434, 100
2026/09/29 07:51:07.945, 5, 17434, 100
2026/09/29 07:51:07.945, 6, 17434, 100
2026/09/29 07:51:07.945, 7, 17434, 100
2026/09/29 07:51:08.945, 0, 17434, 100
2026/09/29 07:51:08.945, 1, 17434, 100
2026/09/29 07:51:08.945, 2, 17434, 100
2026/09/29 07:51:08.946, 3, 17434, 100
2026/09/29 07:51:08.946, 4, 17434, 100
2026/09/29 07:51:08.946, 5, 17434, 100
2026/09/29 07:51:08.946, 6, 17434, 100
2026/09/29 07:51:08.946, 7, 17434, 100
2026/09/29 07:51:09.946, 0, 17434, 100
2026/09/29 07:51:09.946, 1, 17434, 100
2026/09/29 07:51:09.946, 2, 17434, 100
2026/09/29 07:51:09.946, 3, 17434, 100
2026/09/29 07:51:09.946, 4, 17434, 99
2026/09/29 07:51:09.946, 5, 17434, 100
2026/09/29 07:51:09.946, 6, 17434, 100
2026/09/29 07:51:09.946, 7, 17434, 100
2026/09/29 07:51:10.947, 0, 17434, 100
2026/09/29 07:51:10.947, 1, 17434, 100
2026/09/29 07:51:10.947, 2, 17434, 100
2026/09/29 07:51:10.947, 3, 17434, 100
2026/09/29 07:51:10.947, 4, 17434, 100
2026/09/29 07:51:10.947, 5, 17434, 100
2026/09/29 07:51:10.947, 6, 17434, 100
2026/09/29 07:51:10.947, 7, 17434, 100
2026/09/29 07:51:11.947, 0, 17434, 100
2026/09/29 07:51:11.947, 1, 17434, 100
2026/09/29 07:51:11.948, 2, 17434, 100
2026/09/29 07:51:11.948, 3, 17434, 100
2026/09/29 07:51:11.948, 4, 17434, 100
2026/09/29 07:51:11.948, 5, 17434, 100
2026/09/29 07:51:11.948, 6, 17434, 100
2026/09/29 07:51:11.948, 7, 17434, 100
2026/09/29 07:51:12.948, 0, 17434, 100
2026/09/29 07:51:12.948, 1, 17434, 100
2026/09/29 07:51:12.948, 2, 17434, 100
2026/09/29 07:51:12.948, 3, 17434, 100
2026/09/29 07:51:12.948, 4, 17434, 100
2026/09/29 07:51:12.948, 5, 17434, 100
2026/09/29 07:51:12.948, 6, 17434, 100
2026/09/29 07:51:12.948, 7, 17434, 100
2026/09/29 07:51:13.949, 0, 17434, 100
2026/09/29 07:51:13.949, 1, 17434, 100
2026/09/29 07:51:13.949, 2, 17434, 100
2026/09/29 07:51:13.949, 3, 17434, 100
2026/09/29 07:51:13.949, 4, 17434, 100
2026/09/29 07:51:13.949, 5, 17434, 100
2026/09/29 07:51:13.949, 6, 17434, 100
2026/09/29 07:51:13.949, 7, 17434, 100
2026/09/29 07:51:14.949, 0, 17434, 100
2026/09/29 07:51:14.949, 1, 17434, 100
2026/09/29 07:51:14.949, 2, 17434, 100
2026/09/29 07:51:14.949, 3, 17434, 100
2026/09/29 07:51:14.949, 4, 17434, 99
2026/09/29 07:51:14.949, 5, 17434, 100
2026/09/29 07:51:14.949, 6, 17434, 100
2026/09/29 07:51:14.949, 7, 17434, 100
2026/09/29 07:51:15.950, 0, 17434, 100
2026/09/29 07:51:15.950, 1, 17434, 100
2026/09/29 07:51:15.950, 2, 17434, 100
2026/09/29 07:51:15.950, 3, 17434, 100
2026/09/29 07:51:15.950, 4, 17434, 98
2026/09/29 07:51:15.950, 5, 17434, 100
2026/09/29 07:51:15.950, 6, 17434, 100
2026/09/29 07:51:15.950, 7, 17434, 98
2026/09/29 07:51:16.950, 0, 17434, 99
2026/09/29 07:51:16.951, 1, 17434, 100
2026/09/29 07:51:16.951, 2, 17434, 100
2026/09/29 07:51:16.951, 3, 17434, 100
2026/09/29 07:51:16.951, 4, 17434, 100
2026/09/29 07:51:16.951, 5, 17434, 100
2026/09/29 07:51:16.951, 6, 17434, 100
2026/09/29 07:51:16.951, 7, 17434, 100
2026/09/29 07:51:17.951, 0, 17434, 100
2026/09/29 07:51:17.951, 1, 17434, 100
2026/09/29 07:51:17.951, 2, 17434, 100
2026/09/29 07:51:17.951, 3, 17434, 100
2026/09/29 07:51:17.951, 4, 17434, 100
2026/09/29 07:51:17.951, 5, 17434, 100
2026/09/29 07:51:17.951, 6, 17434, 100
2026/09/29 07:51:17.951, 7, 17434, 100
2026/09/29 07:51:18.951, 0, 17434, 100
2026/09/29 07:51:18.952, 1, 17434, 100
2026/09/29 07:51:18.952, 2, 17434, 100
2026/09/29 07:51:18.952, 3, 17434, 100
2026/09/29 07:51:18.952, 4, 17434, 100
2026/09/29 07:51:18.952, 5, 17434, 100
2026/09/29 07:51:18.952, 6, 17434, 100
2026/09/29 07:51:18.952, 7, 17434, 100
2026/09/29 07:51:19.952, 0, 17434, 100
2026/09/29 07:51:19.952, 1, 17434, 99
2026/09/29 07:51:19.952, 2, 17434, 100
2026/09/29 07:51:19.952, 3, 17434, 100
2026/09/29 07:51:19.952, 4, 17434, 100
2026/09/29 07:51:19.952, 5, 17434, 100
2026/09/29 07:51:19.952, 6, 17434, 100
2026/09/29 07:51:19.952, 7, 17434, 100
2026/09/29 07:51:20.952, 0, 17434, 100
2026/09/29 07:51:20.953, 1, 17434, 100
2026/09/29 07:51:20.953, 2, 17434, 100
2026/09/29 07:51:20.953, 3, 17434, 100
2026/09/29 07:51:20.953, 4, 17434, 100
2026/09/29 07:51:20.953, 5, 17434, 100
2026/09/29 07:51:20.953, 6, 17434, 100
2026/09/29 07:51:20.953, 7, 17434, 100
2026/09/29 07:51:21.953, 0, 17434, 99
2026/09/29 07:51:21.955, 1, 17434, 100
2026/09/29 07:51:21.955, 2, 17434, 100
2026/09/29 07:51:21.956, 3, 17434, 100
2026/09/29 07:51:21.956, 4, 17434, 100
2026/09/29 07:51:21.956, 5, 17434, 100
2026/09/29 07:51:21.956, 6, 17434, 100
2026/09/29 07:51:21.956, 7, 17434, 100
2026/09/29 07:51:22.956, 0, 17434, 100
2026/09/29 07:51:22.956, 1, 17434, 100
2026/09/29 07:51:22.957, 2, 17434, 100
2026/09/29 07:51:22.957, 3, 17434, 100
2026/09/29 07:51:22.957, 4, 17434, 100
2026/09/29 07:51:22.957, 5, 17434, 100
2026/09/29 07:51:22.957, 6, 17434, 100
2026/09/29 07:51:22.957, 7, 17434, 100
2026/09/29 07:51:23.957, 0, 17434, 100
2026/09/29 07:51:23.957, 1, 17434, 100
2026/09/29 07:51:23.957, 2, 17434, 100
2026/09/29 07:51:23.957, 3, 17434, 100
2026/09/29 07:51:23.958, 4, 17434, 100
2026/09/29 07:51:23.958, 5, 17434, 100
2026/09/29 07:51:23.958, 6, 17434, 100
2026/09/29 07:51:23.958, 7, 17434, 100
2026/09/29 07:51:24.958, 0, 17434, 100
2026/09/29 07:51:24.958, 1, 17434, 100
2026/09/29 07:51:24.958, 2, 17434, 100
2026/09/29 07:51:24.958, 3, 17434, 100
2026/09/29 07:51:24.958, 4, 17434, 100
2026/09/29 07:51:24.958, 5, 17434, 100
2026/09/29 07:51:24.958, 6, 17434, 100
2026/09/29 07:51:24.958, 7, 17434, 100
2026/09/29 07:51:25.958, 0, 17434, 100
2026/09/29 07:51:25.959, 1, 17434, 100
2026/09/29 07:51:25.959, 2, 17434, 100
2026/09/29 07:51:25.959, 3, 17434, 94
2026/09/29 07:51:25.959, 4, 17434, 100
2026/09/29 07:51:25.959, 5, 17434, 100
2026/09/29 07:51:25.959, 6, 17434, 100
2026/09/29 07:51:25.959, 7, 17434, 99
2026/09/29 07:51:26.959, 0, 17434, 100
2026/09/29 07:51:26.959, 1, 17434, 100
2026/09/29 07:51:26.959, 2, 17434, 100
2026/09/29 07:51:26.959, 3, 17434, 100
2026/09/29 07:51:26.959, 4, 17434, 100
2026/09/29 07:51:26.959, 5, 17434, 100
2026/09/29 07:51:26.959, 6, 17434, 100
2026/09/29 07:51:26.959, 7, 17434, 100
2026/09/29 07:51:27.959, 0, 17434, 100
2026/09/29 07:51:27.960, 1, 17434, 100
2026/09/29 07:51:27.960, 2, 17434, 100
2026/09/29 07:51:27.960, 3, 17434, 100
2026/09/29 07:51:27.960, 4, 17434, 100
2026/09/29 07:51:27.960, 5, 17434, 100
2026/09/29 07:51:27.960, 6, 17434, 100
2026/09/29 07:51:27.960, 7, 17434, 100
2026/09/29 07:51:28.960, 0, 17434, 100
2026/09/29 07:51:28.960, 1, 17434, 100
2026/09/29 07:51:28.960, 2, 17434, 100
2026/09/29 07:51:28.960, 3, 17434, 100
2026/09/29 07:51:28.960, 4, 17434, 100
2026/09/29 07:51:28.960, 5, 17434, 100
2026/09/29 07:51:28.961, 6, 17434, 100
2026/09/29 07:51:28.961, 7, 17434, 100
2026/09/29 07:51:29.961, 0, 17434, 100
2026/09/29 07:51:29.961, 1, 17434, 100
2026/09/29 07:51:29.961, 2, 17434, 100
2026/09/29 07:51:29.961, 3, 17434, 100
2026/09/29 07:51:29.961, 4, 17434, 100
2026/09/29 07:51:29.961, 5, 17434, 100
2026/09/29 07:51:29.961, 6, 17434, 100
2026/09/29 07:51:29.961, 7, 17434, 100
2026/09/29 07:51:30.961, 0, 17434, 100
2026/09/29 07:51:30.962, 1, 17434, 100
2026/09/29 07:51:30.962, 2, 17434, 100
2026/09/29 07:51:30.962, 3, 17434, 100
2026/09/29 07:51:30.962, 4, 17434, 100
2026/09/29 07:51:30.962, 5, 17434, 100
2026/09/29 07:51:30.962, 6, 17434, 100
2026/09/29 07:51:30.962, 7, 17434, 100
2026/09/29 07:51:31.962, 0, 17434, 100
2026/09/29 07:51:31.962, 1, 17434, 100
2026/09/29 07:51:31.962, 2, 17434, 100
2026/09/29 07:51:31.962, 3, 17434, 100
2026/09/29 07:51:31.962, 4, 17434, 100
2026/09/29 07:51:31.962, 5, 17434, 100
2026/09/29 07:51:31.962, 6, 17434, 100
2026/09/29 07:51:31.963, 7, 17434, 100
2026/09/29 07:51:32.963, 0, 17434, 100
2026/09/29 07:51:32.963, 1, 17434, 100
2026/09/29 07:51:32.963, 2, 17434, 100
2026/09/29 07:51:32.963, 3, 17434, 100
2026/09/29 07:51:32.963, 4, 17434, 100
2026/09/29 07:51:32.963, 5, 17434, 100
2026/09/29 07:51:32.963, 6, 17434, 100
2026/09/29 07:51:32.963, 7, 17434, 100
2026/09/29 07:51:33.963, 0, 17434, 100
2026/09/29 07:51:33.964, 1, 17434, 100
2026/09/29 07:51:33.964, 2, 17434, 100
2026/09/29 07:51:33.964, 3, 17434, 100
2026/09/29 07:51:33.964, 4, 17434, 100
2026/09/29 07:51:33.964, 5, 17434, 100
2026/09/29 07:51:33.964, 6, 17434, 100
2026/09/29 07:51:33.964, 7, 17434, 100
2026/09/29 07:51:34.964, 0, 17434, 100
2026/09/29 07:51:34.964, 1, 17434, 100
2026/09/29 07:51:34.964, 2, 17434, 100
2026/09/29 07:51:34.964, 3, 17434, 100
2026/09/29 07:51:34.964, 4, 17434, 100
2026/09/29 07:51:34.965, 5, 17434, 100
2026/09/29 07:51:34.965, 6, 17434, 100
2026/09/29 07:51:34.965, 7, 17434, 100
2026/09/29 07:51:35.965, 0, 17434, 100
2026/09/29 07:51:35.965, 1, 17434, 100
2026/09/29 07:51:35.965, 2, 17434, 100
2026/09/29 07:51:35.965, 3, 17434, 100
2026/09/29 07:51:35.965, 4, 17434, 100
2026/09/29 07:51:35.965, 5, 17434, 100
2026/09/29 07:51:35.965, 6, 17434, 100
2026/09/29 07:51:35.965, 7, 17434, 100
2026/09/29 07:51:36.966, 0, 17434, 100
2026/09/29 07:51:36.966, 1, 17434, 100
2026/09/29 07:51:36.966, 2, 17434, 100
2026/09/29 07:51:36.966, 3, 17434, 100
2026/09/29 07:51:36.966, 4, 17434, 100
2026/09/29 07:51:36.966, 5, 17434, 100
2026/09/29 07:51:36.966, 6, 17434, 100
2026/09/29 07:51:36.966, 7, 17434, 100
2026/09/29 07:51:37.966, 0, 17434, 100
2026/09/29 07:51:37.966, 1, 17434, 99
2026/09/29 07:51:37.967, 2, 17434, 100
2026/09/29 07:51:37.967, 3, 17434, 100
2026/09/29 07:51:37.967, 4, 17434, 100
2026/09/29 07:51:37.967, 5, 17434, 100
2026/09/29 07:51:37.967, 6, 17434, 100
2026/09/29 07:51:37.967, 7, 17434, 100
2026/09/29 07:51:38.967, 0, 17434, 100
2026/09/29 07:51:38.967, 1, 17434, 100
2026/09/29 07:51:38.967, 2, 17434, 100
2026/09/29 07:51:38.967, 3, 17434, 100
2026/09/29 07:51:38.967, 4, 17434, 100
2026/09/29 07:51:38.967, 5, 17434, 100
2026/09/29 07:51:38.967, 6, 17434, 100
2026/09/29 07:51:38.967, 7, 17434, 100
2026/09/29 07:51:39.968, 0, 17434, 100
2026/09/29 07:51:39.968, 1, 17434, 100
2026/09/29 07:51:39.968, 2, 17434, 100
2026/09/29 07:51:39.968, 3, 17434, 100
2026/09/29 07:51:39.968, 4, 17434, 100
2026/09/29 07:51:39.968, 5, 17434, 100
2026/09/29 07:51:39.968, 6, 17434, 100
2026/09/29 07:51:39.968, 7, 17434, 100
2026/09/29 07:51:40.968, 0, 17434, 100
2026/09/29 07:51:40.968, 1, 17434, 100
2026/09/29 07:51:40.969, 2, 17434, 100
2026/09/29 07:51:40.969, 3, 17434, 100
2026/09/29 07:51:40.969, 4, 17434, 100
2026/09/29 07:51:40.969, 5, 17434, 100
2026/09/29 07:51:40.969, 6, 17434, 100
2026/09/29 07:51:40.969, 7, 17434, 100
2026/09/29 07:51:41.969, 0, 17434, 93
2026/09/29 07:51:41.969, 1, 17434, 99
2026/09/29 07:51:41.969, 2, 17434, 96
2026/09/29 07:51:41.969, 3, 17434, 100
2026/09/29 07:51:41.969, 4, 17434, 100
2026/09/29 07:51:41.970, 5, 17434, 95
2026/09/29 07:51:41.970, 6, 17434, 100
2026/09/29 07:51:41.970, 7, 17434, 100
2026/09/29 07:51:42.970, 0, 17434, 100
2026/09/29 07:51:42.970, 1, 17434, 100
2026/09/29 07:51:42.970, 2, 17434, 100
2026/09/29 07:51:42.970, 3, 17434, 100
2026/09/29 07:51:42.970, 4, 17434, 100
2026/09/29 07:51:42.970, 5, 17434, 100
2026/09/29 07:51:42.970, 6, 17434, 100
2026/09/29 07:51:42.970, 7, 17434, 100
2026/09/29 07:51:43.970, 0, 17434, 100
2026/09/29 07:51:43.971, 1, 17434, 100
2026/09/29 07:51:43.971, 2, 17434, 100
2026/09/29 07:51:43.971, 3, 17434, 100
2026/09/29 07:51:43.971, 4, 17434, 99
2026/09/29 07:51:43.971, 5, 17434, 100
2026/09/29 07:51:43.971, 6, 17434, 100
2026/09/29 07:51:43.971, 7, 17434, 100
2026/09/29 07:51:44.971, 0, 17434, 100
2026/09/29 07:51:44.971, 1, 17434, 100
2026/09/29 07:51:44.971, 2, 17434, 100
2026/09/29 07:51:44.971, 3, 17434, 100
2026/09/29 07:51:44.972, 4, 17434, 100
2026/09/29 07:51:44.972, 5, 17434, 100
2026/09/29 07:51:44.972, 6, 17434, 100
2026/09/29 07:51:44.972, 7, 17434, 100
2026/09/29 07:51:45.972, 0, 17434, 100
2026/09/29 07:51:45.972, 1, 17434, 100
2026/09/29 07:51:45.972, 2, 17434, 100
2026/09/29 07:51:45.972, 3, 17434, 100
2026/09/29 07:51:45.972, 4, 17434, 100
2026/09/29 07:51:45.972, 5, 17434, 100
2026/09/29 07:51:45.972, 6, 17434, 100
2026/09/29 07:51:45.972, 7, 17434, 100
2026/09/29 07:51:46.973, 0, 17434, 100
2026/09/29 07:51:46.973, 1, 17434, 100
2026/09/29 07:51:46.973, 2, 17434, 100
2026/09/29 07:51:46.973, 3, 17434, 100
2026/09/29 07:51:46.973, 4, 17434, 100
2026/09/29 07:51:46.973, 5, 17434, 100
2026/09/29 07:51:46.973, 6, 17434, 100
2026/09/29 07:51:46.973, 7, 17434, 100
2026/09/29 07:51:47.973, 0, 17434, 100
2026/09/29 07:51:47.973, 1, 17434, 100
2026/09/29 07:51:47.974, 2, 17434, 100
2026/09/29 07:51:47.974, 3, 17434, 100
2026/09/29 07:51:47.974, 4, 17434, 100
2026/09/29 07:51:47.974, 5, 17434, 100
2026/09/29 07:51:47.974, 6, 17434, 96
2026/09/29 07:51:47.974, 7, 17434, 100
2026/09/29 07:51:48.974, 0, 17434, 100
2026/09/29 07:51:48.974, 1, 17434, 100
2026/09/29 07:51:48.974, 2, 17434, 100
2026/09/29 07:51:48.974, 3, 17434, 100
2026/09/29 07:51:48.974, 4, 17434, 100
2026/09/29 07:51:48.974, 5, 17434, 100
2026/09/29 07:51:48.974, 6, 17434, 100
2026/09/29 07:51:48.974, 7, 17434, 100
2026/09/29 07:51:49.975, 0, 17434, 100
2026/09/29 07:51:49.975, 1, 17434, 100
2026/09/29 07:51:49.975, 2, 17434, 100
2026/09/29 07:51:49.975, 3, 17434, 100
2026/09/29 07:51:49.975, 4, 17434, 100
2026/09/29 07:51:49.975, 5, 17434, 100
2026/09/29 07:51:49.975, 6, 17434, 100
2026/09/29 07:51:49.975, 7, 17434, 100
2026/09/29 07:51:50.975, 0, 17434, 100
2026/09/29 07:51:50.975, 1, 17434, 100
2026/09/29 07:51:50.975, 2, 17434, 100
2026/09/29 07:51:50.975, 3, 17434, 100
2026/09/29 07:51:50.976, 4, 17434, 100
2026/09/29 07:51:50.976, 5, 17434, 100
2026/09/29 07:51:50.976, 6, 17434, 100
2026/09/29 07:51:50.976, 7, 17434, 100
2026/09/29 07:51:51.976, 0, 17434, 100
2026/09/29 07:51:51.976, 1, 17434, 100
2026/09/29 07:51:51.976, 2, 17434, 100
2026/09/29 07:51:51.976, 3, 17434, 100
2026/09/29 07:51:51.976, 4, 17434, 100
2026/09/29 07:51:51.976, 5, 17434, 100
2026/09/29 07:51:51.976, 6, 17434, 100
2026/09/29 07:51:51.976, 7, 17434, 100
2026/09/29 07:51:52.977, 0, 17434, 100
2026/09/29 07:51:52.977, 1, 17434, 100
2026/09/29 07:51:52.977, 2, 17434, 100
2026/09/29 07:51:52.977, 3, 17434, 100
2026/09/29 07:51:52.977, 4, 17434, 100
2026/09/29 07:51:52.977, 5, 17434, 100
2026/09/29 07:51:52.977, 6, 17434, 100
2026/09/29 07:51:52.977, 7, 17434, 96
2026/09/29 07:51:53.977, 0, 17434, 100
2026/09/29 07:51:53.977, 1, 17434, 100
2026/09/29 07:51:53.978, 2, 17434, 100
2026/09/29 07:51:53.978, 3, 17434, 100
2026/09/29 07:51:53.978, 4, 17434, 100
2026/09/29 07:51:53.978, 5, 17434, 100
2026/09/29 07:51:53.978, 6, 17434, 100
2026/09/29 07:51:53.978, 7, 17434, 100
2026/09/29 07:51:54.978, 0, 17434, 100
2026/09/29 07:51:54.978, 1, 17434, 100
2026/09/29 07:51:54.978, 2, 17434, 100
2026/09/29 07:51:54.978, 3, 17434, 100
2026/09/29 07:51:54.978, 4, 17434, 100
2026/09/29 07:51:54.978, 5, 17434, 100
2026/09/29 07:51:54.978, 6, 17434, 100
2026/09/29 07:51:54.978, 7, 17434, 100
2026/09/29 07:51:55.979, 0, 17434, 100
2026/09/29 07:51:55.979, 1, 17434, 100
2026/09/29 07:51:55.979, 2, 17434, 100
2026/09/29 07:51:55.979, 3, 17434, 100
2026/09/29 07:51:55.979, 4, 17434, 100
2026/09/29 07:51:55.979, 5, 17434, 100
2026/09/29 07:51:55.979, 6, 17434, 100
2026/09/29 07:51:55.979, 7, 17434, 100
2026/09/29 07:51:56.979, 0, 17434, 100
2026/09/29 07:51:56.979, 1, 17434, 100
2026/09/29 07:51:56.980, 2, 17434, 100
2026/09/29 07:51:56.980, 3, 17434, 100
2026/09/29 07:51:56.980, 4, 17434, 100
2026/09/29 07:51:56.980, 5, 17434, 100
2026/09/29 07:51:56.980, 6, 17434, 100
2026/09/29 07:51:56.980, 7, 17434, 100
2026/09/29 07:51:57.980, 0, 17434, 95
2026/09/29 07:51:57.980, 1, 17434, 95
2026/09/29 07:51:57.980, 2, 17434, 96
2026/09/29 07:51:57.980, 3, 17434, 100
2026/09/29 07:51:57.980, 4, 17434, 100
2026/09/29 07:51:57.980, 5, 17434, 96
2026/09/29 07:51:57.980, 6, 17434, 100
2026/09/29 07:51:57.980, 7, 17434, 100
2026/09/29 07:51:58.981, 0, 17434, 100
2026/09/29 07:51:58.981, 1, 17434, 100
2026/09/29 07:51:58.981, 2, 17434, 100
2026/09/29 07:51:58.981, 3, 17434, 100
2026/09/29 07:51:58.981, 4, 17434, 100
2026/09/29 07:51:58.981, 5, 17434, 100
2026/09/29 07:51:58.981, 6, 17434, 100
2026/09/29 07:51:58.981, 7, 17434, 100
2026/09/29 07:51:59.981, 0, 17434, 100
2026/09/29 07:51:59.981, 1, 17434, 100
2026/09/29 07:51:59.981, 2, 17434, 100
2026/09/29 07:51:59.981, 3, 17434, 100
2026/09/29 07:51:59.981, 4, 17434, 100
2026/09/29 07:51:59.981, 5, 17434, 100
2026/09/29 07:51:59.981, 6, 17434, 100
2026/09/29 07:51:59.982, 7, 17434, 100
2026/09/29 07:52:00.982, 0, 17434, 100
2026/09/29 07:52:00.982, 1, 17434, 100
2026/09/29 07:52:00.982, 2, 17434, 100
2026/09/29 07:52:00.982, 3, 17434, 100
2026/09/29 07:52:00.982, 4, 17434, 100
2026/09/29 07:52:00.982, 5, 17434, 100
2026/09/29 07:52:00.982, 6, 17434, 100
2026/09/29 07:52:00.982, 7, 17434, 100
2026/09/29 07:52:01.982, 0, 17434, 100
2026/09/29 07:52:01.983, 1, 17434, 100
2026/09/29 07:52:01.983, 2, 17434, 100
2026/09/29 07:52:01.983, 3, 17434, 100
2026/09/29 07:52:01.983, 4, 17434, 100
2026/09/29 07:52:01.983, 5, 17434, 100
2026/09/29 07:52:01.983, 6, 17434, 100
2026/09/29 07:52:01.983, 7, 17434, 100
2026/09/29 07:52:02.983, 0, 17434, 100
2026/09/29 07:52:02.983, 1, 17434, 99
2026/09/29 07:52:02.983, 2, 17434, 100
2026/09/29 07:52:02.983, 3, 17434, 100
2026/09/29 07:52:02.983, 4, 17434, 100
2026/09/29 07:52:02.984, 5, 17434, 100
2026/09/29 07:52:02.984, 6, 17434, 100
2026/09/29 07:52:02.984, 7, 17434, 100
2026/09/29 07:52:03.984, 0, 17434, 100
2026/09/29 07:52:03.984, 1, 17434, 100
2026/09/29 07:52:03.984, 2, 17434, 100
2026/09/29 07:52:03.984, 3, 17434, 100
2026/09/29 07:52:03.984, 4, 17434, 100
2026/09/29 07:52:03.984, 5, 17434, 100
2026/09/29 07:52:03.984, 6, 17434, 95
2026/09/29 07:52:03.984, 7, 17434, 100
2026/09/29 07:52:04.984, 0, 17434, 100
2026/09/29 07:52:04.985, 1, 17434, 100
2026/09/29 07:52:04.985, 2, 17434, 100
2026/09/29 07:52:04.985, 3, 17434, 100
2026/09/29 07:52:04.985, 4, 17434, 100
2026/09/29 07:52:04.985, 5, 17434, 100
2026/09/29 07:52:04.985, 6, 17434, 100
2026/09/29 07:52:04.985, 7, 17434, 100
2026/09/29 07:52:05.985, 0, 17434, 100
2026/09/29 07:52:05.985, 1, 17434, 100
2026/09/29 07:52:05.985, 2, 17434, 100
2026/09/29 07:52:05.985, 3, 17434, 100
2026/09/29 07:52:05.985, 4, 17434, 100
2026/09/29 07:52:05.985, 5, 17434, 100
2026/09/29 07:52:05.986, 6, 17434, 100
2026/09/29 07:52:05.986, 7, 17434, 100
2026/09/29 07:52:06.986, 0, 17434, 100
2026/09/29 07:52:06.986, 1, 17434, 100
2026/09/29 07:52:06.986, 2, 17434, 100
2026/09/29 07:52:06.986, 3, 17434, 100
2026/09/29 07:52:06.986, 4, 17434, 100
2026/09/29 07:52:06.986, 5, 17434, 100
2026/09/29 07:52:06.986, 6, 17434, 100
2026/09/29 07:52:06.986, 7, 17434, 100
2026/09/29 07:52:07.986, 0, 17434, 100
2026/09/29 07:52:07.987, 1, 17434, 100
2026/09/29 07:52:07.987, 2, 17434, 100
2026/09/29 07:52:07.987, 3, 17434, 100
2026/09/29 07:52:07.987, 4, 17434, 100
2026/09/29 07:52:07.987, 5, 17434, 100
2026/09/29 07:52:07.987, 6, 17434, 100
2026/09/29 07:52:07.987, 7, 17434, 100
2026/09/29 07:52:08.987, 0, 17434, 100
2026/09/29 07:52:08.987, 1, 17434, 100
2026/09/29 07:52:08.987, 2, 17434, 100
2026/09/29 07:52:08.987, 3, 17434, 100
2026/09/29 07:52:08.987, 4, 17434, 96
2026/09/29 07:52:08.987, 5, 17434, 100
2026/09/29 07:52:08.987, 6, 17434, 100
2026/09/29 07:52:08.987, 7, 17434, 98
2026/09/29 07:52:09.987, 0, 17434, 100
2026/09/29 07:52:09.988, 1, 17434, 100
2026/09/29 07:52:09.988, 2, 17434, 100
2026/09/29 07:52:09.988, 3, 17434, 100
2026/09/29 07:52:09.988, 4, 17434, 100
2026/09/29 07:52:09.988, 5, 17434, 100
2026/09/29 07:52:09.988, 6, 17434, 100
2026/09/29 07:52:09.988, 7, 17434, 100
2026/09/29 07:52:10.988, 0, 17434, 100
2026/09/29 07:52:10.988, 1, 17434, 100
2026/09/29 07:52:10.988, 2, 17434, 100
2026/09/29 07:52:10.988, 3, 17434, 100
2026/09/29 07:52:10.988, 4, 17434, 100
2026/09/29 07:52:10.988, 5, 17434, 100
2026/09/29 07:52:10.988, 6, 17434, 100
2026/09/29 07:52:10.988, 7, 17434, 100
2026/09/29 07:52:11.989, 0, 17434, 100
2026/09/29 07:52:11.989, 1, 17434, 100
2026/09/29 07:52:11.989, 2, 17434, 100
2026/09/29 07:52:11.989, 3, 17434, 100
2026/09/29 07:52:11.989, 4, 17434, 100
2026/09/29 07:52:11.989, 5, 17434, 100
2026/09/29 07:52:11.989, 6, 17434, 100
2026/09/29 07:52:11.989, 7, 17434, 100
2026/09/29 07:52:12.989, 0, 17434, 100
2026/09/29 07:52:12.989, 1, 17434, 100
2026/09/29 07:52:12.990, 2, 17434, 100
2026/09/29 07:52:12.990, 3, 17434, 100
2026/09/29 07:52:12.990, 4, 17434, 100
2026/09/29 07:52:12.990, 5, 17434, 100
2026/09/29 07:52:12.990, 6, 17434, 100
2026/09/29 07:52:12.990, 7, 17434, 100
2026/09/29 07:52:13.990, 0, 17434, 100
2026/09/29 07:52:13.990, 1, 17434, 97
2026/09/29 07:52:13.990, 2, 17434, 100
2026/09/29 07:52:13.990, 3, 17434, 100
2026/09/29 07:52:13.990, 4, 17434, 100
2026/09/29 07:52:13.990, 5, 17434, 98
2026/09/29 07:52:13.990, 6, 17434, 100
2026/09/29 07:52:13.990, 7, 17434, 100
2026/09/29 07:52:14.991, 0, 17434, 100
2026/09/29 07:52:14.991, 1, 17434, 100
2026/09/29 07:52:14.991, 2, 17434, 100
2026/09/29 07:52:14.991, 3, 17434, 100
2026/09/29 07:52:14.991, 4, 17434, 100
2026/09/29 07:52:14.991, 5, 17434, 100
2026/09/29 07:52:14.991, 6, 17434, 100
2026/09/29 07:52:14.991, 7, 17434, 100
2026/09/29 07:52:15.991, 0, 17434, 100
2026/09/29 07:52:15.991, 1, 17434, 100
2026/09/29 07:52:15.991, 2, 17434, 100
2026/09/29 07:52:15.991, 3, 17434, 100
2026/09/29 07:52:15.991, 4, 17434, 100
2026/09/29 07:52:15.991, 5, 17434, 100
2026/09/29 07:52:15.991, 6, 17434, 100
2026/09/29 07:52:15.992, 7, 17434, 100
2026/09/29 07:52:16.992, 0, 17434, 100
2026/09/29 07:52:16.992, 1, 17434, 100
2026/09/29 07:52:16.992, 2, 17434, 100
2026/09/29 07:52:16.992, 3, 17434, 100
2026/09/29 07:52:16.992, 4, 17434, 100
2026/09/29 07:52:16.992, 5, 17434, 100
2026/09/29 07:52:16.992, 6, 17434, 100
2026/09/29 07:52:16.992, 7, 17434, 100
2026/09/29 07:52:17.992, 0, 17434, 100
2026/09/29 07:52:17.993, 1, 17434, 100
2026/09/29 07:52:17.993, 2, 17434, 100
2026/09/29 07:52:17.993, 3, 17434, 100
2026/09/29 07:52:17.993, 4, 17434, 100
2026/09/29 07:52:17.993, 5, 17434, 100
2026/09/29 07:52:17.993, 6, 17434, 100
2026/09/29 07:52:17.993, 7, 17434, 100
2026/09/29 07:52:18.993, 0, 17434, 100
2026/09/29 07:52:18.993, 1, 17434, 100
2026/09/29 07:52:18.993, 2, 17434, 100
2026/09/29 07:52:18.993, 3, 17434, 96
2026/09/29 07:52:18.993, 4, 17434, 100
2026/09/29 07:52:18.994, 5, 17434, 100
2026/09/29 07:52:18.994, 6, 17434, 100
2026/09/29 07:52:18.994, 7, 17434, 100
2026/09/29 07:52:19.994, 0, 17434, 100
2026/09/29 07:52:19.994, 1, 17434, 100
2026/09/29 07:52:19.994, 2, 17434, 100
2026/09/29 07:52:19.994, 3, 17434, 100
2026/09/29 07:52:19.994, 4, 17434, 100
2026/09/29 07:52:19.994, 5, 17434, 100
2026/09/29 07:52:19.994, 6, 17434, 100
2026/09/29 07:52:19.994, 7, 17434, 100
2026/09/29 07:52:20.994, 0, 17434, 100
2026/09/29 07:52:20.995, 1, 17434, 100
2026/09/29 07:52:20.995, 2, 17434, 100
2026/09/29 07:52:20.995, 3, 17434, 100
2026/09/29 07:52:20.995, 4, 17434, 100
2026/09/29 07:52:20.995, 5, 17434, 100
2026/09/29 07:52:20.995, 6, 17434, 100
2026/09/29 07:52:20.995, 7, 17434, 100
2026/09/29 07:52:21.995, 0, 17434, 100
2026/09/29 07:52:21.995, 1, 17434, 100
2026/09/29 07:52:21.995, 2, 17434, 100
2026/09/29 07:52:21.995, 3, 17434, 100
2026/09/29 07:52:21.995, 4, 17434, 100
2026/09/29 07:52:21.996, 5, 17434, 100
2026/09/29 07:52:21.996, 6, 17434, 100
2026/09/29 07:52:21.996, 7, 17434, 100
2026/09/29 07:52:22.996, 0, 17434, 100
2026/09/29 07:52:22.996, 1, 17434, 100
2026/09/29 07:52:22.996, 2, 17434, 100
2026/09/29 07:52:22.996, 3, 17434, 100
2026/09/29 07:52:22.996, 4, 17434, 100
2026/09/29 07:52:22.996, 5, 17434, 100
2026/09/29 07:52:22.996, 6, 17434, 100
2026/09/29 07:52:22.996, 7, 17434, 100
2026/09/29 07:52:23.996, 0, 17434, 100
2026/09/29 07:52:23.997, 1, 17434, 100
2026/09/29 07:52:23.997, 2, 17434, 100
2026/09/29 07:52:23.997, 3, 17434, 100
2026/09/29 07:52:23.997, 4, 17434, 100
2026/09/29 07:52:23.997, 5, 17434, 100
2026/09/29 07:52:23.997, 6, 17434, 100
2026/09/29 07:52:23.997, 7, 17434, 100
2026/09/29 07:52:24.997, 0, 17434, 100
2026/09/29 07:52:24.997, 1, 17434, 100
2026/09/29 07:52:24.997, 2, 17434, 100
2026/09/29 07:52:24.997, 3, 17434, 100
2026/09/29 07:52:24.997, 4, 17434, 100
2026/09/29 07:52:24.997, 5, 17434, 100
2026/09/29 07:52:24.998, 6, 17434, 100
2026/09/29 07:52:24.998, 7, 17434, 100
2026/09/29 07:52:25.998, 0, 17434, 100
2026/09/29 07:52:25.998, 1, 17434, 100
2026/09/29 07:52:25.998, 2, 17434, 100
2026/09/29 07:52:25.998, 3, 17434, 100
2026/09/29 07:52:25.998, 4, 17434, 100
2026/09/29 07:52:25.998, 5, 17434, 100
2026/09/29 07:52:25.998, 6, 17434, 100
2026/09/29 07:52:25.999, 7, 17434, 100
2026/09/29 07:52:26.999, 0, 17434, 100
2026/09/29 07:52:26.999, 1, 17434, 100
2026/09/29 07:52:26.999, 2, 17434, 100
2026/09/29 07:52:26.999, 3, 17434, 100
2026/09/29 07:52:26.999, 4, 17434, 100
2026/09/29 07:52:26.999, 5, 17434, 100
2026/09/29 07:52:26.999, 6, 17434, 100
2026/09/29 07:52:26.999, 7, 17434, 100
2026/09/29 07:52:27.999, 0, 17434, 100
2026/09/29 07:52:28.000, 1, 17434, 100
2026/09/29 07:52:28.000, 2, 17434, 100
2026/09/29 07:52:28.000, 3, 17434, 100
2026/09/29 07:52:28.000, 4, 17434, 100
2026/09/29 07:52:28.000, 5, 17434, 100
2026/09/29 07:52:28.000, 6, 17434, 100
2026/09/29 07:52:28.000, 7, 17434, 100
2026/09/29 07:52:29.000, 0, 17434, 100
2026/09/29 07:52:29.000, 1, 17434, 100
2026/09/29 07:52:29.000, 2, 17434, 100
2026/09/29 07:52:29.000, 3, 17434, 100
2026/09/29 07:52:29.001, 4, 17434, 100
2026/09/29 07:52:29.001, 5, 17434, 100
2026/09/29 07:52:29.001, 6, 17434, 100
2026/09/29 07:52:29.001, 7, 17434, 100
2026/09/29 07:52:30.001, 0, 17434, 100
2026/09/29 07:52:30.001, 1, 17434, 100
2026/09/29 07:52:30.001, 2, 17434, 100
2026/09/29 07:52:30.001, 3, 17434, 100
2026/09/29 07:52:30.001, 4, 17434, 100
2026/09/29 07:52:30.001, 5, 17434, 100
2026/09/29 07:52:30.001, 6, 17434, 100
2026/09/29 07:52:30.001, 7, 17434, 94
2026/09/29 07:52:31.001, 0, 17434, 100
2026/09/29 07:52:31.002, 1, 17434, 100
2026/09/29 07:52:31.002, 2, 17434, 100
2026/09/29 07:52:31.002, 3, 17434, 100
2026/09/29 07:52:31.002, 4, 17434, 100
2026/09/29 07:52:31.002, 5, 17434, 100
2026/09/29 07:52:31.002, 6, 17434, 100
2026/09/29 07:52:31.002, 7, 17434, 100
2026/09/29 07:52:32.002, 0, 17434, 100
2026/09/29 07:52:32.002, 1, 17434, 100
2026/09/29 07:52:32.002, 2, 17434, 100
2026/09/29 07:52:32.002, 3, 17434, 100
2026/09/29 07:52:32.002, 4, 17434, 100
2026/09/29 07:52:32.002, 5, 17434, 100
2026/09/29 07:52:32.002, 6, 17434, 100
2026/09/29 07:52:32.002, 7, 17434, 100
2026/09/29 07:52:33.003, 0, 17434, 100
2026/09/29 07:52:33.003, 1, 17434, 100
2026/09/29 07:52:33.003, 2, 17434, 100
2026/09/29 07:52:33.003, 3, 17434, 100
2026/09/29 07:52:33.003, 4, 17434, 100
2026/09/29 07:52:33.003, 5, 17434, 100
2026/09/29 07:52:33.003, 6, 17434, 100
2026/09/29 07:52:33.003, 7, 17434, 100
2026/09/29 07:52:34.003, 0, 17434, 100
2026/09/29 07:52:34.003, 1, 17434, 100
2026/09/29 07:52:34.003, 2, 17434, 100
2026/09/29 07:52:34.003, 3, 17434, 100
2026/09/29 07:52:34.003, 4, 17434, 100
2026/09/29 07:52:34.003, 5, 17434, 100
2026/09/29 07:52:34.004, 6, 17434, 100
2026/09/29 07:52:34.004, 7, 17434, 100
2026/09/29 07:52:35.004, 0, 17434, 100
2026/09/29 07:52:35.004, 1, 17434, 94
2026/09/29 07:52:35.004, 2, 17434, 99
2026/09/29 07:52:35.004, 3, 17434, 100
2026/09/29 07:52:35.004, 4, 17434, 100
2026/09/29 07:52:35.004, 5, 17434, 98
2026/09/29 07:52:35.004, 6, 17434, 100
2026/09/29 07:52:35.004, 7, 17434, 100
2026/09/29 07:52:36.004, 0, 17434, 100
2026/09/29 07:52:36.005, 1, 17434, 99
2026/09/29 07:52:36.005, 2, 17434, 100
2026/09/29 07:52:36.005, 3, 17434, 100
2026/09/29 07:52:36.005, 4, 17434, 100
2026/09/29 07:52:36.005, 5, 17434, 100
2026/09/29 07:52:36.005, 6, 17434, 100
2026/09/29 07:52:36.005, 7, 17434, 100
2026/09/29 07:52:37.005, 0, 17434, 100
2026/09/29 07:52:37.005, 1, 17434, 100
2026/09/29 07:52:37.005, 2, 17434, 100
2026/09/29 07:52:37.005, 3, 17434, 100
2026/09/29 07:52:37.005, 4, 17434, 100
2026/09/29 07:52:37.005, 5, 17434, 100
2026/09/29 07:52:37.005, 6, 17434, 100
2026/09/29 07:52:37.005, 7, 17434, 100
2026/09/29 07:52:38.006, 0, 17434, 100
2026/09/29 07:52:38.006, 1, 17434, 100
2026/09/29 07:52:38.006, 2, 17434, 100
2026/09/29 07:52:38.006, 3, 17434, 100
2026/09/29 07:52:38.006, 4, 17434, 100
2026/09/29 07:52:38.006, 5, 17434, 100
2026/09/29 07:52:38.006, 6, 17434, 100
2026/09/29 07:52:38.006, 7, 17434, 100
2026/09/29 07:52:39.006, 0, 17434, 100
2026/09/29 07:52:39.006, 1, 17434, 100
2026/09/29 07:52:39.006, 2, 17434, 100
2026/09/29 07:52:39.006, 3, 17434, 100
2026/09/29 07:52:39.006, 4, 17434, 100
2026/09/29 07:52:39.007, 5, 17434, 100
2026/09/29 07:52:39.007, 6, 17434, 100
2026/09/29 07:52:39.007, 7, 17434, 100
2026/09/29 07:52:40.007, 0, 17434, 100
2026/09/29 07:52:40.007, 1, 17434, 100
2026/09/29 07:52:40.007, 2, 17434, 100
2026/09/29 07:52:40.007, 3, 17434, 97
2026/09/29 07:52:40.007, 4, 17434, 100
2026/09/29 07:52:40.007, 5, 17434, 100
2026/09/29 07:52:40.007, 6, 17434, 100
2026/09/29 07:52:40.007, 7, 17434, 100
2026/09/29 07:52:41.007, 0, 17434, 100
2026/09/29 07:52:41.007, 1, 17434, 100
2026/09/29 07:52:41.008, 2, 17434, 100
2026/09/29 07:52:41.008, 3, 17434, 100
2026/09/29 07:52:41.008, 4, 17434, 100
2026/09/29 07:52:41.008, 5, 17434, 100
2026/09/29 07:52:41.008, 6, 17434, 100
2026/09/29 07:52:41.008, 7, 17434, 100
2026/09/29 07:52:42.008, 0, 17434, 100
2026/09/29 07:52:42.008, 1, 17434, 100
2026/09/29 07:52:42.009, 2, 17434, 100
2026/09/29 07:52:42.009, 3, 17434, 100
2026/09/29 07:52:42.009, 4, 17434, 100
2026/09/29 07:52:42.009, 5, 17434, 100
2026/09/29 07:52:42.009, 6, 17434, 100
2026/09/29 07:52:42.009, 7, 17434, 100
2026/09/29 07:52:43.009, 0, 17434, 100
2026/09/29 07:52:43.009, 1, 17434, 100
2026/09/29 07:52:43.009, 2, 17434, 100
2026/09/29 07:52:43.009, 3, 17434, 100
2026/09/29 07:52:43.009, 4, 17434, 100
2026/09/29 07:52:43.009, 5, 17434, 100
2026/09/29 07:52:43.010, 6, 17434, 100
2026/09/29 07:52:43.010, 7, 17434, 100
2026/09/29 07:52:44.010, 0, 17434, 100
2026/09/29 07:52:44.010, 1, 17434, 100
2026/09/29 07:52:44.010, 2, 17434, 100
2026/09/29 07:52:44.010, 3, 17434, 100
2026/09/29 07:52:44.010, 4, 17434, 100
2026/09/29 07:52:44.010, 5, 17434, 100
2026/09/29 07:52:44.010, 6, 17434, 100
2026/09/29 07:52:44.010, 7, 17434, 100
2026/09/29 07:52:45.010, 0, 17434, 100
2026/09/29 07:52:45.010, 1, 17434, 100
2026/09/29 07:52:45.011, 2, 17434, 100
2026/09/29 07:52:45.011, 3, 17434, 100
2026/09/29 07:52:45.011, 4, 17434, 100
2026/09/29 07:52:45.011, 5, 17434, 100
2026/09/29 07:52:45.011, 6, 17434, 100
2026/09/29 07:52:45.011, 7, 17434, 100
2026/09/29 07:52:46.011, 0, 17434, 100
2026/09/29 07:52:46.011, 1, 17434, 100
2026/09/29 07:52:46.011, 2, 17434, 100
2026/09/29 07:52:46.011, 3, 17434, 100
2026/09/29 07:52:46.011, 4, 17434, 98
2026/09/29 07:52:46.011, 5, 17434, 100
2026/09/29 07:52:46.011, 6, 17434, 100
2026/09/29 07:52:46.011, 7, 17434, 100
2026/09/29 07:52:47.012, 0, 17434, 100
2026/09/29 07:52:47.012, 1, 17434, 100
2026/09/29 07:52:47.012, 2, 17434, 100
2026/09/29 07:52:47.012, 3, 17434, 100
2026/09/29 07:52:47.012, 4, 17434, 100
2026/09/29 07:52:47.012, 5, 17434, 100
2026/09/29 07:52:47.013, 6, 17434, 100
2026/09/29 07:52:47.013, 7, 17434, 100
2026/09/29 07:52:48.013, 0, 17434, 100
2026/09/29 07:52:48.013, 1, 17434, 100
2026/09/29 07:52:48.013, 2, 17434, 100
2026/09/29 07:52:48.013, 3, 17434, 100
2026/09/29 07:52:48.013, 4, 17434, 100
2026/09/29 07:52:48.013, 5, 17434, 100
2026/09/29 07:52:48.013, 6, 17434, 100
2026/09/29 07:52:48.013, 7, 17434, 100
2026/09/29 07:52:49.013, 0, 17434, 100
2026/09/29 07:52:49.013, 1, 17434, 100
2026/09/29 07:52:49.014, 2, 17434, 100
2026/09/29 07:52:49.014, 3, 17434, 100
2026/09/29 07:52:49.014, 4, 17434, 100
2026/09/29 07:52:49.014, 5, 17434, 100
2026/09/29 07:52:49.014, 6, 17434, 100
2026/09/29 07:52:49.014, 7, 17434, 100
2026/09/29 07:52:50.014, 0, 17434, 100
2026/09/29 07:52:50.014, 1, 17434, 100
2026/09/29 07:52:50.014, 2, 17434, 100
2026/09/29 07:52:50.014, 3, 17434, 100
2026/09/29 07:52:50.014, 4, 17434, 100
2026/09/29 07:52:50.014, 5, 17434, 100
2026/09/29 07:52:50.014, 6, 17434, 100
2026/09/29 07:52:50.014, 7, 17434, 100
2026/09/29 07:52:51.015, 0, 17434, 100
2026/09/29 07:52:51.015, 1, 17434, 100
2026/09/29 07:52:51.015, 2, 17434, 100
2026/09/29 07:52:51.015, 3, 17434, 100
2026/09/29 07:52:51.015, 4, 17434, 100
2026/09/29 07:52:51.015, 5, 17434, 100
2026/09/29 07:52:51.015, 6, 17434, 100
2026/09/29 07:52:51.015, 7, 17434, 100
2026/09/29 07:52:52.015, 0, 17434, 100
2026/09/29 07:52:52.015, 1, 17434, 100
2026/09/29 07:52:52.017, 2, 17434, 100
2026/09/29 07:52:52.017, 3, 17434, 100
2026/09/29 07:52:52.017, 4, 17434, 100
2026/09/29 07:52:52.017, 5, 17434, 100
2026/09/29 07:52:52.017, 6, 17434, 100
2026/09/29 07:52:52.017, 7, 17434, 100
2026/09/29 07:52:53.017, 0, 17434, 100
2026/09/29 07:52:53.017, 1, 17434, 100
2026/09/29 07:52:53.018, 2, 17434, 100
2026/09/29 07:52:53.018, 3, 17434, 100
2026/09/29 07:52:53.018, 4, 17434, 100
2026/09/29 07:52:53.018, 5, 17434, 100
2026/09/29 07:52:53.018, 6, 17434, 100
2026/09/29 07:52:53.018, 7, 17434, 100
2026/09/29 07:52:54.018, 0, 17434, 100
2026/09/29 07:52:54.018, 1, 17434, 100
2026/09/29 07:52:54.018, 2, 17434, 100
2026/09/29 07:52:54.018, 3, 17434, 100
2026/09/29 07:52:54.018, 4, 17434, 100
2026/09/29 07:52:54.018, 5, 17434, 100
2026/09/29 07:52:54.018, 6, 17434, 100
2026/09/29 07:52:54.018, 7, 17434, 100
2026/09/29 07:52:55.019, 0, 17434, 100
2026/09/29 07:52:55.019, 1, 17434, 100
2026/09/29 07:52:55.019, 2, 17434, 100
2026/09/29 07:52:55.019, 3, 17434, 100
2026/09/29 07:52:55.019, 4, 17434, 100
2026/09/29 07:52:55.019, 5, 17434, 100
2026/09/29 07:52:55.019, 6, 17434, 100
2026/09/29 07:52:55.019, 7, 17434, 100
2026/09/29 07:52:56.019, 0, 17434, 95
2026/09/29 07:52:56.019, 1, 17434, 99
2026/09/29 07:52:56.019, 2, 17434, 96
2026/09/29 07:52:56.019, 3, 17434, 100
2026/09/29 07:52:56.019, 4, 17434, 100
2026/09/29 07:52:56.020, 5, 17434, 95
2026/09/29 07:52:56.020, 6, 17434, 100
2026/09/29 07:52:56.020, 7, 17434, 100
2026/09/29 07:52:57.020, 0, 17434, 100
2026/09/29 07:52:57.020, 1, 17434, 100
2026/09/29 07:52:57.020, 2, 17434, 100
2026/09/29 07:52:57.020, 3, 17434, 100
2026/09/29 07:52:57.020, 4, 17434, 100
2026/09/29 07:52:57.020, 5, 17434, 100
2026/09/29 07:52:57.020, 6, 17434, 100
2026/09/29 07:52:57.020, 7, 17434, 100
2026/09/29 07:52:58.021, 0, 17434, 100
2026/09/29 07:52:58.021, 1, 17434, 100
2026/09/29 07:52:58.021, 2, 17434, 100
2026/09/29 07:52:58.021, 3, 17434, 100
2026/09/29 07:52:58.021, 4, 17434, 100
2026/09/29 07:52:58.021, 5, 17434, 100
2026/09/29 07:52:58.021, 6, 17434, 100
2026/09/29 07:52:58.021, 7, 17434, 100
2026/09/29 07:52:59.021, 0, 17434, 100
2026/09/29 07:52:59.021, 1, 17434, 100
2026/09/29 07:52:59.021, 2, 17434, 100
2026/09/29 07:52:59.021, 3, 17434, 100
2026/09/29 07:52:59.021, 4, 17434, 100
2026/09/29 07:52:59.021, 5, 17434, 100
2026/09/29 07:52:59.021, 6, 17434, 100
2026/09/29 07:52:59.021, 7, 17434, 100
2026/09/29 07:53:00.022, 0, 17434, 100
2026/09/29 07:53:00.022, 1, 17434, 100
2026/09/29 07:53:00.022, 2, 17434, 100
2026/09/29 07:53:00.022, 3, 17434, 100
2026/09/29 07:53:00.022, 4, 17434, 100
2026/09/29 07:53:00.022, 5, 17434, 100
2026/09/29 07:53:00.022, 6, 17434, 100
2026/09/29 07:53:00.022, 7, 17434, 100
2026/09/29 07:53:01.022, 0, 17434, 100
2026/09/29 07:53:01.022, 1, 17434, 100
2026/09/29 07:53:01.022, 2, 17434, 100
2026/09/29 07:53:01.022, 3, 17434, 100
2026/09/29 07:53:01.023, 4, 17434, 100
2026/09/29 07:53:01.023, 5, 17434, 100
2026/09/29 07:53:01.023, 6, 17434, 100
2026/09/29 07:53:01.023, 7, 17434, 100
2026/09/29 07:53:02.023, 0, 17434, 100
2026/09/29 07:53:02.023, 1, 17434, 100
2026/09/29 07:53:02.023, 2, 17434, 100
2026/09/29 07:53:02.023, 3, 17434, 100
2026/09/29 07:53:02.023, 4, 17434, 100
2026/09/29 07:53:02.023, 5, 17434, 100
2026/09/29 07:53:02.023, 6, 17434, 100
2026/09/29 07:53:02.023, 7, 17434, 100
2026/09/29 07:53:03.023, 0, 17434, 100
2026/09/29 07:53:03.023, 1, 17434, 100
2026/09/29 07:53:03.023, 2, 17434, 100
2026/09/29 07:53:03.023, 3, 17434, 100
2026/09/29 07:53:03.023, 4, 17434, 100
2026/09/29 07:53:03.023, 5, 17434, 100
2026/09/29 07:53:03.023, 6, 17434, 100
2026/09/29 07:53:03.023, 7, 17434, 100
2026/09/29 07:53:04.024, 0, 17434, 100
2026/09/29 07:53:04.024, 1, 17434, 100
2026/09/29 07:53:04.024, 2, 17434, 100
2026/09/29 07:53:04.024, 3, 17434, 100
2026/09/29 07:53:04.024, 4, 17434, 100
2026/09/29 07:53:04.024, 5, 17434, 100
2026/09/29 07:53:04.024, 6, 17434, 100
2026/09/29 07:53:04.024, 7, 17434, 100
2026/09/29 07:53:05.024, 0, 17434, 100
2026/09/29 07:53:05.024, 1, 17434, 100
2026/09/29 07:53:05.024, 2, 17434, 100
2026/09/29 07:53:05.024, 3, 17434, 100
2026/09/29 07:53:05.024, 4, 17434, 100
2026/09/29 07:53:05.024, 5, 17434, 100
2026/09/29 07:53:05.024, 6, 17434, 100
2026/09/29 07:53:05.024, 7, 17434, 100
2026/09/29 07:53:06.024, 0, 17434, 100
2026/09/29 07:53:06.025, 1, 17434, 100
2026/09/29 07:53:06.025, 2, 17434, 100
2026/09/29 07:53:06.025, 3, 17434, 100
2026/09/29 07:53:06.025, 4, 17434, 100
2026/09/29 07:53:06.025, 5, 17434, 100
2026/09/29 07:53:06.025, 6, 17434, 100
2026/09/29 07:53:06.025, 7, 17434, 100
2026/09/29 07:53:07.025, 0, 17434, 100
2026/09/29 07:53:07.025, 1, 17434, 100
2026/09/29 07:53:07.025, 2, 17434, 100
2026/09/29 07:53:07.025, 3, 17434, 100
2026/09/29 07:53:07.025, 4, 17434, 97
2026/09/29 07:53:07.025, 5, 17434, 100
2026/09/29 07:53:07.025, 6, 17434, 100
2026/09/29 07:53:07.026, 7, 17434, 98
2026/09/29 07:53:08.026, 0, 17434, 100
2026/09/29 07:53:08.026, 1, 17434, 100
2026/09/29 07:53:08.026, 2, 17434, 100
2026/09/29 07:53:08.026, 3, 17434, 100
2026/09/29 07:53:08.026, 4, 17434, 100
2026/09/29 07:53:08.026, 5, 17434, 100
2026/09/29 07:53:08.026, 6, 17434, 100
2026/09/29 07:53:08.026, 7, 17434, 100
2026/09/29 07:53:09.026, 0, 17434, 100
2026/09/29 07:53:09.026, 1, 17434, 100
2026/09/29 07:53:09.027, 2, 17434, 100
2026/09/29 07:53:09.027, 3, 17434, 100
2026/09/29 07:53:09.027, 4, 17434, 100
2026/09/29 07:53:09.027, 5, 17434, 100
2026/09/29 07:53:09.027, 6, 17434, 100
2026/09/29 07:53:09.027, 7, 17434, 100
2026/09/29 07:53:10.027, 0, 17434, 100
2026/09/29 07:53:10.027, 1, 17434, 100
2026/09/29 07:53:10.027, 2, 17434, 100
2026/09/29 07:53:10.027, 3, 17434, 99
2026/09/29 07:53:10.027, 4, 17434, 100
2026/09/29 07:53:10.027, 5, 17434, 100
2026/09/29 07:53:10.027, 6, 17434, 100
2026/09/29 07:53:10.027, 7, 17434, 100
2026/09/29 07:53:11.028, 0, 17434, 100
2026/09/29 07:53:11.028, 1, 17434, 100
2026/09/29 07:53:11.028, 2, 17434, 100
2026/09/29 07:53:11.028, 3, 17434, 100
2026/09/29 07:53:11.028, 4, 17434, 100
2026/09/29 07:53:11.028, 5, 17434, 100
2026/09/29 07:53:11.028, 6, 17434, 100
2026/09/29 07:53:11.028, 7, 17434, 100
2026/09/29 07:53:12.028, 0, 17434, 100
2026/09/29 07:53:12.028, 1, 17434, 93
2026/09/29 07:53:12.028, 2, 17434, 99
2026/09/29 07:53:12.028, 3, 17434, 100
2026/09/29 07:53:12.028, 4, 17434, 100
2026/09/29 07:53:12.028, 5, 17434, 98
2026/09/29 07:53:12.028, 6, 17434, 100
2026/09/29 07:53:12.028, 7, 17434, 100
2026/09/29 07:53:13.029, 0, 17434, 100
2026/09/29 07:53:13.029, 1, 17434, 100
2026/09/29 07:53:13.029, 2, 17434, 100
2026/09/29 07:53:13.029, 3, 17434, 100
2026/09/29 07:53:13.029, 4, 17434, 100
2026/09/29 07:53:13.029, 5, 17434, 100
2026/09/29 07:53:13.029, 6, 17434, 100
2026/09/29 07:53:13.029, 7, 17434, 100
2026/09/29 07:53:14.029, 0, 17434, 100
2026/09/29 07:53:14.029, 1, 17434, 100
2026/09/29 07:53:14.029, 2, 17434, 100
2026/09/29 07:53:14.029, 3, 17434, 100
2026/09/29 07:53:14.029, 4, 17434, 100
2026/09/29 07:53:14.029, 5, 17434, 100
2026/09/29 07:53:14.029, 6, 17434, 100
2026/09/29 07:53:14.030, 7, 17434, 100
2026/09/29 07:53:15.030, 0, 17434, 100
2026/09/29 07:53:15.030, 1, 17434, 100
2026/09/29 07:53:15.030, 2, 17434, 100
2026/09/29 07:53:15.030, 3, 17434, 100
2026/09/29 07:53:15.030, 4, 17434, 100
2026/09/29 07:53:15.030, 5, 17434, 100
2026/09/29 07:53:15.030, 6, 17434, 100
2026/09/29 07:53:15.030, 7, 17434, 100
2026/09/29 07:53:16.030, 0, 17434, 100
2026/09/29 07:53:16.031, 1, 17434, 100
2026/09/29 07:53:16.031, 2, 17434, 100
2026/09/29 07:53:16.031, 3, 17434, 100
2026/09/29 07:53:16.031, 4, 17434, 100
2026/09/29 07:53:16.031, 5, 17434, 100
2026/09/29 07:53:16.031, 6, 17434, 100
2026/09/29 07:53:16.031, 7, 17434, 100
2026/09/29 07:53:17.031, 0, 17434, 100
2026/09/29 07:53:17.031, 1, 17434, 100
2026/09/29 07:53:17.031, 2, 17434, 100
2026/09/29 07:53:17.031, 3, 17434, 99
2026/09/29 07:53:17.031, 4, 17434, 100
2026/09/29 07:53:17.031, 5, 17434, 100
2026/09/29 07:53:17.031, 6, 17434, 100
2026/09/29 07:53:17.031, 7, 17434, 100
2026/09/29 07:53:18.031, 0, 17434, 100
2026/09/29 07:53:18.031, 1, 17434, 100
2026/09/29 07:53:18.031, 2, 17434, 100
2026/09/29 07:53:18.031, 3, 17434, 100
2026/09/29 07:53:18.031, 4, 17434, 100
2026/09/29 07:53:18.031, 5, 17434, 100
2026/09/29 07:53:18.031, 6, 17434, 100
2026/09/29 07:53:18.031, 7, 17434, 100
2026/09/29 07:53:19.032, 0, 17434, 100
2026/09/29 07:53:19.032, 1, 17434, 100
2026/09/29 07:53:19.032, 2, 17434, 100
2026/09/29 07:53:19.032, 3, 17434, 100
2026/09/29 07:53:19.032, 4, 17434, 100
2026/09/29 07:53:19.032, 5, 17434, 100
2026/09/29 07:53:19.032, 6, 17434, 100
2026/09/29 07:53:19.032, 7, 17434, 100
2026/09/29 07:53:20.032, 0, 17434, 100
2026/09/29 07:53:20.032, 1, 17434, 100
2026/09/29 07:53:20.032, 2, 17434, 100
2026/09/29 07:53:20.032, 3, 17434, 100
2026/09/29 07:53:20.032, 4, 17434, 99
2026/09/29 07:53:20.033, 5, 17434, 100
2026/09/29 07:53:20.033, 6, 17434, 100
2026/09/29 07:53:20.033, 7, 17434, 100
2026/09/29 07:53:21.033, 0, 17434, 100
2026/09/29 07:53:21.033, 1, 17434, 100
2026/09/29 07:53:21.033, 2, 17434, 100
2026/09/29 07:53:21.033, 3, 17434, 100
2026/09/29 07:53:21.033, 4, 17434, 100
2026/09/29 07:53:21.033, 5, 17434, 100
2026/09/29 07:53:21.033, 6, 17434, 100
2026/09/29 07:53:21.033, 7, 17434, 100
2026/09/29 07:53:22.033, 0, 17434, 100
2026/09/29 07:53:22.034, 1, 17434, 100
2026/09/29 07:53:22.034, 2, 17434, 100
2026/09/29 07:53:22.034, 3, 17434, 100
2026/09/29 07:53:22.034, 4, 17434, 100
2026/09/29 07:53:22.034, 5, 17434, 100
2026/09/29 07:53:22.034, 6, 17434, 100
2026/09/29 07:53:22.034, 7, 17434, 100
2026/09/29 07:53:23.034, 0, 17434, 100
2026/09/29 07:53:23.034, 1, 17434, 100
2026/09/29 07:53:23.034, 2, 17434, 100
2026/09/29 07:53:23.034, 3, 17434, 100
2026/09/29 07:53:23.034, 4, 17434, 98
2026/09/29 07:53:23.034, 5, 17434, 100
2026/09/29 07:53:23.035, 6, 17434, 100
2026/09/29 07:53:23.035, 7, 17434, 100
2026/09/29 07:53:24.035, 0, 17434, 100
2026/09/29 07:53:24.035, 1, 17434, 100
2026/09/29 07:53:24.035, 2, 17434, 100
2026/09/29 07:53:24.035, 3, 17434, 100
2026/09/29 07:53:24.035, 4, 17434, 100
2026/09/29 07:53:24.035, 5, 17434, 100
2026/09/29 07:53:24.035, 6, 17434, 100
2026/09/29 07:53:24.035, 7, 17434, 100
2026/09/29 07:53:25.035, 0, 17434, 100
2026/09/29 07:53:25.035, 1, 17434, 100
2026/09/29 07:53:25.035, 2, 17434, 100
2026/09/29 07:53:25.035, 3, 17434, 100
2026/09/29 07:53:25.035, 4, 17434, 100
2026/09/29 07:53:25.035, 5, 17434, 100
2026/09/29 07:53:25.036, 6, 17434, 100
2026/09/29 07:53:25.036, 7, 17434, 100
2026/09/29 07:53:26.036, 0, 17434, 100
2026/09/29 07:53:26.036, 1, 17434, 100
2026/09/29 07:53:26.036, 2, 17434, 100
2026/09/29 07:53:26.036, 3, 17434, 100
2026/09/29 07:53:26.036, 4, 17434, 100
2026/09/29 07:53:26.036, 5, 17434, 100
2026/09/29 07:53:26.036, 6, 17434, 100
2026/09/29 07:53:26.036, 7, 17434, 100
2026/09/29 07:53:27.037, 0, 17434, 100
2026/09/29 07:53:27.037, 1, 17434, 100
2026/09/29 07:53:27.037, 2, 17434, 100
2026/09/29 07:53:27.037, 3, 17434, 100
2026/09/29 07:53:27.037, 4, 17434, 100
2026/09/29 07:53:27.037, 5, 17434, 100
2026/09/29 07:53:27.037, 6, 17434, 100
2026/09/29 07:53:27.037, 7, 17434, 100
2026/09/29 07:53:28.037, 0, 17434, 100
2026/09/29 07:53:28.037, 1, 17434, 100
2026/09/29 07:53:28.037, 2, 17434, 100
2026/09/29 07:53:28.037, 3, 17434, 100
2026/09/29 07:53:28.038, 4, 17434, 100
2026/09/29 07:53:28.038, 5, 17434, 100
2026/09/29 07:53:28.038, 6, 17434, 100
2026/09/29 07:53:28.038, 7, 17434, 99
2026/09/29 07:53:29.038, 0, 17434, 100
2026/09/29 07:53:29.038, 1, 17434, 100
2026/09/29 07:53:29.038, 2, 17434, 100
2026/09/29 07:53:29.038, 3, 17434, 100
2026/09/29 07:53:29.038, 4, 17434, 100
2026/09/29 07:53:29.038, 5, 17434, 100
2026/09/29 07:53:29.038, 6, 17434, 100
2026/09/29 07:53:29.038, 7, 17434, 100
2026/09/29 07:53:30.038, 0, 17434, 100
2026/09/29 07:53:30.038, 1, 17434, 100
2026/09/29 07:53:30.039, 2, 17434, 100
2026/09/29 07:53:30.039, 3, 17434, 100
2026/09/29 07:53:30.039, 4, 17434, 100
2026/09/29 07:53:30.039, 5, 17434, 100
2026/09/29 07:53:30.039, 6, 17434, 100
2026/09/29 07:53:30.039, 7, 17434, 100
2026/09/29 07:53:31.039, 0, 17434, 100
2026/09/29 07:53:31.039, 1, 17434, 100
2026/09/29 07:53:31.039, 2, 17434, 100
2026/09/29 07:53:31.039, 3, 17434, 100
2026/09/29 07:53:31.039, 4, 17434, 100
2026/09/29 07:53:31.039, 5, 17434, 100
2026/09/29 07:53:31.039, 6, 17434, 100
2026/09/29 07:53:31.039, 7, 17434, 100
2026/09/29 07:53:32.039, 0, 17434, 100
2026/09/29 07:53:32.040, 1, 17434, 100
2026/09/29 07:53:32.040, 2, 17434, 100
2026/09/29 07:53:32.040, 3, 17434, 100
2026/09/29 07:53:32.040, 4, 17434, 100
2026/09/29 07:53:32.040, 5, 17434, 100
2026/09/29 07:53:32.040, 6, 17434, 100
2026/09/29 07:53:32.040, 7, 17434, 100
2026/09/29 07:53:33.040, 0, 17434, 100
2026/09/29 07:53:33.040, 1, 17434, 100
2026/09/29 07:53:33.040, 2, 17434, 100
2026/09/29 07:53:33.040, 3, 17434, 92
2026/09/29 07:53:33.040, 4, 17434, 100
2026/09/29 07:53:33.040, 5, 17434, 100
2026/09/29 07:53:33.040, 6, 17434, 100
2026/09/29 07:53:33.040, 7, 17434, 100
2026/09/29 07:53:34.041, 0, 17434, 0
2026/09/29 07:53:34.041, 1, 17434, 100
2026/09/29 07:53:34.041, 2, 17434, 100
2026/09/29 07:53:34.041, 3, 17434, 100
2026/09/29 07:53:34.041, 4, 17434, 100
2026/09/29 07:53:34.041, 5, 17434, 100
2026/09/29 07:53:34.041, 6, 17434, 100
2026/09/29 07:53:34.041, 7, 17434, 100
2026/09/29 07:53:35.041, 0, 17434, 0
2026/09/29 07:53:35.041, 1, 17434, 0
2026/09/29 07:53:35.041, 2, 17434, 0
2026/09/29 07:53:35.041, 3, 17434, 0
2026/09/29 07:53:35.042, 4, 17434, 0
2026/09/29 07:53:35.042, 5, 17434, 0
2026/09/29 07:53:35.042, 6, 17434, 0
2026/09/29 07:53:35.042, 7, 17434, 0
2026/09/29 07:53:36.042, 0, 17434, 0
2026/09/29 07:53:36.042, 1, 17434, 0
2026/09/29 07:53:36.042, 2, 17434, 0
2026/09/29 07:53:36.042, 3, 17434, 0
2026/09/29 07:53:36.042, 4, 17434, 0
2026/09/29 07:53:36.042, 5, 17434, 0
2026/09/29 07:53:36.042, 6, 17434, 0
2026/09/29 07:53:36.042, 7, 17434, 0
2026/09/29 07:53:37.042, 0, 17434, 0
2026/09/29 07:53:37.043, 1, 17434, 0
2026/09/29 07:53:37.043, 2, 17434, 0
2026/09/29 07:53:37.043, 3, 17434, 0
2026/09/29 07:53:37.043, 4, 17434, 0
2026/09/29 07:53:37.043, 5, 17434, 0
2026/09/29 07:53:37.043, 6, 17434, 0
2026/09/29 07:53:37.043, 7, 17434, 0
2026/09/29 07:53:38.043, 0, 17434, 0
2026/09/29 07:53:38.043, 1, 17434, 0
2026/09/29 07:53:38.043, 2, 17434, 0
2026/09/29 07:53:38.043, 3, 17434, 0
2026/09/29 07:53:38.043, 4, 17434, 0
2026/09/29 07:53:38.043, 5, 17434, 0
2026/09/29 07:53:38.044, 6, 17434, 0
2026/09/29 07:53:38.044, 7, 17434, 0
2026/09/29 07:53:39.044, 0, 17434, 0
2026/09/29 07:53:39.044, 1, 17434, 0
2026/09/29 07:53:39.044, 2, 17434, 0
2026/09/29 07:53:39.044, 3, 17418, 0
2026/09/29 07:53:39.044, 4, 17434, 0
2026/09/29 07:53:39.044, 5, 17434, 0
2026/09/29 07:53:39.044, 6, 17434, 0
2026/09/29 07:53:39.044, 7, 17434, 0
2026/09/29 07:53:40.044, 0, 17342, 0
2026/09/29 07:53:40.045, 1, 17434, 0
2026/09/29 07:53:40.045, 2, 17434, 0
2026/09/29 07:53:40.045, 3, 17418, 0
2026/09/29 07:53:40.045, 4, 17434, 0
2026/09/29 07:53:40.045, 5, 17434, 0
2026/09/29 07:53:40.045, 6, 17434, 0
2026/09/29 07:53:40.045, 7, 17434, 0
2026/09/29 07:53:41.045, 0, 17342, 0
2026/09/29 07:53:41.045, 1, 17434, 0
2026/09/29 07:53:41.045, 2, 17434, 0
2026/09/29 07:53:41.045, 3, 17418, 0
2026/09/29 07:53:41.045, 4, 17434, 0
2026/09/29 07:53:41.045, 5, 17434, 0
2026/09/29 07:53:41.046, 6, 17434, 0
2026/09/29 07:53:41.046, 7, 17402, 0
2026/09/29 07:53:42.046, 0, 17342, 0
2026/09/29 07:53:42.046, 1, 17342, 0
2026/09/29 07:53:42.046, 2, 17342, 0
2026/09/29 07:53:42.046, 3, 17418, 0
2026/09/29 07:53:42.046, 4, 17342, 0
2026/09/29 07:53:42.046, 5, 17434, 0
2026/09/29 07:53:42.046, 6, 17434, 0
2026/09/29 07:53:42.046, 7, 17386, 0
2026/09/29 07:53:43.047, 0, 17342, 0
2026/09/29 07:53:43.047, 1, 17342, 0
2026/09/29 07:53:43.047, 2, 17342, 0
2026/09/29 07:53:43.047, 3, 17418, 0
2026/09/29 07:53:43.047, 4, 17342, 0
2026/09/29 07:53:43.047, 5, 17434, 0
2026/09/29 07:53:43.047, 6, 17434, 0
2026/09/29 07:53:43.047, 7, 17386, 0
2026/09/29 07:53:44.047, 0, 17342, 0
2026/09/29 07:53:44.047, 1, 17342, 0
2026/09/29 07:53:44.047, 2, 17342, 0
2026/09/29 07:53:44.047, 3, 17326, 0
2026/09/29 07:53:44.048, 4, 17342, 0
2026/09/29 07:53:44.048, 5, 17342, 38
2026/09/29 07:53:44.048, 6, 17342, 0
2026/09/29 07:53:44.048, 7, 17386, 0
2026/09/29 07:53:45.048, 0, 17342, 0
2026/09/29 07:53:45.048, 1, 17342, 0
2026/09/29 07:53:45.048, 2, 17342, 0
2026/09/29 07:53:45.048, 3, 17326, 0
2026/09/29 07:53:45.048, 4, 17342, 0
2026/09/29 07:53:45.048, 5, 17342, 0
2026/09/29 07:53:45.048, 6, 17342, 0
2026/09/29 07:53:45.048, 7, 17294, 0
2026/09/29 07:53:46.049, 0, 4, 0
2026/09/29 07:53:53.247, 1, 4, 0
2026/09/29 07:54:47.223, 2, 4, 0
2026/09/29 07:54:47.279, 3, 4, 0
2026/09/29 07:54:47.279, 4, 4, 0
2026/09/29 07:54:47.279, 5, 4, 0
2026/09/29 07:54:47.279, 6, 4, 0
2026/09/29 07:54:47.279, 7, 4, 0
