2026/09/29 09:52:13.879, 0, 1, 0
2026/09/29 09:52:13.881, 1, 1, 0
2026/09/29 09:52:13.883, 2, 1, 0
2026/09/29 09:52:13.885, 3, 1, 0
2026/09/29 09:52:13.887, 4, 1, 0
2026/09/29 09:52:13.889, 5, 1, 0
2026/09/29 09:52:13.891, 6, 1, 0
2026/09/29 09:52:13.893, 7, 1, 0
2026/09/29 09:52:14.895, 0, 1, 0
2026/09/29 09:52:14.896, 1, 1, 0
2026/09/29 09:52:14.896, 2, 1, 0
2026/09/29 09:52:14.896, 3, 1, 0
2026/09/29 09:52:14.896, 4, 1, 0
2026/09/29 09:52:14.896, 5, 1, 0
2026/09/29 09:52:14.896, 6, 1, 0
2026/09/29 09:52:14.896, 7, 1, 0
2026/09/29 09:52:15.896, 0, 4, 0
2026/09/29 09:52:15.901, 1, 4, 0
2026/09/29 09:52:15.901, 2, 1, 0
2026/09/29 09:52:15.930, 3, 1, 0
2026/09/29 09:52:15.930, 4, 1, 0
2026/09/29 09:52:15.930, 5, 1, 0
2026/09/29 09:52:15.930, 6, 1, 0
2026/09/29 09:52:15.931, 7, 1, 0
2026/09/29 09:52:16.931, 0, 4, 0
2026/09/29 09:52:16.931, 1, 4, 0
2026/09/29 09:52:16.931, 2, 4, 0
2026/09/29 09:52:16.931, 3, 4, 0
2026/09/29 09:52:16.931, 4, 4, 0
2026/09/29 09:52:16.931, 5, 4, 0
2026/09/29 09:52:16.931, 6, 4, 0
2026/09/29 09:52:16.931, 7, 4, 0
2026/09/29 09:52:17.931, 0, 4, 0
2026/09/29 09:52:17.931, 1, 4, 0
2026/09/29 09:52:17.931, 2, 4, 0
2026/09/29 09:52:17.932, 3, 4, 0
2026/09/29 09:52:17.932, 4, 4, 0
2026/09/29 09:52:17.932, 5, 4, 0
2026/09/29 09:52:17.932, 6, 4, 0
2026/09/29 09:52:17.932, 7, 4, 0
2026/09/29 09:52:18.932, 0, 4, 0
2026/09/29 09:52:18.932, 1, 4, 0
2026/09/29 09:52:18.932, 2, 4, 0
2026/09/29 09:52:18.932, 3, 4, 0
2026/09/29 09:52:18.932, 4, 4, 0
2026/09/29 09:52:18.932, 5, 4, 0
2026/09/29 09:52:18.932, 6, 4, 0
2026/09/29 09:52:18.932, 7, 4, 0
2026/09/29 09:52:19.932, 0, 4, 0
2026/09/29 09:52:19.933, 1, 4, 0
2026/09/29 09:52:19.933, 2, 4, 0
2026/09/29 09:52:19.933, 3, 4, 0
2026/09/29 09:52:19.933, 4, 4, 0
2026/09/29 09:52:19.933, 5, 4, 0
2026/09/29 09:52:19.933, 6, 4, 0
2026/09/29 09:52:19.933, 7, 4, 0
2026/09/29 09:52:20.933, 0, 4, 0
2026/09/29 09:52:20.933, 1, 4, 0
2026/09/29 09:52:20.933, 2, 4, 0
2026/09/29 09:52:20.933, 3, 4, 0
2026/09/29 09:52:20.933, 4, 4, 0
2026/09/29 09:52:20.933, 5, 4, 0
2026/09/29 09:52:20.933, 6, 4, 0
2026/09/29 09:52:20.933, 7, 4, 0
2026/09/29 09:52:21.934, 0, 4, 0
2026/09/29 09:52:21.934, 1, 4, 0
2026/09/29 09:52:21.934, 2, 4, 0
2026/09/29 09:52:21.934, 3, 4, 0
2026/09/29 09:52:21.934, 4, 4, 0
2026/09/29 09:52:21.934, 5, 4, 0
2026/09/29 09:52:21.934, 6, 4, 0
2026/09/29 09:52:21.934, 7, 4, 0
2026/09/29 09:52:22.934, 0, 4, 0
2026/09/29 09:52:22.934, 1, 4, 0
2026/09/29 09:52:22.935, 2, 4, 0
2026/09/29 09:52:22.935, 3, 4, 0
2026/09/29 09:52:22.935, 4, 4, 0
2026/09/29 09:52:22.935, 5, 4, 0
2026/09/29 09:52:22.936, 6, 4, 0
2026/09/29 09:52:22.936, 7, 4, 0
2026/09/29 09:52:23.936, 0, 4, 0
2026/09/29 09:52:23.936, 1, 4, 0
2026/09/29 09:52:23.936, 2, 4, 0
2026/09/29 09:52:23.936, 3, 4, 0
2026/09/29 09:52:23.936, 4, 4, 0
2026/09/29 09:52:23.936, 5, 4, 0
2026/09/29 09:52:23.936, 6, 4, 0
2026/09/29 09:52:23.936, 7, 4, 0
2026/09/29 09:52:24.936, 0, 4, 0
2026/09/29 09:52:24.936, 1, 4, 0
2026/09/29 09:52:24.937, 2, 4, 0
2026/09/29 09:52:24.937, 3, 4, 0
2026/09/29 09:52:24.937, 4, 4, 0
2026/09/29 09:52:24.937, 5, 4, 0
2026/09/29 09:52:24.937, 6, 4, 0
2026/09/29 09:52:24.937, 7, 4, 0
2026/09/29 09:52:25.937, 0, 4, 0
2026/09/29 09:52:25.937, 1, 4, 0
2026/09/29 09:52:25.937, 2, 4, 0
2026/09/29 09:52:25.937, 3, 4, 0
2026/09/29 09:52:25.937, 4, 4, 0
2026/09/29 09:52:25.937, 5, 4, 0
2026/09/29 09:52:25.937, 6, 4, 0
2026/09/29 09:52:25.937, 7, 4, 0
2026/09/29 09:52:26.938, 0, 4, 0
2026/09/29 09:52:26.938, 1, 4, 0
2026/09/29 09:52:26.938, 2, 4, 0
2026/09/29 09:52:26.938, 3, 4, 0
2026/09/29 09:52:26.938, 4, 4, 0
2026/09/29 09:52:26.938, 5, 4, 0
2026/09/29 09:52:26.938, 6, 4, 0
2026/09/29 09:52:26.938, 7, 4, 0
2026/09/29 09:52:27.938, 0, 4, 0
2026/09/29 09:52:27.938, 1, 4, 0
2026/09/29 09:52:27.938, 2, 4, 0
2026/09/29 09:52:27.938, 3, 4, 0
2026/09/29 09:52:27.938, 4, 4, 0
2026/09/29 09:52:27.939, 5, 4, 0
2026/09/29 09:52:27.939, 6, 4, 0
2026/09/29 09:52:27.939, 7, 4, 0
2026/09/29 09:52:28.939, 0, 4, 0
2026/09/29 09:52:28.939, 1, 4, 0
2026/09/29 09:52:28.939, 2, 4, 0
2026/09/29 09:52:28.939, 3, 4, 0
2026/09/29 09:52:28.939, 4, 4, 0
2026/09/29 09:52:28.939, 5, 4, 0
2026/09/29 09:52:28.939, 6, 4, 0
2026/09/29 09:52:28.939, 7, 4, 0
2026/09/29 09:52:29.939, 0, 4, 0
2026/09/29 09:52:29.939, 1, 4, 0
2026/09/29 09:52:29.940, 2, 4, 0
2026/09/29 09:52:29.940, 3, 4, 0
2026/09/29 09:52:29.940, 4, 4, 0
2026/09/29 09:52:29.940, 5, 4, 0
2026/09/29 09:52:29.940, 6, 4, 0
2026/09/29 09:52:29.940, 7, 4, 0
2026/09/29 09:52:30.940, 0, 4, 0
2026/09/29 09:52:30.940, 1, 4, 0
2026/09/29 09:52:30.940, 2, 4, 0
2026/09/29 09:52:30.940, 3, 4, 0
2026/09/29 09:52:30.940, 4, 4, 0
2026/09/29 09:52:30.940, 5, 4, 0
2026/09/29 09:52:30.940, 6, 4, 0
2026/09/29 09:52:30.940, 7, 4, 0
2026/09/29 09:52:31.941, 0, 4, 0
2026/09/29 09:52:31.941, 1, 4, 0
2026/09/29 09:52:31.941, 2, 4, 0
2026/09/29 09:52:31.941, 3, 4, 0
2026/09/29 09:52:31.941, 4, 4, 0
2026/09/29 09:52:31.941, 5, 4, 0
2026/09/29 09:52:31.941, 6, 4, 0
2026/09/29 09:52:31.941, 7, 4, 0
2026/09/29 09:52:32.941, 0, 4, 0
2026/09/29 09:52:32.941, 1, 4, 0
2026/09/29 09:52:32.942, 2, 4, 0
2026/09/29 09:52:32.942, 3, 4, 0
2026/09/29 09:52:32.942, 4, 4, 0
2026/09/29 09:52:32.942, 5, 4, 0
2026/09/29 09:52:32.942, 6, 4, 0
2026/09/29 09:52:32.942, 7, 4, 0
2026/09/29 09:52:33.942, 0, 4, 0
2026/09/29 09:52:33.942, 1, 4, 0
2026/09/29 09:52:33.943, 2, 4, 0
2026/09/29 09:52:33.943, 3, 4, 0
2026/09/29 09:52:33.943, 4, 4, 0
2026/09/29 09:52:33.943, 5, 4, 0
2026/09/29 09:52:33.943, 6, 4, 0
2026/09/29 09:52:33.943, 7, 4, 0
2026/09/29 09:52:34.943, 0, 4, 0
2026/09/29 09:52:34.943, 1, 4, 0
2026/09/29 09:52:34.943, 2, 4, 0
2026/09/29 09:52:34.943, 3, 4, 0
2026/09/29 09:52:34.943, 4, 4, 0
2026/09/29 09:52:34.943, 5, 4, 0
2026/09/29 09:52:34.943, 6, 4, 0
2026/09/29 09:52:34.943, 7, 4, 0
2026/09/29 09:52:35.944, 0, 4, 0
2026/09/29 09:52:35.944, 1, 4, 0
2026/09/29 09:52:35.944, 2, 4, 0
2026/09/29 09:52:35.944, 3, 4, 0
2026/09/29 09:52:35.944, 4, 4, 0
2026/09/29 09:52:35.944, 5, 4, 0
2026/09/29 09:52:35.944, 6, 4, 0
2026/09/29 09:52:35.944, 7, 4, 0
2026/09/29 09:52:36.944, 0, 4, 0
2026/09/29 09:52:36.944, 1, 4, 0
2026/09/29 09:52:36.944, 2, 4, 0
2026/09/29 09:52:36.944, 3, 4, 0
2026/09/29 09:52:36.944, 4, 4, 0
2026/09/29 09:52:36.945, 5, 4, 0
2026/09/29 09:52:36.945, 6, 4, 0
2026/09/29 09:52:36.945, 7, 4, 0
2026/09/29 09:52:37.945, 0, 4, 0
2026/09/29 09:52:37.945, 1, 4, 0
2026/09/29 09:52:37.946, 2, 4, 0
2026/09/29 09:52:37.946, 3, 4, 0
2026/09/29 09:52:37.946, 4, 4, 0
2026/09/29 09:52:37.946, 5, 4, 0
2026/09/29 09:52:37.946, 6, 4, 0
2026/09/29 09:52:37.946, 7, 4, 0
2026/09/29 09:52:38.946, 0, 4, 0
2026/09/29 09:52:38.946, 1, 4, 0
2026/09/29 09:52:38.947, 2, 4, 0
2026/09/29 09:52:38.948, 3, 4, 0
2026/09/29 09:52:38.948, 4, 4, 0
2026/09/29 09:52:38.949, 5, 4, 0
2026/09/29 09:52:38.949, 6, 4, 0
2026/09/29 09:52:38.950, 7, 4, 0
2026/09/29 09:52:39.950, 0, 4, 0
2026/09/29 09:52:39.950, 1, 4, 0
2026/09/29 09:52:39.950, 2, 4, 0
2026/09/29 09:52:39.950, 3, 4, 0
2026/09/29 09:52:39.950, 4, 4, 0
2026/09/29 09:52:39.950, 5, 4, 0
2026/09/29 09:52:39.950, 6, 4, 0
2026/09/29 09:52:39.950, 7, 4, 0
2026/09/29 09:52:40.950, 0, 4, 0
2026/09/29 09:52:40.950, 1, 4, 0
2026/09/29 09:52:40.951, 2, 4, 0
2026/09/29 09:52:40.951, 3, 4, 0
2026/09/29 09:52:40.951, 4, 4, 0
2026/09/29 09:52:40.951, 5, 4, 0
2026/09/29 09:52:40.951, 6, 4, 0
2026/09/29 09:52:40.951, 7, 4, 0
2026/09/29 09:52:41.951, 0, 4, 0
2026/09/29 09:52:41.951, 1, 4, 0
2026/09/29 09:52:41.951, 2, 4, 0
2026/09/29 09:52:41.951, 3, 4, 0
2026/09/29 09:52:41.951, 4, 4, 0
2026/09/29 09:52:41.951, 5, 4, 0
2026/09/29 09:52:41.951, 6, 4, 0
2026/09/29 09:52:41.951, 7, 4, 0
2026/09/29 09:52:42.952, 0, 4, 0
2026/09/29 09:52:42.952, 1, 4, 0
2026/09/29 09:52:42.952, 2, 4, 0
2026/09/29 09:52:42.952, 3, 4, 0
2026/09/29 09:52:42.952, 4, 4, 0
2026/09/29 09:52:42.952, 5, 4, 0
2026/09/29 09:52:42.952, 6, 4, 0
2026/09/29 09:52:42.952, 7, 4, 0
2026/09/29 09:52:43.952, 0, 4, 0
2026/09/29 09:52:43.953, 1, 4, 0
2026/09/29 09:52:43.953, 2, 4, 0
2026/09/29 09:52:43.953, 3, 4, 0
2026/09/29 09:52:43.953, 4, 4, 0
2026/09/29 09:52:43.953, 5, 4, 0
2026/09/29 09:52:43.953, 6, 4, 0
2026/09/29 09:52:43.953, 7, 4, 0
2026/09/29 09:52:44.953, 0, 4, 0
2026/09/29 09:52:44.953, 1, 4, 0
2026/09/29 09:52:44.953, 2, 4, 0
2026/09/29 09:52:44.953, 3, 4, 0
2026/09/29 09:52:44.953, 4, 4, 0
2026/09/29 09:52:44.953, 5, 4, 0
2026/09/29 09:52:44.953, 6, 4, 0
2026/09/29 09:52:44.953, 7, 4, 0
2026/09/29 09:52:45.954, 0, 4, 0
2026/09/29 09:52:45.954, 1, 4, 0
2026/09/29 09:52:45.954, 2, 4, 0
2026/09/29 09:52:45.954, 3, 4, 0
2026/09/29 09:52:45.954, 4, 4, 0
2026/09/29 09:52:45.954, 5, 4, 0
2026/09/29 09:52:45.954, 6, 4, 0
2026/09/29 09:52:45.954, 7, 4, 0
2026/09/29 09:52:46.954, 0, 4, 0
2026/09/29 09:52:46.955, 1, 4, 0
2026/09/29 09:52:46.955, 2, 4, 0
2026/09/29 09:52:46.955, 3, 4, 0
2026/09/29 09:52:46.955, 4, 4, 0
2026/09/29 09:52:46.955, 5, 4, 0
2026/09/29 09:52:46.955, 6, 4, 0
2026/09/29 09:52:46.955, 7, 4, 0
2026/09/29 09:52:47.955, 0, 4, 0
2026/09/29 09:52:47.955, 1, 4, 0
2026/09/29 09:52:47.955, 2, 4, 0
2026/09/29 09:52:47.955, 3, 4, 0
2026/09/29 09:52:47.955, 4, 4, 0
2026/09/29 09:52:47.955, 5, 4, 0
2026/09/29 09:52:47.956, 6, 4, 0
2026/09/29 09:52:47.956, 7, 4, 0
2026/09/29 09:52:48.956, 0, 4, 0
2026/09/29 09:52:48.956, 1, 4, 0
2026/09/29 09:52:48.956, 2, 4, 0
2026/09/29 09:52:48.956, 3, 4, 0
2026/09/29 09:52:48.956, 4, 4, 0
2026/09/29 09:52:48.956, 5, 4, 0
2026/09/29 09:52:48.956, 6, 4, 0
2026/09/29 09:52:48.956, 7, 4, 0
2026/09/29 09:52:49.956, 0, 4, 0
2026/09/29 09:52:49.956, 1, 4, 0
2026/09/29 09:52:49.956, 2, 4, 0
2026/09/29 09:52:49.957, 3, 4, 0
2026/09/29 09:52:49.957, 4, 4, 0
2026/09/29 09:52:49.957, 5, 4, 0
2026/09/29 09:52:49.957, 6, 4, 0
2026/09/29 09:52:49.957, 7, 4, 0
2026/09/29 09:52:50.957, 0, 4, 0
2026/09/29 09:52:50.957, 1, 4, 0
2026/09/29 09:52:50.957, 2, 4, 0
2026/09/29 09:52:50.957, 3, 4, 0
2026/09/29 09:52:50.957, 4, 4, 0
2026/09/29 09:52:50.957, 5, 4, 0
2026/09/29 09:52:50.957, 6, 4, 0
2026/09/29 09:52:50.957, 7, 4, 0
2026/09/29 09:52:51.958, 0, 4, 0
2026/09/29 09:52:51.958, 1, 4, 0
2026/09/29 09:52:51.958, 2, 4, 0
2026/09/29 09:52:51.958, 3, 4, 0
2026/09/29 09:52:51.958, 4, 4, 0
2026/09/29 09:52:51.958, 5, 4, 0
2026/09/29 09:52:51.958, 6, 4, 0
2026/09/29 09:52:51.958, 7, 4, 0
2026/09/29 09:52:52.958, 0, 4, 0
2026/09/29 09:52:52.959, 1, 4, 0
2026/09/29 09:52:52.959, 2, 4, 0
2026/09/29 09:52:52.959, 3, 4, 0
2026/09/29 09:52:52.959, 4, 4, 0
2026/09/29 09:52:52.959, 5, 4, 0
2026/09/29 09:52:52.959, 6, 4, 0
2026/09/29 09:52:52.959, 7, 4, 0
2026/09/29 09:52:53.959, 0, 396, 0
2026/09/29 09:52:53.983, 1, 21, 0
2026/09/29 09:52:53.986, 2, 21, 0
2026/09/29 09:52:53.988, 3, 21, 0
2026/09/29 09:52:53.991, 4, 24, 0
2026/09/29 09:52:53.991, 5, 21, 0
2026/09/29 09:52:53.994, 6, 21, 0
2026/09/29 09:52:54.000, 7, 396, 0
2026/09/29 09:52:55.003, 0, 560, 0
2026/09/29 09:52:55.003, 1, 560, 0
2026/09/29 09:52:55.003, 2, 560, 0
2026/09/29 09:52:55.004, 3, 560, 0
2026/09/29 09:52:55.004, 4, 560, 0
2026/09/29 09:52:55.004, 5, 560, 0
2026/09/29 09:52:55.004, 6, 560, 0
2026/09/29 09:52:55.004, 7, 560, 13
2026/09/29 09:52:56.004, 0, 736, 0
2026/09/29 09:52:56.004, 1, 736, 0
2026/09/29 09:52:56.004, 2, 736, 0
2026/09/29 09:52:56.004, 3, 736, 0
2026/09/29 09:52:56.004, 4, 736, 0
2026/09/29 09:52:56.004, 5, 736, 0
2026/09/29 09:52:56.004, 6, 736, 0
2026/09/29 09:52:56.004, 7, 736, 0
2026/09/29 09:52:57.005, 0, 768, 0
2026/09/29 09:52:57.005, 1, 768, 0
2026/09/29 09:52:57.005, 2, 768, 0
2026/09/29 09:52:57.005, 3, 768, 0
2026/09/29 09:52:57.005, 4, 768, 0
2026/09/29 09:52:57.005, 5, 768, 0
2026/09/29 09:52:57.005, 6, 768, 0
2026/09/29 09:52:57.005, 7, 768, 0
2026/09/29 09:52:58.005, 0, 766, 0
2026/09/29 09:52:58.005, 1, 766, 0
2026/09/29 09:52:58.005, 2, 766, 0
2026/09/29 09:52:58.005, 3, 766, 0
2026/09/29 09:52:58.006, 4, 766, 0
2026/09/29 09:52:58.006, 5, 766, 0
2026/09/29 09:52:58.006, 6, 766, 0
2026/09/29 09:52:58.006, 7, 766, 0
2026/09/29 09:52:59.006, 0, 766, 0
2026/09/29 09:52:59.006, 1, 766, 0
2026/09/29 09:52:59.006, 2, 766, 0
2026/09/29 09:52:59.006, 3, 766, 0
2026/09/29 09:52:59.006, 4, 766, 0
2026/09/29 09:52:59.006, 5, 766, 0
2026/09/29 09:52:59.006, 6, 766, 0
2026/09/29 09:52:59.006, 7, 766, 0
2026/09/29 09:53:00.007, 0, 766, 0
2026/09/29 09:53:00.007, 1, 766, 0
2026/09/29 09:53:00.008, 2, 766, 0
2026/09/29 09:53:00.008, 3, 766, 0
2026/09/29 09:53:00.008, 4, 766, 0
2026/09/29 09:53:00.008, 5, 766, 0
2026/09/29 09:53:00.008, 6, 766, 0
2026/09/29 09:53:00.008, 7, 766, 0
2026/09/29 09:53:01.008, 0, 766, 0
2026/09/29 09:53:01.008, 1, 766, 0
2026/09/29 09:53:01.008, 2, 766, 0
2026/09/29 09:53:01.008, 3, 766, 0
2026/09/29 09:53:01.009, 4, 766, 0
2026/09/29 09:53:01.009, 5, 766, 0
2026/09/29 09:53:01.009, 6, 766, 0
2026/09/29 09:53:01.009, 7, 766, 0
2026/09/29 09:53:02.009, 0, 766, 0
2026/09/29 09:53:02.009, 1, 766, 0
2026/09/29 09:53:02.009, 2, 766, 0
2026/09/29 09:53:02.009, 3, 766, 0
2026/09/29 09:53:02.009, 4, 766, 0
2026/09/29 09:53:02.009, 5, 766, 0
2026/09/29 09:53:02.010, 6, 766, 0
2026/09/29 09:53:02.010, 7, 766, 0
2026/09/29 09:53:03.010, 0, 766, 0
2026/09/29 09:53:03.011, 1, 766, 0
2026/09/29 09:53:03.011, 2, 766, 0
2026/09/29 09:53:03.011, 3, 766, 0
2026/09/29 09:53:03.011, 4, 766, 0
2026/09/29 09:53:03.011, 5, 766, 0
2026/09/29 09:53:03.011, 6, 766, 0
2026/09/29 09:53:03.011, 7, 766, 0
2026/09/29 09:53:04.011, 0, 766, 0
2026/09/29 09:53:04.012, 1, 766, 0
2026/09/29 09:53:04.012, 2, 766, 0
2026/09/29 09:53:04.012, 3, 766, 0
2026/09/29 09:53:04.012, 4, 766, 0
2026/09/29 09:53:04.012, 5, 766, 0
2026/09/29 09:53:04.012, 6, 766, 0
2026/09/29 09:53:04.012, 7, 766, 0
2026/09/29 09:53:05.012, 0, 766, 0
2026/09/29 09:53:05.013, 1, 766, 0
2026/09/29 09:53:05.013, 2, 766, 0
2026/09/29 09:53:05.013, 3, 766, 0
2026/09/29 09:53:05.013, 4, 766, 0
2026/09/29 09:53:05.013, 5, 766, 0
2026/09/29 09:53:05.013, 6, 766, 0
2026/09/29 09:53:05.013, 7, 766, 0
2026/09/29 09:53:06.013, 0, 766, 0
2026/09/29 09:53:06.013, 1, 766, 0
2026/09/29 09:53:06.013, 2, 766, 0
2026/09/29 09:53:06.013, 3, 766, 0
2026/09/29 09:53:06.014, 4, 766, 0
2026/09/29 09:53:06.014, 5, 766, 0
2026/09/29 09:53:06.014, 6, 766, 0
2026/09/29 09:53:06.014, 7, 766, 0
2026/09/29 09:53:07.014, 0, 766, 0
2026/09/29 09:53:07.014, 1, 766, 0
2026/09/29 09:53:07.014, 2, 766, 0
2026/09/29 09:53:07.014, 3, 766, 0
2026/09/29 09:53:07.014, 4, 766, 0
2026/09/29 09:53:07.014, 5, 766, 0
2026/09/29 09:53:07.015, 6, 766, 0
2026/09/29 09:53:07.015, 7, 766, 0
2026/09/29 09:53:08.015, 0, 766, 0
2026/09/29 09:53:08.015, 1, 766, 0
2026/09/29 09:53:08.015, 2, 766, 0
2026/09/29 09:53:08.015, 3, 766, 0
2026/09/29 09:53:08.015, 4, 766, 0
2026/09/29 09:53:08.015, 5, 766, 0
2026/09/29 09:53:08.015, 6, 766, 0
2026/09/29 09:53:08.015, 7, 766, 0
2026/09/29 09:53:09.016, 0, 766, 0
2026/09/29 09:53:09.016, 1, 766, 0
2026/09/29 09:53:09.016, 2, 766, 0
2026/09/29 09:53:09.016, 3, 766, 0
2026/09/29 09:53:09.016, 4, 766, 0
2026/09/29 09:53:09.016, 5, 766, 0
2026/09/29 09:53:09.016, 6, 766, 0
2026/09/29 09:53:09.016, 7, 766, 0
2026/09/29 09:53:10.016, 0, 766, 0
2026/09/29 09:53:10.016, 1, 766, 0
2026/09/29 09:53:10.016, 2, 766, 0
2026/09/29 09:53:10.016, 3, 766, 0
2026/09/29 09:53:10.017, 4, 766, 0
2026/09/29 09:53:10.017, 5, 766, 0
2026/09/29 09:53:10.017, 6, 766, 0
2026/09/29 09:53:10.017, 7, 766, 0
2026/09/29 09:53:11.017, 0, 766, 0
2026/09/29 09:53:11.017, 1, 766, 0
2026/09/29 09:53:11.017, 2, 766, 0
2026/09/29 09:53:11.017, 3, 766, 0
2026/09/29 09:53:11.017, 4, 766, 0
2026/09/29 09:53:11.017, 5, 766, 0
2026/09/29 09:53:11.017, 6, 766, 0
2026/09/29 09:53:11.017, 7, 766, 0
2026/09/29 09:53:12.017, 0, 766, 0
2026/09/29 09:53:12.018, 1, 766, 0
2026/09/29 09:53:12.018, 2, 766, 0
2026/09/29 09:53:12.018, 3, 766, 0
2026/09/29 09:53:12.018, 4, 766, 0
2026/09/29 09:53:12.018, 5, 766, 0
2026/09/29 09:53:12.018, 6, 766, 0
2026/09/29 09:53:12.018, 7, 766, 0
2026/09/29 09:53:13.018, 0, 766, 0
2026/09/29 09:53:13.018, 1, 766, 0
2026/09/29 09:53:13.018, 2, 770, 0
2026/09/29 09:53:13.018, 3, 766, 0
2026/09/29 09:53:13.018, 4, 766, 0
2026/09/29 09:53:13.018, 5, 766, 0
2026/09/29 09:53:13.018, 6, 766, 0
2026/09/29 09:53:13.019, 7, 766, 0
2026/09/29 09:53:14.019, 0, 766, 0
2026/09/29 09:53:14.019, 1, 766, 0
2026/09/29 09:53:14.019, 2, 772, 0
2026/09/29 09:53:14.019, 3, 766, 0
2026/09/29 09:53:14.019, 4, 770, 4
2026/09/29 09:53:14.019, 5, 766, 0
2026/09/29 09:53:14.019, 6, 766, 0
2026/09/29 09:53:14.019, 7, 766, 0
2026/09/29 09:53:15.019, 0, 770, 3
2026/09/29 09:53:15.019, 1, 766, 0
2026/09/29 09:53:15.019, 2, 776, 1
2026/09/29 09:53:15.019, 3, 770, 0
2026/09/29 09:53:15.019, 4, 774, 0
2026/09/29 09:53:15.020, 5, 770, 0
2026/09/29 09:53:15.020, 6, 770, 0
2026/09/29 09:53:15.020, 7, 770, 0
2026/09/29 09:53:16.020, 0, 772, 0
2026/09/29 09:53:16.020, 1, 770, 0
2026/09/29 09:53:16.020, 2, 778, 0
2026/09/29 09:53:16.020, 3, 772, 0
2026/09/29 09:53:16.020, 4, 776, 0
2026/09/29 09:53:16.020, 5, 774, 0
2026/09/29 09:53:16.020, 6, 774, 0
2026/09/29 09:53:16.020, 7, 772, 0
2026/09/29 09:53:17.020, 0, 776, 0
2026/09/29 09:53:17.020, 1, 774, 0
2026/09/29 09:53:17.020, 2, 782, 0
2026/09/29 09:53:17.020, 3, 776, 0
2026/09/29 09:53:17.021, 4, 778, 2
2026/09/29 09:53:17.021, 5, 776, 0
2026/09/29 09:53:17.021, 6, 776, 0
2026/09/29 09:53:17.021, 7, 776, 3
2026/09/29 09:53:18.021, 0, 778, 2
2026/09/29 09:53:18.021, 1, 776, 0
2026/09/29 09:53:18.022, 2, 784, 3
2026/09/29 09:53:18.022, 3, 778, 0
2026/09/29 09:53:18.023, 4, 782, 3
2026/09/29 09:53:18.024, 5, 780, 0
2026/09/29 09:53:18.024, 6, 780, 2
2026/09/29 09:53:18.025, 7, 776, 0
2026/09/29 09:53:19.025, 0, 782, 0
2026/09/29 09:53:19.026, 1, 778, 0
2026/09/29 09:53:19.026, 2, 786, 0
2026/09/29 09:53:19.026, 3, 780, 0
2026/09/29 09:53:19.026, 4, 784, 0
2026/09/29 09:53:19.026, 5, 782, 0
2026/09/29 09:53:19.026, 6, 782, 0
2026/09/29 09:53:19.026, 7, 780, 0
2026/09/29 09:53:20.026, 0, 784, 0
2026/09/29 09:53:20.026, 1, 782, 0
2026/09/29 09:53:20.026, 2, 788, 2
2026/09/29 09:53:20.026, 3, 784, 0
2026/09/29 09:53:20.026, 4, 786, 1
2026/09/29 09:53:20.026, 5, 784, 3
2026/09/29 09:53:20.026, 6, 784, 1
2026/09/29 09:53:20.026, 7, 782, 0
2026/09/29 09:53:21.027, 0, 786, 0
2026/09/29 09:53:21.027, 1, 784, 0
2026/09/29 09:53:21.028, 2, 792, 3
2026/09/29 09:53:21.028, 3, 786, 2
2026/09/29 09:53:21.028, 4, 788, 3
2026/09/29 09:53:21.028, 5, 786, 0
2026/09/29 09:53:21.029, 6, 786, 0
2026/09/29 09:53:21.029, 7, 786, 3
2026/09/29 09:53:22.030, 0, 788, 0
2026/09/29 09:53:22.030, 1, 786, 0
2026/09/29 09:53:22.031, 2, 794, 1
2026/09/29 09:53:22.031, 3, 788, 0
2026/09/29 09:53:22.031, 4, 790, 0
2026/09/29 09:53:22.031, 5, 788, 0
2026/09/29 09:53:22.032, 6, 788, 0
2026/09/29 09:53:22.032, 7, 788, 0
2026/09/29 09:53:23.033, 0, 790, 0
2026/09/29 09:53:23.033, 1, 788, 0
2026/09/29 09:53:23.033, 2, 798, 3
2026/09/29 09:53:23.033, 3, 790, 0
2026/09/29 09:53:23.033, 4, 794, 1
2026/09/29 09:53:23.033, 5, 790, 0
2026/09/29 09:53:23.033, 6, 792, 0
2026/09/29 09:53:23.033, 7, 788, 0
2026/09/29 09:53:24.033, 0, 792, 2
2026/09/29 09:53:24.033, 1, 790, 0
2026/09/29 09:53:24.034, 2, 800, 0
2026/09/29 09:53:24.034, 3, 792, 3
2026/09/29 09:53:24.034, 4, 794, 0
2026/09/29 09:53:24.034, 5, 792, 0
2026/09/29 09:53:24.034, 6, 794, 0
2026/09/29 09:53:24.034, 7, 792, 0
2026/09/29 09:53:25.034, 0, 794, 0
2026/09/29 09:53:25.034, 1, 792, 2
2026/09/29 09:53:25.034, 2, 804, 2
2026/09/29 09:53:25.034, 3, 794, 0
2026/09/29 09:53:25.034, 4, 798, 0
2026/09/29 09:53:25.034, 5, 794, 0
2026/09/29 09:53:25.034, 6, 796, 0
2026/09/29 09:53:25.034, 7, 794, 0
2026/09/29 09:53:26.034, 0, 796, 0
2026/09/29 09:53:26.035, 1, 794, 0
2026/09/29 09:53:26.035, 2, 806, 0
2026/09/29 09:53:26.035, 3, 796, 0
2026/09/29 09:53:26.035, 4, 800, 3
2026/09/29 09:53:26.035, 5, 798, 0
2026/09/29 09:53:26.035, 6, 800, 0
2026/09/29 09:53:26.035, 7, 796, 0
2026/09/29 09:53:27.035, 0, 800, 0
2026/09/29 09:53:27.035, 1, 796, 0
2026/09/29 09:53:27.035, 2, 810, 0
2026/09/29 09:53:27.035, 3, 800, 0
2026/09/29 09:53:27.035, 4, 804, 0
2026/09/29 09:53:27.035, 5, 800, 3
2026/09/29 09:53:27.035, 6, 802, 0
2026/09/29 09:53:27.035, 7, 800, 0
2026/09/29 09:53:28.035, 0, 802, 0
2026/09/29 09:53:28.036, 1, 800, 0
2026/09/29 09:53:28.036, 2, 812, 0
2026/09/29 09:53:28.057, 3, 802, 0
2026/09/29 09:53:28.059, 4, 806, 0
2026/09/29 09:53:28.059, 5, 804, 3
2026/09/29 09:53:28.059, 6, 806, 0
2026/09/29 09:53:28.059, 7, 802, 1
2026/09/29 09:53:29.059, 0, 806, 0
2026/09/29 09:53:29.060, 1, 802, 0
2026/09/29 09:53:29.060, 2, 814, 0
2026/09/29 09:53:29.060, 3, 806, 0
2026/09/29 09:53:29.060, 4, 808, 0
2026/09/29 09:53:29.060, 5, 806, 0
2026/09/29 09:53:29.060, 6, 808, 0
2026/09/29 09:53:29.060, 7, 804, 3
2026/09/29 09:53:30.079, 0, 808, 0
2026/09/29 09:53:30.089, 1, 806, 0
2026/09/29 09:53:30.090, 2, 818, 0
2026/09/29 09:53:30.090, 3, 808, 0
2026/09/29 09:53:30.090, 4, 814, 0
2026/09/29 09:53:30.090, 5, 810, 0
2026/09/29 09:53:30.091, 6, 812, 0
2026/09/29 09:53:30.092, 7, 808, 0
2026/09/29 09:53:31.092, 0, 812, 3
2026/09/29 09:53:31.100, 1, 808, 0
2026/09/29 09:53:31.101, 2, 820, 0
2026/09/29 09:53:31.101, 3, 812, 3
2026/09/29 09:53:31.102, 4, 816, 0
2026/09/29 09:53:31.102, 5, 814, 0
2026/09/29 09:53:31.103, 6, 814, 0
2026/09/29 09:53:31.106, 7, 810, 0
2026/09/29 09:53:32.107, 0, 814, 0
2026/09/29 09:53:32.107, 1, 810, 0
2026/09/29 09:53:32.107, 2, 824, 3
2026/09/29 09:53:32.107, 3, 814, 0
2026/09/29 09:53:32.107, 4, 818, 0
2026/09/29 09:53:32.107, 5, 816, 0
2026/09/29 09:53:32.107, 6, 818, 2
2026/09/29 09:53:32.107, 7, 814, 0
2026/09/29 09:53:33.107, 0, 818, 1
2026/09/29 09:53:33.108, 1, 812, 0
2026/09/29 09:53:33.108, 2, 826, 1
2026/09/29 09:53:33.108, 3, 818, 3
2026/09/29 09:53:33.108, 4, 820, 0
2026/09/29 09:53:33.108, 5, 818, 0
2026/09/29 09:53:33.108, 6, 820, 3
2026/09/29 09:53:33.108, 7, 816, 0
2026/09/29 09:53:34.108, 0, 820, 0
2026/09/29 09:53:34.108, 1, 814, 0
2026/09/29 09:53:34.108, 2, 1228, 6
2026/09/29 09:53:34.108, 3, 820, 0
2026/09/29 09:53:34.108, 4, 824, 0
2026/09/29 09:53:34.108, 5, 820, 0
2026/09/29 09:53:34.108, 6, 822, 0
2026/09/29 09:53:34.108, 7, 820, 0
2026/09/29 09:53:35.108, 0, 822, 0
2026/09/29 09:53:35.109, 1, 816, 0
2026/09/29 09:53:35.109, 2, 2072, 0
2026/09/29 09:53:35.109, 3, 822, 0
2026/09/29 09:53:35.109, 4, 826, 0
2026/09/29 09:53:35.109, 5, 822, 0
2026/09/29 09:53:35.144, 6, 826, 0
2026/09/29 09:53:35.146, 7, 822, 2
2026/09/29 09:53:36.146, 0, 826, 1
2026/09/29 09:53:36.147, 1, 818, 0
2026/09/29 09:53:36.147, 2, 2074, 0
2026/09/29 09:53:36.147, 3, 826, 0
2026/09/29 09:53:36.147, 4, 2070, 1
2026/09/29 09:53:36.147, 5, 826, 3
2026/09/29 09:53:36.147, 6, 1188, 0
2026/09/29 09:53:36.147, 7, 824, 0
2026/09/29 09:53:37.147, 0, 826, 0
2026/09/29 09:53:37.162, 1, 820, 0
2026/09/29 09:53:37.165, 2, 2078, 0
2026/09/29 09:53:37.165, 3, 826, 0
2026/09/29 09:53:37.166, 4, 2074, 1
2026/09/29 09:53:37.166, 5, 826, 0
2026/09/29 09:53:37.167, 6, 2072, 0
2026/09/29 09:53:37.167, 7, 826, 0
2026/09/29 09:53:38.167, 0, 1288, 6
2026/09/29 09:53:38.168, 1, 822, 0
2026/09/29 09:53:38.168, 2, 2082, 0
2026/09/29 09:53:38.168, 3, 1228, 5
2026/09/29 09:53:38.168, 4, 2076, 1
2026/09/29 09:53:38.168, 5, 1188, 4
2026/09/29 09:53:38.168, 6, 2074, 0
2026/09/29 09:53:38.168, 7, 888, 0
2026/09/29 09:53:39.168, 0, 2072, 0
2026/09/29 09:53:39.168, 1, 826, 0
2026/09/29 09:53:39.168, 2, 2084, 0
2026/09/29 09:53:39.168, 3, 2072, 0
2026/09/29 09:53:39.168, 4, 2078, 0
2026/09/29 09:53:39.168, 5, 2072, 0
2026/09/29 09:53:39.168, 6, 2078, 1
2026/09/29 09:53:39.169, 7, 2070, 4
2026/09/29 09:53:40.169, 0, 2074, 1
2026/09/29 09:53:40.169, 1, 826, 0
2026/09/29 09:53:40.169, 2, 2088, 0
2026/09/29 09:53:40.169, 3, 2074, 0
2026/09/29 09:53:40.169, 4, 2082, 1
2026/09/29 09:53:40.169, 5, 2074, 0
2026/09/29 09:53:40.169, 6, 2082, 1
2026/09/29 09:53:40.169, 7, 2074, 1
2026/09/29 09:53:41.169, 0, 2076, 0
2026/09/29 09:53:41.169, 1, 888, 1
2026/09/29 09:53:41.169, 2, 2088, 0
2026/09/29 09:53:41.169, 3, 2076, 0
2026/09/29 09:53:41.169, 4, 2084, 0
2026/09/29 09:53:41.170, 5, 2076, 1
2026/09/29 09:53:41.170, 6, 2084, 0
2026/09/29 09:53:41.170, 7, 2074, 0
2026/09/29 09:53:42.170, 0, 2078, 0
2026/09/29 09:53:42.195, 1, 2070, 2
2026/09/29 09:53:42.204, 2, 2092, 0
2026/09/29 09:53:42.204, 3, 2078, 0
2026/09/29 09:53:42.205, 4, 2086, 0
2026/09/29 09:53:42.206, 5, 2078, 0
2026/09/29 09:53:42.206, 6, 2086, 1
2026/09/29 09:53:42.207, 7, 2078, 0
2026/09/29 09:53:43.208, 0, 2080, 0
2026/09/29 09:53:43.210, 1, 2074, 0
2026/09/29 09:53:43.210, 2, 2094, 0
2026/09/29 09:53:43.210, 3, 2080, 1
2026/09/29 09:53:43.210, 4, 2088, 0
2026/09/29 09:53:43.210, 5, 2080, 0
2026/09/29 09:53:43.210, 6, 2088, 1
2026/09/29 09:53:43.210, 7, 2078, 0
2026/09/29 09:53:44.210, 0, 2084, 0
2026/09/29 09:53:44.219, 1, 2074, 0
2026/09/29 09:53:44.220, 2, 2098, 0
2026/09/29 09:53:44.220, 3, 2084, 0
2026/09/29 09:53:44.221, 4, 2090, 1
2026/09/29 09:53:44.222, 5, 2084, 0
2026/09/29 09:53:44.222, 6, 2092, 0
2026/09/29 09:53:44.223, 7, 2082, 0
2026/09/29 09:53:45.223, 0, 2084, 1
2026/09/29 09:53:45.224, 1, 2078, 0
2026/09/29 09:53:45.224, 2, 2100, 0
2026/09/29 09:53:45.224, 3, 2084, 1
2026/09/29 09:53:45.224, 4, 2094, 0
2026/09/29 09:53:45.224, 5, 2084, 0
2026/09/29 09:53:45.224, 6, 2094, 0
2026/09/29 09:53:45.224, 7, 2084, 0
2026/09/29 09:53:46.224, 0, 2086, 0
2026/09/29 09:53:46.224, 1, 2078, 1
2026/09/29 09:53:46.224, 2, 2100, 0
2026/09/29 09:53:46.224, 3, 2086, 0
2026/09/29 09:53:46.224, 4, 2094, 0
2026/09/29 09:53:46.224, 5, 2086, 1
2026/09/29 09:53:46.225, 6, 2096, 0
2026/09/29 09:53:46.225, 7, 2084, 0
2026/09/29 09:53:47.225, 0, 2088, 0
2026/09/29 09:53:47.225, 1, 2082, 0
2026/09/29 09:53:47.225, 2, 2104, 0
2026/09/29 09:53:47.226, 3, 2088, 0
2026/09/29 09:53:47.227, 4, 2098, 0
2026/09/29 09:53:47.227, 5, 2088, 0
2026/09/29 09:53:47.227, 6, 2100, 0
2026/09/29 09:53:47.228, 7, 2088, 1
2026/09/29 09:53:48.230, 0, 2090, 1
2026/09/29 09:53:48.230, 1, 2084, 0
2026/09/29 09:53:48.230, 2, 2846, 0
2026/09/29 09:53:48.230, 3, 2090, 1
2026/09/29 09:53:48.230, 4, 2100, 0
2026/09/29 09:53:48.231, 5, 2090, 0
2026/09/29 09:53:48.231, 6, 2102, 0
2026/09/29 09:53:48.231, 7, 2088, 0
2026/09/29 09:53:49.231, 0, 2092, 0
2026/09/29 09:53:49.231, 1, 2084, 0
2026/09/29 09:53:49.231, 2, 2848, 0
2026/09/29 09:53:49.231, 3, 2092, 0
2026/09/29 09:53:49.231, 4, 2102, 1
2026/09/29 09:53:49.231, 5, 2092, 0
2026/09/29 09:53:49.231, 6, 2104, 0
2026/09/29 09:53:49.231, 7, 2090, 0
2026/09/29 09:53:50.231, 0, 2094, 0
2026/09/29 09:53:50.231, 1, 2088, 0
2026/09/29 09:53:50.231, 2, 3032, 0
2026/09/29 09:53:50.231, 3, 2094, 0
2026/09/29 09:53:50.231, 4, 2104, 0
2026/09/29 09:53:50.232, 5, 2094, 0
2026/09/29 09:53:50.232, 6, 2846, 0
2026/09/29 09:53:50.232, 7, 2094, 0
2026/09/29 09:53:51.232, 0, 2096, 0
2026/09/29 09:53:51.232, 1, 2088, 1
2026/09/29 09:53:51.233, 2, 3192, 0
2026/09/29 09:53:51.233, 3, 2096, 0
2026/09/29 09:53:51.235, 4, 2848, 33
2026/09/29 09:53:51.235, 5, 2096, 1
2026/09/29 09:53:51.236, 6, 2950, 0
2026/09/29 09:53:51.236, 7, 2094, 0
2026/09/29 09:53:52.236, 0, 2100, 0
2026/09/29 09:53:52.236, 1, 2092, 0
2026/09/29 09:53:52.236, 2, 3192, 0
2026/09/29 09:53:52.236, 3, 2100, 0
2026/09/29 09:53:52.236, 4, 2950, 0
2026/09/29 09:53:52.236, 5, 2100, 0
2026/09/29 09:53:52.236, 6, 3192, 0
2026/09/29 09:53:52.236, 7, 2098, 1
2026/09/29 09:53:53.236, 0, 2100, 0
2026/09/29 09:53:53.237, 1, 2094, 0
2026/09/29 09:53:53.237, 2, 3192, 0
2026/09/29 09:53:53.237, 3, 2100, 0
2026/09/29 09:53:53.239, 4, 3192, 0
2026/09/29 09:53:53.239, 5, 2100, 0
2026/09/29 09:53:53.269, 6, 3192, 0
2026/09/29 09:53:53.274, 7, 2100, 0
2026/09/29 09:53:54.303, 0, 2104, 1
2026/09/29 09:53:54.303, 1, 2096, 0
2026/09/29 09:53:54.303, 2, 3192, 0
2026/09/29 09:53:54.303, 3, 2104, 1
2026/09/29 09:53:54.303, 4, 3192, 0
2026/09/29 09:53:54.303, 5, 2104, 0
2026/09/29 09:53:54.303, 6, 3192, 0
2026/09/29 09:53:54.303, 7, 2102, 0
2026/09/29 09:53:55.303, 0, 2846, 0
2026/09/29 09:53:55.304, 1, 2100, 0
2026/09/29 09:53:55.304, 2, 3192, 0
2026/09/29 09:53:55.304, 3, 2846, 0
2026/09/29 09:53:55.304, 4, 3192, 0
2026/09/29 09:53:55.304, 5, 2846, 0
2026/09/29 09:53:55.304, 6, 3192, 0
2026/09/29 09:53:55.305, 7, 2846, 1
2026/09/29 09:53:56.305, 0, 2950, 0
2026/09/29 09:53:56.305, 1, 2102, 0
2026/09/29 09:53:56.305, 2, 3192, 0
2026/09/29 09:53:56.305, 3, 2950, 0
2026/09/29 09:53:56.305, 4, 3192, 0
2026/09/29 09:53:56.305, 5, 2950, 0
2026/09/29 09:53:56.305, 6, 3192, 0
2026/09/29 09:53:56.305, 7, 2848, 0
2026/09/29 09:53:57.305, 0, 3192, 0
2026/09/29 09:53:57.306, 1, 2846, 0
2026/09/29 09:53:57.306, 2, 3192, 0
2026/09/29 09:53:57.306, 3, 3192, 0
2026/09/29 09:53:57.306, 4, 3192, 0
2026/09/29 09:53:57.306, 5, 3192, 4
2026/09/29 09:53:57.306, 6, 3192, 0
2026/09/29 09:53:57.306, 7, 3192, 0
2026/09/29 09:53:58.306, 0, 3192, 0
2026/09/29 09:53:58.306, 1, 2848, 0
2026/09/29 09:53:58.306, 2, 3192, 0
2026/09/29 09:53:58.306, 3, 3192, 0
2026/09/29 09:53:58.306, 4, 3192, 0
2026/09/29 09:53:58.307, 5, 3192, 0
2026/09/29 09:53:58.307, 6, 3192, 0
2026/09/29 09:53:58.307, 7, 3192, 0
2026/09/29 09:53:59.307, 0, 3192, 0
2026/09/29 09:53:59.307, 1, 3192, 1
2026/09/29 09:53:59.307, 2, 3192, 0
2026/09/29 09:53:59.307, 3, 3192, 0
2026/09/29 09:53:59.307, 4, 3192, 0
2026/09/29 09:53:59.307, 5, 3192, 0
2026/09/29 09:53:59.307, 6, 3192, 0
2026/09/29 09:53:59.307, 7, 3192, 0
2026/09/29 09:54:00.307, 0, 4002, 0
2026/09/29 09:54:00.308, 1, 3952, 0
2026/09/29 09:54:00.308, 2, 4002, 0
2026/09/29 09:54:00.308, 3, 4002, 0
2026/09/29 09:54:00.308, 4, 3982, 0
2026/09/29 09:54:00.308, 5, 4002, 0
2026/09/29 09:54:00.308, 6, 4002, 0
2026/09/29 09:54:00.308, 7, 3972, 0
2026/09/29 09:54:01.308, 0, 4184, 100
2026/09/29 09:54:01.308, 1, 4184, 100
2026/09/29 09:54:01.308, 2, 4184, 100
2026/09/29 09:54:01.308, 3, 4184, 100
2026/09/29 09:54:01.308, 4, 4184, 2
2026/09/29 09:54:01.308, 5, 4184, 100
2026/09/29 09:54:01.309, 6, 4224, 100
2026/09/29 09:54:01.309, 7, 4184, 21
2026/09/29 09:54:02.309, 0, 4224, 100
2026/09/29 09:54:02.309, 1, 4224, 100
2026/09/29 09:54:02.309, 2, 4308, 100
2026/09/29 09:54:02.309, 3, 4224, 100
2026/09/29 09:54:02.309, 4, 4224, 100
2026/09/29 09:54:02.309, 5, 4224, 100
2026/09/29 09:54:02.309, 6, 4308, 24
2026/09/29 09:54:02.309, 7, 4224, 100
2026/09/29 09:54:03.309, 0, 4872, 0
2026/09/29 09:54:03.313, 1, 4872, 15
2026/09/29 09:54:03.316, 2, 4874, 0
2026/09/29 09:54:03.322, 3, 4874, 100
2026/09/29 09:54:03.322, 4, 4872, 100
2026/09/29 09:54:03.322, 5, 4874, 100
2026/09/29 09:54:03.323, 6, 4874, 0
2026/09/29 09:54:03.323, 7, 4870, 100
2026/09/29 09:54:04.323, 0, 7058, 74
2026/09/29 09:54:04.323, 1, 7200, 99
2026/09/29 09:54:04.323, 2, 7180, 97
2026/09/29 09:54:04.323, 3, 7200, 91
2026/09/29 09:54:04.324, 4, 7200, 0
2026/09/29 09:54:04.324, 5, 7200, 98
2026/09/29 09:54:04.324, 6, 7202, 4
2026/09/29 09:54:04.324, 7, 7060, 34
2026/09/29 09:54:05.324, 0, 7058, 0
2026/09/29 09:54:05.324, 1, 7200, 0
2026/09/29 09:54:05.324, 2, 7180, 0
2026/09/29 09:54:05.324, 3, 7200, 0
2026/09/29 09:54:05.324, 4, 7200, 0
2026/09/29 09:54:05.324, 5, 7200, 0
2026/09/29 09:54:05.324, 6, 7202, 7
2026/09/29 09:54:05.324, 7, 7060, 0
2026/09/29 09:54:06.324, 0, 7058, 0
2026/09/29 09:54:06.325, 1, 7200, 1
2026/09/29 09:54:06.325, 2, 7180, 0
2026/09/29 09:54:06.325, 3, 7200, 0
2026/09/29 09:54:06.325, 4, 7200, 0
2026/09/29 09:54:06.325, 5, 7200, 1
2026/09/29 09:54:06.325, 6, 7202, 6
2026/09/29 09:54:06.325, 7, 7060, 1
2026/09/29 09:54:07.325, 0, 7058, 0
2026/09/29 09:54:07.325, 1, 7200, 0
2026/09/29 09:54:07.325, 2, 7180, 0
2026/09/29 09:54:07.325, 3, 7200, 0
2026/09/29 09:54:07.325, 4, 7200, 0
2026/09/29 09:54:07.326, 5, 7200, 0
2026/09/29 09:54:07.326, 6, 7202, 94
2026/09/29 09:54:07.326, 7, 7060, 0
2026/09/29 09:54:08.326, 0, 7058, 100
2026/09/29 09:54:08.326, 1, 7200, 100
2026/09/29 09:54:08.326, 2, 7180, 100
2026/09/29 09:54:08.326, 3, 7200, 100
2026/09/29 09:54:08.326, 4, 7200, 100
2026/09/29 09:54:08.326, 5, 7200, 100
2026/09/29 09:54:08.326, 6, 7202, 100
2026/09/29 09:54:08.326, 7, 7060, 100
2026/09/29 09:54:09.327, 0, 7058, 100
2026/09/29 09:54:09.327, 1, 7200, 100
2026/09/29 09:54:09.327, 2, 7180, 100
2026/09/29 09:54:09.327, 3, 7200, 100
2026/09/29 09:54:09.327, 4, 7200, 100
2026/09/29 09:54:09.327, 5, 7200, 100
2026/09/29 09:54:09.327, 6, 7202, 100
2026/09/29 09:54:09.327, 7, 7060, 100
2026/09/29 09:54:10.327, 0, 7058, 100
2026/09/29 09:54:10.327, 1, 7200, 100
2026/09/29 09:54:10.327, 2, 7180, 100
2026/09/29 09:54:10.327, 3, 7200, 100
2026/09/29 09:54:10.327, 4, 7200, 100
2026/09/29 09:54:10.327, 5, 7200, 100
2026/09/29 09:54:10.328, 6, 7202, 100
2026/09/29 09:54:10.328, 7, 7060, 100
2026/09/29 09:54:11.328, 0, 7058, 100
2026/09/29 09:54:11.328, 1, 7200, 100
2026/09/29 09:54:11.328, 2, 7180, 100
2026/09/29 09:54:11.328, 3, 7200, 100
2026/09/29 09:54:11.328, 4, 7200, 100
2026/09/29 09:54:11.328, 5, 7200, 100
2026/09/29 09:54:11.328, 6, 7202, 100
2026/09/29 09:54:11.328, 7, 7060, 100
2026/09/29 09:54:12.328, 0, 7058, 100
2026/09/29 09:54:12.328, 1, 7200, 100
2026/09/29 09:54:12.328, 2, 7180, 100
2026/09/29 09:54:12.328, 3, 7200, 100
2026/09/29 09:54:12.328, 4, 7200, 100
2026/09/29 09:54:12.329, 5, 7200, 100
2026/09/29 09:54:12.329, 6, 7202, 100
2026/09/29 09:54:12.329, 7, 7060, 71
2026/09/29 09:54:13.329, 0, 7058, 100
2026/09/29 09:54:13.329, 1, 7200, 100
2026/09/29 09:54:13.329, 2, 7180, 100
2026/09/29 09:54:13.329, 3, 7200, 100
2026/09/29 09:54:13.329, 4, 7200, 100
2026/09/29 09:54:13.329, 5, 7200, 100
2026/09/29 09:54:13.329, 6, 7202, 100
2026/09/29 09:54:13.329, 7, 7060, 100
2026/09/29 09:54:14.329, 0, 7058, 100
2026/09/29 09:54:14.329, 1, 7200, 100
2026/09/29 09:54:14.330, 2, 7180, 100
2026/09/29 09:54:14.330, 3, 7200, 100
2026/09/29 09:54:14.330, 4, 7200, 100
2026/09/29 09:54:14.330, 5, 7200, 100
2026/09/29 09:54:14.330, 6, 7202, 100
2026/09/29 09:54:14.330, 7, 7060, 100
2026/09/29 09:54:15.330, 0, 7058, 100
2026/09/29 09:54:15.330, 1, 7200, 100
2026/09/29 09:54:15.330, 2, 7180, 100
2026/09/29 09:54:15.330, 3, 7200, 100
2026/09/29 09:54:15.331, 4, 7200, 100
2026/09/29 09:54:15.331, 5, 7200, 100
2026/09/29 09:54:15.331, 6, 7202, 100
2026/09/29 09:54:15.331, 7, 7060, 100
2026/09/29 09:54:16.331, 0, 3618, 100
2026/09/29 09:54:16.332, 1, 3600, 100
2026/09/29 09:54:16.332, 2, 4000, 100
2026/09/29 09:54:16.332, 3, 3820, 100
2026/09/29 09:54:16.333, 4, 3780, 100
2026/09/29 09:54:16.334, 5, 3680, 100
2026/09/29 09:54:16.334, 6, 3602, 85
2026/09/29 09:54:16.335, 7, 3580, 100
2026/09/29 09:54:17.336, 0, 12194, 100
2026/09/29 09:54:17.336, 1, 11836, 40
2026/09/29 09:54:17.336, 2, 11758, 90
2026/09/29 09:54:17.336, 3, 11838, 70
2026/09/29 09:54:17.336, 4, 11096, 29
2026/09/29 09:54:17.336, 5, 11838, 68
2026/09/29 09:54:17.337, 6, 11838, 100
2026/09/29 09:54:17.337, 7, 11456, 27
2026/09/29 09:54:18.337, 0, 3854, 45
2026/09/29 09:54:18.338, 1, 3216, 100
2026/09/29 09:54:18.338, 2, 3618, 100
2026/09/29 09:54:18.338, 3, 3598, 66
2026/09/29 09:54:18.339, 4, 3956, 100
2026/09/29 09:54:18.339, 5, 3218, 100
2026/09/29 09:54:18.339, 6, 3218, 31
2026/09/29 09:54:18.339, 7, 4356, 100
2026/09/29 09:54:19.340, 0, 3212, 0
2026/09/29 09:54:19.340, 1, 3216, 0
2026/09/29 09:54:19.340, 2, 3218, 0
2026/09/29 09:54:19.340, 3, 3218, 0
2026/09/29 09:54:19.340, 4, 3216, 43
2026/09/29 09:54:19.340, 5, 3218, 0
2026/09/29 09:54:19.340, 6, 3218, 0
2026/09/29 09:54:19.340, 7, 3216, 0
2026/09/29 09:54:20.340, 0, 4834, 0
2026/09/29 09:54:20.340, 1, 4918, 0
2026/09/29 09:54:20.340, 2, 4860, 0
2026/09/29 09:54:20.340, 3, 4920, 0
2026/09/29 09:54:20.341, 4, 4918, 0
2026/09/29 09:54:20.341, 5, 4920, 0
2026/09/29 09:54:20.341, 6, 4920, 0
2026/09/29 09:54:20.341, 7, 4838, 0
2026/09/29 09:54:21.341, 0, 4994, 100
2026/09/29 09:54:21.342, 1, 4918, 100
2026/09/29 09:54:21.342, 2, 5870, 100
2026/09/29 09:54:21.342, 3, 4920, 100
2026/09/29 09:54:21.342, 4, 5078, 100
2026/09/29 09:54:21.342, 5, 5000, 100
2026/09/29 09:54:21.342, 6, 5870, 98
2026/09/29 09:54:21.342, 7, 4838, 100
2026/09/29 09:54:22.342, 0, 7230, 97
2026/09/29 09:54:22.342, 1, 7234, 86
2026/09/29 09:54:22.343, 2, 7236, 86
2026/09/29 09:54:22.343, 3, 7232, 99
2026/09/29 09:54:22.343, 4, 7254, 100
2026/09/29 09:54:22.343, 5, 7312, 87
2026/09/29 09:54:22.343, 6, 7174, 99
2026/09/29 09:54:22.343, 7, 7268, 81
2026/09/29 09:54:23.343, 0, 7230, 99
2026/09/29 09:54:23.343, 1, 7234, 99
2026/09/29 09:54:23.343, 2, 7376, 98
2026/09/29 09:54:23.343, 3, 7332, 99
2026/09/29 09:54:23.343, 4, 7314, 98
2026/09/29 09:54:23.343, 5, 7312, 99
2026/09/29 09:54:23.343, 6, 7234, 99
2026/09/29 09:54:23.343, 7, 7268, 99
2026/09/29 09:54:24.344, 0, 8030, 100
2026/09/29 09:54:24.344, 1, 8014, 100
2026/09/29 09:54:24.344, 2, 8156, 100
2026/09/29 09:54:24.344, 3, 8112, 100
2026/09/29 09:54:24.344, 4, 8094, 99
2026/09/29 09:54:24.344, 5, 8092, 100
2026/09/29 09:54:24.344, 6, 8014, 100
2026/09/29 09:54:24.344, 7, 8048, 99
2026/09/29 09:54:25.344, 0, 8030, 100
2026/09/29 09:54:25.344, 1, 8014, 100
2026/09/29 09:54:25.345, 2, 8156, 100
2026/09/29 09:54:25.345, 3, 8112, 100
2026/09/29 09:54:25.345, 4, 8094, 100
2026/09/29 09:54:25.345, 5, 8092, 100
2026/09/29 09:54:25.345, 6, 8014, 100
2026/09/29 09:54:25.345, 7, 8048, 100
2026/09/29 09:54:26.345, 0, 8030, 100
2026/09/29 09:54:26.345, 1, 8014, 100
2026/09/29 09:54:26.345, 2, 8156, 100
2026/09/29 09:54:26.345, 3, 8112, 100
2026/09/29 09:54:26.345, 4, 8094, 100
2026/09/29 09:54:26.345, 5, 8092, 100
2026/09/29 09:54:26.346, 6, 8014, 100
2026/09/29 09:54:26.346, 7, 8048, 100
2026/09/29 09:54:27.346, 0, 8030, 100
2026/09/29 09:54:27.347, 1, 8014, 100
2026/09/29 09:54:27.347, 2, 8156, 100
2026/09/29 09:54:27.347, 3, 8112, 100
2026/09/29 09:54:27.347, 4, 8094, 100
2026/09/29 09:54:27.347, 5, 8092, 100
2026/09/29 09:54:27.347, 6, 8014, 100
2026/09/29 09:54:27.347, 7, 8048, 100
2026/09/29 09:54:28.347, 0, 8030, 100
2026/09/29 09:54:28.347, 1, 8014, 100
2026/09/29 09:54:28.347, 2, 8156, 100
2026/09/29 09:54:28.347, 3, 8112, 100
2026/09/29 09:54:28.347, 4, 8094, 100
2026/09/29 09:54:28.347, 5, 8092, 100
2026/09/29 09:54:28.347, 6, 8014, 100
2026/09/29 09:54:28.348, 7, 8048, 100
2026/09/29 09:54:29.348, 0, 8030, 100
2026/09/29 09:54:29.348, 1, 8014, 100
2026/09/29 09:54:29.348, 2, 8156, 100
2026/09/29 09:54:29.348, 3, 8112, 100
2026/09/29 09:54:29.348, 4, 8094, 100
2026/09/29 09:54:29.348, 5, 8092, 100
2026/09/29 09:54:29.348, 6, 8014, 100
2026/09/29 09:54:29.348, 7, 8048, 100
2026/09/29 09:54:30.348, 0, 8030, 100
2026/09/29 09:54:30.348, 1, 8014, 100
2026/09/29 09:54:30.348, 2, 8156, 100
2026/09/29 09:54:30.348, 3, 8112, 100
2026/09/29 09:54:30.348, 4, 8094, 100
2026/09/29 09:54:30.349, 5, 8092, 100
2026/09/29 09:54:30.349, 6, 8014, 100
2026/09/29 09:54:30.349, 7, 8048, 100
2026/09/29 09:54:31.349, 0, 8030, 100
2026/09/29 09:54:31.349, 1, 8014, 100
2026/09/29 09:54:31.349, 2, 8156, 100
2026/09/29 09:54:31.349, 3, 8112, 100
2026/09/29 09:54:31.349, 4, 8094, 100
2026/09/29 09:54:31.349, 5, 8092, 100
2026/09/29 09:54:31.349, 6, 8014, 100
2026/09/29 09:54:31.349, 7, 8048, 100
2026/09/29 09:54:32.349, 0, 8030, 100
2026/09/29 09:54:32.350, 1, 8014, 100
2026/09/29 09:54:32.350, 2, 8156, 100
2026/09/29 09:54:32.350, 3, 8112, 100
2026/09/29 09:54:32.350, 4, 8094, 100
2026/09/29 09:54:32.350, 5, 8092, 100
2026/09/29 09:54:32.350, 6, 8014, 100
2026/09/29 09:54:32.350, 7, 8048, 100
2026/09/29 09:54:33.350, 0, 8030, 100
2026/09/29 09:54:33.350, 1, 8014, 100
2026/09/29 09:54:33.353, 2, 8156, 100
2026/09/29 09:54:33.353, 3, 8112, 100
2026/09/29 09:54:33.353, 4, 8094, 100
2026/09/29 09:54:33.353, 5, 8092, 100
2026/09/29 09:54:33.353, 6, 8014, 100
2026/09/29 09:54:33.353, 7, 8048, 100
2026/09/29 09:54:34.353, 0, 8030, 100
2026/09/29 09:54:34.353, 1, 8014, 100
2026/09/29 09:54:34.354, 2, 8156, 100
2026/09/29 09:54:34.354, 3, 8112, 100
2026/09/29 09:54:34.354, 4, 8094, 100
2026/09/29 09:54:34.354, 5, 8092, 100
2026/09/29 09:54:34.354, 6, 8014, 100
2026/09/29 09:54:34.354, 7, 8048, 100
2026/09/29 09:54:35.354, 0, 8030, 100
2026/09/29 09:54:35.354, 1, 8014, 100
2026/09/29 09:54:35.354, 2, 8156, 100
2026/09/29 09:54:35.354, 3, 8112, 100
2026/09/29 09:54:35.354, 4, 8094, 100
2026/09/29 09:54:35.355, 5, 8092, 100
2026/09/29 09:54:35.355, 6, 8014, 100
2026/09/29 09:54:35.355, 7, 8048, 100
2026/09/29 09:54:36.355, 0, 8030, 100
2026/09/29 09:54:36.355, 1, 8014, 100
2026/09/29 09:54:36.355, 2, 8156, 100
2026/09/29 09:54:36.355, 3, 8112, 100
2026/09/29 09:54:36.355, 4, 8094, 100
2026/09/29 09:54:36.355, 5, 8092, 100
2026/09/29 09:54:36.355, 6, 8014, 100
2026/09/29 09:54:36.355, 7, 8048, 100
2026/09/29 09:54:37.355, 0, 8030, 100
2026/09/29 09:54:37.355, 1, 8014, 100
2026/09/29 09:54:37.355, 2, 8156, 100
2026/09/29 09:54:37.356, 3, 8112, 100
2026/09/29 09:54:37.356, 4, 8094, 100
2026/09/29 09:54:37.356, 5, 8092, 100
2026/09/29 09:54:37.356, 6, 8014, 100
2026/09/29 09:54:37.356, 7, 8048, 100
2026/09/29 09:54:38.356, 0, 2534, 100
2026/09/29 09:54:38.356, 1, 2542, 100
2026/09/29 09:54:38.356, 2, 2498, 100
2026/09/29 09:54:38.356, 3, 2520, 100
2026/09/29 09:54:38.356, 4, 2534, 100
2026/09/29 09:54:38.356, 5, 2540, 100
2026/09/29 09:54:38.356, 6, 2522, 29
2026/09/29 09:54:38.356, 7, 2514, 100
2026/09/29 09:54:39.356, 0, 3854, 98
2026/09/29 09:54:39.357, 1, 3916, 98
2026/09/29 09:54:39.357, 2, 3980, 98
2026/09/29 09:54:39.357, 3, 3938, 98
2026/09/29 09:54:39.357, 4, 3916, 29
2026/09/29 09:54:39.357, 5, 3938, 99
2026/09/29 09:54:39.357, 6, 3920, 99
2026/09/29 09:54:39.357, 7, 3894, 70
2026/09/29 09:54:40.357, 0, 3984, 4
2026/09/29 09:54:40.358, 1, 3986, 59
2026/09/29 09:54:40.358, 2, 4008, 59
2026/09/29 09:54:40.359, 3, 3970, 14
2026/09/29 09:54:40.359, 4, 3984, 99
2026/09/29 09:54:40.360, 5, 3988, 56
2026/09/29 09:54:40.361, 6, 3990, 0
2026/09/29 09:54:40.361, 7, 3962, 99
2026/09/29 09:54:41.362, 0, 4928, 100
2026/09/29 09:54:41.362, 1, 5010, 100
2026/09/29 09:54:41.362, 2, 5050, 100
2026/09/29 09:54:41.362, 3, 4972, 100
2026/09/29 09:54:41.362, 4, 4928, 0
2026/09/29 09:54:41.363, 5, 4990, 100
2026/09/29 09:54:41.363, 6, 5212, 100
2026/09/29 09:54:41.363, 7, 4944, 63
2026/09/29 09:54:42.363, 0, 7366, 65
2026/09/29 09:54:42.363, 1, 7288, 91
2026/09/29 09:54:42.363, 2, 7308, 98
2026/09/29 09:54:42.363, 3, 7386, 57
2026/09/29 09:54:42.363, 4, 7268, 100
2026/09/29 09:54:42.363, 5, 7408, 90
2026/09/29 09:54:42.363, 6, 7428, 99
2026/09/29 09:54:42.363, 7, 7302, 100
2026/09/29 09:54:43.363, 0, 7446, 99
2026/09/29 09:54:43.363, 1, 7368, 99
2026/09/29 09:54:43.363, 2, 7308, 99
2026/09/29 09:54:43.363, 3, 7446, 99
2026/09/29 09:54:43.364, 4, 7408, 97
2026/09/29 09:54:43.364, 5, 7408, 99
2026/09/29 09:54:43.364, 6, 7428, 99
2026/09/29 09:54:43.364, 7, 7302, 99
2026/09/29 09:54:44.364, 0, 8226, 100
2026/09/29 09:54:44.364, 1, 8148, 74
2026/09/29 09:54:44.364, 2, 8088, 63
2026/09/29 09:54:44.364, 3, 8226, 100
2026/09/29 09:54:44.364, 4, 8188, 99
2026/09/29 09:54:44.364, 5, 8188, 77
2026/09/29 09:54:44.364, 6, 8208, 100
2026/09/29 09:54:44.364, 7, 8082, 98
2026/09/29 09:54:45.365, 0, 8226, 100
2026/09/29 09:54:45.365, 1, 8148, 100
2026/09/29 09:54:45.365, 2, 8088, 100
2026/09/29 09:54:45.365, 3, 8226, 100
2026/09/29 09:54:45.365, 4, 8188, 100
2026/09/29 09:54:45.365, 5, 8188, 100
2026/09/29 09:54:45.365, 6, 8208, 100
2026/09/29 09:54:45.365, 7, 8082, 100
2026/09/29 09:54:46.365, 0, 8226, 100
2026/09/29 09:54:46.366, 1, 8148, 100
2026/09/29 09:54:46.366, 2, 8088, 100
2026/09/29 09:54:46.366, 3, 8226, 100
2026/09/29 09:54:46.366, 4, 8188, 100
2026/09/29 09:54:46.366, 5, 8188, 100
2026/09/29 09:54:46.366, 6, 8208, 100
2026/09/29 09:54:46.366, 7, 8082, 100
2026/09/29 09:54:47.366, 0, 8226, 100
2026/09/29 09:54:47.366, 1, 8148, 100
2026/09/29 09:54:47.366, 2, 8088, 100
2026/09/29 09:54:47.366, 3, 8226, 100
2026/09/29 09:54:47.366, 4, 8188, 100
2026/09/29 09:54:47.366, 5, 8188, 100
2026/09/29 09:54:47.366, 6, 8208, 100
2026/09/29 09:54:47.366, 7, 8082, 100
2026/09/29 09:54:48.366, 0, 8226, 100
2026/09/29 09:54:48.366, 1, 8148, 100
2026/09/29 09:54:48.366, 2, 8088, 100
2026/09/29 09:54:48.366, 3, 8226, 100
2026/09/29 09:54:48.367, 4, 8188, 100
2026/09/29 09:54:48.367, 5, 8188, 100
2026/09/29 09:54:48.367, 6, 8208, 100
2026/09/29 09:54:48.367, 7, 8082, 100
2026/09/29 09:54:49.367, 0, 8226, 100
2026/09/29 09:54:49.367, 1, 8148, 100
2026/09/29 09:54:49.367, 2, 8088, 100
2026/09/29 09:54:49.367, 3, 8226, 100
2026/09/29 09:54:49.367, 4, 8188, 100
2026/09/29 09:54:49.367, 5, 8188, 100
2026/09/29 09:54:49.367, 6, 8208, 100
2026/09/29 09:54:49.367, 7, 8082, 100
2026/09/29 09:54:50.367, 0, 8226, 100
2026/09/29 09:54:50.367, 1, 8148, 100
2026/09/29 09:54:50.367, 2, 8088, 100
2026/09/29 09:54:50.367, 3, 8226, 100
2026/09/29 09:54:50.368, 4, 8188, 100
2026/09/29 09:54:50.368, 5, 8188, 100
2026/09/29 09:54:50.368, 6, 8208, 100
2026/09/29 09:54:50.368, 7, 8082, 100
2026/09/29 09:54:51.368, 0, 8226, 100
2026/09/29 09:54:51.368, 1, 8148, 100
2026/09/29 09:54:51.371, 2, 8088, 100
2026/09/29 09:54:51.371, 3, 8226, 100
2026/09/29 09:54:51.371, 4, 8188, 100
2026/09/29 09:54:51.371, 5, 8188, 100
2026/09/29 09:54:51.371, 6, 8208, 100
2026/09/29 09:54:51.371, 7, 8082, 100
2026/09/29 09:54:52.371, 0, 8226, 100
2026/09/29 09:54:52.372, 1, 8148, 100
2026/09/29 09:54:52.372, 2, 8088, 100
2026/09/29 09:54:52.372, 3, 8226, 100
2026/09/29 09:54:52.372, 4, 8188, 100
2026/09/29 09:54:52.372, 5, 8188, 100
2026/09/29 09:54:52.372, 6, 8208, 100
2026/09/29 09:54:52.372, 7, 8082, 100
2026/09/29 09:54:53.372, 0, 8226, 100
2026/09/29 09:54:53.372, 1, 8148, 100
2026/09/29 09:54:53.372, 2, 8088, 100
2026/09/29 09:54:53.372, 3, 8226, 100
2026/09/29 09:54:53.372, 4, 8188, 100
2026/09/29 09:54:53.372, 5, 8188, 100
2026/09/29 09:54:53.372, 6, 8208, 100
2026/09/29 09:54:53.372, 7, 8082, 100
2026/09/29 09:54:54.373, 0, 8226, 100
2026/09/29 09:54:54.373, 1, 8148, 100
2026/09/29 09:54:54.373, 2, 8088, 100
2026/09/29 09:54:54.373, 3, 8226, 100
2026/09/29 09:54:54.373, 4, 8188, 100
2026/09/29 09:54:54.373, 5, 8188, 100
2026/09/29 09:54:54.373, 6, 8208, 100
2026/09/29 09:54:54.373, 7, 8082, 100
2026/09/29 09:54:55.373, 0, 8226, 100
2026/09/29 09:54:55.373, 1, 8148, 100
2026/09/29 09:54:55.373, 2, 8088, 100
2026/09/29 09:54:55.373, 3, 8226, 100
2026/09/29 09:54:55.374, 4, 8188, 100
2026/09/29 09:54:55.374, 5, 8188, 100
2026/09/29 09:54:55.374, 6, 8208, 100
2026/09/29 09:54:55.374, 7, 8082, 100
2026/09/29 09:54:56.374, 0, 8226, 100
2026/09/29 09:54:56.374, 1, 8148, 100
2026/09/29 09:54:56.374, 2, 8088, 100
2026/09/29 09:54:56.374, 3, 8226, 100
2026/09/29 09:54:56.374, 4, 8188, 100
2026/09/29 09:54:56.374, 5, 8188, 100
2026/09/29 09:54:56.374, 6, 8208, 100
2026/09/29 09:54:56.375, 7, 8082, 100
2026/09/29 09:54:57.375, 0, 8226, 100
2026/09/29 09:54:57.375, 1, 8148, 100
2026/09/29 09:54:57.375, 2, 8088, 100
2026/09/29 09:54:57.375, 3, 8226, 100
2026/09/29 09:54:57.375, 4, 8188, 100
2026/09/29 09:54:57.375, 5, 8188, 100
2026/09/29 09:54:57.375, 6, 8208, 100
2026/09/29 09:54:57.375, 7, 8082, 100
2026/09/29 09:54:58.375, 0, 5106, 100
2026/09/29 09:54:58.376, 1, 4748, 100
2026/09/29 09:54:58.379, 2, 4708, 100
2026/09/29 09:54:58.380, 3, 4866, 100
2026/09/29 09:54:58.381, 4, 4928, 100
2026/09/29 09:54:58.381, 5, 4808, 100
2026/09/29 09:54:58.382, 6, 4708, 100
2026/09/29 09:54:58.383, 7, 4722, 100
2026/09/29 09:54:59.384, 0, 3876, 97
2026/09/29 09:54:59.384, 1, 4000, 98
2026/09/29 09:54:59.384, 2, 4038, 99
2026/09/29 09:54:59.384, 3, 3918, 97
2026/09/29 09:54:59.384, 4, 3936, 27
2026/09/29 09:54:59.384, 5, 3938, 98
2026/09/29 09:54:59.384, 6, 3940, 99
2026/09/29 09:54:59.384, 7, 3874, 27
2026/09/29 09:55:00.384, 0, 3254, 54
2026/09/29 09:55:00.384, 1, 3272, 99
2026/09/29 09:55:00.384, 2, 3254, 99
2026/09/29 09:55:00.384, 3, 3308, 34
2026/09/29 09:55:00.385, 4, 3286, 97
2026/09/29 09:55:00.385, 5, 3276, 97
2026/09/29 09:55:00.385, 6, 3280, 0
2026/09/29 09:55:00.385, 7, 3308, 98
2026/09/29 09:55:01.385, 0, 4976, 100
2026/09/29 09:55:01.385, 1, 5034, 100
2026/09/29 09:55:01.385, 2, 4956, 100
2026/09/29 09:55:01.385, 3, 5030, 100
2026/09/29 09:55:01.385, 4, 4968, 0
2026/09/29 09:55:01.385, 5, 4998, 100
2026/09/29 09:55:01.385, 6, 4982, 100
2026/09/29 09:55:01.385, 7, 5030, 0
2026/09/29 09:55:02.385, 0, 7346, 100
2026/09/29 09:55:02.385, 1, 7330, 100
2026/09/29 09:55:02.385, 2, 7326, 100
2026/09/29 09:55:02.386, 3, 7368, 92
2026/09/29 09:55:02.386, 4, 7348, 100
2026/09/29 09:55:02.386, 5, 7328, 98
2026/09/29 09:55:02.386, 6, 7308, 52
2026/09/29 09:55:02.386, 7, 7222, 100
2026/09/29 09:55:03.386, 0, 7566, 98
2026/09/29 09:55:03.386, 1, 7370, 99
2026/09/29 09:55:03.386, 2, 7526, 99
2026/09/29 09:55:03.386, 3, 7508, 99
2026/09/29 09:55:03.386, 4, 7428, 99
2026/09/29 09:55:03.386, 5, 7468, 99
2026/09/29 09:55:03.386, 6, 7448, 99
2026/09/29 09:55:03.386, 7, 7422, 99
2026/09/29 09:55:04.387, 0, 8346, 99
2026/09/29 09:55:04.387, 1, 8210, 98
2026/09/29 09:55:04.387, 2, 8306, 99
2026/09/29 09:55:04.387, 3, 8288, 61
2026/09/29 09:55:04.387, 4, 8208, 99
2026/09/29 09:55:04.387, 5, 8248, 98
2026/09/29 09:55:04.387, 6, 8228, 74
2026/09/29 09:55:04.387, 7, 8202, 99
2026/09/29 09:55:05.387, 0, 8346, 100
2026/09/29 09:55:05.387, 1, 8210, 100
2026/09/29 09:55:05.388, 2, 8306, 100
2026/09/29 09:55:05.388, 3, 8288, 100
2026/09/29 09:55:05.388, 4, 8208, 100
2026/09/29 09:55:05.388, 5, 8248, 100
2026/09/29 09:55:05.388, 6, 8228, 100
2026/09/29 09:55:05.388, 7, 8202, 100
2026/09/29 09:55:06.388, 0, 8346, 100
2026/09/29 09:55:06.390, 1, 8210, 100
2026/09/29 09:55:06.390, 2, 8306, 100
2026/09/29 09:55:06.390, 3, 8288, 100
2026/09/29 09:55:06.390, 4, 8208, 100
2026/09/29 09:55:06.391, 5, 8248, 100
2026/09/29 09:55:06.391, 6, 8228, 100
2026/09/29 09:55:06.391, 7, 8202, 100
2026/09/29 09:55:07.391, 0, 8346, 100
2026/09/29 09:55:07.391, 1, 8210, 100
2026/09/29 09:55:07.391, 2, 8306, 100
2026/09/29 09:55:07.392, 3, 8288, 100
2026/09/29 09:55:07.392, 4, 8208, 100
2026/09/29 09:55:07.392, 5, 8248, 100
2026/09/29 09:55:07.392, 6, 8228, 100
2026/09/29 09:55:07.392, 7, 8202, 100
2026/09/29 09:55:08.392, 0, 8346, 100
2026/09/29 09:55:08.392, 1, 8210, 100
2026/09/29 09:55:08.392, 2, 8306, 100
2026/09/29 09:55:08.392, 3, 8288, 100
2026/09/29 09:55:08.392, 4, 8208, 100
2026/09/29 09:55:08.392, 5, 8248, 100
2026/09/29 09:55:08.392, 6, 8228, 100
2026/09/29 09:55:08.392, 7, 8202, 100
2026/09/29 09:55:09.392, 0, 8346, 100
2026/09/29 09:55:09.392, 1, 8210, 100
2026/09/29 09:55:09.392, 2, 8306, 100
2026/09/29 09:55:09.392, 3, 8288, 100
2026/09/29 09:55:09.392, 4, 8208, 100
2026/09/29 09:55:09.392, 5, 8248, 100
2026/09/29 09:55:09.392, 6, 8228, 100
2026/09/29 09:55:09.393, 7, 8202, 100
2026/09/29 09:55:10.393, 0, 8346, 100
2026/09/29 09:55:10.393, 1, 8210, 100
2026/09/29 09:55:10.393, 2, 8306, 100
2026/09/29 09:55:10.393, 3, 8288, 100
2026/09/29 09:55:10.393, 4, 8208, 100
2026/09/29 09:55:10.393, 5, 8248, 100
2026/09/29 09:55:10.393, 6, 8228, 100
2026/09/29 09:55:10.393, 7, 8202, 100
2026/09/29 09:55:11.393, 0, 8346, 100
2026/09/29 09:55:11.393, 1, 8210, 100
2026/09/29 09:55:11.393, 2, 8306, 100
2026/09/29 09:55:11.393, 3, 8288, 100
2026/09/29 09:55:11.393, 4, 8208, 100
2026/09/29 09:55:11.393, 5, 8248, 100
2026/09/29 09:55:11.394, 6, 8228, 100
2026/09/29 09:55:11.394, 7, 8202, 100
2026/09/29 09:55:12.394, 0, 8346, 100
2026/09/29 09:55:12.394, 1, 8210, 100
2026/09/29 09:55:12.394, 2, 8306, 100
2026/09/29 09:55:12.394, 3, 8288, 100
2026/09/29 09:55:12.394, 4, 8208, 100
2026/09/29 09:55:12.394, 5, 8248, 100
2026/09/29 09:55:12.394, 6, 8228, 100
2026/09/29 09:55:12.394, 7, 8202, 100
2026/09/29 09:55:13.394, 0, 8346, 100
2026/09/29 09:55:13.394, 1, 8210, 100
2026/09/29 09:55:13.394, 2, 8306, 100
2026/09/29 09:55:13.395, 3, 8288, 100
2026/09/29 09:55:13.395, 4, 8208, 100
2026/09/29 09:55:13.395, 5, 8248, 100
2026/09/29 09:55:13.395, 6, 8228, 100
2026/09/29 09:55:13.395, 7, 8202, 100
2026/09/29 09:55:14.395, 0, 8346, 100
2026/09/29 09:55:14.395, 1, 8210, 100
2026/09/29 09:55:14.395, 2, 8306, 100
2026/09/29 09:55:14.395, 3, 8288, 100
2026/09/29 09:55:14.395, 4, 8208, 100
2026/09/29 09:55:14.395, 5, 8248, 100
2026/09/29 09:55:14.395, 6, 8228, 100
2026/09/29 09:55:14.395, 7, 8202, 100
2026/09/29 09:55:15.396, 0, 8346, 100
2026/09/29 09:55:15.396, 1, 8210, 100
2026/09/29 09:55:15.396, 2, 8306, 100
2026/09/29 09:55:15.396, 3, 8288, 100
2026/09/29 09:55:15.396, 4, 8208, 100
2026/09/29 09:55:15.396, 5, 8248, 100
2026/09/29 09:55:15.396, 6, 8228, 100
2026/09/29 09:55:15.396, 7, 8202, 100
2026/09/29 09:55:16.396, 0, 8346, 100
2026/09/29 09:55:16.396, 1, 8210, 100
2026/09/29 09:55:16.396, 2, 8306, 100
2026/09/29 09:55:16.396, 3, 8288, 100
2026/09/29 09:55:16.396, 4, 8208, 100
2026/09/29 09:55:16.397, 5, 8248, 100
2026/09/29 09:55:16.397, 6, 8228, 100
2026/09/29 09:55:16.397, 7, 8202, 100
2026/09/29 09:55:17.397, 0, 8346, 100
2026/09/29 09:55:17.397, 1, 8210, 100
2026/09/29 09:55:17.397, 2, 8306, 100
2026/09/29 09:55:17.397, 3, 8288, 100
2026/09/29 09:55:17.397, 4, 8208, 100
2026/09/29 09:55:17.397, 5, 8248, 100
2026/09/29 09:55:17.397, 6, 8228, 100
2026/09/29 09:55:17.397, 7, 8202, 100
2026/09/29 09:55:18.397, 0, 8346, 100
2026/09/29 09:55:18.397, 1, 8210, 100
2026/09/29 09:55:18.397, 2, 8306, 100
2026/09/29 09:55:18.398, 3, 8288, 100
2026/09/29 09:55:18.398, 4, 8208, 100
2026/09/29 09:55:18.398, 5, 8248, 100
2026/09/29 09:55:18.398, 6, 8228, 100
2026/09/29 09:55:18.398, 7, 8202, 100
2026/09/29 09:55:19.398, 0, 3856, 98
2026/09/29 09:55:19.398, 1, 3962, 68
2026/09/29 09:55:19.398, 2, 3940, 60
2026/09/29 09:55:19.398, 3, 3898, 98
2026/09/29 09:55:19.398, 4, 3880, 100
2026/09/29 09:55:19.398, 5, 3858, 62
2026/09/29 09:55:19.398, 6, 3858, 99
2026/09/29 09:55:19.398, 7, 3974, 45
2026/09/29 09:55:20.398, 0, 3710, 98
2026/09/29 09:55:20.398, 1, 3296, 98
2026/09/29 09:55:20.398, 2, 3256, 98
2026/09/29 09:55:20.398, 3, 3288, 99
2026/09/29 09:55:20.398, 4, 3246, 97
2026/09/29 09:55:20.399, 5, 3250, 99
2026/09/29 09:55:20.399, 6, 3290, 53
2026/09/29 09:55:20.399, 7, 3268, 98
2026/09/29 09:55:21.399, 0, 5012, 70
2026/09/29 09:55:21.400, 1, 5018, 58
2026/09/29 09:55:21.400, 2, 4998, 0
2026/09/29 09:55:21.400, 3, 5030, 100
2026/09/29 09:55:21.400, 4, 4948, 1
2026/09/29 09:55:21.400, 5, 4952, 0
2026/09/29 09:55:21.400, 6, 5032, 100
2026/09/29 09:55:21.401, 7, 4990, 0
2026/09/29 09:55:22.401, 0, 7128, 100
2026/09/29 09:55:22.401, 1, 7088, 100
2026/09/29 09:55:22.401, 2, 7150, 100
2026/09/29 09:55:22.401, 3, 7166, 100
2026/09/29 09:55:22.401, 4, 7128, 100
2026/09/29 09:55:22.401, 5, 7148, 100
2026/09/29 09:55:22.401, 6, 7088, 100
2026/09/29 09:55:22.402, 7, 7184, 100
2026/09/29 09:55:23.402, 0, 7568, 99
2026/09/29 09:55:23.402, 1, 7448, 99
2026/09/29 09:55:23.402, 2, 7430, 99
2026/09/29 09:55:23.402, 3, 7366, 98
2026/09/29 09:55:23.402, 4, 7428, 83
2026/09/29 09:55:23.402, 5, 7448, 98
2026/09/29 09:55:23.402, 6, 7448, 99
2026/09/29 09:55:23.402, 7, 7464, 97
2026/09/29 09:55:24.402, 0, 8348, 99
2026/09/29 09:55:24.403, 1, 8228, 99
2026/09/29 09:55:24.403, 2, 8270, 99
2026/09/29 09:55:24.403, 3, 8146, 99
2026/09/29 09:55:24.403, 4, 8208, 99
2026/09/29 09:55:24.403, 5, 8228, 99
2026/09/29 09:55:24.403, 6, 8228, 99
2026/09/29 09:55:24.403, 7, 8244, 99
2026/09/29 09:55:25.403, 0, 8348, 100
2026/09/29 09:55:25.403, 1, 8228, 100
2026/09/29 09:55:25.403, 2, 8270, 100
2026/09/29 09:55:25.403, 3, 8146, 100
2026/09/29 09:55:25.403, 4, 8208, 97
2026/09/29 09:55:25.403, 5, 8228, 100
2026/09/29 09:55:25.403, 6, 8228, 100
2026/09/29 09:55:25.403, 7, 8244, 100
2026/09/29 09:55:26.403, 0, 8348, 100
2026/09/29 09:55:26.404, 1, 8228, 100
2026/09/29 09:55:26.404, 2, 8270, 100
2026/09/29 09:55:26.404, 3, 8146, 100
2026/09/29 09:55:26.404, 4, 8208, 100
2026/09/29 09:55:26.404, 5, 8228, 100
2026/09/29 09:55:26.404, 6, 8228, 100
2026/09/29 09:55:26.404, 7, 8244, 100
2026/09/29 09:55:27.404, 0, 8348, 100
2026/09/29 09:55:27.404, 1, 8228, 100
2026/09/29 09:55:27.404, 2, 8270, 100
2026/09/29 09:55:27.404, 3, 8146, 100
2026/09/29 09:55:27.404, 4, 8208, 100
2026/09/29 09:55:27.404, 5, 8228, 100
2026/09/29 09:55:27.404, 6, 8228, 100
2026/09/29 09:55:27.404, 7, 8244, 100
2026/09/29 09:55:28.405, 0, 8348, 100
2026/09/29 09:55:28.405, 1, 8228, 100
2026/09/29 09:55:28.405, 2, 8270, 100
2026/09/29 09:55:28.405, 3, 8146, 100
2026/09/29 09:55:28.405, 4, 8208, 100
2026/09/29 09:55:28.405, 5, 8228, 100
2026/09/29 09:55:28.405, 6, 8228, 100
2026/09/29 09:55:28.405, 7, 8244, 100
2026/09/29 09:55:29.405, 0, 8348, 100
2026/09/29 09:55:29.405, 1, 8228, 100
2026/09/29 09:55:29.405, 2, 8270, 100
2026/09/29 09:55:29.405, 3, 8146, 100
2026/09/29 09:55:29.405, 4, 8208, 100
2026/09/29 09:55:29.406, 5, 8228, 100
2026/09/29 09:55:29.406, 6, 8228, 100
2026/09/29 09:55:29.406, 7, 8244, 100
2026/09/29 09:55:30.406, 0, 8348, 100
2026/09/29 09:55:30.406, 1, 8228, 100
2026/09/29 09:55:30.406, 2, 8270, 100
2026/09/29 09:55:30.406, 3, 8146, 100
2026/09/29 09:55:30.406, 4, 8208, 100
2026/09/29 09:55:30.406, 5, 8228, 100
2026/09/29 09:55:30.406, 6, 8228, 100
2026/09/29 09:55:30.406, 7, 8244, 100
2026/09/29 09:55:31.407, 0, 8348, 100
2026/09/29 09:55:31.407, 1, 8228, 100
2026/09/29 09:55:31.407, 2, 8270, 100
2026/09/29 09:55:31.407, 3, 8146, 100
2026/09/29 09:55:31.407, 4, 8208, 100
2026/09/29 09:55:31.407, 5, 8228, 100
2026/09/29 09:55:31.407, 6, 8228, 100
2026/09/29 09:55:31.407, 7, 8244, 100
2026/09/29 09:55:32.407, 0, 8348, 100
2026/09/29 09:55:32.407, 1, 8228, 100
2026/09/29 09:55:32.407, 2, 8270, 100
2026/09/29 09:55:32.407, 3, 8146, 100
2026/09/29 09:55:32.407, 4, 8208, 100
2026/09/29 09:55:32.407, 5, 8228, 100
2026/09/29 09:55:32.407, 6, 8228, 100
2026/09/29 09:55:32.407, 7, 8244, 100
2026/09/29 09:55:33.407, 0, 8348, 100
2026/09/29 09:55:33.408, 1, 8228, 100
2026/09/29 09:55:33.408, 2, 8270, 100
2026/09/29 09:55:33.408, 3, 8146, 100
2026/09/29 09:55:33.408, 4, 8208, 100
2026/09/29 09:55:33.408, 5, 8228, 100
2026/09/29 09:55:33.408, 6, 8228, 100
2026/09/29 09:55:33.408, 7, 8244, 100
2026/09/29 09:55:34.408, 0, 8348, 100
2026/09/29 09:55:34.408, 1, 8228, 100
2026/09/29 09:55:34.408, 2, 8270, 100
2026/09/29 09:55:34.408, 3, 8146, 100
2026/09/29 09:55:34.408, 4, 8208, 100
2026/09/29 09:55:34.408, 5, 8228, 100
2026/09/29 09:55:34.408, 6, 8228, 100
2026/09/29 09:55:34.408, 7, 8244, 100
2026/09/29 09:55:35.409, 0, 8348, 100
2026/09/29 09:55:35.409, 1, 8228, 100
2026/09/29 09:55:35.409, 2, 8270, 100
2026/09/29 09:55:35.409, 3, 8146, 100
2026/09/29 09:55:35.409, 4, 8208, 100
2026/09/29 09:55:35.409, 5, 8228, 100
2026/09/29 09:55:35.409, 6, 8228, 100
2026/09/29 09:55:35.409, 7, 8244, 100
2026/09/29 09:55:36.409, 0, 8348, 100
2026/09/29 09:55:36.411, 1, 8228, 100
2026/09/29 09:55:36.411, 2, 8270, 100
2026/09/29 09:55:36.411, 3, 8146, 100
2026/09/29 09:55:36.411, 4, 8208, 100
2026/09/29 09:55:36.411, 5, 8228, 100
2026/09/29 09:55:36.411, 6, 8228, 100
2026/09/29 09:55:36.412, 7, 8244, 100
2026/09/29 09:55:37.412, 0, 8348, 100
2026/09/29 09:55:37.412, 1, 8228, 100
2026/09/29 09:55:37.412, 2, 8270, 100
2026/09/29 09:55:37.412, 3, 8146, 100
2026/09/29 09:55:37.412, 4, 8208, 100
2026/09/29 09:55:37.412, 5, 8228, 100
2026/09/29 09:55:37.412, 6, 8228, 100
2026/09/29 09:55:37.412, 7, 8244, 100
2026/09/29 09:55:38.412, 0, 8348, 100
2026/09/29 09:55:38.412, 1, 8228, 100
2026/09/29 09:55:38.413, 2, 8270, 100
2026/09/29 09:55:38.413, 3, 8146, 100
2026/09/29 09:55:38.413, 4, 8208, 100
2026/09/29 09:55:38.413, 5, 8228, 100
2026/09/29 09:55:38.413, 6, 8228, 100
2026/09/29 09:55:38.413, 7, 8244, 100
2026/09/29 09:55:39.413, 0, 8348, 100
2026/09/29 09:55:39.414, 1, 8228, 100
2026/09/29 09:55:39.414, 2, 8270, 100
2026/09/29 09:55:39.414, 3, 8146, 100
2026/09/29 09:55:39.414, 4, 8208, 100
2026/09/29 09:55:39.414, 5, 8228, 100
2026/09/29 09:55:39.414, 6, 8228, 100
2026/09/29 09:55:39.414, 7, 8244, 100
2026/09/29 09:55:40.414, 0, 8348, 100
2026/09/29 09:55:40.414, 1, 8228, 100
2026/09/29 09:55:40.414, 2, 8270, 100
2026/09/29 09:55:40.414, 3, 8146, 100
2026/09/29 09:55:40.414, 4, 8208, 100
2026/09/29 09:55:40.414, 5, 8228, 100
2026/09/29 09:55:40.414, 6, 8228, 100
2026/09/29 09:55:40.414, 7, 8244, 100
2026/09/29 09:55:41.414, 0, 8348, 100
2026/09/29 09:55:41.414, 1, 8228, 100
2026/09/29 09:55:41.414, 2, 8270, 100
2026/09/29 09:55:41.414, 3, 8146, 100
2026/09/29 09:55:41.415, 4, 8208, 100
2026/09/29 09:55:41.415, 5, 8228, 100
2026/09/29 09:55:41.415, 6, 8228, 100
2026/09/29 09:55:41.415, 7, 8244, 100
2026/09/29 09:55:42.415, 0, 8348, 100
2026/09/29 09:55:42.415, 1, 8228, 100
2026/09/29 09:55:42.415, 2, 8270, 100
2026/09/29 09:55:42.415, 3, 8146, 100
2026/09/29 09:55:42.415, 4, 8208, 100
2026/09/29 09:55:42.415, 5, 8228, 100
2026/09/29 09:55:42.415, 6, 8228, 100
2026/09/29 09:55:42.415, 7, 8244, 100
2026/09/29 09:55:43.415, 0, 8348, 100
2026/09/29 09:55:43.415, 1, 8228, 100
2026/09/29 09:55:43.415, 2, 8270, 100
2026/09/29 09:55:43.415, 3, 8146, 100
2026/09/29 09:55:43.415, 4, 8208, 100
2026/09/29 09:55:43.415, 5, 8228, 100
2026/09/29 09:55:43.415, 6, 8228, 100
2026/09/29 09:55:43.415, 7, 8244, 100
2026/09/29 09:55:44.416, 0, 8348, 100
2026/09/29 09:55:44.416, 1, 8228, 100
2026/09/29 09:55:44.416, 2, 8270, 100
2026/09/29 09:55:44.416, 3, 8146, 100
2026/09/29 09:55:44.416, 4, 8208, 100
2026/09/29 09:55:44.416, 5, 8228, 100
2026/09/29 09:55:44.416, 6, 8228, 100
2026/09/29 09:55:44.416, 7, 8244, 100
2026/09/29 09:55:45.416, 0, 8348, 100
2026/09/29 09:55:45.416, 1, 8228, 100
2026/09/29 09:55:45.416, 2, 8270, 100
2026/09/29 09:55:45.416, 3, 8146, 100
2026/09/29 09:55:45.416, 4, 8208, 100
2026/09/29 09:55:45.416, 5, 8228, 100
2026/09/29 09:55:45.416, 6, 8228, 100
2026/09/29 09:55:45.416, 7, 8244, 100
2026/09/29 09:55:46.417, 0, 8348, 100
2026/09/29 09:55:46.417, 1, 8228, 100
2026/09/29 09:55:46.417, 2, 8270, 100
2026/09/29 09:55:46.417, 3, 8146, 100
2026/09/29 09:55:46.417, 4, 8208, 100
2026/09/29 09:55:46.417, 5, 8228, 100
2026/09/29 09:55:46.417, 6, 8228, 100
2026/09/29 09:55:46.417, 7, 8244, 100
2026/09/29 09:55:47.417, 0, 8348, 100
2026/09/29 09:55:47.417, 1, 8228, 100
2026/09/29 09:55:47.417, 2, 8270, 100
2026/09/29 09:55:47.417, 3, 8146, 100
2026/09/29 09:55:47.417, 4, 8208, 100
2026/09/29 09:55:47.417, 5, 8228, 100
2026/09/29 09:55:47.418, 6, 8228, 100
2026/09/29 09:55:47.418, 7, 8244, 100
2026/09/29 09:55:48.418, 0, 8348, 100
2026/09/29 09:55:48.418, 1, 8228, 100
2026/09/29 09:55:48.418, 2, 8270, 100
2026/09/29 09:55:48.418, 3, 8146, 100
2026/09/29 09:55:48.418, 4, 8208, 100
2026/09/29 09:55:48.418, 5, 8228, 100
2026/09/29 09:55:48.418, 6, 8228, 100
2026/09/29 09:55:48.419, 7, 8244, 100
2026/09/29 09:55:49.419, 0, 8348, 100
2026/09/29 09:55:49.419, 1, 8228, 100
2026/09/29 09:55:49.419, 2, 8270, 100
2026/09/29 09:55:49.419, 3, 8146, 100
2026/09/29 09:55:49.419, 4, 8208, 100
2026/09/29 09:55:49.419, 5, 8228, 100
2026/09/29 09:55:49.419, 6, 8228, 100
2026/09/29 09:55:49.419, 7, 8244, 100
2026/09/29 09:55:50.419, 0, 8348, 100
2026/09/29 09:55:50.419, 1, 8228, 100
2026/09/29 09:55:50.419, 2, 8270, 100
2026/09/29 09:55:50.419, 3, 8146, 100
2026/09/29 09:55:50.419, 4, 8208, 100
2026/09/29 09:55:50.420, 5, 8228, 100
2026/09/29 09:55:50.420, 6, 8228, 100
2026/09/29 09:55:50.420, 7, 8244, 100
2026/09/29 09:55:51.420, 0, 8348, 100
2026/09/29 09:55:51.422, 1, 8228, 100
2026/09/29 09:55:51.422, 2, 8270, 100
2026/09/29 09:55:51.422, 3, 8146, 100
2026/09/29 09:55:51.422, 4, 8208, 100
2026/09/29 09:55:51.422, 5, 8228, 100
2026/09/29 09:55:51.422, 6, 8228, 100
2026/09/29 09:55:51.422, 7, 8244, 100
2026/09/29 09:55:52.423, 0, 8348, 100
2026/09/29 09:55:52.423, 1, 8228, 100
2026/09/29 09:55:52.423, 2, 8270, 100
2026/09/29 09:55:52.423, 3, 8146, 100
2026/09/29 09:55:52.423, 4, 8208, 100
2026/09/29 09:55:52.423, 5, 8228, 100
2026/09/29 09:55:52.423, 6, 8228, 100
2026/09/29 09:55:52.423, 7, 8244, 100
2026/09/29 09:55:53.423, 0, 8348, 100
2026/09/29 09:55:53.423, 1, 8228, 100
2026/09/29 09:55:53.423, 2, 8270, 100
2026/09/29 09:55:53.423, 3, 8146, 100
2026/09/29 09:55:53.423, 4, 8208, 100
2026/09/29 09:55:53.423, 5, 8228, 100
2026/09/29 09:55:53.423, 6, 8228, 100
2026/09/29 09:55:53.423, 7, 8244, 100
2026/09/29 09:55:54.423, 0, 8348, 100
2026/09/29 09:55:54.423, 1, 8228, 100
2026/09/29 09:55:54.424, 2, 8270, 100
2026/09/29 09:55:54.424, 3, 8146, 100
2026/09/29 09:55:54.424, 4, 8208, 100
2026/09/29 09:55:54.424, 5, 8228, 100
2026/09/29 09:55:54.424, 6, 8228, 100
2026/09/29 09:55:54.424, 7, 8244, 100
2026/09/29 09:55:55.424, 0, 8348, 100
2026/09/29 09:55:55.424, 1, 8228, 100
2026/09/29 09:55:55.424, 2, 8270, 100
2026/09/29 09:55:55.424, 3, 8146, 100
2026/09/29 09:55:55.424, 4, 8208, 100
2026/09/29 09:55:55.424, 5, 8228, 100
2026/09/29 09:55:55.424, 6, 8228, 100
2026/09/29 09:55:55.424, 7, 8244, 100
2026/09/29 09:55:56.424, 0, 8348, 100
2026/09/29 09:55:56.425, 1, 8228, 100
2026/09/29 09:55:56.425, 2, 8270, 100
2026/09/29 09:55:56.425, 3, 8146, 100
2026/09/29 09:55:56.425, 4, 8208, 100
2026/09/29 09:55:56.425, 5, 8228, 100
2026/09/29 09:55:56.425, 6, 8228, 100
2026/09/29 09:55:56.425, 7, 8244, 100
2026/09/29 09:55:57.425, 0, 8348, 100
2026/09/29 09:55:57.425, 1, 8228, 100
2026/09/29 09:55:57.425, 2, 8270, 100
2026/09/29 09:55:57.425, 3, 8146, 100
2026/09/29 09:55:57.425, 4, 8208, 100
2026/09/29 09:55:57.425, 5, 8228, 100
2026/09/29 09:55:57.425, 6, 8228, 100
2026/09/29 09:55:57.426, 7, 8244, 100
2026/09/29 09:55:58.426, 0, 8348, 100
2026/09/29 09:55:58.426, 1, 8228, 100
2026/09/29 09:55:58.426, 2, 8270, 100
2026/09/29 09:55:58.426, 3, 8146, 100
2026/09/29 09:55:58.426, 4, 8208, 100
2026/09/29 09:55:58.426, 5, 8228, 100
2026/09/29 09:55:58.426, 6, 8228, 100
2026/09/29 09:55:58.427, 7, 8244, 100
2026/09/29 09:55:59.427, 0, 8348, 100
2026/09/29 09:55:59.427, 1, 8228, 100
2026/09/29 09:55:59.427, 2, 8270, 100
2026/09/29 09:55:59.427, 3, 8146, 100
2026/09/29 09:55:59.427, 4, 8208, 100
2026/09/29 09:55:59.427, 5, 8228, 100
2026/09/29 09:55:59.427, 6, 8228, 100
2026/09/29 09:55:59.427, 7, 8244, 100
2026/09/29 09:56:00.427, 0, 8348, 100
2026/09/29 09:56:00.427, 1, 8228, 100
2026/09/29 09:56:00.427, 2, 8270, 100
2026/09/29 09:56:00.427, 3, 8146, 100
2026/09/29 09:56:00.427, 4, 8208, 100
2026/09/29 09:56:00.427, 5, 8228, 100
2026/09/29 09:56:00.427, 6, 8228, 100
2026/09/29 09:56:00.427, 7, 8244, 100
2026/09/29 09:56:01.427, 0, 8348, 100
2026/09/29 09:56:01.427, 1, 8228, 100
2026/09/29 09:56:01.427, 2, 8270, 100
2026/09/29 09:56:01.427, 3, 8146, 100
2026/09/29 09:56:01.428, 4, 8208, 100
2026/09/29 09:56:01.428, 5, 8228, 100
2026/09/29 09:56:01.428, 6, 8228, 100
2026/09/29 09:56:01.428, 7, 8244, 100
2026/09/29 09:56:02.428, 0, 8348, 100
2026/09/29 09:56:02.428, 1, 8228, 100
2026/09/29 09:56:02.428, 2, 8270, 100
2026/09/29 09:56:02.428, 3, 8146, 100
2026/09/29 09:56:02.428, 4, 8208, 100
2026/09/29 09:56:02.428, 5, 8228, 100
2026/09/29 09:56:02.428, 6, 8228, 100
2026/09/29 09:56:02.428, 7, 8244, 100
2026/09/29 09:56:03.428, 0, 8348, 100
2026/09/29 09:56:03.428, 1, 8228, 100
2026/09/29 09:56:03.429, 2, 8270, 100
2026/09/29 09:56:03.429, 3, 8146, 100
2026/09/29 09:56:03.429, 4, 8208, 100
2026/09/29 09:56:03.429, 5, 8228, 100
2026/09/29 09:56:03.429, 6, 8228, 100
2026/09/29 09:56:03.429, 7, 8244, 100
2026/09/29 09:56:04.429, 0, 8348, 100
2026/09/29 09:56:04.429, 1, 8228, 100
2026/09/29 09:56:04.429, 2, 8270, 100
2026/09/29 09:56:04.429, 3, 8146, 100
2026/09/29 09:56:04.429, 4, 8208, 100
2026/09/29 09:56:04.430, 5, 8228, 100
2026/09/29 09:56:04.430, 6, 8228, 100
2026/09/29 09:56:04.430, 7, 8244, 100
2026/09/29 09:56:05.430, 0, 8348, 100
2026/09/29 09:56:05.430, 1, 8228, 100
2026/09/29 09:56:05.430, 2, 8270, 100
2026/09/29 09:56:05.430, 3, 8146, 100
2026/09/29 09:56:05.430, 4, 8208, 100
2026/09/29 09:56:05.430, 5, 8228, 100
2026/09/29 09:56:05.430, 6, 8228, 100
2026/09/29 09:56:05.430, 7, 8244, 100
2026/09/29 09:56:06.430, 0, 8348, 100
2026/09/29 09:56:06.430, 1, 8228, 100
2026/09/29 09:56:06.430, 2, 8270, 100
2026/09/29 09:56:06.430, 3, 8146, 100
2026/09/29 09:56:06.430, 4, 8208, 100
2026/09/29 09:56:06.430, 5, 8228, 100
2026/09/29 09:56:06.431, 6, 8228, 100
2026/09/29 09:56:06.431, 7, 8244, 100
2026/09/29 09:56:07.431, 0, 8348, 100
2026/09/29 09:56:07.431, 1, 8228, 100
2026/09/29 09:56:07.431, 2, 8270, 100
2026/09/29 09:56:07.431, 3, 8146, 100
2026/09/29 09:56:07.431, 4, 8208, 100
2026/09/29 09:56:07.431, 5, 8228, 100
2026/09/29 09:56:07.431, 6, 8228, 100
2026/09/29 09:56:07.431, 7, 8244, 100
2026/09/29 09:56:08.431, 0, 8348, 100
2026/09/29 09:56:08.431, 1, 8228, 100
2026/09/29 09:56:08.431, 2, 8270, 100
2026/09/29 09:56:08.431, 3, 8146, 100
2026/09/29 09:56:08.431, 4, 8208, 100
2026/09/29 09:56:08.431, 5, 8228, 100
2026/09/29 09:56:08.431, 6, 8228, 100
2026/09/29 09:56:08.431, 7, 8244, 100
2026/09/29 09:56:09.431, 0, 8348, 100
2026/09/29 09:56:09.432, 1, 8228, 100
2026/09/29 09:56:09.432, 2, 8270, 100
2026/09/29 09:56:09.432, 3, 8146, 100
2026/09/29 09:56:09.432, 4, 8208, 100
2026/09/29 09:56:09.432, 5, 8228, 100
2026/09/29 09:56:09.432, 6, 8228, 100
2026/09/29 09:56:09.432, 7, 8244, 100
2026/09/29 09:56:10.432, 0, 8348, 100
2026/09/29 09:56:10.432, 1, 8228, 100
2026/09/29 09:56:10.432, 2, 8270, 100
2026/09/29 09:56:10.432, 3, 8146, 100
2026/09/29 09:56:10.432, 4, 8208, 100
2026/09/29 09:56:10.432, 5, 8228, 100
2026/09/29 09:56:10.432, 6, 8228, 100
2026/09/29 09:56:10.432, 7, 8244, 100
2026/09/29 09:56:11.433, 0, 8348, 100
2026/09/29 09:56:11.433, 1, 8228, 100
2026/09/29 09:56:11.433, 2, 8270, 100
2026/09/29 09:56:11.433, 3, 8146, 100
2026/09/29 09:56:11.433, 4, 8208, 100
2026/09/29 09:56:11.433, 5, 8228, 100
2026/09/29 09:56:11.433, 6, 8228, 100
2026/09/29 09:56:11.433, 7, 8244, 100
2026/09/29 09:56:12.433, 0, 8348, 100
2026/09/29 09:56:12.433, 1, 8228, 100
2026/09/29 09:56:12.433, 2, 8270, 100
2026/09/29 09:56:12.433, 3, 8146, 100
2026/09/29 09:56:12.433, 4, 8208, 100
2026/09/29 09:56:12.433, 5, 8228, 100
2026/09/29 09:56:12.433, 6, 8228, 100
2026/09/29 09:56:12.433, 7, 8244, 100
2026/09/29 09:56:13.433, 0, 8348, 100
2026/09/29 09:56:13.434, 1, 8228, 100
2026/09/29 09:56:13.434, 2, 8270, 100
2026/09/29 09:56:13.434, 3, 8146, 100
2026/09/29 09:56:13.434, 4, 8208, 100
2026/09/29 09:56:13.434, 5, 8228, 100
2026/09/29 09:56:13.434, 6, 8228, 100
2026/09/29 09:56:13.434, 7, 8244, 100
2026/09/29 09:56:14.434, 0, 8348, 100
2026/09/29 09:56:14.434, 1, 8228, 100
2026/09/29 09:56:14.434, 2, 8270, 100
2026/09/29 09:56:14.434, 3, 8146, 100
2026/09/29 09:56:14.435, 4, 8208, 100
2026/09/29 09:56:14.435, 5, 8228, 100
2026/09/29 09:56:14.435, 6, 8228, 100
2026/09/29 09:56:14.435, 7, 8244, 100
2026/09/29 09:56:15.435, 0, 8348, 100
2026/09/29 09:56:15.435, 1, 8228, 100
2026/09/29 09:56:15.435, 2, 8270, 100
2026/09/29 09:56:15.435, 3, 8146, 100
2026/09/29 09:56:15.435, 4, 8208, 100
2026/09/29 09:56:15.435, 5, 8228, 100
2026/09/29 09:56:15.435, 6, 8228, 100
2026/09/29 09:56:15.435, 7, 8244, 100
2026/09/29 09:56:16.435, 0, 8348, 100
2026/09/29 09:56:16.435, 1, 8228, 100
2026/09/29 09:56:16.435, 2, 8270, 100
2026/09/29 09:56:16.436, 3, 8146, 100
2026/09/29 09:56:16.436, 4, 8208, 100
2026/09/29 09:56:16.436, 5, 8228, 100
2026/09/29 09:56:16.436, 6, 8228, 100
2026/09/29 09:56:16.436, 7, 8244, 100
2026/09/29 09:56:17.436, 0, 8348, 100
2026/09/29 09:56:17.436, 1, 8228, 100
2026/09/29 09:56:17.436, 2, 8270, 100
2026/09/29 09:56:17.436, 3, 8146, 100
2026/09/29 09:56:17.436, 4, 8208, 100
2026/09/29 09:56:17.436, 5, 8228, 100
2026/09/29 09:56:17.436, 6, 8228, 100
2026/09/29 09:56:17.436, 7, 8244, 100
2026/09/29 09:56:18.436, 0, 8348, 100
2026/09/29 09:56:18.437, 1, 8228, 100
2026/09/29 09:56:18.437, 2, 8270, 100
2026/09/29 09:56:18.437, 3, 8146, 100
2026/09/29 09:56:18.437, 4, 8208, 100
2026/09/29 09:56:18.437, 5, 8228, 100
2026/09/29 09:56:18.437, 6, 8228, 100
2026/09/29 09:56:18.437, 7, 8244, 100
2026/09/29 09:56:19.437, 0, 8348, 100
2026/09/29 09:56:19.437, 1, 8228, 100
2026/09/29 09:56:19.437, 2, 8270, 100
2026/09/29 09:56:19.437, 3, 8146, 100
2026/09/29 09:56:19.437, 4, 8208, 100
2026/09/29 09:56:19.437, 5, 8228, 100
2026/09/29 09:56:19.437, 6, 8228, 100
2026/09/29 09:56:19.437, 7, 8244, 100
2026/09/29 09:56:20.437, 0, 8348, 100
2026/09/29 09:56:20.438, 1, 8228, 100
2026/09/29 09:56:20.438, 2, 8270, 100
2026/09/29 09:56:20.438, 3, 8146, 100
2026/09/29 09:56:20.438, 4, 8208, 100
2026/09/29 09:56:20.438, 5, 8228, 100
2026/09/29 09:56:20.438, 6, 8228, 100
2026/09/29 09:56:20.438, 7, 8244, 100
2026/09/29 09:56:21.438, 0, 8348, 100
2026/09/29 09:56:21.440, 1, 8228, 100
2026/09/29 09:56:21.441, 2, 8270, 100
2026/09/29 09:56:21.445, 3, 8146, 100
2026/09/29 09:56:21.446, 4, 8208, 100
2026/09/29 09:56:21.453, 5, 8228, 100
2026/09/29 09:56:21.454, 6, 8228, 100
2026/09/29 09:56:21.457, 7, 8244, 100
2026/09/29 09:56:22.458, 0, 8348, 100
2026/09/29 09:56:22.458, 1, 8228, 100
2026/09/29 09:56:22.458, 2, 8270, 100
2026/09/29 09:56:22.459, 3, 8146, 100
2026/09/29 09:56:22.459, 4, 8208, 100
2026/09/29 09:56:22.459, 5, 8228, 100
2026/09/29 09:56:22.459, 6, 8228, 100
2026/09/29 09:56:22.459, 7, 8244, 100
2026/09/29 09:56:23.459, 0, 8348, 100
2026/09/29 09:56:23.459, 1, 8228, 100
2026/09/29 09:56:23.459, 2, 8270, 100
2026/09/29 09:56:23.459, 3, 8146, 100
2026/09/29 09:56:23.459, 4, 8208, 100
2026/09/29 09:56:23.459, 5, 8228, 100
2026/09/29 09:56:23.459, 6, 8228, 100
2026/09/29 09:56:23.459, 7, 8244, 100
2026/09/29 09:56:24.459, 0, 8348, 100
2026/09/29 09:56:24.459, 1, 8228, 100
2026/09/29 09:56:24.459, 2, 8270, 100
2026/09/29 09:56:24.459, 3, 8146, 100
2026/09/29 09:56:24.459, 4, 8208, 100
2026/09/29 09:56:24.459, 5, 8228, 100
2026/09/29 09:56:24.459, 6, 8228, 100
2026/09/29 09:56:24.459, 7, 8244, 100
2026/09/29 09:56:25.460, 0, 8348, 100
2026/09/29 09:56:25.460, 1, 8228, 100
2026/09/29 09:56:25.460, 2, 8270, 100
2026/09/29 09:56:25.460, 3, 8146, 100
2026/09/29 09:56:25.460, 4, 8208, 100
2026/09/29 09:56:25.460, 5, 8228, 100
2026/09/29 09:56:25.460, 6, 8228, 100
2026/09/29 09:56:25.460, 7, 8244, 100
2026/09/29 09:56:26.460, 0, 8348, 100
2026/09/29 09:56:26.460, 1, 8228, 100
2026/09/29 09:56:26.460, 2, 8270, 100
2026/09/29 09:56:26.460, 3, 8146, 100
2026/09/29 09:56:26.460, 4, 8208, 100
2026/09/29 09:56:26.460, 5, 8228, 100
2026/09/29 09:56:26.461, 6, 8228, 100
2026/09/29 09:56:26.461, 7, 8244, 100
2026/09/29 09:56:27.461, 0, 8348, 100
2026/09/29 09:56:27.461, 1, 8228, 100
2026/09/29 09:56:27.461, 2, 8270, 100
2026/09/29 09:56:27.461, 3, 8146, 100
2026/09/29 09:56:27.461, 4, 8208, 100
2026/09/29 09:56:27.461, 5, 8228, 100
2026/09/29 09:56:27.461, 6, 8228, 100
2026/09/29 09:56:27.462, 7, 8244, 100
2026/09/29 09:56:28.462, 0, 8348, 100
2026/09/29 09:56:28.462, 1, 8228, 100
2026/09/29 09:56:28.462, 2, 8270, 100
2026/09/29 09:56:28.462, 3, 8146, 100
2026/09/29 09:56:28.462, 4, 8208, 100
2026/09/29 09:56:28.462, 5, 8228, 100
2026/09/29 09:56:28.462, 6, 8228, 100
2026/09/29 09:56:28.462, 7, 8244, 100
2026/09/29 09:56:29.462, 0, 8348, 100
2026/09/29 09:56:29.462, 1, 8228, 100
2026/09/29 09:56:29.462, 2, 8270, 100
2026/09/29 09:56:29.462, 3, 8146, 100
2026/09/29 09:56:29.462, 4, 8208, 100
2026/09/29 09:56:29.462, 5, 8228, 100
2026/09/29 09:56:29.462, 6, 8228, 100
2026/09/29 09:56:29.462, 7, 8244, 100
2026/09/29 09:56:30.462, 0, 8348, 100
2026/09/29 09:56:30.462, 1, 8228, 100
2026/09/29 09:56:30.463, 2, 8270, 100
2026/09/29 09:56:30.463, 3, 8146, 100
2026/09/29 09:56:30.463, 4, 8208, 100
2026/09/29 09:56:30.463, 5, 8228, 100
2026/09/29 09:56:30.463, 6, 8228, 100
2026/09/29 09:56:30.463, 7, 8244, 100
2026/09/29 09:56:31.463, 0, 8348, 100
2026/09/29 09:56:31.463, 1, 8228, 100
2026/09/29 09:56:31.463, 2, 8270, 100
2026/09/29 09:56:31.463, 3, 8146, 100
2026/09/29 09:56:31.463, 4, 8208, 100
2026/09/29 09:56:31.463, 5, 8228, 100
2026/09/29 09:56:31.463, 6, 8228, 100
2026/09/29 09:56:31.463, 7, 8244, 100
2026/09/29 09:56:32.463, 0, 8348, 100
2026/09/29 09:56:32.464, 1, 8228, 100
2026/09/29 09:56:32.464, 2, 8270, 100
2026/09/29 09:56:32.464, 3, 8146, 100
2026/09/29 09:56:32.464, 4, 8208, 100
2026/09/29 09:56:32.464, 5, 8228, 100
2026/09/29 09:56:32.464, 6, 8228, 100
2026/09/29 09:56:32.464, 7, 8244, 100
2026/09/29 09:56:33.464, 0, 8348, 100
2026/09/29 09:56:33.464, 1, 8228, 100
2026/09/29 09:56:33.464, 2, 8270, 100
2026/09/29 09:56:33.464, 3, 8146, 100
2026/09/29 09:56:33.464, 4, 8208, 100
2026/09/29 09:56:33.464, 5, 8228, 100
2026/09/29 09:56:33.464, 6, 8228, 100
2026/09/29 09:56:33.465, 7, 8244, 100
2026/09/29 09:56:34.465, 0, 8348, 100
2026/09/29 09:56:34.465, 1, 8228, 100
2026/09/29 09:56:34.465, 2, 8270, 100
2026/09/29 09:56:34.465, 3, 8146, 100
2026/09/29 09:56:34.465, 4, 8208, 100
2026/09/29 09:56:34.465, 5, 8228, 100
2026/09/29 09:56:34.465, 6, 8228, 100
2026/09/29 09:56:34.465, 7, 8244, 100
2026/09/29 09:56:35.465, 0, 8348, 100
2026/09/29 09:56:35.465, 1, 8228, 100
2026/09/29 09:56:35.465, 2, 8270, 100
2026/09/29 09:56:35.465, 3, 8146, 100
2026/09/29 09:56:35.465, 4, 8208, 100
2026/09/29 09:56:35.465, 5, 8228, 100
2026/09/29 09:56:35.465, 6, 8228, 100
2026/09/29 09:56:35.465, 7, 8244, 100
2026/09/29 09:56:36.466, 0, 8348, 100
2026/09/29 09:56:36.466, 1, 8228, 100
2026/09/29 09:56:36.466, 2, 8270, 100
2026/09/29 09:56:36.466, 3, 8146, 100
2026/09/29 09:56:36.466, 4, 8208, 100
2026/09/29 09:56:36.466, 5, 8228, 100
2026/09/29 09:56:36.466, 6, 8228, 100
2026/09/29 09:56:36.466, 7, 8244, 100
2026/09/29 09:56:37.466, 0, 8348, 100
2026/09/29 09:56:37.466, 1, 8228, 100
2026/09/29 09:56:37.466, 2, 8270, 100
2026/09/29 09:56:37.466, 3, 8146, 100
2026/09/29 09:56:37.466, 4, 8208, 100
2026/09/29 09:56:37.467, 5, 8228, 100
2026/09/29 09:56:37.467, 6, 8228, 100
2026/09/29 09:56:37.467, 7, 8244, 100
2026/09/29 09:56:38.467, 0, 8348, 100
2026/09/29 09:56:38.467, 1, 8228, 100
2026/09/29 09:56:38.467, 2, 8270, 100
2026/09/29 09:56:38.467, 3, 8146, 100
2026/09/29 09:56:38.467, 4, 8208, 100
2026/09/29 09:56:38.467, 5, 8228, 100
2026/09/29 09:56:38.467, 6, 8228, 100
2026/09/29 09:56:38.467, 7, 8244, 100
2026/09/29 09:56:39.467, 0, 8348, 100
2026/09/29 09:56:39.467, 1, 8228, 100
2026/09/29 09:56:39.467, 2, 8270, 100
2026/09/29 09:56:39.467, 3, 8146, 100
2026/09/29 09:56:39.467, 4, 8208, 100
2026/09/29 09:56:39.467, 5, 8228, 100
2026/09/29 09:56:39.467, 6, 8228, 100
2026/09/29 09:56:39.467, 7, 8244, 100
2026/09/29 09:56:40.468, 0, 8348, 100
2026/09/29 09:56:40.468, 1, 8228, 100
2026/09/29 09:56:40.468, 2, 8270, 100
2026/09/29 09:56:40.468, 3, 8146, 100
2026/09/29 09:56:40.468, 4, 8208, 100
2026/09/29 09:56:40.468, 5, 8228, 100
2026/09/29 09:56:40.468, 6, 8228, 100
2026/09/29 09:56:40.468, 7, 8244, 100
2026/09/29 09:56:41.468, 0, 8348, 100
2026/09/29 09:56:41.468, 1, 8228, 100
2026/09/29 09:56:41.468, 2, 8270, 100
2026/09/29 09:56:41.468, 3, 8146, 100
2026/09/29 09:56:41.468, 4, 8208, 100
2026/09/29 09:56:41.468, 5, 8228, 100
2026/09/29 09:56:41.468, 6, 8228, 100
2026/09/29 09:56:41.469, 7, 8244, 100
2026/09/29 09:56:42.469, 0, 8348, 100
2026/09/29 09:56:42.469, 1, 8228, 100
2026/09/29 09:56:42.469, 2, 8270, 100
2026/09/29 09:56:42.469, 3, 8146, 100
2026/09/29 09:56:42.469, 4, 8208, 100
2026/09/29 09:56:42.469, 5, 8228, 100
2026/09/29 09:56:42.469, 6, 8228, 100
2026/09/29 09:56:42.469, 7, 8244, 100
2026/09/29 09:56:43.469, 0, 8348, 100
2026/09/29 09:56:43.469, 1, 8228, 100
2026/09/29 09:56:43.470, 2, 8270, 100
2026/09/29 09:56:43.470, 3, 8146, 100
2026/09/29 09:56:43.470, 4, 8208, 100
2026/09/29 09:56:43.470, 5, 8228, 100
2026/09/29 09:56:43.470, 6, 8228, 100
2026/09/29 09:56:43.470, 7, 8244, 100
2026/09/29 09:56:44.470, 0, 8348, 100
2026/09/29 09:56:44.470, 1, 8228, 100
2026/09/29 09:56:44.470, 2, 8270, 100
2026/09/29 09:56:44.470, 3, 8146, 100
2026/09/29 09:56:44.470, 4, 8208, 100
2026/09/29 09:56:44.470, 5, 8228, 100
2026/09/29 09:56:44.470, 6, 8228, 100
2026/09/29 09:56:44.470, 7, 8244, 100
2026/09/29 09:56:45.470, 0, 8348, 100
2026/09/29 09:56:45.471, 1, 8228, 100
2026/09/29 09:56:45.471, 2, 8270, 100
2026/09/29 09:56:45.471, 3, 8146, 100
2026/09/29 09:56:45.471, 4, 8208, 100
2026/09/29 09:56:45.471, 5, 8228, 100
2026/09/29 09:56:45.471, 6, 8228, 100
2026/09/29 09:56:45.471, 7, 8244, 100
2026/09/29 09:56:46.471, 0, 8348, 100
2026/09/29 09:56:46.471, 1, 8228, 100
2026/09/29 09:56:46.471, 2, 8270, 100
2026/09/29 09:56:46.471, 3, 8146, 100
2026/09/29 09:56:46.471, 4, 8208, 100
2026/09/29 09:56:46.471, 5, 8228, 100
2026/09/29 09:56:46.471, 6, 8228, 100
2026/09/29 09:56:46.471, 7, 8244, 100
2026/09/29 09:56:47.471, 0, 8348, 100
2026/09/29 09:56:47.471, 1, 8228, 100
2026/09/29 09:56:47.471, 2, 8270, 100
2026/09/29 09:56:47.471, 3, 8146, 100
2026/09/29 09:56:47.471, 4, 8208, 100
2026/09/29 09:56:47.471, 5, 8228, 100
2026/09/29 09:56:47.471, 6, 8228, 100
2026/09/29 09:56:47.471, 7, 8244, 100
2026/09/29 09:56:48.472, 0, 8348, 100
2026/09/29 09:56:48.472, 1, 8228, 100
2026/09/29 09:56:48.472, 2, 8270, 100
2026/09/29 09:56:48.472, 3, 8146, 100
2026/09/29 09:56:48.472, 4, 8208, 100
2026/09/29 09:56:48.472, 5, 8228, 100
2026/09/29 09:56:48.472, 6, 8228, 100
2026/09/29 09:56:48.472, 7, 8244, 100
2026/09/29 09:56:49.472, 0, 8348, 100
2026/09/29 09:56:49.472, 1, 8228, 100
2026/09/29 09:56:49.472, 2, 8270, 100
2026/09/29 09:56:49.472, 3, 8146, 100
2026/09/29 09:56:49.472, 4, 8208, 100
2026/09/29 09:56:49.473, 5, 8228, 100
2026/09/29 09:56:49.473, 6, 8228, 100
2026/09/29 09:56:49.473, 7, 8244, 100
2026/09/29 09:56:50.473, 0, 8348, 100
2026/09/29 09:56:50.473, 1, 8228, 100
2026/09/29 09:56:50.473, 2, 8270, 100
2026/09/29 09:56:50.473, 3, 8146, 100
2026/09/29 09:56:50.473, 4, 8208, 100
2026/09/29 09:56:50.473, 5, 8228, 100
2026/09/29 09:56:50.473, 6, 8228, 100
2026/09/29 09:56:50.473, 7, 8244, 100
2026/09/29 09:56:51.473, 0, 8348, 100
2026/09/29 09:56:51.474, 1, 8228, 100
2026/09/29 09:56:51.474, 2, 8270, 100
2026/09/29 09:56:51.474, 3, 8146, 100
2026/09/29 09:56:51.474, 4, 8208, 100
2026/09/29 09:56:51.474, 5, 8228, 100
2026/09/29 09:56:51.474, 6, 8228, 100
2026/09/29 09:56:51.474, 7, 8244, 100
2026/09/29 09:56:52.474, 0, 8348, 100
2026/09/29 09:56:52.474, 1, 8228, 100
2026/09/29 09:56:52.474, 2, 8270, 100
2026/09/29 09:56:52.474, 3, 8146, 100
2026/09/29 09:56:52.474, 4, 8208, 100
2026/09/29 09:56:52.474, 5, 8228, 100
2026/09/29 09:56:52.474, 6, 8228, 100
2026/09/29 09:56:52.474, 7, 8244, 100
2026/09/29 09:56:53.475, 0, 8348, 100
2026/09/29 09:56:53.475, 1, 8228, 100
2026/09/29 09:56:53.475, 2, 8270, 100
2026/09/29 09:56:53.475, 3, 8146, 100
2026/09/29 09:56:53.475, 4, 8208, 100
2026/09/29 09:56:53.475, 5, 8228, 100
2026/09/29 09:56:53.475, 6, 8228, 100
2026/09/29 09:56:53.475, 7, 8244, 100
2026/09/29 09:56:54.475, 0, 8348, 100
2026/09/29 09:56:54.475, 1, 8228, 100
2026/09/29 09:56:54.475, 2, 8270, 100
2026/09/29 09:56:54.475, 3, 8146, 100
2026/09/29 09:56:54.475, 4, 8208, 100
2026/09/29 09:56:54.475, 5, 8228, 100
2026/09/29 09:56:54.475, 6, 8228, 100
2026/09/29 09:56:54.475, 7, 8244, 100
2026/09/29 09:56:55.476, 0, 8348, 100
2026/09/29 09:56:55.476, 1, 8228, 100
2026/09/29 09:56:55.476, 2, 8270, 100
2026/09/29 09:56:55.476, 3, 8146, 100
2026/09/29 09:56:55.476, 4, 8208, 100
2026/09/29 09:56:55.476, 5, 8228, 100
2026/09/29 09:56:55.476, 6, 8228, 100
2026/09/29 09:56:55.476, 7, 8244, 100
2026/09/29 09:56:56.476, 0, 8348, 100
2026/09/29 09:56:56.476, 1, 8228, 100
2026/09/29 09:56:56.476, 2, 8270, 100
2026/09/29 09:56:56.476, 3, 8146, 100
2026/09/29 09:56:56.476, 4, 8208, 100
2026/09/29 09:56:56.476, 5, 8228, 100
2026/09/29 09:56:56.476, 6, 8228, 100
2026/09/29 09:56:56.476, 7, 8244, 100
2026/09/29 09:56:57.476, 0, 8348, 100
2026/09/29 09:56:57.476, 1, 8228, 100
2026/09/29 09:56:57.476, 2, 8270, 100
2026/09/29 09:56:57.477, 3, 8146, 100
2026/09/29 09:56:57.477, 4, 8208, 100
2026/09/29 09:56:57.477, 5, 8228, 100
2026/09/29 09:56:57.477, 6, 8228, 100
2026/09/29 09:56:57.477, 7, 8244, 100
2026/09/29 09:56:58.477, 0, 8348, 100
2026/09/29 09:56:58.477, 1, 8228, 100
2026/09/29 09:56:58.478, 2, 8270, 100
2026/09/29 09:56:58.478, 3, 8146, 100
2026/09/29 09:56:58.478, 4, 8208, 100
2026/09/29 09:56:58.478, 5, 8228, 100
2026/09/29 09:56:58.478, 6, 8228, 100
2026/09/29 09:56:58.478, 7, 8244, 100
2026/09/29 09:56:59.478, 0, 8348, 100
2026/09/29 09:56:59.478, 1, 8228, 100
2026/09/29 09:56:59.478, 2, 8270, 100
2026/09/29 09:56:59.478, 3, 8146, 100
2026/09/29 09:56:59.478, 4, 8208, 100
2026/09/29 09:56:59.478, 5, 8228, 100
2026/09/29 09:56:59.478, 6, 8228, 100
2026/09/29 09:56:59.478, 7, 8244, 100
2026/09/29 09:57:00.478, 0, 8348, 100
2026/09/29 09:57:00.479, 1, 8228, 100
2026/09/29 09:57:00.479, 2, 8270, 100
2026/09/29 09:57:00.479, 3, 8146, 100
2026/09/29 09:57:00.479, 4, 8208, 100
2026/09/29 09:57:00.479, 5, 8228, 100
2026/09/29 09:57:00.479, 6, 8228, 100
2026/09/29 09:57:00.479, 7, 8244, 100
2026/09/29 09:57:01.479, 0, 8348, 100
2026/09/29 09:57:01.479, 1, 8228, 100
2026/09/29 09:57:01.479, 2, 8270, 100
2026/09/29 09:57:01.479, 3, 8146, 100
2026/09/29 09:57:01.479, 4, 8208, 100
2026/09/29 09:57:01.479, 5, 8228, 100
2026/09/29 09:57:01.479, 6, 8228, 100
2026/09/29 09:57:01.479, 7, 8244, 100
2026/09/29 09:57:02.480, 0, 8348, 100
2026/09/29 09:57:02.480, 1, 8228, 100
2026/09/29 09:57:02.480, 2, 8270, 100
2026/09/29 09:57:02.480, 3, 8146, 100
2026/09/29 09:57:02.480, 4, 8208, 100
2026/09/29 09:57:02.480, 5, 8228, 100
2026/09/29 09:57:02.480, 6, 8228, 100
2026/09/29 09:57:02.480, 7, 8244, 100
2026/09/29 09:57:03.480, 0, 8348, 100
2026/09/29 09:57:03.480, 1, 8228, 100
2026/09/29 09:57:03.480, 2, 8270, 100
2026/09/29 09:57:03.480, 3, 8146, 100
2026/09/29 09:57:03.480, 4, 8208, 100
2026/09/29 09:57:03.480, 5, 8228, 100
2026/09/29 09:57:03.480, 6, 8228, 100
2026/09/29 09:57:03.480, 7, 8244, 100
2026/09/29 09:57:04.480, 0, 8348, 100
2026/09/29 09:57:04.480, 1, 8228, 100
2026/09/29 09:57:04.480, 2, 8270, 100
2026/09/29 09:57:04.480, 3, 8146, 100
2026/09/29 09:57:04.480, 4, 8208, 100
2026/09/29 09:57:04.481, 5, 8228, 100
2026/09/29 09:57:04.481, 6, 8228, 100
2026/09/29 09:57:04.481, 7, 8244, 100
2026/09/29 09:57:05.481, 0, 8348, 100
2026/09/29 09:57:05.481, 1, 8228, 100
2026/09/29 09:57:05.481, 2, 8270, 100
2026/09/29 09:57:05.481, 3, 8146, 100
2026/09/29 09:57:05.481, 4, 8208, 100
2026/09/29 09:57:05.481, 5, 8228, 100
2026/09/29 09:57:05.481, 6, 8228, 100
2026/09/29 09:57:05.481, 7, 8244, 100
2026/09/29 09:57:06.481, 0, 8348, 100
2026/09/29 09:57:06.481, 1, 8228, 100
2026/09/29 09:57:06.481, 2, 8270, 100
2026/09/29 09:57:06.481, 3, 8146, 100
2026/09/29 09:57:06.481, 4, 8208, 100
2026/09/29 09:57:06.482, 5, 8228, 100
2026/09/29 09:57:06.482, 6, 8228, 100
2026/09/29 09:57:06.482, 7, 8244, 100
2026/09/29 09:57:07.482, 0, 8348, 100
2026/09/29 09:57:07.482, 1, 8228, 100
2026/09/29 09:57:07.482, 2, 8270, 100
2026/09/29 09:57:07.482, 3, 8146, 100
2026/09/29 09:57:07.482, 4, 8208, 100
2026/09/29 09:57:07.482, 5, 8228, 100
2026/09/29 09:57:07.482, 6, 8228, 100
2026/09/29 09:57:07.482, 7, 8244, 100
2026/09/29 09:57:08.482, 0, 8348, 100
2026/09/29 09:57:08.483, 1, 8228, 100
2026/09/29 09:57:08.483, 2, 8270, 100
2026/09/29 09:57:08.483, 3, 8146, 100
2026/09/29 09:57:08.483, 4, 8208, 100
2026/09/29 09:57:08.483, 5, 8228, 100
2026/09/29 09:57:08.483, 6, 8228, 100
2026/09/29 09:57:08.483, 7, 8244, 100
2026/09/29 09:57:09.483, 0, 8348, 100
2026/09/29 09:57:09.483, 1, 8228, 100
2026/09/29 09:57:09.483, 2, 8270, 100
2026/09/29 09:57:09.483, 3, 8146, 100
2026/09/29 09:57:09.483, 4, 8208, 100
2026/09/29 09:57:09.483, 5, 8228, 100
2026/09/29 09:57:09.483, 6, 8228, 100
2026/09/29 09:57:09.483, 7, 8244, 100
2026/09/29 09:57:10.483, 0, 8348, 100
2026/09/29 09:57:10.483, 1, 8228, 100
2026/09/29 09:57:10.483, 2, 8270, 100
2026/09/29 09:57:10.483, 3, 8146, 100
2026/09/29 09:57:10.483, 4, 8208, 100
2026/09/29 09:57:10.483, 5, 8228, 100
2026/09/29 09:57:10.483, 6, 8228, 100
2026/09/29 09:57:10.483, 7, 8244, 100
2026/09/29 09:57:11.484, 0, 8348, 100
2026/09/29 09:57:11.484, 1, 8228, 100
2026/09/29 09:57:11.484, 2, 8270, 100
2026/09/29 09:57:11.484, 3, 8146, 100
2026/09/29 09:57:11.484, 4, 8208, 100
2026/09/29 09:57:11.484, 5, 8228, 100
2026/09/29 09:57:11.484, 6, 8228, 100
2026/09/29 09:57:11.484, 7, 8244, 100
2026/09/29 09:57:12.484, 0, 8348, 100
2026/09/29 09:57:12.484, 1, 8228, 100
2026/09/29 09:57:12.484, 2, 8270, 100
2026/09/29 09:57:12.484, 3, 8146, 100
2026/09/29 09:57:12.484, 4, 8208, 100
2026/09/29 09:57:12.485, 5, 8228, 100
2026/09/29 09:57:12.485, 6, 8228, 100
2026/09/29 09:57:12.485, 7, 8244, 100
2026/09/29 09:57:13.485, 0, 8348, 100
2026/09/29 09:57:13.485, 1, 8228, 100
2026/09/29 09:57:13.485, 2, 8270, 100
2026/09/29 09:57:13.485, 3, 8146, 100
2026/09/29 09:57:13.485, 4, 8208, 100
2026/09/29 09:57:13.485, 5, 8228, 100
2026/09/29 09:57:13.486, 6, 8228, 100
2026/09/29 09:57:13.486, 7, 8244, 100
2026/09/29 09:57:14.486, 0, 8348, 100
2026/09/29 09:57:14.486, 1, 8228, 100
2026/09/29 09:57:14.486, 2, 8270, 100
2026/09/29 09:57:14.486, 3, 8146, 100
2026/09/29 09:57:14.486, 4, 8208, 100
2026/09/29 09:57:14.486, 5, 8228, 100
2026/09/29 09:57:14.486, 6, 8228, 100
2026/09/29 09:57:14.486, 7, 8244, 100
2026/09/29 09:57:15.486, 0, 8348, 100
2026/09/29 09:57:15.486, 1, 8228, 100
2026/09/29 09:57:15.486, 2, 8270, 100
2026/09/29 09:57:15.486, 3, 8146, 100
2026/09/29 09:57:15.486, 4, 8208, 100
2026/09/29 09:57:15.486, 5, 8228, 100
2026/09/29 09:57:15.487, 6, 8228, 100
2026/09/29 09:57:15.487, 7, 8244, 100
2026/09/29 09:57:16.487, 0, 8348, 100
2026/09/29 09:57:16.487, 1, 8228, 100
2026/09/29 09:57:16.487, 2, 8270, 100
2026/09/29 09:57:16.487, 3, 8146, 100
2026/09/29 09:57:16.487, 4, 8208, 100
2026/09/29 09:57:16.487, 5, 8228, 100
2026/09/29 09:57:16.487, 6, 8228, 100
2026/09/29 09:57:16.487, 7, 8244, 100
2026/09/29 09:57:17.487, 0, 8348, 100
2026/09/29 09:57:17.487, 1, 8228, 100
2026/09/29 09:57:17.487, 2, 8270, 100
2026/09/29 09:57:17.487, 3, 8146, 100
2026/09/29 09:57:17.487, 4, 8208, 100
2026/09/29 09:57:17.487, 5, 8228, 100
2026/09/29 09:57:17.488, 6, 8228, 100
2026/09/29 09:57:17.488, 7, 8244, 100
2026/09/29 09:57:18.488, 0, 8348, 100
2026/09/29 09:57:18.488, 1, 8228, 100
2026/09/29 09:57:18.488, 2, 8270, 100
2026/09/29 09:57:18.488, 3, 8146, 100
2026/09/29 09:57:18.488, 4, 8208, 100
2026/09/29 09:57:18.488, 5, 8228, 100
2026/09/29 09:57:18.488, 6, 8228, 100
2026/09/29 09:57:18.488, 7, 8244, 100
2026/09/29 09:57:19.488, 0, 8348, 100
2026/09/29 09:57:19.488, 1, 8228, 100
2026/09/29 09:57:19.488, 2, 8270, 100
2026/09/29 09:57:19.489, 3, 8146, 100
2026/09/29 09:57:19.489, 4, 8208, 100
2026/09/29 09:57:19.489, 5, 8228, 100
2026/09/29 09:57:19.489, 6, 8228, 100
2026/09/29 09:57:19.489, 7, 8244, 100
2026/09/29 09:57:20.489, 0, 8348, 100
2026/09/29 09:57:20.489, 1, 8228, 100
2026/09/29 09:57:20.489, 2, 8270, 100
2026/09/29 09:57:20.489, 3, 8146, 100
2026/09/29 09:57:20.489, 4, 8208, 100
2026/09/29 09:57:20.489, 5, 8228, 100
2026/09/29 09:57:20.489, 6, 8228, 100
2026/09/29 09:57:20.489, 7, 8244, 100
2026/09/29 09:57:21.489, 0, 8348, 100
2026/09/29 09:57:21.493, 1, 8228, 100
2026/09/29 09:57:21.496, 2, 8270, 100
2026/09/29 09:57:21.496, 3, 8146, 100
2026/09/29 09:57:21.500, 4, 8208, 100
2026/09/29 09:57:21.501, 5, 8228, 100
2026/09/29 09:57:21.505, 6, 8228, 100
2026/09/29 09:57:21.505, 7, 8244, 100
2026/09/29 09:57:22.509, 0, 8348, 100
2026/09/29 09:57:22.509, 1, 8228, 100
2026/09/29 09:57:22.509, 2, 8270, 100
2026/09/29 09:57:22.509, 3, 8146, 100
2026/09/29 09:57:22.509, 4, 8208, 100
2026/09/29 09:57:22.509, 5, 8228, 100
2026/09/29 09:57:22.509, 6, 8228, 100
2026/09/29 09:57:22.509, 7, 8244, 100
2026/09/29 09:57:23.510, 0, 8348, 100
2026/09/29 09:57:23.510, 1, 8228, 100
2026/09/29 09:57:23.510, 2, 8270, 100
2026/09/29 09:57:23.510, 3, 8146, 100
2026/09/29 09:57:23.510, 4, 8208, 100
2026/09/29 09:57:23.510, 5, 8228, 100
2026/09/29 09:57:23.510, 6, 8228, 100
2026/09/29 09:57:23.510, 7, 8244, 100
2026/09/29 09:57:24.510, 0, 8348, 100
2026/09/29 09:57:24.510, 1, 8228, 100
2026/09/29 09:57:24.511, 2, 8270, 100
2026/09/29 09:57:24.511, 3, 8146, 100
2026/09/29 09:57:24.511, 4, 8208, 100
2026/09/29 09:57:24.511, 5, 8228, 100
2026/09/29 09:57:24.511, 6, 8228, 100
2026/09/29 09:57:24.511, 7, 8244, 100
2026/09/29 09:57:25.511, 0, 8348, 100
2026/09/29 09:57:25.511, 1, 8228, 100
2026/09/29 09:57:25.511, 2, 8270, 100
2026/09/29 09:57:25.511, 3, 8146, 100
2026/09/29 09:57:25.511, 4, 8208, 100
2026/09/29 09:57:25.511, 5, 8228, 100
2026/09/29 09:57:25.511, 6, 8228, 100
2026/09/29 09:57:25.511, 7, 8244, 100
2026/09/29 09:57:26.511, 0, 8348, 100
2026/09/29 09:57:26.511, 1, 8228, 100
2026/09/29 09:57:26.511, 2, 8270, 100
2026/09/29 09:57:26.512, 3, 8146, 100
2026/09/29 09:57:26.512, 4, 8208, 100
2026/09/29 09:57:26.512, 5, 8228, 100
2026/09/29 09:57:26.512, 6, 8228, 100
2026/09/29 09:57:26.512, 7, 8244, 100
2026/09/29 09:57:27.512, 0, 8348, 100
2026/09/29 09:57:27.512, 1, 8228, 100
2026/09/29 09:57:27.512, 2, 8270, 100
2026/09/29 09:57:27.512, 3, 8146, 100
2026/09/29 09:57:27.512, 4, 8208, 100
2026/09/29 09:57:27.512, 5, 8228, 100
2026/09/29 09:57:27.512, 6, 8228, 100
2026/09/29 09:57:27.512, 7, 8244, 100
2026/09/29 09:57:28.512, 0, 8348, 100
2026/09/29 09:57:28.513, 1, 8228, 100
2026/09/29 09:57:28.513, 2, 8270, 100
2026/09/29 09:57:28.513, 3, 8146, 100
2026/09/29 09:57:28.513, 4, 8208, 100
2026/09/29 09:57:28.513, 5, 8228, 100
2026/09/29 09:57:28.513, 6, 8228, 100
2026/09/29 09:57:28.513, 7, 8244, 100
2026/09/29 09:57:29.513, 0, 8348, 100
2026/09/29 09:57:29.513, 1, 8228, 100
2026/09/29 09:57:29.513, 2, 8270, 100
2026/09/29 09:57:29.513, 3, 8146, 100
2026/09/29 09:57:29.513, 4, 8208, 100
2026/09/29 09:57:29.513, 5, 8228, 100
2026/09/29 09:57:29.514, 6, 8228, 100
2026/09/29 09:57:29.514, 7, 8244, 100
2026/09/29 09:57:30.514, 0, 8348, 100
2026/09/29 09:57:30.514, 1, 8228, 100
2026/09/29 09:57:30.514, 2, 8270, 100
2026/09/29 09:57:30.514, 3, 8146, 100
2026/09/29 09:57:30.514, 4, 8208, 100
2026/09/29 09:57:30.514, 5, 8228, 100
2026/09/29 09:57:30.514, 6, 8228, 100
2026/09/29 09:57:30.514, 7, 8244, 100
2026/09/29 09:57:31.515, 0, 8348, 100
2026/09/29 09:57:31.515, 1, 8228, 100
2026/09/29 09:57:31.515, 2, 8270, 100
2026/09/29 09:57:31.515, 3, 8146, 100
2026/09/29 09:57:31.515, 4, 8208, 100
2026/09/29 09:57:31.515, 5, 8228, 100
2026/09/29 09:57:31.515, 6, 8228, 100
2026/09/29 09:57:31.515, 7, 8244, 100
2026/09/29 09:57:32.515, 0, 8348, 100
2026/09/29 09:57:32.515, 1, 8228, 100
2026/09/29 09:57:32.515, 2, 8270, 100
2026/09/29 09:57:32.515, 3, 8146, 100
2026/09/29 09:57:32.515, 4, 8208, 100
2026/09/29 09:57:32.515, 5, 8228, 100
2026/09/29 09:57:32.515, 6, 8228, 100
2026/09/29 09:57:32.515, 7, 8244, 100
2026/09/29 09:57:33.516, 0, 8348, 100
2026/09/29 09:57:33.516, 1, 8228, 100
2026/09/29 09:57:33.516, 2, 8270, 100
2026/09/29 09:57:33.516, 3, 8146, 100
2026/09/29 09:57:33.516, 4, 8208, 100
2026/09/29 09:57:33.516, 5, 8228, 100
2026/09/29 09:57:33.516, 6, 8228, 100
2026/09/29 09:57:33.516, 7, 8244, 100
2026/09/29 09:57:34.516, 0, 8348, 100
2026/09/29 09:57:34.516, 1, 8228, 100
2026/09/29 09:57:34.516, 2, 8270, 100
2026/09/29 09:57:34.516, 3, 8146, 100
2026/09/29 09:57:34.516, 4, 8208, 100
2026/09/29 09:57:34.516, 5, 8228, 100
2026/09/29 09:57:34.516, 6, 8228, 100
2026/09/29 09:57:34.517, 7, 8244, 100
2026/09/29 09:57:35.517, 0, 8348, 100
2026/09/29 09:57:35.517, 1, 8228, 100
2026/09/29 09:57:35.517, 2, 8270, 100
2026/09/29 09:57:35.517, 3, 8146, 100
2026/09/29 09:57:35.517, 4, 8208, 100
2026/09/29 09:57:35.517, 5, 8228, 100
2026/09/29 09:57:35.517, 6, 8228, 100
2026/09/29 09:57:35.517, 7, 8244, 100
2026/09/29 09:57:36.517, 0, 8348, 100
2026/09/29 09:57:36.517, 1, 8228, 100
2026/09/29 09:57:36.517, 2, 8270, 100
2026/09/29 09:57:36.517, 3, 8146, 100
2026/09/29 09:57:36.517, 4, 8208, 100
2026/09/29 09:57:36.517, 5, 8228, 100
2026/09/29 09:57:36.517, 6, 8228, 100
2026/09/29 09:57:36.517, 7, 8244, 100
2026/09/29 09:57:37.518, 0, 8348, 100
2026/09/29 09:57:37.518, 1, 8228, 100
2026/09/29 09:57:37.518, 2, 8270, 100
2026/09/29 09:57:37.518, 3, 8146, 100
2026/09/29 09:57:37.518, 4, 8208, 100
2026/09/29 09:57:37.518, 5, 8228, 100
2026/09/29 09:57:37.518, 6, 8228, 100
2026/09/29 09:57:37.518, 7, 8244, 100
2026/09/29 09:57:38.518, 0, 8348, 100
2026/09/29 09:57:38.518, 1, 8228, 100
2026/09/29 09:57:38.518, 2, 8270, 100
2026/09/29 09:57:38.518, 3, 8146, 100
2026/09/29 09:57:38.519, 4, 8208, 100
2026/09/29 09:57:38.519, 5, 8228, 100
2026/09/29 09:57:38.519, 6, 8228, 100
2026/09/29 09:57:38.519, 7, 8244, 100
2026/09/29 09:57:39.519, 0, 8348, 100
2026/09/29 09:57:39.519, 1, 8228, 100
2026/09/29 09:57:39.519, 2, 8270, 100
2026/09/29 09:57:39.519, 3, 8146, 100
2026/09/29 09:57:39.519, 4, 8208, 100
2026/09/29 09:57:39.519, 5, 8228, 100
2026/09/29 09:57:39.519, 6, 8228, 100
2026/09/29 09:57:39.519, 7, 8244, 100
2026/09/29 09:57:40.519, 0, 8348, 100
2026/09/29 09:57:40.519, 1, 8228, 100
2026/09/29 09:57:40.519, 2, 8270, 100
2026/09/29 09:57:40.519, 3, 8146, 100
2026/09/29 09:57:40.519, 4, 8208, 100
2026/09/29 09:57:40.520, 5, 8228, 100
2026/09/29 09:57:40.520, 6, 8228, 100
2026/09/29 09:57:40.520, 7, 8244, 100
2026/09/29 09:57:41.520, 0, 8348, 100
2026/09/29 09:57:41.520, 1, 8228, 100
2026/09/29 09:57:41.520, 2, 8270, 100
2026/09/29 09:57:41.520, 3, 8146, 100
2026/09/29 09:57:41.520, 4, 8208, 100
2026/09/29 09:57:41.520, 5, 8228, 100
2026/09/29 09:57:41.520, 6, 8228, 100
2026/09/29 09:57:41.520, 7, 8244, 100
2026/09/29 09:57:42.520, 0, 8348, 100
2026/09/29 09:57:42.520, 1, 8228, 100
2026/09/29 09:57:42.521, 2, 8270, 100
2026/09/29 09:57:42.521, 3, 8146, 100
2026/09/29 09:57:42.521, 4, 8208, 100
2026/09/29 09:57:42.521, 5, 8228, 100
2026/09/29 09:57:42.521, 6, 8228, 100
2026/09/29 09:57:42.521, 7, 8244, 100
2026/09/29 09:57:43.521, 0, 8348, 100
2026/09/29 09:57:43.521, 1, 8228, 100
2026/09/29 09:57:43.521, 2, 8270, 100
2026/09/29 09:57:43.521, 3, 8146, 100
2026/09/29 09:57:43.521, 4, 8208, 100
2026/09/29 09:57:43.521, 5, 8228, 100
2026/09/29 09:57:43.521, 6, 8228, 100
2026/09/29 09:57:43.521, 7, 8244, 100
2026/09/29 09:57:44.521, 0, 8348, 100
2026/09/29 09:57:44.522, 1, 8228, 100
2026/09/29 09:57:44.522, 2, 8270, 100
2026/09/29 09:57:44.522, 3, 8146, 100
2026/09/29 09:57:44.522, 4, 8208, 100
2026/09/29 09:57:44.522, 5, 8228, 100
2026/09/29 09:57:44.522, 6, 8228, 100
2026/09/29 09:57:44.522, 7, 8244, 100
2026/09/29 09:57:45.522, 0, 8348, 100
2026/09/29 09:57:45.522, 1, 8228, 100
2026/09/29 09:57:45.522, 2, 8270, 100
2026/09/29 09:57:45.522, 3, 8146, 100
2026/09/29 09:57:45.522, 4, 8208, 100
2026/09/29 09:57:45.522, 5, 8228, 100
2026/09/29 09:57:45.522, 6, 8228, 100
2026/09/29 09:57:45.522, 7, 8244, 100
2026/09/29 09:57:46.522, 0, 8348, 100
2026/09/29 09:57:46.522, 1, 8228, 100
2026/09/29 09:57:46.522, 2, 8270, 100
2026/09/29 09:57:46.522, 3, 8146, 100
2026/09/29 09:57:46.522, 4, 8208, 100
2026/09/29 09:57:46.522, 5, 8228, 100
2026/09/29 09:57:46.522, 6, 8228, 100
2026/09/29 09:57:46.522, 7, 8244, 100
2026/09/29 09:57:47.523, 0, 8348, 100
2026/09/29 09:57:47.523, 1, 8228, 100
2026/09/29 09:57:47.523, 2, 8270, 100
2026/09/29 09:57:47.523, 3, 8146, 100
2026/09/29 09:57:47.523, 4, 8208, 100
2026/09/29 09:57:47.523, 5, 8228, 100
2026/09/29 09:57:47.523, 6, 8228, 100
2026/09/29 09:57:47.523, 7, 8244, 100
2026/09/29 09:57:48.523, 0, 8348, 100
2026/09/29 09:57:48.523, 1, 8228, 100
2026/09/29 09:57:48.523, 2, 8270, 100
2026/09/29 09:57:48.523, 3, 8146, 100
2026/09/29 09:57:48.523, 4, 8208, 100
2026/09/29 09:57:48.523, 5, 8228, 100
2026/09/29 09:57:48.523, 6, 8228, 100
2026/09/29 09:57:48.523, 7, 8244, 100
2026/09/29 09:57:49.523, 0, 8348, 100
2026/09/29 09:57:49.523, 1, 8228, 100
2026/09/29 09:57:49.523, 2, 8270, 100
2026/09/29 09:57:49.523, 3, 8146, 100
2026/09/29 09:57:49.523, 4, 8208, 100
2026/09/29 09:57:49.523, 5, 8228, 100
2026/09/29 09:57:49.523, 6, 8228, 100
2026/09/29 09:57:49.523, 7, 8244, 100
2026/09/29 09:57:50.524, 0, 8348, 100
2026/09/29 09:57:50.524, 1, 8228, 100
2026/09/29 09:57:50.524, 2, 8270, 100
2026/09/29 09:57:50.524, 3, 8146, 100
2026/09/29 09:57:50.524, 4, 8208, 100
2026/09/29 09:57:50.524, 5, 8228, 100
2026/09/29 09:57:50.524, 6, 8228, 100
2026/09/29 09:57:50.524, 7, 8244, 100
2026/09/29 09:57:51.524, 0, 8348, 100
2026/09/29 09:57:51.524, 1, 8228, 100
2026/09/29 09:57:51.524, 2, 8270, 100
2026/09/29 09:57:51.524, 3, 8146, 100
2026/09/29 09:57:51.524, 4, 8208, 100
2026/09/29 09:57:51.524, 5, 8228, 100
2026/09/29 09:57:51.524, 6, 8228, 100
2026/09/29 09:57:51.524, 7, 8244, 100
2026/09/29 09:57:52.525, 0, 8348, 100
2026/09/29 09:57:52.525, 1, 8228, 100
2026/09/29 09:57:52.525, 2, 8270, 100
2026/09/29 09:57:52.525, 3, 8146, 100
2026/09/29 09:57:52.525, 4, 8208, 100
2026/09/29 09:57:52.525, 5, 8228, 100
2026/09/29 09:57:52.525, 6, 8228, 100
2026/09/29 09:57:52.525, 7, 8244, 100
2026/09/29 09:57:53.525, 0, 8348, 100
2026/09/29 09:57:53.525, 1, 8228, 100
2026/09/29 09:57:53.525, 2, 8270, 100
2026/09/29 09:57:53.525, 3, 8146, 100
2026/09/29 09:57:53.525, 4, 8208, 100
2026/09/29 09:57:53.525, 5, 8228, 100
2026/09/29 09:57:53.525, 6, 8228, 100
2026/09/29 09:57:53.525, 7, 8244, 100
2026/09/29 09:57:54.526, 0, 8348, 100
2026/09/29 09:57:54.526, 1, 8228, 100
2026/09/29 09:57:54.526, 2, 8270, 100
2026/09/29 09:57:54.526, 3, 8146, 100
2026/09/29 09:57:54.526, 4, 8208, 100
2026/09/29 09:57:54.526, 5, 8228, 100
2026/09/29 09:57:54.526, 6, 8228, 100
2026/09/29 09:57:54.526, 7, 8244, 100
2026/09/29 09:57:55.526, 0, 8348, 100
2026/09/29 09:57:55.526, 1, 8228, 100
2026/09/29 09:57:55.526, 2, 8270, 100
2026/09/29 09:57:55.527, 3, 8146, 100
2026/09/29 09:57:55.527, 4, 8208, 100
2026/09/29 09:57:55.527, 5, 8228, 100
2026/09/29 09:57:55.527, 6, 8228, 100
2026/09/29 09:57:55.527, 7, 8244, 100
2026/09/29 09:57:56.527, 0, 8348, 100
2026/09/29 09:57:56.527, 1, 8228, 100
2026/09/29 09:57:56.527, 2, 8270, 100
2026/09/29 09:57:56.527, 3, 8146, 100
2026/09/29 09:57:56.527, 4, 8208, 100
2026/09/29 09:57:56.527, 5, 8228, 100
2026/09/29 09:57:56.527, 6, 8228, 100
2026/09/29 09:57:56.527, 7, 8244, 100
2026/09/29 09:57:57.527, 0, 8348, 100
2026/09/29 09:57:57.527, 1, 8228, 100
2026/09/29 09:57:57.527, 2, 8270, 100
2026/09/29 09:57:57.527, 3, 8146, 100
2026/09/29 09:57:57.527, 4, 8208, 100
2026/09/29 09:57:57.527, 5, 8228, 100
2026/09/29 09:57:57.527, 6, 8228, 100
2026/09/29 09:57:57.527, 7, 8244, 100
2026/09/29 09:57:58.528, 0, 8348, 100
2026/09/29 09:57:58.528, 1, 8228, 100
2026/09/29 09:57:58.528, 2, 8270, 100
2026/09/29 09:57:58.528, 3, 8146, 100
2026/09/29 09:57:58.528, 4, 8208, 100
2026/09/29 09:57:58.528, 5, 8228, 100
2026/09/29 09:57:58.528, 6, 8228, 100
2026/09/29 09:57:58.528, 7, 8244, 100
2026/09/29 09:57:59.528, 0, 8348, 100
2026/09/29 09:57:59.528, 1, 8228, 100
2026/09/29 09:57:59.528, 2, 8270, 100
2026/09/29 09:57:59.528, 3, 8146, 100
2026/09/29 09:57:59.528, 4, 8208, 100
2026/09/29 09:57:59.528, 5, 8228, 100
2026/09/29 09:57:59.528, 6, 8228, 100
2026/09/29 09:57:59.528, 7, 8244, 100
2026/09/29 09:58:00.529, 0, 8348, 100
2026/09/29 09:58:00.529, 1, 8228, 100
2026/09/29 09:58:00.529, 2, 8270, 100
2026/09/29 09:58:00.529, 3, 8146, 100
2026/09/29 09:58:00.529, 4, 8208, 100
2026/09/29 09:58:00.529, 5, 8228, 100
2026/09/29 09:58:00.529, 6, 8228, 100
2026/09/29 09:58:00.529, 7, 8244, 100
2026/09/29 09:58:01.529, 0, 8348, 100
2026/09/29 09:58:01.529, 1, 8228, 100
2026/09/29 09:58:01.529, 2, 8270, 100
2026/09/29 09:58:01.529, 3, 8146, 100
2026/09/29 09:58:01.529, 4, 8208, 100
2026/09/29 09:58:01.529, 5, 8228, 100
2026/09/29 09:58:01.530, 6, 8228, 100
2026/09/29 09:58:01.530, 7, 8244, 100
2026/09/29 09:58:02.530, 0, 8348, 100
2026/09/29 09:58:02.530, 1, 8228, 100
2026/09/29 09:58:02.531, 2, 8270, 100
2026/09/29 09:58:02.531, 3, 8146, 100
2026/09/29 09:58:02.531, 4, 8208, 100
2026/09/29 09:58:02.531, 5, 8228, 100
2026/09/29 09:58:02.531, 6, 8228, 100
2026/09/29 09:58:02.531, 7, 8244, 100
2026/09/29 09:58:03.531, 0, 8348, 100
2026/09/29 09:58:03.531, 1, 8228, 100
2026/09/29 09:58:03.531, 2, 8270, 100
2026/09/29 09:58:03.531, 3, 8146, 100
2026/09/29 09:58:03.531, 4, 8208, 100
2026/09/29 09:58:03.531, 5, 8228, 100
2026/09/29 09:58:03.531, 6, 8228, 100
2026/09/29 09:58:03.531, 7, 8244, 100
2026/09/29 09:58:04.531, 0, 8348, 100
2026/09/29 09:58:04.531, 1, 8228, 100
2026/09/29 09:58:04.531, 2, 8270, 100
2026/09/29 09:58:04.531, 3, 8146, 100
2026/09/29 09:58:04.531, 4, 8208, 100
2026/09/29 09:58:04.532, 5, 8228, 100
2026/09/29 09:58:04.532, 6, 8228, 100
2026/09/29 09:58:04.532, 7, 8244, 100
2026/09/29 09:58:05.532, 0, 8348, 100
2026/09/29 09:58:05.532, 1, 8228, 100
2026/09/29 09:58:05.532, 2, 8270, 100
2026/09/29 09:58:05.532, 3, 8146, 100
2026/09/29 09:58:05.532, 4, 8208, 100
2026/09/29 09:58:05.532, 5, 8228, 100
2026/09/29 09:58:05.532, 6, 8228, 100
2026/09/29 09:58:05.532, 7, 8244, 100
2026/09/29 09:58:06.532, 0, 8348, 100
2026/09/29 09:58:06.532, 1, 8228, 100
2026/09/29 09:58:06.532, 2, 8270, 100
2026/09/29 09:58:06.532, 3, 8146, 100
2026/09/29 09:58:06.532, 4, 8208, 100
2026/09/29 09:58:06.532, 5, 8228, 100
2026/09/29 09:58:06.533, 6, 8228, 100
2026/09/29 09:58:06.533, 7, 8244, 100
2026/09/29 09:58:07.533, 0, 8348, 100
2026/09/29 09:58:07.533, 1, 8228, 100
2026/09/29 09:58:07.533, 2, 8270, 100
2026/09/29 09:58:07.533, 3, 8146, 100
2026/09/29 09:58:07.533, 4, 8208, 100
2026/09/29 09:58:07.533, 5, 8228, 100
2026/09/29 09:58:07.533, 6, 8228, 100
2026/09/29 09:58:07.533, 7, 8244, 100
2026/09/29 09:58:08.533, 0, 8348, 100
2026/09/29 09:58:08.533, 1, 8228, 100
2026/09/29 09:58:08.533, 2, 8270, 100
2026/09/29 09:58:08.534, 3, 8146, 100
2026/09/29 09:58:08.534, 4, 8208, 100
2026/09/29 09:58:08.534, 5, 8228, 100
2026/09/29 09:58:08.534, 6, 8228, 100
2026/09/29 09:58:08.534, 7, 8244, 100
2026/09/29 09:58:09.534, 0, 8348, 100
2026/09/29 09:58:09.534, 1, 8228, 100
2026/09/29 09:58:09.534, 2, 8270, 100
2026/09/29 09:58:09.534, 3, 8146, 100
2026/09/29 09:58:09.534, 4, 8208, 100
2026/09/29 09:58:09.534, 5, 8228, 100
2026/09/29 09:58:09.534, 6, 8228, 100
2026/09/29 09:58:09.534, 7, 8244, 100
2026/09/29 09:58:10.534, 0, 8348, 100
2026/09/29 09:58:10.535, 1, 8228, 100
2026/09/29 09:58:10.535, 2, 8270, 100
2026/09/29 09:58:10.535, 3, 8146, 100
2026/09/29 09:58:10.535, 4, 8208, 100
2026/09/29 09:58:10.535, 5, 8228, 100
2026/09/29 09:58:10.535, 6, 8228, 100
2026/09/29 09:58:10.535, 7, 8244, 100
2026/09/29 09:58:11.535, 0, 8348, 100
2026/09/29 09:58:11.535, 1, 8228, 100
2026/09/29 09:58:11.535, 2, 8270, 100
2026/09/29 09:58:11.535, 3, 8146, 100
2026/09/29 09:58:11.535, 4, 8208, 100
2026/09/29 09:58:11.535, 5, 8228, 100
2026/09/29 09:58:11.535, 6, 8228, 100
2026/09/29 09:58:11.535, 7, 8244, 100
2026/09/29 09:58:12.535, 0, 8348, 100
2026/09/29 09:58:12.535, 1, 8228, 100
2026/09/29 09:58:12.535, 2, 8270, 100
2026/09/29 09:58:12.536, 3, 8146, 100
2026/09/29 09:58:12.536, 4, 8208, 100
2026/09/29 09:58:12.536, 5, 8228, 100
2026/09/29 09:58:12.536, 6, 8228, 100
2026/09/29 09:58:12.536, 7, 8244, 100
2026/09/29 09:58:13.536, 0, 8348, 100
2026/09/29 09:58:13.536, 1, 8228, 100
2026/09/29 09:58:13.536, 2, 8270, 100
2026/09/29 09:58:13.536, 3, 8146, 100
2026/09/29 09:58:13.536, 4, 8208, 100
2026/09/29 09:58:13.536, 5, 8228, 100
2026/09/29 09:58:13.536, 6, 8228, 100
2026/09/29 09:58:13.536, 7, 8244, 100
2026/09/29 09:58:14.536, 0, 8348, 100
2026/09/29 09:58:14.536, 1, 8228, 100
2026/09/29 09:58:14.536, 2, 8270, 100
2026/09/29 09:58:14.536, 3, 8146, 100
2026/09/29 09:58:14.537, 4, 8208, 100
2026/09/29 09:58:14.537, 5, 8228, 100
2026/09/29 09:58:14.537, 6, 8228, 100
2026/09/29 09:58:14.537, 7, 8244, 100
2026/09/29 09:58:15.537, 0, 8348, 100
2026/09/29 09:58:15.537, 1, 8228, 100
2026/09/29 09:58:15.537, 2, 8270, 100
2026/09/29 09:58:15.537, 3, 8146, 100
2026/09/29 09:58:15.537, 4, 8208, 100
2026/09/29 09:58:15.537, 5, 8228, 100
2026/09/29 09:58:15.537, 6, 8228, 100
2026/09/29 09:58:15.537, 7, 8244, 100
2026/09/29 09:58:16.537, 0, 8348, 100
2026/09/29 09:58:16.537, 1, 8228, 100
2026/09/29 09:58:16.537, 2, 8270, 100
2026/09/29 09:58:16.537, 3, 8146, 100
2026/09/29 09:58:16.537, 4, 8208, 100
2026/09/29 09:58:16.538, 5, 8228, 100
2026/09/29 09:58:16.538, 6, 8228, 100
2026/09/29 09:58:16.538, 7, 8244, 100
2026/09/29 09:58:17.538, 0, 8348, 100
2026/09/29 09:58:17.538, 1, 8228, 100
2026/09/29 09:58:17.538, 2, 8270, 100
2026/09/29 09:58:17.538, 3, 8146, 100
2026/09/29 09:58:17.538, 4, 8208, 100
2026/09/29 09:58:17.538, 5, 8228, 100
2026/09/29 09:58:17.538, 6, 8228, 100
2026/09/29 09:58:17.538, 7, 8244, 100
2026/09/29 09:58:18.538, 0, 8348, 100
2026/09/29 09:58:18.539, 1, 8228, 100
2026/09/29 09:58:18.539, 2, 8270, 100
2026/09/29 09:58:18.539, 3, 8146, 100
2026/09/29 09:58:18.539, 4, 8208, 100
2026/09/29 09:58:18.539, 5, 8228, 100
2026/09/29 09:58:18.539, 6, 8228, 100
2026/09/29 09:58:18.539, 7, 8244, 100
2026/09/29 09:58:19.539, 0, 8348, 100
2026/09/29 09:58:19.539, 1, 8228, 100
2026/09/29 09:58:19.539, 2, 8270, 100
2026/09/29 09:58:19.539, 3, 8146, 100
2026/09/29 09:58:19.539, 4, 8208, 100
2026/09/29 09:58:19.539, 5, 8228, 100
2026/09/29 09:58:19.539, 6, 8228, 100
2026/09/29 09:58:19.539, 7, 8244, 100
2026/09/29 09:58:20.539, 0, 8348, 100
2026/09/29 09:58:20.539, 1, 8228, 100
2026/09/29 09:58:20.539, 2, 8270, 100
2026/09/29 09:58:20.539, 3, 8146, 100
2026/09/29 09:58:20.539, 4, 8208, 100
2026/09/29 09:58:20.540, 5, 8228, 100
2026/09/29 09:58:20.540, 6, 8228, 100
2026/09/29 09:58:20.540, 7, 8244, 100
2026/09/29 09:58:21.540, 0, 8348, 100
2026/09/29 09:58:21.540, 1, 8228, 100
2026/09/29 09:58:21.540, 2, 8270, 100
2026/09/29 09:58:21.540, 3, 8146, 100
2026/09/29 09:58:21.540, 4, 8208, 100
2026/09/29 09:58:21.540, 5, 8228, 100
2026/09/29 09:58:21.540, 6, 8228, 100
2026/09/29 09:58:21.540, 7, 8244, 100
2026/09/29 09:58:22.540, 0, 8348, 100
2026/09/29 09:58:22.540, 1, 8228, 100
2026/09/29 09:58:22.540, 2, 8270, 100
2026/09/29 09:58:22.540, 3, 8146, 100
2026/09/29 09:58:22.540, 4, 8208, 100
2026/09/29 09:58:22.540, 5, 8228, 100
2026/09/29 09:58:22.540, 6, 8228, 100
2026/09/29 09:58:22.540, 7, 8244, 100
2026/09/29 09:58:23.541, 0, 8348, 100
2026/09/29 09:58:23.541, 1, 8228, 100
2026/09/29 09:58:23.541, 2, 8270, 100
2026/09/29 09:58:23.541, 3, 8146, 100
2026/09/29 09:58:23.541, 4, 8208, 100
2026/09/29 09:58:23.541, 5, 8228, 100
2026/09/29 09:58:23.541, 6, 8228, 100
2026/09/29 09:58:23.541, 7, 8244, 100
2026/09/29 09:58:24.541, 0, 8348, 100
2026/09/29 09:58:24.542, 1, 8228, 100
2026/09/29 09:58:24.542, 2, 8270, 100
2026/09/29 09:58:24.542, 3, 8146, 100
2026/09/29 09:58:24.542, 4, 8208, 100
2026/09/29 09:58:24.542, 5, 8228, 100
2026/09/29 09:58:24.542, 6, 8228, 100
2026/09/29 09:58:24.542, 7, 8244, 100
2026/09/29 09:58:25.542, 0, 8348, 100
2026/09/29 09:58:25.542, 1, 8228, 100
2026/09/29 09:58:25.542, 2, 8270, 100
2026/09/29 09:58:25.542, 3, 8146, 100
2026/09/29 09:58:25.542, 4, 8208, 100
2026/09/29 09:58:25.542, 5, 8228, 100
2026/09/29 09:58:25.542, 6, 8228, 100
2026/09/29 09:58:25.542, 7, 8244, 100
2026/09/29 09:58:26.543, 0, 8348, 100
2026/09/29 09:58:26.543, 1, 8228, 100
2026/09/29 09:58:26.543, 2, 8270, 100
2026/09/29 09:58:26.543, 3, 8146, 100
2026/09/29 09:58:26.543, 4, 8208, 100
2026/09/29 09:58:26.543, 5, 8228, 100
2026/09/29 09:58:26.543, 6, 8228, 100
2026/09/29 09:58:26.543, 7, 8244, 100
2026/09/29 09:58:27.543, 0, 8348, 100
2026/09/29 09:58:27.543, 1, 8228, 100
2026/09/29 09:58:27.543, 2, 8270, 100
2026/09/29 09:58:27.543, 3, 8146, 100
2026/09/29 09:58:27.543, 4, 8208, 100
2026/09/29 09:58:27.543, 5, 8228, 100
2026/09/29 09:58:27.543, 6, 8228, 100
2026/09/29 09:58:27.543, 7, 8244, 100
2026/09/29 09:58:28.544, 0, 8348, 100
2026/09/29 09:58:28.544, 1, 8228, 100
2026/09/29 09:58:28.544, 2, 8270, 100
2026/09/29 09:58:28.544, 3, 8146, 100
2026/09/29 09:58:28.544, 4, 8208, 100
2026/09/29 09:58:28.544, 5, 8228, 100
2026/09/29 09:58:28.544, 6, 8228, 100
2026/09/29 09:58:28.544, 7, 8244, 100
2026/09/29 09:58:29.544, 0, 8348, 100
2026/09/29 09:58:29.544, 1, 8228, 100
2026/09/29 09:58:29.544, 2, 8270, 100
2026/09/29 09:58:29.544, 3, 8146, 100
2026/09/29 09:58:29.544, 4, 8208, 100
2026/09/29 09:58:29.544, 5, 8228, 100
2026/09/29 09:58:29.545, 6, 8228, 100
2026/09/29 09:58:29.545, 7, 8244, 100
2026/09/29 09:58:30.545, 0, 8348, 100
2026/09/29 09:58:30.545, 1, 8228, 100
2026/09/29 09:58:30.545, 2, 8270, 100
2026/09/29 09:58:30.545, 3, 8146, 100
2026/09/29 09:58:30.545, 4, 8208, 100
2026/09/29 09:58:30.545, 5, 8228, 100
2026/09/29 09:58:30.545, 6, 8228, 100
2026/09/29 09:58:30.545, 7, 8244, 100
2026/09/29 09:58:31.545, 0, 8348, 100
2026/09/29 09:58:31.546, 1, 8228, 100
2026/09/29 09:58:31.546, 2, 8270, 100
2026/09/29 09:58:31.546, 3, 8146, 100
2026/09/29 09:58:31.546, 4, 8208, 100
2026/09/29 09:58:31.546, 5, 8228, 100
2026/09/29 09:58:31.546, 6, 8228, 100
2026/09/29 09:58:31.546, 7, 8244, 100
2026/09/29 09:58:32.546, 0, 8348, 100
2026/09/29 09:58:32.546, 1, 8228, 100
2026/09/29 09:58:32.546, 2, 8270, 100
2026/09/29 09:58:32.546, 3, 8146, 100
2026/09/29 09:58:32.546, 4, 8208, 100
2026/09/29 09:58:32.546, 5, 8228, 100
2026/09/29 09:58:32.546, 6, 8228, 100
2026/09/29 09:58:32.546, 7, 8244, 100
2026/09/29 09:58:33.546, 0, 8348, 100
2026/09/29 09:58:33.547, 1, 8228, 100
2026/09/29 09:58:33.547, 2, 8270, 100
2026/09/29 09:58:33.547, 3, 8146, 100
2026/09/29 09:58:33.547, 4, 8208, 100
2026/09/29 09:58:33.547, 5, 8228, 100
2026/09/29 09:58:33.547, 6, 8228, 100
2026/09/29 09:58:33.547, 7, 8244, 100
2026/09/29 09:58:34.547, 0, 8348, 100
2026/09/29 09:58:34.547, 1, 8228, 100
2026/09/29 09:58:34.547, 2, 8270, 100
2026/09/29 09:58:34.547, 3, 8146, 100
2026/09/29 09:58:34.547, 4, 8208, 100
2026/09/29 09:58:34.547, 5, 8228, 100
2026/09/29 09:58:34.547, 6, 8228, 100
2026/09/29 09:58:34.547, 7, 8244, 100
2026/09/29 09:58:35.548, 0, 8348, 100
2026/09/29 09:58:35.548, 1, 8228, 100
2026/09/29 09:58:35.548, 2, 8270, 100
2026/09/29 09:58:35.548, 3, 8146, 100
2026/09/29 09:58:35.548, 4, 8208, 100
2026/09/29 09:58:35.548, 5, 8228, 100
2026/09/29 09:58:35.548, 6, 8228, 100
2026/09/29 09:58:35.548, 7, 8244, 100
2026/09/29 09:58:36.548, 0, 3856, 95
2026/09/29 09:58:36.548, 1, 3736, 100
2026/09/29 09:58:36.548, 2, 3798, 100
2026/09/29 09:58:36.548, 3, 3778, 100
2026/09/29 09:58:36.548, 4, 3780, 48
2026/09/29 09:58:36.548, 5, 3736, 100
2026/09/29 09:58:36.548, 6, 3802, 30
2026/09/29 09:58:36.548, 7, 3854, 100
2026/09/29 09:58:37.549, 0, 3956, 99
2026/09/29 09:58:37.549, 1, 4016, 98
2026/09/29 09:58:37.549, 2, 3958, 97
2026/09/29 09:58:37.549, 3, 3938, 98
2026/09/29 09:58:37.549, 4, 3940, 99
2026/09/29 09:58:37.549, 5, 3956, 98
2026/09/29 09:58:37.549, 6, 3942, 97
2026/09/29 09:58:37.549, 7, 3954, 65
2026/09/29 09:58:38.549, 0, 3292, 3
2026/09/29 09:58:38.549, 1, 3290, 61
2026/09/29 09:58:38.549, 2, 3272, 60
2026/09/29 09:58:38.549, 3, 3274, 7
2026/09/29 09:58:38.549, 4, 3248, 0
2026/09/29 09:58:38.550, 5, 3276, 58
2026/09/29 09:58:38.550, 6, 3316, 0
2026/09/29 09:58:38.550, 7, 3266, 98
2026/09/29 09:58:39.550, 0, 3292, 0
2026/09/29 09:58:39.550, 1, 3290, 0
2026/09/29 09:58:39.550, 2, 3272, 0
2026/09/29 09:58:39.550, 3, 3274, 0
2026/09/29 09:58:39.550, 4, 3248, 0
2026/09/29 09:58:39.550, 5, 3276, 0
2026/09/29 09:58:39.550, 6, 3316, 0
2026/09/29 09:58:39.550, 7, 3266, 0
2026/09/29 09:58:40.551, 0, 3292, 0
2026/09/29 09:58:40.551, 1, 3290, 0
2026/09/29 09:58:40.551, 2, 3272, 0
2026/09/29 09:58:40.551, 3, 3274, 0
2026/09/29 09:58:40.551, 4, 3248, 0
2026/09/29 09:58:40.551, 5, 3276, 0
2026/09/29 09:58:40.551, 6, 3316, 0
2026/09/29 09:58:40.551, 7, 3266, 0
2026/09/29 09:58:41.551, 0, 3292, 0
2026/09/29 09:58:41.551, 1, 3290, 0
2026/09/29 09:58:41.551, 2, 3272, 0
2026/09/29 09:58:41.551, 3, 3274, 0
2026/09/29 09:58:41.551, 4, 3248, 0
2026/09/29 09:58:41.551, 5, 3276, 0
2026/09/29 09:58:41.552, 6, 3316, 0
2026/09/29 09:58:41.552, 7, 3266, 0
2026/09/29 09:58:42.552, 0, 3292, 0
2026/09/29 09:58:42.552, 1, 3290, 0
2026/09/29 09:58:42.552, 2, 3272, 0
2026/09/29 09:58:42.552, 3, 3274, 0
2026/09/29 09:58:42.552, 4, 3248, 0
2026/09/29 09:58:42.552, 5, 3276, 0
2026/09/29 09:58:42.552, 6, 3316, 0
2026/09/29 09:58:42.552, 7, 3266, 0
2026/09/29 09:58:43.552, 0, 3292, 0
2026/09/29 09:58:43.553, 1, 3226, 0
2026/09/29 09:58:43.553, 2, 3226, 0
2026/09/29 09:58:43.553, 3, 3172, 0
2026/09/29 09:58:43.553, 4, 3146, 38
2026/09/29 09:58:43.553, 5, 3276, 0
2026/09/29 09:58:43.553, 6, 3214, 0
2026/09/29 09:58:43.553, 7, 3266, 0
2026/09/29 09:58:44.553, 0, 3190, 0
2026/09/29 09:58:44.553, 1, 3188, 0
2026/09/29 09:58:44.553, 2, 3170, 0
2026/09/29 09:58:44.553, 3, 3172, 0
2026/09/29 09:58:44.553, 4, 3146, 0
2026/09/29 09:58:44.554, 5, 3174, 0
2026/09/29 09:58:44.554, 6, 3214, 0
2026/09/29 09:58:44.554, 7, 3166, 0
2026/09/29 09:58:45.554, 0, 3190, 0
2026/09/29 09:58:45.554, 1, 3188, 0
2026/09/29 09:58:45.554, 2, 3170, 0
2026/09/29 09:58:45.554, 3, 3172, 0
2026/09/29 09:58:45.554, 4, 3146, 0
2026/09/29 09:58:45.554, 5, 3174, 0
2026/09/29 09:58:45.554, 6, 3214, 0
2026/09/29 09:58:45.554, 7, 3166, 0
2026/09/29 09:58:46.554, 0, 3190, 0
2026/09/29 09:58:46.554, 1, 3188, 0
2026/09/29 09:58:46.555, 2, 3170, 0
2026/09/29 09:58:46.555, 3, 3172, 0
2026/09/29 09:58:46.555, 4, 3146, 0
2026/09/29 09:58:46.555, 5, 3174, 0
2026/09/29 09:58:46.555, 6, 3214, 0
2026/09/29 09:58:46.555, 7, 3166, 0
2026/09/29 09:58:47.555, 0, 3190, 0
2026/09/29 09:58:47.555, 1, 3188, 0
2026/09/29 09:58:47.555, 2, 3170, 0
2026/09/29 09:58:47.555, 3, 3172, 0
2026/09/29 09:58:47.555, 4, 3146, 0
2026/09/29 09:58:47.555, 5, 3174, 0
2026/09/29 09:58:47.555, 6, 3214, 0
2026/09/29 09:58:47.555, 7, 3166, 0
2026/09/29 09:58:48.556, 0, 3190, 0
2026/09/29 09:58:48.556, 1, 3188, 0
2026/09/29 09:58:48.556, 2, 3170, 0
2026/09/29 09:58:48.556, 3, 3172, 0
2026/09/29 09:58:48.556, 4, 3146, 0
2026/09/29 09:58:48.556, 5, 3174, 0
2026/09/29 09:58:48.556, 6, 3214, 0
2026/09/29 09:58:48.556, 7, 3166, 0
2026/09/29 09:58:49.556, 0, 3190, 0
2026/09/29 09:58:49.556, 1, 3188, 0
2026/09/29 09:58:49.557, 2, 3170, 0
2026/09/29 09:58:49.557, 3, 3172, 0
2026/09/29 09:58:49.557, 4, 3146, 0
2026/09/29 09:58:49.557, 5, 3174, 0
2026/09/29 09:58:49.557, 6, 3214, 0
2026/09/29 09:58:49.557, 7, 3166, 0
2026/09/29 09:58:50.557, 0, 3190, 0
2026/09/29 09:58:50.557, 1, 3188, 0
2026/09/29 09:58:50.557, 2, 3170, 0
2026/09/29 09:58:50.557, 3, 3172, 0
2026/09/29 09:58:50.557, 4, 3146, 0
2026/09/29 09:58:50.557, 5, 3174, 0
2026/09/29 09:58:50.557, 6, 3214, 0
2026/09/29 09:58:50.557, 7, 3166, 0
2026/09/29 09:58:51.558, 0, 3190, 0
2026/09/29 09:59:08.669, 1, 4, 0
2026/09/29 10:00:05.612, 2, 4, 0
2026/09/29 10:00:05.654, 3, 4, 0
2026/09/29 10:00:05.655, 4, 4, 0
2026/09/29 10:00:05.655, 5, 4, 0
2026/09/29 10:00:05.655, 6, 4, 0
2026/09/29 10:00:05.656, 7, 4, 0
