2026/09/29 11:37:50.042, 0, 1, 0
2026/09/29 11:37:50.045, 1, 1, 0
2026/09/29 11:37:50.047, 2, 1, 0
2026/09/29 11:37:50.048, 3, 1, 0
2026/09/29 11:37:50.050, 4, 1, 0
2026/09/29 11:37:50.052, 5, 1, 0
2026/09/29 11:37:50.055, 6, 1, 0
2026/09/29 11:37:50.057, 7, 1, 0
2026/09/29 11:37:51.059, 0, 1, 0
2026/09/29 11:37:51.059, 1, 1, 0
2026/09/29 11:37:51.059, 2, 1, 0
2026/09/29 11:37:51.059, 3, 1, 0
2026/09/29 11:37:51.059, 4, 1, 0
2026/09/29 11:37:51.060, 5, 1, 0
2026/09/29 11:37:51.060, 6, 1, 0
2026/09/29 11:37:51.060, 7, 1, 0
2026/09/29 11:37:52.060, 0, 4, 0
2026/09/29 11:37:52.060, 1, 1, 0
2026/09/29 11:37:52.060, 2, 1, 0
2026/09/29 11:37:52.060, 3, 1, 0
2026/09/29 11:37:52.061, 4, 1, 0
2026/09/29 11:37:52.061, 5, 1, 0
2026/09/29 11:37:52.061, 6, 1, 0
2026/09/29 11:37:52.061, 7, 1, 0
2026/09/29 11:37:53.061, 0, 4, 0
2026/09/29 11:37:53.061, 1, 4, 0
2026/09/29 11:37:53.061, 2, 4, 0
2026/09/29 11:37:53.061, 3, 4, 0
2026/09/29 11:37:53.061, 4, 4, 0
2026/09/29 11:37:53.061, 5, 4, 0
2026/09/29 11:37:53.061, 6, 4, 0
2026/09/29 11:37:53.061, 7, 4, 0
2026/09/29 11:37:54.061, 0, 4, 0
2026/09/29 11:37:54.061, 1, 4, 0
2026/09/29 11:37:54.061, 2, 4, 0
2026/09/29 11:37:54.061, 3, 4, 0
2026/09/29 11:37:54.062, 4, 4, 0
2026/09/29 11:37:54.062, 5, 4, 0
2026/09/29 11:37:54.062, 6, 4, 0
2026/09/29 11:37:54.062, 7, 4, 0
2026/09/29 11:37:55.062, 0, 4, 0
2026/09/29 11:37:55.062, 1, 4, 0
2026/09/29 11:37:55.062, 2, 4, 0
2026/09/29 11:37:55.062, 3, 4, 0
2026/09/29 11:37:55.062, 4, 4, 0
2026/09/29 11:37:55.062, 5, 4, 0
2026/09/29 11:37:55.062, 6, 4, 0
2026/09/29 11:37:55.062, 7, 4, 0
2026/09/29 11:37:56.062, 0, 4, 0
2026/09/29 11:37:56.063, 1, 4, 0
2026/09/29 11:37:56.063, 2, 4, 0
2026/09/29 11:37:56.063, 3, 4, 0
2026/09/29 11:37:56.063, 4, 4, 0
2026/09/29 11:37:56.063, 5, 4, 0
2026/09/29 11:37:56.063, 6, 4, 0
2026/09/29 11:37:56.063, 7, 4, 0
2026/09/29 11:37:57.063, 0, 4, 0
2026/09/29 11:37:57.063, 1, 4, 0
2026/09/29 11:37:57.063, 2, 4, 0
2026/09/29 11:37:57.063, 3, 4, 0
2026/09/29 11:37:57.063, 4, 4, 0
2026/09/29 11:37:57.063, 5, 4, 0
2026/09/29 11:37:57.063, 6, 4, 0
2026/09/29 11:37:57.063, 7, 4, 0
2026/09/29 11:37:58.064, 0, 4, 0
2026/09/29 11:37:58.064, 1, 4, 0
2026/09/29 11:37:58.064, 2, 4, 0
2026/09/29 11:37:58.064, 3, 4, 0
2026/09/29 11:37:58.064, 4, 4, 0
2026/09/29 11:37:58.064, 5, 4, 0
2026/09/29 11:37:58.064, 6, 4, 0
2026/09/29 11:37:58.064, 7, 4, 0
2026/09/29 11:37:59.064, 0, 4, 0
2026/09/29 11:37:59.065, 1, 4, 0
2026/09/29 11:37:59.065, 2, 4, 0
2026/09/29 11:37:59.065, 3, 4, 0
2026/09/29 11:37:59.065, 4, 4, 0
2026/09/29 11:37:59.065, 5, 4, 0
2026/09/29 11:37:59.065, 6, 4, 0
2026/09/29 11:37:59.065, 7, 4, 0
2026/09/29 11:38:00.065, 0, 4, 0
2026/09/29 11:38:00.065, 1, 4, 0
2026/09/29 11:38:00.066, 2, 4, 0
2026/09/29 11:38:00.066, 3, 4, 0
2026/09/29 11:38:00.066, 4, 4, 0
2026/09/29 11:38:00.066, 5, 4, 0
2026/09/29 11:38:00.066, 6, 4, 0
2026/09/29 11:38:00.066, 7, 4, 0
2026/09/29 11:38:01.066, 0, 4, 0
2026/09/29 11:38:01.067, 1, 4, 0
2026/09/29 11:38:01.068, 2, 4, 0
2026/09/29 11:38:01.071, 3, 4, 0
2026/09/29 11:38:01.072, 4, 4, 0
2026/09/29 11:38:01.072, 5, 4, 0
2026/09/29 11:38:01.073, 6, 4, 0
2026/09/29 11:38:01.073, 7, 4, 0
2026/09/29 11:38:02.074, 0, 4, 0
2026/09/29 11:38:02.074, 1, 4, 0
2026/09/29 11:38:02.074, 2, 4, 0
2026/09/29 11:38:02.074, 3, 4, 0
2026/09/29 11:38:02.074, 4, 4, 0
2026/09/29 11:38:02.074, 5, 4, 0
2026/09/29 11:38:02.074, 6, 4, 0
2026/09/29 11:38:02.074, 7, 4, 0
2026/09/29 11:38:03.074, 0, 4, 0
2026/09/29 11:38:03.108, 1, 4, 0
2026/09/29 11:38:03.109, 2, 4, 0
2026/09/29 11:38:03.110, 3, 21, 0
2026/09/29 11:38:03.111, 4, 4, 0
2026/09/29 11:38:03.113, 5, 21, 0
2026/09/29 11:38:03.115, 6, 4, 0
2026/09/29 11:38:03.116, 7, 19, 0
2026/09/29 11:38:04.117, 0, 396, 0
2026/09/29 11:38:04.118, 1, 36, 0
2026/09/29 11:38:04.119, 2, 396, 0
2026/09/29 11:38:04.120, 3, 396, 0
2026/09/29 11:38:04.120, 4, 396, 0
2026/09/29 11:38:04.120, 5, 396, 2
2026/09/29 11:38:04.120, 6, 396, 0
2026/09/29 11:38:04.120, 7, 396, 0
2026/09/29 11:38:05.120, 0, 606, 2
2026/09/29 11:38:05.120, 1, 606, 0
2026/09/29 11:38:05.120, 2, 606, 0
2026/09/29 11:38:05.121, 3, 606, 6
2026/09/29 11:38:05.121, 4, 606, 0
2026/09/29 11:38:05.121, 5, 606, 0
2026/09/29 11:38:05.121, 6, 606, 6
2026/09/29 11:38:05.121, 7, 606, 0
2026/09/29 11:38:06.121, 0, 606, 0
2026/09/29 11:38:06.121, 1, 606, 0
2026/09/29 11:38:06.121, 2, 606, 0
2026/09/29 11:38:06.121, 3, 606, 0
2026/09/29 11:38:06.121, 4, 606, 0
2026/09/29 11:38:06.121, 5, 606, 0
2026/09/29 11:38:06.121, 6, 606, 0
2026/09/29 11:38:06.121, 7, 606, 0
2026/09/29 11:38:07.122, 0, 606, 0
2026/09/29 11:38:07.122, 1, 606, 0
2026/09/29 11:38:07.122, 2, 606, 0
2026/09/29 11:38:07.122, 3, 606, 0
2026/09/29 11:38:07.122, 4, 606, 0
2026/09/29 11:38:07.122, 5, 606, 0
2026/09/29 11:38:07.122, 6, 606, 0
2026/09/29 11:38:07.122, 7, 606, 0
2026/09/29 11:38:08.122, 0, 606, 0
2026/09/29 11:38:08.122, 1, 606, 0
2026/09/29 11:38:08.122, 2, 606, 0
2026/09/29 11:38:08.122, 3, 606, 0
2026/09/29 11:38:08.122, 4, 606, 0
2026/09/29 11:38:08.123, 5, 606, 0
2026/09/29 11:38:08.123, 6, 606, 0
2026/09/29 11:38:08.123, 7, 606, 0
2026/09/29 11:38:09.123, 0, 606, 0
2026/09/29 11:38:09.123, 1, 606, 0
2026/09/29 11:38:09.123, 2, 606, 0
2026/09/29 11:38:09.123, 3, 606, 0
2026/09/29 11:38:09.123, 4, 606, 0
2026/09/29 11:38:09.123, 5, 606, 0
2026/09/29 11:38:09.123, 6, 606, 0
2026/09/29 11:38:09.123, 7, 606, 0
2026/09/29 11:38:10.123, 0, 606, 0
2026/09/29 11:38:10.123, 1, 606, 0
2026/09/29 11:38:10.124, 2, 606, 0
2026/09/29 11:38:10.124, 3, 606, 0
2026/09/29 11:38:10.124, 4, 606, 0
2026/09/29 11:38:10.124, 5, 606, 0
2026/09/29 11:38:10.124, 6, 606, 0
2026/09/29 11:38:10.124, 7, 606, 0
2026/09/29 11:38:11.124, 0, 606, 0
2026/09/29 11:38:11.124, 1, 606, 0
2026/09/29 11:38:11.124, 2, 606, 0
2026/09/29 11:38:11.124, 3, 606, 0
2026/09/29 11:38:11.124, 4, 606, 0
2026/09/29 11:38:11.124, 5, 606, 0
2026/09/29 11:38:11.124, 6, 606, 0
2026/09/29 11:38:11.124, 7, 606, 0
2026/09/29 11:38:12.124, 0, 606, 0
2026/09/29 11:38:12.125, 1, 606, 0
2026/09/29 11:38:12.125, 2, 606, 0
2026/09/29 11:38:12.125, 3, 606, 0
2026/09/29 11:38:12.125, 4, 606, 0
2026/09/29 11:38:12.125, 5, 606, 0
2026/09/29 11:38:12.125, 6, 606, 0
2026/09/29 11:38:12.125, 7, 606, 0
2026/09/29 11:38:13.126, 0, 606, 0
2026/09/29 11:38:13.126, 1, 606, 0
2026/09/29 11:38:13.126, 2, 606, 0
2026/09/29 11:38:13.126, 3, 606, 0
2026/09/29 11:38:13.126, 4, 606, 0
2026/09/29 11:38:13.126, 5, 606, 0
2026/09/29 11:38:13.126, 6, 606, 0
2026/09/29 11:38:13.126, 7, 606, 0
2026/09/29 11:38:14.126, 0, 606, 0
2026/09/29 11:38:14.126, 1, 606, 0
2026/09/29 11:38:14.126, 2, 606, 0
2026/09/29 11:38:14.126, 3, 606, 0
2026/09/29 11:38:14.126, 4, 606, 0
2026/09/29 11:38:14.126, 5, 606, 0
2026/09/29 11:38:14.127, 6, 606, 0
2026/09/29 11:38:14.127, 7, 606, 0
2026/09/29 11:38:15.127, 0, 606, 0
2026/09/29 11:38:15.127, 1, 606, 0
2026/09/29 11:38:15.127, 2, 606, 0
2026/09/29 11:38:15.127, 3, 606, 0
2026/09/29 11:38:15.127, 4, 606, 0
2026/09/29 11:38:15.127, 5, 606, 0
2026/09/29 11:38:15.127, 6, 606, 0
2026/09/29 11:38:15.127, 7, 606, 0
2026/09/29 11:38:16.127, 0, 606, 0
2026/09/29 11:38:16.127, 1, 606, 0
2026/09/29 11:38:16.127, 2, 606, 0
2026/09/29 11:38:16.127, 3, 606, 0
2026/09/29 11:38:16.128, 4, 606, 0
2026/09/29 11:38:16.128, 5, 606, 0
2026/09/29 11:38:16.128, 6, 606, 0
2026/09/29 11:38:16.128, 7, 606, 0
2026/09/29 11:38:17.128, 0, 606, 0
2026/09/29 11:38:17.128, 1, 606, 0
2026/09/29 11:38:17.129, 2, 606, 0
2026/09/29 11:38:17.129, 3, 606, 0
2026/09/29 11:38:17.129, 4, 606, 0
2026/09/29 11:38:17.129, 5, 606, 0
2026/09/29 11:38:17.129, 6, 606, 0
2026/09/29 11:38:17.129, 7, 606, 0
2026/09/29 11:38:18.129, 0, 606, 0
2026/09/29 11:38:18.129, 1, 606, 0
2026/09/29 11:38:18.129, 2, 606, 0
2026/09/29 11:38:18.129, 3, 606, 0
2026/09/29 11:38:18.129, 4, 606, 0
2026/09/29 11:38:18.129, 5, 606, 0
2026/09/29 11:38:18.130, 6, 606, 0
2026/09/29 11:38:18.130, 7, 606, 0
2026/09/29 11:38:19.130, 0, 606, 0
2026/09/29 11:38:19.130, 1, 606, 0
2026/09/29 11:38:19.130, 2, 606, 0
2026/09/29 11:38:19.130, 3, 606, 0
2026/09/29 11:38:19.130, 4, 606, 0
2026/09/29 11:38:19.130, 5, 606, 0
2026/09/29 11:38:19.130, 6, 606, 0
2026/09/29 11:38:19.130, 7, 606, 0
2026/09/29 11:38:20.130, 0, 606, 0
2026/09/29 11:38:20.130, 1, 606, 0
2026/09/29 11:38:20.130, 2, 606, 0
2026/09/29 11:38:20.131, 3, 606, 0
2026/09/29 11:38:20.131, 4, 606, 0
2026/09/29 11:38:20.131, 5, 606, 0
2026/09/29 11:38:20.131, 6, 606, 0
2026/09/29 11:38:20.131, 7, 606, 0
2026/09/29 11:38:21.131, 0, 606, 0
2026/09/29 11:38:21.131, 1, 606, 0
2026/09/29 11:38:21.131, 2, 606, 0
2026/09/29 11:38:21.131, 3, 606, 0
2026/09/29 11:38:21.131, 4, 606, 0
2026/09/29 11:38:21.131, 5, 606, 0
2026/09/29 11:38:21.131, 6, 606, 0
2026/09/29 11:38:21.131, 7, 606, 0
2026/09/29 11:38:22.132, 0, 606, 0
2026/09/29 11:38:22.132, 1, 606, 0
2026/09/29 11:38:22.132, 2, 606, 0
2026/09/29 11:38:22.132, 3, 606, 0
2026/09/29 11:38:22.133, 4, 606, 0
2026/09/29 11:38:22.133, 5, 606, 0
2026/09/29 11:38:22.133, 6, 606, 0
2026/09/29 11:38:22.133, 7, 606, 0
2026/09/29 11:38:23.133, 0, 606, 0
2026/09/29 11:38:23.133, 1, 606, 0
2026/09/29 11:38:23.133, 2, 606, 0
2026/09/29 11:38:23.133, 3, 606, 0
2026/09/29 11:38:23.133, 4, 606, 0
2026/09/29 11:38:23.133, 5, 606, 0
2026/09/29 11:38:23.133, 6, 606, 0
2026/09/29 11:38:23.133, 7, 606, 0
2026/09/29 11:38:24.133, 0, 606, 0
2026/09/29 11:38:24.133, 1, 606, 0
2026/09/29 11:38:24.133, 2, 606, 0
2026/09/29 11:38:24.134, 3, 606, 0
2026/09/29 11:38:24.134, 4, 606, 0
2026/09/29 11:38:24.134, 5, 606, 0
2026/09/29 11:38:24.134, 6, 606, 0
2026/09/29 11:38:24.134, 7, 606, 0
2026/09/29 11:38:25.134, 0, 606, 0
2026/09/29 11:38:25.134, 1, 606, 0
2026/09/29 11:38:25.134, 2, 606, 0
2026/09/29 11:38:25.134, 3, 606, 0
2026/09/29 11:38:25.134, 4, 606, 0
2026/09/29 11:38:25.134, 5, 606, 0
2026/09/29 11:38:25.134, 6, 606, 0
2026/09/29 11:38:25.134, 7, 606, 0
2026/09/29 11:38:26.134, 0, 606, 0
2026/09/29 11:38:26.135, 1, 606, 0
2026/09/29 11:38:26.135, 2, 606, 0
2026/09/29 11:38:26.135, 3, 606, 0
2026/09/29 11:38:26.135, 4, 606, 0
2026/09/29 11:38:26.135, 5, 606, 0
2026/09/29 11:38:26.135, 6, 606, 0
2026/09/29 11:38:26.135, 7, 606, 0
2026/09/29 11:38:27.135, 0, 606, 0
2026/09/29 11:38:27.135, 1, 606, 0
2026/09/29 11:38:27.136, 2, 606, 0
2026/09/29 11:38:27.136, 3, 606, 0
2026/09/29 11:38:27.136, 4, 606, 0
2026/09/29 11:38:27.136, 5, 606, 0
2026/09/29 11:38:27.136, 6, 606, 0
2026/09/29 11:38:27.136, 7, 606, 0
2026/09/29 11:38:28.137, 0, 606, 0
2026/09/29 11:38:28.137, 1, 606, 0
2026/09/29 11:38:28.137, 2, 606, 0
2026/09/29 11:38:28.137, 3, 606, 0
2026/09/29 11:38:28.137, 4, 606, 0
2026/09/29 11:38:28.137, 5, 606, 0
2026/09/29 11:38:28.137, 6, 606, 0
2026/09/29 11:38:28.137, 7, 606, 0
2026/09/29 11:38:29.137, 0, 606, 0
2026/09/29 11:38:29.137, 1, 606, 0
2026/09/29 11:38:29.137, 2, 606, 0
2026/09/29 11:38:29.137, 3, 606, 0
2026/09/29 11:38:29.137, 4, 606, 0
2026/09/29 11:38:29.137, 5, 606, 0
2026/09/29 11:38:29.138, 6, 606, 0
2026/09/29 11:38:29.138, 7, 606, 0
2026/09/29 11:38:30.138, 0, 606, 0
2026/09/29 11:38:30.138, 1, 606, 0
2026/09/29 11:38:30.138, 2, 606, 0
2026/09/29 11:38:30.138, 3, 606, 0
2026/09/29 11:38:30.138, 4, 606, 0
2026/09/29 11:38:30.138, 5, 606, 0
2026/09/29 11:38:30.138, 6, 606, 0
2026/09/29 11:38:30.138, 7, 606, 0
2026/09/29 11:38:31.138, 0, 606, 0
2026/09/29 11:38:31.138, 1, 606, 0
2026/09/29 11:38:31.139, 2, 606, 0
2026/09/29 11:38:31.139, 3, 606, 0
2026/09/29 11:38:31.139, 4, 606, 0
2026/09/29 11:38:31.139, 5, 606, 0
2026/09/29 11:38:31.139, 6, 606, 0
2026/09/29 11:38:31.139, 7, 606, 0
2026/09/29 11:38:32.139, 0, 606, 0
2026/09/29 11:38:32.139, 1, 606, 0
2026/09/29 11:38:32.139, 2, 606, 0
2026/09/29 11:38:32.139, 3, 606, 0
2026/09/29 11:38:32.139, 4, 606, 0
2026/09/29 11:38:32.139, 5, 606, 0
2026/09/29 11:38:32.139, 6, 606, 0
2026/09/29 11:38:32.139, 7, 606, 0
2026/09/29 11:38:33.139, 0, 606, 0
2026/09/29 11:38:33.139, 1, 606, 0
2026/09/29 11:38:33.139, 2, 606, 0
2026/09/29 11:38:33.139, 3, 606, 0
2026/09/29 11:38:33.139, 4, 606, 0
2026/09/29 11:38:33.139, 5, 606, 0
2026/09/29 11:38:33.139, 6, 606, 0
2026/09/29 11:38:33.139, 7, 606, 0
2026/09/29 11:38:34.139, 0, 606, 0
2026/09/29 11:38:34.140, 1, 606, 0
2026/09/29 11:38:34.140, 2, 606, 0
2026/09/29 11:38:34.140, 3, 606, 0
2026/09/29 11:38:34.140, 4, 606, 0
2026/09/29 11:38:34.140, 5, 606, 0
2026/09/29 11:38:34.140, 6, 606, 0
2026/09/29 11:38:34.140, 7, 606, 0
2026/09/29 11:38:35.140, 0, 606, 0
2026/09/29 11:38:35.140, 1, 606, 0
2026/09/29 11:38:35.140, 2, 606, 0
2026/09/29 11:38:35.140, 3, 606, 0
2026/09/29 11:38:35.140, 4, 606, 0
2026/09/29 11:38:35.140, 5, 606, 0
2026/09/29 11:38:35.140, 6, 606, 0
2026/09/29 11:38:35.140, 7, 606, 0
2026/09/29 11:38:36.140, 0, 606, 0
2026/09/29 11:38:36.140, 1, 606, 0
2026/09/29 11:38:36.140, 2, 606, 0
2026/09/29 11:38:36.140, 3, 606, 0
2026/09/29 11:38:36.140, 4, 606, 0
2026/09/29 11:38:36.140, 5, 606, 0
2026/09/29 11:38:36.141, 6, 606, 0
2026/09/29 11:38:36.141, 7, 606, 0
2026/09/29 11:38:37.141, 0, 606, 0
2026/09/29 11:38:37.141, 1, 606, 0
2026/09/29 11:38:37.141, 2, 606, 0
2026/09/29 11:38:37.141, 3, 606, 0
2026/09/29 11:38:37.141, 4, 606, 0
2026/09/29 11:38:37.141, 5, 606, 0
2026/09/29 11:38:37.141, 6, 606, 0
2026/09/29 11:38:37.141, 7, 606, 0
2026/09/29 11:38:38.141, 0, 606, 0
2026/09/29 11:38:38.141, 1, 606, 0
2026/09/29 11:38:38.141, 2, 606, 0
2026/09/29 11:38:38.141, 3, 606, 0
2026/09/29 11:38:38.141, 4, 606, 0
2026/09/29 11:38:38.142, 5, 606, 0
2026/09/29 11:38:38.142, 6, 606, 0
2026/09/29 11:38:38.142, 7, 606, 0
2026/09/29 11:38:39.142, 0, 606, 0
2026/09/29 11:38:39.142, 1, 606, 0
2026/09/29 11:38:39.142, 2, 606, 0
2026/09/29 11:38:39.142, 3, 606, 0
2026/09/29 11:38:39.142, 4, 606, 0
2026/09/29 11:38:39.142, 5, 606, 0
2026/09/29 11:38:39.142, 6, 606, 0
2026/09/29 11:38:39.142, 7, 606, 0
2026/09/29 11:38:40.142, 0, 606, 0
2026/09/29 11:38:40.142, 1, 606, 0
2026/09/29 11:38:40.143, 2, 606, 0
2026/09/29 11:38:40.143, 3, 606, 0
2026/09/29 11:38:40.143, 4, 606, 0
2026/09/29 11:38:40.143, 5, 606, 0
2026/09/29 11:38:40.143, 6, 606, 0
2026/09/29 11:38:40.143, 7, 606, 0
2026/09/29 11:38:41.143, 0, 606, 0
2026/09/29 11:38:41.143, 1, 606, 0
2026/09/29 11:38:41.143, 2, 606, 0
2026/09/29 11:38:41.143, 3, 606, 0
2026/09/29 11:38:41.143, 4, 606, 0
2026/09/29 11:38:41.143, 5, 606, 0
2026/09/29 11:38:41.143, 6, 606, 0
2026/09/29 11:38:41.143, 7, 606, 0
2026/09/29 11:38:42.143, 0, 606, 0
2026/09/29 11:38:42.144, 1, 606, 0
2026/09/29 11:38:42.145, 2, 606, 0
2026/09/29 11:38:42.145, 3, 606, 0
2026/09/29 11:38:42.145, 4, 606, 0
2026/09/29 11:38:42.145, 5, 606, 0
2026/09/29 11:38:42.145, 6, 606, 0
2026/09/29 11:38:42.145, 7, 606, 0
2026/09/29 11:38:43.145, 0, 606, 0
2026/09/29 11:38:43.145, 1, 606, 0
2026/09/29 11:38:43.145, 2, 606, 0
2026/09/29 11:38:43.145, 3, 606, 0
2026/09/29 11:38:43.145, 4, 606, 0
2026/09/29 11:38:43.145, 5, 606, 0
2026/09/29 11:38:43.145, 6, 606, 0
2026/09/29 11:38:43.145, 7, 606, 0
2026/09/29 11:38:44.145, 0, 606, 0
2026/09/29 11:38:44.146, 1, 606, 0
2026/09/29 11:38:44.146, 2, 606, 0
2026/09/29 11:38:44.146, 3, 606, 0
2026/09/29 11:38:44.146, 4, 606, 0
2026/09/29 11:38:44.146, 5, 606, 0
2026/09/29 11:38:44.146, 6, 606, 0
2026/09/29 11:38:44.146, 7, 606, 0
2026/09/29 11:38:45.146, 0, 606, 0
2026/09/29 11:38:45.146, 1, 606, 0
2026/09/29 11:38:45.146, 2, 606, 0
2026/09/29 11:38:45.146, 3, 606, 0
2026/09/29 11:38:45.146, 4, 606, 0
2026/09/29 11:38:45.146, 5, 606, 0
2026/09/29 11:38:45.146, 6, 606, 0
2026/09/29 11:38:45.146, 7, 606, 0
2026/09/29 11:38:46.147, 0, 606, 0
2026/09/29 11:38:46.147, 1, 606, 0
2026/09/29 11:38:46.147, 2, 606, 0
2026/09/29 11:38:46.147, 3, 606, 0
2026/09/29 11:38:46.147, 4, 606, 0
2026/09/29 11:38:46.147, 5, 606, 0
2026/09/29 11:38:46.147, 6, 606, 0
2026/09/29 11:38:46.147, 7, 606, 0
2026/09/29 11:38:47.147, 0, 606, 0
2026/09/29 11:38:47.147, 1, 606, 0
2026/09/29 11:38:47.148, 2, 606, 0
2026/09/29 11:38:47.148, 3, 606, 0
2026/09/29 11:38:47.148, 4, 606, 0
2026/09/29 11:38:47.148, 5, 606, 0
2026/09/29 11:38:47.148, 6, 606, 0
2026/09/29 11:38:47.148, 7, 606, 0
2026/09/29 11:38:48.148, 0, 606, 0
2026/09/29 11:38:48.148, 1, 606, 0
2026/09/29 11:38:48.148, 2, 606, 0
2026/09/29 11:38:48.148, 3, 606, 0
2026/09/29 11:38:48.148, 4, 606, 0
2026/09/29 11:38:48.148, 5, 606, 0
2026/09/29 11:38:48.148, 6, 606, 0
2026/09/29 11:38:48.148, 7, 606, 0
2026/09/29 11:38:49.149, 0, 606, 0
2026/09/29 11:38:49.149, 1, 606, 0
2026/09/29 11:38:49.149, 2, 606, 0
2026/09/29 11:38:49.149, 3, 606, 0
2026/09/29 11:38:49.149, 4, 606, 0
2026/09/29 11:38:49.149, 5, 606, 0
2026/09/29 11:38:49.149, 6, 606, 0
2026/09/29 11:38:49.149, 7, 606, 0
2026/09/29 11:38:50.149, 0, 606, 0
2026/09/29 11:38:50.149, 1, 606, 0
2026/09/29 11:38:50.149, 2, 606, 0
2026/09/29 11:38:50.149, 3, 606, 0
2026/09/29 11:38:50.149, 4, 606, 0
2026/09/29 11:38:50.149, 5, 606, 0
2026/09/29 11:38:50.150, 6, 606, 0
2026/09/29 11:38:50.150, 7, 606, 0
2026/09/29 11:38:51.150, 0, 606, 0
2026/09/29 11:38:51.150, 1, 606, 0
2026/09/29 11:38:51.150, 2, 606, 0
2026/09/29 11:38:51.150, 3, 606, 0
2026/09/29 11:38:51.150, 4, 606, 0
2026/09/29 11:38:51.150, 5, 606, 0
2026/09/29 11:38:51.150, 6, 606, 0
2026/09/29 11:38:51.150, 7, 606, 0
2026/09/29 11:38:52.150, 0, 606, 0
2026/09/29 11:38:52.150, 1, 606, 0
2026/09/29 11:38:52.152, 2, 606, 0
2026/09/29 11:38:52.152, 3, 606, 0
2026/09/29 11:38:52.152, 4, 606, 0
2026/09/29 11:38:52.152, 5, 606, 0
2026/09/29 11:38:52.152, 6, 606, 0
2026/09/29 11:38:52.152, 7, 606, 0
2026/09/29 11:38:53.152, 0, 606, 0
2026/09/29 11:38:53.152, 1, 606, 0
2026/09/29 11:38:53.152, 2, 606, 0
2026/09/29 11:38:53.152, 3, 606, 0
2026/09/29 11:38:53.152, 4, 606, 0
2026/09/29 11:38:53.152, 5, 606, 0
2026/09/29 11:38:53.152, 6, 606, 0
2026/09/29 11:38:53.152, 7, 606, 0
2026/09/29 11:38:54.152, 0, 606, 0
2026/09/29 11:38:54.153, 1, 606, 0
2026/09/29 11:38:54.153, 2, 606, 0
2026/09/29 11:38:54.153, 3, 606, 0
2026/09/29 11:38:54.153, 4, 606, 0
2026/09/29 11:38:54.153, 5, 606, 0
2026/09/29 11:38:54.153, 6, 606, 0
2026/09/29 11:38:54.153, 7, 606, 0
2026/09/29 11:38:55.153, 0, 606, 0
2026/09/29 11:38:55.153, 1, 606, 0
2026/09/29 11:38:55.153, 2, 606, 0
2026/09/29 11:38:55.153, 3, 606, 0
2026/09/29 11:38:55.153, 4, 606, 0
2026/09/29 11:38:55.153, 5, 606, 0
2026/09/29 11:38:55.153, 6, 606, 0
2026/09/29 11:38:55.153, 7, 606, 0
2026/09/29 11:38:56.154, 0, 606, 0
2026/09/29 11:38:56.154, 1, 606, 0
2026/09/29 11:38:56.154, 2, 606, 0
2026/09/29 11:38:56.154, 3, 606, 0
2026/09/29 11:38:56.154, 4, 606, 0
2026/09/29 11:38:56.154, 5, 606, 0
2026/09/29 11:38:56.154, 6, 606, 0
2026/09/29 11:38:56.154, 7, 606, 0
2026/09/29 11:38:57.154, 0, 606, 0
2026/09/29 11:38:57.154, 1, 606, 0
2026/09/29 11:38:57.155, 2, 606, 0
2026/09/29 11:38:57.156, 3, 606, 0
2026/09/29 11:38:57.156, 4, 606, 0
2026/09/29 11:38:57.156, 5, 606, 0
2026/09/29 11:38:57.156, 6, 606, 0
2026/09/29 11:38:57.156, 7, 606, 0
2026/09/29 11:38:58.156, 0, 606, 0
2026/09/29 11:38:58.156, 1, 606, 0
2026/09/29 11:38:58.156, 2, 606, 0
2026/09/29 11:38:58.156, 3, 606, 0
2026/09/29 11:38:58.156, 4, 606, 0
2026/09/29 11:38:58.156, 5, 606, 0
2026/09/29 11:38:58.156, 6, 606, 0
2026/09/29 11:38:58.156, 7, 606, 0
2026/09/29 11:38:59.156, 0, 606, 0
2026/09/29 11:38:59.156, 1, 606, 0
2026/09/29 11:38:59.156, 2, 606, 0
2026/09/29 11:38:59.157, 3, 606, 0
2026/09/29 11:38:59.157, 4, 606, 0
2026/09/29 11:38:59.157, 5, 606, 0
2026/09/29 11:38:59.157, 6, 606, 0
2026/09/29 11:38:59.157, 7, 606, 0
2026/09/29 11:39:00.157, 0, 606, 0
2026/09/29 11:39:00.157, 1, 606, 0
2026/09/29 11:39:00.157, 2, 606, 0
2026/09/29 11:39:00.157, 3, 606, 0
2026/09/29 11:39:00.157, 4, 606, 0
2026/09/29 11:39:00.157, 5, 606, 0
2026/09/29 11:39:00.157, 6, 606, 0
2026/09/29 11:39:00.157, 7, 606, 0
2026/09/29 11:39:01.157, 0, 606, 0
2026/09/29 11:39:01.158, 1, 606, 0
2026/09/29 11:39:01.158, 2, 606, 0
2026/09/29 11:39:01.158, 3, 606, 0
2026/09/29 11:39:01.158, 4, 606, 0
2026/09/29 11:39:01.158, 5, 606, 0
2026/09/29 11:39:01.158, 6, 606, 0
2026/09/29 11:39:01.158, 7, 606, 0
2026/09/29 11:39:02.158, 0, 606, 0
2026/09/29 11:39:02.158, 1, 606, 0
2026/09/29 11:39:02.158, 2, 606, 0
2026/09/29 11:39:02.158, 3, 606, 0
2026/09/29 11:39:02.158, 4, 606, 0
2026/09/29 11:39:02.158, 5, 606, 0
2026/09/29 11:39:02.158, 6, 606, 0
2026/09/29 11:39:02.159, 7, 606, 0
2026/09/29 11:39:03.159, 0, 606, 0
2026/09/29 11:39:03.159, 1, 606, 0
2026/09/29 11:39:03.159, 2, 606, 0
2026/09/29 11:39:03.159, 3, 606, 0
2026/09/29 11:39:03.159, 4, 606, 0
2026/09/29 11:39:03.159, 5, 606, 0
2026/09/29 11:39:03.159, 6, 606, 0
2026/09/29 11:39:03.159, 7, 606, 0
2026/09/29 11:39:04.159, 0, 606, 0
2026/09/29 11:39:04.159, 1, 606, 0
2026/09/29 11:39:04.159, 2, 606, 0
2026/09/29 11:39:04.159, 3, 606, 0
2026/09/29 11:39:04.160, 4, 606, 0
2026/09/29 11:39:04.160, 5, 606, 0
2026/09/29 11:39:04.160, 6, 606, 0
2026/09/29 11:39:04.160, 7, 606, 0
2026/09/29 11:39:05.160, 0, 606, 0
2026/09/29 11:39:05.160, 1, 1246, 1
2026/09/29 11:39:05.160, 2, 606, 0
2026/09/29 11:39:05.162, 3, 606, 0
2026/09/29 11:39:05.162, 4, 606, 0
2026/09/29 11:39:05.162, 5, 606, 0
2026/09/29 11:39:05.162, 6, 606, 0
2026/09/29 11:39:05.162, 7, 606, 0
2026/09/29 11:39:06.162, 0, 2148, 0
2026/09/29 11:39:06.162, 1, 2148, 0
2026/09/29 11:39:06.162, 2, 1106, 12
2026/09/29 11:39:06.162, 3, 2148, 0
2026/09/29 11:39:06.162, 4, 2146, 9
2026/09/29 11:39:06.163, 5, 666, 1
2026/09/29 11:39:06.163, 6, 1786, 0
2026/09/29 11:39:06.163, 7, 2146, 1
2026/09/29 11:39:07.163, 0, 2150, 0
2026/09/29 11:39:07.163, 1, 2150, 1
2026/09/29 11:39:07.163, 2, 2148, 0
2026/09/29 11:39:07.163, 3, 2150, 0
2026/09/29 11:39:07.163, 4, 2150, 0
2026/09/29 11:39:07.163, 5, 2148, 0
2026/09/29 11:39:07.163, 6, 2148, 12
2026/09/29 11:39:07.164, 7, 2150, 0
2026/09/29 11:39:08.164, 0, 2152, 0
2026/09/29 11:39:08.164, 1, 2154, 1
2026/09/29 11:39:08.164, 2, 2150, 0
2026/09/29 11:39:08.164, 3, 2152, 0
2026/09/29 11:39:08.164, 4, 2152, 0
2026/09/29 11:39:08.164, 5, 2150, 0
2026/09/29 11:39:08.164, 6, 2150, 0
2026/09/29 11:39:08.164, 7, 2152, 0
2026/09/29 11:39:09.164, 0, 2154, 0
2026/09/29 11:39:09.164, 1, 2156, 1
2026/09/29 11:39:09.164, 2, 2152, 0
2026/09/29 11:39:09.164, 3, 2154, 0
2026/09/29 11:39:09.165, 4, 2154, 0
2026/09/29 11:39:09.165, 5, 2152, 0
2026/09/29 11:39:09.165, 6, 2152, 0
2026/09/29 11:39:09.165, 7, 2154, 0
2026/09/29 11:39:10.165, 0, 2156, 0
2026/09/29 11:39:10.165, 1, 2158, 1
2026/09/29 11:39:10.165, 2, 2154, 0
2026/09/29 11:39:10.165, 3, 2156, 0
2026/09/29 11:39:10.165, 4, 2154, 0
2026/09/29 11:39:10.165, 5, 2154, 0
2026/09/29 11:39:10.165, 6, 2154, 0
2026/09/29 11:39:10.165, 7, 2156, 0
2026/09/29 11:39:11.165, 0, 2158, 1
2026/09/29 11:39:11.165, 1, 2160, 1
2026/09/29 11:39:11.166, 2, 2156, 0
2026/09/29 11:39:11.166, 3, 2158, 0
2026/09/29 11:39:11.166, 4, 2158, 0
2026/09/29 11:39:11.166, 5, 2156, 0
2026/09/29 11:39:11.166, 6, 2156, 0
2026/09/29 11:39:11.166, 7, 2158, 0
2026/09/29 11:39:12.166, 0, 2160, 0
2026/09/29 11:39:12.167, 1, 2162, 0
2026/09/29 11:39:12.167, 2, 2158, 0
2026/09/29 11:39:12.167, 3, 2160, 1
2026/09/29 11:39:12.167, 4, 2160, 0
2026/09/29 11:39:12.167, 5, 2158, 0
2026/09/29 11:39:12.167, 6, 2158, 0
2026/09/29 11:39:12.167, 7, 2158, 0
2026/09/29 11:39:13.167, 0, 2162, 1
2026/09/29 11:39:13.167, 1, 2164, 0
2026/09/29 11:39:13.168, 2, 2158, 0
2026/09/29 11:39:13.168, 3, 2162, 0
2026/09/29 11:39:13.168, 4, 2162, 0
2026/09/29 11:39:13.169, 5, 2158, 0
2026/09/29 11:39:13.169, 6, 2160, 0
2026/09/29 11:39:13.170, 7, 2160, 1
2026/09/29 11:39:14.170, 0, 2164, 1
2026/09/29 11:39:14.170, 1, 2168, 0
2026/09/29 11:39:14.170, 2, 2160, 0
2026/09/29 11:39:14.170, 3, 2164, 0
2026/09/29 11:39:14.170, 4, 2164, 0
2026/09/29 11:39:14.170, 5, 2160, 0
2026/09/29 11:39:14.170, 6, 2162, 0
2026/09/29 11:39:14.170, 7, 2164, 0
2026/09/29 11:39:15.170, 0, 2166, 1
2026/09/29 11:39:15.170, 1, 2170, 0
2026/09/29 11:39:15.170, 2, 2162, 0
2026/09/29 11:39:15.171, 3, 2166, 1
2026/09/29 11:39:15.171, 4, 2166, 0
2026/09/29 11:39:15.171, 5, 2162, 0
2026/09/29 11:39:15.171, 6, 2164, 0
2026/09/29 11:39:15.171, 7, 2166, 0
2026/09/29 11:39:16.171, 0, 2168, 1
2026/09/29 11:39:16.171, 1, 2172, 0
2026/09/29 11:39:16.171, 2, 2164, 0
2026/09/29 11:39:16.171, 3, 2168, 0
2026/09/29 11:39:16.171, 4, 2168, 0
2026/09/29 11:39:16.171, 5, 2164, 0
2026/09/29 11:39:16.171, 6, 2166, 0
2026/09/29 11:39:16.171, 7, 2168, 0
2026/09/29 11:39:17.171, 0, 2172, 1
2026/09/29 11:39:17.172, 1, 2174, 0
2026/09/29 11:39:17.172, 2, 2166, 0
2026/09/29 11:39:17.172, 3, 2170, 1
2026/09/29 11:39:17.172, 4, 2170, 0
2026/09/29 11:39:17.172, 5, 2166, 0
2026/09/29 11:39:17.172, 6, 2168, 0
2026/09/29 11:39:17.172, 7, 2170, 0
2026/09/29 11:39:18.172, 0, 2174, 1
2026/09/29 11:39:18.172, 1, 2176, 0
2026/09/29 11:39:18.172, 2, 2168, 0
2026/09/29 11:39:18.173, 3, 2172, 0
2026/09/29 11:39:18.173, 4, 2172, 0
2026/09/29 11:39:18.173, 5, 2168, 0
2026/09/29 11:39:18.173, 6, 2168, 0
2026/09/29 11:39:18.173, 7, 2172, 0
2026/09/29 11:39:19.173, 0, 2176, 1
2026/09/29 11:39:19.173, 1, 2178, 0
2026/09/29 11:39:19.173, 2, 2170, 0
2026/09/29 11:39:19.173, 3, 2174, 0
2026/09/29 11:39:19.173, 4, 2174, 0
2026/09/29 11:39:19.173, 5, 2170, 0
2026/09/29 11:39:19.173, 6, 2170, 0
2026/09/29 11:39:19.173, 7, 2174, 0
2026/09/29 11:39:20.173, 0, 2178, 1
2026/09/29 11:39:20.174, 1, 2180, 0
2026/09/29 11:39:20.174, 2, 2172, 0
2026/09/29 11:39:20.174, 3, 2176, 0
2026/09/29 11:39:20.174, 4, 2178, 0
2026/09/29 11:39:20.174, 5, 2172, 0
2026/09/29 11:39:20.174, 6, 2172, 0
2026/09/29 11:39:20.174, 7, 2176, 0
2026/09/29 11:39:21.174, 0, 2180, 1
2026/09/29 11:39:21.174, 1, 2182, 0
2026/09/29 11:39:21.174, 2, 2174, 0
2026/09/29 11:39:21.174, 3, 2178, 0
2026/09/29 11:39:21.174, 4, 2180, 0
2026/09/29 11:39:21.174, 5, 2174, 0
2026/09/29 11:39:21.174, 6, 2174, 0
2026/09/29 11:39:21.174, 7, 2178, 0
2026/09/29 11:39:22.175, 0, 2182, 1
2026/09/29 11:39:22.175, 1, 2186, 0
2026/09/29 11:39:22.175, 2, 2176, 0
2026/09/29 11:39:22.175, 3, 2180, 0
2026/09/29 11:39:22.175, 4, 2182, 0
2026/09/29 11:39:22.176, 5, 2176, 0
2026/09/29 11:39:22.176, 6, 2176, 0
2026/09/29 11:39:22.176, 7, 2180, 0
2026/09/29 11:39:23.176, 0, 2184, 1
2026/09/29 11:39:23.176, 1, 2188, 0
2026/09/29 11:39:23.176, 2, 2178, 0
2026/09/29 11:39:23.176, 3, 2182, 0
2026/09/29 11:39:23.176, 4, 2184, 1
2026/09/29 11:39:23.176, 5, 2178, 0
2026/09/29 11:39:23.176, 6, 2178, 1
2026/09/29 11:39:23.176, 7, 2180, 1
2026/09/29 11:39:24.176, 0, 2188, 1
2026/09/29 11:39:24.176, 1, 2190, 0
2026/09/29 11:39:24.177, 2, 2178, 0
2026/09/29 11:39:24.177, 3, 2184, 0
2026/09/29 11:39:24.177, 4, 2186, 1
2026/09/29 11:39:24.177, 5, 2178, 0
2026/09/29 11:39:24.177, 6, 2180, 0
2026/09/29 11:39:24.177, 7, 2182, 0
2026/09/29 11:39:25.177, 0, 2188, 1
2026/09/29 11:39:25.177, 1, 2192, 0
2026/09/29 11:39:25.177, 2, 2180, 0
2026/09/29 11:39:25.177, 3, 2184, 0
2026/09/29 11:39:25.177, 4, 2188, 1
2026/09/29 11:39:25.178, 5, 2180, 1
2026/09/29 11:39:25.178, 6, 2180, 0
2026/09/29 11:39:25.178, 7, 2184, 0
2026/09/29 11:39:26.178, 0, 2190, 0
2026/09/29 11:39:26.178, 1, 2194, 0
2026/09/29 11:39:26.178, 2, 2182, 0
2026/09/29 11:39:26.178, 3, 2186, 0
2026/09/29 11:39:26.178, 4, 2190, 0
2026/09/29 11:39:26.178, 5, 2182, 1
2026/09/29 11:39:26.178, 6, 2182, 0
2026/09/29 11:39:26.178, 7, 2186, 0
2026/09/29 11:39:27.178, 0, 2192, 0
2026/09/29 11:39:27.179, 1, 2196, 0
2026/09/29 11:39:27.179, 2, 2184, 0
2026/09/29 11:39:27.179, 3, 2188, 0
2026/09/29 11:39:27.179, 4, 2192, 0
2026/09/29 11:39:27.179, 5, 2184, 0
2026/09/29 11:39:27.179, 6, 2184, 0
2026/09/29 11:39:27.179, 7, 2188, 0
2026/09/29 11:39:28.180, 0, 2194, 0
2026/09/29 11:39:28.180, 1, 2196, 0
2026/09/29 11:39:28.180, 2, 2186, 0
2026/09/29 11:39:28.181, 3, 2190, 0
2026/09/29 11:39:28.181, 4, 2194, 0
2026/09/29 11:39:28.181, 5, 2186, 0
2026/09/29 11:39:28.181, 6, 2186, 0
2026/09/29 11:39:28.181, 7, 2190, 0
2026/09/29 11:39:29.181, 0, 2196, 0
2026/09/29 11:39:29.181, 1, 2198, 0
2026/09/29 11:39:29.181, 2, 2188, 0
2026/09/29 11:39:29.181, 3, 2190, 1
2026/09/29 11:39:29.181, 4, 2196, 0
2026/09/29 11:39:29.182, 5, 2188, 0
2026/09/29 11:39:29.182, 6, 2188, 0
2026/09/29 11:39:29.183, 7, 2192, 0
2026/09/29 11:39:30.183, 0, 2198, 0
2026/09/29 11:39:30.184, 1, 2200, 1
2026/09/29 11:39:30.184, 2, 2190, 1
2026/09/29 11:39:30.184, 3, 2192, 0
2026/09/29 11:39:30.184, 4, 2198, 0
2026/09/29 11:39:30.184, 5, 2190, 1
2026/09/29 11:39:30.184, 6, 2188, 1
2026/09/29 11:39:30.184, 7, 2194, 0
2026/09/29 11:39:31.184, 0, 2200, 1
2026/09/29 11:39:31.184, 1, 2202, 1
2026/09/29 11:39:31.184, 2, 2192, 1
2026/09/29 11:39:31.184, 3, 2194, 0
2026/09/29 11:39:31.184, 4, 2200, 0
2026/09/29 11:39:31.184, 5, 2192, 1
2026/09/29 11:39:31.184, 6, 2190, 0
2026/09/29 11:39:31.184, 7, 2196, 0
2026/09/29 11:39:32.185, 0, 2202, 0
2026/09/29 11:39:32.185, 1, 2206, 1
2026/09/29 11:39:32.185, 2, 2194, 0
2026/09/29 11:39:32.185, 3, 2196, 0
2026/09/29 11:39:32.185, 4, 2202, 1
2026/09/29 11:39:32.185, 5, 2194, 0
2026/09/29 11:39:32.185, 6, 2190, 0
2026/09/29 11:39:32.186, 7, 2198, 0
2026/09/29 11:39:33.186, 0, 2204, 0
2026/09/29 11:39:33.186, 1, 2208, 0
2026/09/29 11:39:33.186, 2, 2196, 0
2026/09/29 11:39:33.186, 3, 2198, 0
2026/09/29 11:39:33.186, 4, 2204, 0
2026/09/29 11:39:33.186, 5, 2196, 0
2026/09/29 11:39:33.186, 6, 2192, 0
2026/09/29 11:39:33.186, 7, 2200, 0
2026/09/29 11:39:34.187, 0, 2206, 0
2026/09/29 11:39:34.187, 1, 2210, 0
2026/09/29 11:39:34.187, 2, 2198, 0
2026/09/29 11:39:34.187, 3, 2200, 0
2026/09/29 11:39:34.188, 4, 2206, 0
2026/09/29 11:39:34.188, 5, 2198, 0
2026/09/29 11:39:34.188, 6, 2194, 0
2026/09/29 11:39:34.188, 7, 2202, 0
2026/09/29 11:39:35.188, 0, 2208, 0
2026/09/29 11:39:35.188, 1, 2212, 0
2026/09/29 11:39:35.188, 2, 2200, 1
2026/09/29 11:39:35.188, 3, 2202, 0
2026/09/29 11:39:35.188, 4, 2208, 0
2026/09/29 11:39:35.188, 5, 2200, 1
2026/09/29 11:39:35.188, 6, 2194, 0
2026/09/29 11:39:35.189, 7, 2202, 0
2026/09/29 11:39:36.189, 0, 2210, 0
2026/09/29 11:39:36.189, 1, 2214, 0
2026/09/29 11:39:36.189, 2, 2200, 1
2026/09/29 11:39:36.189, 3, 2204, 0
2026/09/29 11:39:36.189, 4, 2210, 0
2026/09/29 11:39:36.189, 5, 2202, 0
2026/09/29 11:39:36.190, 6, 2196, 0
2026/09/29 11:39:36.190, 7, 2204, 0
2026/09/29 11:39:37.190, 0, 2212, 0
2026/09/29 11:39:37.190, 1, 2216, 0
2026/09/29 11:39:37.190, 2, 2202, 0
2026/09/29 11:39:37.191, 3, 2206, 0
2026/09/29 11:39:37.191, 4, 2212, 1
2026/09/29 11:39:37.191, 5, 2202, 0
2026/09/29 11:39:37.191, 6, 2198, 0
2026/09/29 11:39:37.191, 7, 2206, 0
2026/09/29 11:39:38.191, 0, 2214, 1
2026/09/29 11:39:38.192, 1, 2218, 0
2026/09/29 11:39:38.192, 2, 2204, 0
2026/09/29 11:39:38.192, 3, 2208, 1
2026/09/29 11:39:38.192, 4, 2214, 0
2026/09/29 11:39:38.192, 5, 2204, 0
2026/09/29 11:39:38.192, 6, 2198, 0
2026/09/29 11:39:38.192, 7, 2208, 0
2026/09/29 11:39:39.192, 0, 2216, 0
2026/09/29 11:39:39.193, 1, 2220, 0
2026/09/29 11:39:39.193, 2, 2206, 0
2026/09/29 11:39:39.193, 3, 2208, 0
2026/09/29 11:39:39.193, 4, 2216, 0
2026/09/29 11:39:39.193, 5, 2206, 0
2026/09/29 11:39:39.193, 6, 2200, 1
2026/09/29 11:39:39.193, 7, 2210, 1
2026/09/29 11:39:40.193, 0, 2218, 0
2026/09/29 11:39:40.193, 1, 2222, 1
2026/09/29 11:39:40.193, 2, 2208, 1
2026/09/29 11:39:40.193, 3, 2210, 0
2026/09/29 11:39:40.194, 4, 2218, 0
2026/09/29 11:39:40.194, 5, 2208, 0
2026/09/29 11:39:40.195, 6, 2200, 0
2026/09/29 11:39:40.195, 7, 2212, 0
2026/09/29 11:39:41.195, 0, 2220, 0
2026/09/29 11:39:41.200, 1, 2224, 1
2026/09/29 11:39:41.200, 2, 2210, 1
2026/09/29 11:39:41.201, 3, 2212, 0
2026/09/29 11:39:41.201, 4, 2220, 0
2026/09/29 11:39:41.201, 5, 2210, 0
2026/09/29 11:39:41.202, 6, 2202, 1
2026/09/29 11:39:41.202, 7, 2214, 0
2026/09/29 11:39:42.202, 0, 2222, 0
2026/09/29 11:39:42.203, 1, 2224, 0
2026/09/29 11:39:42.203, 2, 2212, 0
2026/09/29 11:39:42.203, 3, 2214, 1
2026/09/29 11:39:42.203, 4, 2220, 1
2026/09/29 11:39:42.203, 5, 2212, 0
2026/09/29 11:39:42.203, 6, 2204, 0
2026/09/29 11:39:42.203, 7, 2216, 0
2026/09/29 11:39:43.203, 0, 2224, 0
2026/09/29 11:39:43.203, 1, 2226, 1
2026/09/29 11:39:43.203, 2, 2214, 0
2026/09/29 11:39:43.203, 3, 2216, 0
2026/09/29 11:39:43.203, 4, 2222, 0
2026/09/29 11:39:43.204, 5, 2214, 0
2026/09/29 11:39:43.204, 6, 2206, 0
2026/09/29 11:39:43.204, 7, 2218, 0
2026/09/29 11:39:44.204, 0, 2226, 0
2026/09/29 11:39:44.204, 1, 2226, 0
2026/09/29 11:39:44.204, 2, 2216, 0
2026/09/29 11:39:44.204, 3, 2218, 0
2026/09/29 11:39:44.204, 4, 2224, 1
2026/09/29 11:39:44.204, 5, 2216, 0
2026/09/29 11:39:44.204, 6, 2208, 0
2026/09/29 11:39:44.204, 7, 2220, 0
2026/09/29 11:39:45.205, 0, 2228, 1
2026/09/29 11:39:45.205, 1, 2228, 0
2026/09/29 11:39:45.205, 2, 2218, 0
2026/09/29 11:39:45.205, 3, 2220, 1
2026/09/29 11:39:45.205, 4, 2226, 0
2026/09/29 11:39:45.205, 5, 2218, 0
2026/09/29 11:39:45.205, 6, 2210, 0
2026/09/29 11:39:45.205, 7, 2222, 0
2026/09/29 11:39:46.205, 0, 2230, 0
2026/09/29 11:39:46.206, 1, 2230, 0
2026/09/29 11:39:46.206, 2, 2220, 0
2026/09/29 11:39:46.206, 3, 2220, 1
2026/09/29 11:39:46.206, 4, 2228, 0
2026/09/29 11:39:46.206, 5, 2220, 1
2026/09/29 11:39:46.206, 6, 2212, 1
2026/09/29 11:39:46.206, 7, 2224, 0
2026/09/29 11:39:47.206, 0, 2232, 0
2026/09/29 11:39:47.207, 1, 2230, 0
2026/09/29 11:39:47.207, 2, 2220, 0
2026/09/29 11:39:47.207, 3, 2222, 0
2026/09/29 11:39:47.207, 4, 2230, 0
2026/09/29 11:39:47.207, 5, 2220, 1
2026/09/29 11:39:47.209, 6, 2212, 0
2026/09/29 11:39:47.209, 7, 2224, 0
2026/09/29 11:39:48.210, 0, 2234, 0
2026/09/29 11:39:48.210, 1, 2232, 0
2026/09/29 11:39:48.210, 2, 2222, 0
2026/09/29 11:39:48.210, 3, 2224, 0
2026/09/29 11:39:48.210, 4, 2232, 0
2026/09/29 11:39:48.210, 5, 2222, 0
2026/09/29 11:39:48.210, 6, 2214, 0
2026/09/29 11:39:48.210, 7, 2226, 0
2026/09/29 11:39:49.211, 0, 2236, 0
2026/09/29 11:39:49.211, 1, 2234, 0
2026/09/29 11:39:49.211, 2, 2222, 0
2026/09/29 11:39:49.211, 3, 2226, 0
2026/09/29 11:39:49.211, 4, 2234, 0
2026/09/29 11:39:49.211, 5, 2224, 0
2026/09/29 11:39:49.211, 6, 2216, 1
2026/09/29 11:39:49.211, 7, 2228, 0
2026/09/29 11:39:50.211, 0, 2238, 1
2026/09/29 11:39:50.212, 1, 2234, 0
2026/09/29 11:39:50.212, 2, 2224, 0
2026/09/29 11:39:50.212, 3, 2228, 0
2026/09/29 11:39:50.212, 4, 2236, 0
2026/09/29 11:39:50.212, 5, 2226, 0
2026/09/29 11:39:50.212, 6, 2218, 0
2026/09/29 11:39:50.212, 7, 2230, 0
2026/09/29 11:39:51.212, 0, 13078, 0
2026/09/29 11:39:51.213, 1, 2236, 0
2026/09/29 11:39:51.213, 2, 2224, 0
2026/09/29 11:39:51.213, 3, 2228, 0
2026/09/29 11:39:51.213, 4, 13078, 1
2026/09/29 11:39:51.213, 5, 2228, 0
2026/09/29 11:39:51.213, 6, 2220, 0
2026/09/29 11:39:51.213, 7, 2232, 0
2026/09/29 11:39:52.214, 0, 13078, 0
2026/09/29 11:39:52.214, 1, 2238, 0
2026/09/29 11:39:52.214, 2, 2226, 1
2026/09/29 11:39:52.214, 3, 2230, 0
2026/09/29 11:39:52.214, 4, 13078, 0
2026/09/29 11:39:52.214, 5, 2230, 0
2026/09/29 11:39:52.214, 6, 2220, 0
2026/09/29 11:39:52.214, 7, 2234, 0
2026/09/29 11:39:53.214, 0, 13078, 0
2026/09/29 11:39:53.215, 1, 13078, 0
2026/09/29 11:39:53.215, 2, 2228, 0
2026/09/29 11:39:53.215, 3, 2232, 0
2026/09/29 11:39:53.215, 4, 13078, 0
2026/09/29 11:39:53.215, 5, 2230, 0
2026/09/29 11:39:53.215, 6, 2222, 0
2026/09/29 11:39:53.215, 7, 2236, 0
2026/09/29 11:39:54.215, 0, 13078, 0
2026/09/29 11:39:54.215, 1, 13078, 0
2026/09/29 11:39:54.215, 2, 2228, 0
2026/09/29 11:39:54.215, 3, 2234, 1
2026/09/29 11:39:54.216, 4, 13078, 0
2026/09/29 11:39:54.216, 5, 2232, 1
2026/09/29 11:39:54.216, 6, 2224, 1
2026/09/29 11:39:54.216, 7, 2238, 0
2026/09/29 11:39:55.216, 0, 13078, 0
2026/09/29 11:39:55.216, 1, 13078, 0
2026/09/29 11:39:55.216, 2, 2230, 1
2026/09/29 11:39:55.216, 3, 2236, 0
2026/09/29 11:39:55.216, 4, 13078, 0
2026/09/29 11:39:55.216, 5, 2234, 0
2026/09/29 11:39:55.216, 6, 2226, 0
2026/09/29 11:39:55.216, 7, 13078, 10
2026/09/29 11:39:56.217, 0, 13078, 0
2026/09/29 11:39:56.217, 1, 13078, 0
2026/09/29 11:39:56.217, 2, 2232, 0
2026/09/29 11:39:56.217, 3, 13078, 0
2026/09/29 11:39:56.217, 4, 13078, 0
2026/09/29 11:39:56.217, 5, 2236, 0
2026/09/29 11:39:56.217, 6, 2228, 0
2026/09/29 11:39:56.217, 7, 13078, 0
2026/09/29 11:39:57.217, 0, 13078, 0
2026/09/29 11:39:57.218, 1, 13078, 0
2026/09/29 11:39:57.218, 2, 2232, 0
2026/09/29 11:39:57.218, 3, 13078, 0
2026/09/29 11:39:57.218, 4, 13078, 0
2026/09/29 11:39:57.218, 5, 2236, 0
2026/09/29 11:39:57.218, 6, 2228, 0
2026/09/29 11:39:57.218, 7, 13078, 0
2026/09/29 11:39:58.218, 0, 13078, 0
2026/09/29 11:39:58.218, 1, 13078, 0
2026/09/29 11:39:58.218, 2, 2234, 0
2026/09/29 11:39:58.219, 3, 13078, 0
2026/09/29 11:39:58.219, 4, 13078, 0
2026/09/29 11:39:58.219, 5, 2238, 1
2026/09/29 11:39:58.219, 6, 2230, 0
2026/09/29 11:39:58.219, 7, 13078, 0
2026/09/29 11:39:59.219, 0, 13078, 0
2026/09/29 11:39:59.219, 1, 13078, 0
2026/09/29 11:39:59.219, 2, 2234, 0
2026/09/29 11:39:59.219, 3, 13078, 0
2026/09/29 11:39:59.219, 4, 13078, 0
2026/09/29 11:39:59.220, 5, 7438, 0
2026/09/29 11:39:59.220, 6, 2230, 0
2026/09/29 11:39:59.220, 7, 13078, 0
2026/09/29 11:40:00.220, 0, 13078, 0
2026/09/29 11:40:00.220, 1, 13078, 0
2026/09/29 11:40:00.220, 2, 2236, 0
2026/09/29 11:40:00.220, 3, 13078, 0
2026/09/29 11:40:00.220, 4, 13078, 0
2026/09/29 11:40:00.220, 5, 13078, 0
2026/09/29 11:40:00.220, 6, 2232, 0
2026/09/29 11:40:00.221, 7, 13078, 0
2026/09/29 11:40:01.221, 0, 13078, 0
2026/09/29 11:40:01.221, 1, 13078, 0
2026/09/29 11:40:01.221, 2, 2236, 0
2026/09/29 11:40:01.221, 3, 13078, 0
2026/09/29 11:40:01.221, 4, 13078, 0
2026/09/29 11:40:01.221, 5, 13078, 0
2026/09/29 11:40:01.221, 6, 2232, 1
2026/09/29 11:40:01.221, 7, 13078, 0
2026/09/29 11:40:02.221, 0, 13078, 0
2026/09/29 11:40:02.222, 1, 13078, 0
2026/09/29 11:40:02.222, 2, 2238, 0
2026/09/29 11:40:02.222, 3, 13078, 0
2026/09/29 11:40:02.222, 4, 13078, 0
2026/09/29 11:40:02.222, 5, 13078, 0
2026/09/29 11:40:02.222, 6, 2234, 0
2026/09/29 11:40:02.222, 7, 13078, 0
2026/09/29 11:40:03.222, 0, 13078, 0
2026/09/29 11:40:03.222, 1, 13078, 0
2026/09/29 11:40:03.222, 2, 13078, 0
2026/09/29 11:40:03.222, 3, 13078, 0
2026/09/29 11:40:03.223, 4, 13078, 0
2026/09/29 11:40:03.223, 5, 13078, 0
2026/09/29 11:40:03.223, 6, 2234, 0
2026/09/29 11:40:03.223, 7, 13078, 0
2026/09/29 11:40:04.223, 0, 13078, 0
2026/09/29 11:40:04.223, 1, 13078, 0
2026/09/29 11:40:04.223, 2, 13078, 0
2026/09/29 11:40:04.223, 3, 13078, 0
2026/09/29 11:40:04.223, 4, 13078, 0
2026/09/29 11:40:04.223, 5, 13078, 0
2026/09/29 11:40:04.223, 6, 2236, 0
2026/09/29 11:40:04.223, 7, 13078, 0
2026/09/29 11:40:05.224, 0, 13078, 0
2026/09/29 11:40:05.224, 1, 13078, 0
2026/09/29 11:40:05.224, 2, 13078, 0
2026/09/29 11:40:05.224, 3, 13078, 0
2026/09/29 11:40:05.224, 4, 13078, 0
2026/09/29 11:40:05.224, 5, 13078, 0
2026/09/29 11:40:05.224, 6, 2238, 0
2026/09/29 11:40:05.224, 7, 13078, 0
2026/09/29 11:40:06.224, 0, 13078, 0
2026/09/29 11:40:06.225, 1, 13078, 0
2026/09/29 11:40:06.225, 2, 13078, 0
2026/09/29 11:40:06.225, 3, 13078, 0
2026/09/29 11:40:06.225, 4, 13078, 0
2026/09/29 11:40:06.225, 5, 13078, 0
2026/09/29 11:40:06.225, 6, 13078, 0
2026/09/29 11:40:06.225, 7, 13078, 0
2026/09/29 11:40:07.225, 0, 13078, 0
2026/09/29 11:40:07.225, 1, 13078, 0
2026/09/29 11:40:07.225, 2, 13078, 0
2026/09/29 11:40:07.225, 3, 13078, 0
2026/09/29 11:40:07.225, 4, 13078, 0
2026/09/29 11:40:07.226, 5, 13078, 0
2026/09/29 11:40:07.226, 6, 13078, 0
2026/09/29 11:40:07.226, 7, 13078, 0
2026/09/29 11:40:08.226, 0, 13078, 0
2026/09/29 11:40:08.226, 1, 13078, 0
2026/09/29 11:40:08.226, 2, 13078, 0
2026/09/29 11:40:08.226, 3, 13078, 0
2026/09/29 11:40:08.226, 4, 13078, 0
2026/09/29 11:40:08.226, 5, 13078, 0
2026/09/29 11:40:08.226, 6, 13078, 0
2026/09/29 11:40:08.226, 7, 13078, 0
2026/09/29 11:40:09.227, 0, 13078, 0
2026/09/29 11:40:09.227, 1, 13078, 0
2026/09/29 11:40:09.227, 2, 13078, 0
2026/09/29 11:40:09.227, 3, 13078, 0
2026/09/29 11:40:09.227, 4, 13078, 0
2026/09/29 11:40:09.227, 5, 13078, 0
2026/09/29 11:40:09.227, 6, 13078, 0
2026/09/29 11:40:09.227, 7, 13078, 0
2026/09/29 11:40:10.227, 0, 13078, 0
2026/09/29 11:40:10.228, 1, 13078, 0
2026/09/29 11:40:10.228, 2, 13078, 0
2026/09/29 11:40:10.228, 3, 13078, 0
2026/09/29 11:40:10.228, 4, 13078, 0
2026/09/29 11:40:10.228, 5, 13078, 0
2026/09/29 11:40:10.228, 6, 13078, 0
2026/09/29 11:40:10.228, 7, 13078, 0
2026/09/29 11:40:11.228, 0, 13078, 0
2026/09/29 11:40:11.228, 1, 13078, 0
2026/09/29 11:40:11.228, 2, 13078, 0
2026/09/29 11:40:11.228, 3, 13078, 0
2026/09/29 11:40:11.228, 4, 13078, 0
2026/09/29 11:40:11.228, 5, 13078, 0
2026/09/29 11:40:11.228, 6, 13078, 0
2026/09/29 11:40:11.228, 7, 13078, 0
2026/09/29 11:40:12.229, 0, 13078, 0
2026/09/29 11:40:12.229, 1, 13078, 0
2026/09/29 11:40:12.229, 2, 13078, 0
2026/09/29 11:40:12.229, 3, 13078, 0
2026/09/29 11:40:12.229, 4, 13078, 0
2026/09/29 11:40:12.229, 5, 13078, 0
2026/09/29 11:40:12.229, 6, 13078, 0
2026/09/29 11:40:12.229, 7, 13078, 0
2026/09/29 11:40:13.229, 0, 13078, 0
2026/09/29 11:40:13.229, 1, 13078, 0
2026/09/29 11:40:13.229, 2, 13078, 0
2026/09/29 11:40:13.230, 3, 13078, 0
2026/09/29 11:40:13.230, 4, 13078, 0
2026/09/29 11:40:13.230, 5, 13078, 0
2026/09/29 11:40:13.230, 6, 13078, 0
2026/09/29 11:40:13.230, 7, 13078, 0
2026/09/29 11:40:14.230, 0, 13078, 0
2026/09/29 11:40:14.230, 1, 13078, 0
2026/09/29 11:40:14.230, 2, 13078, 0
2026/09/29 11:40:14.230, 3, 13078, 0
2026/09/29 11:40:14.230, 4, 13078, 0
2026/09/29 11:40:14.230, 5, 13078, 0
2026/09/29 11:40:14.231, 6, 13078, 0
2026/09/29 11:40:14.231, 7, 13078, 0
2026/09/29 11:40:15.231, 0, 13078, 12
2026/09/29 11:40:15.231, 1, 13078, 7
2026/09/29 11:40:15.231, 2, 13078, 15
2026/09/29 11:40:15.231, 3, 13078, 9
2026/09/29 11:40:15.231, 4, 13078, 0
2026/09/29 11:40:15.231, 5, 13078, 9
2026/09/29 11:40:15.231, 6, 13078, 0
2026/09/29 11:40:15.231, 7, 13078, 0
2026/09/29 11:40:16.232, 0, 13078, 11
2026/09/29 11:40:16.232, 1, 13078, 7
2026/09/29 11:40:16.232, 2, 13078, 30
2026/09/29 11:40:16.232, 3, 13078, 9
2026/09/29 11:40:16.232, 4, 13078, 12
2026/09/29 11:40:16.232, 5, 13078, 10
2026/09/29 11:40:16.232, 6, 13078, 11
2026/09/29 11:40:16.232, 7, 13078, 11
2026/09/29 11:40:17.232, 0, 13078, 12
2026/09/29 11:40:17.233, 1, 13078, 9
2026/09/29 11:40:17.233, 2, 13078, 35
2026/09/29 11:40:17.233, 3, 13078, 34
2026/09/29 11:40:17.233, 4, 13078, 10
2026/09/29 11:40:17.233, 5, 13078, 49
2026/09/29 11:40:17.233, 6, 13078, 23
2026/09/29 11:40:17.233, 7, 13078, 46
2026/09/29 11:40:18.233, 0, 13078, 25
2026/09/29 11:40:18.233, 1, 13078, 7
2026/09/29 11:40:18.233, 2, 13078, 13
2026/09/29 11:40:18.233, 3, 13078, 10
2026/09/29 11:40:18.233, 4, 13078, 11
2026/09/29 11:40:18.234, 5, 13078, 9
2026/09/29 11:40:18.234, 6, 13078, 57
2026/09/29 11:40:18.234, 7, 13078, 69
2026/09/29 11:40:19.234, 0, 13078, 0
2026/09/29 11:40:19.235, 1, 13078, 7
2026/09/29 11:40:19.235, 2, 13078, 0
2026/09/29 11:40:19.235, 3, 13078, 0
2026/09/29 11:40:19.235, 4, 13078, 32
2026/09/29 11:40:19.235, 5, 13078, 0
2026/09/29 11:40:19.235, 6, 13078, 0
2026/09/29 11:40:19.235, 7, 13078, 0
2026/09/29 11:40:20.235, 0, 13078, 0
2026/09/29 11:40:20.235, 1, 13078, 0
2026/09/29 11:40:20.235, 2, 13078, 0
2026/09/29 11:40:20.235, 3, 13078, 0
2026/09/29 11:40:20.235, 4, 13078, 0
2026/09/29 11:40:20.235, 5, 13078, 0
2026/09/29 11:40:20.235, 6, 13078, 0
2026/09/29 11:40:20.235, 7, 13078, 0
2026/09/29 11:40:21.236, 0, 14300, 2
2026/09/29 11:40:21.236, 1, 13078, 0
2026/09/29 11:40:21.236, 2, 14180, 0
2026/09/29 11:40:21.236, 3, 13078, 0
2026/09/29 11:40:21.236, 4, 13078, 0
2026/09/29 11:40:21.236, 5, 13078, 0
2026/09/29 11:40:21.236, 6, 13078, 0
2026/09/29 11:40:21.236, 7, 13078, 0
2026/09/29 11:40:22.236, 0, 14300, 0
2026/09/29 11:40:22.236, 1, 13078, 0
2026/09/29 11:40:22.236, 2, 14300, 0
2026/09/29 11:40:22.236, 3, 13078, 0
2026/09/29 11:40:22.236, 4, 14300, 0
2026/09/29 11:40:22.236, 5, 14300, 0
2026/09/29 11:40:22.236, 6, 14300, 3
2026/09/29 11:40:22.236, 7, 14300, 0
2026/09/29 11:40:23.237, 0, 14300, 0
2026/09/29 11:40:23.237, 1, 13078, 0
2026/09/29 11:40:23.237, 2, 14300, 0
2026/09/29 11:40:23.237, 3, 14300, 0
2026/09/29 11:40:23.237, 4, 14300, 0
2026/09/29 11:40:23.237, 5, 14300, 0
2026/09/29 11:40:23.237, 6, 14300, 0
2026/09/29 11:40:23.237, 7, 14300, 0
2026/09/29 11:40:24.237, 0, 14300, 0
2026/09/29 11:40:24.237, 1, 13078, 0
2026/09/29 11:40:24.237, 2, 14300, 0
2026/09/29 11:40:24.237, 3, 14300, 0
2026/09/29 11:40:24.237, 4, 14300, 0
2026/09/29 11:40:24.237, 5, 14300, 0
2026/09/29 11:40:24.237, 6, 14300, 0
2026/09/29 11:40:24.237, 7, 14300, 0
2026/09/29 11:40:25.237, 0, 14300, 0
2026/09/29 11:40:25.238, 1, 14300, 0
2026/09/29 11:40:25.238, 2, 14300, 0
2026/09/29 11:40:25.238, 3, 14300, 0
2026/09/29 11:40:25.238, 4, 14300, 0
2026/09/29 11:40:25.238, 5, 14300, 0
2026/09/29 11:40:25.238, 6, 14300, 0
2026/09/29 11:40:25.238, 7, 14300, 0
2026/09/29 11:40:26.238, 0, 14300, 0
2026/09/29 11:40:26.238, 1, 14300, 0
2026/09/29 11:40:26.238, 2, 14300, 0
2026/09/29 11:40:26.238, 3, 14300, 0
2026/09/29 11:40:26.238, 4, 14300, 0
2026/09/29 11:40:26.238, 5, 14300, 0
2026/09/29 11:40:26.238, 6, 14300, 0
2026/09/29 11:40:26.238, 7, 14300, 0
2026/09/29 11:40:27.238, 0, 14300, 0
2026/09/29 11:40:27.238, 1, 14300, 0
2026/09/29 11:40:27.238, 2, 14300, 0
2026/09/29 11:40:27.239, 3, 14300, 0
2026/09/29 11:40:27.239, 4, 14300, 0
2026/09/29 11:40:27.239, 5, 14300, 0
2026/09/29 11:40:27.239, 6, 14300, 0
2026/09/29 11:40:27.239, 7, 14300, 0
2026/09/29 11:40:28.239, 0, 14300, 0
2026/09/29 11:40:28.239, 1, 14300, 0
2026/09/29 11:40:28.239, 2, 14300, 0
2026/09/29 11:40:28.239, 3, 14300, 0
2026/09/29 11:40:28.239, 4, 14300, 0
2026/09/29 11:40:28.239, 5, 14300, 0
2026/09/29 11:40:28.239, 6, 14300, 0
2026/09/29 11:40:28.239, 7, 14300, 0
2026/09/29 11:40:29.239, 0, 14300, 0
2026/09/29 11:40:29.239, 1, 14300, 0
2026/09/29 11:40:29.239, 2, 14300, 0
2026/09/29 11:40:29.239, 3, 14300, 0
2026/09/29 11:40:29.239, 4, 14300, 11
2026/09/29 11:40:29.239, 5, 14300, 8
2026/09/29 11:40:29.239, 6, 14300, 6
2026/09/29 11:40:29.240, 7, 14300, 9
2026/09/29 11:40:30.240, 0, 14532, 0
2026/09/29 11:40:30.240, 1, 14300, 5
2026/09/29 11:40:30.240, 2, 14532, 0
2026/09/29 11:40:30.240, 3, 14532, 0
2026/09/29 11:40:30.240, 4, 14532, 0
2026/09/29 11:40:30.240, 5, 14532, 0
2026/09/29 11:40:30.240, 6, 14532, 0
2026/09/29 11:40:30.240, 7, 14532, 1
2026/09/29 11:40:31.240, 0, 14532, 0
2026/09/29 11:40:31.240, 1, 14300, 1
2026/09/29 11:40:31.240, 2, 14532, 0
2026/09/29 11:40:31.240, 3, 14532, 0
2026/09/29 11:40:31.240, 4, 14532, 0
2026/09/29 11:40:31.240, 5, 14532, 0
2026/09/29 11:40:31.240, 6, 14532, 0
2026/09/29 11:40:31.240, 7, 14532, 0
2026/09/29 11:40:32.241, 0, 14568, 0
2026/09/29 11:40:32.241, 1, 14570, 0
2026/09/29 11:40:32.241, 2, 14572, 0
2026/09/29 11:40:32.241, 3, 14570, 0
2026/09/29 11:40:32.241, 4, 14572, 0
2026/09/29 11:40:32.241, 5, 14570, 0
2026/09/29 11:40:32.241, 6, 14572, 0
2026/09/29 11:40:32.241, 7, 14570, 0
2026/09/29 11:40:33.241, 0, 15170, 100
2026/09/29 11:40:33.241, 1, 15170, 74
2026/09/29 11:40:33.241, 2, 15170, 100
2026/09/29 11:40:33.241, 3, 15170, 100
2026/09/29 11:40:33.241, 4, 15170, 40
2026/09/29 11:40:33.241, 5, 15170, 100
2026/09/29 11:40:33.241, 6, 15170, 3
2026/09/29 11:40:33.242, 7, 15170, 1
2026/09/29 11:40:34.242, 0, 15854, 0
2026/09/29 11:40:34.242, 1, 15854, 0
2026/09/29 11:40:34.242, 2, 15854, 9
2026/09/29 11:40:34.242, 3, 15854, 0
2026/09/29 11:40:34.242, 4, 15854, 3
2026/09/29 11:40:34.242, 5, 15854, 74
2026/09/29 11:40:34.242, 6, 15854, 100
2026/09/29 11:40:34.242, 7, 15854, 46
2026/09/29 11:40:35.242, 0, 16350, 0
2026/09/29 11:40:35.244, 1, 16350, 0
2026/09/29 11:40:35.244, 2, 16350, 0
2026/09/29 11:40:35.244, 3, 16350, 0
2026/09/29 11:40:35.245, 4, 16842, 0
2026/09/29 11:40:35.245, 5, 16842, 0
2026/09/29 11:40:35.245, 6, 16842, 0
2026/09/29 11:40:35.246, 7, 16842, 0
2026/09/29 11:40:36.246, 0, 16842, 100
2026/09/29 11:40:36.246, 1, 16842, 100
2026/09/29 11:40:36.246, 2, 16842, 100
2026/09/29 11:40:36.246, 3, 16842, 100
2026/09/29 11:40:36.246, 4, 16842, 100
2026/09/29 11:40:36.246, 5, 16842, 100
2026/09/29 11:40:36.246, 6, 16842, 100
2026/09/29 11:40:36.246, 7, 16842, 100
2026/09/29 11:40:37.246, 0, 16842, 100
2026/09/29 11:40:37.246, 1, 16842, 100
2026/09/29 11:40:37.246, 2, 16842, 100
2026/09/29 11:40:37.246, 3, 16842, 100
2026/09/29 11:40:37.246, 4, 16842, 100
2026/09/29 11:40:37.246, 5, 16842, 100
2026/09/29 11:40:37.246, 6, 16842, 100
2026/09/29 11:40:37.246, 7, 16842, 100
2026/09/29 11:40:38.247, 0, 16842, 100
2026/09/29 11:40:38.247, 1, 16842, 100
2026/09/29 11:40:38.247, 2, 16842, 100
2026/09/29 11:40:38.247, 3, 16842, 100
2026/09/29 11:40:38.247, 4, 16842, 100
2026/09/29 11:40:38.247, 5, 16842, 100
2026/09/29 11:40:38.247, 6, 16842, 100
2026/09/29 11:40:38.247, 7, 16842, 100
2026/09/29 11:40:39.247, 0, 16842, 100
2026/09/29 11:40:39.247, 1, 16842, 100
2026/09/29 11:40:39.247, 2, 16842, 100
2026/09/29 11:40:39.247, 3, 16842, 99
2026/09/29 11:40:39.247, 4, 16842, 100
2026/09/29 11:40:39.247, 5, 16842, 100
2026/09/29 11:40:39.247, 6, 16842, 100
2026/09/29 11:40:39.247, 7, 16842, 100
2026/09/29 11:40:40.247, 0, 16842, 100
2026/09/29 11:40:40.249, 1, 16842, 99
2026/09/29 11:40:40.250, 2, 16842, 100
2026/09/29 11:40:40.250, 3, 16842, 100
2026/09/29 11:40:40.250, 4, 16842, 100
2026/09/29 11:40:40.251, 5, 16842, 100
2026/09/29 11:40:40.251, 6, 16842, 100
2026/09/29 11:40:40.251, 7, 16842, 100
2026/09/29 11:40:41.251, 0, 16918, 100
2026/09/29 11:40:41.251, 1, 16918, 100
2026/09/29 11:40:41.251, 2, 16918, 100
2026/09/29 11:40:41.251, 3, 16918, 100
2026/09/29 11:40:41.251, 4, 16918, 95
2026/09/29 11:40:41.251, 5, 16918, 100
2026/09/29 11:40:41.251, 6, 16918, 0
2026/09/29 11:40:41.251, 7, 16918, 100
2026/09/29 11:40:42.251, 0, 16918, 100
2026/09/29 11:40:42.251, 1, 16918, 100
2026/09/29 11:40:42.252, 2, 16918, 100
2026/09/29 11:40:42.252, 3, 16918, 100
2026/09/29 11:40:42.252, 4, 16918, 100
2026/09/29 11:40:42.252, 5, 16918, 100
2026/09/29 11:40:42.252, 6, 16918, 100
2026/09/29 11:40:42.252, 7, 16918, 100
2026/09/29 11:40:43.252, 0, 16918, 100
2026/09/29 11:40:43.252, 1, 16918, 100
2026/09/29 11:40:43.252, 2, 16918, 100
2026/09/29 11:40:43.252, 3, 16918, 100
2026/09/29 11:40:43.252, 4, 16918, 100
2026/09/29 11:40:43.252, 5, 16918, 100
2026/09/29 11:40:43.252, 6, 16918, 100
2026/09/29 11:40:43.252, 7, 16918, 100
2026/09/29 11:40:44.252, 0, 16918, 100
2026/09/29 11:40:44.252, 1, 16918, 100
2026/09/29 11:40:44.252, 2, 16918, 100
2026/09/29 11:40:44.252, 3, 16918, 100
2026/09/29 11:40:44.252, 4, 16918, 100
2026/09/29 11:40:44.252, 5, 16918, 100
2026/09/29 11:40:44.252, 6, 16918, 100
2026/09/29 11:40:44.252, 7, 16918, 100
2026/09/29 11:40:45.252, 0, 16918, 100
2026/09/29 11:40:45.253, 1, 16918, 100
2026/09/29 11:40:45.253, 2, 16918, 100
2026/09/29 11:40:45.253, 3, 16918, 100
2026/09/29 11:40:45.253, 4, 16918, 100
2026/09/29 11:40:45.253, 5, 16918, 100
2026/09/29 11:40:45.253, 6, 16918, 100
2026/09/29 11:40:45.253, 7, 16918, 100
2026/09/29 11:40:46.253, 0, 16938, 100
2026/09/29 11:40:46.253, 1, 16938, 100
2026/09/29 11:40:46.253, 2, 16938, 100
2026/09/29 11:40:46.253, 3, 16938, 100
2026/09/29 11:40:46.253, 4, 16938, 96
2026/09/29 11:40:46.253, 5, 16938, 100
2026/09/29 11:40:46.253, 6, 16938, 100
2026/09/29 11:40:46.253, 7, 16938, 100
2026/09/29 11:40:47.253, 0, 16938, 100
2026/09/29 11:40:47.253, 1, 16938, 100
2026/09/29 11:40:47.253, 2, 16938, 100
2026/09/29 11:40:47.253, 3, 16938, 100
2026/09/29 11:40:47.253, 4, 16938, 100
2026/09/29 11:40:47.253, 5, 16938, 100
2026/09/29 11:40:47.253, 6, 16938, 100
2026/09/29 11:40:47.254, 7, 16938, 100
2026/09/29 11:40:48.254, 0, 16938, 100
2026/09/29 11:40:48.254, 1, 16938, 100
2026/09/29 11:40:48.254, 2, 16938, 100
2026/09/29 11:40:48.254, 3, 16938, 100
2026/09/29 11:40:48.254, 4, 16938, 100
2026/09/29 11:40:48.254, 5, 16938, 100
2026/09/29 11:40:48.254, 6, 16938, 100
2026/09/29 11:40:48.254, 7, 16938, 100
2026/09/29 11:40:49.254, 0, 16938, 100
2026/09/29 11:40:49.254, 1, 16938, 100
2026/09/29 11:40:49.254, 2, 16938, 100
2026/09/29 11:40:49.254, 3, 16938, 100
2026/09/29 11:40:49.254, 4, 16938, 100
2026/09/29 11:40:49.254, 5, 16938, 100
2026/09/29 11:40:49.254, 6, 16938, 100
2026/09/29 11:40:49.254, 7, 16938, 100
2026/09/29 11:40:50.254, 0, 16938, 100
2026/09/29 11:40:50.254, 1, 16938, 100
2026/09/29 11:40:50.254, 2, 16938, 100
2026/09/29 11:40:50.254, 3, 16938, 100
2026/09/29 11:40:50.254, 4, 16938, 100
2026/09/29 11:40:50.255, 5, 16938, 100
2026/09/29 11:40:50.255, 6, 16938, 100
2026/09/29 11:40:50.255, 7, 16938, 100
2026/09/29 11:40:51.255, 0, 16970, 100
2026/09/29 11:40:51.255, 1, 16970, 100
2026/09/29 11:40:51.255, 2, 16970, 99
2026/09/29 11:40:51.255, 3, 16970, 100
2026/09/29 11:40:51.255, 4, 16970, 100
2026/09/29 11:40:51.255, 5, 16970, 100
2026/09/29 11:40:51.255, 6, 16970, 100
2026/09/29 11:40:51.255, 7, 16970, 72
2026/09/29 11:40:52.255, 0, 16970, 100
2026/09/29 11:40:52.255, 1, 16970, 100
2026/09/29 11:40:52.255, 2, 16970, 100
2026/09/29 11:40:52.255, 3, 16970, 100
2026/09/29 11:40:52.255, 4, 16970, 100
2026/09/29 11:40:52.255, 5, 16970, 100
2026/09/29 11:40:52.255, 6, 16970, 100
2026/09/29 11:40:52.255, 7, 16970, 100
2026/09/29 11:40:53.255, 0, 16970, 100
2026/09/29 11:40:53.256, 1, 16970, 99
2026/09/29 11:40:53.256, 2, 16970, 100
2026/09/29 11:40:53.256, 3, 16970, 100
2026/09/29 11:40:53.256, 4, 16970, 100
2026/09/29 11:40:53.256, 5, 16970, 100
2026/09/29 11:40:53.256, 6, 16970, 100
2026/09/29 11:40:53.256, 7, 16970, 100
2026/09/29 11:40:54.256, 0, 16970, 100
2026/09/29 11:40:54.256, 1, 16970, 100
2026/09/29 11:40:54.256, 2, 16970, 100
2026/09/29 11:40:54.256, 3, 16970, 100
2026/09/29 11:40:54.256, 4, 16970, 100
2026/09/29 11:40:54.256, 5, 16970, 100
2026/09/29 11:40:54.256, 6, 16970, 100
2026/09/29 11:40:54.256, 7, 16970, 100
2026/09/29 11:40:55.256, 0, 16970, 100
2026/09/29 11:40:55.256, 1, 16970, 100
2026/09/29 11:40:55.256, 2, 16970, 100
2026/09/29 11:40:55.256, 3, 16970, 100
2026/09/29 11:40:55.256, 4, 16970, 100
2026/09/29 11:40:55.256, 5, 16970, 100
2026/09/29 11:40:55.256, 6, 16970, 100
2026/09/29 11:40:55.256, 7, 16970, 100
2026/09/29 11:40:56.257, 0, 16970, 100
2026/09/29 11:40:56.257, 1, 16970, 100
2026/09/29 11:40:56.257, 2, 16970, 100
2026/09/29 11:40:56.257, 3, 16970, 100
2026/09/29 11:40:56.257, 4, 16970, 100
2026/09/29 11:40:56.257, 5, 16970, 100
2026/09/29 11:40:56.257, 6, 16970, 100
2026/09/29 11:40:56.257, 7, 16970, 100
2026/09/29 11:40:57.257, 0, 16970, 100
2026/09/29 11:40:57.257, 1, 16970, 100
2026/09/29 11:40:57.257, 2, 16970, 100
2026/09/29 11:40:57.257, 3, 16970, 100
2026/09/29 11:40:57.257, 4, 16970, 100
2026/09/29 11:40:57.257, 5, 16970, 99
2026/09/29 11:40:57.257, 6, 16970, 100
2026/09/29 11:40:57.257, 7, 16970, 99
2026/09/29 11:40:58.257, 0, 16970, 100
2026/09/29 11:40:58.257, 1, 16970, 100
2026/09/29 11:40:58.257, 2, 16970, 100
2026/09/29 11:40:58.257, 3, 16970, 100
2026/09/29 11:40:58.258, 4, 16970, 100
2026/09/29 11:40:58.258, 5, 16970, 100
2026/09/29 11:40:58.258, 6, 16970, 100
2026/09/29 11:40:58.258, 7, 16970, 100
2026/09/29 11:40:59.258, 0, 16970, 100
2026/09/29 11:40:59.258, 1, 16970, 100
2026/09/29 11:40:59.258, 2, 16970, 100
2026/09/29 11:40:59.258, 3, 16970, 100
2026/09/29 11:40:59.258, 4, 16970, 100
2026/09/29 11:40:59.258, 5, 16970, 100
2026/09/29 11:40:59.258, 6, 16970, 100
2026/09/29 11:40:59.258, 7, 16970, 100
2026/09/29 11:41:00.258, 0, 16970, 100
2026/09/29 11:41:00.258, 1, 16970, 99
2026/09/29 11:41:00.258, 2, 16970, 100
2026/09/29 11:41:00.258, 3, 16970, 100
2026/09/29 11:41:00.258, 4, 16970, 100
2026/09/29 11:41:00.258, 5, 16970, 100
2026/09/29 11:41:00.258, 6, 16970, 100
2026/09/29 11:41:00.258, 7, 16970, 100
2026/09/29 11:41:01.258, 0, 16970, 100
2026/09/29 11:41:01.259, 1, 16970, 100
2026/09/29 11:41:01.259, 2, 16970, 100
2026/09/29 11:41:01.259, 3, 16970, 100
2026/09/29 11:41:01.259, 4, 16970, 100
2026/09/29 11:41:01.259, 5, 16970, 100
2026/09/29 11:41:01.259, 6, 16970, 100
2026/09/29 11:41:01.259, 7, 16970, 100
2026/09/29 11:41:02.259, 0, 16970, 100
2026/09/29 11:41:02.259, 1, 16970, 100
2026/09/29 11:41:02.259, 2, 16970, 100
2026/09/29 11:41:02.259, 3, 16970, 100
2026/09/29 11:41:02.259, 4, 16970, 100
2026/09/29 11:41:02.259, 5, 16970, 100
2026/09/29 11:41:02.259, 6, 16970, 100
2026/09/29 11:41:02.259, 7, 16970, 100
2026/09/29 11:41:03.259, 0, 16970, 100
2026/09/29 11:41:03.259, 1, 16970, 100
2026/09/29 11:41:03.259, 2, 16970, 100
2026/09/29 11:41:03.259, 3, 16970, 100
2026/09/29 11:41:03.259, 4, 16970, 100
2026/09/29 11:41:03.259, 5, 16970, 100
2026/09/29 11:41:03.259, 6, 16970, 100
2026/09/29 11:41:03.259, 7, 16970, 100
2026/09/29 11:41:04.260, 0, 16970, 100
2026/09/29 11:41:04.260, 1, 16970, 100
2026/09/29 11:41:04.260, 2, 16970, 100
2026/09/29 11:41:04.260, 3, 16970, 100
2026/09/29 11:41:04.260, 4, 16970, 100
2026/09/29 11:41:04.260, 5, 16970, 100
2026/09/29 11:41:04.260, 6, 16970, 100
2026/09/29 11:41:04.260, 7, 16970, 100
2026/09/29 11:41:05.260, 0, 16970, 100
2026/09/29 11:41:05.260, 1, 16970, 99
2026/09/29 11:41:05.260, 2, 16970, 100
2026/09/29 11:41:05.260, 3, 16970, 100
2026/09/29 11:41:05.260, 4, 16970, 100
2026/09/29 11:41:05.260, 5, 16970, 100
2026/09/29 11:41:05.260, 6, 16970, 100
2026/09/29 11:41:05.260, 7, 16970, 100
2026/09/29 11:41:06.260, 0, 17250, 100
2026/09/29 11:41:06.260, 1, 17250, 100
2026/09/29 11:41:06.260, 2, 17250, 100
2026/09/29 11:41:06.260, 3, 17250, 100
2026/09/29 11:41:06.260, 4, 17250, 100
2026/09/29 11:41:06.260, 5, 17250, 100
2026/09/29 11:41:06.260, 6, 17250, 100
2026/09/29 11:41:06.260, 7, 17250, 100
2026/09/29 11:41:07.261, 0, 17250, 100
2026/09/29 11:41:07.261, 1, 17250, 100
2026/09/29 11:41:07.261, 2, 17250, 100
2026/09/29 11:41:07.261, 3, 17250, 100
2026/09/29 11:41:07.261, 4, 17250, 100
2026/09/29 11:41:07.261, 5, 17250, 100
2026/09/29 11:41:07.261, 6, 17250, 100
2026/09/29 11:41:07.261, 7, 17250, 100
2026/09/29 11:41:08.261, 0, 17250, 100
2026/09/29 11:41:08.261, 1, 17250, 100
2026/09/29 11:41:08.261, 2, 17250, 100
2026/09/29 11:41:08.261, 3, 17250, 100
2026/09/29 11:41:08.261, 4, 17250, 100
2026/09/29 11:41:08.261, 5, 17250, 100
2026/09/29 11:41:08.261, 6, 17250, 100
2026/09/29 11:41:08.261, 7, 17250, 100
2026/09/29 11:41:09.261, 0, 17250, 100
2026/09/29 11:41:09.261, 1, 17250, 100
2026/09/29 11:41:09.261, 2, 17250, 100
2026/09/29 11:41:09.261, 3, 17250, 100
2026/09/29 11:41:09.261, 4, 17250, 100
2026/09/29 11:41:09.261, 5, 17250, 100
2026/09/29 11:41:09.261, 6, 17250, 100
2026/09/29 11:41:09.262, 7, 17250, 100
2026/09/29 11:41:10.262, 0, 17250, 100
2026/09/29 11:41:10.262, 1, 17250, 100
2026/09/29 11:41:10.262, 2, 17250, 100
2026/09/29 11:41:10.262, 3, 17250, 100
2026/09/29 11:41:10.262, 4, 17250, 100
2026/09/29 11:41:10.262, 5, 17250, 100
2026/09/29 11:41:10.262, 6, 17250, 100
2026/09/29 11:41:10.262, 7, 17250, 100
2026/09/29 11:41:11.262, 0, 17250, 100
2026/09/29 11:41:11.262, 1, 17250, 100
2026/09/29 11:41:11.262, 2, 17250, 99
2026/09/29 11:41:11.262, 3, 17250, 100
2026/09/29 11:41:11.262, 4, 17250, 100
2026/09/29 11:41:11.262, 5, 17250, 98
2026/09/29 11:41:11.262, 6, 17250, 100
2026/09/29 11:41:11.262, 7, 17250, 100
2026/09/29 11:41:12.262, 0, 17250, 100
2026/09/29 11:41:12.262, 1, 17250, 99
2026/09/29 11:41:12.262, 2, 17250, 98
2026/09/29 11:41:12.262, 3, 17250, 100
2026/09/29 11:41:12.262, 4, 17250, 100
2026/09/29 11:41:12.263, 5, 17250, 100
2026/09/29 11:41:12.263, 6, 17250, 100
2026/09/29 11:41:12.263, 7, 17250, 100
2026/09/29 11:41:13.263, 0, 17250, 100
2026/09/29 11:41:13.263, 1, 17250, 100
2026/09/29 11:41:13.263, 2, 17250, 100
2026/09/29 11:41:13.263, 3, 17250, 100
2026/09/29 11:41:13.263, 4, 17250, 100
2026/09/29 11:41:13.263, 5, 17250, 100
2026/09/29 11:41:13.263, 6, 17250, 100
2026/09/29 11:41:13.263, 7, 17250, 100
2026/09/29 11:41:14.263, 0, 17250, 100
2026/09/29 11:41:14.263, 1, 17250, 100
2026/09/29 11:41:14.263, 2, 17250, 100
2026/09/29 11:41:14.263, 3, 17250, 100
2026/09/29 11:41:14.263, 4, 17250, 100
2026/09/29 11:41:14.263, 5, 17250, 100
2026/09/29 11:41:14.263, 6, 17250, 100
2026/09/29 11:41:14.263, 7, 17250, 100
2026/09/29 11:41:15.263, 0, 17250, 100
2026/09/29 11:41:15.263, 1, 17250, 100
2026/09/29 11:41:15.263, 2, 17250, 100
2026/09/29 11:41:15.263, 3, 17250, 100
2026/09/29 11:41:15.264, 4, 17250, 100
2026/09/29 11:41:15.264, 5, 17250, 100
2026/09/29 11:41:15.264, 6, 17250, 100
2026/09/29 11:41:15.264, 7, 17250, 100
2026/09/29 11:41:16.264, 0, 17250, 100
2026/09/29 11:41:16.264, 1, 17250, 99
2026/09/29 11:41:16.264, 2, 17250, 100
2026/09/29 11:41:16.264, 3, 17250, 100
2026/09/29 11:41:16.264, 4, 17250, 100
2026/09/29 11:41:16.264, 5, 17250, 93
2026/09/29 11:41:16.264, 6, 17250, 100
2026/09/29 11:41:16.264, 7, 17250, 100
2026/09/29 11:41:17.264, 0, 17250, 100
2026/09/29 11:41:17.264, 1, 17250, 100
2026/09/29 11:41:17.264, 2, 17250, 100
2026/09/29 11:41:17.264, 3, 17250, 100
2026/09/29 11:41:17.264, 4, 17250, 100
2026/09/29 11:41:17.264, 5, 17250, 100
2026/09/29 11:41:17.264, 6, 17250, 100
2026/09/29 11:41:17.264, 7, 17250, 100
2026/09/29 11:41:18.264, 0, 17250, 100
2026/09/29 11:41:18.265, 1, 17250, 100
2026/09/29 11:41:18.265, 2, 17250, 100
2026/09/29 11:41:18.265, 3, 17250, 100
2026/09/29 11:41:18.265, 4, 17250, 100
2026/09/29 11:41:18.265, 5, 17250, 100
2026/09/29 11:41:18.265, 6, 17250, 100
2026/09/29 11:41:18.265, 7, 17250, 100
2026/09/29 11:41:19.265, 0, 17250, 100
2026/09/29 11:41:19.265, 1, 17250, 100
2026/09/29 11:41:19.265, 2, 17250, 100
2026/09/29 11:41:19.265, 3, 17250, 100
2026/09/29 11:41:19.265, 4, 17250, 100
2026/09/29 11:41:19.265, 5, 17250, 100
2026/09/29 11:41:19.265, 6, 17250, 100
2026/09/29 11:41:19.265, 7, 17250, 100
2026/09/29 11:41:20.265, 0, 17250, 100
2026/09/29 11:41:20.265, 1, 17250, 100
2026/09/29 11:41:20.265, 2, 17250, 100
2026/09/29 11:41:20.265, 3, 17250, 100
2026/09/29 11:41:20.265, 4, 17250, 100
2026/09/29 11:41:20.265, 5, 17250, 100
2026/09/29 11:41:20.265, 6, 17250, 100
2026/09/29 11:41:20.265, 7, 17250, 100
2026/09/29 11:41:21.266, 0, 17250, 98
2026/09/29 11:41:21.268, 1, 17250, 97
2026/09/29 11:41:21.270, 2, 17250, 93
2026/09/29 11:41:21.277, 3, 17250, 97
2026/09/29 11:41:21.277, 4, 17250, 100
2026/09/29 11:41:21.277, 5, 17250, 100
2026/09/29 11:41:21.277, 6, 17250, 100
2026/09/29 11:41:21.278, 7, 17250, 100
2026/09/29 11:41:22.278, 0, 17250, 100
2026/09/29 11:41:22.278, 1, 17250, 100
2026/09/29 11:41:22.278, 2, 17250, 100
2026/09/29 11:41:22.278, 3, 17250, 100
2026/09/29 11:41:22.278, 4, 17250, 100
2026/09/29 11:41:22.278, 5, 17250, 100
2026/09/29 11:41:22.278, 6, 17250, 100
2026/09/29 11:41:22.278, 7, 17250, 100
2026/09/29 11:41:23.278, 0, 17250, 100
2026/09/29 11:41:23.278, 1, 17250, 100
2026/09/29 11:41:23.278, 2, 17250, 100
2026/09/29 11:41:23.278, 3, 17250, 100
2026/09/29 11:41:23.278, 4, 17250, 100
2026/09/29 11:41:23.278, 5, 17250, 100
2026/09/29 11:41:23.278, 6, 17250, 100
2026/09/29 11:41:23.278, 7, 17250, 100
2026/09/29 11:41:24.278, 0, 17250, 100
2026/09/29 11:41:24.279, 1, 17250, 100
2026/09/29 11:41:24.279, 2, 17250, 100
2026/09/29 11:41:24.279, 3, 17250, 100
2026/09/29 11:41:24.279, 4, 17250, 100
2026/09/29 11:41:24.279, 5, 17250, 100
2026/09/29 11:41:24.279, 6, 17250, 100
2026/09/29 11:41:24.279, 7, 17250, 100
2026/09/29 11:41:25.279, 0, 17250, 100
2026/09/29 11:41:25.279, 1, 17250, 100
2026/09/29 11:41:25.279, 2, 17250, 100
2026/09/29 11:41:25.279, 3, 17250, 100
2026/09/29 11:41:25.279, 4, 17250, 100
2026/09/29 11:41:25.279, 5, 17250, 100
2026/09/29 11:41:25.279, 6, 17250, 100
2026/09/29 11:41:25.279, 7, 17250, 100
2026/09/29 11:41:26.279, 0, 17250, 95
2026/09/29 11:41:26.279, 1, 17250, 91
2026/09/29 11:41:26.279, 2, 17250, 95
2026/09/29 11:41:26.279, 3, 17250, 93
2026/09/29 11:41:26.279, 4, 17250, 100
2026/09/29 11:41:26.279, 5, 17250, 100
2026/09/29 11:41:26.279, 6, 17250, 100
2026/09/29 11:41:26.279, 7, 17250, 100
2026/09/29 11:41:27.280, 0, 17250, 100
2026/09/29 11:41:27.280, 1, 17250, 100
2026/09/29 11:41:27.280, 2, 17250, 100
2026/09/29 11:41:27.280, 3, 17250, 100
2026/09/29 11:41:27.280, 4, 17250, 100
2026/09/29 11:41:27.280, 5, 17250, 100
2026/09/29 11:41:27.280, 6, 17250, 100
2026/09/29 11:41:27.280, 7, 17250, 100
2026/09/29 11:41:28.280, 0, 17250, 100
2026/09/29 11:41:28.280, 1, 17250, 99
2026/09/29 11:41:28.280, 2, 17250, 100
2026/09/29 11:41:28.280, 3, 17250, 100
2026/09/29 11:41:28.280, 4, 17250, 100
2026/09/29 11:41:28.280, 5, 17250, 100
2026/09/29 11:41:28.280, 6, 17250, 100
2026/09/29 11:41:28.280, 7, 17250, 100
2026/09/29 11:41:29.280, 0, 17250, 100
2026/09/29 11:41:29.280, 1, 17250, 100
2026/09/29 11:41:29.280, 2, 17250, 100
2026/09/29 11:41:29.280, 3, 17250, 100
2026/09/29 11:41:29.280, 4, 17250, 100
2026/09/29 11:41:29.281, 5, 17250, 100
2026/09/29 11:41:29.281, 6, 17250, 100
2026/09/29 11:41:29.281, 7, 17250, 100
2026/09/29 11:41:30.281, 0, 17250, 100
2026/09/29 11:41:30.281, 1, 17250, 100
2026/09/29 11:41:30.281, 2, 17250, 100
2026/09/29 11:41:30.281, 3, 17250, 100
2026/09/29 11:41:30.281, 4, 17250, 100
2026/09/29 11:41:30.281, 5, 17250, 100
2026/09/29 11:41:30.281, 6, 17250, 100
2026/09/29 11:41:30.281, 7, 17250, 100
2026/09/29 11:41:31.281, 0, 17250, 100
2026/09/29 11:41:31.281, 1, 17250, 99
2026/09/29 11:41:31.281, 2, 17250, 100
2026/09/29 11:41:31.281, 3, 17250, 100
2026/09/29 11:41:31.281, 4, 17250, 100
2026/09/29 11:41:31.281, 5, 17250, 100
2026/09/29 11:41:31.281, 6, 17250, 100
2026/09/29 11:41:31.281, 7, 17250, 100
2026/09/29 11:41:32.281, 0, 17250, 100
2026/09/29 11:41:32.282, 1, 17250, 100
2026/09/29 11:41:32.282, 2, 17250, 100
2026/09/29 11:41:32.282, 3, 17250, 100
2026/09/29 11:41:32.282, 4, 17250, 100
2026/09/29 11:41:32.282, 5, 17250, 100
2026/09/29 11:41:32.282, 6, 17250, 100
2026/09/29 11:41:32.282, 7, 17250, 100
2026/09/29 11:41:33.282, 0, 17250, 100
2026/09/29 11:41:33.282, 1, 17250, 100
2026/09/29 11:41:33.282, 2, 17250, 100
2026/09/29 11:41:33.282, 3, 17250, 100
2026/09/29 11:41:33.282, 4, 17250, 100
2026/09/29 11:41:33.282, 5, 17250, 100
2026/09/29 11:41:33.282, 6, 17250, 100
2026/09/29 11:41:33.282, 7, 17250, 100
2026/09/29 11:41:34.282, 0, 17250, 100
2026/09/29 11:41:34.282, 1, 17250, 100
2026/09/29 11:41:34.282, 2, 17250, 100
2026/09/29 11:41:34.282, 3, 17250, 100
2026/09/29 11:41:34.282, 4, 17250, 100
2026/09/29 11:41:34.282, 5, 17250, 100
2026/09/29 11:41:34.282, 6, 17250, 100
2026/09/29 11:41:34.282, 7, 17250, 100
2026/09/29 11:41:35.283, 0, 17250, 100
2026/09/29 11:41:35.283, 1, 17250, 100
2026/09/29 11:41:35.283, 2, 17250, 100
2026/09/29 11:41:35.283, 3, 17250, 100
2026/09/29 11:41:35.283, 4, 17250, 100
2026/09/29 11:41:35.283, 5, 17250, 100
2026/09/29 11:41:35.283, 6, 17250, 100
2026/09/29 11:41:35.283, 7, 17250, 100
2026/09/29 11:41:36.283, 0, 17250, 100
2026/09/29 11:41:36.283, 1, 17250, 100
2026/09/29 11:41:36.283, 2, 17250, 100
2026/09/29 11:41:36.283, 3, 17250, 100
2026/09/29 11:41:36.283, 4, 17250, 100
2026/09/29 11:41:36.283, 5, 17250, 100
2026/09/29 11:41:36.283, 6, 17250, 100
2026/09/29 11:41:36.283, 7, 17250, 100
2026/09/29 11:41:37.283, 0, 17250, 100
2026/09/29 11:41:37.283, 1, 17250, 100
2026/09/29 11:41:37.283, 2, 17250, 100
2026/09/29 11:41:37.283, 3, 17250, 100
2026/09/29 11:41:37.283, 4, 17250, 100
2026/09/29 11:41:37.284, 5, 17250, 100
2026/09/29 11:41:37.284, 6, 17250, 93
2026/09/29 11:41:37.284, 7, 17250, 100
2026/09/29 11:41:38.284, 0, 17250, 100
2026/09/29 11:41:38.284, 1, 17250, 100
2026/09/29 11:41:38.284, 2, 17250, 100
2026/09/29 11:41:38.284, 3, 17250, 100
2026/09/29 11:41:38.284, 4, 17250, 100
2026/09/29 11:41:38.284, 5, 17250, 100
2026/09/29 11:41:38.284, 6, 17250, 100
2026/09/29 11:41:38.284, 7, 17250, 100
2026/09/29 11:41:39.284, 0, 17250, 100
2026/09/29 11:41:39.284, 1, 17250, 100
2026/09/29 11:41:39.284, 2, 17250, 100
2026/09/29 11:41:39.284, 3, 17250, 100
2026/09/29 11:41:39.284, 4, 17250, 100
2026/09/29 11:41:39.284, 5, 17250, 100
2026/09/29 11:41:39.284, 6, 17250, 100
2026/09/29 11:41:39.284, 7, 17250, 100
2026/09/29 11:41:40.284, 0, 17250, 100
2026/09/29 11:41:40.284, 1, 17250, 100
2026/09/29 11:41:40.284, 2, 17250, 100
2026/09/29 11:41:40.285, 3, 17250, 100
2026/09/29 11:41:40.285, 4, 17250, 100
2026/09/29 11:41:40.285, 5, 17250, 100
2026/09/29 11:41:40.285, 6, 17250, 100
2026/09/29 11:41:40.285, 7, 17250, 100
2026/09/29 11:41:41.285, 0, 17250, 100
2026/09/29 11:41:41.285, 1, 17250, 100
2026/09/29 11:41:41.285, 2, 17250, 100
2026/09/29 11:41:41.285, 3, 17250, 100
2026/09/29 11:41:41.285, 4, 17250, 100
2026/09/29 11:41:41.285, 5, 17250, 100
2026/09/29 11:41:41.285, 6, 17250, 100
2026/09/29 11:41:41.285, 7, 17250, 99
2026/09/29 11:41:42.285, 0, 17250, 100
2026/09/29 11:41:42.285, 1, 17250, 100
2026/09/29 11:41:42.285, 2, 17250, 100
2026/09/29 11:41:42.285, 3, 17250, 100
2026/09/29 11:41:42.285, 4, 17250, 100
2026/09/29 11:41:42.285, 5, 17250, 100
2026/09/29 11:41:42.285, 6, 17250, 99
2026/09/29 11:41:42.285, 7, 17250, 100
2026/09/29 11:41:43.285, 0, 17250, 100
2026/09/29 11:41:43.286, 1, 17250, 100
2026/09/29 11:41:43.286, 2, 17250, 100
2026/09/29 11:41:43.286, 3, 17250, 100
2026/09/29 11:41:43.286, 4, 17250, 100
2026/09/29 11:41:43.286, 5, 17250, 100
2026/09/29 11:41:43.286, 6, 17250, 100
2026/09/29 11:41:43.286, 7, 17250, 100
2026/09/29 11:41:44.286, 0, 17250, 100
2026/09/29 11:41:44.286, 1, 17250, 100
2026/09/29 11:41:44.286, 2, 17250, 100
2026/09/29 11:41:44.286, 3, 17250, 100
2026/09/29 11:41:44.286, 4, 17250, 100
2026/09/29 11:41:44.286, 5, 17250, 100
2026/09/29 11:41:44.286, 6, 17250, 100
2026/09/29 11:41:44.286, 7, 17250, 100
2026/09/29 11:41:45.286, 0, 17250, 100
2026/09/29 11:41:45.286, 1, 17250, 100
2026/09/29 11:41:45.286, 2, 17250, 100
2026/09/29 11:41:45.286, 3, 17250, 100
2026/09/29 11:41:45.286, 4, 17250, 100
2026/09/29 11:41:45.286, 5, 17250, 100
2026/09/29 11:41:45.286, 6, 17250, 100
2026/09/29 11:41:45.286, 7, 17250, 100
2026/09/29 11:41:46.287, 0, 17250, 100
2026/09/29 11:41:46.287, 1, 17250, 100
2026/09/29 11:41:46.287, 2, 17250, 100
2026/09/29 11:41:46.287, 3, 17250, 100
2026/09/29 11:41:46.287, 4, 17250, 100
2026/09/29 11:41:46.287, 5, 17250, 100
2026/09/29 11:41:46.287, 6, 17250, 100
2026/09/29 11:41:46.287, 7, 17250, 100
2026/09/29 11:41:47.287, 0, 17250, 100
2026/09/29 11:41:47.287, 1, 17250, 99
2026/09/29 11:41:47.287, 2, 17250, 100
2026/09/29 11:41:47.287, 3, 17250, 100
2026/09/29 11:41:47.287, 4, 17250, 100
2026/09/29 11:41:47.287, 5, 17250, 100
2026/09/29 11:41:47.287, 6, 17250, 100
2026/09/29 11:41:47.287, 7, 17250, 100
2026/09/29 11:41:48.287, 0, 17250, 100
2026/09/29 11:41:48.287, 1, 17250, 100
2026/09/29 11:41:48.287, 2, 17250, 100
2026/09/29 11:41:48.287, 3, 17250, 100
2026/09/29 11:41:48.287, 4, 17250, 100
2026/09/29 11:41:48.288, 5, 17250, 100
2026/09/29 11:41:48.288, 6, 17250, 100
2026/09/29 11:41:48.288, 7, 17250, 100
2026/09/29 11:41:49.288, 0, 17250, 100
2026/09/29 11:41:49.288, 1, 17250, 100
2026/09/29 11:41:49.288, 2, 17250, 100
2026/09/29 11:41:49.288, 3, 17250, 100
2026/09/29 11:41:49.288, 4, 17250, 100
2026/09/29 11:41:49.288, 5, 17250, 100
2026/09/29 11:41:49.288, 6, 17250, 100
2026/09/29 11:41:49.288, 7, 17250, 100
2026/09/29 11:41:50.288, 0, 17250, 100
2026/09/29 11:41:50.288, 1, 17250, 100
2026/09/29 11:41:50.288, 2, 17250, 100
2026/09/29 11:41:50.288, 3, 17250, 100
2026/09/29 11:41:50.288, 4, 17250, 100
2026/09/29 11:41:50.288, 5, 17250, 100
2026/09/29 11:41:50.288, 6, 17250, 100
2026/09/29 11:41:50.288, 7, 17250, 100
2026/09/29 11:41:51.288, 0, 17250, 100
2026/09/29 11:41:51.289, 1, 17250, 100
2026/09/29 11:41:51.289, 2, 17250, 100
2026/09/29 11:41:51.289, 3, 17250, 100
2026/09/29 11:41:51.289, 4, 17250, 100
2026/09/29 11:41:51.290, 5, 17250, 100
2026/09/29 11:41:51.290, 6, 17250, 100
2026/09/29 11:41:51.290, 7, 17250, 100
2026/09/29 11:41:52.290, 0, 17250, 100
2026/09/29 11:41:52.290, 1, 17250, 100
2026/09/29 11:41:52.290, 2, 17250, 100
2026/09/29 11:41:52.290, 3, 17250, 100
2026/09/29 11:41:52.290, 4, 17250, 100
2026/09/29 11:41:52.290, 5, 17250, 100
2026/09/29 11:41:52.290, 6, 17250, 100
2026/09/29 11:41:52.290, 7, 17250, 100
2026/09/29 11:41:53.291, 0, 17250, 100
2026/09/29 11:41:53.291, 1, 17250, 100
2026/09/29 11:41:53.291, 2, 17250, 100
2026/09/29 11:41:53.291, 3, 17250, 100
2026/09/29 11:41:53.291, 4, 17250, 100
2026/09/29 11:41:53.291, 5, 17250, 100
2026/09/29 11:41:53.291, 6, 17250, 100
2026/09/29 11:41:53.291, 7, 17250, 100
2026/09/29 11:41:54.291, 0, 17250, 100
2026/09/29 11:41:54.291, 1, 17250, 100
2026/09/29 11:41:54.291, 2, 17250, 100
2026/09/29 11:41:54.291, 3, 17250, 99
2026/09/29 11:41:54.291, 4, 17250, 100
2026/09/29 11:41:54.291, 5, 17250, 100
2026/09/29 11:41:54.291, 6, 17250, 100
2026/09/29 11:41:54.291, 7, 17250, 100
2026/09/29 11:41:55.291, 0, 17250, 100
2026/09/29 11:41:55.291, 1, 17250, 100
2026/09/29 11:41:55.291, 2, 17250, 100
2026/09/29 11:41:55.291, 3, 17250, 100
2026/09/29 11:41:55.291, 4, 17250, 100
2026/09/29 11:41:55.291, 5, 17250, 100
2026/09/29 11:41:55.291, 6, 17250, 100
2026/09/29 11:41:55.291, 7, 17250, 100
2026/09/29 11:41:56.292, 0, 17250, 100
2026/09/29 11:41:56.292, 1, 17250, 99
2026/09/29 11:41:56.292, 2, 17250, 100
2026/09/29 11:41:56.292, 3, 17250, 100
2026/09/29 11:41:56.292, 4, 17250, 100
2026/09/29 11:41:56.292, 5, 17250, 100
2026/09/29 11:41:56.292, 6, 17250, 100
2026/09/29 11:41:56.292, 7, 17250, 100
2026/09/29 11:41:57.292, 0, 17250, 100
2026/09/29 11:41:57.292, 1, 17250, 100
2026/09/29 11:41:57.292, 2, 17250, 100
2026/09/29 11:41:57.292, 3, 17250, 100
2026/09/29 11:41:57.292, 4, 17250, 95
2026/09/29 11:41:57.292, 5, 17250, 100
2026/09/29 11:41:57.292, 6, 17250, 100
2026/09/29 11:41:57.292, 7, 17250, 97
2026/09/29 11:41:58.292, 0, 17250, 100
2026/09/29 11:41:58.292, 1, 17250, 100
2026/09/29 11:41:58.293, 2, 17250, 100
2026/09/29 11:41:58.293, 3, 17250, 100
2026/09/29 11:41:58.293, 4, 17250, 100
2026/09/29 11:41:58.293, 5, 17250, 100
2026/09/29 11:41:58.293, 6, 17250, 100
2026/09/29 11:41:58.293, 7, 17250, 100
2026/09/29 11:41:59.293, 0, 17250, 100
2026/09/29 11:41:59.293, 1, 17250, 100
2026/09/29 11:41:59.293, 2, 17250, 100
2026/09/29 11:41:59.293, 3, 17250, 100
2026/09/29 11:41:59.293, 4, 17250, 100
2026/09/29 11:41:59.293, 5, 17250, 100
2026/09/29 11:41:59.293, 6, 17250, 100
2026/09/29 11:41:59.293, 7, 17250, 100
2026/09/29 11:42:00.293, 0, 17250, 100
2026/09/29 11:42:00.293, 1, 17250, 100
2026/09/29 11:42:00.293, 2, 17250, 100
2026/09/29 11:42:00.293, 3, 17250, 100
2026/09/29 11:42:00.293, 4, 17250, 100
2026/09/29 11:42:00.293, 5, 17250, 100
2026/09/29 11:42:00.293, 6, 17250, 100
2026/09/29 11:42:00.293, 7, 17250, 100
2026/09/29 11:42:01.293, 0, 17250, 100
2026/09/29 11:42:01.294, 1, 17250, 100
2026/09/29 11:42:01.294, 2, 17250, 100
2026/09/29 11:42:01.294, 3, 17250, 100
2026/09/29 11:42:01.294, 4, 17250, 100
2026/09/29 11:42:01.294, 5, 17250, 100
2026/09/29 11:42:01.294, 6, 17250, 100
2026/09/29 11:42:01.294, 7, 17250, 100
2026/09/29 11:42:02.294, 0, 17250, 100
2026/09/29 11:42:02.294, 1, 17250, 100
2026/09/29 11:42:02.294, 2, 17250, 100
2026/09/29 11:42:02.294, 3, 17250, 100
2026/09/29 11:42:02.294, 4, 17250, 97
2026/09/29 11:42:02.294, 5, 17250, 100
2026/09/29 11:42:02.294, 6, 17250, 100
2026/09/29 11:42:02.294, 7, 17250, 95
2026/09/29 11:42:03.294, 0, 17250, 100
2026/09/29 11:42:03.294, 1, 17250, 99
2026/09/29 11:42:03.295, 2, 17250, 100
2026/09/29 11:42:03.295, 3, 17250, 100
2026/09/29 11:42:03.295, 4, 17250, 100
2026/09/29 11:42:03.295, 5, 17250, 100
2026/09/29 11:42:03.295, 6, 17250, 100
2026/09/29 11:42:03.295, 7, 17250, 100
2026/09/29 11:42:04.295, 0, 17250, 100
2026/09/29 11:42:04.295, 1, 17250, 100
2026/09/29 11:42:04.295, 2, 17250, 100
2026/09/29 11:42:04.295, 3, 17250, 100
2026/09/29 11:42:04.295, 4, 17250, 100
2026/09/29 11:42:04.295, 5, 17250, 100
2026/09/29 11:42:04.295, 6, 17250, 100
2026/09/29 11:42:04.295, 7, 17250, 100
2026/09/29 11:42:05.295, 0, 17250, 100
2026/09/29 11:42:05.295, 1, 17250, 100
2026/09/29 11:42:05.295, 2, 17250, 100
2026/09/29 11:42:05.295, 3, 17250, 100
2026/09/29 11:42:05.295, 4, 17250, 100
2026/09/29 11:42:05.295, 5, 17250, 100
2026/09/29 11:42:05.295, 6, 17250, 100
2026/09/29 11:42:05.295, 7, 17250, 100
2026/09/29 11:42:06.295, 0, 17250, 99
2026/09/29 11:42:06.296, 1, 17250, 100
2026/09/29 11:42:06.296, 2, 17250, 100
2026/09/29 11:42:06.296, 3, 17250, 100
2026/09/29 11:42:06.296, 4, 17250, 100
2026/09/29 11:42:06.296, 5, 17250, 100
2026/09/29 11:42:06.296, 6, 17250, 100
2026/09/29 11:42:06.296, 7, 17250, 100
2026/09/29 11:42:07.296, 0, 17250, 100
2026/09/29 11:42:07.296, 1, 17250, 100
2026/09/29 11:42:07.296, 2, 17250, 100
2026/09/29 11:42:07.296, 3, 17250, 100
2026/09/29 11:42:07.296, 4, 17250, 100
2026/09/29 11:42:07.296, 5, 17250, 100
2026/09/29 11:42:07.296, 6, 17250, 100
2026/09/29 11:42:07.296, 7, 17250, 100
2026/09/29 11:42:08.296, 0, 17250, 100
2026/09/29 11:42:08.296, 1, 17250, 100
2026/09/29 11:42:08.296, 2, 17250, 100
2026/09/29 11:42:08.296, 3, 17250, 100
2026/09/29 11:42:08.296, 4, 17250, 100
2026/09/29 11:42:08.296, 5, 17250, 100
2026/09/29 11:42:08.296, 6, 17250, 100
2026/09/29 11:42:08.296, 7, 17250, 100
2026/09/29 11:42:09.297, 0, 17250, 100
2026/09/29 11:42:09.297, 1, 17250, 99
2026/09/29 11:42:09.297, 2, 17250, 100
2026/09/29 11:42:09.297, 3, 17250, 100
2026/09/29 11:42:09.297, 4, 17250, 100
2026/09/29 11:42:09.297, 5, 17250, 100
2026/09/29 11:42:09.297, 6, 17250, 100
2026/09/29 11:42:09.297, 7, 17250, 100
2026/09/29 11:42:10.297, 0, 17250, 100
2026/09/29 11:42:10.297, 1, 17250, 100
2026/09/29 11:42:10.297, 2, 17250, 100
2026/09/29 11:42:10.297, 3, 17250, 100
2026/09/29 11:42:10.297, 4, 17250, 100
2026/09/29 11:42:10.297, 5, 17250, 100
2026/09/29 11:42:10.297, 6, 17250, 100
2026/09/29 11:42:10.297, 7, 17250, 100
2026/09/29 11:42:11.297, 0, 17250, 100
2026/09/29 11:42:11.297, 1, 17250, 100
2026/09/29 11:42:11.297, 2, 17250, 100
2026/09/29 11:42:11.297, 3, 17250, 100
2026/09/29 11:42:11.297, 4, 17250, 100
2026/09/29 11:42:11.297, 5, 17250, 100
2026/09/29 11:42:11.298, 6, 17250, 100
2026/09/29 11:42:11.298, 7, 17250, 100
2026/09/29 11:42:12.298, 0, 17250, 100
2026/09/29 11:42:12.298, 1, 17250, 100
2026/09/29 11:42:12.298, 2, 17250, 100
2026/09/29 11:42:12.298, 3, 17250, 100
2026/09/29 11:42:12.298, 4, 17250, 100
2026/09/29 11:42:12.298, 5, 17250, 100
2026/09/29 11:42:12.298, 6, 17250, 100
2026/09/29 11:42:12.298, 7, 17250, 100
2026/09/29 11:42:13.298, 0, 17250, 100
2026/09/29 11:42:13.298, 1, 17250, 100
2026/09/29 11:42:13.298, 2, 17250, 100
2026/09/29 11:42:13.298, 3, 17250, 100
2026/09/29 11:42:13.298, 4, 17250, 100
2026/09/29 11:42:13.298, 5, 17250, 100
2026/09/29 11:42:13.298, 6, 17250, 100
2026/09/29 11:42:13.298, 7, 17250, 100
2026/09/29 11:42:14.298, 0, 17250, 100
2026/09/29 11:42:14.299, 1, 17250, 100
2026/09/29 11:42:14.299, 2, 17250, 100
2026/09/29 11:42:14.299, 3, 17250, 100
2026/09/29 11:42:14.299, 4, 17250, 100
2026/09/29 11:42:14.299, 5, 17250, 100
2026/09/29 11:42:14.299, 6, 17250, 100
2026/09/29 11:42:14.299, 7, 17250, 100
2026/09/29 11:42:15.299, 0, 17250, 99
2026/09/29 11:42:15.299, 1, 17250, 99
2026/09/29 11:42:15.299, 2, 17250, 100
2026/09/29 11:42:15.299, 3, 17250, 100
2026/09/29 11:42:15.299, 4, 17250, 100
2026/09/29 11:42:15.299, 5, 17250, 100
2026/09/29 11:42:15.299, 6, 17250, 100
2026/09/29 11:42:15.299, 7, 17250, 100
2026/09/29 11:42:16.299, 0, 17250, 100
2026/09/29 11:42:16.299, 1, 17250, 100
2026/09/29 11:42:16.299, 2, 17250, 100
2026/09/29 11:42:16.299, 3, 17250, 100
2026/09/29 11:42:16.299, 4, 17250, 100
2026/09/29 11:42:16.299, 5, 17250, 100
2026/09/29 11:42:16.299, 6, 17250, 100
2026/09/29 11:42:16.299, 7, 17250, 100
2026/09/29 11:42:17.299, 0, 17250, 100
2026/09/29 11:42:17.300, 1, 17250, 100
2026/09/29 11:42:17.300, 2, 17250, 100
2026/09/29 11:42:17.300, 3, 17250, 100
2026/09/29 11:42:17.300, 4, 17250, 100
2026/09/29 11:42:17.300, 5, 17250, 96
2026/09/29 11:42:17.300, 6, 17250, 100
2026/09/29 11:42:17.300, 7, 17250, 100
2026/09/29 11:42:18.300, 0, 17250, 100
2026/09/29 11:42:18.300, 1, 17250, 100
2026/09/29 11:42:18.300, 2, 17250, 100
2026/09/29 11:42:18.300, 3, 17250, 100
2026/09/29 11:42:18.300, 4, 17250, 100
2026/09/29 11:42:18.300, 5, 17250, 100
2026/09/29 11:42:18.300, 6, 17250, 100
2026/09/29 11:42:18.300, 7, 17250, 100
2026/09/29 11:42:19.300, 0, 17250, 100
2026/09/29 11:42:19.300, 1, 17250, 100
2026/09/29 11:42:19.300, 2, 17250, 100
2026/09/29 11:42:19.300, 3, 17250, 100
2026/09/29 11:42:19.300, 4, 17250, 100
2026/09/29 11:42:19.300, 5, 17250, 100
2026/09/29 11:42:19.300, 6, 17250, 100
2026/09/29 11:42:19.301, 7, 17250, 100
2026/09/29 11:42:20.301, 0, 17250, 100
2026/09/29 11:42:20.301, 1, 17250, 100
2026/09/29 11:42:20.301, 2, 17250, 100
2026/09/29 11:42:20.301, 3, 17250, 100
2026/09/29 11:42:20.301, 4, 17250, 100
2026/09/29 11:42:20.301, 5, 17250, 100
2026/09/29 11:42:20.301, 6, 17250, 100
2026/09/29 11:42:20.301, 7, 17250, 100
2026/09/29 11:42:21.301, 0, 17250, 100
2026/09/29 11:42:21.304, 1, 17250, 100
2026/09/29 11:42:21.304, 2, 17250, 100
2026/09/29 11:42:21.304, 3, 17250, 100
2026/09/29 11:42:21.304, 4, 17250, 100
2026/09/29 11:42:21.311, 5, 17250, 100
2026/09/29 11:42:21.311, 6, 17250, 100
2026/09/29 11:42:21.311, 7, 17250, 100
2026/09/29 11:42:22.312, 0, 17250, 100
2026/09/29 11:42:22.312, 1, 17250, 100
2026/09/29 11:42:22.312, 2, 17250, 98
2026/09/29 11:42:22.312, 3, 17250, 100
2026/09/29 11:42:22.312, 4, 17250, 100
2026/09/29 11:42:22.312, 5, 17250, 93
2026/09/29 11:42:22.312, 6, 17250, 100
2026/09/29 11:42:22.312, 7, 17250, 100
2026/09/29 11:42:23.312, 0, 17250, 100
2026/09/29 11:42:23.312, 1, 17250, 100
2026/09/29 11:42:23.312, 2, 17250, 100
2026/09/29 11:42:23.312, 3, 17250, 100
2026/09/29 11:42:23.313, 4, 17250, 100
2026/09/29 11:42:23.313, 5, 17250, 100
2026/09/29 11:42:23.313, 6, 17250, 100
2026/09/29 11:42:23.313, 7, 17250, 100
2026/09/29 11:42:24.313, 0, 17250, 100
2026/09/29 11:42:24.313, 1, 17250, 100
2026/09/29 11:42:24.313, 2, 17250, 100
2026/09/29 11:42:24.313, 3, 17250, 100
2026/09/29 11:42:24.313, 4, 17250, 100
2026/09/29 11:42:24.313, 5, 17250, 100
2026/09/29 11:42:24.313, 6, 17250, 100
2026/09/29 11:42:24.313, 7, 17250, 100
2026/09/29 11:42:25.313, 0, 17250, 100
2026/09/29 11:42:25.313, 1, 17250, 99
2026/09/29 11:42:25.313, 2, 17250, 99
2026/09/29 11:42:25.313, 3, 17250, 100
2026/09/29 11:42:25.313, 4, 17250, 100
2026/09/29 11:42:25.313, 5, 17250, 100
2026/09/29 11:42:25.313, 6, 17250, 100
2026/09/29 11:42:25.313, 7, 17250, 100
2026/09/29 11:42:26.313, 0, 17250, 100
2026/09/29 11:42:26.313, 1, 17250, 100
2026/09/29 11:42:26.313, 2, 17250, 100
2026/09/29 11:42:26.313, 3, 17250, 100
2026/09/29 11:42:26.314, 4, 17250, 100
2026/09/29 11:42:26.314, 5, 17250, 100
2026/09/29 11:42:26.314, 6, 17250, 100
2026/09/29 11:42:26.314, 7, 17250, 100
2026/09/29 11:42:27.314, 0, 17250, 98
2026/09/29 11:42:27.314, 1, 17250, 91
2026/09/29 11:42:27.314, 2, 17250, 93
2026/09/29 11:42:27.314, 3, 17250, 100
2026/09/29 11:42:27.314, 4, 17250, 100
2026/09/29 11:42:27.314, 5, 17250, 100
2026/09/29 11:42:27.314, 6, 17250, 100
2026/09/29 11:42:27.314, 7, 17250, 100
2026/09/29 11:42:28.314, 0, 17250, 100
2026/09/29 11:42:28.314, 1, 17250, 100
2026/09/29 11:42:28.314, 2, 17250, 100
2026/09/29 11:42:28.314, 3, 17250, 100
2026/09/29 11:42:28.314, 4, 17250, 100
2026/09/29 11:42:28.314, 5, 17250, 100
2026/09/29 11:42:28.314, 6, 17250, 100
2026/09/29 11:42:28.314, 7, 17250, 100
2026/09/29 11:42:29.315, 0, 17250, 100
2026/09/29 11:42:29.315, 1, 17250, 100
2026/09/29 11:42:29.315, 2, 17250, 100
2026/09/29 11:42:29.315, 3, 17250, 100
2026/09/29 11:42:29.315, 4, 17250, 100
2026/09/29 11:42:29.315, 5, 17250, 100
2026/09/29 11:42:29.315, 6, 17250, 100
2026/09/29 11:42:29.315, 7, 17250, 100
2026/09/29 11:42:30.315, 0, 17250, 100
2026/09/29 11:42:30.315, 1, 17250, 100
2026/09/29 11:42:30.315, 2, 17250, 100
2026/09/29 11:42:30.315, 3, 17250, 100
2026/09/29 11:42:30.315, 4, 17250, 100
2026/09/29 11:42:30.315, 5, 17250, 100
2026/09/29 11:42:30.315, 6, 17250, 100
2026/09/29 11:42:30.315, 7, 17250, 100
2026/09/29 11:42:31.315, 0, 17250, 100
2026/09/29 11:42:31.315, 1, 17250, 100
2026/09/29 11:42:31.315, 2, 17250, 100
2026/09/29 11:42:31.315, 3, 17250, 100
2026/09/29 11:42:31.315, 4, 17250, 100
2026/09/29 11:42:31.315, 5, 17250, 100
2026/09/29 11:42:31.315, 6, 17250, 100
2026/09/29 11:42:31.315, 7, 17250, 100
2026/09/29 11:42:32.316, 0, 17250, 95
2026/09/29 11:42:32.316, 1, 17250, 92
2026/09/29 11:42:32.316, 2, 17250, 99
2026/09/29 11:42:32.316, 3, 17250, 97
2026/09/29 11:42:32.316, 4, 17250, 100
2026/09/29 11:42:32.316, 5, 17250, 100
2026/09/29 11:42:32.316, 6, 17250, 100
2026/09/29 11:42:32.316, 7, 17250, 100
2026/09/29 11:42:33.316, 0, 17250, 100
2026/09/29 11:42:33.316, 1, 17250, 100
2026/09/29 11:42:33.316, 2, 17250, 100
2026/09/29 11:42:33.316, 3, 17250, 100
2026/09/29 11:42:33.316, 4, 17250, 100
2026/09/29 11:42:33.316, 5, 17250, 100
2026/09/29 11:42:33.316, 6, 17250, 99
2026/09/29 11:42:33.316, 7, 17250, 100
2026/09/29 11:42:34.316, 0, 17250, 100
2026/09/29 11:42:34.316, 1, 17250, 100
2026/09/29 11:42:34.316, 2, 17250, 100
2026/09/29 11:42:34.316, 3, 17250, 100
2026/09/29 11:42:34.317, 4, 17250, 100
2026/09/29 11:42:34.317, 5, 17250, 100
2026/09/29 11:42:34.317, 6, 17250, 100
2026/09/29 11:42:34.317, 7, 17250, 100
2026/09/29 11:42:35.317, 0, 17250, 100
2026/09/29 11:42:35.317, 1, 17250, 100
2026/09/29 11:42:35.317, 2, 17250, 100
2026/09/29 11:42:35.317, 3, 17250, 100
2026/09/29 11:42:35.317, 4, 17250, 100
2026/09/29 11:42:35.317, 5, 17250, 100
2026/09/29 11:42:35.317, 6, 17250, 100
2026/09/29 11:42:35.317, 7, 17250, 100
2026/09/29 11:42:36.317, 0, 17250, 100
2026/09/29 11:42:36.317, 1, 17250, 100
2026/09/29 11:42:36.317, 2, 17250, 100
2026/09/29 11:42:36.317, 3, 17250, 100
2026/09/29 11:42:36.317, 4, 17250, 100
2026/09/29 11:42:36.319, 5, 17250, 99
2026/09/29 11:42:36.319, 6, 17250, 100
2026/09/29 11:42:36.319, 7, 17250, 100
2026/09/29 11:42:37.319, 0, 17250, 100
2026/09/29 11:42:37.319, 1, 17250, 100
2026/09/29 11:42:37.319, 2, 17250, 100
2026/09/29 11:42:37.319, 3, 17250, 96
2026/09/29 11:42:37.319, 4, 17250, 100
2026/09/29 11:42:37.319, 5, 17250, 100
2026/09/29 11:42:37.319, 6, 17250, 100
2026/09/29 11:42:37.319, 7, 17250, 100
2026/09/29 11:42:38.319, 0, 17250, 100
2026/09/29 11:42:38.319, 1, 17250, 100
2026/09/29 11:42:38.320, 2, 17250, 100
2026/09/29 11:42:38.320, 3, 17250, 100
2026/09/29 11:42:38.320, 4, 17250, 100
2026/09/29 11:42:38.320, 5, 17250, 100
2026/09/29 11:42:38.320, 6, 17250, 93
2026/09/29 11:42:38.320, 7, 17250, 100
2026/09/29 11:42:39.320, 0, 17250, 100
2026/09/29 11:42:39.320, 1, 17250, 100
2026/09/29 11:42:39.320, 2, 17250, 100
2026/09/29 11:42:39.320, 3, 17250, 100
2026/09/29 11:42:39.320, 4, 17250, 100
2026/09/29 11:42:39.320, 5, 17250, 100
2026/09/29 11:42:39.320, 6, 17250, 100
2026/09/29 11:42:39.320, 7, 17250, 100
2026/09/29 11:42:40.320, 0, 17250, 100
2026/09/29 11:42:40.320, 1, 17250, 100
2026/09/29 11:42:40.320, 2, 17250, 100
2026/09/29 11:42:40.320, 3, 17250, 100
2026/09/29 11:42:40.320, 4, 17250, 100
2026/09/29 11:42:40.320, 5, 17250, 100
2026/09/29 11:42:40.320, 6, 17250, 100
2026/09/29 11:42:40.320, 7, 17250, 100
2026/09/29 11:42:41.321, 0, 17250, 100
2026/09/29 11:42:41.321, 1, 17250, 100
2026/09/29 11:42:41.321, 2, 17250, 100
2026/09/29 11:42:41.321, 3, 17250, 100
2026/09/29 11:42:41.321, 4, 17250, 100
2026/09/29 11:42:41.321, 5, 17250, 100
2026/09/29 11:42:41.321, 6, 17250, 100
2026/09/29 11:42:41.321, 7, 17250, 100
2026/09/29 11:42:42.321, 0, 17250, 100
2026/09/29 11:42:42.321, 1, 17250, 100
2026/09/29 11:42:42.321, 2, 17250, 100
2026/09/29 11:42:42.321, 3, 17250, 100
2026/09/29 11:42:42.321, 4, 17250, 100
2026/09/29 11:42:42.321, 5, 17250, 100
2026/09/29 11:42:42.321, 6, 17250, 100
2026/09/29 11:42:42.321, 7, 17250, 100
2026/09/29 11:42:43.321, 0, 17250, 100
2026/09/29 11:42:43.321, 1, 17250, 100
2026/09/29 11:42:43.321, 2, 17250, 100
2026/09/29 11:42:43.321, 3, 17250, 100
2026/09/29 11:42:43.321, 4, 17250, 100
2026/09/29 11:42:43.322, 5, 17250, 100
2026/09/29 11:42:43.322, 6, 17250, 96
2026/09/29 11:42:43.322, 7, 17250, 100
2026/09/29 11:42:44.322, 0, 17250, 100
2026/09/29 11:42:44.322, 1, 17250, 99
2026/09/29 11:42:44.322, 2, 17250, 100
2026/09/29 11:42:44.322, 3, 17250, 100
2026/09/29 11:42:44.322, 4, 17250, 100
2026/09/29 11:42:44.322, 5, 17250, 100
2026/09/29 11:42:44.322, 6, 17250, 100
2026/09/29 11:42:44.322, 7, 17250, 100
2026/09/29 11:42:45.322, 0, 17250, 100
2026/09/29 11:42:45.322, 1, 17250, 100
2026/09/29 11:42:45.322, 2, 17250, 100
2026/09/29 11:42:45.322, 3, 17250, 100
2026/09/29 11:42:45.322, 4, 17250, 100
2026/09/29 11:42:45.322, 5, 17250, 100
2026/09/29 11:42:45.322, 6, 17250, 100
2026/09/29 11:42:45.322, 7, 17250, 100
2026/09/29 11:42:46.322, 0, 17250, 100
2026/09/29 11:42:46.323, 1, 17250, 100
2026/09/29 11:42:46.323, 2, 17250, 100
2026/09/29 11:42:46.323, 3, 17250, 100
2026/09/29 11:42:46.323, 4, 17250, 100
2026/09/29 11:42:46.323, 5, 17250, 100
2026/09/29 11:42:46.323, 6, 17250, 100
2026/09/29 11:42:46.323, 7, 17250, 100
2026/09/29 11:42:47.323, 0, 17250, 100
2026/09/29 11:42:47.323, 1, 17250, 100
2026/09/29 11:42:47.323, 2, 17250, 100
2026/09/29 11:42:47.323, 3, 17250, 100
2026/09/29 11:42:47.323, 4, 17250, 100
2026/09/29 11:42:47.323, 5, 17250, 100
2026/09/29 11:42:47.323, 6, 17250, 99
2026/09/29 11:42:47.323, 7, 17250, 100
2026/09/29 11:42:48.323, 0, 17250, 100
2026/09/29 11:42:48.323, 1, 17250, 100
2026/09/29 11:42:48.323, 2, 17250, 100
2026/09/29 11:42:48.323, 3, 17250, 100
2026/09/29 11:42:48.323, 4, 17250, 100
2026/09/29 11:42:48.323, 5, 17250, 100
2026/09/29 11:42:48.323, 6, 17250, 100
2026/09/29 11:42:48.323, 7, 17250, 100
2026/09/29 11:42:49.324, 0, 17250, 100
2026/09/29 11:42:49.324, 1, 17250, 100
2026/09/29 11:42:49.324, 2, 17250, 100
2026/09/29 11:42:49.324, 3, 17250, 100
2026/09/29 11:42:49.324, 4, 17250, 100
2026/09/29 11:42:49.324, 5, 17250, 100
2026/09/29 11:42:49.324, 6, 17250, 100
2026/09/29 11:42:49.324, 7, 17250, 100
2026/09/29 11:42:50.324, 0, 17250, 100
2026/09/29 11:42:50.324, 1, 17250, 99
2026/09/29 11:42:50.324, 2, 17250, 100
2026/09/29 11:42:50.324, 3, 17250, 100
2026/09/29 11:42:50.324, 4, 17250, 100
2026/09/29 11:42:50.324, 5, 17250, 100
2026/09/29 11:42:50.324, 6, 17250, 100
2026/09/29 11:42:50.324, 7, 17250, 100
2026/09/29 11:42:51.324, 0, 17250, 100
2026/09/29 11:42:51.324, 1, 17250, 100
2026/09/29 11:42:51.324, 2, 17250, 100
2026/09/29 11:42:51.324, 3, 17250, 100
2026/09/29 11:42:51.324, 4, 17250, 100
2026/09/29 11:42:51.324, 5, 17250, 100
2026/09/29 11:42:51.325, 6, 17250, 100
2026/09/29 11:42:51.325, 7, 17250, 100
2026/09/29 11:42:52.325, 0, 17250, 100
2026/09/29 11:42:52.325, 1, 17250, 100
2026/09/29 11:42:52.325, 2, 17250, 100
2026/09/29 11:42:52.325, 3, 17250, 100
2026/09/29 11:42:52.325, 4, 17250, 100
2026/09/29 11:42:52.325, 5, 17250, 100
2026/09/29 11:42:52.325, 6, 17250, 100
2026/09/29 11:42:52.325, 7, 17250, 100
2026/09/29 11:42:53.325, 0, 17250, 100
2026/09/29 11:42:53.325, 1, 17250, 100
2026/09/29 11:42:53.325, 2, 17250, 100
2026/09/29 11:42:53.325, 3, 17250, 100
2026/09/29 11:42:53.325, 4, 17250, 100
2026/09/29 11:42:53.325, 5, 17250, 100
2026/09/29 11:42:53.325, 6, 17250, 100
2026/09/29 11:42:53.325, 7, 17250, 100
2026/09/29 11:42:54.325, 0, 17250, 100
2026/09/29 11:42:54.326, 1, 17250, 100
2026/09/29 11:42:54.326, 2, 17250, 100
2026/09/29 11:42:54.326, 3, 17250, 100
2026/09/29 11:42:54.326, 4, 17250, 100
2026/09/29 11:42:54.326, 5, 17250, 100
2026/09/29 11:42:54.326, 6, 17250, 100
2026/09/29 11:42:54.326, 7, 17250, 100
2026/09/29 11:42:55.326, 0, 17250, 100
2026/09/29 11:42:55.326, 1, 17250, 100
2026/09/29 11:42:55.326, 2, 17250, 100
2026/09/29 11:42:55.326, 3, 17250, 100
2026/09/29 11:42:55.326, 4, 17250, 100
2026/09/29 11:42:55.326, 5, 17250, 100
2026/09/29 11:42:55.326, 6, 17250, 100
2026/09/29 11:42:55.326, 7, 17250, 100
2026/09/29 11:42:56.326, 0, 17250, 100
2026/09/29 11:42:56.326, 1, 17250, 100
2026/09/29 11:42:56.326, 2, 17250, 100
2026/09/29 11:42:56.326, 3, 17250, 100
2026/09/29 11:42:56.326, 4, 17250, 100
2026/09/29 11:42:56.326, 5, 17250, 100
2026/09/29 11:42:56.326, 6, 17250, 100
2026/09/29 11:42:56.326, 7, 17250, 100
2026/09/29 11:42:57.327, 0, 17250, 100
2026/09/29 11:42:57.327, 1, 17250, 100
2026/09/29 11:42:57.327, 2, 17250, 100
2026/09/29 11:42:57.327, 3, 17250, 100
2026/09/29 11:42:57.327, 4, 17250, 100
2026/09/29 11:42:57.327, 5, 17250, 100
2026/09/29 11:42:57.327, 6, 17250, 100
2026/09/29 11:42:57.327, 7, 17250, 100
2026/09/29 11:42:58.327, 0, 17250, 100
2026/09/29 11:42:58.327, 1, 17250, 100
2026/09/29 11:42:58.327, 2, 17250, 100
2026/09/29 11:42:58.327, 3, 17250, 100
2026/09/29 11:42:58.327, 4, 17250, 95
2026/09/29 11:42:58.327, 5, 17250, 100
2026/09/29 11:42:58.327, 6, 17250, 100
2026/09/29 11:42:58.327, 7, 17250, 95
2026/09/29 11:42:59.327, 0, 17250, 100
2026/09/29 11:42:59.327, 1, 17250, 99
2026/09/29 11:42:59.327, 2, 17250, 100
2026/09/29 11:42:59.327, 3, 17250, 100
2026/09/29 11:42:59.327, 4, 17250, 100
2026/09/29 11:42:59.327, 5, 17250, 100
2026/09/29 11:42:59.327, 6, 17250, 100
2026/09/29 11:42:59.327, 7, 17250, 100
2026/09/29 11:43:00.328, 0, 17250, 100
2026/09/29 11:43:00.328, 1, 17250, 100
2026/09/29 11:43:00.328, 2, 17250, 100
2026/09/29 11:43:00.328, 3, 17250, 100
2026/09/29 11:43:00.328, 4, 17250, 100
2026/09/29 11:43:00.328, 5, 17250, 100
2026/09/29 11:43:00.328, 6, 17250, 100
2026/09/29 11:43:00.328, 7, 17250, 100
2026/09/29 11:43:01.328, 0, 17250, 100
2026/09/29 11:43:01.328, 1, 17250, 100
2026/09/29 11:43:01.328, 2, 17250, 100
2026/09/29 11:43:01.328, 3, 17250, 100
2026/09/29 11:43:01.328, 4, 17250, 100
2026/09/29 11:43:01.328, 5, 17250, 100
2026/09/29 11:43:01.328, 6, 17250, 100
2026/09/29 11:43:01.328, 7, 17250, 100
2026/09/29 11:43:02.328, 0, 17250, 99
2026/09/29 11:43:02.328, 1, 17250, 100
2026/09/29 11:43:02.328, 2, 17250, 100
2026/09/29 11:43:02.328, 3, 17250, 100
2026/09/29 11:43:02.328, 4, 17250, 100
2026/09/29 11:43:02.328, 5, 17250, 100
2026/09/29 11:43:02.328, 6, 17250, 100
2026/09/29 11:43:02.329, 7, 17250, 100
2026/09/29 11:43:03.329, 0, 17250, 100
2026/09/29 11:43:03.329, 1, 17250, 100
2026/09/29 11:43:03.329, 2, 17250, 100
2026/09/29 11:43:03.329, 3, 17250, 100
2026/09/29 11:43:03.329, 4, 17250, 100
2026/09/29 11:43:03.329, 5, 17250, 100
2026/09/29 11:43:03.329, 6, 17250, 100
2026/09/29 11:43:03.329, 7, 17250, 99
2026/09/29 11:43:04.329, 0, 17250, 100
2026/09/29 11:43:04.329, 1, 17250, 100
2026/09/29 11:43:04.329, 2, 17250, 100
2026/09/29 11:43:04.329, 3, 17250, 100
2026/09/29 11:43:04.329, 4, 17250, 100
2026/09/29 11:43:04.329, 5, 17250, 100
2026/09/29 11:43:04.329, 6, 17250, 100
2026/09/29 11:43:04.329, 7, 17250, 100
2026/09/29 11:43:05.329, 0, 17250, 100
2026/09/29 11:43:05.329, 1, 17250, 100
2026/09/29 11:43:05.329, 2, 17250, 100
2026/09/29 11:43:05.330, 3, 17250, 100
2026/09/29 11:43:05.330, 4, 17250, 100
2026/09/29 11:43:05.330, 5, 17250, 100
2026/09/29 11:43:05.330, 6, 17250, 100
2026/09/29 11:43:05.330, 7, 17250, 100
2026/09/29 11:43:06.330, 0, 17250, 100
2026/09/29 11:43:06.330, 1, 17250, 99
2026/09/29 11:43:06.330, 2, 17250, 100
2026/09/29 11:43:06.330, 3, 17250, 100
2026/09/29 11:43:06.330, 4, 17250, 100
2026/09/29 11:43:06.330, 5, 17250, 100
2026/09/29 11:43:06.330, 6, 17250, 100
2026/09/29 11:43:06.330, 7, 17250, 100
2026/09/29 11:43:07.330, 0, 17250, 100
2026/09/29 11:43:07.330, 1, 17250, 100
2026/09/29 11:43:07.330, 2, 17250, 100
2026/09/29 11:43:07.330, 3, 17250, 99
2026/09/29 11:43:07.330, 4, 17250, 100
2026/09/29 11:43:07.330, 5, 17250, 100
2026/09/29 11:43:07.330, 6, 17250, 99
2026/09/29 11:43:07.330, 7, 17250, 100
2026/09/29 11:43:08.331, 0, 17250, 100
2026/09/29 11:43:08.331, 1, 17250, 100
2026/09/29 11:43:08.331, 2, 17250, 100
2026/09/29 11:43:08.331, 3, 17250, 100
2026/09/29 11:43:08.331, 4, 17250, 100
2026/09/29 11:43:08.331, 5, 17250, 100
2026/09/29 11:43:08.331, 6, 17250, 100
2026/09/29 11:43:08.331, 7, 17250, 100
2026/09/29 11:43:09.331, 0, 17250, 100
2026/09/29 11:43:09.331, 1, 17250, 100
2026/09/29 11:43:09.331, 2, 17250, 100
2026/09/29 11:43:09.331, 3, 17250, 100
2026/09/29 11:43:09.331, 4, 17250, 100
2026/09/29 11:43:09.331, 5, 17250, 100
2026/09/29 11:43:09.331, 6, 17250, 100
2026/09/29 11:43:09.331, 7, 17250, 100
2026/09/29 11:43:10.331, 0, 17250, 100
2026/09/29 11:43:10.331, 1, 17250, 100
2026/09/29 11:43:10.331, 2, 17250, 100
2026/09/29 11:43:10.331, 3, 17250, 100
2026/09/29 11:43:10.331, 4, 17250, 100
2026/09/29 11:43:10.331, 5, 17250, 100
2026/09/29 11:43:10.331, 6, 17250, 100
2026/09/29 11:43:10.332, 7, 17250, 100
2026/09/29 11:43:11.332, 0, 17250, 100
2026/09/29 11:43:11.332, 1, 17250, 100
2026/09/29 11:43:11.332, 2, 17250, 100
2026/09/29 11:43:11.332, 3, 17250, 100
2026/09/29 11:43:11.332, 4, 17250, 100
2026/09/29 11:43:11.332, 5, 17250, 100
2026/09/29 11:43:11.332, 6, 17250, 100
2026/09/29 11:43:11.332, 7, 17250, 100
2026/09/29 11:43:12.332, 0, 17250, 100
2026/09/29 11:43:12.332, 1, 17250, 99
2026/09/29 11:43:12.332, 2, 17250, 100
2026/09/29 11:43:12.332, 3, 17250, 100
2026/09/29 11:43:12.332, 4, 17250, 100
2026/09/29 11:43:12.332, 5, 17250, 100
2026/09/29 11:43:12.332, 6, 17250, 100
2026/09/29 11:43:12.332, 7, 17250, 100
2026/09/29 11:43:13.332, 0, 17250, 100
2026/09/29 11:43:13.332, 1, 17250, 100
2026/09/29 11:43:13.332, 2, 17250, 100
2026/09/29 11:43:13.333, 3, 17250, 100
2026/09/29 11:43:13.333, 4, 17250, 100
2026/09/29 11:43:13.333, 5, 17250, 99
2026/09/29 11:43:13.333, 6, 17250, 100
2026/09/29 11:43:13.333, 7, 17250, 100
2026/09/29 11:43:14.333, 0, 17250, 100
2026/09/29 11:43:14.333, 1, 17250, 100
2026/09/29 11:43:14.333, 2, 17250, 100
2026/09/29 11:43:14.333, 3, 17250, 100
2026/09/29 11:43:14.333, 4, 17250, 100
2026/09/29 11:43:14.333, 5, 17250, 100
2026/09/29 11:43:14.333, 6, 17250, 100
2026/09/29 11:43:14.333, 7, 17250, 100
2026/09/29 11:43:15.333, 0, 17250, 100
2026/09/29 11:43:15.333, 1, 17250, 100
2026/09/29 11:43:15.333, 2, 17250, 100
2026/09/29 11:43:15.333, 3, 17250, 100
2026/09/29 11:43:15.333, 4, 17250, 100
2026/09/29 11:43:15.333, 5, 17250, 99
2026/09/29 11:43:15.333, 6, 17250, 100
2026/09/29 11:43:15.333, 7, 17250, 100
2026/09/29 11:43:16.333, 0, 17250, 100
2026/09/29 11:43:16.333, 1, 17250, 100
2026/09/29 11:43:16.334, 2, 17250, 100
2026/09/29 11:43:16.334, 3, 17250, 100
2026/09/29 11:43:16.334, 4, 17250, 100
2026/09/29 11:43:16.334, 5, 17250, 100
2026/09/29 11:43:16.334, 6, 17250, 100
2026/09/29 11:43:16.334, 7, 17250, 100
2026/09/29 11:43:17.334, 0, 17250, 100
2026/09/29 11:43:17.334, 1, 17250, 100
2026/09/29 11:43:17.334, 2, 17250, 100
2026/09/29 11:43:17.334, 3, 17250, 100
2026/09/29 11:43:17.334, 4, 17250, 100
2026/09/29 11:43:17.334, 5, 17250, 100
2026/09/29 11:43:17.334, 6, 17250, 100
2026/09/29 11:43:17.334, 7, 17250, 100
2026/09/29 11:43:18.334, 0, 17250, 100
2026/09/29 11:43:18.334, 1, 17250, 100
2026/09/29 11:43:18.334, 2, 17250, 100
2026/09/29 11:43:18.334, 3, 17250, 100
2026/09/29 11:43:18.334, 4, 17250, 100
2026/09/29 11:43:18.334, 5, 17250, 96
2026/09/29 11:43:18.334, 6, 17250, 100
2026/09/29 11:43:18.334, 7, 17250, 100
2026/09/29 11:43:19.334, 0, 17250, 100
2026/09/29 11:43:19.335, 1, 17250, 100
2026/09/29 11:43:19.335, 2, 17250, 100
2026/09/29 11:43:19.335, 3, 17250, 100
2026/09/29 11:43:19.335, 4, 17250, 100
2026/09/29 11:43:19.335, 5, 17250, 100
2026/09/29 11:43:19.335, 6, 17250, 100
2026/09/29 11:43:19.335, 7, 17250, 100
2026/09/29 11:43:20.335, 0, 17250, 100
2026/09/29 11:43:20.335, 1, 17250, 100
2026/09/29 11:43:20.335, 2, 17250, 100
2026/09/29 11:43:20.335, 3, 17250, 100
2026/09/29 11:43:20.335, 4, 17250, 100
2026/09/29 11:43:20.335, 5, 17250, 100
2026/09/29 11:43:20.335, 6, 17250, 100
2026/09/29 11:43:20.335, 7, 17250, 100
2026/09/29 11:43:21.335, 0, 17250, 100
2026/09/29 11:43:21.338, 1, 17250, 100
2026/09/29 11:43:21.338, 2, 17250, 100
2026/09/29 11:43:21.339, 3, 17250, 100
2026/09/29 11:43:21.339, 4, 17250, 100
2026/09/29 11:43:21.339, 5, 17250, 100
2026/09/29 11:43:21.339, 6, 17250, 100
2026/09/29 11:43:21.339, 7, 17250, 100
2026/09/29 11:43:22.339, 0, 17250, 100
2026/09/29 11:43:22.339, 1, 17250, 99
2026/09/29 11:43:22.339, 2, 17250, 100
2026/09/29 11:43:22.339, 3, 17250, 100
2026/09/29 11:43:22.339, 4, 17250, 100
2026/09/29 11:43:22.339, 5, 17250, 100
2026/09/29 11:43:22.339, 6, 17250, 100
2026/09/29 11:43:22.339, 7, 17250, 100
2026/09/29 11:43:23.339, 0, 17250, 95
2026/09/29 11:43:23.339, 1, 17250, 89
2026/09/29 11:43:23.339, 2, 17250, 95
2026/09/29 11:43:23.339, 3, 17250, 100
2026/09/29 11:43:23.339, 4, 17250, 100
2026/09/29 11:43:23.339, 5, 17250, 96
2026/09/29 11:43:23.339, 6, 17250, 100
2026/09/29 11:43:23.339, 7, 17250, 100
2026/09/29 11:43:24.340, 0, 17250, 100
2026/09/29 11:43:24.340, 1, 17250, 100
2026/09/29 11:43:24.340, 2, 17250, 100
2026/09/29 11:43:24.340, 3, 17250, 100
2026/09/29 11:43:24.340, 4, 17250, 100
2026/09/29 11:43:24.340, 5, 17250, 100
2026/09/29 11:43:24.340, 6, 17250, 100
2026/09/29 11:43:24.340, 7, 17250, 100
2026/09/29 11:43:25.340, 0, 17250, 100
2026/09/29 11:43:25.340, 1, 17250, 100
2026/09/29 11:43:25.340, 2, 17250, 100
2026/09/29 11:43:25.340, 3, 17250, 100
2026/09/29 11:43:25.340, 4, 17250, 100
2026/09/29 11:43:25.340, 5, 17250, 100
2026/09/29 11:43:25.340, 6, 17250, 100
2026/09/29 11:43:25.340, 7, 17250, 100
2026/09/29 11:43:26.340, 0, 17250, 100
2026/09/29 11:43:26.340, 1, 17250, 100
2026/09/29 11:43:26.340, 2, 17250, 100
2026/09/29 11:43:26.340, 3, 17250, 100
2026/09/29 11:43:26.340, 4, 17250, 100
2026/09/29 11:43:26.340, 5, 17250, 100
2026/09/29 11:43:26.340, 6, 17250, 100
2026/09/29 11:43:26.341, 7, 17250, 100
2026/09/29 11:43:27.341, 0, 17250, 100
2026/09/29 11:43:27.341, 1, 17250, 100
2026/09/29 11:43:27.341, 2, 17250, 100
2026/09/29 11:43:27.341, 3, 17250, 100
2026/09/29 11:43:27.341, 4, 17250, 100
2026/09/29 11:43:27.341, 5, 17250, 100
2026/09/29 11:43:27.341, 6, 17250, 100
2026/09/29 11:43:27.341, 7, 17250, 100
2026/09/29 11:43:28.341, 0, 17250, 96
2026/09/29 11:43:28.341, 1, 17250, 98
2026/09/29 11:43:28.341, 2, 17250, 100
2026/09/29 11:43:28.341, 3, 17250, 94
2026/09/29 11:43:28.341, 4, 17250, 100
2026/09/29 11:43:28.341, 5, 17250, 100
2026/09/29 11:43:28.341, 6, 17250, 100
2026/09/29 11:43:28.341, 7, 17250, 100
2026/09/29 11:43:29.341, 0, 17250, 100
2026/09/29 11:43:29.341, 1, 17250, 99
2026/09/29 11:43:29.341, 2, 17250, 100
2026/09/29 11:43:29.341, 3, 17250, 100
2026/09/29 11:43:29.342, 4, 17250, 100
2026/09/29 11:43:29.342, 5, 17250, 100
2026/09/29 11:43:29.342, 6, 17250, 100
2026/09/29 11:43:29.342, 7, 17250, 100
2026/09/29 11:43:30.342, 0, 17250, 100
2026/09/29 11:43:30.342, 1, 17250, 100
2026/09/29 11:43:30.342, 2, 17250, 100
2026/09/29 11:43:30.342, 3, 17250, 99
2026/09/29 11:43:30.342, 4, 17250, 100
2026/09/29 11:43:30.342, 5, 17250, 100
2026/09/29 11:43:30.342, 6, 17250, 100
2026/09/29 11:43:30.342, 7, 17250, 100
2026/09/29 11:43:31.342, 0, 17250, 100
2026/09/29 11:43:31.342, 1, 17250, 100
2026/09/29 11:43:31.342, 2, 17250, 100
2026/09/29 11:43:31.342, 3, 17250, 100
2026/09/29 11:43:31.342, 4, 17250, 100
2026/09/29 11:43:31.342, 5, 17250, 100
2026/09/29 11:43:31.342, 6, 17250, 100
2026/09/29 11:43:31.342, 7, 17250, 100
2026/09/29 11:43:32.342, 0, 17250, 100
2026/09/29 11:43:32.343, 1, 17250, 100
2026/09/29 11:43:32.343, 2, 17250, 100
2026/09/29 11:43:32.343, 3, 17250, 100
2026/09/29 11:43:32.343, 4, 17250, 100
2026/09/29 11:43:32.343, 5, 17250, 100
2026/09/29 11:43:32.343, 6, 17250, 100
2026/09/29 11:43:32.343, 7, 17250, 100
2026/09/29 11:43:33.343, 0, 17250, 96
2026/09/29 11:43:33.343, 1, 17250, 99
2026/09/29 11:43:33.343, 2, 17250, 100
2026/09/29 11:43:33.343, 3, 17250, 98
2026/09/29 11:43:33.343, 4, 17250, 100
2026/09/29 11:43:33.343, 5, 17250, 100
2026/09/29 11:43:33.343, 6, 17250, 94
2026/09/29 11:43:33.343, 7, 17250, 100
2026/09/29 11:43:34.343, 0, 17250, 100
2026/09/29 11:43:34.343, 1, 17250, 100
2026/09/29 11:43:34.343, 2, 17250, 100
2026/09/29 11:43:34.343, 3, 17250, 100
2026/09/29 11:43:34.343, 4, 17250, 100
2026/09/29 11:43:34.343, 5, 17250, 100
2026/09/29 11:43:34.343, 6, 17250, 100
2026/09/29 11:43:34.343, 7, 17250, 100
2026/09/29 11:43:35.344, 0, 17250, 100
2026/09/29 11:43:35.344, 1, 17250, 100
2026/09/29 11:43:35.344, 2, 17250, 100
2026/09/29 11:43:35.344, 3, 17250, 100
2026/09/29 11:43:35.344, 4, 17250, 100
2026/09/29 11:43:35.344, 5, 17250, 100
2026/09/29 11:43:35.344, 6, 17250, 100
2026/09/29 11:43:35.344, 7, 17250, 100
2026/09/29 11:43:36.344, 0, 17250, 100
2026/09/29 11:43:36.344, 1, 17250, 100
2026/09/29 11:43:36.344, 2, 17250, 100
2026/09/29 11:43:36.344, 3, 17250, 99
2026/09/29 11:43:36.344, 4, 17250, 100
2026/09/29 11:43:36.344, 5, 17250, 100
2026/09/29 11:43:36.345, 6, 17250, 100
2026/09/29 11:43:36.345, 7, 17250, 100
2026/09/29 11:43:37.345, 0, 17250, 100
2026/09/29 11:43:37.345, 1, 17250, 100
2026/09/29 11:43:37.345, 2, 17250, 100
2026/09/29 11:43:37.345, 3, 17250, 100
2026/09/29 11:43:37.345, 4, 17250, 100
2026/09/29 11:43:37.345, 5, 17250, 100
2026/09/29 11:43:37.345, 6, 17250, 100
2026/09/29 11:43:37.345, 7, 17250, 100
2026/09/29 11:43:38.345, 0, 17250, 100
2026/09/29 11:43:38.345, 1, 17250, 100
2026/09/29 11:43:38.345, 2, 17250, 100
2026/09/29 11:43:38.345, 3, 17250, 100
2026/09/29 11:43:38.345, 4, 17250, 100
2026/09/29 11:43:38.345, 5, 17250, 100
2026/09/29 11:43:38.345, 6, 17250, 96
2026/09/29 11:43:38.345, 7, 17250, 100
2026/09/29 11:43:39.345, 0, 17250, 100
2026/09/29 11:43:39.345, 1, 17250, 100
2026/09/29 11:43:39.345, 2, 17250, 100
2026/09/29 11:43:39.345, 3, 17250, 100
2026/09/29 11:43:39.346, 4, 17250, 100
2026/09/29 11:43:39.346, 5, 17250, 100
2026/09/29 11:43:39.346, 6, 17250, 100
2026/09/29 11:43:39.346, 7, 17250, 100
2026/09/29 11:43:40.346, 0, 17250, 100
2026/09/29 11:43:40.346, 1, 17250, 100
2026/09/29 11:43:40.346, 2, 17250, 100
2026/09/29 11:43:40.346, 3, 17250, 100
2026/09/29 11:43:40.346, 4, 17250, 100
2026/09/29 11:43:40.346, 5, 17250, 100
2026/09/29 11:43:40.346, 6, 17250, 100
2026/09/29 11:43:40.346, 7, 17250, 100
2026/09/29 11:43:41.346, 0, 17250, 100
2026/09/29 11:43:41.346, 1, 17250, 99
2026/09/29 11:43:41.346, 2, 17250, 100
2026/09/29 11:43:41.346, 3, 17250, 100
2026/09/29 11:43:41.346, 4, 17250, 100
2026/09/29 11:43:41.346, 5, 17250, 100
2026/09/29 11:43:41.347, 6, 17250, 100
2026/09/29 11:43:41.347, 7, 17250, 100
2026/09/29 11:43:42.347, 0, 17250, 100
2026/09/29 11:43:42.347, 1, 17250, 100
2026/09/29 11:43:42.347, 2, 17250, 100
2026/09/29 11:43:42.347, 3, 17250, 100
2026/09/29 11:43:42.347, 4, 17250, 100
2026/09/29 11:43:42.347, 5, 17250, 100
2026/09/29 11:43:42.347, 6, 17250, 100
2026/09/29 11:43:42.347, 7, 17250, 100
2026/09/29 11:43:43.347, 0, 17250, 100
2026/09/29 11:43:43.348, 1, 17250, 100
2026/09/29 11:43:43.348, 2, 17250, 100
2026/09/29 11:43:43.348, 3, 17250, 100
2026/09/29 11:43:43.348, 4, 17250, 100
2026/09/29 11:43:43.348, 5, 17250, 100
2026/09/29 11:43:43.348, 6, 17250, 100
2026/09/29 11:43:43.348, 7, 17250, 100
2026/09/29 11:43:44.348, 0, 17250, 100
2026/09/29 11:43:44.348, 1, 17250, 100
2026/09/29 11:43:44.348, 2, 17250, 100
2026/09/29 11:43:44.348, 3, 17250, 100
2026/09/29 11:43:44.348, 4, 17250, 100
2026/09/29 11:43:44.348, 5, 17250, 100
2026/09/29 11:43:44.348, 6, 17250, 100
2026/09/29 11:43:44.348, 7, 17250, 100
2026/09/29 11:43:45.349, 0, 17250, 100
2026/09/29 11:43:45.349, 1, 17250, 100
2026/09/29 11:43:45.349, 2, 17250, 100
2026/09/29 11:43:45.349, 3, 17250, 100
2026/09/29 11:43:45.349, 4, 17250, 100
2026/09/29 11:43:45.349, 5, 17250, 100
2026/09/29 11:43:45.349, 6, 17250, 100
2026/09/29 11:43:45.349, 7, 17250, 100
2026/09/29 11:43:46.349, 0, 17250, 100
2026/09/29 11:43:46.349, 1, 17250, 100
2026/09/29 11:43:46.349, 2, 17250, 100
2026/09/29 11:43:46.349, 3, 17250, 100
2026/09/29 11:43:46.350, 4, 17250, 100
2026/09/29 11:43:46.350, 5, 17250, 100
2026/09/29 11:43:46.350, 6, 17250, 100
2026/09/29 11:43:46.350, 7, 17250, 100
2026/09/29 11:43:47.350, 0, 17250, 100
2026/09/29 11:43:47.350, 1, 17250, 100
2026/09/29 11:43:47.350, 2, 17250, 100
2026/09/29 11:43:47.350, 3, 17250, 100
2026/09/29 11:43:47.350, 4, 17250, 100
2026/09/29 11:43:47.350, 5, 17250, 100
2026/09/29 11:43:47.350, 6, 17250, 100
2026/09/29 11:43:47.350, 7, 17250, 100
2026/09/29 11:43:48.351, 0, 17250, 100
2026/09/29 11:43:48.351, 1, 17250, 100
2026/09/29 11:43:48.351, 2, 17250, 100
2026/09/29 11:43:48.351, 3, 17250, 100
2026/09/29 11:43:48.351, 4, 17250, 100
2026/09/29 11:43:48.351, 5, 17250, 100
2026/09/29 11:43:48.351, 6, 17250, 100
2026/09/29 11:43:48.351, 7, 17250, 100
2026/09/29 11:43:49.351, 0, 17250, 100
2026/09/29 11:43:49.351, 1, 17250, 100
2026/09/29 11:43:49.351, 2, 17250, 100
2026/09/29 11:43:49.351, 3, 17250, 100
2026/09/29 11:43:49.351, 4, 17250, 100
2026/09/29 11:43:49.351, 5, 17250, 100
2026/09/29 11:43:49.352, 6, 17250, 100
2026/09/29 11:43:49.352, 7, 17250, 100
2026/09/29 11:43:50.352, 0, 17250, 100
2026/09/29 11:43:50.352, 1, 17250, 100
2026/09/29 11:43:50.352, 2, 17250, 100
2026/09/29 11:43:50.352, 3, 17250, 100
2026/09/29 11:43:50.352, 4, 17250, 100
2026/09/29 11:43:50.352, 5, 17250, 100
2026/09/29 11:43:50.352, 6, 17250, 100
2026/09/29 11:43:50.352, 7, 17250, 100
2026/09/29 11:43:51.352, 0, 17250, 100
2026/09/29 11:43:51.355, 1, 17250, 100
2026/09/29 11:43:51.355, 2, 17250, 100
2026/09/29 11:43:51.355, 3, 17250, 100
2026/09/29 11:43:51.355, 4, 17250, 100
2026/09/29 11:43:51.355, 5, 17250, 100
2026/09/29 11:43:51.355, 6, 17250, 100
2026/09/29 11:43:51.355, 7, 17250, 100
2026/09/29 11:43:52.355, 0, 17250, 100
2026/09/29 11:43:52.356, 1, 17250, 99
2026/09/29 11:43:52.356, 2, 17250, 100
2026/09/29 11:43:52.356, 3, 17250, 100
2026/09/29 11:43:52.356, 4, 17250, 100
2026/09/29 11:43:52.356, 5, 17250, 100
2026/09/29 11:43:52.356, 6, 17250, 100
2026/09/29 11:43:52.356, 7, 17250, 100
2026/09/29 11:43:53.356, 0, 17250, 100
2026/09/29 11:43:53.356, 1, 17250, 100
2026/09/29 11:43:53.356, 2, 17250, 100
2026/09/29 11:43:53.356, 3, 17250, 100
2026/09/29 11:43:53.356, 4, 17250, 100
2026/09/29 11:43:53.356, 5, 17250, 100
2026/09/29 11:43:53.356, 6, 17250, 100
2026/09/29 11:43:53.357, 7, 17250, 100
2026/09/29 11:43:54.357, 0, 17250, 100
2026/09/29 11:43:54.357, 1, 17250, 100
2026/09/29 11:43:54.357, 2, 17250, 100
2026/09/29 11:43:54.357, 3, 17250, 100
2026/09/29 11:43:54.357, 4, 17250, 99
2026/09/29 11:43:54.357, 5, 17250, 100
2026/09/29 11:43:54.357, 6, 17250, 100
2026/09/29 11:43:54.357, 7, 17250, 100
2026/09/29 11:43:55.357, 0, 17250, 100
2026/09/29 11:43:55.357, 1, 17250, 100
2026/09/29 11:43:55.358, 2, 17250, 100
2026/09/29 11:43:55.358, 3, 17250, 100
2026/09/29 11:43:55.358, 4, 17250, 100
2026/09/29 11:43:55.358, 5, 17250, 100
2026/09/29 11:43:55.358, 6, 17250, 100
2026/09/29 11:43:55.358, 7, 17250, 100
2026/09/29 11:43:56.358, 0, 17250, 100
2026/09/29 11:43:56.358, 1, 17250, 100
2026/09/29 11:43:56.358, 2, 17250, 100
2026/09/29 11:43:56.358, 3, 17250, 100
2026/09/29 11:43:56.358, 4, 17250, 100
2026/09/29 11:43:56.358, 5, 17250, 100
2026/09/29 11:43:56.358, 6, 17250, 100
2026/09/29 11:43:56.358, 7, 17250, 100
2026/09/29 11:43:57.359, 0, 17250, 100
2026/09/29 11:43:57.359, 1, 17250, 100
2026/09/29 11:43:57.359, 2, 17250, 100
2026/09/29 11:43:57.359, 3, 17250, 100
2026/09/29 11:43:57.359, 4, 17250, 100
2026/09/29 11:43:57.359, 5, 17250, 100
2026/09/29 11:43:57.359, 6, 17250, 100
2026/09/29 11:43:57.359, 7, 17250, 100
2026/09/29 11:43:58.359, 0, 17250, 100
2026/09/29 11:43:58.359, 1, 17250, 100
2026/09/29 11:43:58.359, 2, 17250, 100
2026/09/29 11:43:58.359, 3, 17250, 100
2026/09/29 11:43:58.360, 4, 17250, 100
2026/09/29 11:43:58.360, 5, 17250, 100
2026/09/29 11:43:58.360, 6, 17250, 100
2026/09/29 11:43:58.360, 7, 17250, 100
2026/09/29 11:43:59.360, 0, 17254, 100
2026/09/29 11:43:59.360, 1, 17254, 100
2026/09/29 11:43:59.360, 2, 17254, 100
2026/09/29 11:43:59.360, 3, 17254, 100
2026/09/29 11:43:59.360, 4, 17254, 63
2026/09/29 11:43:59.360, 5, 17254, 100
2026/09/29 11:43:59.360, 6, 17254, 100
2026/09/29 11:43:59.360, 7, 17254, 49
2026/09/29 11:44:00.361, 0, 17254, 0
2026/09/29 11:44:00.361, 1, 17254, 100
2026/09/29 11:44:00.361, 2, 17254, 80
2026/09/29 11:44:00.361, 3, 17254, 100
2026/09/29 11:44:00.361, 4, 17254, 0
2026/09/29 11:44:00.361, 5, 17254, 100
2026/09/29 11:44:00.361, 6, 17254, 100
2026/09/29 11:44:00.361, 7, 17254, 0
2026/09/29 11:44:01.361, 0, 17254, 100
2026/09/29 11:44:01.362, 1, 17254, 97
2026/09/29 11:44:01.362, 2, 17254, 95
2026/09/29 11:44:01.362, 3, 17254, 100
2026/09/29 11:44:01.362, 4, 17254, 30
2026/09/29 11:44:01.362, 5, 17254, 95
2026/09/29 11:44:01.362, 6, 17254, 100
2026/09/29 11:44:01.362, 7, 17254, 100
2026/09/29 11:44:02.362, 0, 17254, 100
2026/09/29 11:44:02.362, 1, 17254, 100
2026/09/29 11:44:02.362, 2, 17254, 100
2026/09/29 11:44:02.362, 3, 17254, 100
2026/09/29 11:44:02.362, 4, 17254, 100
2026/09/29 11:44:02.363, 5, 17254, 100
2026/09/29 11:44:02.363, 6, 17254, 100
2026/09/29 11:44:02.363, 7, 17254, 100
2026/09/29 11:44:03.363, 0, 17254, 100
2026/09/29 11:44:03.363, 1, 17254, 100
2026/09/29 11:44:03.363, 2, 17254, 100
2026/09/29 11:44:03.363, 3, 17254, 99
2026/09/29 11:44:03.363, 4, 17254, 100
2026/09/29 11:44:03.363, 5, 17254, 100
2026/09/29 11:44:03.363, 6, 17254, 100
2026/09/29 11:44:03.363, 7, 17254, 100
2026/09/29 11:44:04.363, 0, 17254, 100
2026/09/29 11:44:04.364, 1, 17254, 100
2026/09/29 11:44:04.364, 2, 17254, 100
2026/09/29 11:44:04.364, 3, 17254, 100
2026/09/29 11:44:04.364, 4, 17254, 100
2026/09/29 11:44:04.364, 5, 17254, 100
2026/09/29 11:44:04.364, 6, 17254, 100
2026/09/29 11:44:04.364, 7, 17254, 100
2026/09/29 11:44:05.364, 0, 17254, 100
2026/09/29 11:44:05.364, 1, 17254, 100
2026/09/29 11:44:05.364, 2, 17254, 100
2026/09/29 11:44:05.364, 3, 17254, 100
2026/09/29 11:44:05.364, 4, 17254, 100
2026/09/29 11:44:05.364, 5, 17254, 100
2026/09/29 11:44:05.364, 6, 17254, 100
2026/09/29 11:44:05.365, 7, 17254, 99
2026/09/29 11:44:06.365, 0, 17254, 100
2026/09/29 11:44:06.371, 1, 17254, 97
2026/09/29 11:44:06.371, 2, 17254, 99
2026/09/29 11:44:06.371, 3, 17254, 98
2026/09/29 11:44:06.371, 4, 17254, 100
2026/09/29 11:44:06.371, 5, 17254, 99
2026/09/29 11:44:06.371, 6, 17254, 100
2026/09/29 11:44:06.371, 7, 17254, 100
2026/09/29 11:44:07.371, 0, 17254, 100
2026/09/29 11:44:07.371, 1, 17254, 100
2026/09/29 11:44:07.371, 2, 17254, 100
2026/09/29 11:44:07.372, 3, 17254, 100
2026/09/29 11:44:07.372, 4, 17254, 100
2026/09/29 11:44:07.372, 5, 17254, 100
2026/09/29 11:44:07.372, 6, 17254, 100
2026/09/29 11:44:07.372, 7, 17254, 100
2026/09/29 11:44:08.372, 0, 17254, 100
2026/09/29 11:44:08.372, 1, 17254, 100
2026/09/29 11:44:08.372, 2, 17254, 100
2026/09/29 11:44:08.372, 3, 17254, 100
2026/09/29 11:44:08.372, 4, 17254, 100
2026/09/29 11:44:08.372, 5, 17254, 100
2026/09/29 11:44:08.372, 6, 17254, 100
2026/09/29 11:44:08.372, 7, 17254, 100
2026/09/29 11:44:09.373, 0, 17254, 100
2026/09/29 11:44:09.373, 1, 17254, 100
2026/09/29 11:44:09.373, 2, 17254, 100
2026/09/29 11:44:09.373, 3, 17254, 100
2026/09/29 11:44:09.373, 4, 17254, 100
2026/09/29 11:44:09.373, 5, 17254, 100
2026/09/29 11:44:09.373, 6, 17254, 100
2026/09/29 11:44:09.373, 7, 17254, 100
2026/09/29 11:44:10.373, 0, 17254, 100
2026/09/29 11:44:10.373, 1, 17254, 100
2026/09/29 11:44:10.373, 2, 17254, 100
2026/09/29 11:44:10.373, 3, 17254, 100
2026/09/29 11:44:10.373, 4, 17254, 100
2026/09/29 11:44:10.373, 5, 17254, 100
2026/09/29 11:44:10.373, 6, 17254, 100
2026/09/29 11:44:10.374, 7, 17254, 100
2026/09/29 11:44:11.374, 0, 17254, 95
2026/09/29 11:44:11.374, 1, 17254, 100
2026/09/29 11:44:11.374, 2, 17254, 100
2026/09/29 11:44:11.374, 3, 17254, 96
2026/09/29 11:44:11.374, 4, 17254, 100
2026/09/29 11:44:11.374, 5, 17254, 99
2026/09/29 11:44:11.374, 6, 17254, 98
2026/09/29 11:44:11.374, 7, 17254, 100
2026/09/29 11:44:12.374, 0, 17254, 100
2026/09/29 11:44:12.375, 1, 17254, 100
2026/09/29 11:44:12.375, 2, 17254, 100
2026/09/29 11:44:12.375, 3, 17254, 100
2026/09/29 11:44:12.375, 4, 17254, 100
2026/09/29 11:44:12.375, 5, 17254, 100
2026/09/29 11:44:12.375, 6, 17254, 100
2026/09/29 11:44:12.375, 7, 17254, 100
2026/09/29 11:44:13.375, 0, 17254, 100
2026/09/29 11:44:13.375, 1, 17254, 100
2026/09/29 11:44:13.375, 2, 17254, 100
2026/09/29 11:44:13.376, 3, 17254, 100
2026/09/29 11:44:13.376, 4, 17254, 100
2026/09/29 11:44:13.376, 5, 17254, 100
2026/09/29 11:44:13.376, 6, 17254, 100
2026/09/29 11:44:13.376, 7, 17254, 100
2026/09/29 11:44:14.376, 0, 17254, 100
2026/09/29 11:44:14.376, 1, 17254, 100
2026/09/29 11:44:14.376, 2, 17254, 99
2026/09/29 11:44:14.376, 3, 17254, 100
2026/09/29 11:44:14.376, 4, 17254, 100
2026/09/29 11:44:14.376, 5, 17254, 100
2026/09/29 11:44:14.376, 6, 17254, 100
2026/09/29 11:44:14.376, 7, 17254, 100
2026/09/29 11:44:15.377, 0, 17254, 100
2026/09/29 11:44:15.377, 1, 17254, 100
2026/09/29 11:44:15.377, 2, 17254, 100
2026/09/29 11:44:15.377, 3, 17254, 100
2026/09/29 11:44:15.377, 4, 17254, 100
2026/09/29 11:44:15.377, 5, 17254, 100
2026/09/29 11:44:15.377, 6, 17254, 100
2026/09/29 11:44:15.377, 7, 17254, 100
2026/09/29 11:44:16.377, 0, 17434, 100
2026/09/29 11:44:16.377, 1, 17434, 100
2026/09/29 11:44:16.377, 2, 17434, 100
2026/09/29 11:44:16.377, 3, 17434, 100
2026/09/29 11:44:16.377, 4, 17434, 100
2026/09/29 11:44:16.377, 5, 17434, 100
2026/09/29 11:44:16.378, 6, 17434, 95
2026/09/29 11:44:16.378, 7, 17434, 100
2026/09/29 11:44:17.378, 0, 17434, 100
2026/09/29 11:44:17.378, 1, 17434, 100
2026/09/29 11:44:17.378, 2, 17434, 100
2026/09/29 11:44:17.378, 3, 17434, 100
2026/09/29 11:44:17.378, 4, 17434, 100
2026/09/29 11:44:17.378, 5, 17434, 100
2026/09/29 11:44:17.378, 6, 17434, 100
2026/09/29 11:44:17.378, 7, 17434, 100
2026/09/29 11:44:18.378, 0, 17434, 99
2026/09/29 11:44:18.379, 1, 17434, 100
2026/09/29 11:44:18.379, 2, 17434, 100
2026/09/29 11:44:18.379, 3, 17434, 100
2026/09/29 11:44:18.379, 4, 17434, 100
2026/09/29 11:44:18.379, 5, 17434, 100
2026/09/29 11:44:18.379, 6, 17434, 100
2026/09/29 11:44:18.379, 7, 17434, 100
2026/09/29 11:44:19.379, 0, 17434, 100
2026/09/29 11:44:19.379, 1, 17434, 100
2026/09/29 11:44:19.379, 2, 17434, 100
2026/09/29 11:44:19.379, 3, 17434, 100
2026/09/29 11:44:19.379, 4, 17434, 100
2026/09/29 11:44:19.379, 5, 17434, 99
2026/09/29 11:44:19.380, 6, 17434, 100
2026/09/29 11:44:19.380, 7, 17434, 100
2026/09/29 11:44:20.380, 0, 17434, 100
2026/09/29 11:44:20.380, 1, 17434, 100
2026/09/29 11:44:20.380, 2, 17434, 100
2026/09/29 11:44:20.380, 3, 17434, 100
2026/09/29 11:44:20.380, 4, 17434, 100
2026/09/29 11:44:20.380, 5, 17434, 100
2026/09/29 11:44:20.380, 6, 17434, 99
2026/09/29 11:44:20.380, 7, 17434, 100
2026/09/29 11:44:21.380, 0, 17434, 100
2026/09/29 11:44:21.381, 1, 17434, 100
2026/09/29 11:44:21.381, 2, 17434, 100
2026/09/29 11:44:21.381, 3, 17434, 100
2026/09/29 11:44:21.381, 4, 17434, 100
2026/09/29 11:44:21.382, 5, 17434, 100
2026/09/29 11:44:21.382, 6, 17434, 100
2026/09/29 11:44:21.382, 7, 17434, 100
2026/09/29 11:44:22.382, 0, 17434, 100
2026/09/29 11:44:22.383, 1, 17434, 100
2026/09/29 11:44:22.383, 2, 17434, 100
2026/09/29 11:44:22.383, 3, 17434, 100
2026/09/29 11:44:22.383, 4, 17434, 100
2026/09/29 11:44:22.383, 5, 17434, 100
2026/09/29 11:44:22.383, 6, 17434, 100
2026/09/29 11:44:22.383, 7, 17434, 100
2026/09/29 11:44:23.383, 0, 17434, 100
2026/09/29 11:44:23.383, 1, 17434, 100
2026/09/29 11:44:23.383, 2, 17434, 100
2026/09/29 11:44:23.383, 3, 17434, 100
2026/09/29 11:44:23.383, 4, 17434, 100
2026/09/29 11:44:23.384, 5, 17434, 100
2026/09/29 11:44:23.384, 6, 17434, 100
2026/09/29 11:44:23.384, 7, 17434, 100
2026/09/29 11:44:24.384, 0, 17434, 100
2026/09/29 11:44:24.384, 1, 17434, 100
2026/09/29 11:44:24.384, 2, 17434, 100
2026/09/29 11:44:24.384, 3, 17434, 100
2026/09/29 11:44:24.384, 4, 17434, 100
2026/09/29 11:44:24.384, 5, 17434, 100
2026/09/29 11:44:24.384, 6, 17434, 100
2026/09/29 11:44:24.384, 7, 17434, 100
2026/09/29 11:44:25.384, 0, 17434, 100
2026/09/29 11:44:25.385, 1, 17434, 100
2026/09/29 11:44:25.385, 2, 17434, 100
2026/09/29 11:44:25.385, 3, 17434, 100
2026/09/29 11:44:25.385, 4, 17434, 100
2026/09/29 11:44:25.385, 5, 17434, 100
2026/09/29 11:44:25.385, 6, 17434, 100
2026/09/29 11:44:25.385, 7, 17434, 100
2026/09/29 11:44:26.385, 0, 17434, 100
2026/09/29 11:44:26.385, 1, 17434, 100
2026/09/29 11:44:26.385, 2, 17434, 100
2026/09/29 11:44:26.385, 3, 17434, 100
2026/09/29 11:44:26.385, 4, 17434, 100
2026/09/29 11:44:26.385, 5, 17434, 100
2026/09/29 11:44:26.385, 6, 17434, 100
2026/09/29 11:44:26.386, 7, 17434, 100
2026/09/29 11:44:27.386, 0, 17434, 100
2026/09/29 11:44:27.387, 1, 17434, 100
2026/09/29 11:44:27.387, 2, 17434, 100
2026/09/29 11:44:27.387, 3, 17434, 100
2026/09/29 11:44:27.387, 4, 17434, 100
2026/09/29 11:44:27.387, 5, 17434, 100
2026/09/29 11:44:27.387, 6, 17434, 100
2026/09/29 11:44:27.387, 7, 17434, 100
2026/09/29 11:44:28.387, 0, 17434, 100
2026/09/29 11:44:28.387, 1, 17434, 100
2026/09/29 11:44:28.387, 2, 17434, 100
2026/09/29 11:44:28.387, 3, 17434, 100
2026/09/29 11:44:28.387, 4, 17434, 100
2026/09/29 11:44:28.387, 5, 17434, 100
2026/09/29 11:44:28.388, 6, 17434, 100
2026/09/29 11:44:28.388, 7, 17434, 100
2026/09/29 11:44:29.388, 0, 17434, 100
2026/09/29 11:44:29.388, 1, 17434, 100
2026/09/29 11:44:29.388, 2, 17434, 100
2026/09/29 11:44:29.388, 3, 17434, 100
2026/09/29 11:44:29.388, 4, 17434, 100
2026/09/29 11:44:29.388, 5, 17434, 100
2026/09/29 11:44:29.388, 6, 17434, 100
2026/09/29 11:44:29.388, 7, 17434, 100
2026/09/29 11:44:30.388, 0, 17434, 100
2026/09/29 11:44:30.388, 1, 17434, 100
2026/09/29 11:44:30.388, 2, 17434, 100
2026/09/29 11:44:30.388, 3, 17434, 100
2026/09/29 11:44:30.388, 4, 17434, 100
2026/09/29 11:44:30.388, 5, 17434, 100
2026/09/29 11:44:30.389, 6, 17434, 100
2026/09/29 11:44:30.389, 7, 17434, 100
2026/09/29 11:44:31.389, 0, 17434, 100
2026/09/29 11:44:31.389, 1, 17434, 100
2026/09/29 11:44:31.389, 2, 17434, 100
2026/09/29 11:44:31.389, 3, 17434, 100
2026/09/29 11:44:31.389, 4, 17434, 100
2026/09/29 11:44:31.389, 5, 17434, 100
2026/09/29 11:44:31.389, 6, 17434, 100
2026/09/29 11:44:31.389, 7, 17434, 100
2026/09/29 11:44:32.389, 0, 17434, 100
2026/09/29 11:44:32.390, 1, 17434, 100
2026/09/29 11:44:32.390, 2, 17434, 100
2026/09/29 11:44:32.390, 3, 17434, 100
2026/09/29 11:44:32.390, 4, 17434, 98
2026/09/29 11:44:32.390, 5, 17434, 100
2026/09/29 11:44:32.390, 6, 17434, 100
2026/09/29 11:44:32.390, 7, 17434, 100
2026/09/29 11:44:33.390, 0, 17434, 100
2026/09/29 11:44:33.390, 1, 17434, 100
2026/09/29 11:44:33.390, 2, 17434, 100
2026/09/29 11:44:33.390, 3, 17434, 100
2026/09/29 11:44:33.390, 4, 17434, 100
2026/09/29 11:44:33.391, 5, 17434, 100
2026/09/29 11:44:33.391, 6, 17434, 100
2026/09/29 11:44:33.391, 7, 17434, 100
2026/09/29 11:44:34.391, 0, 17434, 100
2026/09/29 11:44:34.391, 1, 17434, 100
2026/09/29 11:44:34.391, 2, 17434, 100
2026/09/29 11:44:34.391, 3, 17434, 100
2026/09/29 11:44:34.391, 4, 17434, 100
2026/09/29 11:44:34.391, 5, 17434, 100
2026/09/29 11:44:34.391, 6, 17434, 100
2026/09/29 11:44:34.391, 7, 17434, 100
2026/09/29 11:44:35.391, 0, 17434, 100
2026/09/29 11:44:35.392, 1, 17434, 100
2026/09/29 11:44:35.392, 2, 17434, 100
2026/09/29 11:44:35.392, 3, 17434, 100
2026/09/29 11:44:35.392, 4, 17434, 100
2026/09/29 11:44:35.392, 5, 17434, 100
2026/09/29 11:44:35.392, 6, 17434, 100
2026/09/29 11:44:35.392, 7, 17434, 100
2026/09/29 11:44:36.392, 0, 17434, 100
2026/09/29 11:44:36.395, 1, 17434, 100
2026/09/29 11:44:36.395, 2, 17434, 100
2026/09/29 11:44:36.395, 3, 17434, 100
2026/09/29 11:44:36.395, 4, 17434, 100
2026/09/29 11:44:36.395, 5, 17434, 100
2026/09/29 11:44:36.395, 6, 17434, 100
2026/09/29 11:44:36.395, 7, 17434, 100
2026/09/29 11:44:37.395, 0, 17434, 100
2026/09/29 11:44:37.395, 1, 17434, 100
2026/09/29 11:44:37.395, 2, 17434, 100
2026/09/29 11:44:37.396, 3, 17434, 100
2026/09/29 11:44:37.396, 4, 17434, 96
2026/09/29 11:44:37.396, 5, 17434, 100
2026/09/29 11:44:37.396, 6, 17434, 100
2026/09/29 11:44:37.396, 7, 17434, 100
2026/09/29 11:44:38.396, 0, 17434, 100
2026/09/29 11:44:38.396, 1, 17434, 100
2026/09/29 11:44:38.396, 2, 17434, 99
2026/09/29 11:44:38.396, 3, 17434, 100
2026/09/29 11:44:38.396, 4, 17434, 100
2026/09/29 11:44:38.396, 5, 17434, 100
2026/09/29 11:44:38.396, 6, 17434, 100
2026/09/29 11:44:38.396, 7, 17434, 100
2026/09/29 11:44:39.397, 0, 17434, 100
2026/09/29 11:44:39.397, 1, 17434, 100
2026/09/29 11:44:39.397, 2, 17434, 100
2026/09/29 11:44:39.397, 3, 17434, 100
2026/09/29 11:44:39.397, 4, 17434, 100
2026/09/29 11:44:39.397, 5, 17434, 100
2026/09/29 11:44:39.397, 6, 17434, 100
2026/09/29 11:44:39.397, 7, 17434, 100
2026/09/29 11:44:40.397, 0, 17434, 100
2026/09/29 11:44:40.397, 1, 17434, 100
2026/09/29 11:44:40.397, 2, 17434, 100
2026/09/29 11:44:40.397, 3, 17434, 100
2026/09/29 11:44:40.398, 4, 17434, 100
2026/09/29 11:44:40.398, 5, 17434, 100
2026/09/29 11:44:40.398, 6, 17434, 100
2026/09/29 11:44:40.398, 7, 17434, 100
2026/09/29 11:44:41.398, 0, 17434, 100
2026/09/29 11:44:41.398, 1, 17434, 100
2026/09/29 11:44:41.398, 2, 17434, 100
2026/09/29 11:44:41.398, 3, 17434, 100
2026/09/29 11:44:41.398, 4, 17434, 100
2026/09/29 11:44:41.398, 5, 17434, 100
2026/09/29 11:44:41.398, 6, 17434, 100
2026/09/29 11:44:41.398, 7, 17434, 100
2026/09/29 11:44:42.399, 0, 17434, 100
2026/09/29 11:44:42.399, 1, 17434, 100
2026/09/29 11:44:42.399, 2, 17434, 100
2026/09/29 11:44:42.399, 3, 17434, 100
2026/09/29 11:44:42.399, 4, 17434, 100
2026/09/29 11:44:42.399, 5, 17434, 100
2026/09/29 11:44:42.399, 6, 17434, 100
2026/09/29 11:44:42.399, 7, 17434, 95
2026/09/29 11:44:43.399, 0, 17434, 100
2026/09/29 11:44:43.399, 1, 17434, 100
2026/09/29 11:44:43.399, 2, 17434, 100
2026/09/29 11:44:43.399, 3, 17434, 100
2026/09/29 11:44:43.399, 4, 17434, 100
2026/09/29 11:44:43.400, 5, 17434, 100
2026/09/29 11:44:43.400, 6, 17434, 100
2026/09/29 11:44:43.400, 7, 17434, 100
2026/09/29 11:44:44.400, 0, 17434, 100
2026/09/29 11:44:44.400, 1, 17434, 100
2026/09/29 11:44:44.400, 2, 17434, 100
2026/09/29 11:44:44.400, 3, 17434, 100
2026/09/29 11:44:44.400, 4, 17434, 100
2026/09/29 11:44:44.400, 5, 17434, 100
2026/09/29 11:44:44.400, 6, 17434, 100
2026/09/29 11:44:44.400, 7, 17434, 100
2026/09/29 11:44:45.400, 0, 17434, 100
2026/09/29 11:44:45.401, 1, 17434, 100
2026/09/29 11:44:45.401, 2, 17434, 100
2026/09/29 11:44:45.401, 3, 17434, 100
2026/09/29 11:44:45.401, 4, 17434, 100
2026/09/29 11:44:45.401, 5, 17434, 100
2026/09/29 11:44:45.401, 6, 17434, 100
2026/09/29 11:44:45.401, 7, 17434, 100
2026/09/29 11:44:46.401, 0, 17434, 100
2026/09/29 11:44:46.401, 1, 17434, 100
2026/09/29 11:44:46.401, 2, 17434, 100
2026/09/29 11:44:46.401, 3, 17434, 100
2026/09/29 11:44:46.401, 4, 17434, 100
2026/09/29 11:44:46.401, 5, 17434, 100
2026/09/29 11:44:46.401, 6, 17434, 100
2026/09/29 11:44:46.401, 7, 17434, 100
2026/09/29 11:44:47.401, 0, 17434, 100
2026/09/29 11:44:47.402, 1, 17434, 100
2026/09/29 11:44:47.402, 2, 17434, 100
2026/09/29 11:44:47.402, 3, 17434, 100
2026/09/29 11:44:47.402, 4, 17434, 100
2026/09/29 11:44:47.402, 5, 17434, 100
2026/09/29 11:44:47.402, 6, 17434, 100
2026/09/29 11:44:47.402, 7, 17434, 97
2026/09/29 11:44:48.402, 0, 17434, 100
2026/09/29 11:44:48.402, 1, 17434, 100
2026/09/29 11:44:48.402, 2, 17434, 100
2026/09/29 11:44:48.402, 3, 17434, 100
2026/09/29 11:44:48.402, 4, 17434, 100
2026/09/29 11:44:48.403, 5, 17434, 100
2026/09/29 11:44:48.403, 6, 17434, 100
2026/09/29 11:44:48.403, 7, 17434, 100
2026/09/29 11:44:49.403, 0, 17434, 100
2026/09/29 11:44:49.403, 1, 17434, 100
2026/09/29 11:44:49.403, 2, 17434, 100
2026/09/29 11:44:49.403, 3, 17434, 100
2026/09/29 11:44:49.403, 4, 17434, 100
2026/09/29 11:44:49.403, 5, 17434, 100
2026/09/29 11:44:49.403, 6, 17434, 100
2026/09/29 11:44:49.403, 7, 17434, 100
2026/09/29 11:44:50.403, 0, 17434, 100
2026/09/29 11:44:50.403, 1, 17434, 100
2026/09/29 11:44:50.403, 2, 17434, 100
2026/09/29 11:44:50.403, 3, 17434, 100
2026/09/29 11:44:50.403, 4, 17434, 100
2026/09/29 11:44:50.403, 5, 17434, 100
2026/09/29 11:44:50.404, 6, 17434, 100
2026/09/29 11:44:50.404, 7, 17434, 100
2026/09/29 11:44:51.404, 0, 17434, 100
2026/09/29 11:44:51.408, 1, 17434, 100
2026/09/29 11:44:51.408, 2, 17434, 100
2026/09/29 11:44:51.408, 3, 17434, 100
2026/09/29 11:44:51.408, 4, 17434, 100
2026/09/29 11:44:51.408, 5, 17434, 100
2026/09/29 11:44:51.408, 6, 17434, 100
2026/09/29 11:44:51.408, 7, 17434, 100
2026/09/29 11:44:52.408, 0, 17434, 100
2026/09/29 11:44:52.409, 1, 17434, 100
2026/09/29 11:44:52.409, 2, 17434, 100
2026/09/29 11:44:52.409, 3, 17434, 100
2026/09/29 11:44:52.409, 4, 17434, 100
2026/09/29 11:44:52.409, 5, 17434, 100
2026/09/29 11:44:52.409, 6, 17434, 100
2026/09/29 11:44:52.409, 7, 17434, 100
2026/09/29 11:44:53.409, 0, 17434, 100
2026/09/29 11:44:53.409, 1, 17434, 100
2026/09/29 11:44:53.409, 2, 17434, 100
2026/09/29 11:44:53.409, 3, 17434, 100
2026/09/29 11:44:53.410, 4, 17434, 100
2026/09/29 11:44:53.410, 5, 17434, 100
2026/09/29 11:44:53.410, 6, 17434, 100
2026/09/29 11:44:53.410, 7, 17434, 100
2026/09/29 11:44:54.410, 0, 17434, 100
2026/09/29 11:44:54.410, 1, 17434, 100
2026/09/29 11:44:54.410, 2, 17434, 100
2026/09/29 11:44:54.410, 3, 17434, 100
2026/09/29 11:44:54.410, 4, 17434, 100
2026/09/29 11:44:54.410, 5, 17434, 100
2026/09/29 11:44:54.410, 6, 17434, 100
2026/09/29 11:44:54.410, 7, 17434, 100
2026/09/29 11:44:55.411, 0, 17434, 100
2026/09/29 11:44:55.411, 1, 17434, 100
2026/09/29 11:44:55.411, 2, 17434, 100
2026/09/29 11:44:55.411, 3, 17434, 100
2026/09/29 11:44:55.411, 4, 17434, 100
2026/09/29 11:44:55.411, 5, 17434, 100
2026/09/29 11:44:55.411, 6, 17434, 100
2026/09/29 11:44:55.411, 7, 17434, 100
2026/09/29 11:44:56.411, 0, 17434, 100
2026/09/29 11:44:56.411, 1, 17434, 100
2026/09/29 11:44:56.411, 2, 17434, 100
2026/09/29 11:44:56.411, 3, 17434, 100
2026/09/29 11:44:56.411, 4, 17434, 100
2026/09/29 11:44:56.411, 5, 17434, 100
2026/09/29 11:44:56.411, 6, 17434, 100
2026/09/29 11:44:56.411, 7, 17434, 100
2026/09/29 11:44:57.412, 0, 17434, 100
2026/09/29 11:44:57.412, 1, 17434, 100
2026/09/29 11:44:57.412, 2, 17434, 100
2026/09/29 11:44:57.412, 3, 17434, 100
2026/09/29 11:44:57.412, 4, 17434, 100
2026/09/29 11:44:57.412, 5, 17434, 100
2026/09/29 11:44:57.412, 6, 17434, 100
2026/09/29 11:44:57.412, 7, 17434, 100
2026/09/29 11:44:58.412, 0, 17434, 100
2026/09/29 11:44:58.412, 1, 17434, 100
2026/09/29 11:44:58.412, 2, 17434, 100
2026/09/29 11:44:58.412, 3, 17434, 100
2026/09/29 11:44:58.413, 4, 17434, 100
2026/09/29 11:44:58.413, 5, 17434, 100
2026/09/29 11:44:58.413, 6, 17434, 100
2026/09/29 11:44:58.413, 7, 17434, 100
2026/09/29 11:44:59.413, 0, 17434, 100
2026/09/29 11:44:59.413, 1, 17434, 100
2026/09/29 11:44:59.413, 2, 17434, 100
2026/09/29 11:44:59.413, 3, 17434, 100
2026/09/29 11:44:59.413, 4, 17434, 100
2026/09/29 11:44:59.413, 5, 17434, 100
2026/09/29 11:44:59.413, 6, 17434, 100
2026/09/29 11:44:59.413, 7, 17434, 100
2026/09/29 11:45:00.413, 0, 17434, 100
2026/09/29 11:45:00.414, 1, 17434, 100
2026/09/29 11:45:00.414, 2, 17434, 100
2026/09/29 11:45:00.414, 3, 17434, 100
2026/09/29 11:45:00.414, 4, 17434, 100
2026/09/29 11:45:00.414, 5, 17434, 100
2026/09/29 11:45:00.414, 6, 17434, 100
2026/09/29 11:45:00.414, 7, 17434, 100
2026/09/29 11:45:01.414, 0, 17434, 100
2026/09/29 11:45:01.414, 1, 17434, 100
2026/09/29 11:45:01.414, 2, 17434, 100
2026/09/29 11:45:01.414, 3, 17434, 100
2026/09/29 11:45:01.414, 4, 17434, 100
2026/09/29 11:45:01.414, 5, 17434, 100
2026/09/29 11:45:01.415, 6, 17434, 100
2026/09/29 11:45:01.415, 7, 17434, 100
2026/09/29 11:45:02.415, 0, 17434, 100
2026/09/29 11:45:02.415, 1, 17434, 100
2026/09/29 11:45:02.415, 2, 17434, 98
2026/09/29 11:45:02.415, 3, 17434, 100
2026/09/29 11:45:02.415, 4, 17434, 100
2026/09/29 11:45:02.415, 5, 17434, 93
2026/09/29 11:45:02.415, 6, 17434, 100
2026/09/29 11:45:02.415, 7, 17434, 100
2026/09/29 11:45:03.415, 0, 17434, 100
2026/09/29 11:45:03.415, 1, 17434, 100
2026/09/29 11:45:03.415, 2, 17434, 100
2026/09/29 11:45:03.415, 3, 17434, 100
2026/09/29 11:45:03.415, 4, 17434, 100
2026/09/29 11:45:03.416, 5, 17434, 100
2026/09/29 11:45:03.416, 6, 17434, 100
2026/09/29 11:45:03.416, 7, 17434, 100
2026/09/29 11:45:04.416, 0, 17434, 100
2026/09/29 11:45:04.416, 1, 17434, 100
2026/09/29 11:45:04.416, 2, 17434, 100
2026/09/29 11:45:04.416, 3, 17434, 100
2026/09/29 11:45:04.416, 4, 17434, 100
2026/09/29 11:45:04.416, 5, 17434, 100
2026/09/29 11:45:04.416, 6, 17434, 100
2026/09/29 11:45:04.416, 7, 17434, 100
2026/09/29 11:45:05.416, 0, 17434, 100
2026/09/29 11:45:05.416, 1, 17434, 100
2026/09/29 11:45:05.417, 2, 17434, 100
2026/09/29 11:45:05.417, 3, 17434, 100
2026/09/29 11:45:05.417, 4, 17434, 100
2026/09/29 11:45:05.417, 5, 17434, 100
2026/09/29 11:45:05.417, 6, 17434, 100
2026/09/29 11:45:05.417, 7, 17434, 100
2026/09/29 11:45:06.417, 0, 17434, 100
2026/09/29 11:45:06.417, 1, 17434, 100
2026/09/29 11:45:06.422, 2, 17434, 100
2026/09/29 11:45:06.422, 3, 17434, 100
2026/09/29 11:45:06.422, 4, 17434, 100
2026/09/29 11:45:06.422, 5, 17434, 100
2026/09/29 11:45:06.422, 6, 17434, 100
2026/09/29 11:45:06.422, 7, 17434, 100
2026/09/29 11:45:07.423, 0, 17434, 100
2026/09/29 11:45:07.423, 1, 17434, 100
2026/09/29 11:45:07.423, 2, 17434, 96
2026/09/29 11:45:07.423, 3, 17434, 100
2026/09/29 11:45:07.423, 4, 17434, 100
2026/09/29 11:45:07.423, 5, 17434, 95
2026/09/29 11:45:07.423, 6, 17434, 100
2026/09/29 11:45:07.423, 7, 17434, 100
2026/09/29 11:45:08.424, 0, 17434, 100
2026/09/29 11:45:08.424, 1, 17434, 100
2026/09/29 11:45:08.424, 2, 17434, 100
2026/09/29 11:45:08.424, 3, 17434, 100
2026/09/29 11:45:08.424, 4, 17434, 100
2026/09/29 11:45:08.424, 5, 17434, 100
2026/09/29 11:45:08.424, 6, 17434, 100
2026/09/29 11:45:08.424, 7, 17434, 100
2026/09/29 11:45:09.424, 0, 17434, 100
2026/09/29 11:45:09.424, 1, 17434, 100
2026/09/29 11:45:09.424, 2, 17434, 100
2026/09/29 11:45:09.424, 3, 17434, 100
2026/09/29 11:45:09.425, 4, 17434, 100
2026/09/29 11:45:09.425, 5, 17434, 100
2026/09/29 11:45:09.425, 6, 17434, 100
2026/09/29 11:45:09.425, 7, 17434, 100
2026/09/29 11:45:10.425, 0, 17434, 100
2026/09/29 11:45:10.425, 1, 17434, 100
2026/09/29 11:45:10.425, 2, 17434, 100
2026/09/29 11:45:10.425, 3, 17434, 100
2026/09/29 11:45:10.425, 4, 17434, 100
2026/09/29 11:45:10.425, 5, 17434, 100
2026/09/29 11:45:10.425, 6, 17434, 100
2026/09/29 11:45:10.425, 7, 17434, 100
2026/09/29 11:45:11.425, 0, 17434, 100
2026/09/29 11:45:11.425, 1, 17434, 100
2026/09/29 11:45:11.425, 2, 17434, 100
2026/09/29 11:45:11.425, 3, 17434, 100
2026/09/29 11:45:11.426, 4, 17434, 100
2026/09/29 11:45:11.426, 5, 17434, 100
2026/09/29 11:45:11.426, 6, 17434, 100
2026/09/29 11:45:11.426, 7, 17434, 99
2026/09/29 11:45:12.426, 0, 17434, 95
2026/09/29 11:45:12.426, 1, 17434, 95
2026/09/29 11:45:12.426, 2, 17434, 100
2026/09/29 11:45:12.426, 3, 17434, 94
2026/09/29 11:45:12.426, 4, 17434, 100
2026/09/29 11:45:12.426, 5, 17434, 100
2026/09/29 11:45:12.426, 6, 17434, 100
2026/09/29 11:45:12.426, 7, 17434, 100
2026/09/29 11:45:13.427, 0, 17434, 100
2026/09/29 11:45:13.427, 1, 17434, 100
2026/09/29 11:45:13.427, 2, 17434, 100
2026/09/29 11:45:13.427, 3, 17434, 100
2026/09/29 11:45:13.427, 4, 17434, 100
2026/09/29 11:45:13.427, 5, 17434, 100
2026/09/29 11:45:13.427, 6, 17434, 100
2026/09/29 11:45:13.427, 7, 17434, 100
2026/09/29 11:45:14.427, 0, 17434, 100
2026/09/29 11:45:14.427, 1, 17434, 100
2026/09/29 11:45:14.427, 2, 17434, 100
2026/09/29 11:45:14.427, 3, 17434, 100
2026/09/29 11:45:14.427, 4, 17434, 100
2026/09/29 11:45:14.428, 5, 17434, 100
2026/09/29 11:45:14.428, 6, 17434, 100
2026/09/29 11:45:14.428, 7, 17434, 100
2026/09/29 11:45:15.428, 0, 17434, 100
2026/09/29 11:45:15.428, 1, 17434, 100
2026/09/29 11:45:15.428, 2, 17434, 100
2026/09/29 11:45:15.428, 3, 17434, 100
2026/09/29 11:45:15.428, 4, 17434, 100
2026/09/29 11:45:15.428, 5, 17434, 100
2026/09/29 11:45:15.428, 6, 17434, 100
2026/09/29 11:45:15.428, 7, 17434, 100
2026/09/29 11:45:16.428, 0, 17434, 100
2026/09/29 11:45:16.428, 1, 17434, 100
2026/09/29 11:45:16.428, 2, 17434, 100
2026/09/29 11:45:16.428, 3, 17434, 100
2026/09/29 11:45:16.428, 4, 17434, 100
2026/09/29 11:45:16.429, 5, 17434, 100
2026/09/29 11:45:16.429, 6, 17434, 100
2026/09/29 11:45:16.429, 7, 17434, 100
2026/09/29 11:45:17.429, 0, 17434, 98
2026/09/29 11:45:17.429, 1, 17434, 100
2026/09/29 11:45:17.429, 2, 17434, 100
2026/09/29 11:45:17.429, 3, 17434, 100
2026/09/29 11:45:17.429, 4, 17434, 100
2026/09/29 11:45:17.429, 5, 17434, 100
2026/09/29 11:45:17.429, 6, 17434, 100
2026/09/29 11:45:17.429, 7, 17434, 100
2026/09/29 11:45:18.429, 0, 17434, 100
2026/09/29 11:45:18.430, 1, 17434, 100
2026/09/29 11:45:18.430, 2, 17434, 100
2026/09/29 11:45:18.430, 3, 17434, 100
2026/09/29 11:45:18.430, 4, 17434, 100
2026/09/29 11:45:18.430, 5, 17434, 100
2026/09/29 11:45:18.430, 6, 17434, 100
2026/09/29 11:45:18.430, 7, 17434, 100
2026/09/29 11:45:19.430, 0, 17434, 100
2026/09/29 11:45:19.430, 1, 17434, 100
2026/09/29 11:45:19.430, 2, 17434, 100
2026/09/29 11:45:19.430, 3, 17434, 100
2026/09/29 11:45:19.430, 4, 17434, 100
2026/09/29 11:45:19.430, 5, 17434, 100
2026/09/29 11:45:19.430, 6, 17434, 100
2026/09/29 11:45:19.431, 7, 17434, 100
2026/09/29 11:45:20.431, 0, 17434, 100
2026/09/29 11:45:20.431, 1, 17434, 100
2026/09/29 11:45:20.431, 2, 17434, 100
2026/09/29 11:45:20.431, 3, 17434, 100
2026/09/29 11:45:20.431, 4, 17434, 100
2026/09/29 11:45:20.431, 5, 17434, 100
2026/09/29 11:45:20.431, 6, 17434, 100
2026/09/29 11:45:20.431, 7, 17434, 100
2026/09/29 11:45:21.431, 0, 17434, 100
2026/09/29 11:45:21.436, 1, 17434, 100
2026/09/29 11:45:21.444, 2, 17434, 100
2026/09/29 11:45:21.450, 3, 17434, 100
2026/09/29 11:45:21.451, 4, 17434, 100
2026/09/29 11:45:21.459, 5, 17434, 100
2026/09/29 11:45:21.461, 6, 17434, 100
2026/09/29 11:45:21.467, 7, 17434, 100
2026/09/29 11:45:22.469, 0, 17434, 100
2026/09/29 11:45:22.470, 1, 17434, 100
2026/09/29 11:45:22.470, 2, 17434, 100
2026/09/29 11:45:22.470, 3, 17434, 100
2026/09/29 11:45:22.470, 4, 17434, 100
2026/09/29 11:45:22.470, 5, 17434, 100
2026/09/29 11:45:22.470, 6, 17434, 93
2026/09/29 11:45:22.470, 7, 17434, 100
2026/09/29 11:45:23.470, 0, 17434, 100
2026/09/29 11:45:23.470, 1, 17434, 100
2026/09/29 11:45:23.470, 2, 17434, 100
2026/09/29 11:45:23.470, 3, 17434, 100
2026/09/29 11:45:23.470, 4, 17434, 100
2026/09/29 11:45:23.470, 5, 17434, 100
2026/09/29 11:45:23.471, 6, 17434, 100
2026/09/29 11:45:23.471, 7, 17434, 100
2026/09/29 11:45:24.471, 0, 17434, 100
2026/09/29 11:45:24.471, 1, 17434, 100
2026/09/29 11:45:24.471, 2, 17434, 100
2026/09/29 11:45:24.471, 3, 17434, 100
2026/09/29 11:45:24.471, 4, 17434, 100
2026/09/29 11:45:24.471, 5, 17434, 100
2026/09/29 11:45:24.471, 6, 17434, 100
2026/09/29 11:45:24.471, 7, 17434, 100
2026/09/29 11:45:25.471, 0, 17434, 100
2026/09/29 11:45:25.471, 1, 17434, 100
2026/09/29 11:45:25.472, 2, 17434, 100
2026/09/29 11:45:25.472, 3, 17434, 100
2026/09/29 11:45:25.472, 4, 17434, 100
2026/09/29 11:45:25.472, 5, 17434, 100
2026/09/29 11:45:25.472, 6, 17434, 100
2026/09/29 11:45:25.472, 7, 17434, 100
2026/09/29 11:45:26.472, 0, 17434, 100
2026/09/29 11:45:26.472, 1, 17434, 100
2026/09/29 11:45:26.472, 2, 17434, 100
2026/09/29 11:45:26.472, 3, 17434, 100
2026/09/29 11:45:26.472, 4, 17434, 100
2026/09/29 11:45:26.472, 5, 17434, 100
2026/09/29 11:45:26.472, 6, 17434, 100
2026/09/29 11:45:26.472, 7, 17434, 100
2026/09/29 11:45:27.473, 0, 17434, 100
2026/09/29 11:45:27.473, 1, 17434, 100
2026/09/29 11:45:27.473, 2, 17434, 100
2026/09/29 11:45:27.473, 3, 17434, 100
2026/09/29 11:45:27.473, 4, 17434, 100
2026/09/29 11:45:27.473, 5, 17434, 100
2026/09/29 11:45:27.473, 6, 17434, 100
2026/09/29 11:45:27.473, 7, 17434, 100
2026/09/29 11:45:28.473, 0, 17434, 100
2026/09/29 11:45:28.473, 1, 17434, 100
2026/09/29 11:45:28.474, 2, 17434, 100
2026/09/29 11:45:28.474, 3, 17434, 100
2026/09/29 11:45:28.474, 4, 17434, 100
2026/09/29 11:45:28.474, 5, 17434, 100
2026/09/29 11:45:28.474, 6, 17434, 100
2026/09/29 11:45:28.474, 7, 17434, 100
2026/09/29 11:45:29.474, 0, 17434, 100
2026/09/29 11:45:29.474, 1, 17434, 100
2026/09/29 11:45:29.474, 2, 17434, 100
2026/09/29 11:45:29.474, 3, 17434, 100
2026/09/29 11:45:29.474, 4, 17434, 100
2026/09/29 11:45:29.474, 5, 17434, 100
2026/09/29 11:45:29.474, 6, 17434, 100
2026/09/29 11:45:29.474, 7, 17434, 100
2026/09/29 11:45:30.475, 0, 17434, 100
2026/09/29 11:45:30.475, 1, 17434, 100
2026/09/29 11:45:30.475, 2, 17434, 100
2026/09/29 11:45:30.475, 3, 17434, 100
2026/09/29 11:45:30.475, 4, 17434, 100
2026/09/29 11:45:30.475, 5, 17434, 100
2026/09/29 11:45:30.475, 6, 17434, 100
2026/09/29 11:45:30.475, 7, 17434, 100
2026/09/29 11:45:31.475, 0, 17434, 100
2026/09/29 11:45:31.475, 1, 17434, 100
2026/09/29 11:45:31.475, 2, 17434, 100
2026/09/29 11:45:31.476, 3, 17434, 100
2026/09/29 11:45:31.476, 4, 17434, 100
2026/09/29 11:45:31.476, 5, 17434, 100
2026/09/29 11:45:31.476, 6, 17434, 100
2026/09/29 11:45:31.476, 7, 17434, 100
2026/09/29 11:45:32.476, 0, 17434, 100
2026/09/29 11:45:32.476, 1, 17434, 99
2026/09/29 11:45:32.476, 2, 17434, 100
2026/09/29 11:45:32.476, 3, 17434, 100
2026/09/29 11:45:32.476, 4, 17434, 100
2026/09/29 11:45:32.476, 5, 17434, 100
2026/09/29 11:45:32.476, 6, 17434, 100
2026/09/29 11:45:32.476, 7, 17434, 100
2026/09/29 11:45:33.476, 0, 17434, 100
2026/09/29 11:45:33.477, 1, 17434, 100
2026/09/29 11:45:33.477, 2, 17434, 100
2026/09/29 11:45:33.477, 3, 17434, 100
2026/09/29 11:45:33.477, 4, 17434, 95
2026/09/29 11:45:33.477, 5, 17434, 100
2026/09/29 11:45:33.477, 6, 17434, 100
2026/09/29 11:45:33.477, 7, 17434, 100
2026/09/29 11:45:34.477, 0, 17434, 100
2026/09/29 11:45:34.477, 1, 17434, 100
2026/09/29 11:45:34.477, 2, 17434, 100
2026/09/29 11:45:34.477, 3, 17434, 100
2026/09/29 11:45:34.477, 4, 17434, 100
2026/09/29 11:45:34.477, 5, 17434, 100
2026/09/29 11:45:34.478, 6, 17434, 100
2026/09/29 11:45:34.478, 7, 17434, 100
2026/09/29 11:45:35.478, 0, 17434, 100
2026/09/29 11:45:35.478, 1, 17434, 100
2026/09/29 11:45:35.478, 2, 17434, 100
2026/09/29 11:45:35.478, 3, 17434, 100
2026/09/29 11:45:35.478, 4, 17434, 100
2026/09/29 11:45:35.478, 5, 17434, 100
2026/09/29 11:45:35.478, 6, 17434, 100
2026/09/29 11:45:35.478, 7, 17434, 100
2026/09/29 11:45:36.478, 0, 17434, 100
2026/09/29 11:45:36.479, 1, 17434, 100
2026/09/29 11:45:36.485, 2, 17434, 100
2026/09/29 11:45:36.485, 3, 17434, 100
2026/09/29 11:45:36.491, 4, 17434, 100
2026/09/29 11:45:36.492, 5, 17434, 100
2026/09/29 11:45:36.497, 6, 17434, 100
2026/09/29 11:45:36.498, 7, 17434, 100
2026/09/29 11:45:37.498, 0, 17434, 100
2026/09/29 11:45:37.498, 1, 17434, 100
2026/09/29 11:45:37.499, 2, 17434, 100
2026/09/29 11:45:37.499, 3, 17434, 100
2026/09/29 11:45:37.499, 4, 17434, 100
2026/09/29 11:45:37.499, 5, 17434, 100
2026/09/29 11:45:37.499, 6, 17434, 100
2026/09/29 11:45:37.499, 7, 17434, 100
2026/09/29 11:45:38.499, 0, 17434, 100
2026/09/29 11:45:38.499, 1, 17434, 100
2026/09/29 11:45:38.499, 2, 17434, 100
2026/09/29 11:45:38.499, 3, 17434, 100
2026/09/29 11:45:38.499, 4, 17434, 97
2026/09/29 11:45:38.499, 5, 17434, 100
2026/09/29 11:45:38.499, 6, 17434, 100
2026/09/29 11:45:38.499, 7, 17434, 99
2026/09/29 11:45:39.500, 0, 17434, 100
2026/09/29 11:45:39.500, 1, 17434, 100
2026/09/29 11:45:39.500, 2, 17434, 100
2026/09/29 11:45:39.500, 3, 17434, 100
2026/09/29 11:45:39.500, 4, 17434, 100
2026/09/29 11:45:39.500, 5, 17434, 100
2026/09/29 11:45:39.500, 6, 17434, 100
2026/09/29 11:45:39.500, 7, 17434, 100
2026/09/29 11:45:40.500, 0, 17434, 100
2026/09/29 11:45:40.500, 1, 17434, 100
2026/09/29 11:45:40.500, 2, 17434, 100
2026/09/29 11:45:40.500, 3, 17434, 100
2026/09/29 11:45:40.501, 4, 17434, 100
2026/09/29 11:45:40.501, 5, 17434, 100
2026/09/29 11:45:40.501, 6, 17434, 100
2026/09/29 11:45:40.501, 7, 17434, 100
2026/09/29 11:45:41.501, 0, 17434, 100
2026/09/29 11:45:41.501, 1, 17434, 100
2026/09/29 11:45:41.501, 2, 17434, 100
2026/09/29 11:45:41.501, 3, 17434, 100
2026/09/29 11:45:41.501, 4, 17434, 100
2026/09/29 11:45:41.501, 5, 17434, 100
2026/09/29 11:45:41.501, 6, 17434, 100
2026/09/29 11:45:41.501, 7, 17434, 100
2026/09/29 11:45:42.501, 0, 17434, 100
2026/09/29 11:45:42.502, 1, 17434, 100
2026/09/29 11:45:42.502, 2, 17434, 100
2026/09/29 11:45:42.502, 3, 17434, 100
2026/09/29 11:45:42.502, 4, 17434, 100
2026/09/29 11:45:42.502, 5, 17434, 100
2026/09/29 11:45:42.502, 6, 17434, 100
2026/09/29 11:45:42.502, 7, 17434, 100
2026/09/29 11:45:43.502, 0, 17434, 100
2026/09/29 11:45:43.502, 1, 17434, 100
2026/09/29 11:45:43.502, 2, 17434, 100
2026/09/29 11:45:43.502, 3, 17434, 100
2026/09/29 11:45:43.503, 4, 17434, 100
2026/09/29 11:45:43.503, 5, 17434, 100
2026/09/29 11:45:43.503, 6, 17434, 100
2026/09/29 11:45:43.503, 7, 17434, 95
2026/09/29 11:45:44.503, 0, 17434, 100
2026/09/29 11:45:44.503, 1, 17434, 100
2026/09/29 11:45:44.503, 2, 17434, 100
2026/09/29 11:45:44.503, 3, 17434, 100
2026/09/29 11:45:44.503, 4, 17434, 100
2026/09/29 11:45:44.503, 5, 17434, 100
2026/09/29 11:45:44.503, 6, 17434, 100
2026/09/29 11:45:44.503, 7, 17434, 100
2026/09/29 11:45:45.503, 0, 17434, 100
2026/09/29 11:45:45.504, 1, 17434, 100
2026/09/29 11:45:45.504, 2, 17434, 100
2026/09/29 11:45:45.504, 3, 17434, 100
2026/09/29 11:45:45.504, 4, 17434, 100
2026/09/29 11:45:45.504, 5, 17434, 100
2026/09/29 11:45:45.504, 6, 17434, 100
2026/09/29 11:45:45.504, 7, 17434, 100
2026/09/29 11:45:46.504, 0, 17434, 100
2026/09/29 11:45:46.504, 1, 17434, 100
2026/09/29 11:45:46.504, 2, 17434, 100
2026/09/29 11:45:46.504, 3, 17434, 100
2026/09/29 11:45:46.504, 4, 17434, 100
2026/09/29 11:45:46.504, 5, 17434, 100
2026/09/29 11:45:46.504, 6, 17434, 100
2026/09/29 11:45:46.505, 7, 17434, 100
2026/09/29 11:45:47.505, 0, 17434, 100
2026/09/29 11:45:47.505, 1, 17434, 100
2026/09/29 11:45:47.505, 2, 17434, 100
2026/09/29 11:45:47.505, 3, 17434, 100
2026/09/29 11:45:47.505, 4, 17434, 100
2026/09/29 11:45:47.505, 5, 17434, 100
2026/09/29 11:45:47.505, 6, 17434, 100
2026/09/29 11:45:47.505, 7, 17434, 100
2026/09/29 11:45:48.505, 0, 17434, 100
2026/09/29 11:45:48.506, 1, 17434, 100
2026/09/29 11:45:48.506, 2, 17434, 100
2026/09/29 11:45:48.506, 3, 17434, 100
2026/09/29 11:45:48.506, 4, 17434, 100
2026/09/29 11:45:48.506, 5, 17434, 100
2026/09/29 11:45:48.506, 6, 17434, 100
2026/09/29 11:45:48.506, 7, 17434, 100
2026/09/29 11:45:49.506, 0, 17434, 100
2026/09/29 11:45:49.506, 1, 17434, 100
2026/09/29 11:45:49.506, 2, 17434, 100
2026/09/29 11:45:49.506, 3, 17434, 100
2026/09/29 11:45:49.506, 4, 17434, 100
2026/09/29 11:45:49.506, 5, 17434, 100
2026/09/29 11:45:49.506, 6, 17434, 100
2026/09/29 11:45:49.507, 7, 17434, 100
2026/09/29 11:45:50.507, 0, 17434, 100
2026/09/29 11:45:50.507, 1, 17434, 100
2026/09/29 11:45:50.507, 2, 17434, 100
2026/09/29 11:45:50.507, 3, 17434, 100
2026/09/29 11:45:50.507, 4, 17434, 100
2026/09/29 11:45:50.507, 5, 17434, 100
2026/09/29 11:45:50.507, 6, 17434, 100
2026/09/29 11:45:50.507, 7, 17434, 100
2026/09/29 11:45:51.507, 0, 17434, 100
2026/09/29 11:45:51.508, 1, 17434, 100
2026/09/29 11:45:51.508, 2, 17434, 100
2026/09/29 11:45:51.508, 3, 17434, 100
2026/09/29 11:45:51.508, 4, 17434, 100
2026/09/29 11:45:51.508, 5, 17434, 100
2026/09/29 11:45:51.508, 6, 17434, 100
2026/09/29 11:45:51.508, 7, 17434, 100
2026/09/29 11:45:52.508, 0, 17434, 100
2026/09/29 11:45:52.508, 1, 17434, 100
2026/09/29 11:45:52.508, 2, 17434, 100
2026/09/29 11:45:52.508, 3, 17434, 100
2026/09/29 11:45:52.508, 4, 17434, 100
2026/09/29 11:45:52.509, 5, 17434, 100
2026/09/29 11:45:52.509, 6, 17434, 100
2026/09/29 11:45:52.509, 7, 17434, 100
2026/09/29 11:45:53.509, 0, 17434, 100
2026/09/29 11:45:53.509, 1, 17434, 100
2026/09/29 11:45:53.509, 2, 17434, 100
2026/09/29 11:45:53.509, 3, 17434, 100
2026/09/29 11:45:53.509, 4, 17434, 100
2026/09/29 11:45:53.509, 5, 17434, 100
2026/09/29 11:45:53.509, 6, 17434, 100
2026/09/29 11:45:53.509, 7, 17434, 100
2026/09/29 11:45:54.509, 0, 17434, 100
2026/09/29 11:45:54.510, 1, 17434, 100
2026/09/29 11:45:54.510, 2, 17434, 100
2026/09/29 11:45:54.510, 3, 17434, 100
2026/09/29 11:45:54.510, 4, 17434, 100
2026/09/29 11:45:54.510, 5, 17434, 100
2026/09/29 11:45:54.510, 6, 17434, 100
2026/09/29 11:45:54.510, 7, 17434, 100
2026/09/29 11:45:55.510, 0, 17434, 100
2026/09/29 11:45:55.510, 1, 17434, 100
2026/09/29 11:45:55.510, 2, 17434, 100
2026/09/29 11:45:55.510, 3, 17434, 100
2026/09/29 11:45:55.510, 4, 17434, 100
2026/09/29 11:45:55.510, 5, 17434, 100
2026/09/29 11:45:55.511, 6, 17434, 100
2026/09/29 11:45:55.511, 7, 17434, 100
2026/09/29 11:45:56.511, 0, 17434, 100
2026/09/29 11:45:56.511, 1, 17434, 100
2026/09/29 11:45:56.511, 2, 17434, 100
2026/09/29 11:45:56.511, 3, 17434, 100
2026/09/29 11:45:56.511, 4, 17434, 100
2026/09/29 11:45:56.511, 5, 17434, 100
2026/09/29 11:45:56.511, 6, 17434, 100
2026/09/29 11:45:56.511, 7, 17434, 100
2026/09/29 11:45:57.511, 0, 17434, 100
2026/09/29 11:45:57.512, 1, 17434, 100
2026/09/29 11:45:57.512, 2, 17434, 100
2026/09/29 11:45:57.512, 3, 17434, 100
2026/09/29 11:45:57.512, 4, 17434, 100
2026/09/29 11:45:57.512, 5, 17434, 100
2026/09/29 11:45:57.512, 6, 17434, 100
2026/09/29 11:45:57.512, 7, 17434, 100
2026/09/29 11:45:58.512, 0, 17434, 100
2026/09/29 11:45:58.512, 1, 17434, 100
2026/09/29 11:45:58.512, 2, 17434, 100
2026/09/29 11:45:58.512, 3, 17434, 100
2026/09/29 11:45:58.512, 4, 17434, 100
2026/09/29 11:45:58.512, 5, 17434, 100
2026/09/29 11:45:58.512, 6, 17434, 100
2026/09/29 11:45:58.513, 7, 17434, 100
2026/09/29 11:45:59.513, 0, 17434, 100
2026/09/29 11:45:59.513, 1, 17434, 100
2026/09/29 11:45:59.513, 2, 17434, 100
2026/09/29 11:45:59.513, 3, 17434, 100
2026/09/29 11:45:59.513, 4, 17434, 100
2026/09/29 11:45:59.513, 5, 17434, 100
2026/09/29 11:45:59.513, 6, 17434, 100
2026/09/29 11:45:59.513, 7, 17434, 100
2026/09/29 11:46:00.513, 0, 17434, 100
2026/09/29 11:46:00.513, 1, 17434, 100
2026/09/29 11:46:00.514, 2, 17434, 100
2026/09/29 11:46:00.514, 3, 17434, 100
2026/09/29 11:46:00.514, 4, 17434, 100
2026/09/29 11:46:00.514, 5, 17434, 100
2026/09/29 11:46:00.514, 6, 17434, 100
2026/09/29 11:46:00.514, 7, 17434, 100
2026/09/29 11:46:01.514, 0, 17434, 100
2026/09/29 11:46:01.514, 1, 17434, 100
2026/09/29 11:46:01.514, 2, 17434, 100
2026/09/29 11:46:01.514, 3, 17434, 100
2026/09/29 11:46:01.514, 4, 17434, 100
2026/09/29 11:46:01.514, 5, 17434, 100
2026/09/29 11:46:01.514, 6, 17434, 100
2026/09/29 11:46:01.515, 7, 17434, 100
2026/09/29 11:46:02.515, 0, 17434, 100
2026/09/29 11:46:02.515, 1, 17434, 100
2026/09/29 11:46:02.515, 2, 17434, 100
2026/09/29 11:46:02.515, 3, 17434, 100
2026/09/29 11:46:02.515, 4, 17434, 100
2026/09/29 11:46:02.515, 5, 17434, 100
2026/09/29 11:46:02.515, 6, 17434, 100
2026/09/29 11:46:02.515, 7, 17434, 100
2026/09/29 11:46:03.515, 0, 17434, 100
2026/09/29 11:46:03.515, 1, 17434, 100
2026/09/29 11:46:03.516, 2, 17434, 100
2026/09/29 11:46:03.516, 3, 17434, 100
2026/09/29 11:46:03.516, 4, 17434, 100
2026/09/29 11:46:03.516, 5, 17434, 93
2026/09/29 11:46:03.516, 6, 17434, 100
2026/09/29 11:46:03.516, 7, 17434, 100
2026/09/29 11:46:04.516, 0, 17434, 100
2026/09/29 11:46:04.516, 1, 17434, 100
2026/09/29 11:46:04.516, 2, 17434, 100
2026/09/29 11:46:04.516, 3, 17434, 100
2026/09/29 11:46:04.516, 4, 17434, 100
2026/09/29 11:46:04.516, 5, 17434, 100
2026/09/29 11:46:04.516, 6, 17434, 100
2026/09/29 11:46:04.516, 7, 17434, 100
2026/09/29 11:46:05.517, 0, 17434, 100
2026/09/29 11:46:05.517, 1, 17434, 100
2026/09/29 11:46:05.517, 2, 17434, 100
2026/09/29 11:46:05.517, 3, 17434, 100
2026/09/29 11:46:05.517, 4, 17434, 100
2026/09/29 11:46:05.517, 5, 17434, 100
2026/09/29 11:46:05.517, 6, 17434, 100
2026/09/29 11:46:05.517, 7, 17434, 100
2026/09/29 11:46:06.517, 0, 17434, 100
2026/09/29 11:46:06.517, 1, 17434, 100
2026/09/29 11:46:06.517, 2, 17434, 100
2026/09/29 11:46:06.517, 3, 17434, 100
2026/09/29 11:46:06.518, 4, 17434, 100
2026/09/29 11:46:06.518, 5, 17434, 100
2026/09/29 11:46:06.518, 6, 17434, 100
2026/09/29 11:46:06.518, 7, 17434, 100
2026/09/29 11:46:07.518, 0, 17434, 100
2026/09/29 11:46:07.518, 1, 17434, 100
2026/09/29 11:46:07.518, 2, 17434, 100
2026/09/29 11:46:07.518, 3, 17434, 100
2026/09/29 11:46:07.518, 4, 17434, 100
2026/09/29 11:46:07.518, 5, 17434, 100
2026/09/29 11:46:07.518, 6, 17434, 100
2026/09/29 11:46:07.518, 7, 17434, 100
2026/09/29 11:46:08.519, 0, 17434, 100
2026/09/29 11:46:08.519, 1, 17434, 100
2026/09/29 11:46:08.519, 2, 17434, 98
2026/09/29 11:46:08.519, 3, 17434, 100
2026/09/29 11:46:08.519, 4, 17434, 100
2026/09/29 11:46:08.519, 5, 17434, 95
2026/09/29 11:46:08.519, 6, 17434, 100
2026/09/29 11:46:08.519, 7, 17434, 100
2026/09/29 11:46:09.519, 0, 17434, 100
2026/09/29 11:46:09.519, 1, 17434, 100
2026/09/29 11:46:09.519, 2, 17434, 100
2026/09/29 11:46:09.519, 3, 17434, 100
2026/09/29 11:46:09.520, 4, 17434, 100
2026/09/29 11:46:09.520, 5, 17434, 100
2026/09/29 11:46:09.520, 6, 17434, 100
2026/09/29 11:46:09.520, 7, 17434, 100
2026/09/29 11:46:10.520, 0, 17434, 100
2026/09/29 11:46:10.520, 1, 17434, 100
2026/09/29 11:46:10.520, 2, 17434, 100
2026/09/29 11:46:10.520, 3, 17434, 100
2026/09/29 11:46:10.520, 4, 17434, 100
2026/09/29 11:46:10.520, 5, 17434, 100
2026/09/29 11:46:10.520, 6, 17434, 100
2026/09/29 11:46:10.521, 7, 17434, 100
2026/09/29 11:46:11.521, 0, 17434, 100
2026/09/29 11:46:11.521, 1, 17434, 100
2026/09/29 11:46:11.521, 2, 17434, 100
2026/09/29 11:46:11.521, 3, 17434, 100
2026/09/29 11:46:11.521, 4, 17434, 100
2026/09/29 11:46:11.521, 5, 17434, 100
2026/09/29 11:46:11.521, 6, 17434, 100
2026/09/29 11:46:11.521, 7, 17434, 100
2026/09/29 11:46:12.521, 0, 17434, 100
2026/09/29 11:46:12.521, 1, 17434, 100
2026/09/29 11:46:12.522, 2, 17434, 100
2026/09/29 11:46:12.522, 3, 17434, 100
2026/09/29 11:46:12.522, 4, 17434, 100
2026/09/29 11:46:12.522, 5, 17434, 100
2026/09/29 11:46:12.522, 6, 17434, 100
2026/09/29 11:46:12.522, 7, 17434, 100
2026/09/29 11:46:13.522, 0, 17434, 95
2026/09/29 11:46:13.522, 1, 17434, 95
2026/09/29 11:46:13.522, 2, 17434, 94
2026/09/29 11:46:13.522, 3, 17434, 94
2026/09/29 11:46:13.522, 4, 17434, 100
2026/09/29 11:46:13.522, 5, 17434, 100
2026/09/29 11:46:13.522, 6, 17434, 100
2026/09/29 11:46:13.523, 7, 17434, 100
2026/09/29 11:46:14.523, 0, 17434, 100
2026/09/29 11:46:14.523, 1, 17434, 100
2026/09/29 11:46:14.523, 2, 17434, 100
2026/09/29 11:46:14.523, 3, 17434, 100
2026/09/29 11:46:14.523, 4, 17434, 100
2026/09/29 11:46:14.523, 5, 17434, 100
2026/09/29 11:46:14.523, 6, 17434, 100
2026/09/29 11:46:14.523, 7, 17434, 100
2026/09/29 11:46:15.523, 0, 17434, 100
2026/09/29 11:46:15.523, 1, 17434, 100
2026/09/29 11:46:15.523, 2, 17434, 100
2026/09/29 11:46:15.523, 3, 17434, 100
2026/09/29 11:46:15.524, 4, 17434, 100
2026/09/29 11:46:15.524, 5, 17434, 100
2026/09/29 11:46:15.524, 6, 17434, 100
2026/09/29 11:46:15.524, 7, 17434, 100
2026/09/29 11:46:16.524, 0, 17434, 100
2026/09/29 11:46:16.524, 1, 17434, 100
2026/09/29 11:46:16.524, 2, 17434, 100
2026/09/29 11:46:16.524, 3, 17434, 100
2026/09/29 11:46:16.524, 4, 17434, 100
2026/09/29 11:46:16.524, 5, 17434, 100
2026/09/29 11:46:16.524, 6, 17434, 100
2026/09/29 11:46:16.524, 7, 17434, 100
2026/09/29 11:46:17.525, 0, 17434, 100
2026/09/29 11:46:17.525, 1, 17434, 100
2026/09/29 11:46:17.525, 2, 17434, 100
2026/09/29 11:46:17.525, 3, 17434, 100
2026/09/29 11:46:17.525, 4, 17434, 100
2026/09/29 11:46:17.525, 5, 17434, 100
2026/09/29 11:46:17.525, 6, 17434, 100
2026/09/29 11:46:17.525, 7, 17434, 100
2026/09/29 11:46:18.525, 0, 17434, 95
2026/09/29 11:46:18.525, 1, 17434, 96
2026/09/29 11:46:18.525, 2, 17434, 100
2026/09/29 11:46:18.525, 3, 17434, 96
2026/09/29 11:46:18.525, 4, 17434, 100
2026/09/29 11:46:18.526, 5, 17434, 100
2026/09/29 11:46:18.526, 6, 17434, 100
2026/09/29 11:46:18.526, 7, 17434, 100
2026/09/29 11:46:19.526, 0, 17434, 100
2026/09/29 11:46:19.526, 1, 17434, 100
2026/09/29 11:46:19.526, 2, 17434, 100
2026/09/29 11:46:19.526, 3, 17434, 100
2026/09/29 11:46:19.526, 4, 17434, 100
2026/09/29 11:46:19.526, 5, 17434, 100
2026/09/29 11:46:19.526, 6, 17434, 100
2026/09/29 11:46:19.526, 7, 17434, 100
2026/09/29 11:46:20.526, 0, 17434, 100
2026/09/29 11:46:20.527, 1, 17434, 100
2026/09/29 11:46:20.527, 2, 17434, 100
2026/09/29 11:46:20.527, 3, 17434, 100
2026/09/29 11:46:20.527, 4, 17434, 100
2026/09/29 11:46:20.527, 5, 17434, 100
2026/09/29 11:46:20.527, 6, 17434, 100
2026/09/29 11:46:20.527, 7, 17434, 100
2026/09/29 11:46:21.527, 0, 17434, 100
2026/09/29 11:46:21.533, 1, 17434, 100
2026/09/29 11:46:21.538, 2, 17434, 100
2026/09/29 11:46:21.539, 3, 17434, 100
2026/09/29 11:46:21.539, 4, 17434, 100
2026/09/29 11:46:21.540, 5, 17434, 100
2026/09/29 11:46:21.540, 6, 17434, 100
2026/09/29 11:46:21.540, 7, 17434, 100
2026/09/29 11:46:22.540, 0, 17434, 100
2026/09/29 11:46:22.540, 1, 17434, 100
2026/09/29 11:46:22.540, 2, 17434, 100
2026/09/29 11:46:22.540, 3, 17434, 100
2026/09/29 11:46:22.540, 4, 17434, 100
2026/09/29 11:46:22.541, 5, 17434, 100
2026/09/29 11:46:22.541, 6, 17434, 100
2026/09/29 11:46:22.541, 7, 17434, 100
2026/09/29 11:46:23.541, 0, 17434, 100
2026/09/29 11:46:23.541, 1, 17434, 100
2026/09/29 11:46:23.541, 2, 17434, 100
2026/09/29 11:46:23.541, 3, 17434, 100
2026/09/29 11:46:23.541, 4, 17434, 100
2026/09/29 11:46:23.541, 5, 17434, 100
2026/09/29 11:46:23.541, 6, 17434, 97
2026/09/29 11:46:23.542, 7, 17434, 100
2026/09/29 11:46:24.542, 0, 17434, 100
2026/09/29 11:46:24.542, 1, 17434, 100
2026/09/29 11:46:24.542, 2, 17434, 100
2026/09/29 11:46:24.542, 3, 17434, 100
2026/09/29 11:46:24.542, 4, 17434, 100
2026/09/29 11:46:24.542, 5, 17434, 100
2026/09/29 11:46:24.542, 6, 17434, 100
2026/09/29 11:46:24.542, 7, 17434, 100
2026/09/29 11:46:25.542, 0, 17434, 100
2026/09/29 11:46:25.542, 1, 17434, 100
2026/09/29 11:46:25.542, 2, 17434, 100
2026/09/29 11:46:25.542, 3, 17434, 100
2026/09/29 11:46:25.543, 4, 17434, 100
2026/09/29 11:46:25.543, 5, 17434, 100
2026/09/29 11:46:25.543, 6, 17434, 100
2026/09/29 11:46:25.543, 7, 17434, 100
2026/09/29 11:46:26.543, 0, 17434, 100
2026/09/29 11:46:26.543, 1, 17434, 100
2026/09/29 11:46:26.543, 2, 17434, 100
2026/09/29 11:46:26.543, 3, 17434, 100
2026/09/29 11:46:26.543, 4, 17434, 100
2026/09/29 11:46:26.543, 5, 17434, 99
2026/09/29 11:46:26.543, 6, 17434, 100
2026/09/29 11:46:26.543, 7, 17434, 100
2026/09/29 11:46:27.543, 0, 17434, 100
2026/09/29 11:46:27.544, 1, 17434, 100
2026/09/29 11:46:27.544, 2, 17434, 100
2026/09/29 11:46:27.544, 3, 17434, 100
2026/09/29 11:46:27.544, 4, 17434, 100
2026/09/29 11:46:27.544, 5, 17434, 100
2026/09/29 11:46:27.544, 6, 17434, 100
2026/09/29 11:46:27.544, 7, 17434, 100
2026/09/29 11:46:28.544, 0, 17434, 100
2026/09/29 11:46:28.544, 1, 17434, 100
2026/09/29 11:46:28.544, 2, 17434, 100
2026/09/29 11:46:28.544, 3, 17434, 100
2026/09/29 11:46:28.544, 4, 17434, 100
2026/09/29 11:46:28.544, 5, 17434, 100
2026/09/29 11:46:28.545, 6, 17434, 93
2026/09/29 11:46:28.545, 7, 17434, 100
2026/09/29 11:46:29.545, 0, 17434, 100
2026/09/29 11:46:29.545, 1, 17434, 100
2026/09/29 11:46:29.545, 2, 17434, 100
2026/09/29 11:46:29.545, 3, 17434, 100
2026/09/29 11:46:29.545, 4, 17434, 100
2026/09/29 11:46:29.545, 5, 17434, 100
2026/09/29 11:46:29.545, 6, 17434, 100
2026/09/29 11:46:29.545, 7, 17434, 100
2026/09/29 11:46:30.545, 0, 17434, 100
2026/09/29 11:46:30.545, 1, 17434, 100
2026/09/29 11:46:30.545, 2, 17434, 100
2026/09/29 11:46:30.546, 3, 17434, 100
2026/09/29 11:46:30.546, 4, 17434, 100
2026/09/29 11:46:30.546, 5, 17434, 100
2026/09/29 11:46:30.546, 6, 17434, 100
2026/09/29 11:46:30.546, 7, 17434, 100
2026/09/29 11:46:31.546, 0, 17434, 100
2026/09/29 11:46:31.546, 1, 17434, 100
2026/09/29 11:46:31.546, 2, 17434, 100
2026/09/29 11:46:31.546, 3, 17434, 100
2026/09/29 11:46:31.546, 4, 17434, 100
2026/09/29 11:46:31.546, 5, 17434, 100
2026/09/29 11:46:31.546, 6, 17434, 100
2026/09/29 11:46:31.546, 7, 17434, 100
2026/09/29 11:46:32.547, 0, 17434, 100
2026/09/29 11:46:32.547, 1, 17434, 100
2026/09/29 11:46:32.547, 2, 17434, 100
2026/09/29 11:46:32.547, 3, 17434, 100
2026/09/29 11:46:32.548, 4, 17434, 100
2026/09/29 11:46:32.548, 5, 17434, 100
2026/09/29 11:46:32.548, 6, 17434, 100
2026/09/29 11:46:32.548, 7, 17434, 100
2026/09/29 11:46:33.548, 0, 17434, 100
2026/09/29 11:46:33.548, 1, 17434, 100
2026/09/29 11:46:33.548, 2, 17434, 100
2026/09/29 11:46:33.548, 3, 17434, 100
2026/09/29 11:46:33.548, 4, 17434, 100
2026/09/29 11:46:33.548, 5, 17434, 100
2026/09/29 11:46:33.548, 6, 17434, 100
2026/09/29 11:46:33.548, 7, 17434, 100
2026/09/29 11:46:34.548, 0, 17434, 100
2026/09/29 11:46:34.549, 1, 17434, 100
2026/09/29 11:46:34.549, 2, 17434, 100
2026/09/29 11:46:34.549, 3, 17434, 100
2026/09/29 11:46:34.549, 4, 17434, 100
2026/09/29 11:46:34.549, 5, 17434, 100
2026/09/29 11:46:34.549, 6, 17434, 100
2026/09/29 11:46:34.549, 7, 17434, 100
2026/09/29 11:46:35.549, 0, 17434, 100
2026/09/29 11:46:35.549, 1, 17434, 100
2026/09/29 11:46:35.549, 2, 17434, 100
2026/09/29 11:46:35.549, 3, 17434, 100
2026/09/29 11:46:35.549, 4, 17434, 100
2026/09/29 11:46:35.549, 5, 17434, 100
2026/09/29 11:46:35.549, 6, 17434, 100
2026/09/29 11:46:35.550, 7, 17434, 100
2026/09/29 11:46:36.550, 0, 17434, 100
2026/09/29 11:46:36.550, 1, 17434, 100
2026/09/29 11:46:36.550, 2, 17434, 100
2026/09/29 11:46:36.550, 3, 17434, 100
2026/09/29 11:46:36.550, 4, 17434, 100
2026/09/29 11:46:36.550, 5, 17434, 100
2026/09/29 11:46:36.550, 6, 17434, 100
2026/09/29 11:46:36.550, 7, 17434, 100
2026/09/29 11:46:37.550, 0, 17434, 100
2026/09/29 11:46:37.551, 1, 17434, 100
2026/09/29 11:46:37.551, 2, 17434, 100
2026/09/29 11:46:37.551, 3, 17434, 100
2026/09/29 11:46:37.551, 4, 17434, 100
2026/09/29 11:46:37.551, 5, 17434, 100
2026/09/29 11:46:37.551, 6, 17434, 100
2026/09/29 11:46:37.551, 7, 17434, 100
2026/09/29 11:46:38.551, 0, 17434, 100
2026/09/29 11:46:38.551, 1, 17434, 100
2026/09/29 11:46:38.551, 2, 17434, 100
2026/09/29 11:46:38.551, 3, 17434, 100
2026/09/29 11:46:38.551, 4, 17434, 100
2026/09/29 11:46:38.552, 5, 17434, 100
2026/09/29 11:46:38.552, 6, 17434, 100
2026/09/29 11:46:38.552, 7, 17434, 100
2026/09/29 11:46:39.552, 0, 17434, 100
2026/09/29 11:46:39.552, 1, 17434, 100
2026/09/29 11:46:39.552, 2, 17434, 100
2026/09/29 11:46:39.552, 3, 17434, 100
2026/09/29 11:46:39.552, 4, 17434, 100
2026/09/29 11:46:39.552, 5, 17434, 100
2026/09/29 11:46:39.552, 6, 17434, 100
2026/09/29 11:46:39.552, 7, 17434, 100
2026/09/29 11:46:40.552, 0, 17434, 100
2026/09/29 11:46:40.553, 1, 17434, 100
2026/09/29 11:46:40.553, 2, 17434, 100
2026/09/29 11:46:40.553, 3, 17434, 100
2026/09/29 11:46:40.553, 4, 17434, 100
2026/09/29 11:46:40.553, 5, 17434, 100
2026/09/29 11:46:40.553, 6, 17434, 100
2026/09/29 11:46:40.553, 7, 17434, 100
2026/09/29 11:46:41.553, 0, 17434, 100
2026/09/29 11:46:41.553, 1, 17434, 100
2026/09/29 11:46:41.553, 2, 17434, 100
2026/09/29 11:46:41.553, 3, 17434, 100
2026/09/29 11:46:41.553, 4, 17434, 100
2026/09/29 11:46:41.554, 5, 17434, 100
2026/09/29 11:46:41.554, 6, 17434, 100
2026/09/29 11:46:41.554, 7, 17434, 100
2026/09/29 11:46:42.554, 0, 17434, 100
2026/09/29 11:46:42.554, 1, 17434, 100
2026/09/29 11:46:42.554, 2, 17434, 100
2026/09/29 11:46:42.554, 3, 17434, 100
2026/09/29 11:46:42.554, 4, 17434, 100
2026/09/29 11:46:42.554, 5, 17434, 100
2026/09/29 11:46:42.554, 6, 17434, 100
2026/09/29 11:46:42.554, 7, 17434, 100
2026/09/29 11:46:43.554, 0, 17434, 100
2026/09/29 11:46:43.555, 1, 17434, 100
2026/09/29 11:46:43.555, 2, 17434, 100
2026/09/29 11:46:43.555, 3, 17434, 100
2026/09/29 11:46:43.555, 4, 17434, 100
2026/09/29 11:46:43.555, 5, 17434, 100
2026/09/29 11:46:43.555, 6, 17434, 100
2026/09/29 11:46:43.555, 7, 17434, 100
2026/09/29 11:46:44.555, 0, 17434, 100
2026/09/29 11:46:44.555, 1, 17434, 100
2026/09/29 11:46:44.555, 2, 17434, 100
2026/09/29 11:46:44.555, 3, 17434, 100
2026/09/29 11:46:44.555, 4, 17434, 99
2026/09/29 11:46:44.555, 5, 17434, 100
2026/09/29 11:46:44.555, 6, 17434, 100
2026/09/29 11:46:44.555, 7, 17434, 100
2026/09/29 11:46:45.556, 0, 17434, 100
2026/09/29 11:46:45.556, 1, 17434, 100
2026/09/29 11:46:45.556, 2, 17434, 100
2026/09/29 11:46:45.556, 3, 17434, 100
2026/09/29 11:46:45.556, 4, 17434, 100
2026/09/29 11:46:45.556, 5, 17434, 100
2026/09/29 11:46:45.556, 6, 17434, 100
2026/09/29 11:46:45.556, 7, 17434, 100
2026/09/29 11:46:46.556, 0, 17434, 100
2026/09/29 11:46:46.556, 1, 17434, 100
2026/09/29 11:46:46.556, 2, 17434, 100
2026/09/29 11:46:46.557, 3, 17434, 100
2026/09/29 11:46:46.557, 4, 17434, 100
2026/09/29 11:46:46.557, 5, 17434, 100
2026/09/29 11:46:46.557, 6, 17434, 100
2026/09/29 11:46:46.557, 7, 17434, 100
2026/09/29 11:46:47.557, 0, 17434, 100
2026/09/29 11:46:47.558, 1, 17434, 100
2026/09/29 11:46:47.558, 2, 17434, 100
2026/09/29 11:46:47.558, 3, 17434, 100
2026/09/29 11:46:47.558, 4, 17434, 100
2026/09/29 11:46:47.558, 5, 17434, 100
2026/09/29 11:46:47.558, 6, 17434, 100
2026/09/29 11:46:47.558, 7, 17434, 100
2026/09/29 11:46:48.558, 0, 17434, 100
2026/09/29 11:46:48.558, 1, 17434, 100
2026/09/29 11:46:48.558, 2, 17434, 100
2026/09/29 11:46:48.558, 3, 17434, 100
2026/09/29 11:46:48.558, 4, 17434, 100
2026/09/29 11:46:48.558, 5, 17434, 100
2026/09/29 11:46:48.558, 6, 17434, 100
2026/09/29 11:46:48.558, 7, 17434, 100
2026/09/29 11:46:49.559, 0, 17434, 100
2026/09/29 11:46:49.559, 1, 17434, 100
2026/09/29 11:46:49.559, 2, 17434, 100
2026/09/29 11:46:49.559, 3, 17434, 100
2026/09/29 11:46:49.559, 4, 17434, 95
2026/09/29 11:46:49.559, 5, 17434, 100
2026/09/29 11:46:49.559, 6, 17434, 100
2026/09/29 11:46:49.559, 7, 17434, 94
2026/09/29 11:46:50.559, 0, 17434, 100
2026/09/29 11:46:50.559, 1, 17434, 100
2026/09/29 11:46:50.559, 2, 17434, 100
2026/09/29 11:46:50.560, 3, 17434, 100
2026/09/29 11:46:50.560, 4, 17434, 100
2026/09/29 11:46:50.560, 5, 17434, 100
2026/09/29 11:46:50.560, 6, 17434, 100
2026/09/29 11:46:50.560, 7, 17434, 100
2026/09/29 11:46:51.560, 0, 17434, 100
2026/09/29 11:46:51.560, 1, 17434, 100
2026/09/29 11:46:51.560, 2, 17434, 100
2026/09/29 11:46:51.560, 3, 17434, 100
2026/09/29 11:46:51.560, 4, 17434, 100
2026/09/29 11:46:51.560, 5, 17434, 100
2026/09/29 11:46:51.560, 6, 17434, 100
2026/09/29 11:46:51.560, 7, 17434, 100
2026/09/29 11:46:52.561, 0, 17434, 100
2026/09/29 11:46:52.561, 1, 17434, 100
2026/09/29 11:46:52.561, 2, 17434, 100
2026/09/29 11:46:52.561, 3, 17434, 100
2026/09/29 11:46:52.561, 4, 17434, 100
2026/09/29 11:46:52.561, 5, 17434, 100
2026/09/29 11:46:52.561, 6, 17434, 100
2026/09/29 11:46:52.561, 7, 17434, 100
2026/09/29 11:46:53.561, 0, 17434, 100
2026/09/29 11:46:53.561, 1, 17434, 100
2026/09/29 11:46:53.561, 2, 17434, 100
2026/09/29 11:46:53.561, 3, 17434, 100
2026/09/29 11:46:53.562, 4, 17434, 100
2026/09/29 11:46:53.562, 5, 17434, 100
2026/09/29 11:46:53.562, 6, 17434, 100
2026/09/29 11:46:53.562, 7, 17434, 100
2026/09/29 11:46:54.562, 0, 17434, 100
2026/09/29 11:46:54.562, 1, 17434, 100
2026/09/29 11:46:54.562, 2, 17434, 100
2026/09/29 11:46:54.562, 3, 17434, 100
2026/09/29 11:46:54.562, 4, 17434, 100
2026/09/29 11:46:54.562, 5, 17434, 100
2026/09/29 11:46:54.562, 6, 17434, 100
2026/09/29 11:46:54.562, 7, 17434, 96
2026/09/29 11:46:55.563, 0, 17434, 100
2026/09/29 11:46:55.563, 1, 17434, 100
2026/09/29 11:46:55.563, 2, 17434, 100
2026/09/29 11:46:55.563, 3, 17434, 100
2026/09/29 11:46:55.563, 4, 17434, 100
2026/09/29 11:46:55.563, 5, 17434, 100
2026/09/29 11:46:55.563, 6, 17434, 100
2026/09/29 11:46:55.563, 7, 17434, 100
2026/09/29 11:46:56.563, 0, 17434, 100
2026/09/29 11:46:56.563, 1, 17434, 100
2026/09/29 11:46:56.563, 2, 17434, 100
2026/09/29 11:46:56.563, 3, 17434, 100
2026/09/29 11:46:56.563, 4, 17434, 100
2026/09/29 11:46:56.564, 5, 17434, 100
2026/09/29 11:46:56.564, 6, 17434, 100
2026/09/29 11:46:56.564, 7, 17434, 100
2026/09/29 11:46:57.564, 0, 17434, 100
2026/09/29 11:46:57.564, 1, 17434, 100
2026/09/29 11:46:57.564, 2, 17434, 100
2026/09/29 11:46:57.564, 3, 17434, 100
2026/09/29 11:46:57.564, 4, 17434, 100
2026/09/29 11:46:57.564, 5, 17434, 100
2026/09/29 11:46:57.564, 6, 17434, 100
2026/09/29 11:46:57.564, 7, 17434, 100
2026/09/29 11:46:58.564, 0, 17434, 100
2026/09/29 11:46:58.565, 1, 17434, 100
2026/09/29 11:46:58.565, 2, 17434, 100
2026/09/29 11:46:58.565, 3, 17434, 100
2026/09/29 11:46:58.565, 4, 17434, 100
2026/09/29 11:46:58.565, 5, 17434, 100
2026/09/29 11:46:58.565, 6, 17434, 100
2026/09/29 11:46:58.565, 7, 17434, 100
2026/09/29 11:46:59.565, 0, 17434, 100
2026/09/29 11:46:59.565, 1, 17434, 100
2026/09/29 11:46:59.565, 2, 17434, 100
2026/09/29 11:46:59.565, 3, 17434, 100
2026/09/29 11:46:59.565, 4, 17434, 100
2026/09/29 11:46:59.566, 5, 17434, 100
2026/09/29 11:46:59.566, 6, 17434, 100
2026/09/29 11:46:59.566, 7, 17434, 100
2026/09/29 11:47:00.566, 0, 17434, 100
2026/09/29 11:47:00.566, 1, 17434, 100
2026/09/29 11:47:00.566, 2, 17434, 100
2026/09/29 11:47:00.566, 3, 17434, 100
2026/09/29 11:47:00.566, 4, 17434, 100
2026/09/29 11:47:00.566, 5, 17434, 100
2026/09/29 11:47:00.566, 6, 17434, 100
2026/09/29 11:47:00.567, 7, 17434, 100
2026/09/29 11:47:01.567, 0, 17434, 100
2026/09/29 11:47:01.567, 1, 17434, 100
2026/09/29 11:47:01.567, 2, 17434, 100
2026/09/29 11:47:01.567, 3, 17434, 100
2026/09/29 11:47:01.567, 4, 17434, 100
2026/09/29 11:47:01.567, 5, 17434, 100
2026/09/29 11:47:01.567, 6, 17434, 100
2026/09/29 11:47:01.567, 7, 17434, 100
2026/09/29 11:47:02.567, 0, 17434, 100
2026/09/29 11:47:02.567, 1, 17434, 100
2026/09/29 11:47:02.567, 2, 17434, 100
2026/09/29 11:47:02.567, 3, 17434, 100
2026/09/29 11:47:02.567, 4, 17434, 100
2026/09/29 11:47:02.567, 5, 17434, 100
2026/09/29 11:47:02.568, 6, 17434, 100
2026/09/29 11:47:02.568, 7, 17434, 100
2026/09/29 11:47:03.568, 0, 17434, 100
2026/09/29 11:47:03.568, 1, 17434, 100
2026/09/29 11:47:03.568, 2, 17434, 100
2026/09/29 11:47:03.568, 3, 17434, 100
2026/09/29 11:47:03.568, 4, 17434, 100
2026/09/29 11:47:03.568, 5, 17434, 100
2026/09/29 11:47:03.568, 6, 17434, 100
2026/09/29 11:47:03.568, 7, 17434, 100
2026/09/29 11:47:04.568, 0, 17434, 100
2026/09/29 11:47:04.569, 1, 17434, 100
2026/09/29 11:47:04.569, 2, 17434, 100
2026/09/29 11:47:04.569, 3, 17434, 100
2026/09/29 11:47:04.569, 4, 17434, 100
2026/09/29 11:47:04.569, 5, 17434, 100
2026/09/29 11:47:04.569, 6, 17434, 100
2026/09/29 11:47:04.569, 7, 17434, 100
2026/09/29 11:47:05.569, 0, 17434, 100
2026/09/29 11:47:05.569, 1, 17434, 100
2026/09/29 11:47:05.569, 2, 17434, 100
2026/09/29 11:47:05.570, 3, 17434, 100
2026/09/29 11:47:05.570, 4, 17434, 100
2026/09/29 11:47:05.570, 5, 17434, 100
2026/09/29 11:47:05.570, 6, 17434, 100
2026/09/29 11:47:05.570, 7, 17434, 100
2026/09/29 11:47:06.570, 0, 17434, 100
2026/09/29 11:47:06.570, 1, 17434, 100
2026/09/29 11:47:06.570, 2, 17434, 100
2026/09/29 11:47:06.570, 3, 17434, 100
2026/09/29 11:47:06.570, 4, 17434, 100
2026/09/29 11:47:06.570, 5, 17434, 100
2026/09/29 11:47:06.570, 6, 17434, 100
2026/09/29 11:47:06.571, 7, 17434, 100
2026/09/29 11:47:07.571, 0, 17434, 100
2026/09/29 11:47:07.571, 1, 17434, 100
2026/09/29 11:47:07.571, 2, 17434, 100
2026/09/29 11:47:07.571, 3, 17434, 100
2026/09/29 11:47:07.571, 4, 17434, 100
2026/09/29 11:47:07.571, 5, 17434, 100
2026/09/29 11:47:07.571, 6, 17434, 100
2026/09/29 11:47:07.571, 7, 17434, 100
2026/09/29 11:47:08.571, 0, 17434, 100
2026/09/29 11:47:08.571, 1, 17434, 100
2026/09/29 11:47:08.571, 2, 17434, 100
2026/09/29 11:47:08.572, 3, 17434, 100
2026/09/29 11:47:08.572, 4, 17434, 100
2026/09/29 11:47:08.572, 5, 17434, 100
2026/09/29 11:47:08.572, 6, 17434, 100
2026/09/29 11:47:08.572, 7, 17434, 100
2026/09/29 11:47:09.572, 0, 17434, 100
2026/09/29 11:47:09.572, 1, 17434, 100
2026/09/29 11:47:09.572, 2, 17434, 100
2026/09/29 11:47:09.572, 3, 17434, 100
2026/09/29 11:47:09.572, 4, 17434, 100
2026/09/29 11:47:09.572, 5, 17434, 97
2026/09/29 11:47:09.572, 6, 17434, 100
2026/09/29 11:47:09.572, 7, 17434, 100
2026/09/29 11:47:10.573, 0, 17434, 100
2026/09/29 11:47:10.573, 1, 17434, 100
2026/09/29 11:47:10.573, 2, 17434, 100
2026/09/29 11:47:10.573, 3, 17434, 100
2026/09/29 11:47:10.573, 4, 17434, 100
2026/09/29 11:47:10.573, 5, 17434, 99
2026/09/29 11:47:10.573, 6, 17434, 100
2026/09/29 11:47:10.573, 7, 17434, 100
2026/09/29 11:47:11.573, 0, 17434, 100
2026/09/29 11:47:11.573, 1, 17434, 100
2026/09/29 11:47:11.573, 2, 17434, 100
2026/09/29 11:47:11.573, 3, 17434, 100
2026/09/29 11:47:11.574, 4, 17434, 100
2026/09/29 11:47:11.574, 5, 17434, 100
2026/09/29 11:47:11.574, 6, 17434, 100
2026/09/29 11:47:11.574, 7, 17434, 100
2026/09/29 11:47:12.574, 0, 17434, 100
2026/09/29 11:47:12.574, 1, 17434, 100
2026/09/29 11:47:12.574, 2, 17434, 100
2026/09/29 11:47:12.574, 3, 17434, 100
2026/09/29 11:47:12.574, 4, 17434, 100
2026/09/29 11:47:12.574, 5, 17434, 100
2026/09/29 11:47:12.574, 6, 17434, 100
2026/09/29 11:47:12.574, 7, 17434, 100
2026/09/29 11:47:13.574, 0, 17434, 99
2026/09/29 11:47:13.575, 1, 17434, 100
2026/09/29 11:47:13.575, 2, 17434, 100
2026/09/29 11:47:13.575, 3, 17434, 100
2026/09/29 11:47:13.575, 4, 17434, 100
2026/09/29 11:47:13.575, 5, 17434, 100
2026/09/29 11:47:13.575, 6, 17434, 100
2026/09/29 11:47:13.575, 7, 17434, 100
2026/09/29 11:47:14.575, 0, 17434, 100
2026/09/29 11:47:14.575, 1, 17434, 100
2026/09/29 11:47:14.575, 2, 17434, 100
2026/09/29 11:47:14.575, 3, 17434, 100
2026/09/29 11:47:14.575, 4, 17434, 100
2026/09/29 11:47:14.575, 5, 17434, 93
2026/09/29 11:47:14.576, 6, 17434, 100
2026/09/29 11:47:14.576, 7, 17434, 100
2026/09/29 11:47:15.576, 0, 17434, 100
2026/09/29 11:47:15.576, 1, 17434, 100
2026/09/29 11:47:15.576, 2, 17434, 100
2026/09/29 11:47:15.576, 3, 17434, 100
2026/09/29 11:47:15.576, 4, 17434, 100
2026/09/29 11:47:15.576, 5, 17434, 100
2026/09/29 11:47:15.576, 6, 17434, 100
2026/09/29 11:47:15.576, 7, 17434, 100
2026/09/29 11:47:16.576, 0, 17434, 100
2026/09/29 11:47:16.576, 1, 17434, 100
2026/09/29 11:47:16.577, 2, 17434, 100
2026/09/29 11:47:16.577, 3, 17434, 100
2026/09/29 11:47:16.577, 4, 17434, 100
2026/09/29 11:47:16.577, 5, 17434, 100
2026/09/29 11:47:16.577, 6, 17434, 100
2026/09/29 11:47:16.577, 7, 17434, 100
2026/09/29 11:47:17.577, 0, 17434, 100
2026/09/29 11:47:17.577, 1, 17434, 100
2026/09/29 11:47:17.577, 2, 17434, 100
2026/09/29 11:47:17.577, 3, 17434, 100
2026/09/29 11:47:17.577, 4, 17434, 100
2026/09/29 11:47:17.577, 5, 17434, 100
2026/09/29 11:47:17.577, 6, 17434, 100
2026/09/29 11:47:17.578, 7, 17434, 100
2026/09/29 11:47:18.578, 0, 17434, 100
2026/09/29 11:47:18.578, 1, 17434, 100
2026/09/29 11:47:18.578, 2, 17434, 100
2026/09/29 11:47:18.578, 3, 17434, 100
2026/09/29 11:47:18.578, 4, 17434, 100
2026/09/29 11:47:18.578, 5, 17434, 100
2026/09/29 11:47:18.578, 6, 17434, 100
2026/09/29 11:47:18.578, 7, 17434, 99
2026/09/29 11:47:19.578, 0, 17434, 99
2026/09/29 11:47:19.578, 1, 17434, 96
2026/09/29 11:47:19.579, 2, 17434, 95
2026/09/29 11:47:19.579, 3, 17434, 100
2026/09/29 11:47:19.579, 4, 17434, 100
2026/09/29 11:47:19.579, 5, 17434, 100
2026/09/29 11:47:19.579, 6, 17434, 100
2026/09/29 11:47:19.579, 7, 17434, 100
2026/09/29 11:47:20.579, 0, 17434, 100
2026/09/29 11:47:20.579, 1, 17434, 100
2026/09/29 11:47:20.579, 2, 17434, 100
2026/09/29 11:47:20.579, 3, 17434, 100
2026/09/29 11:47:20.579, 4, 17434, 100
2026/09/29 11:47:20.579, 5, 17434, 100
2026/09/29 11:47:20.579, 6, 17434, 100
2026/09/29 11:47:20.579, 7, 17434, 100
2026/09/29 11:47:21.580, 0, 17434, 100
2026/09/29 11:47:21.580, 1, 17434, 100
2026/09/29 11:47:21.580, 2, 17434, 100
2026/09/29 11:47:21.580, 3, 17434, 100
2026/09/29 11:47:21.580, 4, 17434, 100
2026/09/29 11:47:21.580, 5, 17434, 100
2026/09/29 11:47:21.580, 6, 17434, 100
2026/09/29 11:47:21.580, 7, 17434, 100
2026/09/29 11:47:22.581, 0, 17434, 100
2026/09/29 11:47:22.582, 1, 17434, 100
2026/09/29 11:47:22.582, 2, 17434, 100
2026/09/29 11:47:22.582, 3, 17434, 100
2026/09/29 11:47:22.582, 4, 17434, 100
2026/09/29 11:47:22.582, 5, 17434, 100
2026/09/29 11:47:22.582, 6, 17434, 100
2026/09/29 11:47:22.582, 7, 17434, 100
2026/09/29 11:47:23.582, 0, 17434, 100
2026/09/29 11:47:23.582, 1, 17434, 100
2026/09/29 11:47:23.582, 2, 17434, 100
2026/09/29 11:47:23.582, 3, 17434, 100
2026/09/29 11:47:23.582, 4, 17434, 100
2026/09/29 11:47:23.582, 5, 17434, 100
2026/09/29 11:47:23.582, 6, 17434, 100
2026/09/29 11:47:23.582, 7, 17434, 100
2026/09/29 11:47:24.583, 0, 17434, 93
2026/09/29 11:47:24.583, 1, 17434, 93
2026/09/29 11:47:24.583, 2, 17434, 99
2026/09/29 11:47:24.583, 3, 17434, 100
2026/09/29 11:47:24.583, 4, 17434, 100
2026/09/29 11:47:24.583, 5, 17434, 100
2026/09/29 11:47:24.583, 6, 17434, 100
2026/09/29 11:47:24.583, 7, 17434, 100
2026/09/29 11:47:25.583, 0, 17434, 0
2026/09/29 11:47:25.583, 1, 17434, 100
2026/09/29 11:47:25.584, 2, 17434, 100
2026/09/29 11:47:25.584, 3, 17434, 100
2026/09/29 11:47:25.584, 4, 17434, 100
2026/09/29 11:47:25.584, 5, 17434, 100
2026/09/29 11:47:25.584, 6, 17434, 100
2026/09/29 11:47:25.584, 7, 17434, 100
2026/09/29 11:47:26.584, 0, 17434, 99
2026/09/29 11:47:26.584, 1, 17434, 99
2026/09/29 11:47:26.584, 2, 17434, 96
2026/09/29 11:47:26.584, 3, 17434, 100
2026/09/29 11:47:26.584, 4, 17434, 49
2026/09/29 11:47:26.584, 5, 17434, 96
2026/09/29 11:47:26.584, 6, 17434, 100
2026/09/29 11:47:26.584, 7, 17434, 81
2026/09/29 11:47:27.585, 0, 17434, 100
2026/09/29 11:47:27.585, 1, 17434, 100
2026/09/29 11:47:27.586, 2, 17434, 100
2026/09/29 11:47:27.586, 3, 17434, 100
2026/09/29 11:47:27.586, 4, 17434, 100
2026/09/29 11:47:27.586, 5, 17434, 100
2026/09/29 11:47:27.586, 6, 17434, 100
2026/09/29 11:47:27.586, 7, 17434, 100
2026/09/29 11:47:28.586, 0, 17434, 100
2026/09/29 11:47:28.586, 1, 17434, 100
2026/09/29 11:47:28.586, 2, 17434, 100
2026/09/29 11:47:28.586, 3, 17434, 100
2026/09/29 11:47:28.586, 4, 17434, 100
2026/09/29 11:47:28.586, 5, 17434, 100
2026/09/29 11:47:28.586, 6, 17434, 100
2026/09/29 11:47:28.586, 7, 17434, 100
2026/09/29 11:47:29.587, 0, 17434, 100
2026/09/29 11:47:29.587, 1, 17434, 100
2026/09/29 11:47:29.587, 2, 17434, 100
2026/09/29 11:47:29.587, 3, 17434, 100
2026/09/29 11:47:29.587, 4, 17434, 100
2026/09/29 11:47:29.587, 5, 17434, 100
2026/09/29 11:47:29.587, 6, 17434, 100
2026/09/29 11:47:29.587, 7, 17434, 100
2026/09/29 11:47:30.587, 0, 17434, 100
2026/09/29 11:47:30.587, 1, 17434, 100
2026/09/29 11:47:30.587, 2, 17434, 100
2026/09/29 11:47:30.587, 3, 17434, 100
2026/09/29 11:47:30.587, 4, 17434, 100
2026/09/29 11:47:30.587, 5, 17434, 100
2026/09/29 11:47:30.587, 6, 17434, 100
2026/09/29 11:47:30.588, 7, 17434, 100
2026/09/29 11:47:31.588, 0, 17434, 97
2026/09/29 11:47:31.588, 1, 17434, 98
2026/09/29 11:47:31.588, 2, 17434, 100
2026/09/29 11:47:31.588, 3, 17434, 96
2026/09/29 11:47:31.588, 4, 17434, 100
2026/09/29 11:47:31.588, 5, 17434, 100
2026/09/29 11:47:31.588, 6, 17434, 100
2026/09/29 11:47:31.588, 7, 17434, 100
2026/09/29 11:47:32.588, 0, 17434, 100
2026/09/29 11:47:32.588, 1, 17434, 100
2026/09/29 11:47:32.588, 2, 17434, 100
2026/09/29 11:47:32.588, 3, 17434, 100
2026/09/29 11:47:32.588, 4, 17434, 100
2026/09/29 11:47:32.589, 5, 17434, 100
2026/09/29 11:47:32.589, 6, 17434, 100
2026/09/29 11:47:32.589, 7, 17434, 100
2026/09/29 11:47:33.589, 0, 17434, 100
2026/09/29 11:47:33.589, 1, 17434, 100
2026/09/29 11:47:33.589, 2, 17434, 100
2026/09/29 11:47:33.589, 3, 17434, 100
2026/09/29 11:47:33.589, 4, 17434, 100
2026/09/29 11:47:33.589, 5, 17434, 100
2026/09/29 11:47:33.589, 6, 17434, 100
2026/09/29 11:47:33.589, 7, 17434, 100
2026/09/29 11:47:34.589, 0, 17434, 100
2026/09/29 11:47:34.589, 1, 17434, 100
2026/09/29 11:47:34.589, 2, 17434, 100
2026/09/29 11:47:34.590, 3, 17434, 100
2026/09/29 11:47:34.590, 4, 17434, 100
2026/09/29 11:47:34.590, 5, 17434, 99
2026/09/29 11:47:34.590, 6, 17434, 100
2026/09/29 11:47:34.590, 7, 17434, 100
2026/09/29 11:47:35.590, 0, 17434, 100
2026/09/29 11:47:35.590, 1, 17434, 100
2026/09/29 11:47:35.590, 2, 17434, 100
2026/09/29 11:47:35.590, 3, 17434, 100
2026/09/29 11:47:35.590, 4, 17434, 100
2026/09/29 11:47:35.590, 5, 17434, 100
2026/09/29 11:47:35.590, 6, 17434, 100
2026/09/29 11:47:35.590, 7, 17434, 100
2026/09/29 11:47:36.590, 0, 17434, 100
2026/09/29 11:47:36.591, 1, 17434, 100
2026/09/29 11:47:36.591, 2, 17434, 100
2026/09/29 11:47:36.591, 3, 17434, 97
2026/09/29 11:47:36.591, 4, 17434, 100
2026/09/29 11:47:36.591, 5, 17434, 100
2026/09/29 11:47:36.591, 6, 17434, 96
2026/09/29 11:47:36.591, 7, 17434, 100
2026/09/29 11:47:37.591, 0, 17434, 100
2026/09/29 11:47:37.591, 1, 17434, 100
2026/09/29 11:47:37.591, 2, 17434, 100
2026/09/29 11:47:37.591, 3, 17434, 100
2026/09/29 11:47:37.591, 4, 17434, 100
2026/09/29 11:47:37.591, 5, 17434, 100
2026/09/29 11:47:37.591, 6, 17434, 100
2026/09/29 11:47:37.591, 7, 17434, 100
2026/09/29 11:47:38.591, 0, 17434, 100
2026/09/29 11:47:38.591, 1, 17434, 100
2026/09/29 11:47:38.591, 2, 17434, 100
2026/09/29 11:47:38.591, 3, 17434, 100
2026/09/29 11:47:38.591, 4, 17434, 100
2026/09/29 11:47:38.592, 5, 17434, 100
2026/09/29 11:47:38.592, 6, 17434, 100
2026/09/29 11:47:38.592, 7, 17434, 100
2026/09/29 11:47:39.592, 0, 17434, 100
2026/09/29 11:47:39.592, 1, 17434, 100
2026/09/29 11:47:39.592, 2, 17434, 100
2026/09/29 11:47:39.592, 3, 17434, 100
2026/09/29 11:47:39.592, 4, 17434, 100
2026/09/29 11:47:39.592, 5, 17434, 100
2026/09/29 11:47:39.592, 6, 17434, 100
2026/09/29 11:47:39.592, 7, 17434, 100
2026/09/29 11:47:40.592, 0, 17434, 100
2026/09/29 11:47:40.592, 1, 17434, 100
2026/09/29 11:47:40.593, 2, 17434, 100
2026/09/29 11:47:40.593, 3, 17434, 100
2026/09/29 11:47:40.593, 4, 17434, 100
2026/09/29 11:47:40.593, 5, 17434, 100
2026/09/29 11:47:40.593, 6, 17434, 100
2026/09/29 11:47:40.593, 7, 17434, 100
2026/09/29 11:47:41.593, 0, 17434, 100
2026/09/29 11:47:41.593, 1, 17434, 100
2026/09/29 11:47:41.593, 2, 17434, 100
2026/09/29 11:47:41.593, 3, 17434, 100
2026/09/29 11:47:41.593, 4, 17434, 100
2026/09/29 11:47:41.593, 5, 17434, 100
2026/09/29 11:47:41.593, 6, 17434, 97
2026/09/29 11:47:41.593, 7, 17434, 100
2026/09/29 11:47:42.593, 0, 17434, 100
2026/09/29 11:47:42.594, 1, 17434, 100
2026/09/29 11:47:42.594, 2, 17434, 100
2026/09/29 11:47:42.594, 3, 17434, 100
2026/09/29 11:47:42.594, 4, 17434, 100
2026/09/29 11:47:42.594, 5, 17434, 100
2026/09/29 11:47:42.594, 6, 17434, 100
2026/09/29 11:47:42.594, 7, 17434, 100
2026/09/29 11:47:43.594, 0, 17434, 100
2026/09/29 11:47:43.594, 1, 17434, 100
2026/09/29 11:47:43.594, 2, 17434, 100
2026/09/29 11:47:43.594, 3, 17434, 100
2026/09/29 11:47:43.594, 4, 17434, 100
2026/09/29 11:47:43.594, 5, 17434, 100
2026/09/29 11:47:43.594, 6, 17434, 100
2026/09/29 11:47:43.595, 7, 17434, 100
2026/09/29 11:47:44.595, 0, 17434, 100
2026/09/29 11:47:44.595, 1, 17434, 100
2026/09/29 11:47:44.595, 2, 17434, 100
2026/09/29 11:47:44.595, 3, 17434, 100
2026/09/29 11:47:44.595, 4, 17434, 100
2026/09/29 11:47:44.595, 5, 17434, 100
2026/09/29 11:47:44.595, 6, 17434, 100
2026/09/29 11:47:44.595, 7, 17434, 100
2026/09/29 11:47:45.595, 0, 17434, 100
2026/09/29 11:47:45.595, 1, 17434, 100
2026/09/29 11:47:45.595, 2, 17434, 100
2026/09/29 11:47:45.595, 3, 17434, 100
2026/09/29 11:47:45.596, 4, 17434, 100
2026/09/29 11:47:45.596, 5, 17434, 100
2026/09/29 11:47:45.596, 6, 17434, 100
2026/09/29 11:47:45.596, 7, 17434, 100
2026/09/29 11:47:46.596, 0, 17434, 100
2026/09/29 11:47:46.596, 1, 17434, 100
2026/09/29 11:47:46.596, 2, 17434, 100
2026/09/29 11:47:46.596, 3, 17434, 100
2026/09/29 11:47:46.596, 4, 17434, 100
2026/09/29 11:47:46.596, 5, 17434, 100
2026/09/29 11:47:46.596, 6, 17434, 100
2026/09/29 11:47:46.596, 7, 17434, 100
2026/09/29 11:47:47.596, 0, 17434, 100
2026/09/29 11:47:47.597, 1, 17434, 100
2026/09/29 11:47:47.597, 2, 17434, 100
2026/09/29 11:47:47.597, 3, 17434, 100
2026/09/29 11:47:47.597, 4, 17434, 100
2026/09/29 11:47:47.597, 5, 17434, 100
2026/09/29 11:47:47.597, 6, 17434, 100
2026/09/29 11:47:47.597, 7, 17434, 100
2026/09/29 11:47:48.597, 0, 17434, 100
2026/09/29 11:47:48.597, 1, 17434, 100
2026/09/29 11:47:48.597, 2, 17434, 100
2026/09/29 11:47:48.597, 3, 17434, 100
2026/09/29 11:47:48.597, 4, 17434, 100
2026/09/29 11:47:48.597, 5, 17434, 100
2026/09/29 11:47:48.597, 6, 17434, 100
2026/09/29 11:47:48.597, 7, 17434, 100
2026/09/29 11:47:49.598, 0, 17434, 100
2026/09/29 11:47:49.598, 1, 17434, 100
2026/09/29 11:47:49.598, 2, 17434, 100
2026/09/29 11:47:49.598, 3, 17434, 100
2026/09/29 11:47:49.598, 4, 17434, 100
2026/09/29 11:47:49.598, 5, 17434, 100
2026/09/29 11:47:49.598, 6, 17434, 100
2026/09/29 11:47:49.598, 7, 17434, 100
2026/09/29 11:47:50.598, 0, 17434, 100
2026/09/29 11:47:50.598, 1, 17434, 100
2026/09/29 11:47:50.598, 2, 17434, 100
2026/09/29 11:47:50.598, 3, 17434, 100
2026/09/29 11:47:50.598, 4, 17434, 100
2026/09/29 11:47:50.598, 5, 17434, 100
2026/09/29 11:47:50.599, 6, 17434, 100
2026/09/29 11:47:50.599, 7, 17434, 100
2026/09/29 11:47:51.599, 0, 17434, 100
2026/09/29 11:47:51.599, 1, 17434, 100
2026/09/29 11:47:51.599, 2, 17434, 100
2026/09/29 11:47:51.599, 3, 17434, 100
2026/09/29 11:47:51.599, 4, 17434, 100
2026/09/29 11:47:51.599, 5, 17434, 100
2026/09/29 11:47:51.599, 6, 17434, 100
2026/09/29 11:47:51.599, 7, 17434, 100
2026/09/29 11:47:52.599, 0, 17434, 100
2026/09/29 11:47:52.599, 1, 17434, 100
2026/09/29 11:47:52.599, 2, 17434, 100
2026/09/29 11:47:52.600, 3, 17434, 100
2026/09/29 11:47:52.600, 4, 17434, 100
2026/09/29 11:47:52.600, 5, 17434, 100
2026/09/29 11:47:52.600, 6, 17434, 100
2026/09/29 11:47:52.600, 7, 17434, 100
2026/09/29 11:47:53.600, 0, 17434, 100
2026/09/29 11:47:53.600, 1, 17434, 100
2026/09/29 11:47:53.600, 2, 17434, 100
2026/09/29 11:47:53.600, 3, 17434, 100
2026/09/29 11:47:53.600, 4, 17434, 100
2026/09/29 11:47:53.600, 5, 17434, 100
2026/09/29 11:47:53.600, 6, 17434, 100
2026/09/29 11:47:53.600, 7, 17434, 100
2026/09/29 11:47:54.600, 0, 17434, 100
2026/09/29 11:47:54.601, 1, 17434, 100
2026/09/29 11:47:54.601, 2, 17434, 100
2026/09/29 11:47:54.601, 3, 17434, 100
2026/09/29 11:47:54.601, 4, 17434, 100
2026/09/29 11:47:54.601, 5, 17434, 100
2026/09/29 11:47:54.601, 6, 17434, 100
2026/09/29 11:47:54.601, 7, 17434, 100
2026/09/29 11:47:55.601, 0, 17434, 100
2026/09/29 11:47:55.601, 1, 17434, 100
2026/09/29 11:47:55.601, 2, 17434, 100
2026/09/29 11:47:55.601, 3, 17434, 100
2026/09/29 11:47:55.601, 4, 17434, 100
2026/09/29 11:47:55.601, 5, 17434, 100
2026/09/29 11:47:55.601, 6, 17434, 100
2026/09/29 11:47:55.601, 7, 17434, 100
2026/09/29 11:47:56.602, 0, 17434, 100
2026/09/29 11:47:56.602, 1, 17434, 100
2026/09/29 11:47:56.602, 2, 17434, 100
2026/09/29 11:47:56.602, 3, 17434, 100
2026/09/29 11:47:56.602, 4, 17434, 100
2026/09/29 11:47:56.602, 5, 17434, 100
2026/09/29 11:47:56.602, 6, 17434, 100
2026/09/29 11:47:56.602, 7, 17434, 100
2026/09/29 11:47:57.602, 0, 17434, 100
2026/09/29 11:47:57.603, 1, 17434, 100
2026/09/29 11:47:57.603, 2, 17434, 100
2026/09/29 11:47:57.603, 3, 17434, 100
2026/09/29 11:47:57.603, 4, 17434, 98
2026/09/29 11:47:57.603, 5, 17434, 100
2026/09/29 11:47:57.603, 6, 17434, 100
2026/09/29 11:47:57.603, 7, 17434, 99
2026/09/29 11:47:58.603, 0, 17434, 100
2026/09/29 11:47:58.603, 1, 17434, 100
2026/09/29 11:47:58.603, 2, 17434, 100
2026/09/29 11:47:58.603, 3, 17434, 100
2026/09/29 11:47:58.603, 4, 17434, 100
2026/09/29 11:47:58.604, 5, 17434, 100
2026/09/29 11:47:58.604, 6, 17434, 100
2026/09/29 11:47:58.604, 7, 17434, 100
2026/09/29 11:47:59.604, 0, 17434, 100
2026/09/29 11:47:59.604, 1, 17434, 100
2026/09/29 11:47:59.604, 2, 17434, 100
2026/09/29 11:47:59.604, 3, 17434, 100
2026/09/29 11:47:59.604, 4, 17434, 100
2026/09/29 11:47:59.604, 5, 17434, 100
2026/09/29 11:47:59.604, 6, 17434, 100
2026/09/29 11:47:59.604, 7, 17434, 100
2026/09/29 11:48:00.604, 0, 17434, 100
2026/09/29 11:48:00.604, 1, 17434, 100
2026/09/29 11:48:00.604, 2, 17434, 100
2026/09/29 11:48:00.605, 3, 17434, 100
2026/09/29 11:48:00.605, 4, 17434, 100
2026/09/29 11:48:00.605, 5, 17434, 100
2026/09/29 11:48:00.605, 6, 17434, 100
2026/09/29 11:48:00.605, 7, 17434, 100
2026/09/29 11:48:01.605, 0, 17434, 100
2026/09/29 11:48:01.605, 1, 17434, 100
2026/09/29 11:48:01.605, 2, 17434, 100
2026/09/29 11:48:01.605, 3, 17434, 100
2026/09/29 11:48:01.605, 4, 17434, 100
2026/09/29 11:48:01.605, 5, 17434, 100
2026/09/29 11:48:01.605, 6, 17434, 100
2026/09/29 11:48:01.605, 7, 17434, 100
2026/09/29 11:48:02.605, 0, 17434, 100
2026/09/29 11:48:02.606, 1, 17434, 100
2026/09/29 11:48:02.606, 2, 17434, 100
2026/09/29 11:48:02.606, 3, 17434, 100
2026/09/29 11:48:02.606, 4, 17434, 97
2026/09/29 11:48:02.606, 5, 17434, 100
2026/09/29 11:48:02.606, 6, 17434, 100
2026/09/29 11:48:02.606, 7, 17434, 95
2026/09/29 11:48:03.606, 0, 17434, 100
2026/09/29 11:48:03.606, 1, 17434, 100
2026/09/29 11:48:03.606, 2, 17434, 100
2026/09/29 11:48:03.606, 3, 17434, 100
2026/09/29 11:48:03.606, 4, 17434, 100
2026/09/29 11:48:03.606, 5, 17434, 100
2026/09/29 11:48:03.606, 6, 17434, 100
2026/09/29 11:48:03.606, 7, 17434, 100
2026/09/29 11:48:04.607, 0, 17434, 100
2026/09/29 11:48:04.607, 1, 17434, 100
2026/09/29 11:48:04.607, 2, 17434, 100
2026/09/29 11:48:04.607, 3, 17434, 100
2026/09/29 11:48:04.607, 4, 17434, 100
2026/09/29 11:48:04.607, 5, 17434, 100
2026/09/29 11:48:04.607, 6, 17434, 100
2026/09/29 11:48:04.607, 7, 17434, 100
2026/09/29 11:48:05.607, 0, 17434, 100
2026/09/29 11:48:05.607, 1, 17434, 100
2026/09/29 11:48:05.607, 2, 17434, 100
2026/09/29 11:48:05.607, 3, 17434, 100
2026/09/29 11:48:05.607, 4, 17434, 100
2026/09/29 11:48:05.607, 5, 17434, 100
2026/09/29 11:48:05.607, 6, 17434, 100
2026/09/29 11:48:05.608, 7, 17434, 100
2026/09/29 11:48:06.608, 0, 17434, 100
2026/09/29 11:48:06.608, 1, 17434, 100
2026/09/29 11:48:06.608, 2, 17434, 100
2026/09/29 11:48:06.608, 3, 17434, 100
2026/09/29 11:48:06.608, 4, 17434, 100
2026/09/29 11:48:06.608, 5, 17434, 100
2026/09/29 11:48:06.608, 6, 17434, 100
2026/09/29 11:48:06.608, 7, 17434, 100
2026/09/29 11:48:07.608, 0, 17434, 100
2026/09/29 11:48:07.608, 1, 17434, 100
2026/09/29 11:48:07.608, 2, 17434, 100
2026/09/29 11:48:07.608, 3, 17434, 100
2026/09/29 11:48:07.609, 4, 17434, 100
2026/09/29 11:48:07.609, 5, 17434, 100
2026/09/29 11:48:07.609, 6, 17434, 100
2026/09/29 11:48:07.609, 7, 17434, 95
2026/09/29 11:48:08.609, 0, 17434, 100
2026/09/29 11:48:08.609, 1, 17434, 100
2026/09/29 11:48:08.609, 2, 17434, 100
2026/09/29 11:48:08.609, 3, 17434, 100
2026/09/29 11:48:08.609, 4, 17434, 100
2026/09/29 11:48:08.609, 5, 17434, 100
2026/09/29 11:48:08.609, 6, 17434, 100
2026/09/29 11:48:08.609, 7, 17434, 99
2026/09/29 11:48:09.609, 0, 17434, 100
2026/09/29 11:48:09.610, 1, 17434, 100
2026/09/29 11:48:09.610, 2, 17434, 100
2026/09/29 11:48:09.610, 3, 17434, 100
2026/09/29 11:48:09.610, 4, 17434, 100
2026/09/29 11:48:09.610, 5, 17434, 100
2026/09/29 11:48:09.610, 6, 17434, 100
2026/09/29 11:48:09.610, 7, 17434, 100
2026/09/29 11:48:10.610, 0, 17434, 100
2026/09/29 11:48:10.610, 1, 17434, 100
2026/09/29 11:48:10.610, 2, 17434, 100
2026/09/29 11:48:10.610, 3, 17434, 100
2026/09/29 11:48:10.610, 4, 17434, 100
2026/09/29 11:48:10.610, 5, 17434, 100
2026/09/29 11:48:10.610, 6, 17434, 100
2026/09/29 11:48:10.610, 7, 17434, 100
2026/09/29 11:48:11.611, 0, 17434, 100
2026/09/29 11:48:11.611, 1, 17434, 100
2026/09/29 11:48:11.611, 2, 17434, 100
2026/09/29 11:48:11.611, 3, 17434, 100
2026/09/29 11:48:11.611, 4, 17434, 100
2026/09/29 11:48:11.611, 5, 17434, 100
2026/09/29 11:48:11.611, 6, 17434, 100
2026/09/29 11:48:11.611, 7, 17434, 100
2026/09/29 11:48:12.611, 0, 17434, 100
2026/09/29 11:48:12.611, 1, 17434, 100
2026/09/29 11:48:12.611, 2, 17434, 100
2026/09/29 11:48:12.611, 3, 17434, 100
2026/09/29 11:48:12.611, 4, 17434, 100
2026/09/29 11:48:12.611, 5, 17434, 100
2026/09/29 11:48:12.612, 6, 17434, 100
2026/09/29 11:48:12.612, 7, 17434, 100
2026/09/29 11:48:13.612, 0, 17434, 100
2026/09/29 11:48:13.612, 1, 17434, 100
2026/09/29 11:48:13.612, 2, 17434, 100
2026/09/29 11:48:13.612, 3, 17434, 100
2026/09/29 11:48:13.612, 4, 17434, 100
2026/09/29 11:48:13.612, 5, 17434, 100
2026/09/29 11:48:13.612, 6, 17434, 100
2026/09/29 11:48:13.612, 7, 17434, 100
2026/09/29 11:48:14.612, 0, 17434, 100
2026/09/29 11:48:14.612, 1, 17434, 100
2026/09/29 11:48:14.612, 2, 17434, 100
2026/09/29 11:48:14.612, 3, 17434, 100
2026/09/29 11:48:14.613, 4, 17434, 100
2026/09/29 11:48:14.613, 5, 17434, 100
2026/09/29 11:48:14.613, 6, 17434, 100
2026/09/29 11:48:14.613, 7, 17434, 100
2026/09/29 11:48:15.613, 0, 17434, 100
2026/09/29 11:48:15.613, 1, 17434, 100
2026/09/29 11:48:15.613, 2, 17434, 100
2026/09/29 11:48:15.613, 3, 17434, 100
2026/09/29 11:48:15.613, 4, 17434, 100
2026/09/29 11:48:15.613, 5, 17434, 100
2026/09/29 11:48:15.613, 6, 17434, 100
2026/09/29 11:48:15.613, 7, 17434, 100
2026/09/29 11:48:16.614, 0, 17434, 100
2026/09/29 11:48:16.614, 1, 17434, 100
2026/09/29 11:48:16.614, 2, 17434, 100
2026/09/29 11:48:16.614, 3, 17434, 100
2026/09/29 11:48:16.614, 4, 17434, 100
2026/09/29 11:48:16.614, 5, 17434, 100
2026/09/29 11:48:16.614, 6, 17434, 100
2026/09/29 11:48:16.614, 7, 17434, 100
2026/09/29 11:48:17.614, 0, 17434, 100
2026/09/29 11:48:17.614, 1, 17434, 100
2026/09/29 11:48:17.614, 2, 17434, 100
2026/09/29 11:48:17.614, 3, 17434, 100
2026/09/29 11:48:17.615, 4, 17434, 100
2026/09/29 11:48:17.615, 5, 17434, 100
2026/09/29 11:48:17.615, 6, 17434, 100
2026/09/29 11:48:17.615, 7, 17434, 100
2026/09/29 11:48:18.615, 0, 17434, 100
2026/09/29 11:48:18.615, 1, 17434, 100
2026/09/29 11:48:18.615, 2, 17434, 100
2026/09/29 11:48:18.615, 3, 17434, 100
2026/09/29 11:48:18.615, 4, 17434, 100
2026/09/29 11:48:18.615, 5, 17434, 100
2026/09/29 11:48:18.615, 6, 17434, 100
2026/09/29 11:48:18.615, 7, 17434, 100
2026/09/29 11:48:19.615, 0, 17434, 100
2026/09/29 11:48:19.615, 1, 17434, 100
2026/09/29 11:48:19.616, 2, 17434, 100
2026/09/29 11:48:19.616, 3, 17434, 100
2026/09/29 11:48:19.616, 4, 17434, 100
2026/09/29 11:48:19.616, 5, 17434, 100
2026/09/29 11:48:19.616, 6, 17434, 100
2026/09/29 11:48:19.616, 7, 17434, 100
2026/09/29 11:48:20.616, 0, 17434, 100
2026/09/29 11:48:20.616, 1, 17434, 100
2026/09/29 11:48:20.616, 2, 17434, 100
2026/09/29 11:48:20.616, 3, 17434, 100
2026/09/29 11:48:20.616, 4, 17434, 100
2026/09/29 11:48:20.616, 5, 17434, 100
2026/09/29 11:48:20.616, 6, 17434, 100
2026/09/29 11:48:20.616, 7, 17434, 100
2026/09/29 11:48:21.617, 0, 17434, 100
2026/09/29 11:48:21.621, 1, 17434, 100
2026/09/29 11:48:21.621, 2, 17434, 100
2026/09/29 11:48:21.628, 3, 17434, 100
2026/09/29 11:48:21.629, 4, 17434, 100
2026/09/29 11:48:21.635, 5, 17434, 100
2026/09/29 11:48:21.636, 6, 17434, 100
2026/09/29 11:48:21.643, 7, 17434, 100
2026/09/29 11:48:22.644, 0, 17434, 100
2026/09/29 11:48:22.644, 1, 17434, 95
2026/09/29 11:48:22.645, 2, 17434, 95
2026/09/29 11:48:22.645, 3, 17434, 100
2026/09/29 11:48:22.645, 4, 17434, 100
2026/09/29 11:48:22.645, 5, 17434, 95
2026/09/29 11:48:22.645, 6, 17434, 100
2026/09/29 11:48:22.645, 7, 17434, 100
2026/09/29 11:48:23.645, 0, 17434, 100
2026/09/29 11:48:23.645, 1, 17434, 100
2026/09/29 11:48:23.645, 2, 17434, 100
2026/09/29 11:48:23.645, 3, 17434, 100
2026/09/29 11:48:23.645, 4, 17434, 100
2026/09/29 11:48:23.645, 5, 17434, 100
2026/09/29 11:48:23.645, 6, 17434, 100
2026/09/29 11:48:23.645, 7, 17434, 100
2026/09/29 11:48:24.646, 0, 17434, 100
2026/09/29 11:48:24.646, 1, 17434, 100
2026/09/29 11:48:24.646, 2, 17434, 100
2026/09/29 11:48:24.646, 3, 17434, 100
2026/09/29 11:48:24.646, 4, 17434, 100
2026/09/29 11:48:24.646, 5, 17434, 100
2026/09/29 11:48:24.646, 6, 17434, 100
2026/09/29 11:48:24.646, 7, 17434, 100
2026/09/29 11:48:25.646, 0, 17434, 100
2026/09/29 11:48:25.646, 1, 17434, 100
2026/09/29 11:48:25.646, 2, 17434, 100
2026/09/29 11:48:25.646, 3, 17434, 100
2026/09/29 11:48:25.646, 4, 17434, 100
2026/09/29 11:48:25.646, 5, 17434, 100
2026/09/29 11:48:25.646, 6, 17434, 100
2026/09/29 11:48:25.647, 7, 17434, 100
2026/09/29 11:48:26.647, 0, 17434, 100
2026/09/29 11:48:26.647, 1, 17434, 100
2026/09/29 11:48:26.647, 2, 17434, 100
2026/09/29 11:48:26.647, 3, 17434, 100
2026/09/29 11:48:26.647, 4, 17434, 100
2026/09/29 11:48:26.647, 5, 17434, 100
2026/09/29 11:48:26.647, 6, 17434, 100
2026/09/29 11:48:26.647, 7, 17434, 100
2026/09/29 11:48:27.647, 0, 17434, 95
2026/09/29 11:48:27.647, 1, 17434, 100
2026/09/29 11:48:27.647, 2, 17434, 100
2026/09/29 11:48:27.647, 3, 17434, 95
2026/09/29 11:48:27.648, 4, 17434, 100
2026/09/29 11:48:27.648, 5, 17434, 100
2026/09/29 11:48:27.648, 6, 17434, 100
2026/09/29 11:48:27.648, 7, 17434, 100
2026/09/29 11:48:28.648, 0, 17434, 100
2026/09/29 11:48:28.648, 1, 17434, 100
2026/09/29 11:48:28.648, 2, 17434, 100
2026/09/29 11:48:28.648, 3, 17434, 100
2026/09/29 11:48:28.648, 4, 17434, 100
2026/09/29 11:48:28.648, 5, 17434, 100
2026/09/29 11:48:28.648, 6, 17434, 100
2026/09/29 11:48:28.648, 7, 17434, 100
2026/09/29 11:48:29.648, 0, 17434, 100
2026/09/29 11:48:29.648, 1, 17434, 100
2026/09/29 11:48:29.649, 2, 17434, 100
2026/09/29 11:48:29.649, 3, 17434, 100
2026/09/29 11:48:29.649, 4, 17434, 100
2026/09/29 11:48:29.649, 5, 17434, 100
2026/09/29 11:48:29.649, 6, 17434, 100
2026/09/29 11:48:29.649, 7, 17434, 100
2026/09/29 11:48:30.649, 0, 17434, 100
2026/09/29 11:48:30.649, 1, 17434, 100
2026/09/29 11:48:30.649, 2, 17434, 100
2026/09/29 11:48:30.649, 3, 17434, 100
2026/09/29 11:48:30.649, 4, 17434, 100
2026/09/29 11:48:30.649, 5, 17434, 100
2026/09/29 11:48:30.649, 6, 17434, 100
2026/09/29 11:48:30.649, 7, 17434, 100
2026/09/29 11:48:31.649, 0, 17434, 100
2026/09/29 11:48:31.650, 1, 17434, 100
2026/09/29 11:48:31.650, 2, 17434, 100
2026/09/29 11:48:31.650, 3, 17434, 100
2026/09/29 11:48:31.650, 4, 17434, 100
2026/09/29 11:48:31.650, 5, 17434, 100
2026/09/29 11:48:31.650, 6, 17434, 100
2026/09/29 11:48:31.650, 7, 17434, 100
2026/09/29 11:48:32.650, 0, 17434, 100
2026/09/29 11:48:32.651, 1, 17434, 100
2026/09/29 11:48:32.651, 2, 17434, 100
2026/09/29 11:48:32.651, 3, 17434, 100
2026/09/29 11:48:32.651, 4, 17434, 100
2026/09/29 11:48:32.651, 5, 17434, 100
2026/09/29 11:48:32.651, 6, 17434, 95
2026/09/29 11:48:32.651, 7, 17434, 100
2026/09/29 11:48:33.651, 0, 17434, 100
2026/09/29 11:48:33.651, 1, 17434, 100
2026/09/29 11:48:33.651, 2, 17434, 100
2026/09/29 11:48:33.651, 3, 17434, 100
2026/09/29 11:48:33.651, 4, 17434, 100
2026/09/29 11:48:33.651, 5, 17434, 100
2026/09/29 11:48:33.651, 6, 17434, 100
2026/09/29 11:48:33.651, 7, 17434, 100
2026/09/29 11:48:34.652, 0, 17434, 100
2026/09/29 11:48:34.652, 1, 17434, 100
2026/09/29 11:48:34.652, 2, 17434, 100
2026/09/29 11:48:34.652, 3, 17434, 100
2026/09/29 11:48:34.652, 4, 17434, 100
2026/09/29 11:48:34.652, 5, 17434, 100
2026/09/29 11:48:34.652, 6, 17434, 100
2026/09/29 11:48:34.652, 7, 17434, 100
2026/09/29 11:48:35.652, 0, 17434, 100
2026/09/29 11:48:35.652, 1, 17434, 100
2026/09/29 11:48:35.652, 2, 17434, 100
2026/09/29 11:48:35.652, 3, 17434, 100
2026/09/29 11:48:35.652, 4, 17434, 100
2026/09/29 11:48:35.652, 5, 17434, 100
2026/09/29 11:48:35.653, 6, 17434, 100
2026/09/29 11:48:35.653, 7, 17434, 100
2026/09/29 11:48:36.653, 0, 17434, 100
2026/09/29 11:48:36.653, 1, 17434, 100
2026/09/29 11:48:36.654, 2, 17434, 100
2026/09/29 11:48:36.654, 3, 17434, 100
2026/09/29 11:48:36.654, 4, 17434, 100
2026/09/29 11:48:36.654, 5, 17434, 100
2026/09/29 11:48:36.654, 6, 17434, 100
2026/09/29 11:48:36.654, 7, 17434, 100
2026/09/29 11:48:37.654, 0, 17434, 100
2026/09/29 11:48:37.654, 1, 17434, 100
2026/09/29 11:48:37.654, 2, 17434, 100
2026/09/29 11:48:37.654, 3, 17434, 100
2026/09/29 11:48:37.654, 4, 17434, 100
2026/09/29 11:48:37.654, 5, 17434, 100
2026/09/29 11:48:37.655, 6, 17434, 100
2026/09/29 11:48:37.655, 7, 17434, 100
2026/09/29 11:48:38.655, 0, 17434, 100
2026/09/29 11:48:38.655, 1, 17434, 100
2026/09/29 11:48:38.655, 2, 17434, 100
2026/09/29 11:48:38.655, 3, 17434, 100
2026/09/29 11:48:38.655, 4, 17434, 100
2026/09/29 11:48:38.655, 5, 17434, 100
2026/09/29 11:48:38.655, 6, 17434, 100
2026/09/29 11:48:38.655, 7, 17434, 100
2026/09/29 11:48:39.655, 0, 17434, 100
2026/09/29 11:48:39.655, 1, 17434, 100
2026/09/29 11:48:39.655, 2, 17434, 100
2026/09/29 11:48:39.656, 3, 17434, 100
2026/09/29 11:48:39.656, 4, 17434, 100
2026/09/29 11:48:39.656, 5, 17434, 100
2026/09/29 11:48:39.656, 6, 17434, 100
2026/09/29 11:48:39.656, 7, 17434, 100
2026/09/29 11:48:40.656, 0, 17434, 100
2026/09/29 11:48:40.656, 1, 17434, 100
2026/09/29 11:48:40.656, 2, 17434, 100
2026/09/29 11:48:40.657, 3, 17434, 100
2026/09/29 11:48:40.657, 4, 17434, 100
2026/09/29 11:48:40.657, 5, 17434, 100
2026/09/29 11:48:40.657, 6, 17434, 100
2026/09/29 11:48:40.657, 7, 17434, 100
2026/09/29 11:48:41.657, 0, 17434, 100
2026/09/29 11:48:41.658, 1, 17434, 100
2026/09/29 11:48:41.658, 2, 17434, 100
2026/09/29 11:48:41.658, 3, 17434, 100
2026/09/29 11:48:41.658, 4, 17434, 100
2026/09/29 11:48:41.658, 5, 17434, 100
2026/09/29 11:48:41.658, 6, 17434, 100
2026/09/29 11:48:41.658, 7, 17434, 100
2026/09/29 11:48:42.659, 0, 17434, 100
2026/09/29 11:48:42.659, 1, 17434, 100
2026/09/29 11:48:42.659, 2, 17434, 100
2026/09/29 11:48:42.659, 3, 17434, 100
2026/09/29 11:48:42.659, 4, 17434, 100
2026/09/29 11:48:42.659, 5, 17434, 100
2026/09/29 11:48:42.659, 6, 17434, 100
2026/09/29 11:48:42.659, 7, 17434, 100
2026/09/29 11:48:43.659, 0, 17434, 100
2026/09/29 11:48:43.659, 1, 17434, 100
2026/09/29 11:48:43.659, 2, 17434, 100
2026/09/29 11:48:43.659, 3, 17434, 100
2026/09/29 11:48:43.659, 4, 17434, 100
2026/09/29 11:48:43.659, 5, 17434, 100
2026/09/29 11:48:43.659, 6, 17434, 100
2026/09/29 11:48:43.660, 7, 17434, 100
2026/09/29 11:48:44.660, 0, 17434, 100
2026/09/29 11:48:44.660, 1, 17434, 100
2026/09/29 11:48:44.660, 2, 17434, 100
2026/09/29 11:48:44.660, 3, 17434, 100
2026/09/29 11:48:44.660, 4, 17434, 100
2026/09/29 11:48:44.660, 5, 17434, 100
2026/09/29 11:48:44.660, 6, 17434, 100
2026/09/29 11:48:44.660, 7, 17434, 100
2026/09/29 11:48:45.660, 0, 17434, 100
2026/09/29 11:48:45.660, 1, 17434, 100
2026/09/29 11:48:45.660, 2, 17434, 100
2026/09/29 11:48:45.660, 3, 17434, 100
2026/09/29 11:48:45.660, 4, 17434, 100
2026/09/29 11:48:45.661, 5, 17434, 100
2026/09/29 11:48:45.661, 6, 17434, 100
2026/09/29 11:48:45.661, 7, 17434, 100
2026/09/29 11:48:46.661, 0, 17434, 100
2026/09/29 11:48:46.661, 1, 17434, 100
2026/09/29 11:48:46.661, 2, 17434, 100
2026/09/29 11:48:46.661, 3, 17434, 100
2026/09/29 11:48:46.662, 4, 17434, 100
2026/09/29 11:48:46.662, 5, 17434, 100
2026/09/29 11:48:46.662, 6, 17434, 100
2026/09/29 11:48:46.662, 7, 17434, 100
2026/09/29 11:48:47.662, 0, 17434, 100
2026/09/29 11:48:47.662, 1, 17434, 100
2026/09/29 11:48:47.662, 2, 17434, 100
2026/09/29 11:48:47.662, 3, 17434, 100
2026/09/29 11:48:47.662, 4, 17434, 98
2026/09/29 11:48:47.662, 5, 17434, 100
2026/09/29 11:48:47.662, 6, 17434, 100
2026/09/29 11:48:47.662, 7, 17434, 100
2026/09/29 11:48:48.662, 0, 17434, 100
2026/09/29 11:48:48.663, 1, 17434, 100
2026/09/29 11:48:48.663, 2, 17434, 100
2026/09/29 11:48:48.663, 3, 17434, 100
2026/09/29 11:48:48.663, 4, 17434, 100
2026/09/29 11:48:48.663, 5, 17434, 100
2026/09/29 11:48:48.663, 6, 17434, 100
2026/09/29 11:48:48.663, 7, 17434, 100
2026/09/29 11:48:49.663, 0, 17434, 100
2026/09/29 11:48:49.663, 1, 17434, 100
2026/09/29 11:48:49.663, 2, 17434, 100
2026/09/29 11:48:49.663, 3, 17434, 100
2026/09/29 11:48:49.663, 4, 17434, 100
2026/09/29 11:48:49.663, 5, 17434, 100
2026/09/29 11:48:49.663, 6, 17434, 100
2026/09/29 11:48:49.663, 7, 17434, 100
2026/09/29 11:48:50.664, 0, 17434, 100
2026/09/29 11:48:50.664, 1, 17434, 100
2026/09/29 11:48:50.664, 2, 17434, 100
2026/09/29 11:48:50.664, 3, 17434, 100
2026/09/29 11:48:50.664, 4, 17434, 100
2026/09/29 11:48:50.664, 5, 17434, 100
2026/09/29 11:48:50.664, 6, 17434, 100
2026/09/29 11:48:50.664, 7, 17434, 100
2026/09/29 11:48:51.664, 0, 17434, 100
2026/09/29 11:48:51.664, 1, 17434, 100
2026/09/29 11:48:51.664, 2, 17434, 100
2026/09/29 11:48:51.664, 3, 17434, 100
2026/09/29 11:48:51.664, 4, 17434, 100
2026/09/29 11:48:51.664, 5, 17434, 100
2026/09/29 11:48:51.665, 6, 17434, 100
2026/09/29 11:48:51.665, 7, 17434, 100
2026/09/29 11:48:52.665, 0, 17434, 100
2026/09/29 11:48:52.665, 1, 17434, 100
2026/09/29 11:48:52.665, 2, 17434, 100
2026/09/29 11:48:52.665, 3, 17434, 100
2026/09/29 11:48:52.665, 4, 17434, 96
2026/09/29 11:48:52.665, 5, 17434, 100
2026/09/29 11:48:52.665, 6, 17434, 100
2026/09/29 11:48:52.665, 7, 17434, 100
2026/09/29 11:48:53.665, 0, 17434, 100
2026/09/29 11:48:53.665, 1, 17434, 100
2026/09/29 11:48:53.665, 2, 17434, 100
2026/09/29 11:48:53.665, 3, 17434, 100
2026/09/29 11:48:53.665, 4, 17434, 100
2026/09/29 11:48:53.666, 5, 17434, 100
2026/09/29 11:48:53.666, 6, 17434, 100
2026/09/29 11:48:53.666, 7, 17434, 100
2026/09/29 11:48:54.666, 0, 17434, 100
2026/09/29 11:48:54.666, 1, 17434, 100
2026/09/29 11:48:54.666, 2, 17434, 100
2026/09/29 11:48:54.666, 3, 17434, 100
2026/09/29 11:48:54.666, 4, 17434, 100
2026/09/29 11:48:54.666, 5, 17434, 100
2026/09/29 11:48:54.666, 6, 17434, 100
2026/09/29 11:48:54.666, 7, 17434, 100
2026/09/29 11:48:55.666, 0, 17434, 100
2026/09/29 11:48:55.666, 1, 17434, 100
2026/09/29 11:48:55.666, 2, 17434, 100
2026/09/29 11:48:55.666, 3, 17434, 100
2026/09/29 11:48:55.666, 4, 17434, 100
2026/09/29 11:48:55.666, 5, 17434, 100
2026/09/29 11:48:55.666, 6, 17434, 100
2026/09/29 11:48:55.666, 7, 17434, 100
2026/09/29 11:48:56.666, 0, 17434, 100
2026/09/29 11:48:56.667, 1, 17434, 100
2026/09/29 11:48:56.667, 2, 17434, 100
2026/09/29 11:48:56.667, 3, 17434, 100
2026/09/29 11:48:56.667, 4, 17434, 100
2026/09/29 11:48:56.667, 5, 17434, 100
2026/09/29 11:48:56.667, 6, 17434, 100
2026/09/29 11:48:56.667, 7, 17434, 100
2026/09/29 11:48:57.668, 0, 17434, 100
2026/09/29 11:48:57.668, 1, 17434, 100
2026/09/29 11:48:57.668, 2, 17434, 100
2026/09/29 11:48:57.668, 3, 17434, 100
2026/09/29 11:48:57.668, 4, 17434, 100
2026/09/29 11:48:57.668, 5, 17434, 100
2026/09/29 11:48:57.668, 6, 17434, 100
2026/09/29 11:48:57.668, 7, 17434, 100
2026/09/29 11:48:58.668, 0, 17434, 100
2026/09/29 11:48:58.668, 1, 17434, 100
2026/09/29 11:48:58.668, 2, 17434, 100
2026/09/29 11:48:58.668, 3, 17434, 100
2026/09/29 11:48:58.668, 4, 17434, 100
2026/09/29 11:48:58.668, 5, 17434, 100
2026/09/29 11:48:58.668, 6, 17434, 100
2026/09/29 11:48:58.668, 7, 17434, 94
2026/09/29 11:48:59.668, 0, 17434, 100
2026/09/29 11:48:59.669, 1, 17434, 100
2026/09/29 11:48:59.669, 2, 17434, 100
2026/09/29 11:48:59.669, 3, 17434, 100
2026/09/29 11:48:59.669, 4, 17434, 100
2026/09/29 11:48:59.669, 5, 17434, 100
2026/09/29 11:48:59.669, 6, 17434, 100
2026/09/29 11:48:59.669, 7, 17434, 100
2026/09/29 11:49:00.669, 0, 17434, 100
2026/09/29 11:49:00.669, 1, 17434, 100
2026/09/29 11:49:00.669, 2, 17434, 100
2026/09/29 11:49:00.669, 3, 17434, 100
2026/09/29 11:49:00.669, 4, 17434, 100
2026/09/29 11:49:00.669, 5, 17434, 100
2026/09/29 11:49:00.669, 6, 17434, 100
2026/09/29 11:49:00.669, 7, 17434, 100
2026/09/29 11:49:01.670, 0, 17434, 100
2026/09/29 11:49:01.670, 1, 17434, 100
2026/09/29 11:49:01.670, 2, 17434, 100
2026/09/29 11:49:01.670, 3, 17434, 100
2026/09/29 11:49:01.670, 4, 17434, 100
2026/09/29 11:49:01.670, 5, 17434, 100
2026/09/29 11:49:01.670, 6, 17434, 100
2026/09/29 11:49:01.670, 7, 17434, 100
2026/09/29 11:49:02.670, 0, 17434, 100
2026/09/29 11:49:02.670, 1, 17434, 100
2026/09/29 11:49:02.670, 2, 17434, 100
2026/09/29 11:49:02.670, 3, 17434, 100
2026/09/29 11:49:02.670, 4, 17434, 100
2026/09/29 11:49:02.671, 5, 17434, 100
2026/09/29 11:49:02.671, 6, 17434, 100
2026/09/29 11:49:02.671, 7, 17434, 100
2026/09/29 11:49:03.671, 0, 17434, 100
2026/09/29 11:49:03.671, 1, 17434, 100
2026/09/29 11:49:03.671, 2, 17434, 100
2026/09/29 11:49:03.671, 3, 17434, 100
2026/09/29 11:49:03.671, 4, 17434, 100
2026/09/29 11:49:03.671, 5, 17434, 100
2026/09/29 11:49:03.671, 6, 17434, 100
2026/09/29 11:49:03.671, 7, 17434, 100
2026/09/29 11:49:04.671, 0, 17434, 100
2026/09/29 11:49:04.671, 1, 17434, 100
2026/09/29 11:49:04.671, 2, 17434, 100
2026/09/29 11:49:04.672, 3, 17434, 100
2026/09/29 11:49:04.672, 4, 17434, 100
2026/09/29 11:49:04.672, 5, 17434, 100
2026/09/29 11:49:04.672, 6, 17434, 100
2026/09/29 11:49:04.672, 7, 17434, 100
2026/09/29 11:49:05.672, 0, 17434, 100
2026/09/29 11:49:05.672, 1, 17434, 100
2026/09/29 11:49:05.672, 2, 17434, 100
2026/09/29 11:49:05.672, 3, 17434, 100
2026/09/29 11:49:05.672, 4, 17434, 100
2026/09/29 11:49:05.672, 5, 17434, 100
2026/09/29 11:49:05.672, 6, 17434, 100
2026/09/29 11:49:05.672, 7, 17434, 100
2026/09/29 11:49:06.672, 0, 17434, 100
2026/09/29 11:49:06.673, 1, 17434, 100
2026/09/29 11:49:06.673, 2, 17434, 100
2026/09/29 11:49:06.673, 3, 17434, 100
2026/09/29 11:49:06.673, 4, 17434, 100
2026/09/29 11:49:06.673, 5, 17434, 100
2026/09/29 11:49:06.673, 6, 17434, 100
2026/09/29 11:49:06.673, 7, 17434, 100
2026/09/29 11:49:07.673, 0, 17434, 100
2026/09/29 11:49:07.673, 1, 17434, 100
2026/09/29 11:49:07.673, 2, 17434, 100
2026/09/29 11:49:07.673, 3, 17434, 100
2026/09/29 11:49:07.673, 4, 17434, 100
2026/09/29 11:49:07.673, 5, 17434, 100
2026/09/29 11:49:07.673, 6, 17434, 100
2026/09/29 11:49:07.674, 7, 17434, 100
2026/09/29 11:49:08.674, 0, 17434, 100
2026/09/29 11:49:08.674, 1, 17434, 100
2026/09/29 11:49:08.674, 2, 17434, 100
2026/09/29 11:49:08.674, 3, 17434, 100
2026/09/29 11:49:08.674, 4, 17434, 100
2026/09/29 11:49:08.674, 5, 17434, 100
2026/09/29 11:49:08.674, 6, 17434, 100
2026/09/29 11:49:08.674, 7, 17434, 100
2026/09/29 11:49:09.674, 0, 17434, 100
2026/09/29 11:49:09.674, 1, 17434, 100
2026/09/29 11:49:09.674, 2, 17434, 100
2026/09/29 11:49:09.674, 3, 17434, 100
2026/09/29 11:49:09.675, 4, 17434, 100
2026/09/29 11:49:09.675, 5, 17434, 100
2026/09/29 11:49:09.675, 6, 17434, 100
2026/09/29 11:49:09.675, 7, 17434, 100
2026/09/29 11:49:10.675, 0, 17434, 100
2026/09/29 11:49:10.675, 1, 17434, 100
2026/09/29 11:49:10.675, 2, 17434, 100
2026/09/29 11:49:10.675, 3, 17434, 100
2026/09/29 11:49:10.675, 4, 17434, 100
2026/09/29 11:49:10.675, 5, 17434, 100
2026/09/29 11:49:10.675, 6, 17434, 100
2026/09/29 11:49:10.675, 7, 17434, 100
2026/09/29 11:49:11.675, 0, 17434, 100
2026/09/29 11:49:11.675, 1, 17434, 100
2026/09/29 11:49:11.676, 2, 17434, 100
2026/09/29 11:49:11.676, 3, 17434, 100
2026/09/29 11:49:11.676, 4, 17434, 100
2026/09/29 11:49:11.676, 5, 17434, 100
2026/09/29 11:49:11.676, 6, 17434, 100
2026/09/29 11:49:11.676, 7, 17434, 100
2026/09/29 11:49:12.676, 0, 17434, 100
2026/09/29 11:49:12.676, 1, 17434, 100
2026/09/29 11:49:12.676, 2, 17434, 100
2026/09/29 11:49:12.676, 3, 17434, 100
2026/09/29 11:49:12.676, 4, 17434, 100
2026/09/29 11:49:12.676, 5, 17434, 100
2026/09/29 11:49:12.677, 6, 17434, 100
2026/09/29 11:49:12.677, 7, 17434, 100
2026/09/29 11:49:13.677, 0, 17434, 100
2026/09/29 11:49:13.677, 1, 17434, 100
2026/09/29 11:49:13.677, 2, 17434, 98
2026/09/29 11:49:13.677, 3, 17434, 100
2026/09/29 11:49:13.677, 4, 17434, 100
2026/09/29 11:49:13.677, 5, 17434, 98
2026/09/29 11:49:13.677, 6, 17434, 100
2026/09/29 11:49:13.677, 7, 17434, 100
2026/09/29 11:49:14.677, 0, 17434, 100
2026/09/29 11:49:14.677, 1, 17434, 100
2026/09/29 11:49:14.677, 2, 17434, 100
2026/09/29 11:49:14.677, 3, 17434, 100
2026/09/29 11:49:14.678, 4, 17434, 100
2026/09/29 11:49:14.678, 5, 17434, 100
2026/09/29 11:49:14.678, 6, 17434, 100
2026/09/29 11:49:14.678, 7, 17434, 100
2026/09/29 11:49:15.678, 0, 17434, 100
2026/09/29 11:49:15.678, 1, 17434, 100
2026/09/29 11:49:15.678, 2, 17434, 100
2026/09/29 11:49:15.678, 3, 17434, 100
2026/09/29 11:49:15.678, 4, 17434, 100
2026/09/29 11:49:15.678, 5, 17434, 100
2026/09/29 11:49:15.678, 6, 17434, 100
2026/09/29 11:49:15.678, 7, 17434, 100
2026/09/29 11:49:16.678, 0, 17434, 100
2026/09/29 11:49:16.679, 1, 17434, 100
2026/09/29 11:49:16.679, 2, 17434, 100
2026/09/29 11:49:16.679, 3, 17434, 100
2026/09/29 11:49:16.679, 4, 17434, 100
2026/09/29 11:49:16.679, 5, 17434, 100
2026/09/29 11:49:16.679, 6, 17434, 100
2026/09/29 11:49:16.679, 7, 17434, 100
2026/09/29 11:49:17.680, 0, 17434, 100
2026/09/29 11:49:17.680, 1, 17434, 100
2026/09/29 11:49:17.680, 2, 17434, 100
2026/09/29 11:49:17.680, 3, 17434, 100
2026/09/29 11:49:17.680, 4, 17434, 100
2026/09/29 11:49:17.680, 5, 17434, 100
2026/09/29 11:49:17.680, 6, 17434, 100
2026/09/29 11:49:17.680, 7, 17434, 100
2026/09/29 11:49:18.680, 0, 17434, 100
2026/09/29 11:49:18.680, 1, 17434, 95
2026/09/29 11:49:18.680, 2, 17434, 96
2026/09/29 11:49:18.680, 3, 17434, 100
2026/09/29 11:49:18.680, 4, 17434, 100
2026/09/29 11:49:18.680, 5, 17434, 95
2026/09/29 11:49:18.680, 6, 17434, 100
2026/09/29 11:49:18.680, 7, 17434, 100
2026/09/29 11:49:19.681, 0, 17434, 100
2026/09/29 11:49:19.681, 1, 17434, 100
2026/09/29 11:49:19.681, 2, 17434, 100
2026/09/29 11:49:19.681, 3, 17434, 100
2026/09/29 11:49:19.681, 4, 17434, 100
2026/09/29 11:49:19.681, 5, 17434, 100
2026/09/29 11:49:19.681, 6, 17434, 100
2026/09/29 11:49:19.681, 7, 17434, 100
2026/09/29 11:49:20.681, 0, 17434, 100
2026/09/29 11:49:20.681, 1, 17434, 100
2026/09/29 11:49:20.681, 2, 17434, 100
2026/09/29 11:49:20.681, 3, 17434, 100
2026/09/29 11:49:20.681, 4, 17434, 100
2026/09/29 11:49:20.682, 5, 17434, 100
2026/09/29 11:49:20.682, 6, 17434, 100
2026/09/29 11:49:20.682, 7, 17434, 100
2026/09/29 11:49:21.682, 0, 17434, 100
2026/09/29 11:49:21.682, 1, 17434, 100
2026/09/29 11:49:21.682, 2, 17434, 100
2026/09/29 11:49:21.682, 3, 17434, 100
2026/09/29 11:49:21.682, 4, 17434, 100
2026/09/29 11:49:21.682, 5, 17434, 100
2026/09/29 11:49:21.682, 6, 17434, 100
2026/09/29 11:49:21.682, 7, 17434, 100
2026/09/29 11:49:22.682, 0, 17434, 100
2026/09/29 11:49:22.682, 1, 17434, 100
2026/09/29 11:49:22.683, 2, 17434, 100
2026/09/29 11:49:22.683, 3, 17434, 100
2026/09/29 11:49:22.683, 4, 17434, 100
2026/09/29 11:49:22.683, 5, 17434, 100
2026/09/29 11:49:22.683, 6, 17434, 100
2026/09/29 11:49:22.683, 7, 17434, 100
2026/09/29 11:49:23.683, 0, 17434, 95
2026/09/29 11:49:23.683, 1, 17434, 100
2026/09/29 11:49:23.683, 2, 17434, 100
2026/09/29 11:49:23.683, 3, 17434, 96
2026/09/29 11:49:23.683, 4, 17434, 100
2026/09/29 11:49:23.683, 5, 17434, 100
2026/09/29 11:49:23.683, 6, 17434, 100
2026/09/29 11:49:23.683, 7, 17434, 100
2026/09/29 11:49:24.683, 0, 17434, 100
2026/09/29 11:49:24.684, 1, 17434, 100
2026/09/29 11:49:24.684, 2, 17434, 100
2026/09/29 11:49:24.684, 3, 17434, 100
2026/09/29 11:49:24.684, 4, 17434, 100
2026/09/29 11:49:24.684, 5, 17434, 100
2026/09/29 11:49:24.684, 6, 17434, 100
2026/09/29 11:49:24.684, 7, 17434, 100
2026/09/29 11:49:25.684, 0, 17434, 100
2026/09/29 11:49:25.684, 1, 17434, 100
2026/09/29 11:49:25.684, 2, 17434, 100
2026/09/29 11:49:25.684, 3, 17434, 100
2026/09/29 11:49:25.684, 4, 17434, 100
2026/09/29 11:49:25.684, 5, 17434, 100
2026/09/29 11:49:25.684, 6, 17434, 100
2026/09/29 11:49:25.684, 7, 17434, 100
2026/09/29 11:49:26.685, 0, 17434, 100
2026/09/29 11:49:26.685, 1, 17434, 100
2026/09/29 11:49:26.685, 2, 17434, 100
2026/09/29 11:49:26.685, 3, 17434, 100
2026/09/29 11:49:26.685, 4, 17434, 100
2026/09/29 11:49:26.685, 5, 17434, 100
2026/09/29 11:49:26.685, 6, 17434, 100
2026/09/29 11:49:26.685, 7, 17434, 100
2026/09/29 11:49:27.685, 0, 17434, 100
2026/09/29 11:49:27.685, 1, 17434, 100
2026/09/29 11:49:27.685, 2, 17434, 100
2026/09/29 11:49:27.685, 3, 17434, 100
2026/09/29 11:49:27.685, 4, 17434, 100
2026/09/29 11:49:27.686, 5, 17434, 100
2026/09/29 11:49:27.686, 6, 17434, 100
2026/09/29 11:49:27.686, 7, 17434, 100
2026/09/29 11:49:28.686, 0, 17434, 100
2026/09/29 11:49:28.686, 1, 17434, 100
2026/09/29 11:49:28.686, 2, 17434, 100
2026/09/29 11:49:28.686, 3, 17434, 100
2026/09/29 11:49:28.686, 4, 17434, 100
2026/09/29 11:49:28.686, 5, 17434, 100
2026/09/29 11:49:28.686, 6, 17434, 98
2026/09/29 11:49:28.686, 7, 17434, 100
2026/09/29 11:49:29.686, 0, 17434, 100
2026/09/29 11:49:29.687, 1, 17434, 100
2026/09/29 11:49:29.687, 2, 17434, 100
2026/09/29 11:49:29.687, 3, 17434, 100
2026/09/29 11:49:29.687, 4, 17434, 100
2026/09/29 11:49:29.687, 5, 17434, 100
2026/09/29 11:49:29.687, 6, 17434, 100
2026/09/29 11:49:29.687, 7, 17434, 100
2026/09/29 11:49:30.687, 0, 17434, 100
2026/09/29 11:49:30.687, 1, 17434, 100
2026/09/29 11:49:30.687, 2, 17434, 100
2026/09/29 11:49:30.687, 3, 17434, 99
2026/09/29 11:49:30.687, 4, 17434, 100
2026/09/29 11:49:30.687, 5, 17434, 100
2026/09/29 11:49:30.687, 6, 17434, 100
2026/09/29 11:49:30.687, 7, 17434, 100
2026/09/29 11:49:31.688, 0, 17434, 100
2026/09/29 11:49:31.688, 1, 17434, 100
2026/09/29 11:49:31.688, 2, 17434, 100
2026/09/29 11:49:31.688, 3, 17434, 100
2026/09/29 11:49:31.688, 4, 17434, 100
2026/09/29 11:49:31.688, 5, 17434, 100
2026/09/29 11:49:31.688, 6, 17434, 100
2026/09/29 11:49:31.688, 7, 17434, 100
2026/09/29 11:49:32.688, 0, 17434, 100
2026/09/29 11:49:32.688, 1, 17434, 100
2026/09/29 11:49:32.688, 2, 17434, 100
2026/09/29 11:49:32.688, 3, 17434, 100
2026/09/29 11:49:32.688, 4, 17434, 100
2026/09/29 11:49:32.688, 5, 17434, 100
2026/09/29 11:49:32.688, 6, 17434, 100
2026/09/29 11:49:32.689, 7, 17434, 100
2026/09/29 11:49:33.689, 0, 17434, 100
2026/09/29 11:49:33.689, 1, 17434, 100
2026/09/29 11:49:33.689, 2, 17434, 100
2026/09/29 11:49:33.689, 3, 17434, 100
2026/09/29 11:49:33.689, 4, 17434, 100
2026/09/29 11:49:33.689, 5, 17434, 100
2026/09/29 11:49:33.689, 6, 17434, 99
2026/09/29 11:49:33.689, 7, 17434, 100
2026/09/29 11:49:34.689, 0, 17434, 100
2026/09/29 11:49:34.690, 1, 17434, 100
2026/09/29 11:49:34.690, 2, 17434, 100
2026/09/29 11:49:34.690, 3, 17434, 100
2026/09/29 11:49:34.690, 4, 17434, 100
2026/09/29 11:49:34.690, 5, 17434, 100
2026/09/29 11:49:34.690, 6, 17434, 100
2026/09/29 11:49:34.690, 7, 17434, 100
2026/09/29 11:49:35.690, 0, 17434, 100
2026/09/29 11:49:35.690, 1, 17434, 100
2026/09/29 11:49:35.690, 2, 17434, 100
2026/09/29 11:49:35.690, 3, 17434, 100
2026/09/29 11:49:35.690, 4, 17434, 100
2026/09/29 11:49:35.690, 5, 17434, 100
2026/09/29 11:49:35.690, 6, 17434, 100
2026/09/29 11:49:35.690, 7, 17434, 100
2026/09/29 11:49:36.691, 0, 17434, 100
2026/09/29 11:49:36.691, 1, 17434, 100
2026/09/29 11:49:36.691, 2, 17434, 100
2026/09/29 11:49:36.691, 3, 17434, 100
2026/09/29 11:49:36.691, 4, 17434, 100
2026/09/29 11:49:36.691, 5, 17434, 100
2026/09/29 11:49:36.691, 6, 17434, 100
2026/09/29 11:49:36.691, 7, 17434, 100
2026/09/29 11:49:37.692, 0, 17434, 100
2026/09/29 11:49:37.692, 1, 17434, 100
2026/09/29 11:49:37.692, 2, 17434, 100
2026/09/29 11:49:37.692, 3, 17434, 100
2026/09/29 11:49:37.692, 4, 17434, 100
2026/09/29 11:49:37.692, 5, 17434, 100
2026/09/29 11:49:37.692, 6, 17434, 100
2026/09/29 11:49:37.692, 7, 17434, 100
2026/09/29 11:49:38.692, 0, 17434, 100
2026/09/29 11:49:38.692, 1, 17434, 100
2026/09/29 11:49:38.692, 2, 17434, 100
2026/09/29 11:49:38.692, 3, 17434, 100
2026/09/29 11:49:38.692, 4, 17434, 99
2026/09/29 11:49:38.692, 5, 17434, 100
2026/09/29 11:49:38.693, 6, 17434, 100
2026/09/29 11:49:38.693, 7, 17434, 100
2026/09/29 11:49:39.693, 0, 17434, 100
2026/09/29 11:49:39.693, 1, 17434, 100
2026/09/29 11:49:39.693, 2, 17434, 100
2026/09/29 11:49:39.693, 3, 17434, 100
2026/09/29 11:49:39.693, 4, 17434, 100
2026/09/29 11:49:39.693, 5, 17434, 100
2026/09/29 11:49:39.693, 6, 17434, 100
2026/09/29 11:49:39.693, 7, 17434, 100
2026/09/29 11:49:40.693, 0, 17434, 100
2026/09/29 11:49:40.693, 1, 17434, 100
2026/09/29 11:49:40.693, 2, 17434, 100
2026/09/29 11:49:40.693, 3, 17434, 100
2026/09/29 11:49:40.694, 4, 17434, 100
2026/09/29 11:49:40.694, 5, 17434, 100
2026/09/29 11:49:40.694, 6, 17434, 100
2026/09/29 11:49:40.694, 7, 17434, 100
2026/09/29 11:49:41.694, 0, 17434, 100
2026/09/29 11:49:41.694, 1, 17434, 100
2026/09/29 11:49:41.695, 2, 17434, 100
2026/09/29 11:49:41.695, 3, 17434, 100
2026/09/29 11:49:41.695, 4, 17434, 100
2026/09/29 11:49:41.695, 5, 17434, 100
2026/09/29 11:49:41.695, 6, 17434, 100
2026/09/29 11:49:41.695, 7, 17434, 100
2026/09/29 11:49:42.695, 0, 17434, 100
2026/09/29 11:49:42.695, 1, 17434, 100
2026/09/29 11:49:42.695, 2, 17434, 100
2026/09/29 11:49:42.695, 3, 17434, 100
2026/09/29 11:49:42.695, 4, 17434, 100
2026/09/29 11:49:42.695, 5, 17434, 100
2026/09/29 11:49:42.695, 6, 17434, 100
2026/09/29 11:49:42.695, 7, 17434, 100
2026/09/29 11:49:43.695, 0, 17434, 100
2026/09/29 11:49:43.695, 1, 17434, 100
2026/09/29 11:49:43.696, 2, 17434, 100
2026/09/29 11:49:43.696, 3, 17434, 100
2026/09/29 11:49:43.696, 4, 17434, 95
2026/09/29 11:49:43.696, 5, 17434, 100
2026/09/29 11:49:43.696, 6, 17434, 100
2026/09/29 11:49:43.696, 7, 17434, 100
2026/09/29 11:49:44.696, 0, 17434, 100
2026/09/29 11:49:44.696, 1, 17434, 100
2026/09/29 11:49:44.696, 2, 17434, 100
2026/09/29 11:49:44.696, 3, 17434, 100
2026/09/29 11:49:44.696, 4, 17434, 100
2026/09/29 11:49:44.696, 5, 17434, 100
2026/09/29 11:49:44.696, 6, 17434, 100
2026/09/29 11:49:44.696, 7, 17434, 100
2026/09/29 11:49:45.696, 0, 17434, 100
2026/09/29 11:49:45.697, 1, 17434, 100
2026/09/29 11:49:45.697, 2, 17434, 100
2026/09/29 11:49:45.697, 3, 17434, 100
2026/09/29 11:49:45.697, 4, 17434, 100
2026/09/29 11:49:45.697, 5, 17434, 100
2026/09/29 11:49:45.697, 6, 17434, 100
2026/09/29 11:49:45.697, 7, 17434, 100
2026/09/29 11:49:46.697, 0, 17434, 100
2026/09/29 11:49:46.697, 1, 17434, 100
2026/09/29 11:49:46.698, 2, 17434, 100
2026/09/29 11:49:46.698, 3, 17434, 100
2026/09/29 11:49:46.698, 4, 17434, 100
2026/09/29 11:49:46.698, 5, 17434, 100
2026/09/29 11:49:46.698, 6, 17434, 100
2026/09/29 11:49:46.698, 7, 17434, 100
2026/09/29 11:49:47.698, 0, 17434, 100
2026/09/29 11:49:47.698, 1, 17434, 100
2026/09/29 11:49:47.698, 2, 17434, 100
2026/09/29 11:49:47.698, 3, 17434, 100
2026/09/29 11:49:47.698, 4, 17434, 100
2026/09/29 11:49:47.698, 5, 17434, 100
2026/09/29 11:49:47.699, 6, 17434, 100
2026/09/29 11:49:47.699, 7, 17434, 100
2026/09/29 11:49:48.699, 0, 17434, 100
2026/09/29 11:49:48.699, 1, 17434, 100
2026/09/29 11:49:48.699, 2, 17434, 100
2026/09/29 11:49:48.699, 3, 17434, 100
2026/09/29 11:49:48.699, 4, 17434, 100
2026/09/29 11:49:48.699, 5, 17434, 100
2026/09/29 11:49:48.699, 6, 17434, 100
2026/09/29 11:49:48.699, 7, 17434, 100
2026/09/29 11:49:49.699, 0, 17434, 100
2026/09/29 11:49:49.699, 1, 17434, 100
2026/09/29 11:49:49.699, 2, 17434, 100
2026/09/29 11:49:49.699, 3, 17434, 100
2026/09/29 11:49:49.700, 4, 17434, 99
2026/09/29 11:49:49.700, 5, 17434, 100
2026/09/29 11:49:49.700, 6, 17434, 100
2026/09/29 11:49:49.700, 7, 17434, 95
2026/09/29 11:49:50.700, 0, 17434, 100
2026/09/29 11:49:50.700, 1, 17434, 100
2026/09/29 11:49:50.700, 2, 17434, 100
2026/09/29 11:49:50.700, 3, 17434, 100
2026/09/29 11:49:50.700, 4, 17434, 100
2026/09/29 11:49:50.700, 5, 17434, 100
2026/09/29 11:49:50.700, 6, 17434, 100
2026/09/29 11:49:50.700, 7, 17434, 100
2026/09/29 11:49:51.700, 0, 17434, 100
2026/09/29 11:49:51.701, 1, 17434, 100
2026/09/29 11:49:51.701, 2, 17434, 100
2026/09/29 11:49:51.701, 3, 17434, 100
2026/09/29 11:49:51.701, 4, 17434, 100
2026/09/29 11:49:51.701, 5, 17434, 100
2026/09/29 11:49:51.701, 6, 17434, 100
2026/09/29 11:49:51.701, 7, 17434, 100
2026/09/29 11:49:52.701, 0, 17434, 100
2026/09/29 11:49:52.701, 1, 17434, 100
2026/09/29 11:49:52.701, 2, 17434, 100
2026/09/29 11:49:52.701, 3, 17434, 100
2026/09/29 11:49:52.701, 4, 17434, 100
2026/09/29 11:49:52.701, 5, 17434, 100
2026/09/29 11:49:52.701, 6, 17434, 100
2026/09/29 11:49:52.701, 7, 17434, 100
2026/09/29 11:49:53.702, 0, 17434, 100
2026/09/29 11:49:53.702, 1, 17434, 100
2026/09/29 11:49:53.702, 2, 17434, 100
2026/09/29 11:49:53.702, 3, 17434, 100
2026/09/29 11:49:53.702, 4, 17434, 100
2026/09/29 11:49:53.702, 5, 17434, 100
2026/09/29 11:49:53.702, 6, 17434, 100
2026/09/29 11:49:53.702, 7, 17434, 100
2026/09/29 11:49:54.702, 0, 17434, 100
2026/09/29 11:49:54.702, 1, 17434, 100
2026/09/29 11:49:54.702, 2, 17434, 100
2026/09/29 11:49:54.702, 3, 17434, 100
2026/09/29 11:49:54.702, 4, 17434, 100
2026/09/29 11:49:54.702, 5, 17434, 100
2026/09/29 11:49:54.702, 6, 17434, 100
2026/09/29 11:49:54.703, 7, 17434, 99
2026/09/29 11:49:55.703, 0, 17434, 100
2026/09/29 11:49:55.703, 1, 17434, 100
2026/09/29 11:49:55.703, 2, 17434, 100
2026/09/29 11:49:55.703, 3, 17434, 100
2026/09/29 11:49:55.703, 4, 17434, 100
2026/09/29 11:49:55.703, 5, 17434, 100
2026/09/29 11:49:55.703, 6, 17434, 100
2026/09/29 11:49:55.703, 7, 17434, 100
2026/09/29 11:49:56.703, 0, 17434, 100
2026/09/29 11:49:56.703, 1, 17434, 100
2026/09/29 11:49:56.703, 2, 17434, 100
2026/09/29 11:49:56.703, 3, 17434, 100
2026/09/29 11:49:56.704, 4, 17434, 100
2026/09/29 11:49:56.704, 5, 17434, 100
2026/09/29 11:49:56.704, 6, 17434, 100
2026/09/29 11:49:56.704, 7, 17434, 100
2026/09/29 11:49:57.704, 0, 17434, 100
2026/09/29 11:49:57.704, 1, 17434, 100
2026/09/29 11:49:57.704, 2, 17434, 100
2026/09/29 11:49:57.704, 3, 17434, 100
2026/09/29 11:49:57.704, 4, 17434, 100
2026/09/29 11:49:57.704, 5, 17434, 100
2026/09/29 11:49:57.704, 6, 17434, 100
2026/09/29 11:49:57.704, 7, 17434, 100
2026/09/29 11:49:58.704, 0, 17434, 100
2026/09/29 11:49:58.704, 1, 17434, 100
2026/09/29 11:49:58.705, 2, 17434, 100
2026/09/29 11:49:58.705, 3, 17434, 100
2026/09/29 11:49:58.705, 4, 17434, 100
2026/09/29 11:49:58.705, 5, 17434, 100
2026/09/29 11:49:58.705, 6, 17434, 100
2026/09/29 11:49:58.705, 7, 17434, 100
2026/09/29 11:49:59.705, 0, 17434, 100
2026/09/29 11:49:59.705, 1, 17434, 100
2026/09/29 11:49:59.705, 2, 17434, 100
2026/09/29 11:49:59.705, 3, 17434, 100
2026/09/29 11:49:59.705, 4, 17434, 100
2026/09/29 11:49:59.705, 5, 17434, 100
2026/09/29 11:49:59.705, 6, 17434, 100
2026/09/29 11:49:59.705, 7, 17434, 100
2026/09/29 11:50:00.705, 0, 17434, 100
2026/09/29 11:50:00.706, 1, 17434, 100
2026/09/29 11:50:00.706, 2, 17434, 100
2026/09/29 11:50:00.706, 3, 17434, 100
2026/09/29 11:50:00.706, 4, 17434, 100
2026/09/29 11:50:00.706, 5, 17434, 100
2026/09/29 11:50:00.706, 6, 17434, 100
2026/09/29 11:50:00.706, 7, 17434, 100
2026/09/29 11:50:01.706, 0, 17434, 100
2026/09/29 11:50:01.706, 1, 17434, 100
2026/09/29 11:50:01.706, 2, 17434, 100
2026/09/29 11:50:01.706, 3, 17434, 100
2026/09/29 11:50:01.707, 4, 17434, 100
2026/09/29 11:50:01.707, 5, 17434, 100
2026/09/29 11:50:01.707, 6, 17434, 100
2026/09/29 11:50:01.707, 7, 17434, 100
2026/09/29 11:50:02.707, 0, 17434, 100
2026/09/29 11:50:02.707, 1, 17434, 100
2026/09/29 11:50:02.707, 2, 17434, 100
2026/09/29 11:50:02.707, 3, 17434, 100
2026/09/29 11:50:02.707, 4, 17434, 100
2026/09/29 11:50:02.707, 5, 17434, 100
2026/09/29 11:50:02.707, 6, 17434, 100
2026/09/29 11:50:02.707, 7, 17434, 100
2026/09/29 11:50:03.707, 0, 17434, 100
2026/09/29 11:50:03.708, 1, 17434, 100
2026/09/29 11:50:03.708, 2, 17434, 100
2026/09/29 11:50:03.708, 3, 17434, 100
2026/09/29 11:50:03.708, 4, 17434, 100
2026/09/29 11:50:03.708, 5, 17434, 100
2026/09/29 11:50:03.708, 6, 17434, 100
2026/09/29 11:50:03.708, 7, 17434, 100
2026/09/29 11:50:04.708, 0, 17434, 100
2026/09/29 11:50:04.708, 1, 17434, 100
2026/09/29 11:50:04.708, 2, 17434, 100
2026/09/29 11:50:04.708, 3, 17434, 100
2026/09/29 11:50:04.708, 4, 17434, 100
2026/09/29 11:50:04.708, 5, 17434, 98
2026/09/29 11:50:04.708, 6, 17434, 100
2026/09/29 11:50:04.708, 7, 17434, 100
2026/09/29 11:50:05.709, 0, 17434, 100
2026/09/29 11:50:05.709, 1, 17434, 100
2026/09/29 11:50:05.709, 2, 17434, 100
2026/09/29 11:50:05.709, 3, 17434, 100
2026/09/29 11:50:05.709, 4, 17434, 100
2026/09/29 11:50:05.709, 5, 17434, 100
2026/09/29 11:50:05.709, 6, 17434, 100
2026/09/29 11:50:05.709, 7, 17434, 100
2026/09/29 11:50:06.709, 0, 17434, 100
2026/09/29 11:50:06.710, 1, 17434, 100
2026/09/29 11:50:06.710, 2, 17434, 100
2026/09/29 11:50:06.710, 3, 17434, 100
2026/09/29 11:50:06.710, 4, 17434, 100
2026/09/29 11:50:06.710, 5, 17434, 100
2026/09/29 11:50:06.710, 6, 17434, 100
2026/09/29 11:50:06.710, 7, 17434, 100
2026/09/29 11:50:07.710, 0, 17434, 100
2026/09/29 11:50:07.710, 1, 17434, 100
2026/09/29 11:50:07.710, 2, 17434, 100
2026/09/29 11:50:07.711, 3, 17434, 100
2026/09/29 11:50:07.711, 4, 17434, 100
2026/09/29 11:50:07.711, 5, 17434, 100
2026/09/29 11:50:07.711, 6, 17434, 100
2026/09/29 11:50:07.711, 7, 17434, 100
2026/09/29 11:50:08.711, 0, 17434, 100
2026/09/29 11:50:08.711, 1, 17434, 100
2026/09/29 11:50:08.711, 2, 17434, 100
2026/09/29 11:50:08.711, 3, 17434, 100
2026/09/29 11:50:08.711, 4, 17434, 100
2026/09/29 11:50:08.711, 5, 17434, 100
2026/09/29 11:50:08.711, 6, 17434, 100
2026/09/29 11:50:08.711, 7, 17434, 100
2026/09/29 11:50:09.711, 0, 17434, 100
2026/09/29 11:50:09.712, 1, 17434, 100
2026/09/29 11:50:09.712, 2, 17434, 100
2026/09/29 11:50:09.712, 3, 17434, 100
2026/09/29 11:50:09.712, 4, 17434, 100
2026/09/29 11:50:09.712, 5, 17434, 95
2026/09/29 11:50:09.712, 6, 17434, 100
2026/09/29 11:50:09.712, 7, 17434, 100
2026/09/29 11:50:10.712, 0, 17434, 100
2026/09/29 11:50:10.712, 1, 17434, 100
2026/09/29 11:50:10.712, 2, 17434, 100
2026/09/29 11:50:10.712, 3, 17434, 100
2026/09/29 11:50:10.712, 4, 17434, 100
2026/09/29 11:50:10.712, 5, 17434, 100
2026/09/29 11:50:10.712, 6, 17434, 100
2026/09/29 11:50:10.712, 7, 17434, 99
2026/09/29 11:50:11.713, 0, 17434, 100
2026/09/29 11:50:11.713, 1, 17434, 100
2026/09/29 11:50:11.713, 2, 17434, 100
2026/09/29 11:50:11.713, 3, 17434, 100
2026/09/29 11:50:11.713, 4, 17434, 100
2026/09/29 11:50:11.713, 5, 17434, 100
2026/09/29 11:50:11.713, 6, 17434, 100
2026/09/29 11:50:11.713, 7, 17434, 100
2026/09/29 11:50:12.713, 0, 17434, 100
2026/09/29 11:50:12.713, 1, 17434, 100
2026/09/29 11:50:12.713, 2, 17434, 100
2026/09/29 11:50:12.713, 3, 17434, 100
2026/09/29 11:50:12.713, 4, 17434, 100
2026/09/29 11:50:12.713, 5, 17434, 100
2026/09/29 11:50:12.714, 6, 17434, 100
2026/09/29 11:50:12.714, 7, 17434, 100
2026/09/29 11:50:13.714, 0, 17434, 100
2026/09/29 11:50:13.714, 1, 17434, 100
2026/09/29 11:50:13.714, 2, 17434, 100
2026/09/29 11:50:13.714, 3, 17434, 100
2026/09/29 11:50:13.714, 4, 17434, 100
2026/09/29 11:50:13.714, 5, 17434, 100
2026/09/29 11:50:13.714, 6, 17434, 100
2026/09/29 11:50:13.714, 7, 17434, 100
2026/09/29 11:50:14.714, 0, 17434, 99
2026/09/29 11:50:14.714, 1, 17434, 95
2026/09/29 11:50:14.714, 2, 17434, 94
2026/09/29 11:50:14.714, 3, 17434, 95
2026/09/29 11:50:14.715, 4, 17434, 99
2026/09/29 11:50:14.715, 5, 17434, 100
2026/09/29 11:50:14.715, 6, 17434, 100
2026/09/29 11:50:14.715, 7, 17434, 100
2026/09/29 11:50:15.715, 0, 17434, 100
2026/09/29 11:50:15.715, 1, 17434, 100
2026/09/29 11:50:15.715, 2, 17434, 100
2026/09/29 11:50:15.715, 3, 17434, 100
2026/09/29 11:50:15.715, 4, 17434, 100
2026/09/29 11:50:15.715, 5, 17434, 100
2026/09/29 11:50:15.715, 6, 17434, 100
2026/09/29 11:50:15.715, 7, 17434, 100
2026/09/29 11:50:16.715, 0, 17434, 100
2026/09/29 11:50:16.716, 1, 17434, 100
2026/09/29 11:50:16.716, 2, 17434, 100
2026/09/29 11:50:16.716, 3, 17434, 100
2026/09/29 11:50:16.716, 4, 17434, 100
2026/09/29 11:50:16.716, 5, 17434, 100
2026/09/29 11:50:16.716, 6, 17434, 100
2026/09/29 11:50:16.716, 7, 17434, 100
2026/09/29 11:50:17.716, 0, 17434, 100
2026/09/29 11:50:17.717, 1, 17434, 100
2026/09/29 11:50:17.717, 2, 17434, 100
2026/09/29 11:50:17.717, 3, 17434, 100
2026/09/29 11:50:17.717, 4, 17434, 100
2026/09/29 11:50:17.717, 5, 17434, 100
2026/09/29 11:50:17.717, 6, 17434, 100
2026/09/29 11:50:17.717, 7, 17434, 100
2026/09/29 11:50:18.717, 0, 17434, 100
2026/09/29 11:50:18.717, 1, 17434, 100
2026/09/29 11:50:18.717, 2, 17434, 100
2026/09/29 11:50:18.717, 3, 17434, 100
2026/09/29 11:50:18.717, 4, 17434, 100
2026/09/29 11:50:18.717, 5, 17434, 100
2026/09/29 11:50:18.717, 6, 17434, 100
2026/09/29 11:50:18.717, 7, 17434, 100
2026/09/29 11:50:19.718, 0, 17434, 96
2026/09/29 11:50:19.718, 1, 17434, 96
2026/09/29 11:50:19.718, 2, 17434, 100
2026/09/29 11:50:19.718, 3, 17434, 97
2026/09/29 11:50:19.718, 4, 17434, 100
2026/09/29 11:50:19.718, 5, 17434, 100
2026/09/29 11:50:19.718, 6, 17434, 100
2026/09/29 11:50:19.718, 7, 17434, 100
2026/09/29 11:50:20.718, 0, 17434, 100
2026/09/29 11:50:20.718, 1, 17434, 100
2026/09/29 11:50:20.718, 2, 17434, 100
2026/09/29 11:50:20.718, 3, 17434, 100
2026/09/29 11:50:20.719, 4, 17434, 100
2026/09/29 11:50:20.719, 5, 17434, 100
2026/09/29 11:50:20.719, 6, 17434, 100
2026/09/29 11:50:20.719, 7, 17434, 100
2026/09/29 11:50:21.719, 0, 17434, 100
2026/09/29 11:50:21.725, 1, 17434, 100
2026/09/29 11:50:21.725, 2, 17434, 100
2026/09/29 11:50:21.725, 3, 17434, 100
2026/09/29 11:50:21.725, 4, 17434, 100
2026/09/29 11:50:21.725, 5, 17434, 100
2026/09/29 11:50:21.725, 6, 17434, 100
2026/09/29 11:50:21.725, 7, 17434, 100
2026/09/29 11:50:22.725, 0, 17434, 100
2026/09/29 11:50:22.725, 1, 17434, 100
2026/09/29 11:50:22.725, 2, 17434, 100
2026/09/29 11:50:22.725, 3, 17434, 100
2026/09/29 11:50:22.725, 4, 17434, 100
2026/09/29 11:50:22.726, 5, 17434, 100
2026/09/29 11:50:22.726, 6, 17434, 100
2026/09/29 11:50:22.726, 7, 17434, 100
2026/09/29 11:50:23.726, 0, 17434, 100
2026/09/29 11:50:23.726, 1, 17434, 100
2026/09/29 11:50:23.726, 2, 17434, 100
2026/09/29 11:50:23.726, 3, 17434, 100
2026/09/29 11:50:23.726, 4, 17434, 100
2026/09/29 11:50:23.726, 5, 17434, 100
2026/09/29 11:50:23.726, 6, 17434, 100
2026/09/29 11:50:23.726, 7, 17434, 100
2026/09/29 11:50:24.726, 0, 17434, 100
2026/09/29 11:50:24.727, 1, 17434, 100
2026/09/29 11:50:24.727, 2, 17434, 100
2026/09/29 11:50:24.727, 3, 17434, 100
2026/09/29 11:50:24.727, 4, 17434, 100
2026/09/29 11:50:24.727, 5, 17434, 100
2026/09/29 11:50:24.727, 6, 17434, 95
2026/09/29 11:50:24.727, 7, 17434, 100
2026/09/29 11:50:25.727, 0, 17434, 100
2026/09/29 11:50:25.727, 1, 17434, 100
2026/09/29 11:50:25.727, 2, 17434, 100
2026/09/29 11:50:25.727, 3, 17434, 100
2026/09/29 11:50:25.727, 4, 17434, 100
2026/09/29 11:50:25.727, 5, 17434, 100
2026/09/29 11:50:25.728, 6, 17434, 100
2026/09/29 11:50:25.728, 7, 17434, 100
2026/09/29 11:50:26.728, 0, 17434, 100
2026/09/29 11:50:26.728, 1, 17434, 100
2026/09/29 11:50:26.728, 2, 17434, 100
2026/09/29 11:50:26.728, 3, 17434, 100
2026/09/29 11:50:26.728, 4, 17434, 100
2026/09/29 11:50:26.728, 5, 17434, 100
2026/09/29 11:50:26.728, 6, 17434, 100
2026/09/29 11:50:26.728, 7, 17434, 100
2026/09/29 11:50:27.728, 0, 17434, 100
2026/09/29 11:50:27.728, 1, 17434, 100
2026/09/29 11:50:27.729, 2, 17434, 100
2026/09/29 11:50:27.729, 3, 17434, 100
2026/09/29 11:50:27.729, 4, 17434, 100
2026/09/29 11:50:27.729, 5, 17434, 100
2026/09/29 11:50:27.729, 6, 17434, 100
2026/09/29 11:50:27.729, 7, 17434, 100
2026/09/29 11:50:28.729, 0, 17434, 100
2026/09/29 11:50:28.729, 1, 17434, 100
2026/09/29 11:50:28.729, 2, 17434, 100
2026/09/29 11:50:28.729, 3, 17434, 100
2026/09/29 11:50:28.729, 4, 17434, 100
2026/09/29 11:50:28.729, 5, 17434, 100
2026/09/29 11:50:28.729, 6, 17434, 100
2026/09/29 11:50:28.729, 7, 17434, 100
2026/09/29 11:50:29.730, 0, 17434, 100
2026/09/29 11:50:29.730, 1, 17434, 100
2026/09/29 11:50:29.730, 2, 17434, 100
2026/09/29 11:50:29.730, 3, 17434, 100
2026/09/29 11:50:29.730, 4, 17434, 100
2026/09/29 11:50:29.730, 5, 17434, 100
2026/09/29 11:50:29.730, 6, 17434, 97
2026/09/29 11:50:29.730, 7, 17434, 100
2026/09/29 11:50:30.730, 0, 17434, 100
2026/09/29 11:50:30.730, 1, 17434, 100
2026/09/29 11:50:30.730, 2, 17434, 100
2026/09/29 11:50:30.731, 3, 17434, 100
2026/09/29 11:50:30.731, 4, 17434, 100
2026/09/29 11:50:30.731, 5, 17434, 100
2026/09/29 11:50:30.731, 6, 17434, 100
2026/09/29 11:50:30.731, 7, 17434, 100
2026/09/29 11:50:31.731, 0, 17434, 100
2026/09/29 11:50:31.731, 1, 17434, 100
2026/09/29 11:50:31.731, 2, 17434, 100
2026/09/29 11:50:31.731, 3, 17434, 100
2026/09/29 11:50:31.731, 4, 17434, 100
2026/09/29 11:50:31.731, 5, 17434, 100
2026/09/29 11:50:31.731, 6, 17434, 100
2026/09/29 11:50:31.731, 7, 17434, 100
2026/09/29 11:50:32.732, 0, 17434, 100
2026/09/29 11:50:32.732, 1, 17434, 100
2026/09/29 11:50:32.732, 2, 17434, 100
2026/09/29 11:50:32.732, 3, 17434, 100
2026/09/29 11:50:32.732, 4, 17434, 100
2026/09/29 11:50:32.732, 5, 17434, 100
2026/09/29 11:50:32.732, 6, 17434, 100
2026/09/29 11:50:32.732, 7, 17434, 100
2026/09/29 11:50:33.732, 0, 17434, 100
2026/09/29 11:50:33.732, 1, 17434, 100
2026/09/29 11:50:33.732, 2, 17434, 100
2026/09/29 11:50:33.732, 3, 17434, 100
2026/09/29 11:50:33.733, 4, 17434, 100
2026/09/29 11:50:33.733, 5, 17434, 100
2026/09/29 11:50:33.733, 6, 17434, 100
2026/09/29 11:50:33.733, 7, 17434, 100
2026/09/29 11:50:34.733, 0, 17434, 100
2026/09/29 11:50:34.733, 1, 17434, 100
2026/09/29 11:50:34.733, 2, 17434, 100
2026/09/29 11:50:34.733, 3, 17434, 100
2026/09/29 11:50:34.733, 4, 17434, 98
2026/09/29 11:50:34.733, 5, 17434, 100
2026/09/29 11:50:34.733, 6, 17434, 100
2026/09/29 11:50:34.733, 7, 17434, 100
2026/09/29 11:50:35.734, 0, 17434, 100
2026/09/29 11:50:35.734, 1, 17434, 100
2026/09/29 11:50:35.734, 2, 17434, 100
2026/09/29 11:50:35.734, 3, 17434, 100
2026/09/29 11:50:35.734, 4, 17434, 100
2026/09/29 11:50:35.734, 5, 17434, 100
2026/09/29 11:50:35.734, 6, 17434, 100
2026/09/29 11:50:35.734, 7, 17434, 100
2026/09/29 11:50:36.734, 0, 17434, 100
2026/09/29 11:50:36.734, 1, 17434, 100
2026/09/29 11:50:36.734, 2, 17434, 100
2026/09/29 11:50:36.734, 3, 17434, 100
2026/09/29 11:50:36.735, 4, 17434, 100
2026/09/29 11:50:36.735, 5, 17434, 100
2026/09/29 11:50:36.735, 6, 17434, 100
2026/09/29 11:50:36.735, 7, 17434, 100
2026/09/29 11:50:37.735, 0, 17434, 100
2026/09/29 11:50:37.735, 1, 17434, 100
2026/09/29 11:50:37.735, 2, 17434, 100
2026/09/29 11:50:37.735, 3, 17434, 100
2026/09/29 11:50:37.735, 4, 17434, 100
2026/09/29 11:50:37.735, 5, 17434, 100
2026/09/29 11:50:37.735, 6, 17434, 100
2026/09/29 11:50:37.735, 7, 17434, 100
2026/09/29 11:50:38.735, 0, 17434, 100
2026/09/29 11:50:38.736, 1, 17434, 100
2026/09/29 11:50:38.736, 2, 17434, 100
2026/09/29 11:50:38.736, 3, 17434, 100
2026/09/29 11:50:38.736, 4, 17434, 100
2026/09/29 11:50:38.736, 5, 17434, 100
2026/09/29 11:50:38.736, 6, 17434, 100
2026/09/29 11:50:38.736, 7, 17434, 100
2026/09/29 11:50:39.736, 0, 17434, 100
2026/09/29 11:50:39.736, 1, 17434, 100
2026/09/29 11:50:39.736, 2, 17434, 100
2026/09/29 11:50:39.736, 3, 17434, 100
2026/09/29 11:50:39.736, 4, 17434, 97
2026/09/29 11:50:39.737, 5, 17434, 100
2026/09/29 11:50:39.737, 6, 17434, 100
2026/09/29 11:50:39.737, 7, 17434, 100
2026/09/29 11:50:40.737, 0, 17434, 100
2026/09/29 11:50:40.737, 1, 17434, 100
2026/09/29 11:50:40.737, 2, 17434, 100
2026/09/29 11:50:40.737, 3, 17434, 100
2026/09/29 11:50:40.737, 4, 17434, 100
2026/09/29 11:50:40.737, 5, 17434, 100
2026/09/29 11:50:40.737, 6, 17434, 100
2026/09/29 11:50:40.737, 7, 17434, 99
2026/09/29 11:50:41.737, 0, 17434, 100
2026/09/29 11:50:41.738, 1, 17434, 100
2026/09/29 11:50:41.738, 2, 17434, 100
2026/09/29 11:50:41.738, 3, 17434, 100
2026/09/29 11:50:41.738, 4, 17434, 100
2026/09/29 11:50:41.738, 5, 17434, 100
2026/09/29 11:50:41.738, 6, 17434, 100
2026/09/29 11:50:41.738, 7, 17434, 100
2026/09/29 11:50:42.738, 0, 17434, 100
2026/09/29 11:50:42.738, 1, 17434, 100
2026/09/29 11:50:42.738, 2, 17434, 100
2026/09/29 11:50:42.738, 3, 17434, 100
2026/09/29 11:50:42.738, 4, 17434, 100
2026/09/29 11:50:42.738, 5, 17434, 100
2026/09/29 11:50:42.739, 6, 17434, 100
2026/09/29 11:50:42.739, 7, 17434, 100
2026/09/29 11:50:43.739, 0, 17434, 100
2026/09/29 11:50:43.739, 1, 17434, 100
2026/09/29 11:50:43.739, 2, 17434, 100
2026/09/29 11:50:43.739, 3, 17434, 100
2026/09/29 11:50:43.739, 4, 17434, 100
2026/09/29 11:50:43.739, 5, 17434, 100
2026/09/29 11:50:43.739, 6, 17434, 100
2026/09/29 11:50:43.739, 7, 17434, 100
2026/09/29 11:50:44.739, 0, 17434, 100
2026/09/29 11:50:44.739, 1, 17434, 100
2026/09/29 11:50:44.740, 2, 17434, 100
2026/09/29 11:50:44.740, 3, 17434, 100
2026/09/29 11:50:44.740, 4, 17434, 100
2026/09/29 11:50:44.740, 5, 17434, 100
2026/09/29 11:50:44.740, 6, 17434, 100
2026/09/29 11:50:44.740, 7, 17434, 100
2026/09/29 11:50:45.740, 0, 17434, 100
2026/09/29 11:50:45.740, 1, 17434, 100
2026/09/29 11:50:45.740, 2, 17434, 100
2026/09/29 11:50:45.740, 3, 17434, 100
2026/09/29 11:50:45.740, 4, 17434, 100
2026/09/29 11:50:45.740, 5, 17434, 100
2026/09/29 11:50:45.740, 6, 17434, 100
2026/09/29 11:50:45.741, 7, 17434, 96
2026/09/29 11:50:46.741, 0, 17434, 100
2026/09/29 11:50:46.741, 1, 17434, 100
2026/09/29 11:50:46.741, 2, 17434, 100
2026/09/29 11:50:46.741, 3, 17434, 100
2026/09/29 11:50:46.741, 4, 17434, 100
2026/09/29 11:50:46.741, 5, 17434, 100
2026/09/29 11:50:46.741, 6, 17434, 100
2026/09/29 11:50:46.741, 7, 17434, 100
2026/09/29 11:50:47.741, 0, 17434, 100
2026/09/29 11:50:47.741, 1, 17434, 100
2026/09/29 11:50:47.742, 2, 17434, 100
2026/09/29 11:50:47.742, 3, 17434, 100
2026/09/29 11:50:47.742, 4, 17434, 100
2026/09/29 11:50:47.742, 5, 17434, 100
2026/09/29 11:50:47.742, 6, 17434, 100
2026/09/29 11:50:47.742, 7, 17434, 100
2026/09/29 11:50:48.742, 0, 17434, 100
2026/09/29 11:50:48.742, 1, 17434, 100
2026/09/29 11:50:48.742, 2, 17434, 100
2026/09/29 11:50:48.742, 3, 17434, 100
2026/09/29 11:50:48.742, 4, 17434, 100
2026/09/29 11:50:48.742, 5, 17434, 100
2026/09/29 11:50:48.742, 6, 17434, 100
2026/09/29 11:50:48.742, 7, 17434, 100
2026/09/29 11:50:49.743, 0, 17434, 100
2026/09/29 11:50:49.743, 1, 17434, 100
2026/09/29 11:50:49.743, 2, 17434, 100
2026/09/29 11:50:49.743, 3, 17434, 100
2026/09/29 11:50:49.743, 4, 17434, 100
2026/09/29 11:50:49.743, 5, 17434, 100
2026/09/29 11:50:49.743, 6, 17434, 100
2026/09/29 11:50:49.743, 7, 17434, 100
2026/09/29 11:50:50.743, 0, 17434, 100
2026/09/29 11:50:50.743, 1, 17434, 100
2026/09/29 11:50:50.743, 2, 17434, 100
2026/09/29 11:50:50.743, 3, 17434, 100
2026/09/29 11:50:50.744, 4, 17434, 100
2026/09/29 11:50:50.744, 5, 17434, 100
2026/09/29 11:50:50.744, 6, 17434, 100
2026/09/29 11:50:50.744, 7, 17434, 100
2026/09/29 11:50:51.744, 0, 17434, 0
2026/09/29 11:50:51.744, 1, 17434, 0
2026/09/29 11:50:51.745, 2, 17434, 0
2026/09/29 11:50:51.745, 3, 17434, 0
2026/09/29 11:50:51.745, 4, 17434, 97
2026/09/29 11:50:51.745, 5, 17434, 100
2026/09/29 11:50:51.745, 6, 17434, 82
2026/09/29 11:50:51.745, 7, 17434, 95
2026/09/29 11:50:52.745, 0, 17434, 100
2026/09/29 11:50:52.745, 1, 17434, 100
2026/09/29 11:50:52.745, 2, 17434, 100
2026/09/29 11:50:52.745, 3, 17434, 100
2026/09/29 11:50:52.745, 4, 17434, 100
2026/09/29 11:50:52.746, 5, 17434, 100
2026/09/29 11:50:52.746, 6, 17434, 100
2026/09/29 11:50:52.746, 7, 17434, 100
2026/09/29 11:50:53.746, 0, 17434, 100
2026/09/29 11:50:53.746, 1, 17434, 100
2026/09/29 11:50:53.746, 2, 17434, 100
2026/09/29 11:50:53.746, 3, 17434, 100
2026/09/29 11:50:53.746, 4, 17434, 100
2026/09/29 11:50:53.746, 5, 17434, 100
2026/09/29 11:50:53.746, 6, 17434, 100
2026/09/29 11:50:53.746, 7, 17434, 100
2026/09/29 11:50:54.746, 0, 17434, 100
2026/09/29 11:50:54.747, 1, 17434, 100
2026/09/29 11:50:54.747, 2, 17434, 100
2026/09/29 11:50:54.747, 3, 17434, 100
2026/09/29 11:50:54.747, 4, 17434, 100
2026/09/29 11:50:54.747, 5, 17434, 100
2026/09/29 11:50:54.747, 6, 17434, 100
2026/09/29 11:50:54.747, 7, 17434, 100
2026/09/29 11:50:55.747, 0, 17434, 100
2026/09/29 11:50:55.747, 1, 17434, 100
2026/09/29 11:50:55.747, 2, 17434, 100
2026/09/29 11:50:55.747, 3, 17434, 100
2026/09/29 11:50:55.747, 4, 17434, 100
2026/09/29 11:50:55.747, 5, 17434, 100
2026/09/29 11:50:55.747, 6, 17434, 100
2026/09/29 11:50:55.748, 7, 17434, 100
2026/09/29 11:50:56.748, 0, 17434, 100
2026/09/29 11:50:56.748, 1, 17434, 100
2026/09/29 11:50:56.748, 2, 17434, 100
2026/09/29 11:50:56.748, 3, 17434, 100
2026/09/29 11:50:56.748, 4, 17434, 100
2026/09/29 11:50:56.748, 5, 17434, 100
2026/09/29 11:50:56.748, 6, 17434, 100
2026/09/29 11:50:56.748, 7, 17434, 100
2026/09/29 11:50:57.748, 0, 17434, 100
2026/09/29 11:50:57.749, 1, 17434, 100
2026/09/29 11:50:57.749, 2, 17434, 100
2026/09/29 11:50:57.749, 3, 17434, 100
2026/09/29 11:50:57.749, 4, 17434, 100
2026/09/29 11:50:57.749, 5, 17434, 100
2026/09/29 11:50:57.749, 6, 17434, 100
2026/09/29 11:50:57.749, 7, 17434, 100
2026/09/29 11:50:58.749, 0, 17434, 100
2026/09/29 11:50:58.749, 1, 17434, 100
2026/09/29 11:50:58.749, 2, 17434, 100
2026/09/29 11:50:58.749, 3, 17434, 100
2026/09/29 11:50:58.749, 4, 17434, 100
2026/09/29 11:50:58.749, 5, 17434, 100
2026/09/29 11:50:58.749, 6, 17434, 100
2026/09/29 11:50:58.750, 7, 17434, 100
2026/09/29 11:50:59.750, 0, 17434, 99
2026/09/29 11:50:59.750, 1, 17434, 100
2026/09/29 11:50:59.750, 2, 17434, 100
2026/09/29 11:50:59.750, 3, 17434, 100
2026/09/29 11:50:59.750, 4, 17434, 100
2026/09/29 11:50:59.750, 5, 17434, 100
2026/09/29 11:50:59.750, 6, 17434, 100
2026/09/29 11:50:59.750, 7, 17434, 100
2026/09/29 11:51:00.750, 0, 17434, 100
2026/09/29 11:51:00.750, 1, 17434, 100
2026/09/29 11:51:00.750, 2, 17434, 100
2026/09/29 11:51:00.751, 3, 17434, 100
2026/09/29 11:51:00.751, 4, 17434, 100
2026/09/29 11:51:00.751, 5, 17434, 100
2026/09/29 11:51:00.751, 6, 17434, 100
2026/09/29 11:51:00.751, 7, 17434, 100
2026/09/29 11:51:01.751, 0, 17434, 100
2026/09/29 11:51:01.751, 1, 17434, 100
2026/09/29 11:51:01.751, 2, 17434, 100
2026/09/29 11:51:01.751, 3, 17434, 100
2026/09/29 11:51:01.751, 4, 17434, 100
2026/09/29 11:51:01.751, 5, 17434, 100
2026/09/29 11:51:01.751, 6, 17434, 100
2026/09/29 11:51:01.751, 7, 17434, 100
2026/09/29 11:51:02.752, 0, 17434, 100
2026/09/29 11:51:02.752, 1, 17434, 100
2026/09/29 11:51:02.752, 2, 17434, 100
2026/09/29 11:51:02.752, 3, 17434, 100
2026/09/29 11:51:02.752, 4, 17434, 100
2026/09/29 11:51:02.752, 5, 17434, 100
2026/09/29 11:51:02.752, 6, 17434, 100
2026/09/29 11:51:02.752, 7, 17434, 100
2026/09/29 11:51:03.752, 0, 17434, 100
2026/09/29 11:51:03.752, 1, 17434, 100
2026/09/29 11:51:03.753, 2, 17434, 100
2026/09/29 11:51:03.753, 3, 17434, 100
2026/09/29 11:51:03.753, 4, 17434, 100
2026/09/29 11:51:03.753, 5, 17434, 100
2026/09/29 11:51:03.753, 6, 17434, 100
2026/09/29 11:51:03.753, 7, 17434, 100
2026/09/29 11:51:04.753, 0, 17434, 100
2026/09/29 11:51:04.753, 1, 17434, 100
2026/09/29 11:51:04.753, 2, 17434, 100
2026/09/29 11:51:04.753, 3, 17434, 100
2026/09/29 11:51:04.753, 4, 17434, 100
2026/09/29 11:51:04.753, 5, 17434, 100
2026/09/29 11:51:04.753, 6, 17434, 100
2026/09/29 11:51:04.753, 7, 17434, 100
2026/09/29 11:51:05.754, 0, 17434, 100
2026/09/29 11:51:05.754, 1, 17434, 100
2026/09/29 11:51:05.754, 2, 17434, 100
2026/09/29 11:51:05.754, 3, 17434, 100
2026/09/29 11:51:05.754, 4, 17434, 100
2026/09/29 11:51:05.754, 5, 17434, 100
2026/09/29 11:51:05.754, 6, 17434, 100
2026/09/29 11:51:05.754, 7, 17434, 100
2026/09/29 11:51:06.754, 0, 17434, 100
2026/09/29 11:51:06.754, 1, 17434, 100
2026/09/29 11:51:06.754, 2, 17434, 100
2026/09/29 11:51:06.755, 3, 17434, 100
2026/09/29 11:51:06.755, 4, 17434, 100
2026/09/29 11:51:06.755, 5, 17434, 100
2026/09/29 11:51:06.755, 6, 17434, 100
2026/09/29 11:51:06.755, 7, 17434, 100
2026/09/29 11:51:07.755, 0, 17434, 99
2026/09/29 11:51:07.755, 1, 17434, 98
2026/09/29 11:51:07.755, 2, 17434, 94
2026/09/29 11:51:07.755, 3, 17434, 98
2026/09/29 11:51:07.755, 4, 17434, 100
2026/09/29 11:51:07.755, 5, 17434, 95
2026/09/29 11:51:07.755, 6, 17434, 100
2026/09/29 11:51:07.755, 7, 17434, 100
2026/09/29 11:51:08.756, 0, 17434, 100
2026/09/29 11:51:08.756, 1, 17434, 100
2026/09/29 11:51:08.756, 2, 17434, 100
2026/09/29 11:51:08.756, 3, 17434, 100
2026/09/29 11:51:08.756, 4, 17434, 100
2026/09/29 11:51:08.756, 5, 17434, 100
2026/09/29 11:51:08.756, 6, 17434, 100
2026/09/29 11:51:08.756, 7, 17434, 100
2026/09/29 11:51:09.756, 0, 17434, 100
2026/09/29 11:51:09.756, 1, 17434, 100
2026/09/29 11:51:09.756, 2, 17434, 100
2026/09/29 11:51:09.756, 3, 17434, 100
2026/09/29 11:51:09.757, 4, 17434, 100
2026/09/29 11:51:09.757, 5, 17434, 100
2026/09/29 11:51:09.757, 6, 17434, 100
2026/09/29 11:51:09.757, 7, 17434, 100
2026/09/29 11:51:10.757, 0, 17434, 100
2026/09/29 11:51:10.757, 1, 17434, 100
2026/09/29 11:51:10.757, 2, 17434, 100
2026/09/29 11:51:10.757, 3, 17434, 100
2026/09/29 11:51:10.757, 4, 17434, 100
2026/09/29 11:51:10.757, 5, 17434, 100
2026/09/29 11:51:10.757, 6, 17434, 100
2026/09/29 11:51:10.757, 7, 17434, 100
2026/09/29 11:51:11.757, 0, 17434, 100
2026/09/29 11:51:11.758, 1, 17434, 100
2026/09/29 11:51:11.758, 2, 17434, 100
2026/09/29 11:51:11.758, 3, 17434, 100
2026/09/29 11:51:11.758, 4, 17434, 100
2026/09/29 11:51:11.758, 5, 17434, 100
2026/09/29 11:51:11.758, 6, 17434, 100
2026/09/29 11:51:11.758, 7, 17434, 100
2026/09/29 11:51:12.758, 0, 17434, 95
2026/09/29 11:51:12.758, 1, 17434, 96
2026/09/29 11:51:12.758, 2, 17434, 99
2026/09/29 11:51:12.758, 3, 17434, 96
2026/09/29 11:51:12.759, 4, 17434, 100
2026/09/29 11:51:12.759, 5, 17434, 100
2026/09/29 11:51:12.759, 6, 17434, 100
2026/09/29 11:51:12.759, 7, 17434, 100
2026/09/29 11:51:13.759, 0, 17434, 100
2026/09/29 11:51:13.759, 1, 17434, 100
2026/09/29 11:51:13.759, 2, 17434, 100
2026/09/29 11:51:13.759, 3, 17434, 100
2026/09/29 11:51:13.759, 4, 17434, 100
2026/09/29 11:51:13.759, 5, 17434, 100
2026/09/29 11:51:13.759, 6, 17434, 100
2026/09/29 11:51:13.759, 7, 17434, 100
2026/09/29 11:51:14.760, 0, 17434, 100
2026/09/29 11:51:14.760, 1, 17434, 100
2026/09/29 11:51:14.760, 2, 17434, 100
2026/09/29 11:51:14.760, 3, 17434, 100
2026/09/29 11:51:14.760, 4, 17434, 100
2026/09/29 11:51:14.760, 5, 17434, 100
2026/09/29 11:51:14.760, 6, 17434, 100
2026/09/29 11:51:14.760, 7, 17434, 100
2026/09/29 11:51:15.760, 0, 17434, 100
2026/09/29 11:51:15.760, 1, 17434, 100
2026/09/29 11:51:15.760, 2, 17434, 100
2026/09/29 11:51:15.760, 3, 17434, 100
2026/09/29 11:51:15.760, 4, 17434, 100
2026/09/29 11:51:15.760, 5, 17434, 100
2026/09/29 11:51:15.761, 6, 17434, 100
2026/09/29 11:51:15.761, 7, 17434, 100
2026/09/29 11:51:16.761, 0, 17434, 100
2026/09/29 11:51:16.761, 1, 17434, 100
2026/09/29 11:51:16.762, 2, 17434, 100
2026/09/29 11:51:16.762, 3, 17434, 100
2026/09/29 11:51:16.762, 4, 17434, 100
2026/09/29 11:51:16.762, 5, 17434, 100
2026/09/29 11:51:16.762, 6, 17434, 100
2026/09/29 11:51:16.762, 7, 17434, 100
2026/09/29 11:51:17.762, 0, 17434, 100
2026/09/29 11:51:17.762, 1, 17434, 100
2026/09/29 11:51:17.762, 2, 17434, 100
2026/09/29 11:51:17.762, 3, 17434, 100
2026/09/29 11:51:17.762, 4, 17434, 100
2026/09/29 11:51:17.763, 5, 17434, 100
2026/09/29 11:51:17.763, 6, 17434, 95
2026/09/29 11:51:17.763, 7, 17434, 100
2026/09/29 11:51:18.763, 0, 17434, 100
2026/09/29 11:51:18.763, 1, 17434, 100
2026/09/29 11:51:18.763, 2, 17434, 100
2026/09/29 11:51:18.763, 3, 17434, 100
2026/09/29 11:51:18.763, 4, 17434, 100
2026/09/29 11:51:18.763, 5, 17434, 100
2026/09/29 11:51:18.763, 6, 17434, 100
2026/09/29 11:51:18.763, 7, 17434, 100
2026/09/29 11:51:19.763, 0, 17434, 100
2026/09/29 11:51:19.764, 1, 17434, 100
2026/09/29 11:51:19.764, 2, 17434, 100
2026/09/29 11:51:19.764, 3, 17434, 100
2026/09/29 11:51:19.764, 4, 17434, 100
2026/09/29 11:51:19.764, 5, 17434, 100
2026/09/29 11:51:19.764, 6, 17434, 100
2026/09/29 11:51:19.764, 7, 17434, 100
2026/09/29 11:51:20.764, 0, 17434, 100
2026/09/29 11:51:20.764, 1, 17434, 100
2026/09/29 11:51:20.764, 2, 17434, 100
2026/09/29 11:51:20.764, 3, 17434, 100
2026/09/29 11:51:20.764, 4, 17434, 100
2026/09/29 11:51:20.764, 5, 17434, 100
2026/09/29 11:51:20.764, 6, 17434, 100
2026/09/29 11:51:20.765, 7, 17434, 100
2026/09/29 11:51:21.765, 0, 17434, 100
2026/09/29 11:51:21.766, 1, 17434, 100
2026/09/29 11:51:21.766, 2, 17434, 100
2026/09/29 11:51:21.767, 3, 17434, 100
2026/09/29 11:51:21.767, 4, 17434, 100
2026/09/29 11:51:21.767, 5, 17434, 100
2026/09/29 11:51:21.767, 6, 17434, 100
2026/09/29 11:51:21.767, 7, 17434, 100
2026/09/29 11:51:22.767, 0, 17434, 100
2026/09/29 11:51:22.767, 1, 17434, 100
2026/09/29 11:51:22.767, 2, 17434, 100
2026/09/29 11:51:22.767, 3, 17434, 100
2026/09/29 11:51:22.767, 4, 17434, 100
2026/09/29 11:51:22.767, 5, 17434, 100
2026/09/29 11:51:22.767, 6, 17434, 96
2026/09/29 11:51:22.768, 7, 17434, 100
2026/09/29 11:51:23.768, 0, 17434, 100
2026/09/29 11:51:23.768, 1, 17434, 100
2026/09/29 11:51:23.768, 2, 17434, 100
2026/09/29 11:51:23.768, 3, 17434, 100
2026/09/29 11:51:23.768, 4, 17434, 100
2026/09/29 11:51:23.768, 5, 17434, 100
2026/09/29 11:51:23.768, 6, 17434, 100
2026/09/29 11:51:23.768, 7, 17434, 100
2026/09/29 11:51:24.768, 0, 17434, 100
2026/09/29 11:51:24.768, 1, 17434, 100
2026/09/29 11:51:24.769, 2, 17434, 100
2026/09/29 11:51:24.769, 3, 17434, 100
2026/09/29 11:51:24.769, 4, 17434, 100
2026/09/29 11:51:24.769, 5, 17434, 100
2026/09/29 11:51:24.769, 6, 17434, 100
2026/09/29 11:51:24.769, 7, 17434, 100
2026/09/29 11:51:25.769, 0, 17434, 100
2026/09/29 11:51:25.769, 1, 17434, 100
2026/09/29 11:51:25.769, 2, 17434, 100
2026/09/29 11:51:25.769, 3, 17434, 100
2026/09/29 11:51:25.769, 4, 17434, 100
2026/09/29 11:51:25.769, 5, 17434, 100
2026/09/29 11:51:25.769, 6, 17434, 100
2026/09/29 11:51:25.769, 7, 17434, 100
2026/09/29 11:51:26.770, 0, 17434, 100
2026/09/29 11:51:26.770, 1, 17434, 100
2026/09/29 11:51:26.770, 2, 17434, 100
2026/09/29 11:51:26.770, 3, 17434, 100
2026/09/29 11:51:26.770, 4, 17434, 100
2026/09/29 11:51:26.770, 5, 17434, 100
2026/09/29 11:51:26.770, 6, 17434, 100
2026/09/29 11:51:26.770, 7, 17434, 100
2026/09/29 11:51:27.770, 0, 17434, 100
2026/09/29 11:51:27.770, 1, 17434, 100
2026/09/29 11:51:27.770, 2, 17434, 100
2026/09/29 11:51:27.771, 3, 17434, 100
2026/09/29 11:51:27.771, 4, 17434, 100
2026/09/29 11:51:27.771, 5, 17434, 100
2026/09/29 11:51:27.771, 6, 17434, 100
2026/09/29 11:51:27.771, 7, 17434, 100
2026/09/29 11:51:28.771, 0, 17434, 100
2026/09/29 11:51:28.771, 1, 17434, 100
2026/09/29 11:51:28.771, 2, 17434, 100
2026/09/29 11:51:28.771, 3, 17434, 100
2026/09/29 11:51:28.771, 4, 17434, 100
2026/09/29 11:51:28.771, 5, 17434, 100
2026/09/29 11:51:28.771, 6, 17434, 100
2026/09/29 11:51:28.771, 7, 17434, 100
2026/09/29 11:51:29.772, 0, 17434, 100
2026/09/29 11:51:29.772, 1, 17434, 100
2026/09/29 11:51:29.772, 2, 17434, 100
2026/09/29 11:51:29.772, 3, 17434, 100
2026/09/29 11:51:29.772, 4, 17434, 100
2026/09/29 11:51:29.772, 5, 17434, 100
2026/09/29 11:51:29.772, 6, 17434, 100
2026/09/29 11:51:29.772, 7, 17434, 100
2026/09/29 11:51:30.772, 0, 17434, 100
2026/09/29 11:51:30.772, 1, 17434, 100
2026/09/29 11:51:30.772, 2, 17434, 100
2026/09/29 11:51:30.772, 3, 17434, 100
2026/09/29 11:51:30.772, 4, 17434, 100
2026/09/29 11:51:30.773, 5, 17434, 100
2026/09/29 11:51:30.773, 6, 17434, 100
2026/09/29 11:51:30.773, 7, 17434, 100
2026/09/29 11:51:31.773, 0, 17434, 100
2026/09/29 11:51:31.773, 1, 17434, 100
2026/09/29 11:51:31.773, 2, 17434, 100
2026/09/29 11:51:31.773, 3, 17434, 100
2026/09/29 11:51:31.773, 4, 17434, 100
2026/09/29 11:51:31.773, 5, 17434, 100
2026/09/29 11:51:31.773, 6, 17434, 100
2026/09/29 11:51:31.773, 7, 17434, 100
2026/09/29 11:51:32.773, 0, 17434, 100
2026/09/29 11:51:32.774, 1, 17434, 100
2026/09/29 11:51:32.774, 2, 17434, 100
2026/09/29 11:51:32.774, 3, 17434, 100
2026/09/29 11:51:32.774, 4, 17434, 100
2026/09/29 11:51:32.774, 5, 17434, 100
2026/09/29 11:51:32.774, 6, 17434, 100
2026/09/29 11:51:32.774, 7, 17434, 100
2026/09/29 11:51:33.774, 0, 17434, 100
2026/09/29 11:51:33.774, 1, 17434, 100
2026/09/29 11:51:33.774, 2, 17434, 100
2026/09/29 11:51:33.774, 3, 17434, 100
2026/09/29 11:51:33.774, 4, 17434, 100
2026/09/29 11:51:33.774, 5, 17434, 100
2026/09/29 11:51:33.774, 6, 17434, 100
2026/09/29 11:51:33.775, 7, 17434, 100
2026/09/29 11:51:34.775, 0, 17434, 100
2026/09/29 11:51:34.775, 1, 17434, 100
2026/09/29 11:51:34.775, 2, 17434, 100
2026/09/29 11:51:34.775, 3, 17434, 100
2026/09/29 11:51:34.775, 4, 17434, 100
2026/09/29 11:51:34.775, 5, 17434, 100
2026/09/29 11:51:34.775, 6, 17434, 100
2026/09/29 11:51:34.775, 7, 17434, 100
2026/09/29 11:51:35.775, 0, 17434, 100
2026/09/29 11:51:35.775, 1, 17434, 100
2026/09/29 11:51:35.775, 2, 17434, 100
2026/09/29 11:51:35.776, 3, 17434, 100
2026/09/29 11:51:35.776, 4, 17434, 100
2026/09/29 11:51:35.776, 5, 17434, 100
2026/09/29 11:51:35.776, 6, 17434, 100
2026/09/29 11:51:35.776, 7, 17434, 100
2026/09/29 11:51:36.776, 0, 17434, 100
2026/09/29 11:51:36.777, 1, 17434, 100
2026/09/29 11:51:36.777, 2, 17434, 100
2026/09/29 11:51:36.777, 3, 17434, 100
2026/09/29 11:51:36.777, 4, 17434, 100
2026/09/29 11:51:36.777, 5, 17434, 100
2026/09/29 11:51:36.777, 6, 17434, 100
2026/09/29 11:51:36.777, 7, 17434, 100
2026/09/29 11:51:37.777, 0, 17434, 100
2026/09/29 11:51:37.777, 1, 17434, 100
2026/09/29 11:51:37.777, 2, 17434, 100
2026/09/29 11:51:37.777, 3, 17434, 100
2026/09/29 11:51:37.777, 4, 17434, 96
2026/09/29 11:51:37.777, 5, 17434, 100
2026/09/29 11:51:37.777, 6, 17434, 100
2026/09/29 11:51:37.778, 7, 17434, 94
2026/09/29 11:51:38.778, 0, 17434, 100
2026/09/29 11:51:38.778, 1, 17434, 100
2026/09/29 11:51:38.778, 2, 17434, 100
2026/09/29 11:51:38.778, 3, 17434, 100
2026/09/29 11:51:38.778, 4, 17434, 100
2026/09/29 11:51:38.778, 5, 17434, 100
2026/09/29 11:51:38.778, 6, 17434, 100
2026/09/29 11:51:38.778, 7, 17434, 100
2026/09/29 11:51:39.778, 0, 17434, 100
2026/09/29 11:51:39.778, 1, 17434, 100
2026/09/29 11:51:39.779, 2, 17434, 100
2026/09/29 11:51:39.779, 3, 17434, 100
2026/09/29 11:51:39.779, 4, 17434, 100
2026/09/29 11:51:39.779, 5, 17434, 100
2026/09/29 11:51:39.779, 6, 17434, 100
2026/09/29 11:51:39.779, 7, 17434, 100
2026/09/29 11:51:40.779, 0, 17434, 100
2026/09/29 11:51:40.779, 1, 17434, 99
2026/09/29 11:51:40.779, 2, 17434, 100
2026/09/29 11:51:40.779, 3, 17434, 100
2026/09/29 11:51:40.779, 4, 17434, 100
2026/09/29 11:51:40.779, 5, 17434, 100
2026/09/29 11:51:40.779, 6, 17434, 100
2026/09/29 11:51:40.779, 7, 17434, 100
2026/09/29 11:51:41.780, 0, 17434, 100
2026/09/29 11:51:41.780, 1, 17434, 100
2026/09/29 11:51:41.780, 2, 17434, 100
2026/09/29 11:51:41.780, 3, 17434, 100
2026/09/29 11:51:41.780, 4, 17434, 100
2026/09/29 11:51:41.780, 5, 17434, 100
2026/09/29 11:51:41.780, 6, 17434, 100
2026/09/29 11:51:41.780, 7, 17434, 100
2026/09/29 11:51:42.780, 0, 17434, 100
2026/09/29 11:51:42.780, 1, 17434, 100
2026/09/29 11:51:42.780, 2, 17434, 100
2026/09/29 11:51:42.781, 3, 17434, 100
2026/09/29 11:51:42.781, 4, 17434, 100
2026/09/29 11:51:42.781, 5, 17434, 100
2026/09/29 11:51:42.781, 6, 17434, 100
2026/09/29 11:51:42.781, 7, 17434, 100
2026/09/29 11:51:43.781, 0, 17434, 100
2026/09/29 11:51:43.781, 1, 17434, 100
2026/09/29 11:51:43.781, 2, 17434, 100
2026/09/29 11:51:43.781, 3, 17434, 100
2026/09/29 11:51:43.781, 4, 17434, 100
2026/09/29 11:51:43.781, 5, 17434, 100
2026/09/29 11:51:43.781, 6, 17434, 100
2026/09/29 11:51:43.781, 7, 17434, 100
2026/09/29 11:51:44.782, 0, 17434, 100
2026/09/29 11:51:44.782, 1, 17434, 100
2026/09/29 11:51:44.782, 2, 17434, 100
2026/09/29 11:51:44.782, 3, 17434, 100
2026/09/29 11:51:44.782, 4, 17434, 100
2026/09/29 11:51:44.782, 5, 17434, 100
2026/09/29 11:51:44.782, 6, 17434, 100
2026/09/29 11:51:44.782, 7, 17434, 100
2026/09/29 11:51:45.782, 0, 17434, 100
2026/09/29 11:51:45.782, 1, 17434, 100
2026/09/29 11:51:45.782, 2, 17434, 100
2026/09/29 11:51:45.782, 3, 17434, 100
2026/09/29 11:51:45.783, 4, 17434, 100
2026/09/29 11:51:45.783, 5, 17434, 100
2026/09/29 11:51:45.783, 6, 17434, 100
2026/09/29 11:51:45.783, 7, 17434, 100
2026/09/29 11:51:46.783, 0, 17434, 100
2026/09/29 11:51:46.783, 1, 17434, 100
2026/09/29 11:51:46.783, 2, 17434, 100
2026/09/29 11:51:46.783, 3, 17434, 100
2026/09/29 11:51:46.783, 4, 17434, 100
2026/09/29 11:51:46.783, 5, 17434, 100
2026/09/29 11:51:46.783, 6, 17434, 100
2026/09/29 11:51:46.783, 7, 17434, 100
2026/09/29 11:51:47.784, 0, 17434, 100
2026/09/29 11:51:47.784, 1, 17434, 100
2026/09/29 11:51:47.784, 2, 17434, 100
2026/09/29 11:51:47.784, 3, 17434, 100
2026/09/29 11:51:47.784, 4, 17434, 100
2026/09/29 11:51:47.784, 5, 17434, 100
2026/09/29 11:51:47.784, 6, 17434, 100
2026/09/29 11:51:47.784, 7, 17434, 100
2026/09/29 11:51:48.784, 0, 17434, 100
2026/09/29 11:51:48.784, 1, 17434, 100
2026/09/29 11:51:48.784, 2, 17434, 100
2026/09/29 11:51:48.785, 3, 17434, 100
2026/09/29 11:51:48.785, 4, 17434, 100
2026/09/29 11:51:48.785, 5, 17434, 100
2026/09/29 11:51:48.785, 6, 17434, 100
2026/09/29 11:51:48.785, 7, 17434, 100
2026/09/29 11:51:49.785, 0, 17434, 100
2026/09/29 11:51:49.785, 1, 17434, 100
2026/09/29 11:51:49.785, 2, 17434, 100
2026/09/29 11:51:49.785, 3, 17434, 100
2026/09/29 11:51:49.785, 4, 17434, 100
2026/09/29 11:51:49.785, 5, 17434, 100
2026/09/29 11:51:49.785, 6, 17434, 100
2026/09/29 11:51:49.785, 7, 17434, 100
2026/09/29 11:51:50.786, 0, 17434, 100
2026/09/29 11:51:50.786, 1, 17434, 100
2026/09/29 11:51:50.786, 2, 17434, 100
2026/09/29 11:51:50.786, 3, 17434, 100
2026/09/29 11:51:50.786, 4, 17434, 100
2026/09/29 11:51:50.786, 5, 17434, 100
2026/09/29 11:51:50.786, 6, 17434, 100
2026/09/29 11:51:50.786, 7, 17434, 100
2026/09/29 11:51:51.786, 0, 17434, 100
2026/09/29 11:51:51.786, 1, 17434, 100
2026/09/29 11:51:51.786, 2, 17434, 100
2026/09/29 11:51:51.786, 3, 17434, 100
2026/09/29 11:51:51.787, 4, 17434, 100
2026/09/29 11:51:51.787, 5, 17434, 100
2026/09/29 11:51:51.787, 6, 17434, 100
2026/09/29 11:51:51.787, 7, 17434, 100
2026/09/29 11:51:52.787, 0, 17434, 100
2026/09/29 11:51:52.787, 1, 17434, 100
2026/09/29 11:51:52.787, 2, 17434, 100
2026/09/29 11:51:52.787, 3, 17434, 100
2026/09/29 11:51:52.787, 4, 17434, 100
2026/09/29 11:51:52.787, 5, 17434, 100
2026/09/29 11:51:52.787, 6, 17434, 100
2026/09/29 11:51:52.787, 7, 17434, 100
2026/09/29 11:51:53.788, 0, 17434, 100
2026/09/29 11:51:53.788, 1, 17434, 100
2026/09/29 11:51:53.788, 2, 17434, 100
2026/09/29 11:51:53.788, 3, 17434, 100
2026/09/29 11:51:53.788, 4, 17434, 100
2026/09/29 11:51:53.788, 5, 17434, 100
2026/09/29 11:51:53.788, 6, 17434, 100
2026/09/29 11:51:53.788, 7, 17434, 100
2026/09/29 11:51:54.788, 0, 17434, 100
2026/09/29 11:51:54.788, 1, 17434, 100
2026/09/29 11:51:54.788, 2, 17434, 100
2026/09/29 11:51:54.788, 3, 17434, 100
2026/09/29 11:51:54.789, 4, 17434, 100
2026/09/29 11:51:54.789, 5, 17434, 100
2026/09/29 11:51:54.789, 6, 17434, 100
2026/09/29 11:51:54.789, 7, 17434, 100
2026/09/29 11:51:55.789, 0, 17434, 100
2026/09/29 11:51:55.789, 1, 17434, 100
2026/09/29 11:51:55.789, 2, 17434, 100
2026/09/29 11:51:55.789, 3, 17434, 100
2026/09/29 11:51:55.789, 4, 17434, 100
2026/09/29 11:51:55.789, 5, 17434, 100
2026/09/29 11:51:55.789, 6, 17434, 100
2026/09/29 11:51:55.789, 7, 17434, 100
2026/09/29 11:51:56.789, 0, 17434, 100
2026/09/29 11:51:56.790, 1, 17434, 100
2026/09/29 11:51:56.790, 2, 17434, 100
2026/09/29 11:51:56.790, 3, 17434, 100
2026/09/29 11:51:56.790, 4, 17434, 99
2026/09/29 11:51:56.790, 5, 17434, 100
2026/09/29 11:51:56.790, 6, 17434, 100
2026/09/29 11:51:56.790, 7, 17434, 100
2026/09/29 11:51:57.790, 0, 17434, 100
2026/09/29 11:51:57.790, 1, 17434, 100
2026/09/29 11:51:57.790, 2, 17434, 100
2026/09/29 11:51:57.790, 3, 17434, 100
2026/09/29 11:51:57.790, 4, 17434, 100
2026/09/29 11:51:57.790, 5, 17434, 100
2026/09/29 11:51:57.791, 6, 17434, 100
2026/09/29 11:51:57.791, 7, 17434, 100
2026/09/29 11:51:58.791, 0, 17434, 100
2026/09/29 11:51:58.791, 1, 17434, 100
2026/09/29 11:51:58.791, 2, 17434, 98
2026/09/29 11:51:58.791, 3, 17434, 100
2026/09/29 11:51:58.791, 4, 17434, 100
2026/09/29 11:51:58.791, 5, 17434, 94
2026/09/29 11:51:58.791, 6, 17434, 100
2026/09/29 11:51:58.791, 7, 17434, 100
2026/09/29 11:51:59.792, 0, 17434, 100
2026/09/29 11:51:59.792, 1, 17434, 100
2026/09/29 11:51:59.792, 2, 17434, 100
2026/09/29 11:51:59.792, 3, 17434, 100
2026/09/29 11:51:59.792, 4, 17434, 100
2026/09/29 11:51:59.792, 5, 17434, 100
2026/09/29 11:51:59.792, 6, 17434, 100
2026/09/29 11:51:59.792, 7, 17434, 100
2026/09/29 11:52:00.792, 0, 17434, 100
2026/09/29 11:52:00.792, 1, 17434, 100
2026/09/29 11:52:00.792, 2, 17434, 100
2026/09/29 11:52:00.793, 3, 17434, 100
2026/09/29 11:52:00.793, 4, 17434, 100
2026/09/29 11:52:00.793, 5, 17434, 100
2026/09/29 11:52:00.793, 6, 17434, 100
2026/09/29 11:52:00.793, 7, 17434, 100
2026/09/29 11:52:01.793, 0, 17434, 100
2026/09/29 11:52:01.793, 1, 17434, 100
2026/09/29 11:52:01.793, 2, 17434, 100
2026/09/29 11:52:01.793, 3, 17434, 100
2026/09/29 11:52:01.793, 4, 17434, 100
2026/09/29 11:52:01.793, 5, 17434, 100
2026/09/29 11:52:01.793, 6, 17434, 100
2026/09/29 11:52:01.793, 7, 17434, 100
2026/09/29 11:52:02.794, 0, 17434, 100
2026/09/29 11:52:02.794, 1, 17434, 100
2026/09/29 11:52:02.794, 2, 17434, 100
2026/09/29 11:52:02.794, 3, 17434, 100
2026/09/29 11:52:02.794, 4, 17434, 100
2026/09/29 11:52:02.794, 5, 17434, 100
2026/09/29 11:52:02.794, 6, 17434, 100
2026/09/29 11:52:02.794, 7, 17434, 100
2026/09/29 11:52:03.794, 0, 17434, 95
2026/09/29 11:52:03.794, 1, 17434, 95
2026/09/29 11:52:03.794, 2, 17434, 95
2026/09/29 11:52:03.795, 3, 17434, 99
2026/09/29 11:52:03.795, 4, 17434, 100
2026/09/29 11:52:03.795, 5, 17434, 100
2026/09/29 11:52:03.795, 6, 17434, 100
2026/09/29 11:52:03.795, 7, 17434, 100
2026/09/29 11:52:04.795, 0, 17434, 100
2026/09/29 11:52:04.795, 1, 17434, 100
2026/09/29 11:52:04.795, 2, 17434, 100
2026/09/29 11:52:04.795, 3, 17434, 100
2026/09/29 11:52:04.795, 4, 17434, 100
2026/09/29 11:52:04.795, 5, 17434, 100
2026/09/29 11:52:04.795, 6, 17434, 100
2026/09/29 11:52:04.795, 7, 17434, 100
2026/09/29 11:52:05.796, 0, 17434, 100
2026/09/29 11:52:05.796, 1, 17434, 100
2026/09/29 11:52:05.796, 2, 17434, 100
2026/09/29 11:52:05.796, 3, 17434, 100
2026/09/29 11:52:05.796, 4, 17434, 100
2026/09/29 11:52:05.796, 5, 17434, 100
2026/09/29 11:52:05.796, 6, 17434, 100
2026/09/29 11:52:05.796, 7, 17434, 100
2026/09/29 11:52:06.796, 0, 17434, 100
2026/09/29 11:52:06.796, 1, 17434, 100
2026/09/29 11:52:06.796, 2, 17434, 100
2026/09/29 11:52:06.796, 3, 17434, 100
2026/09/29 11:52:06.796, 4, 17434, 100
2026/09/29 11:52:06.797, 5, 17434, 100
2026/09/29 11:52:06.797, 6, 17434, 100
2026/09/29 11:52:06.797, 7, 17434, 100
2026/09/29 11:52:07.797, 0, 17434, 100
2026/09/29 11:52:07.797, 1, 17434, 100
2026/09/29 11:52:07.797, 2, 17434, 100
2026/09/29 11:52:07.797, 3, 17434, 100
2026/09/29 11:52:07.797, 4, 17434, 100
2026/09/29 11:52:07.797, 5, 17434, 100
2026/09/29 11:52:07.797, 6, 17434, 100
2026/09/29 11:52:07.797, 7, 17434, 100
2026/09/29 11:52:08.797, 0, 17434, 100
2026/09/29 11:52:08.798, 1, 17434, 100
2026/09/29 11:52:08.798, 2, 17434, 100
2026/09/29 11:52:08.798, 3, 17434, 96
2026/09/29 11:52:08.798, 4, 17434, 100
2026/09/29 11:52:08.798, 5, 17434, 100
2026/09/29 11:52:08.798, 6, 17434, 98
2026/09/29 11:52:08.798, 7, 17434, 100
2026/09/29 11:52:09.798, 0, 17434, 100
2026/09/29 11:52:09.798, 1, 17434, 100
2026/09/29 11:52:09.798, 2, 17434, 100
2026/09/29 11:52:09.798, 3, 17434, 100
2026/09/29 11:52:09.798, 4, 17434, 100
2026/09/29 11:52:09.798, 5, 17434, 100
2026/09/29 11:52:09.798, 6, 17434, 100
2026/09/29 11:52:09.799, 7, 17434, 100
2026/09/29 11:52:10.799, 0, 17434, 100
2026/09/29 11:52:10.799, 1, 17434, 100
2026/09/29 11:52:10.799, 2, 17434, 100
2026/09/29 11:52:10.799, 3, 17434, 100
2026/09/29 11:52:10.799, 4, 17434, 100
2026/09/29 11:52:10.799, 5, 17434, 100
2026/09/29 11:52:10.799, 6, 17434, 100
2026/09/29 11:52:10.799, 7, 17434, 100
2026/09/29 11:52:11.799, 0, 17434, 100
2026/09/29 11:52:11.799, 1, 17434, 100
2026/09/29 11:52:11.799, 2, 17434, 100
2026/09/29 11:52:11.799, 3, 17434, 100
2026/09/29 11:52:11.799, 4, 17434, 100
2026/09/29 11:52:11.799, 5, 17434, 100
2026/09/29 11:52:11.799, 6, 17434, 100
2026/09/29 11:52:11.799, 7, 17434, 100
2026/09/29 11:52:12.799, 0, 17434, 100
2026/09/29 11:52:12.800, 1, 17434, 100
2026/09/29 11:52:12.800, 2, 17434, 100
2026/09/29 11:52:12.800, 3, 17434, 100
2026/09/29 11:52:12.800, 4, 17434, 100
2026/09/29 11:52:12.800, 5, 17434, 100
2026/09/29 11:52:12.800, 6, 17434, 100
2026/09/29 11:52:12.800, 7, 17434, 100
2026/09/29 11:52:13.800, 0, 17434, 100
2026/09/29 11:52:13.800, 1, 17434, 100
2026/09/29 11:52:13.800, 2, 17434, 100
2026/09/29 11:52:13.800, 3, 17434, 100
2026/09/29 11:52:13.800, 4, 17434, 100
2026/09/29 11:52:13.800, 5, 17434, 100
2026/09/29 11:52:13.801, 6, 17434, 95
2026/09/29 11:52:13.801, 7, 17434, 100
2026/09/29 11:52:14.801, 0, 17434, 100
2026/09/29 11:52:14.801, 1, 17434, 100
2026/09/29 11:52:14.801, 2, 17434, 100
2026/09/29 11:52:14.801, 3, 17434, 100
2026/09/29 11:52:14.801, 4, 17434, 100
2026/09/29 11:52:14.801, 5, 17434, 100
2026/09/29 11:52:14.801, 6, 17434, 100
2026/09/29 11:52:14.801, 7, 17434, 100
2026/09/29 11:52:15.801, 0, 17434, 100
2026/09/29 11:52:15.801, 1, 17434, 100
2026/09/29 11:52:15.802, 2, 17434, 100
2026/09/29 11:52:15.802, 3, 17434, 100
2026/09/29 11:52:15.802, 4, 17434, 100
2026/09/29 11:52:15.802, 5, 17434, 100
2026/09/29 11:52:15.802, 6, 17434, 100
2026/09/29 11:52:15.802, 7, 17434, 100
2026/09/29 11:52:16.802, 0, 17434, 100
2026/09/29 11:52:16.802, 1, 17434, 100
2026/09/29 11:52:16.802, 2, 17434, 100
2026/09/29 11:52:16.802, 3, 17434, 100
2026/09/29 11:52:16.802, 4, 17434, 100
2026/09/29 11:52:16.802, 5, 17434, 100
2026/09/29 11:52:16.802, 6, 17434, 100
2026/09/29 11:52:16.803, 7, 17434, 100
2026/09/29 11:52:17.803, 0, 17434, 100
2026/09/29 11:52:17.803, 1, 17434, 100
2026/09/29 11:52:17.803, 2, 17434, 100
2026/09/29 11:52:17.803, 3, 17434, 100
2026/09/29 11:52:17.803, 4, 17434, 100
2026/09/29 11:52:17.803, 5, 17434, 100
2026/09/29 11:52:17.803, 6, 17434, 100
2026/09/29 11:52:17.803, 7, 17434, 100
2026/09/29 11:52:18.803, 0, 17434, 100
2026/09/29 11:52:18.803, 1, 17434, 100
2026/09/29 11:52:18.804, 2, 17434, 100
2026/09/29 11:52:18.804, 3, 17434, 100
2026/09/29 11:52:18.804, 4, 17434, 100
2026/09/29 11:52:18.804, 5, 17434, 100
2026/09/29 11:52:18.804, 6, 17434, 100
2026/09/29 11:52:18.804, 7, 17434, 100
2026/09/29 11:52:19.804, 0, 17434, 100
2026/09/29 11:52:19.804, 1, 17434, 100
2026/09/29 11:52:19.804, 2, 17434, 100
2026/09/29 11:52:19.804, 3, 17434, 100
2026/09/29 11:52:19.804, 4, 17434, 100
2026/09/29 11:52:19.804, 5, 17434, 100
2026/09/29 11:52:19.804, 6, 17434, 100
2026/09/29 11:52:19.804, 7, 17434, 100
2026/09/29 11:52:20.805, 0, 17434, 100
2026/09/29 11:52:20.805, 1, 17434, 100
2026/09/29 11:52:20.805, 2, 17434, 100
2026/09/29 11:52:20.805, 3, 17434, 100
2026/09/29 11:52:20.805, 4, 17434, 100
2026/09/29 11:52:20.805, 5, 17434, 100
2026/09/29 11:52:20.805, 6, 17434, 100
2026/09/29 11:52:20.805, 7, 17434, 100
2026/09/29 11:52:21.805, 0, 17434, 100
2026/09/29 11:52:21.805, 1, 17434, 100
2026/09/29 11:52:21.805, 2, 17434, 100
2026/09/29 11:52:21.805, 3, 17434, 100
2026/09/29 11:52:21.806, 4, 17434, 100
2026/09/29 11:52:21.806, 5, 17434, 100
2026/09/29 11:52:21.806, 6, 17434, 100
2026/09/29 11:52:21.806, 7, 17434, 100
2026/09/29 11:52:22.806, 0, 17434, 100
2026/09/29 11:52:22.806, 1, 17434, 100
2026/09/29 11:52:22.806, 2, 17434, 100
2026/09/29 11:52:22.806, 3, 17434, 100
2026/09/29 11:52:22.806, 4, 17434, 100
2026/09/29 11:52:22.806, 5, 17434, 100
2026/09/29 11:52:22.806, 6, 17434, 100
2026/09/29 11:52:22.806, 7, 17434, 100
2026/09/29 11:52:23.806, 0, 17434, 100
2026/09/29 11:52:23.807, 1, 17434, 100
2026/09/29 11:52:23.807, 2, 17434, 100
2026/09/29 11:52:23.807, 3, 17434, 100
2026/09/29 11:52:23.807, 4, 17434, 100
2026/09/29 11:52:23.807, 5, 17434, 100
2026/09/29 11:52:23.807, 6, 17434, 100
2026/09/29 11:52:23.807, 7, 17434, 100
2026/09/29 11:52:24.807, 0, 17434, 100
2026/09/29 11:52:24.807, 1, 17434, 100
2026/09/29 11:52:24.807, 2, 17434, 100
2026/09/29 11:52:24.808, 3, 17434, 100
2026/09/29 11:52:24.808, 4, 17434, 100
2026/09/29 11:52:24.808, 5, 17434, 100
2026/09/29 11:52:24.808, 6, 17434, 100
2026/09/29 11:52:24.808, 7, 17434, 100
2026/09/29 11:52:25.808, 0, 17434, 100
2026/09/29 11:52:25.808, 1, 17434, 100
2026/09/29 11:52:25.808, 2, 17434, 100
2026/09/29 11:52:25.808, 3, 17434, 100
2026/09/29 11:52:25.808, 4, 17434, 100
2026/09/29 11:52:25.808, 5, 17434, 100
2026/09/29 11:52:25.808, 6, 17434, 100
2026/09/29 11:52:25.808, 7, 17434, 100
2026/09/29 11:52:26.809, 0, 17434, 100
2026/09/29 11:52:26.809, 1, 17434, 100
2026/09/29 11:52:26.809, 2, 17434, 100
2026/09/29 11:52:26.809, 3, 17434, 100
2026/09/29 11:52:26.809, 4, 17434, 100
2026/09/29 11:52:26.809, 5, 17434, 100
2026/09/29 11:52:26.809, 6, 17434, 100
2026/09/29 11:52:26.809, 7, 17434, 100
2026/09/29 11:52:27.809, 0, 17434, 100
2026/09/29 11:52:27.809, 1, 17434, 100
2026/09/29 11:52:27.809, 2, 17434, 100
2026/09/29 11:52:27.809, 3, 17434, 100
2026/09/29 11:52:27.809, 4, 17434, 100
2026/09/29 11:52:27.810, 5, 17434, 100
2026/09/29 11:52:27.810, 6, 17434, 100
2026/09/29 11:52:27.810, 7, 17434, 100
2026/09/29 11:52:28.810, 0, 17434, 100
2026/09/29 11:52:28.810, 1, 17434, 100
2026/09/29 11:52:28.810, 2, 17434, 100
2026/09/29 11:52:28.810, 3, 17434, 100
2026/09/29 11:52:28.810, 4, 17434, 98
2026/09/29 11:52:28.810, 5, 17434, 100
2026/09/29 11:52:28.810, 6, 17434, 100
2026/09/29 11:52:28.810, 7, 17434, 99
2026/09/29 11:52:29.811, 0, 17434, 100
2026/09/29 11:52:29.811, 1, 17434, 100
2026/09/29 11:52:29.811, 2, 17434, 100
2026/09/29 11:52:29.811, 3, 17434, 100
2026/09/29 11:52:29.811, 4, 17434, 100
2026/09/29 11:52:29.811, 5, 17434, 100
2026/09/29 11:52:29.811, 6, 17434, 100
2026/09/29 11:52:29.811, 7, 17434, 100
2026/09/29 11:52:30.811, 0, 17434, 100
2026/09/29 11:52:30.811, 1, 17434, 100
2026/09/29 11:52:30.811, 2, 17434, 100
2026/09/29 11:52:30.811, 3, 17434, 100
2026/09/29 11:52:30.811, 4, 17434, 100
2026/09/29 11:52:30.812, 5, 17434, 100
2026/09/29 11:52:30.812, 6, 17434, 100
2026/09/29 11:52:30.812, 7, 17434, 100
2026/09/29 11:52:31.812, 0, 17434, 100
2026/09/29 11:52:31.812, 1, 17434, 100
2026/09/29 11:52:31.812, 2, 17434, 100
2026/09/29 11:52:31.812, 3, 17434, 100
2026/09/29 11:52:31.812, 4, 17434, 100
2026/09/29 11:52:31.812, 5, 17434, 100
2026/09/29 11:52:31.812, 6, 17434, 100
2026/09/29 11:52:31.812, 7, 17434, 100
2026/09/29 11:52:32.812, 0, 17434, 100
2026/09/29 11:52:32.813, 1, 17434, 100
2026/09/29 11:52:32.813, 2, 17434, 100
2026/09/29 11:52:32.813, 3, 17434, 100
2026/09/29 11:52:32.813, 4, 17434, 100
2026/09/29 11:52:32.813, 5, 17434, 100
2026/09/29 11:52:32.813, 6, 17434, 100
2026/09/29 11:52:32.813, 7, 17434, 100
2026/09/29 11:52:33.813, 0, 17434, 100
2026/09/29 11:52:33.813, 1, 17434, 100
2026/09/29 11:52:33.813, 2, 17434, 100
2026/09/29 11:52:33.813, 3, 17434, 100
2026/09/29 11:52:33.813, 4, 17434, 97
2026/09/29 11:52:33.813, 5, 17434, 100
2026/09/29 11:52:33.814, 6, 17434, 100
2026/09/29 11:52:33.814, 7, 17434, 96
2026/09/29 11:52:34.814, 0, 17434, 100
2026/09/29 11:52:34.814, 1, 17434, 100
2026/09/29 11:52:34.814, 2, 17434, 100
2026/09/29 11:52:34.814, 3, 17434, 100
2026/09/29 11:52:34.814, 4, 17434, 100
2026/09/29 11:52:34.814, 5, 17434, 100
2026/09/29 11:52:34.814, 6, 17434, 100
2026/09/29 11:52:34.814, 7, 17434, 100
2026/09/29 11:52:35.814, 0, 17434, 100
2026/09/29 11:52:35.814, 1, 17434, 100
2026/09/29 11:52:35.815, 2, 17434, 100
2026/09/29 11:52:35.815, 3, 17434, 100
2026/09/29 11:52:35.815, 4, 17434, 100
2026/09/29 11:52:35.815, 5, 17434, 100
2026/09/29 11:52:35.815, 6, 17434, 100
2026/09/29 11:52:35.815, 7, 17434, 100
2026/09/29 11:52:36.815, 0, 17434, 100
2026/09/29 11:52:36.815, 1, 17434, 100
2026/09/29 11:52:36.815, 2, 17434, 100
2026/09/29 11:52:36.815, 3, 17434, 100
2026/09/29 11:52:36.815, 4, 17434, 100
2026/09/29 11:52:36.815, 5, 17434, 100
2026/09/29 11:52:36.815, 6, 17434, 100
2026/09/29 11:52:36.815, 7, 17434, 100
2026/09/29 11:52:37.816, 0, 17434, 100
2026/09/29 11:52:37.816, 1, 17434, 100
2026/09/29 11:52:37.816, 2, 17434, 100
2026/09/29 11:52:37.816, 3, 17434, 100
2026/09/29 11:52:37.816, 4, 17434, 100
2026/09/29 11:52:37.816, 5, 17434, 100
2026/09/29 11:52:37.816, 6, 17434, 100
2026/09/29 11:52:37.816, 7, 17434, 100
2026/09/29 11:52:38.816, 0, 17434, 100
2026/09/29 11:52:38.816, 1, 17434, 100
2026/09/29 11:52:38.817, 2, 17434, 100
2026/09/29 11:52:38.817, 3, 17434, 100
2026/09/29 11:52:38.817, 4, 17434, 100
2026/09/29 11:52:38.817, 5, 17434, 100
2026/09/29 11:52:38.817, 6, 17434, 100
2026/09/29 11:52:38.817, 7, 17434, 100
2026/09/29 11:52:39.817, 0, 17434, 100
2026/09/29 11:52:39.817, 1, 17434, 100
2026/09/29 11:52:39.817, 2, 17434, 100
2026/09/29 11:52:39.817, 3, 17434, 100
2026/09/29 11:52:39.817, 4, 17434, 100
2026/09/29 11:52:39.817, 5, 17434, 100
2026/09/29 11:52:39.817, 6, 17434, 100
2026/09/29 11:52:39.817, 7, 17434, 100
2026/09/29 11:52:40.818, 0, 17434, 100
2026/09/29 11:52:40.818, 1, 17434, 100
2026/09/29 11:52:40.818, 2, 17434, 100
2026/09/29 11:52:40.818, 3, 17434, 100
2026/09/29 11:52:40.818, 4, 17434, 100
2026/09/29 11:52:40.818, 5, 17434, 100
2026/09/29 11:52:40.818, 6, 17434, 100
2026/09/29 11:52:40.818, 7, 17434, 100
2026/09/29 11:52:41.818, 0, 17434, 100
2026/09/29 11:52:41.818, 1, 17434, 100
2026/09/29 11:52:41.819, 2, 17434, 100
2026/09/29 11:52:41.819, 3, 17434, 100
2026/09/29 11:52:41.819, 4, 17434, 100
2026/09/29 11:52:41.819, 5, 17434, 100
2026/09/29 11:52:41.819, 6, 17434, 100
2026/09/29 11:52:41.819, 7, 17434, 100
2026/09/29 11:52:42.819, 0, 17434, 100
2026/09/29 11:52:42.819, 1, 17434, 100
2026/09/29 11:52:42.819, 2, 17434, 100
2026/09/29 11:52:42.819, 3, 17434, 100
2026/09/29 11:52:42.819, 4, 17434, 100
2026/09/29 11:52:42.819, 5, 17434, 100
2026/09/29 11:52:42.819, 6, 17434, 100
2026/09/29 11:52:42.819, 7, 17434, 100
2026/09/29 11:52:43.820, 0, 17434, 100
2026/09/29 11:52:43.820, 1, 17434, 100
2026/09/29 11:52:43.820, 2, 17434, 100
2026/09/29 11:52:43.820, 3, 17434, 100
2026/09/29 11:52:43.820, 4, 17434, 100
2026/09/29 11:52:43.820, 5, 17434, 100
2026/09/29 11:52:43.820, 6, 17434, 100
2026/09/29 11:52:43.820, 7, 17434, 100
2026/09/29 11:52:44.820, 0, 17434, 100
2026/09/29 11:52:44.820, 1, 17434, 100
2026/09/29 11:52:44.820, 2, 17434, 100
2026/09/29 11:52:44.821, 3, 17434, 100
2026/09/29 11:52:44.821, 4, 17434, 100
2026/09/29 11:52:44.821, 5, 17434, 100
2026/09/29 11:52:44.821, 6, 17434, 100
2026/09/29 11:52:44.821, 7, 17434, 100
2026/09/29 11:52:45.821, 0, 17434, 100
2026/09/29 11:52:45.821, 1, 17434, 100
2026/09/29 11:52:45.821, 2, 17434, 100
2026/09/29 11:52:45.821, 3, 17434, 100
2026/09/29 11:52:45.821, 4, 17434, 100
2026/09/29 11:52:45.821, 5, 17434, 100
2026/09/29 11:52:45.821, 6, 17434, 100
2026/09/29 11:52:45.821, 7, 17434, 100
2026/09/29 11:52:46.822, 0, 17434, 100
2026/09/29 11:52:46.822, 1, 17434, 100
2026/09/29 11:52:46.822, 2, 17434, 100
2026/09/29 11:52:46.822, 3, 17434, 100
2026/09/29 11:52:46.822, 4, 17434, 100
2026/09/29 11:52:46.822, 5, 17434, 100
2026/09/29 11:52:46.822, 6, 17434, 100
2026/09/29 11:52:46.822, 7, 17434, 100
2026/09/29 11:52:47.822, 0, 17434, 100
2026/09/29 11:52:47.822, 1, 17434, 100
2026/09/29 11:52:47.822, 2, 17434, 100
2026/09/29 11:52:47.822, 3, 17434, 100
2026/09/29 11:52:47.823, 4, 17434, 100
2026/09/29 11:52:47.823, 5, 17434, 100
2026/09/29 11:52:47.823, 6, 17434, 100
2026/09/29 11:52:47.823, 7, 17434, 100
2026/09/29 11:52:48.823, 0, 17434, 100
2026/09/29 11:52:48.823, 1, 17434, 100
2026/09/29 11:52:48.823, 2, 17434, 100
2026/09/29 11:52:48.823, 3, 17434, 100
2026/09/29 11:52:48.823, 4, 17434, 100
2026/09/29 11:52:48.823, 5, 17434, 100
2026/09/29 11:52:48.823, 6, 17434, 100
2026/09/29 11:52:48.823, 7, 17434, 100
2026/09/29 11:52:49.823, 0, 17434, 100
2026/09/29 11:52:49.824, 1, 17434, 100
2026/09/29 11:52:49.824, 2, 17434, 100
2026/09/29 11:52:49.824, 3, 17434, 100
2026/09/29 11:52:49.824, 4, 17434, 100
2026/09/29 11:52:49.824, 5, 17434, 100
2026/09/29 11:52:49.824, 6, 17434, 100
2026/09/29 11:52:49.824, 7, 17434, 100
2026/09/29 11:52:50.824, 0, 17434, 100
2026/09/29 11:52:50.824, 1, 17434, 100
2026/09/29 11:52:50.824, 2, 17434, 100
2026/09/29 11:52:50.824, 3, 17434, 100
2026/09/29 11:52:50.824, 4, 17434, 100
2026/09/29 11:52:50.825, 5, 17434, 100
2026/09/29 11:52:50.825, 6, 17434, 100
2026/09/29 11:52:50.825, 7, 17434, 100
2026/09/29 11:52:51.825, 0, 17434, 100
2026/09/29 11:52:51.825, 1, 17434, 100
2026/09/29 11:52:51.825, 2, 17434, 100
2026/09/29 11:52:51.825, 3, 17434, 100
2026/09/29 11:52:51.825, 4, 17434, 100
2026/09/29 11:52:51.825, 5, 17434, 100
2026/09/29 11:52:51.825, 6, 17434, 100
2026/09/29 11:52:51.825, 7, 17434, 100
2026/09/29 11:52:52.825, 0, 17434, 100
2026/09/29 11:52:52.826, 1, 17434, 100
2026/09/29 11:52:52.826, 2, 17434, 100
2026/09/29 11:52:52.826, 3, 17434, 100
2026/09/29 11:52:52.826, 4, 17434, 100
2026/09/29 11:52:52.826, 5, 17434, 100
2026/09/29 11:52:52.826, 6, 17434, 100
2026/09/29 11:52:52.826, 7, 17434, 100
2026/09/29 11:52:53.826, 0, 17434, 100
2026/09/29 11:52:53.826, 1, 17434, 100
2026/09/29 11:52:53.826, 2, 17434, 100
2026/09/29 11:52:53.826, 3, 17434, 100
2026/09/29 11:52:53.826, 4, 17434, 100
2026/09/29 11:52:53.826, 5, 17434, 100
2026/09/29 11:52:53.826, 6, 17434, 100
2026/09/29 11:52:53.827, 7, 17434, 100
2026/09/29 11:52:54.827, 0, 17434, 100
2026/09/29 11:52:54.827, 1, 17434, 99
2026/09/29 11:52:54.827, 2, 17434, 94
2026/09/29 11:52:54.827, 3, 17434, 100
2026/09/29 11:52:54.827, 4, 17434, 100
2026/09/29 11:52:54.827, 5, 17434, 93
2026/09/29 11:52:54.827, 6, 17434, 100
2026/09/29 11:52:54.827, 7, 17434, 100
2026/09/29 11:52:55.827, 0, 17434, 100
2026/09/29 11:52:55.827, 1, 17434, 100
2026/09/29 11:52:55.827, 2, 17434, 100
2026/09/29 11:52:55.828, 3, 17434, 100
2026/09/29 11:52:55.828, 4, 17434, 100
2026/09/29 11:52:55.828, 5, 17434, 100
2026/09/29 11:52:55.828, 6, 17434, 100
2026/09/29 11:52:55.828, 7, 17434, 100
2026/09/29 11:52:56.828, 0, 17434, 100
2026/09/29 11:52:56.828, 1, 17434, 100
2026/09/29 11:52:56.828, 2, 17434, 100
2026/09/29 11:52:56.828, 3, 17434, 100
2026/09/29 11:52:56.828, 4, 17434, 100
2026/09/29 11:52:56.828, 5, 17434, 100
2026/09/29 11:52:56.828, 6, 17434, 100
2026/09/29 11:52:56.828, 7, 17434, 100
2026/09/29 11:52:57.828, 0, 17434, 100
2026/09/29 11:52:57.828, 1, 17434, 100
2026/09/29 11:52:57.829, 2, 17434, 100
2026/09/29 11:52:57.829, 3, 17434, 100
2026/09/29 11:52:57.829, 4, 17434, 100
2026/09/29 11:52:57.829, 5, 17434, 100
2026/09/29 11:52:57.829, 6, 17434, 100
2026/09/29 11:52:57.829, 7, 17434, 100
2026/09/29 11:52:58.829, 0, 17434, 100
2026/09/29 11:52:58.829, 1, 17434, 100
2026/09/29 11:52:58.829, 2, 17434, 100
2026/09/29 11:52:58.829, 3, 17434, 100
2026/09/29 11:52:58.829, 4, 17434, 100
2026/09/29 11:52:58.829, 5, 17434, 100
2026/09/29 11:52:58.829, 6, 17434, 100
2026/09/29 11:52:58.829, 7, 17434, 100
2026/09/29 11:52:59.830, 0, 17434, 100
2026/09/29 11:52:59.830, 1, 17434, 95
2026/09/29 11:52:59.830, 2, 17434, 96
2026/09/29 11:52:59.830, 3, 17434, 99
2026/09/29 11:52:59.830, 4, 17434, 100
2026/09/29 11:52:59.830, 5, 17434, 99
2026/09/29 11:52:59.830, 6, 17434, 100
2026/09/29 11:52:59.830, 7, 17434, 100
2026/09/29 11:53:00.830, 0, 17434, 100
2026/09/29 11:53:00.830, 1, 17434, 100
2026/09/29 11:53:00.831, 2, 17434, 100
2026/09/29 11:53:00.831, 3, 17434, 100
2026/09/29 11:53:00.831, 4, 17434, 100
2026/09/29 11:53:00.831, 5, 17434, 100
2026/09/29 11:53:00.831, 6, 17434, 100
2026/09/29 11:53:00.831, 7, 17434, 100
2026/09/29 11:53:01.831, 0, 17434, 100
2026/09/29 11:53:01.831, 1, 17434, 100
2026/09/29 11:53:01.831, 2, 17434, 100
2026/09/29 11:53:01.831, 3, 17434, 100
2026/09/29 11:53:01.831, 4, 17434, 100
2026/09/29 11:53:01.831, 5, 17434, 100
2026/09/29 11:53:01.831, 6, 17434, 100
2026/09/29 11:53:01.831, 7, 17434, 100
2026/09/29 11:53:02.832, 0, 17434, 100
2026/09/29 11:53:02.832, 1, 17434, 100
2026/09/29 11:53:02.832, 2, 17434, 100
2026/09/29 11:53:02.832, 3, 17434, 100
2026/09/29 11:53:02.832, 4, 17434, 100
2026/09/29 11:53:02.832, 5, 17434, 100
2026/09/29 11:53:02.832, 6, 17434, 100
2026/09/29 11:53:02.832, 7, 17434, 100
2026/09/29 11:53:03.832, 0, 17434, 100
2026/09/29 11:53:03.832, 1, 17434, 100
2026/09/29 11:53:03.832, 2, 17434, 100
2026/09/29 11:53:03.832, 3, 17434, 100
2026/09/29 11:53:03.833, 4, 17434, 100
2026/09/29 11:53:03.833, 5, 17434, 100
2026/09/29 11:53:03.833, 6, 17434, 100
2026/09/29 11:53:03.833, 7, 17434, 100
2026/09/29 11:53:04.833, 0, 17434, 95
2026/09/29 11:53:04.833, 1, 17434, 100
2026/09/29 11:53:04.833, 2, 17434, 100
2026/09/29 11:53:04.833, 3, 17434, 95
2026/09/29 11:53:04.833, 4, 17434, 100
2026/09/29 11:53:04.833, 5, 17434, 100
2026/09/29 11:53:04.833, 6, 17434, 99
2026/09/29 11:53:04.833, 7, 17434, 100
2026/09/29 11:53:05.834, 0, 17434, 100
2026/09/29 11:53:05.834, 1, 17434, 100
2026/09/29 11:53:05.834, 2, 17434, 100
2026/09/29 11:53:05.834, 3, 17434, 100
2026/09/29 11:53:05.834, 4, 17434, 100
2026/09/29 11:53:05.834, 5, 17434, 100
2026/09/29 11:53:05.834, 6, 17434, 100
2026/09/29 11:53:05.834, 7, 17434, 100
2026/09/29 11:53:06.834, 0, 17434, 100
2026/09/29 11:53:06.834, 1, 17434, 100
2026/09/29 11:53:06.834, 2, 17434, 100
2026/09/29 11:53:06.834, 3, 17434, 100
2026/09/29 11:53:06.834, 4, 17434, 100
2026/09/29 11:53:06.835, 5, 17434, 100
2026/09/29 11:53:06.835, 6, 17434, 100
2026/09/29 11:53:06.835, 7, 17434, 100
2026/09/29 11:53:07.835, 0, 17434, 100
2026/09/29 11:53:07.835, 1, 17434, 100
2026/09/29 11:53:07.835, 2, 17434, 100
2026/09/29 11:53:07.835, 3, 17434, 100
2026/09/29 11:53:07.835, 4, 17434, 100
2026/09/29 11:53:07.835, 5, 17434, 100
2026/09/29 11:53:07.835, 6, 17434, 100
2026/09/29 11:53:07.835, 7, 17434, 100
2026/09/29 11:53:08.835, 0, 17434, 100
2026/09/29 11:53:08.835, 1, 17434, 100
2026/09/29 11:53:08.836, 2, 17434, 100
2026/09/29 11:53:08.836, 3, 17434, 100
2026/09/29 11:53:08.836, 4, 17434, 100
2026/09/29 11:53:08.836, 5, 17434, 100
2026/09/29 11:53:08.836, 6, 17434, 100
2026/09/29 11:53:08.836, 7, 17434, 100
2026/09/29 11:53:09.836, 0, 17434, 100
2026/09/29 11:53:09.836, 1, 17434, 100
2026/09/29 11:53:09.836, 2, 17434, 100
2026/09/29 11:53:09.836, 3, 17434, 100
2026/09/29 11:53:09.836, 4, 17434, 100
2026/09/29 11:53:09.836, 5, 17434, 100
2026/09/29 11:53:09.836, 6, 17434, 96
2026/09/29 11:53:09.836, 7, 17434, 100
2026/09/29 11:53:10.837, 0, 17434, 100
2026/09/29 11:53:10.837, 1, 17434, 100
2026/09/29 11:53:10.837, 2, 17434, 100
2026/09/29 11:53:10.837, 3, 17434, 100
2026/09/29 11:53:10.837, 4, 17434, 100
2026/09/29 11:53:10.837, 5, 17434, 100
2026/09/29 11:53:10.837, 6, 17434, 100
2026/09/29 11:53:10.837, 7, 17434, 100
2026/09/29 11:53:11.837, 0, 17434, 100
2026/09/29 11:53:11.837, 1, 17434, 100
2026/09/29 11:53:11.837, 2, 17434, 100
2026/09/29 11:53:11.838, 3, 17434, 100
2026/09/29 11:53:11.838, 4, 17434, 100
2026/09/29 11:53:11.838, 5, 17434, 100
2026/09/29 11:53:11.838, 6, 17434, 100
2026/09/29 11:53:11.838, 7, 17434, 100
2026/09/29 11:53:12.838, 0, 17434, 100
2026/09/29 11:53:12.838, 1, 17434, 100
2026/09/29 11:53:12.838, 2, 17434, 100
2026/09/29 11:53:12.838, 3, 17434, 100
2026/09/29 11:53:12.838, 4, 17434, 100
2026/09/29 11:53:12.838, 5, 17434, 100
2026/09/29 11:53:12.838, 6, 17434, 100
2026/09/29 11:53:12.838, 7, 17434, 100
2026/09/29 11:53:13.839, 0, 17434, 100
2026/09/29 11:53:13.839, 1, 17434, 100
2026/09/29 11:53:13.839, 2, 17434, 100
2026/09/29 11:53:13.839, 3, 17434, 100
2026/09/29 11:53:13.839, 4, 17434, 100
2026/09/29 11:53:13.839, 5, 17434, 100
2026/09/29 11:53:13.839, 6, 17434, 100
2026/09/29 11:53:13.839, 7, 17434, 100
2026/09/29 11:53:14.839, 0, 17434, 100
2026/09/29 11:53:14.839, 1, 17434, 100
2026/09/29 11:53:14.839, 2, 17434, 100
2026/09/29 11:53:14.839, 3, 17434, 100
2026/09/29 11:53:14.840, 4, 17434, 100
2026/09/29 11:53:14.840, 5, 17434, 100
2026/09/29 11:53:14.840, 6, 17434, 100
2026/09/29 11:53:14.840, 7, 17434, 100
2026/09/29 11:53:15.840, 0, 17434, 100
2026/09/29 11:53:15.840, 1, 17434, 100
2026/09/29 11:53:15.840, 2, 17434, 100
2026/09/29 11:53:15.840, 3, 17434, 100
2026/09/29 11:53:15.840, 4, 17434, 100
2026/09/29 11:53:15.840, 5, 17434, 100
2026/09/29 11:53:15.840, 6, 17434, 100
2026/09/29 11:53:15.840, 7, 17434, 100
2026/09/29 11:53:16.840, 0, 17434, 100
2026/09/29 11:53:16.841, 1, 17434, 100
2026/09/29 11:53:16.841, 2, 17434, 100
2026/09/29 11:53:16.841, 3, 17434, 100
2026/09/29 11:53:16.841, 4, 17434, 100
2026/09/29 11:53:16.841, 5, 17434, 100
2026/09/29 11:53:16.841, 6, 17434, 100
2026/09/29 11:53:16.841, 7, 17434, 100
2026/09/29 11:53:17.841, 0, 17434, 100
2026/09/29 11:53:17.841, 1, 17434, 100
2026/09/29 11:53:17.841, 2, 17434, 100
2026/09/29 11:53:17.841, 3, 17434, 100
2026/09/29 11:53:17.841, 4, 17434, 100
2026/09/29 11:53:17.842, 5, 17434, 100
2026/09/29 11:53:17.842, 6, 17434, 100
2026/09/29 11:53:17.842, 7, 17434, 100
2026/09/29 11:53:18.842, 0, 17434, 100
2026/09/29 11:53:18.842, 1, 17434, 100
2026/09/29 11:53:18.842, 2, 17434, 100
2026/09/29 11:53:18.842, 3, 17434, 100
2026/09/29 11:53:18.842, 4, 17434, 100
2026/09/29 11:53:18.842, 5, 17434, 100
2026/09/29 11:53:18.842, 6, 17434, 100
2026/09/29 11:53:18.842, 7, 17434, 100
2026/09/29 11:53:19.842, 0, 17434, 100
2026/09/29 11:53:19.843, 1, 17434, 100
2026/09/29 11:53:19.843, 2, 17434, 100
2026/09/29 11:53:19.843, 3, 17434, 100
2026/09/29 11:53:19.843, 4, 17434, 100
2026/09/29 11:53:19.843, 5, 17434, 100
2026/09/29 11:53:19.843, 6, 17434, 100
2026/09/29 11:53:19.843, 7, 17434, 100
2026/09/29 11:53:20.843, 0, 17434, 100
2026/09/29 11:53:20.843, 1, 17434, 100
2026/09/29 11:53:20.843, 2, 17434, 100
2026/09/29 11:53:20.843, 3, 17434, 100
2026/09/29 11:53:20.843, 4, 17434, 100
2026/09/29 11:53:20.843, 5, 17434, 100
2026/09/29 11:53:20.843, 6, 17434, 100
2026/09/29 11:53:20.844, 7, 17434, 100
2026/09/29 11:53:21.844, 0, 17434, 100
2026/09/29 11:53:21.844, 1, 17434, 100
2026/09/29 11:53:21.844, 2, 17434, 100
2026/09/29 11:53:21.844, 3, 17434, 100
2026/09/29 11:53:21.844, 4, 17434, 100
2026/09/29 11:53:21.844, 5, 17434, 100
2026/09/29 11:53:21.844, 6, 17434, 100
2026/09/29 11:53:21.844, 7, 17434, 100
2026/09/29 11:53:22.844, 0, 17434, 100
2026/09/29 11:53:22.844, 1, 17434, 100
2026/09/29 11:53:22.845, 2, 17434, 100
2026/09/29 11:53:22.845, 3, 17434, 100
2026/09/29 11:53:22.845, 4, 17434, 100
2026/09/29 11:53:22.845, 5, 17434, 100
2026/09/29 11:53:22.845, 6, 17434, 100
2026/09/29 11:53:22.845, 7, 17434, 100
2026/09/29 11:53:23.845, 0, 17434, 100
2026/09/29 11:53:23.845, 1, 17434, 100
2026/09/29 11:53:23.845, 2, 17434, 100
2026/09/29 11:53:23.845, 3, 17434, 100
2026/09/29 11:53:23.845, 4, 17434, 100
2026/09/29 11:53:23.845, 5, 17434, 100
2026/09/29 11:53:23.845, 6, 17434, 100
2026/09/29 11:53:23.845, 7, 17434, 100
2026/09/29 11:53:24.846, 0, 17434, 100
2026/09/29 11:53:24.846, 1, 17434, 100
2026/09/29 11:53:24.846, 2, 17434, 100
2026/09/29 11:53:24.846, 3, 17434, 100
2026/09/29 11:53:24.846, 4, 17434, 95
2026/09/29 11:53:24.846, 5, 17434, 100
2026/09/29 11:53:24.846, 6, 17434, 100
2026/09/29 11:53:24.846, 7, 17434, 100
2026/09/29 11:53:25.846, 0, 17434, 100
2026/09/29 11:53:25.846, 1, 17434, 100
2026/09/29 11:53:25.847, 2, 17434, 100
2026/09/29 11:53:25.847, 3, 17434, 100
2026/09/29 11:53:25.847, 4, 17434, 100
2026/09/29 11:53:25.847, 5, 17434, 100
2026/09/29 11:53:25.847, 6, 17434, 100
2026/09/29 11:53:25.847, 7, 17434, 100
2026/09/29 11:53:26.847, 0, 17434, 100
2026/09/29 11:53:26.847, 1, 17434, 100
2026/09/29 11:53:26.847, 2, 17434, 100
2026/09/29 11:53:26.847, 3, 17434, 100
2026/09/29 11:53:26.847, 4, 17434, 100
2026/09/29 11:53:26.847, 5, 17434, 100
2026/09/29 11:53:26.847, 6, 17434, 100
2026/09/29 11:53:26.847, 7, 17434, 100
2026/09/29 11:53:27.848, 0, 17434, 100
2026/09/29 11:53:27.848, 1, 17434, 100
2026/09/29 11:53:27.848, 2, 17434, 100
2026/09/29 11:53:27.848, 3, 17434, 100
2026/09/29 11:53:27.848, 4, 17434, 100
2026/09/29 11:53:27.848, 5, 17434, 100
2026/09/29 11:53:27.848, 6, 17434, 100
2026/09/29 11:53:27.848, 7, 17434, 100
2026/09/29 11:53:28.848, 0, 17434, 100
2026/09/29 11:53:28.848, 1, 17434, 100
2026/09/29 11:53:28.848, 2, 17434, 100
2026/09/29 11:53:28.848, 3, 17434, 100
2026/09/29 11:53:28.848, 4, 17434, 100
2026/09/29 11:53:28.849, 5, 17434, 100
2026/09/29 11:53:28.849, 6, 17434, 100
2026/09/29 11:53:28.849, 7, 17434, 100
2026/09/29 11:53:29.849, 0, 17434, 100
2026/09/29 11:53:29.849, 1, 17434, 100
2026/09/29 11:53:29.849, 2, 17434, 100
2026/09/29 11:53:29.849, 3, 17434, 100
2026/09/29 11:53:29.849, 4, 17434, 100
2026/09/29 11:53:29.849, 5, 17434, 100
2026/09/29 11:53:29.849, 6, 17434, 100
2026/09/29 11:53:29.849, 7, 17434, 94
2026/09/29 11:53:30.849, 0, 17434, 100
2026/09/29 11:53:30.850, 1, 17434, 100
2026/09/29 11:53:30.850, 2, 17434, 100
2026/09/29 11:53:30.850, 3, 17434, 100
2026/09/29 11:53:30.850, 4, 17434, 100
2026/09/29 11:53:30.850, 5, 17434, 100
2026/09/29 11:53:30.850, 6, 17434, 100
2026/09/29 11:53:30.850, 7, 17434, 100
2026/09/29 11:53:31.850, 0, 17434, 100
2026/09/29 11:53:31.850, 1, 17434, 100
2026/09/29 11:53:31.850, 2, 17434, 100
2026/09/29 11:53:31.850, 3, 17434, 100
2026/09/29 11:53:31.850, 4, 17434, 100
2026/09/29 11:53:31.850, 5, 17434, 100
2026/09/29 11:53:31.851, 6, 17434, 100
2026/09/29 11:53:31.851, 7, 17434, 100
2026/09/29 11:53:32.851, 0, 17434, 100
2026/09/29 11:53:32.851, 1, 17434, 100
2026/09/29 11:53:32.851, 2, 17434, 100
2026/09/29 11:53:32.851, 3, 17434, 100
2026/09/29 11:53:32.851, 4, 17434, 100
2026/09/29 11:53:32.851, 5, 17434, 100
2026/09/29 11:53:32.851, 6, 17434, 100
2026/09/29 11:53:32.851, 7, 17434, 100
2026/09/29 11:53:33.851, 0, 17434, 100
2026/09/29 11:53:33.852, 1, 17434, 100
2026/09/29 11:53:33.852, 2, 17434, 100
2026/09/29 11:53:33.852, 3, 17434, 100
2026/09/29 11:53:33.852, 4, 17434, 100
2026/09/29 11:53:33.852, 5, 17434, 100
2026/09/29 11:53:33.852, 6, 17434, 100
2026/09/29 11:53:33.852, 7, 17434, 100
2026/09/29 11:53:34.852, 0, 17434, 100
2026/09/29 11:53:34.852, 1, 17434, 100
2026/09/29 11:53:34.852, 2, 17434, 100
2026/09/29 11:53:34.852, 3, 17434, 100
2026/09/29 11:53:34.852, 4, 17434, 100
2026/09/29 11:53:34.852, 5, 17434, 100
2026/09/29 11:53:34.852, 6, 17434, 100
2026/09/29 11:53:34.853, 7, 17434, 95
2026/09/29 11:53:35.853, 0, 17434, 100
2026/09/29 11:53:35.853, 1, 17434, 100
2026/09/29 11:53:35.853, 2, 17434, 100
2026/09/29 11:53:35.853, 3, 17434, 100
2026/09/29 11:53:35.853, 4, 17434, 100
2026/09/29 11:53:35.853, 5, 17434, 100
2026/09/29 11:53:35.853, 6, 17434, 100
2026/09/29 11:53:35.853, 7, 17434, 100
2026/09/29 11:53:36.853, 0, 17434, 100
2026/09/29 11:53:36.853, 1, 17434, 100
2026/09/29 11:53:36.854, 2, 17434, 100
2026/09/29 11:53:36.854, 3, 17434, 100
2026/09/29 11:53:36.854, 4, 17434, 100
2026/09/29 11:53:36.854, 5, 17434, 100
2026/09/29 11:53:36.854, 6, 17434, 100
2026/09/29 11:53:36.854, 7, 17434, 100
2026/09/29 11:53:37.854, 0, 17434, 100
2026/09/29 11:53:37.854, 1, 17434, 100
2026/09/29 11:53:37.854, 2, 17434, 100
2026/09/29 11:53:37.854, 3, 17434, 100
2026/09/29 11:53:37.854, 4, 17434, 100
2026/09/29 11:53:37.854, 5, 17434, 100
2026/09/29 11:53:37.854, 6, 17434, 100
2026/09/29 11:53:37.854, 7, 17434, 100
2026/09/29 11:53:38.855, 0, 17434, 100
2026/09/29 11:53:38.855, 1, 17434, 100
2026/09/29 11:53:38.855, 2, 17434, 100
2026/09/29 11:53:38.855, 3, 17434, 100
2026/09/29 11:53:38.855, 4, 17434, 100
2026/09/29 11:53:38.855, 5, 17434, 100
2026/09/29 11:53:38.855, 6, 17434, 100
2026/09/29 11:53:38.855, 7, 17434, 100
2026/09/29 11:53:39.855, 0, 17434, 100
2026/09/29 11:53:39.855, 1, 17434, 100
2026/09/29 11:53:39.855, 2, 17434, 100
2026/09/29 11:53:39.856, 3, 17434, 100
2026/09/29 11:53:39.856, 4, 17434, 100
2026/09/29 11:53:39.856, 5, 17434, 100
2026/09/29 11:53:39.856, 6, 17434, 100
2026/09/29 11:53:39.856, 7, 17434, 100
2026/09/29 11:53:40.856, 0, 17434, 100
2026/09/29 11:53:40.856, 1, 17434, 100
2026/09/29 11:53:40.856, 2, 17434, 100
2026/09/29 11:53:40.856, 3, 17434, 100
2026/09/29 11:53:40.856, 4, 17434, 100
2026/09/29 11:53:40.856, 5, 17434, 100
2026/09/29 11:53:40.856, 6, 17434, 100
2026/09/29 11:53:40.856, 7, 17434, 100
2026/09/29 11:53:41.856, 0, 17434, 100
2026/09/29 11:53:41.857, 1, 17434, 100
2026/09/29 11:53:41.857, 2, 17434, 100
2026/09/29 11:53:41.857, 3, 17434, 100
2026/09/29 11:53:41.857, 4, 17434, 100
2026/09/29 11:53:41.857, 5, 17434, 100
2026/09/29 11:53:41.857, 6, 17434, 100
2026/09/29 11:53:41.857, 7, 17434, 100
2026/09/29 11:53:42.857, 0, 17434, 100
2026/09/29 11:53:42.857, 1, 17434, 100
2026/09/29 11:53:42.857, 2, 17434, 100
2026/09/29 11:53:42.857, 3, 17434, 100
2026/09/29 11:53:42.857, 4, 17434, 100
2026/09/29 11:53:42.857, 5, 17434, 100
2026/09/29 11:53:42.858, 6, 17434, 100
2026/09/29 11:53:42.858, 7, 17434, 100
2026/09/29 11:53:43.858, 0, 17434, 100
2026/09/29 11:53:43.858, 1, 17434, 100
2026/09/29 11:53:43.858, 2, 17434, 100
2026/09/29 11:53:43.858, 3, 17434, 100
2026/09/29 11:53:43.858, 4, 17434, 100
2026/09/29 11:53:43.858, 5, 17434, 100
2026/09/29 11:53:43.858, 6, 17434, 100
2026/09/29 11:53:43.858, 7, 17434, 100
2026/09/29 11:53:44.858, 0, 17434, 100
2026/09/29 11:53:44.858, 1, 17434, 100
2026/09/29 11:53:44.859, 2, 17434, 100
2026/09/29 11:53:44.859, 3, 17434, 100
2026/09/29 11:53:44.859, 4, 17434, 100
2026/09/29 11:53:44.859, 5, 17434, 100
2026/09/29 11:53:44.859, 6, 17434, 100
2026/09/29 11:53:44.859, 7, 17434, 100
2026/09/29 11:53:45.859, 0, 17434, 100
2026/09/29 11:53:45.859, 1, 17434, 100
2026/09/29 11:53:45.859, 2, 17434, 100
2026/09/29 11:53:45.859, 3, 17434, 100
2026/09/29 11:53:45.859, 4, 17434, 100
2026/09/29 11:53:45.859, 5, 17434, 100
2026/09/29 11:53:45.859, 6, 17434, 100
2026/09/29 11:53:45.859, 7, 17434, 100
2026/09/29 11:53:46.860, 0, 17434, 100
2026/09/29 11:53:46.860, 1, 17434, 100
2026/09/29 11:53:46.860, 2, 17434, 100
2026/09/29 11:53:46.860, 3, 17434, 100
2026/09/29 11:53:46.860, 4, 17434, 100
2026/09/29 11:53:46.860, 5, 17434, 100
2026/09/29 11:53:46.860, 6, 17434, 100
2026/09/29 11:53:46.860, 7, 17434, 100
2026/09/29 11:53:47.860, 0, 17434, 100
2026/09/29 11:53:47.860, 1, 17434, 100
2026/09/29 11:53:47.860, 2, 17434, 100
2026/09/29 11:53:47.861, 3, 17434, 100
2026/09/29 11:53:47.861, 4, 17434, 100
2026/09/29 11:53:47.861, 5, 17434, 100
2026/09/29 11:53:47.861, 6, 17434, 100
2026/09/29 11:53:47.861, 7, 17434, 100
2026/09/29 11:53:48.861, 0, 17434, 100
2026/09/29 11:53:48.861, 1, 17434, 100
2026/09/29 11:53:48.861, 2, 17434, 100
2026/09/29 11:53:48.861, 3, 17434, 100
2026/09/29 11:53:48.861, 4, 17434, 100
2026/09/29 11:53:48.861, 5, 17434, 100
2026/09/29 11:53:48.861, 6, 17434, 100
2026/09/29 11:53:48.861, 7, 17434, 100
2026/09/29 11:53:49.861, 0, 17434, 100
2026/09/29 11:53:49.862, 1, 17434, 100
2026/09/29 11:53:49.862, 2, 17434, 100
2026/09/29 11:53:49.862, 3, 17434, 100
2026/09/29 11:53:49.862, 4, 17434, 100
2026/09/29 11:53:49.862, 5, 17434, 100
2026/09/29 11:53:49.862, 6, 17434, 100
2026/09/29 11:53:49.862, 7, 17434, 100
2026/09/29 11:53:50.862, 0, 17434, 100
2026/09/29 11:53:50.862, 1, 17434, 99
2026/09/29 11:53:50.862, 2, 17434, 94
2026/09/29 11:53:50.862, 3, 17434, 100
2026/09/29 11:53:50.863, 4, 17434, 100
2026/09/29 11:53:50.863, 5, 17434, 93
2026/09/29 11:53:50.863, 6, 17434, 100
2026/09/29 11:53:50.863, 7, 17434, 100
2026/09/29 11:53:51.863, 0, 17434, 100
2026/09/29 11:53:51.863, 1, 17434, 100
2026/09/29 11:53:51.863, 2, 17434, 100
2026/09/29 11:53:51.863, 3, 17434, 100
2026/09/29 11:53:51.863, 4, 17434, 100
2026/09/29 11:53:51.863, 5, 17434, 100
2026/09/29 11:53:51.863, 6, 17434, 100
2026/09/29 11:53:51.863, 7, 17434, 100
2026/09/29 11:53:52.864, 0, 17434, 100
2026/09/29 11:53:52.864, 1, 17434, 100
2026/09/29 11:53:52.864, 2, 17434, 100
2026/09/29 11:53:52.864, 3, 17434, 100
2026/09/29 11:53:52.864, 4, 17434, 100
2026/09/29 11:53:52.864, 5, 17434, 100
2026/09/29 11:53:52.864, 6, 17434, 100
2026/09/29 11:53:52.864, 7, 17434, 100
2026/09/29 11:53:53.864, 0, 17434, 100
2026/09/29 11:53:53.864, 1, 17434, 100
2026/09/29 11:53:53.864, 2, 17434, 100
2026/09/29 11:53:53.864, 3, 17434, 100
2026/09/29 11:53:53.864, 4, 17434, 100
2026/09/29 11:53:53.864, 5, 17434, 100
2026/09/29 11:53:53.865, 6, 17434, 100
2026/09/29 11:53:53.865, 7, 17434, 100
2026/09/29 11:53:54.865, 0, 17434, 100
2026/09/29 11:53:54.865, 1, 17434, 100
2026/09/29 11:53:54.865, 2, 17434, 100
2026/09/29 11:53:54.865, 3, 17434, 100
2026/09/29 11:53:54.865, 4, 17434, 100
2026/09/29 11:53:54.865, 5, 17434, 100
2026/09/29 11:53:54.865, 6, 17434, 100
2026/09/29 11:53:54.865, 7, 17434, 100
2026/09/29 11:53:55.865, 0, 17434, 100
2026/09/29 11:53:55.866, 1, 17434, 96
2026/09/29 11:53:55.866, 2, 17434, 100
2026/09/29 11:53:55.866, 3, 17434, 99
2026/09/29 11:53:55.866, 4, 17434, 100
2026/09/29 11:53:55.866, 5, 17434, 100
2026/09/29 11:53:55.866, 6, 17434, 100
2026/09/29 11:53:55.866, 7, 17434, 100
2026/09/29 11:53:56.866, 0, 17434, 100
2026/09/29 11:53:56.867, 1, 17434, 100
2026/09/29 11:53:56.867, 2, 17434, 100
2026/09/29 11:53:56.867, 3, 17434, 100
2026/09/29 11:53:56.867, 4, 17434, 100
2026/09/29 11:53:56.867, 5, 17434, 100
2026/09/29 11:53:56.867, 6, 17434, 100
2026/09/29 11:53:56.867, 7, 17434, 100
2026/09/29 11:53:57.867, 0, 17434, 100
2026/09/29 11:53:57.868, 1, 17434, 100
2026/09/29 11:53:57.868, 2, 17434, 100
2026/09/29 11:53:57.868, 3, 17434, 100
2026/09/29 11:53:57.868, 4, 17434, 100
2026/09/29 11:53:57.868, 5, 17434, 100
2026/09/29 11:53:57.868, 6, 17434, 100
2026/09/29 11:53:57.868, 7, 17434, 100
2026/09/29 11:53:58.868, 0, 17434, 100
2026/09/29 11:53:58.868, 1, 17434, 100
2026/09/29 11:53:58.868, 2, 17434, 100
2026/09/29 11:53:58.868, 3, 17434, 100
2026/09/29 11:53:58.868, 4, 17434, 100
2026/09/29 11:53:58.868, 5, 17434, 100
2026/09/29 11:53:58.868, 6, 17434, 100
2026/09/29 11:53:58.868, 7, 17434, 100
2026/09/29 11:53:59.869, 0, 17434, 100
2026/09/29 11:53:59.869, 1, 17434, 100
2026/09/29 11:53:59.869, 2, 17434, 100
2026/09/29 11:53:59.869, 3, 17434, 100
2026/09/29 11:53:59.869, 4, 17434, 100
2026/09/29 11:53:59.869, 5, 17434, 100
2026/09/29 11:53:59.869, 6, 17434, 100
2026/09/29 11:53:59.869, 7, 17434, 100
2026/09/29 11:54:00.869, 0, 17434, 95
2026/09/29 11:54:00.869, 1, 17434, 100
2026/09/29 11:54:00.869, 2, 17434, 100
2026/09/29 11:54:00.869, 3, 17434, 96
2026/09/29 11:54:00.870, 4, 17434, 100
2026/09/29 11:54:00.870, 5, 17434, 100
2026/09/29 11:54:00.870, 6, 17434, 100
2026/09/29 11:54:00.870, 7, 17434, 100
2026/09/29 11:54:01.870, 0, 17434, 100
2026/09/29 11:54:01.870, 1, 17434, 100
2026/09/29 11:54:01.870, 2, 17434, 100
2026/09/29 11:54:01.870, 3, 17434, 100
2026/09/29 11:54:01.870, 4, 17434, 100
2026/09/29 11:54:01.870, 5, 17434, 100
2026/09/29 11:54:01.870, 6, 17434, 100
2026/09/29 11:54:01.870, 7, 17434, 100
2026/09/29 11:54:02.871, 0, 17434, 100
2026/09/29 11:54:02.871, 1, 17434, 100
2026/09/29 11:54:02.871, 2, 17434, 100
2026/09/29 11:54:02.871, 3, 17434, 100
2026/09/29 11:54:02.871, 4, 17434, 100
2026/09/29 11:54:02.871, 5, 17434, 100
2026/09/29 11:54:02.871, 6, 17434, 100
2026/09/29 11:54:02.871, 7, 17434, 100
2026/09/29 11:54:03.871, 0, 17434, 100
2026/09/29 11:54:03.871, 1, 17434, 100
2026/09/29 11:54:03.871, 2, 17434, 100
2026/09/29 11:54:03.871, 3, 17434, 100
2026/09/29 11:54:03.871, 4, 17434, 100
2026/09/29 11:54:03.872, 5, 17434, 100
2026/09/29 11:54:03.872, 6, 17434, 100
2026/09/29 11:54:03.872, 7, 17434, 100
2026/09/29 11:54:04.872, 0, 17434, 100
2026/09/29 11:54:04.872, 1, 17434, 100
2026/09/29 11:54:04.872, 2, 17434, 100
2026/09/29 11:54:04.872, 3, 17434, 100
2026/09/29 11:54:04.872, 4, 17434, 100
2026/09/29 11:54:04.872, 5, 17434, 100
2026/09/29 11:54:04.872, 6, 17434, 100
2026/09/29 11:54:04.872, 7, 17434, 100
2026/09/29 11:54:05.872, 0, 17434, 100
2026/09/29 11:54:05.873, 1, 17434, 100
2026/09/29 11:54:05.873, 2, 17434, 100
2026/09/29 11:54:05.873, 3, 17434, 100
2026/09/29 11:54:05.873, 4, 17434, 100
2026/09/29 11:54:05.873, 5, 17434, 100
2026/09/29 11:54:05.873, 6, 17434, 99
2026/09/29 11:54:05.873, 7, 17434, 100
2026/09/29 11:54:06.873, 0, 17434, 100
2026/09/29 11:54:06.873, 1, 17434, 100
2026/09/29 11:54:06.873, 2, 17434, 100
2026/09/29 11:54:06.873, 3, 17434, 100
2026/09/29 11:54:06.873, 4, 17434, 100
2026/09/29 11:54:06.874, 5, 17434, 100
2026/09/29 11:54:06.874, 6, 17434, 100
2026/09/29 11:54:06.874, 7, 17434, 100
2026/09/29 11:54:07.874, 0, 17434, 100
2026/09/29 11:54:07.874, 1, 17434, 100
2026/09/29 11:54:07.874, 2, 17434, 100
2026/09/29 11:54:07.874, 3, 17434, 100
2026/09/29 11:54:07.874, 4, 17434, 100
2026/09/29 11:54:07.874, 5, 17434, 100
2026/09/29 11:54:07.874, 6, 17434, 100
2026/09/29 11:54:07.874, 7, 17434, 100
2026/09/29 11:54:08.874, 0, 17434, 100
2026/09/29 11:54:08.875, 1, 17434, 100
2026/09/29 11:54:08.875, 2, 17434, 100
2026/09/29 11:54:08.875, 3, 17434, 100
2026/09/29 11:54:08.875, 4, 17434, 100
2026/09/29 11:54:08.875, 5, 17434, 100
2026/09/29 11:54:08.875, 6, 17434, 100
2026/09/29 11:54:08.875, 7, 17434, 100
2026/09/29 11:54:09.875, 0, 17434, 100
2026/09/29 11:54:09.875, 1, 17434, 100
2026/09/29 11:54:09.875, 2, 17434, 100
2026/09/29 11:54:09.875, 3, 17434, 100
2026/09/29 11:54:09.875, 4, 17434, 100
2026/09/29 11:54:09.875, 5, 17434, 100
2026/09/29 11:54:09.875, 6, 17434, 100
2026/09/29 11:54:09.876, 7, 17434, 100
2026/09/29 11:54:10.876, 0, 17434, 100
2026/09/29 11:54:10.876, 1, 17434, 100
2026/09/29 11:54:10.876, 2, 17434, 100
2026/09/29 11:54:10.876, 3, 17434, 100
2026/09/29 11:54:10.876, 4, 17434, 100
2026/09/29 11:54:10.876, 5, 17434, 100
2026/09/29 11:54:10.876, 6, 17434, 96
2026/09/29 11:54:10.876, 7, 17434, 100
2026/09/29 11:54:11.876, 0, 17434, 100
2026/09/29 11:54:11.876, 1, 17434, 100
2026/09/29 11:54:11.877, 2, 17434, 100
2026/09/29 11:54:11.877, 3, 17434, 100
2026/09/29 11:54:11.877, 4, 17434, 100
2026/09/29 11:54:11.877, 5, 17434, 100
2026/09/29 11:54:11.877, 6, 17434, 100
2026/09/29 11:54:11.877, 7, 17434, 100
2026/09/29 11:54:12.877, 0, 17434, 100
2026/09/29 11:54:12.877, 1, 17434, 100
2026/09/29 11:54:12.877, 2, 17434, 100
2026/09/29 11:54:12.877, 3, 17434, 100
2026/09/29 11:54:12.877, 4, 17434, 100
2026/09/29 11:54:12.877, 5, 17434, 100
2026/09/29 11:54:12.877, 6, 17434, 100
2026/09/29 11:54:12.877, 7, 17434, 100
2026/09/29 11:54:13.878, 0, 17434, 100
2026/09/29 11:54:13.878, 1, 17434, 100
2026/09/29 11:54:13.878, 2, 17434, 100
2026/09/29 11:54:13.878, 3, 17434, 100
2026/09/29 11:54:13.878, 4, 17434, 100
2026/09/29 11:54:13.878, 5, 17434, 100
2026/09/29 11:54:13.878, 6, 17434, 100
2026/09/29 11:54:13.878, 7, 17434, 100
2026/09/29 11:54:14.878, 0, 17434, 100
2026/09/29 11:54:14.878, 1, 17434, 100
2026/09/29 11:54:14.878, 2, 17434, 100
2026/09/29 11:54:14.879, 3, 17434, 100
2026/09/29 11:54:14.879, 4, 17434, 100
2026/09/29 11:54:14.879, 5, 17434, 100
2026/09/29 11:54:14.879, 6, 17434, 100
2026/09/29 11:54:14.879, 7, 17434, 100
2026/09/29 11:54:15.879, 0, 17434, 100
2026/09/29 11:54:15.879, 1, 17434, 100
2026/09/29 11:54:15.879, 2, 17434, 100
2026/09/29 11:54:15.879, 3, 17434, 100
2026/09/29 11:54:15.879, 4, 17434, 100
2026/09/29 11:54:15.879, 5, 17434, 100
2026/09/29 11:54:15.879, 6, 17434, 100
2026/09/29 11:54:15.879, 7, 17434, 100
2026/09/29 11:54:16.880, 0, 17434, 24
2026/09/29 11:54:16.880, 1, 17434, 99
2026/09/29 11:54:16.880, 2, 17434, 100
2026/09/29 11:54:16.880, 3, 17434, 99
2026/09/29 11:54:16.880, 4, 17434, 100
2026/09/29 11:54:16.880, 5, 17434, 100
2026/09/29 11:54:16.880, 6, 17434, 100
2026/09/29 11:54:16.880, 7, 17434, 50
2026/09/29 11:54:17.880, 0, 17434, 0
2026/09/29 11:54:17.881, 1, 17434, 0
2026/09/29 11:54:17.881, 2, 17434, 0
2026/09/29 11:54:17.881, 3, 17434, 0
2026/09/29 11:54:17.881, 4, 17434, 0
2026/09/29 11:54:17.881, 5, 17434, 0
2026/09/29 11:54:17.881, 6, 17434, 0
2026/09/29 11:54:17.881, 7, 17434, 0
2026/09/29 11:54:18.881, 0, 17434, 0
2026/09/29 11:54:18.881, 1, 17434, 0
2026/09/29 11:54:18.881, 2, 17434, 0
2026/09/29 11:54:18.881, 3, 17434, 0
2026/09/29 11:54:18.881, 4, 17434, 0
2026/09/29 11:54:18.881, 5, 17434, 0
2026/09/29 11:54:18.881, 6, 17434, 0
2026/09/29 11:54:18.881, 7, 17434, 0
2026/09/29 11:54:19.882, 0, 17434, 0
2026/09/29 11:54:19.882, 1, 17434, 0
2026/09/29 11:54:19.882, 2, 17434, 0
2026/09/29 11:54:19.882, 3, 17434, 0
2026/09/29 11:54:19.882, 4, 17434, 0
2026/09/29 11:54:19.882, 5, 17434, 0
2026/09/29 11:54:19.882, 6, 17434, 0
2026/09/29 11:54:19.882, 7, 17434, 0
2026/09/29 11:54:20.882, 0, 17434, 0
2026/09/29 11:54:20.882, 1, 17434, 0
2026/09/29 11:54:20.882, 2, 17434, 0
2026/09/29 11:54:20.882, 3, 17434, 0
2026/09/29 11:54:20.882, 4, 17434, 0
2026/09/29 11:54:20.883, 5, 17434, 0
2026/09/29 11:54:20.883, 6, 17434, 0
2026/09/29 11:54:20.883, 7, 17434, 0
2026/09/29 11:54:21.883, 0, 17434, 0
2026/09/29 11:54:21.885, 1, 17434, 0
2026/09/29 11:54:21.886, 2, 17434, 0
2026/09/29 11:54:21.893, 3, 17418, 0
2026/09/29 11:54:21.894, 4, 17434, 0
2026/09/29 11:54:21.894, 5, 17434, 0
2026/09/29 11:54:21.894, 6, 17434, 0
2026/09/29 11:54:21.894, 7, 17434, 0
2026/09/29 11:54:22.894, 0, 17342, 39
2026/09/29 11:54:22.894, 1, 17434, 0
2026/09/29 11:54:22.894, 2, 17434, 0
2026/09/29 11:54:22.894, 3, 17418, 0
2026/09/29 11:54:22.894, 4, 17434, 0
2026/09/29 11:54:22.894, 5, 17434, 0
2026/09/29 11:54:22.894, 6, 17434, 0
2026/09/29 11:54:22.894, 7, 17434, 0
2026/09/29 11:54:23.895, 0, 17342, 0
2026/09/29 11:54:23.895, 1, 17342, 0
2026/09/29 11:54:23.895, 2, 17434, 0
2026/09/29 11:54:23.895, 3, 17418, 0
2026/09/29 11:54:23.895, 4, 17434, 0
2026/09/29 11:54:23.895, 5, 17434, 0
2026/09/29 11:54:23.895, 6, 17434, 0
2026/09/29 11:54:23.895, 7, 17386, 0
2026/09/29 11:54:24.895, 0, 17342, 0
2026/09/29 11:54:24.895, 1, 17342, 0
2026/09/29 11:54:24.895, 2, 17342, 0
2026/09/29 11:54:24.895, 3, 17418, 0
2026/09/29 11:54:24.895, 4, 17342, 0
2026/09/29 11:54:24.896, 5, 17434, 0
2026/09/29 11:54:24.896, 6, 17434, 0
2026/09/29 11:54:24.896, 7, 17386, 0
2026/09/29 11:54:25.896, 0, 17342, 0
2026/09/29 11:54:25.896, 1, 17342, 0
2026/09/29 11:54:25.896, 2, 17342, 0
2026/09/29 11:54:25.896, 3, 17346, 0
2026/09/29 11:54:25.896, 4, 17342, 0
2026/09/29 11:54:25.896, 5, 17434, 0
2026/09/29 11:54:25.896, 6, 17434, 0
2026/09/29 11:54:25.896, 7, 17386, 0
2026/09/29 11:54:26.896, 0, 17342, 0
2026/09/29 11:54:26.896, 1, 17342, 0
2026/09/29 11:54:26.897, 2, 17342, 0
2026/09/29 11:54:26.897, 3, 17326, 0
2026/09/29 11:54:26.897, 4, 17342, 0
2026/09/29 11:54:26.897, 5, 17342, 0
2026/09/29 11:54:26.897, 6, 17342, 0
2026/09/29 11:54:26.897, 7, 17386, 0
2026/09/29 11:54:27.897, 0, 17342, 0
2026/09/29 11:54:27.897, 1, 17342, 0
2026/09/29 11:54:27.898, 2, 17342, 0
2026/09/29 11:54:27.898, 3, 17326, 0
2026/09/29 11:54:27.898, 4, 17342, 0
2026/09/29 11:54:27.898, 5, 17342, 0
2026/09/29 11:54:27.898, 6, 17342, 0
2026/09/29 11:54:27.898, 7, 17294, 0
2026/09/29 11:54:28.898, 0, 4, 0
2026/09/29 11:54:36.240, 1, 4, 0
2026/09/29 11:55:30.093, 2, 4, 0
2026/09/29 11:55:30.156, 3, 4, 0
2026/09/29 11:55:30.156, 4, 4, 0
2026/09/29 11:55:30.156, 5, 4, 0
2026/09/29 11:55:30.156, 6, 4, 0
2026/09/29 11:55:30.156, 7, 4, 0
2026/09/29 11:55:31.156, 0, 4, 0
2026/09/29 11:55:31.156, 1, 4, 0
2026/09/29 11:55:31.156, 2, 4, 0
2026/09/29 11:55:31.156, 3, 4, 0
2026/09/29 11:55:31.156, 4, 4, 0
2026/09/29 11:55:31.156, 5, 4, 0
2026/09/29 11:55:31.156, 6, 4, 0
2026/09/29 11:55:31.156, 7, 4, 0
2026/09/29 11:55:32.157, 0, 4, 0
2026/09/29 11:55:32.157, 1, 4, 0
2026/09/29 11:55:32.157, 2, 4, 0
2026/09/29 11:55:32.157, 3, 4, 0
2026/09/29 11:55:32.157, 4, 4, 0
2026/09/29 11:55:32.157, 5, 4, 0
2026/09/29 11:55:32.157, 6, 4, 0
2026/09/29 11:55:32.157, 7, 4, 0
2026/09/29 11:55:33.157, 0, 4, 0
2026/09/29 11:55:33.157, 1, 4, 0
2026/09/29 11:55:33.157, 2, 4, 0
2026/09/29 11:55:33.158, 3, 4, 0
2026/09/29 11:55:33.158, 4, 4, 0
2026/09/29 11:55:33.158, 5, 4, 0
2026/09/29 11:55:33.158, 6, 4, 0
2026/09/29 11:55:33.158, 7, 4, 0
2026/09/29 11:55:34.158, 0, 4, 0
2026/09/29 11:55:34.158, 1, 4, 0
2026/09/29 11:55:34.158, 2, 4, 0
2026/09/29 11:55:34.158, 3, 4, 0
2026/09/29 11:55:34.158, 4, 4, 0
2026/09/29 11:55:34.158, 5, 4, 0
2026/09/29 11:55:34.158, 6, 4, 0
2026/09/29 11:55:34.158, 7, 4, 0
2026/09/29 11:55:35.159, 0, 4, 0
2026/09/29 11:55:35.159, 1, 4, 0
2026/09/29 11:55:35.159, 2, 4, 0
2026/09/29 11:55:35.159, 3, 4, 0
2026/09/29 11:55:35.159, 4, 4, 0
2026/09/29 11:55:35.159, 5, 4, 0
2026/09/29 11:55:35.159, 6, 4, 0
2026/09/29 11:55:35.159, 7, 4, 0
2026/09/29 11:55:36.159, 0, 4, 0
2026/09/29 11:55:36.160, 1, 4, 0
2026/09/29 11:55:36.160, 2, 4, 0
2026/09/29 11:55:36.160, 3, 4, 0
2026/09/29 11:55:36.160, 4, 4, 0
2026/09/29 11:55:36.160, 5, 4, 0
2026/09/29 11:55:36.160, 6, 4, 0
2026/09/29 11:55:36.160, 7, 4, 0
2026/09/29 11:55:37.160, 0, 4, 0
2026/09/29 11:55:37.160, 1, 4, 0
2026/09/29 11:55:37.160, 2, 4, 0
2026/09/29 11:55:37.160, 3, 4, 0
2026/09/29 11:55:37.161, 4, 4, 0
2026/09/29 11:55:37.161, 5, 4, 0
2026/09/29 11:55:37.161, 6, 4, 0
2026/09/29 11:55:37.161, 7, 4, 0
2026/09/29 11:55:38.161, 0, 4, 0
2026/09/29 11:55:38.161, 1, 4, 0
2026/09/29 11:55:38.162, 2, 4, 0
2026/09/29 11:55:38.162, 3, 4, 0
2026/09/29 11:55:38.162, 4, 4, 0
2026/09/29 11:55:38.162, 5, 4, 0
2026/09/29 11:55:38.162, 6, 4, 0
2026/09/29 11:55:38.162, 7, 4, 0
2026/09/29 11:55:39.162, 0, 4, 0
2026/09/29 11:55:39.162, 1, 4, 0
2026/09/29 11:55:39.162, 2, 4, 0
2026/09/29 11:55:39.162, 3, 4, 0
2026/09/29 11:55:39.162, 4, 4, 0
2026/09/29 11:55:39.162, 5, 4, 0
2026/09/29 11:55:39.162, 6, 4, 0
2026/09/29 11:55:39.162, 7, 4, 0
2026/09/29 11:55:40.163, 0, 4, 0
2026/09/29 11:55:40.163, 1, 4, 0
2026/09/29 11:55:40.163, 2, 4, 0
2026/09/29 11:55:40.163, 3, 4, 0
2026/09/29 11:55:40.163, 4, 4, 0
2026/09/29 11:55:40.163, 5, 4, 0
2026/09/29 11:55:40.163, 6, 4, 0
2026/09/29 11:55:40.163, 7, 4, 0
2026/09/29 11:55:41.163, 0, 4, 0
2026/09/29 11:55:41.163, 1, 4, 0
2026/09/29 11:55:41.163, 2, 4, 0
2026/09/29 11:55:41.163, 3, 4, 0
2026/09/29 11:55:41.163, 4, 4, 0
2026/09/29 11:55:41.163, 5, 4, 0
2026/09/29 11:55:41.164, 6, 4, 0
2026/09/29 11:55:41.164, 7, 4, 0
2026/09/29 11:55:42.164, 0, 4, 0
2026/09/29 11:55:42.164, 1, 4, 0
2026/09/29 11:55:42.164, 2, 4, 0
2026/09/29 11:55:42.164, 3, 4, 0
2026/09/29 11:55:42.164, 4, 4, 0
2026/09/29 11:55:42.164, 5, 4, 0
2026/09/29 11:55:42.164, 6, 4, 0
2026/09/29 11:55:42.164, 7, 4, 0
2026/09/29 11:55:43.164, 0, 4, 0
2026/09/29 11:55:43.164, 1, 4, 0
2026/09/29 11:55:43.165, 2, 4, 0
2026/09/29 11:55:43.165, 3, 4, 0
2026/09/29 11:55:43.165, 4, 4, 0
2026/09/29 11:55:43.165, 5, 4, 0
2026/09/29 11:55:43.165, 6, 4, 0
2026/09/29 11:55:43.165, 7, 4, 0
2026/09/29 11:55:44.165, 0, 4, 0
2026/09/29 11:55:44.165, 1, 4, 0
2026/09/29 11:55:44.165, 2, 4, 0
2026/09/29 11:55:44.165, 3, 4, 0
2026/09/29 11:55:44.165, 4, 4, 0
2026/09/29 11:55:44.165, 5, 4, 0
2026/09/29 11:55:44.166, 6, 4, 0
2026/09/29 11:55:44.166, 7, 4, 0
2026/09/29 11:55:45.166, 0, 4, 0
2026/09/29 11:55:45.166, 1, 4, 0
2026/09/29 11:55:45.166, 2, 4, 0
2026/09/29 11:55:45.166, 3, 4, 0
2026/09/29 11:55:45.166, 4, 4, 0
2026/09/29 11:55:45.166, 5, 4, 0
2026/09/29 11:55:45.166, 6, 4, 0
2026/09/29 11:55:45.166, 7, 4, 0
2026/09/29 11:55:46.166, 0, 4, 0
2026/09/29 11:55:46.166, 1, 4, 0
2026/09/29 11:55:46.167, 2, 4, 0
2026/09/29 11:55:46.167, 3, 4, 0
2026/09/29 11:55:46.167, 4, 4, 0
2026/09/29 11:55:46.167, 5, 4, 0
2026/09/29 11:55:46.167, 6, 4, 0
2026/09/29 11:55:46.167, 7, 4, 0
