2026/09/29 11:20:51.262, 0, 1, 0
2026/09/29 11:20:51.264, 1, 1, 0
2026/09/29 11:20:51.266, 2, 1, 0
2026/09/29 11:20:51.268, 3, 1, 0
2026/09/29 11:20:51.270, 4, 1, 0
2026/09/29 11:20:51.272, 5, 1, 0
2026/09/29 11:20:51.274, 6, 1, 0
2026/09/29 11:20:51.277, 7, 1, 0
2026/09/29 11:20:52.279, 0, 1, 0
2026/09/29 11:20:52.279, 1, 1, 0
2026/09/29 11:20:52.279, 2, 1, 0
2026/09/29 11:20:52.279, 3, 1, 0
2026/09/29 11:20:52.279, 4, 1, 0
2026/09/29 11:20:52.279, 5, 1, 0
2026/09/29 11:20:52.279, 6, 1, 0
2026/09/29 11:20:52.279, 7, 1, 0
2026/09/29 11:20:53.279, 0, 1, 0
2026/09/29 11:20:53.279, 1, 1, 0
2026/09/29 11:20:53.280, 2, 1, 0
2026/09/29 11:20:53.280, 3, 1, 0
2026/09/29 11:20:53.280, 4, 1, 0
2026/09/29 11:20:53.280, 5, 1, 0
2026/09/29 11:20:53.280, 6, 1, 0
2026/09/29 11:20:53.280, 7, 1, 0
2026/09/29 11:20:54.280, 0, 1, 0
2026/09/29 11:20:54.298, 1, 1, 0
2026/09/29 11:20:54.299, 2, 1, 0
2026/09/29 11:20:54.299, 3, 1, 0
2026/09/29 11:20:54.299, 4, 1, 0
2026/09/29 11:20:54.299, 5, 1, 0
2026/09/29 11:20:54.299, 6, 1, 0
2026/09/29 11:20:54.299, 7, 1, 0
2026/09/29 11:20:55.299, 0, 4, 0
2026/09/29 11:20:55.299, 1, 4, 0
2026/09/29 11:20:55.299, 2, 4, 0
2026/09/29 11:20:55.299, 3, 4, 0
2026/09/29 11:20:55.299, 4, 4, 0
2026/09/29 11:20:55.299, 5, 4, 0
2026/09/29 11:20:55.299, 6, 4, 0
2026/09/29 11:20:55.299, 7, 4, 0
2026/09/29 11:20:56.300, 0, 4, 0
2026/09/29 11:20:56.300, 1, 4, 0
2026/09/29 11:20:56.300, 2, 4, 0
2026/09/29 11:20:56.300, 3, 4, 0
2026/09/29 11:20:56.301, 4, 4, 0
2026/09/29 11:20:56.301, 5, 4, 0
2026/09/29 11:20:56.301, 6, 4, 0
2026/09/29 11:20:56.301, 7, 4, 0
2026/09/29 11:20:57.301, 0, 4, 0
2026/09/29 11:20:57.301, 1, 4, 0
2026/09/29 11:20:57.301, 2, 4, 0
2026/09/29 11:20:57.301, 3, 4, 0
2026/09/29 11:20:57.301, 4, 4, 0
2026/09/29 11:20:57.301, 5, 4, 0
2026/09/29 11:20:57.301, 6, 4, 0
2026/09/29 11:20:57.301, 7, 4, 0
2026/09/29 11:20:58.301, 0, 4, 0
2026/09/29 11:20:58.301, 1, 4, 0
2026/09/29 11:20:58.302, 2, 4, 0
2026/09/29 11:20:58.302, 3, 4, 0
2026/09/29 11:20:58.302, 4, 4, 0
2026/09/29 11:20:58.302, 5, 4, 0
2026/09/29 11:20:58.302, 6, 4, 0
2026/09/29 11:20:58.302, 7, 4, 0
2026/09/29 11:20:59.302, 0, 4, 0
2026/09/29 11:20:59.302, 1, 4, 0
2026/09/29 11:20:59.302, 2, 4, 0
2026/09/29 11:20:59.302, 3, 4, 0
2026/09/29 11:20:59.302, 4, 4, 0
2026/09/29 11:20:59.302, 5, 4, 0
2026/09/29 11:20:59.302, 6, 4, 0
2026/09/29 11:20:59.302, 7, 4, 0
2026/09/29 11:21:00.303, 0, 4, 0
2026/09/29 11:21:00.303, 1, 4, 0
2026/09/29 11:21:00.303, 2, 4, 0
2026/09/29 11:21:00.303, 3, 4, 0
2026/09/29 11:21:00.303, 4, 4, 0
2026/09/29 11:21:00.303, 5, 4, 0
2026/09/29 11:21:00.303, 6, 4, 0
2026/09/29 11:21:00.303, 7, 4, 0
2026/09/29 11:21:01.303, 0, 4, 0
2026/09/29 11:21:01.303, 1, 4, 0
2026/09/29 11:21:01.303, 2, 4, 0
2026/09/29 11:21:01.303, 3, 4, 0
2026/09/29 11:21:01.303, 4, 4, 0
2026/09/29 11:21:01.303, 5, 4, 0
2026/09/29 11:21:01.304, 6, 4, 0
2026/09/29 11:21:01.304, 7, 4, 0
2026/09/29 11:21:02.304, 0, 4, 0
2026/09/29 11:21:02.304, 1, 4, 0
2026/09/29 11:21:02.304, 2, 4, 0
2026/09/29 11:21:02.304, 3, 4, 0
2026/09/29 11:21:02.304, 4, 4, 0
2026/09/29 11:21:02.304, 5, 4, 0
2026/09/29 11:21:02.304, 6, 4, 0
2026/09/29 11:21:02.304, 7, 4, 0
2026/09/29 11:21:03.304, 0, 4, 0
2026/09/29 11:21:03.304, 1, 4, 0
2026/09/29 11:21:03.305, 2, 4, 0
2026/09/29 11:21:03.305, 3, 4, 0
2026/09/29 11:21:03.305, 4, 4, 0
2026/09/29 11:21:03.305, 5, 4, 0
2026/09/29 11:21:03.305, 6, 4, 0
2026/09/29 11:21:03.305, 7, 4, 0
2026/09/29 11:21:04.305, 0, 4, 0
2026/09/29 11:21:04.305, 1, 4, 0
2026/09/29 11:21:04.305, 2, 4, 0
2026/09/29 11:21:04.305, 3, 4, 0
2026/09/29 11:21:04.305, 4, 4, 0
2026/09/29 11:21:04.305, 5, 4, 0
2026/09/29 11:21:04.305, 6, 4, 0
2026/09/29 11:21:04.305, 7, 4, 0
2026/09/29 11:21:05.305, 0, 4, 0
2026/09/29 11:21:05.306, 1, 4, 0
2026/09/29 11:21:05.306, 2, 4, 0
2026/09/29 11:21:05.306, 3, 4, 0
2026/09/29 11:21:05.306, 4, 4, 0
2026/09/29 11:21:05.306, 5, 4, 0
2026/09/29 11:21:05.306, 6, 4, 0
2026/09/29 11:21:05.306, 7, 4, 0
2026/09/29 11:21:06.306, 0, 4, 0
2026/09/29 11:21:06.306, 1, 4, 0
2026/09/29 11:21:06.306, 2, 4, 0
2026/09/29 11:21:06.306, 3, 4, 0
2026/09/29 11:21:06.306, 4, 4, 0
2026/09/29 11:21:06.306, 5, 4, 0
2026/09/29 11:21:06.306, 6, 4, 0
2026/09/29 11:21:06.306, 7, 4, 0
2026/09/29 11:21:07.306, 0, 4, 0
2026/09/29 11:21:07.307, 1, 4, 0
2026/09/29 11:21:07.307, 2, 4, 0
2026/09/29 11:21:07.307, 3, 4, 0
2026/09/29 11:21:07.307, 4, 4, 0
2026/09/29 11:21:07.307, 5, 4, 0
2026/09/29 11:21:07.307, 6, 4, 0
2026/09/29 11:21:07.307, 7, 4, 0
2026/09/29 11:21:08.307, 0, 4, 0
2026/09/29 11:21:08.307, 1, 4, 0
2026/09/29 11:21:08.307, 2, 4, 0
2026/09/29 11:21:08.307, 3, 4, 0
2026/09/29 11:21:08.307, 4, 4, 0
2026/09/29 11:21:08.307, 5, 4, 0
2026/09/29 11:21:08.307, 6, 4, 0
2026/09/29 11:21:08.307, 7, 4, 0
2026/09/29 11:21:09.307, 0, 4, 0
2026/09/29 11:21:09.307, 1, 4, 0
2026/09/29 11:21:09.308, 2, 4, 0
2026/09/29 11:21:09.308, 3, 4, 0
2026/09/29 11:21:09.308, 4, 4, 0
2026/09/29 11:21:09.308, 5, 4, 0
2026/09/29 11:21:09.308, 6, 4, 0
2026/09/29 11:21:09.308, 7, 4, 0
2026/09/29 11:21:10.308, 0, 4, 0
2026/09/29 11:21:10.308, 1, 4, 0
2026/09/29 11:21:10.308, 2, 4, 0
2026/09/29 11:21:10.308, 3, 4, 0
2026/09/29 11:21:10.308, 4, 4, 0
2026/09/29 11:21:10.308, 5, 4, 0
2026/09/29 11:21:10.309, 6, 4, 0
2026/09/29 11:21:10.309, 7, 4, 0
2026/09/29 11:21:11.309, 0, 4, 0
2026/09/29 11:21:11.309, 1, 4, 0
2026/09/29 11:21:11.309, 2, 4, 0
2026/09/29 11:21:11.309, 3, 4, 0
2026/09/29 11:21:11.309, 4, 4, 0
2026/09/29 11:21:11.309, 5, 4, 0
2026/09/29 11:21:11.309, 6, 4, 0
2026/09/29 11:21:11.309, 7, 4, 0
2026/09/29 11:21:12.309, 0, 4, 0
2026/09/29 11:21:12.310, 1, 4, 0
2026/09/29 11:21:12.310, 2, 4, 0
2026/09/29 11:21:12.310, 3, 4, 0
2026/09/29 11:21:12.310, 4, 4, 0
2026/09/29 11:21:12.310, 5, 4, 0
2026/09/29 11:21:12.310, 6, 4, 0
2026/09/29 11:21:12.310, 7, 4, 0
2026/09/29 11:21:13.310, 0, 4, 0
2026/09/29 11:21:13.310, 1, 4, 0
2026/09/29 11:21:13.310, 2, 4, 0
2026/09/29 11:21:13.310, 3, 4, 0
2026/09/29 11:21:13.310, 4, 4, 0
2026/09/29 11:21:13.310, 5, 4, 0
2026/09/29 11:21:13.311, 6, 4, 0
2026/09/29 11:21:13.311, 7, 4, 0
2026/09/29 11:21:14.311, 0, 4, 0
2026/09/29 11:21:14.311, 1, 4, 0
2026/09/29 11:21:14.311, 2, 4, 0
2026/09/29 11:21:14.311, 3, 4, 0
2026/09/29 11:21:14.311, 4, 4, 0
2026/09/29 11:21:14.311, 5, 4, 0
2026/09/29 11:21:14.311, 6, 4, 0
2026/09/29 11:21:14.311, 7, 4, 0
2026/09/29 11:21:15.311, 0, 4, 0
2026/09/29 11:21:15.314, 1, 4, 0
2026/09/29 11:21:15.314, 2, 4, 0
2026/09/29 11:21:15.314, 3, 4, 0
2026/09/29 11:21:15.315, 4, 4, 0
2026/09/29 11:21:15.315, 5, 4, 0
2026/09/29 11:21:15.315, 6, 4, 0
2026/09/29 11:21:15.315, 7, 4, 0
2026/09/29 11:21:16.315, 0, 396, 0
2026/09/29 11:21:16.316, 1, 396, 0
2026/09/29 11:21:16.316, 2, 396, 0
2026/09/29 11:21:16.316, 3, 396, 0
2026/09/29 11:21:16.316, 4, 396, 0
2026/09/29 11:21:16.316, 5, 396, 0
2026/09/29 11:21:16.316, 6, 34, 0
2026/09/29 11:21:16.316, 7, 4, 0
2026/09/29 11:21:17.316, 0, 396, 0
2026/09/29 11:21:17.316, 1, 396, 0
2026/09/29 11:21:17.316, 2, 396, 0
2026/09/29 11:21:17.316, 3, 396, 0
2026/09/29 11:21:17.316, 4, 396, 0
2026/09/29 11:21:17.316, 5, 396, 0
2026/09/29 11:21:17.317, 6, 396, 0
2026/09/29 11:21:17.317, 7, 396, 0
2026/09/29 11:21:18.317, 0, 396, 0
2026/09/29 11:21:18.317, 1, 396, 0
2026/09/29 11:21:18.317, 2, 396, 0
2026/09/29 11:21:18.317, 3, 396, 0
2026/09/29 11:21:18.317, 4, 396, 0
2026/09/29 11:21:18.317, 5, 396, 0
2026/09/29 11:21:18.317, 6, 396, 0
2026/09/29 11:21:18.317, 7, 396, 0
2026/09/29 11:21:19.318, 0, 396, 0
2026/09/29 11:21:19.318, 1, 396, 0
2026/09/29 11:21:19.318, 2, 396, 0
2026/09/29 11:21:19.318, 3, 396, 0
2026/09/29 11:21:19.318, 4, 396, 0
2026/09/29 11:21:19.318, 5, 396, 0
2026/09/29 11:21:19.318, 6, 396, 0
2026/09/29 11:21:19.318, 7, 396, 0
2026/09/29 11:21:20.318, 0, 396, 0
2026/09/29 11:21:20.318, 1, 396, 0
2026/09/29 11:21:20.318, 2, 396, 0
2026/09/29 11:21:20.318, 3, 396, 0
2026/09/29 11:21:20.319, 4, 396, 0
2026/09/29 11:21:20.319, 5, 396, 0
2026/09/29 11:21:20.319, 6, 396, 0
2026/09/29 11:21:20.319, 7, 396, 0
2026/09/29 11:21:21.319, 0, 396, 0
2026/09/29 11:21:21.319, 1, 396, 0
2026/09/29 11:21:21.319, 2, 396, 0
2026/09/29 11:21:21.319, 3, 396, 0
2026/09/29 11:21:21.319, 4, 396, 0
2026/09/29 11:21:21.319, 5, 396, 0
2026/09/29 11:21:21.319, 6, 396, 0
2026/09/29 11:21:21.319, 7, 396, 0
2026/09/29 11:21:22.319, 0, 396, 0
2026/09/29 11:21:22.319, 1, 396, 0
2026/09/29 11:21:22.319, 2, 396, 0
2026/09/29 11:21:22.320, 3, 396, 0
2026/09/29 11:21:22.320, 4, 396, 0
2026/09/29 11:21:22.320, 5, 396, 0
2026/09/29 11:21:22.320, 6, 396, 0
2026/09/29 11:21:22.320, 7, 396, 0
2026/09/29 11:21:23.320, 0, 396, 0
2026/09/29 11:21:23.320, 1, 396, 0
2026/09/29 11:21:23.320, 2, 396, 0
2026/09/29 11:21:23.320, 3, 396, 0
2026/09/29 11:21:23.320, 4, 396, 0
2026/09/29 11:21:23.320, 5, 396, 0
2026/09/29 11:21:23.320, 6, 396, 0
2026/09/29 11:21:23.320, 7, 396, 0
2026/09/29 11:21:24.320, 0, 396, 0
2026/09/29 11:21:24.321, 1, 396, 0
2026/09/29 11:21:24.321, 2, 396, 0
2026/09/29 11:21:24.321, 3, 396, 0
2026/09/29 11:21:24.321, 4, 396, 0
2026/09/29 11:21:24.321, 5, 396, 0
2026/09/29 11:21:24.321, 6, 396, 0
2026/09/29 11:21:24.321, 7, 396, 0
2026/09/29 11:21:25.321, 0, 396, 0
2026/09/29 11:21:25.321, 1, 396, 0
2026/09/29 11:21:25.321, 2, 396, 0
2026/09/29 11:21:25.321, 3, 396, 0
2026/09/29 11:21:25.321, 4, 396, 0
2026/09/29 11:21:25.321, 5, 396, 0
2026/09/29 11:21:25.321, 6, 396, 0
2026/09/29 11:21:25.321, 7, 396, 0
2026/09/29 11:21:26.322, 0, 396, 0
2026/09/29 11:21:26.322, 1, 396, 0
2026/09/29 11:21:26.323, 2, 396, 0
2026/09/29 11:21:26.323, 3, 396, 0
2026/09/29 11:21:26.323, 4, 396, 0
2026/09/29 11:21:26.323, 5, 396, 0
2026/09/29 11:21:26.323, 6, 396, 0
2026/09/29 11:21:26.323, 7, 396, 0
2026/09/29 11:21:27.323, 0, 396, 0
2026/09/29 11:21:27.323, 1, 396, 0
2026/09/29 11:21:27.323, 2, 396, 0
2026/09/29 11:21:27.323, 3, 396, 0
2026/09/29 11:21:27.323, 4, 396, 0
2026/09/29 11:21:27.323, 5, 396, 0
2026/09/29 11:21:27.323, 6, 396, 0
2026/09/29 11:21:27.323, 7, 396, 0
2026/09/29 11:21:28.324, 0, 396, 0
2026/09/29 11:21:28.324, 1, 396, 0
2026/09/29 11:21:28.324, 2, 396, 0
2026/09/29 11:21:28.324, 3, 396, 0
2026/09/29 11:21:28.324, 4, 396, 0
2026/09/29 11:21:28.324, 5, 396, 0
2026/09/29 11:21:28.324, 6, 396, 0
2026/09/29 11:21:28.324, 7, 396, 0
2026/09/29 11:21:29.324, 0, 396, 0
2026/09/29 11:21:29.324, 1, 396, 0
2026/09/29 11:21:29.324, 2, 396, 0
2026/09/29 11:21:29.324, 3, 396, 0
2026/09/29 11:21:29.324, 4, 396, 0
2026/09/29 11:21:29.324, 5, 396, 0
2026/09/29 11:21:29.324, 6, 396, 0
2026/09/29 11:21:29.325, 7, 396, 0
2026/09/29 11:21:30.325, 0, 396, 0
2026/09/29 11:21:30.325, 1, 396, 0
2026/09/29 11:21:30.325, 2, 396, 0
2026/09/29 11:21:30.325, 3, 396, 0
2026/09/29 11:21:30.325, 4, 396, 0
2026/09/29 11:21:30.325, 5, 396, 0
2026/09/29 11:21:30.325, 6, 396, 0
2026/09/29 11:21:30.325, 7, 396, 0
2026/09/29 11:21:31.325, 0, 396, 0
2026/09/29 11:21:31.325, 1, 396, 0
2026/09/29 11:21:31.325, 2, 396, 0
2026/09/29 11:21:31.325, 3, 396, 0
2026/09/29 11:21:31.325, 4, 396, 0
2026/09/29 11:21:31.325, 5, 396, 0
2026/09/29 11:21:31.326, 6, 396, 0
2026/09/29 11:21:31.326, 7, 396, 0
2026/09/29 11:21:32.326, 0, 396, 0
2026/09/29 11:21:32.326, 1, 396, 0
2026/09/29 11:21:32.327, 2, 396, 0
2026/09/29 11:21:32.327, 3, 396, 0
2026/09/29 11:21:32.328, 4, 396, 0
2026/09/29 11:21:32.328, 5, 413, 0
2026/09/29 11:21:32.330, 6, 396, 0
2026/09/29 11:21:32.330, 7, 396, 0
2026/09/29 11:21:33.330, 0, 787, 0
2026/09/29 11:21:33.419, 1, 787, 0
2026/09/29 11:21:33.419, 2, 412, 0
2026/09/29 11:21:33.419, 3, 787, 0
2026/09/29 11:21:33.419, 4, 787, 0
2026/09/29 11:21:33.419, 5, 787, 0
2026/09/29 11:21:33.419, 6, 787, 0
2026/09/29 11:21:33.420, 7, 787, 0
2026/09/29 11:21:34.420, 0, 899, 0
2026/09/29 11:21:34.422, 1, 899, 0
2026/09/29 11:21:34.425, 2, 899, 0
2026/09/29 11:21:34.425, 3, 899, 0
2026/09/29 11:21:34.426, 4, 899, 0
2026/09/29 11:21:34.427, 5, 899, 0
2026/09/29 11:21:34.427, 6, 899, 10
2026/09/29 11:21:34.427, 7, 899, 0
2026/09/29 11:21:35.428, 0, 1111, 0
2026/09/29 11:21:35.428, 1, 1111, 0
2026/09/29 11:21:35.428, 2, 1111, 0
2026/09/29 11:21:35.428, 3, 1111, 0
2026/09/29 11:21:35.428, 4, 1111, 0
2026/09/29 11:21:35.428, 5, 1111, 5
2026/09/29 11:21:35.428, 6, 1111, 0
2026/09/29 11:21:35.428, 7, 1111, 0
2026/09/29 11:21:36.428, 0, 1159, 0
2026/09/29 11:21:36.429, 1, 1159, 0
2026/09/29 11:21:36.429, 2, 1159, 0
2026/09/29 11:21:36.429, 3, 1159, 0
2026/09/29 11:21:36.429, 4, 1159, 0
2026/09/29 11:21:36.429, 5, 1159, 0
2026/09/29 11:21:36.429, 6, 1159, 0
2026/09/29 11:21:36.429, 7, 1159, 0
2026/09/29 11:21:37.429, 0, 1157, 0
2026/09/29 11:21:37.429, 1, 1157, 0
2026/09/29 11:21:37.429, 2, 1157, 0
2026/09/29 11:21:37.429, 3, 1157, 0
2026/09/29 11:21:37.429, 4, 1157, 0
2026/09/29 11:21:37.429, 5, 1157, 0
2026/09/29 11:21:37.429, 6, 1157, 0
2026/09/29 11:21:37.429, 7, 1157, 0
2026/09/29 11:21:38.430, 0, 1157, 0
2026/09/29 11:21:38.430, 1, 1157, 0
2026/09/29 11:21:38.430, 2, 1157, 0
2026/09/29 11:21:38.430, 3, 1157, 0
2026/09/29 11:21:38.430, 4, 1157, 0
2026/09/29 11:21:38.430, 5, 1157, 0
2026/09/29 11:21:38.430, 6, 1157, 0
2026/09/29 11:21:38.430, 7, 1157, 0
2026/09/29 11:21:39.430, 0, 1157, 0
2026/09/29 11:21:39.430, 1, 1157, 0
2026/09/29 11:21:39.430, 2, 1157, 0
2026/09/29 11:21:39.430, 3, 1157, 0
2026/09/29 11:21:39.430, 4, 1157, 0
2026/09/29 11:21:39.430, 5, 1157, 0
2026/09/29 11:21:39.430, 6, 1157, 0
2026/09/29 11:21:39.431, 7, 1157, 0
2026/09/29 11:21:40.431, 0, 1157, 0
2026/09/29 11:21:40.431, 1, 1157, 0
2026/09/29 11:21:40.431, 2, 1157, 0
2026/09/29 11:21:40.431, 3, 1157, 0
2026/09/29 11:21:40.431, 4, 1157, 0
2026/09/29 11:21:40.431, 5, 1157, 0
2026/09/29 11:21:40.431, 6, 1157, 0
2026/09/29 11:21:40.431, 7, 1157, 0
2026/09/29 11:21:41.431, 0, 1157, 0
2026/09/29 11:21:41.431, 1, 1157, 0
2026/09/29 11:21:41.431, 2, 1157, 0
2026/09/29 11:21:41.431, 3, 1157, 0
2026/09/29 11:21:41.431, 4, 1157, 0
2026/09/29 11:21:41.431, 5, 1157, 0
2026/09/29 11:21:41.431, 6, 1157, 0
2026/09/29 11:21:41.431, 7, 1157, 0
2026/09/29 11:21:42.432, 0, 1157, 0
2026/09/29 11:21:42.432, 1, 1157, 0
2026/09/29 11:21:42.432, 2, 1157, 0
2026/09/29 11:21:42.432, 3, 1157, 0
2026/09/29 11:21:42.432, 4, 1157, 0
2026/09/29 11:21:42.432, 5, 1157, 0
2026/09/29 11:21:42.432, 6, 1157, 0
2026/09/29 11:21:42.432, 7, 1157, 0
2026/09/29 11:21:43.432, 0, 1157, 0
2026/09/29 11:21:43.432, 1, 1157, 0
2026/09/29 11:21:43.432, 2, 1157, 0
2026/09/29 11:21:43.432, 3, 1157, 0
2026/09/29 11:21:43.432, 4, 1157, 0
2026/09/29 11:21:43.432, 5, 1157, 0
2026/09/29 11:21:43.432, 6, 1157, 0
2026/09/29 11:21:43.433, 7, 1157, 0
2026/09/29 11:21:44.433, 0, 1157, 0
2026/09/29 11:21:44.433, 1, 1157, 0
2026/09/29 11:21:44.433, 2, 1157, 0
2026/09/29 11:21:44.433, 3, 1157, 0
2026/09/29 11:21:44.433, 4, 1157, 0
2026/09/29 11:21:44.433, 5, 1157, 0
2026/09/29 11:21:44.433, 6, 1157, 0
2026/09/29 11:21:44.433, 7, 1157, 0
2026/09/29 11:21:45.433, 0, 1157, 0
2026/09/29 11:21:45.434, 1, 1157, 0
2026/09/29 11:21:45.434, 2, 1157, 0
2026/09/29 11:21:45.434, 3, 1157, 0
2026/09/29 11:21:45.434, 4, 1157, 0
2026/09/29 11:21:45.434, 5, 1157, 0
2026/09/29 11:21:45.435, 6, 1157, 0
2026/09/29 11:21:45.435, 7, 1157, 0
2026/09/29 11:21:46.435, 0, 1157, 0
2026/09/29 11:21:46.436, 1, 1157, 0
2026/09/29 11:21:46.436, 2, 1157, 0
2026/09/29 11:21:46.436, 3, 1157, 0
2026/09/29 11:21:46.436, 4, 1157, 0
2026/09/29 11:21:46.436, 5, 1157, 0
2026/09/29 11:21:46.436, 6, 1157, 0
2026/09/29 11:21:46.436, 7, 1157, 0
2026/09/29 11:21:47.436, 0, 1157, 0
2026/09/29 11:21:47.436, 1, 1157, 0
2026/09/29 11:21:47.436, 2, 1157, 0
2026/09/29 11:21:47.436, 3, 1157, 0
2026/09/29 11:21:47.436, 4, 1157, 0
2026/09/29 11:21:47.436, 5, 1157, 0
2026/09/29 11:21:47.436, 6, 1157, 0
2026/09/29 11:21:47.436, 7, 1157, 0
2026/09/29 11:21:48.436, 0, 1157, 0
2026/09/29 11:21:48.437, 1, 1157, 0
2026/09/29 11:21:48.437, 2, 1157, 0
2026/09/29 11:21:48.437, 3, 1157, 0
2026/09/29 11:21:48.437, 4, 1157, 0
2026/09/29 11:21:48.437, 5, 1157, 0
2026/09/29 11:21:48.437, 6, 1157, 0
2026/09/29 11:21:48.437, 7, 1157, 0
2026/09/29 11:21:49.437, 0, 1157, 0
2026/09/29 11:21:49.437, 1, 1157, 0
2026/09/29 11:21:49.437, 2, 1157, 0
2026/09/29 11:21:49.437, 3, 1157, 0
2026/09/29 11:21:49.437, 4, 1157, 0
2026/09/29 11:21:49.437, 5, 1157, 0
2026/09/29 11:21:49.437, 6, 1157, 0
2026/09/29 11:21:49.437, 7, 1157, 0
2026/09/29 11:21:50.437, 0, 1157, 0
2026/09/29 11:21:50.438, 1, 1157, 0
2026/09/29 11:21:50.438, 2, 1157, 0
2026/09/29 11:21:50.438, 3, 1157, 0
2026/09/29 11:21:50.438, 4, 1157, 0
2026/09/29 11:21:50.438, 5, 1157, 0
2026/09/29 11:21:50.438, 6, 1157, 0
2026/09/29 11:21:50.438, 7, 1157, 0
2026/09/29 11:21:51.438, 0, 1157, 0
2026/09/29 11:21:51.438, 1, 1157, 0
2026/09/29 11:21:51.438, 2, 1157, 0
2026/09/29 11:21:51.438, 3, 1157, 0
2026/09/29 11:21:51.438, 4, 1157, 0
2026/09/29 11:21:51.438, 5, 1157, 0
2026/09/29 11:21:51.438, 6, 1157, 0
2026/09/29 11:21:51.438, 7, 1157, 0
2026/09/29 11:21:52.439, 0, 1157, 0
2026/09/29 11:21:52.439, 1, 1157, 0
2026/09/29 11:21:52.439, 2, 1157, 0
2026/09/29 11:21:52.439, 3, 1157, 0
2026/09/29 11:21:52.439, 4, 1157, 0
2026/09/29 11:21:52.439, 5, 1157, 0
2026/09/29 11:21:52.439, 6, 1157, 0
2026/09/29 11:21:52.439, 7, 1157, 0
2026/09/29 11:21:53.439, 0, 1157, 0
2026/09/29 11:21:53.439, 1, 1157, 0
2026/09/29 11:21:53.439, 2, 1157, 0
2026/09/29 11:21:53.439, 3, 1157, 0
2026/09/29 11:21:53.439, 4, 1157, 0
2026/09/29 11:21:53.439, 5, 1157, 0
2026/09/29 11:21:53.439, 6, 1157, 0
2026/09/29 11:21:53.439, 7, 1157, 0
2026/09/29 11:21:54.439, 0, 1157, 0
2026/09/29 11:21:54.440, 1, 1157, 0
2026/09/29 11:21:54.440, 2, 1157, 0
2026/09/29 11:21:54.440, 3, 1157, 0
2026/09/29 11:21:54.440, 4, 1157, 0
2026/09/29 11:21:54.440, 5, 1157, 0
2026/09/29 11:21:54.440, 6, 1157, 0
2026/09/29 11:21:54.440, 7, 1157, 0
2026/09/29 11:21:55.440, 0, 1157, 0
2026/09/29 11:21:55.440, 1, 1157, 0
2026/09/29 11:21:55.440, 2, 1157, 0
2026/09/29 11:21:55.440, 3, 1157, 0
2026/09/29 11:21:55.440, 4, 1157, 0
2026/09/29 11:21:55.440, 5, 1157, 0
2026/09/29 11:21:55.440, 6, 1157, 0
2026/09/29 11:21:55.440, 7, 1157, 0
2026/09/29 11:21:56.441, 0, 1157, 0
2026/09/29 11:21:56.441, 1, 1157, 0
2026/09/29 11:21:56.441, 2, 1157, 0
2026/09/29 11:21:56.441, 3, 1157, 0
2026/09/29 11:21:56.441, 4, 1157, 0
2026/09/29 11:21:56.441, 5, 1157, 0
2026/09/29 11:21:56.441, 6, 1157, 0
2026/09/29 11:21:56.441, 7, 1157, 0
2026/09/29 11:21:57.441, 0, 1157, 0
2026/09/29 11:21:57.441, 1, 1157, 0
2026/09/29 11:21:57.441, 2, 1157, 0
2026/09/29 11:21:57.441, 3, 1157, 0
2026/09/29 11:21:57.441, 4, 1157, 0
2026/09/29 11:21:57.441, 5, 1157, 0
2026/09/29 11:21:57.441, 6, 1157, 0
2026/09/29 11:21:57.441, 7, 1157, 0
2026/09/29 11:21:58.442, 0, 1157, 0
2026/09/29 11:21:58.442, 1, 1157, 0
2026/09/29 11:21:58.442, 2, 1157, 0
2026/09/29 11:21:58.442, 3, 1157, 0
2026/09/29 11:21:58.442, 4, 1157, 0
2026/09/29 11:21:58.442, 5, 1157, 0
2026/09/29 11:21:58.442, 6, 1157, 0
2026/09/29 11:21:58.442, 7, 1157, 0
2026/09/29 11:21:59.442, 0, 1157, 0
2026/09/29 11:21:59.442, 1, 1157, 0
2026/09/29 11:21:59.442, 2, 1157, 0
2026/09/29 11:21:59.442, 3, 1157, 0
2026/09/29 11:21:59.442, 4, 1157, 0
2026/09/29 11:21:59.442, 5, 1157, 0
2026/09/29 11:21:59.442, 6, 1157, 0
2026/09/29 11:21:59.443, 7, 1157, 0
2026/09/29 11:22:00.443, 0, 1157, 0
2026/09/29 11:22:00.443, 1, 1157, 0
2026/09/29 11:22:00.443, 2, 1157, 0
2026/09/29 11:22:00.443, 3, 1157, 0
2026/09/29 11:22:00.443, 4, 1157, 0
2026/09/29 11:22:00.443, 5, 1157, 0
2026/09/29 11:22:00.443, 6, 1157, 0
2026/09/29 11:22:00.443, 7, 1157, 0
2026/09/29 11:22:01.443, 0, 1157, 0
2026/09/29 11:22:01.443, 1, 1157, 0
2026/09/29 11:22:01.443, 2, 1157, 0
2026/09/29 11:22:01.443, 3, 1157, 0
2026/09/29 11:22:01.443, 4, 1157, 0
2026/09/29 11:22:01.443, 5, 1157, 0
2026/09/29 11:22:01.443, 6, 1157, 0
2026/09/29 11:22:01.444, 7, 1157, 0
2026/09/29 11:22:02.444, 0, 1157, 0
2026/09/29 11:22:02.444, 1, 1157, 0
2026/09/29 11:22:02.444, 2, 1157, 0
2026/09/29 11:22:02.444, 3, 1157, 0
2026/09/29 11:22:02.444, 4, 1157, 0
2026/09/29 11:22:02.444, 5, 1157, 0
2026/09/29 11:22:02.444, 6, 1157, 0
2026/09/29 11:22:02.444, 7, 1157, 0
2026/09/29 11:22:03.444, 0, 1157, 0
2026/09/29 11:22:03.444, 1, 1157, 0
2026/09/29 11:22:03.444, 2, 1157, 0
2026/09/29 11:22:03.444, 3, 1157, 0
2026/09/29 11:22:03.444, 4, 1157, 0
2026/09/29 11:22:03.444, 5, 1157, 0
2026/09/29 11:22:03.444, 6, 1157, 0
2026/09/29 11:22:03.444, 7, 1157, 0
2026/09/29 11:22:04.445, 0, 1157, 0
2026/09/29 11:22:04.445, 1, 1157, 0
2026/09/29 11:22:04.445, 2, 1157, 0
2026/09/29 11:22:04.445, 3, 1157, 0
2026/09/29 11:22:04.445, 4, 1157, 0
2026/09/29 11:22:04.445, 5, 1157, 0
2026/09/29 11:22:04.445, 6, 1157, 0
2026/09/29 11:22:04.445, 7, 1157, 0
2026/09/29 11:22:05.445, 0, 1157, 0
2026/09/29 11:22:05.445, 1, 1157, 0
2026/09/29 11:22:05.445, 2, 1157, 0
2026/09/29 11:22:05.445, 3, 1157, 0
2026/09/29 11:22:05.445, 4, 1157, 0
2026/09/29 11:22:05.445, 5, 1157, 0
2026/09/29 11:22:05.445, 6, 1157, 0
2026/09/29 11:22:05.445, 7, 1157, 0
2026/09/29 11:22:06.446, 0, 1157, 0
2026/09/29 11:22:06.448, 1, 1157, 0
2026/09/29 11:22:06.448, 2, 1157, 0
2026/09/29 11:22:06.448, 3, 1157, 0
2026/09/29 11:22:06.448, 4, 1157, 0
2026/09/29 11:22:06.448, 5, 1157, 0
2026/09/29 11:22:06.448, 6, 1157, 0
2026/09/29 11:22:06.448, 7, 1157, 0
2026/09/29 11:22:07.448, 0, 1157, 0
2026/09/29 11:22:07.448, 1, 1157, 0
2026/09/29 11:22:07.448, 2, 1157, 0
2026/09/29 11:22:07.448, 3, 1157, 0
2026/09/29 11:22:07.448, 4, 1157, 0
2026/09/29 11:22:07.448, 5, 1157, 0
2026/09/29 11:22:07.448, 6, 1157, 0
2026/09/29 11:22:07.448, 7, 1157, 0
2026/09/29 11:22:08.449, 0, 1157, 0
2026/09/29 11:22:08.449, 1, 1157, 0
2026/09/29 11:22:08.449, 2, 1157, 0
2026/09/29 11:22:08.449, 3, 1157, 0
2026/09/29 11:22:08.449, 4, 1157, 0
2026/09/29 11:22:08.449, 5, 1157, 0
2026/09/29 11:22:08.449, 6, 1157, 0
2026/09/29 11:22:08.449, 7, 1157, 0
2026/09/29 11:22:09.449, 0, 1157, 0
2026/09/29 11:22:09.449, 1, 1157, 0
2026/09/29 11:22:09.449, 2, 1157, 0
2026/09/29 11:22:09.449, 3, 1157, 0
2026/09/29 11:22:09.449, 4, 1157, 0
2026/09/29 11:22:09.449, 5, 1157, 0
2026/09/29 11:22:09.449, 6, 1157, 0
2026/09/29 11:22:09.449, 7, 1157, 0
2026/09/29 11:22:10.450, 0, 1157, 0
2026/09/29 11:22:10.450, 1, 1157, 0
2026/09/29 11:22:10.450, 2, 1157, 0
2026/09/29 11:22:10.450, 3, 1157, 0
2026/09/29 11:22:10.450, 4, 1157, 0
2026/09/29 11:22:10.450, 5, 1157, 0
2026/09/29 11:22:10.450, 6, 1157, 0
2026/09/29 11:22:10.450, 7, 1157, 0
2026/09/29 11:22:11.450, 0, 1157, 0
2026/09/29 11:22:11.450, 1, 1157, 0
2026/09/29 11:22:11.450, 2, 1157, 0
2026/09/29 11:22:11.450, 3, 1157, 0
2026/09/29 11:22:11.450, 4, 1157, 0
2026/09/29 11:22:11.450, 5, 1157, 0
2026/09/29 11:22:11.450, 6, 1157, 0
2026/09/29 11:22:11.451, 7, 1157, 0
2026/09/29 11:22:12.451, 0, 1157, 0
2026/09/29 11:22:12.451, 1, 1157, 0
2026/09/29 11:22:12.451, 2, 1157, 0
2026/09/29 11:22:12.451, 3, 1157, 0
2026/09/29 11:22:12.451, 4, 1157, 0
2026/09/29 11:22:12.451, 5, 1157, 0
2026/09/29 11:22:12.451, 6, 1157, 0
2026/09/29 11:22:12.451, 7, 1157, 0
2026/09/29 11:22:13.451, 0, 1157, 0
2026/09/29 11:22:13.451, 1, 1157, 0
2026/09/29 11:22:13.451, 2, 1157, 0
2026/09/29 11:22:13.451, 3, 1157, 0
2026/09/29 11:22:13.451, 4, 1157, 0
2026/09/29 11:22:13.451, 5, 1157, 0
2026/09/29 11:22:13.452, 6, 1157, 0
2026/09/29 11:22:13.452, 7, 1157, 0
2026/09/29 11:22:14.452, 0, 1157, 0
2026/09/29 11:22:14.452, 1, 1157, 0
2026/09/29 11:22:14.452, 2, 1157, 0
2026/09/29 11:22:14.452, 3, 1157, 0
2026/09/29 11:22:14.452, 4, 1157, 0
2026/09/29 11:22:14.452, 5, 1157, 0
2026/09/29 11:22:14.452, 6, 1157, 0
2026/09/29 11:22:14.452, 7, 1157, 0
2026/09/29 11:22:15.452, 0, 1157, 0
2026/09/29 11:22:15.453, 1, 1157, 0
2026/09/29 11:22:15.453, 2, 1157, 0
2026/09/29 11:22:15.453, 3, 1157, 0
2026/09/29 11:22:15.453, 4, 1157, 0
2026/09/29 11:22:15.453, 5, 1157, 0
2026/09/29 11:22:15.453, 6, 1157, 0
2026/09/29 11:22:15.453, 7, 1157, 0
2026/09/29 11:22:16.453, 0, 1157, 0
2026/09/29 11:22:16.453, 1, 1157, 0
2026/09/29 11:22:16.453, 2, 1157, 0
2026/09/29 11:22:16.453, 3, 1157, 0
2026/09/29 11:22:16.453, 4, 1157, 0
2026/09/29 11:22:16.453, 5, 1157, 0
2026/09/29 11:22:16.453, 6, 1157, 0
2026/09/29 11:22:16.453, 7, 1157, 0
2026/09/29 11:22:17.453, 0, 1157, 0
2026/09/29 11:22:17.454, 1, 1157, 0
2026/09/29 11:22:17.454, 2, 1157, 0
2026/09/29 11:22:17.454, 3, 1157, 0
2026/09/29 11:22:17.454, 4, 1157, 0
2026/09/29 11:22:17.454, 5, 1157, 0
2026/09/29 11:22:17.454, 6, 1157, 0
2026/09/29 11:22:17.454, 7, 1157, 0
2026/09/29 11:22:18.454, 0, 1157, 0
2026/09/29 11:22:18.454, 1, 1157, 0
2026/09/29 11:22:18.454, 2, 1157, 0
2026/09/29 11:22:18.454, 3, 1157, 0
2026/09/29 11:22:18.454, 4, 1157, 0
2026/09/29 11:22:18.454, 5, 1157, 0
2026/09/29 11:22:18.454, 6, 1157, 0
2026/09/29 11:22:18.454, 7, 1157, 0
2026/09/29 11:22:19.454, 0, 1157, 0
2026/09/29 11:22:19.455, 1, 1157, 0
2026/09/29 11:22:19.455, 2, 1157, 0
2026/09/29 11:22:19.455, 3, 1157, 0
2026/09/29 11:22:19.455, 4, 1157, 0
2026/09/29 11:22:19.455, 5, 1157, 0
2026/09/29 11:22:19.455, 6, 1157, 0
2026/09/29 11:22:19.455, 7, 1157, 0
2026/09/29 11:22:20.455, 0, 1157, 0
2026/09/29 11:22:20.455, 1, 1157, 0
2026/09/29 11:22:20.455, 2, 1157, 0
2026/09/29 11:22:20.455, 3, 1157, 0
2026/09/29 11:22:20.455, 4, 1157, 0
2026/09/29 11:22:20.455, 5, 1157, 0
2026/09/29 11:22:20.455, 6, 1157, 0
2026/09/29 11:22:20.455, 7, 1157, 0
2026/09/29 11:22:21.455, 0, 1157, 0
2026/09/29 11:22:21.456, 1, 1157, 0
2026/09/29 11:22:21.456, 2, 1157, 0
2026/09/29 11:22:21.456, 3, 1157, 0
2026/09/29 11:22:21.456, 4, 1157, 0
2026/09/29 11:22:21.456, 5, 1157, 0
2026/09/29 11:22:21.456, 6, 1157, 0
2026/09/29 11:22:21.456, 7, 1157, 0
2026/09/29 11:22:22.456, 0, 1157, 0
2026/09/29 11:22:22.456, 1, 1157, 0
2026/09/29 11:22:22.456, 2, 1157, 0
2026/09/29 11:22:22.456, 3, 1157, 0
2026/09/29 11:22:22.456, 4, 1157, 0
2026/09/29 11:22:22.456, 5, 1157, 0
2026/09/29 11:22:22.456, 6, 1157, 0
2026/09/29 11:22:22.456, 7, 1157, 0
2026/09/29 11:22:23.457, 0, 1157, 0
2026/09/29 11:22:23.457, 1, 1157, 0
2026/09/29 11:22:23.457, 2, 1157, 0
2026/09/29 11:22:23.457, 3, 1157, 0
2026/09/29 11:22:23.457, 4, 1157, 0
2026/09/29 11:22:23.457, 5, 1157, 0
2026/09/29 11:22:23.457, 6, 1157, 0
2026/09/29 11:22:23.457, 7, 1157, 0
2026/09/29 11:22:24.457, 0, 1157, 0
2026/09/29 11:22:24.458, 1, 1157, 0
2026/09/29 11:22:24.458, 2, 1157, 0
2026/09/29 11:22:24.458, 3, 1157, 0
2026/09/29 11:22:24.458, 4, 1157, 0
2026/09/29 11:22:24.458, 5, 1157, 0
2026/09/29 11:22:24.458, 6, 1157, 0
2026/09/29 11:22:24.458, 7, 1157, 0
2026/09/29 11:22:25.458, 0, 1157, 0
2026/09/29 11:22:25.458, 1, 1157, 0
2026/09/29 11:22:25.458, 2, 1157, 0
2026/09/29 11:22:25.458, 3, 1157, 0
2026/09/29 11:22:25.458, 4, 1157, 0
2026/09/29 11:22:25.458, 5, 1157, 0
2026/09/29 11:22:25.458, 6, 1157, 0
2026/09/29 11:22:25.458, 7, 1157, 0
2026/09/29 11:22:26.458, 0, 1157, 0
2026/09/29 11:22:26.459, 1, 1157, 0
2026/09/29 11:22:26.459, 2, 1157, 0
2026/09/29 11:22:26.459, 3, 1157, 0
2026/09/29 11:22:26.459, 4, 1157, 0
2026/09/29 11:22:26.459, 5, 1157, 0
2026/09/29 11:22:26.459, 6, 1157, 0
2026/09/29 11:22:26.459, 7, 1157, 0
2026/09/29 11:22:27.459, 0, 1157, 0
2026/09/29 11:22:27.459, 1, 1157, 0
2026/09/29 11:22:27.459, 2, 1157, 0
2026/09/29 11:22:27.459, 3, 1157, 0
2026/09/29 11:22:27.459, 4, 1157, 0
2026/09/29 11:22:27.459, 5, 1157, 0
2026/09/29 11:22:27.459, 6, 1157, 0
2026/09/29 11:22:27.459, 7, 1157, 0
2026/09/29 11:22:28.459, 0, 1157, 0
2026/09/29 11:22:28.460, 1, 1157, 0
2026/09/29 11:22:28.460, 2, 1157, 0
2026/09/29 11:22:28.460, 3, 1157, 0
2026/09/29 11:22:28.460, 4, 1157, 0
2026/09/29 11:22:28.460, 5, 1157, 0
2026/09/29 11:22:28.460, 6, 1157, 0
2026/09/29 11:22:28.460, 7, 1157, 0
2026/09/29 11:22:29.460, 0, 1157, 0
2026/09/29 11:22:29.460, 1, 1157, 0
2026/09/29 11:22:29.460, 2, 1157, 0
2026/09/29 11:22:29.460, 3, 1157, 0
2026/09/29 11:22:29.460, 4, 1157, 0
2026/09/29 11:22:29.460, 5, 1157, 0
2026/09/29 11:22:29.460, 6, 1157, 0
2026/09/29 11:22:29.460, 7, 1157, 0
2026/09/29 11:22:30.461, 0, 1157, 0
2026/09/29 11:22:30.461, 1, 1157, 0
2026/09/29 11:22:30.462, 2, 1157, 0
2026/09/29 11:22:30.462, 3, 1157, 0
2026/09/29 11:22:30.462, 4, 1157, 0
2026/09/29 11:22:30.462, 5, 1157, 0
2026/09/29 11:22:30.462, 6, 1157, 0
2026/09/29 11:22:30.462, 7, 1157, 0
2026/09/29 11:22:31.462, 0, 1157, 0
2026/09/29 11:22:31.462, 1, 1157, 0
2026/09/29 11:22:31.462, 2, 1157, 0
2026/09/29 11:22:31.462, 3, 1157, 0
2026/09/29 11:22:31.462, 4, 1157, 0
2026/09/29 11:22:31.462, 5, 1157, 0
2026/09/29 11:22:31.462, 6, 1157, 0
2026/09/29 11:22:31.462, 7, 1157, 0
2026/09/29 11:22:32.463, 0, 1157, 0
2026/09/29 11:22:32.463, 1, 1157, 0
2026/09/29 11:22:32.463, 2, 1157, 0
2026/09/29 11:22:32.463, 3, 1157, 0
2026/09/29 11:22:32.463, 4, 1157, 0
2026/09/29 11:22:32.463, 5, 1157, 0
2026/09/29 11:22:32.463, 6, 1157, 0
2026/09/29 11:22:32.463, 7, 1157, 0
2026/09/29 11:22:33.463, 0, 1157, 0
2026/09/29 11:22:33.464, 1, 1157, 0
2026/09/29 11:22:33.464, 2, 1157, 0
2026/09/29 11:22:33.464, 3, 1157, 0
2026/09/29 11:22:33.464, 4, 1157, 0
2026/09/29 11:22:33.464, 5, 1157, 0
2026/09/29 11:22:33.464, 6, 1157, 0
2026/09/29 11:22:33.464, 7, 1157, 0
2026/09/29 11:22:34.464, 0, 1157, 0
2026/09/29 11:22:34.464, 1, 1157, 0
2026/09/29 11:22:34.464, 2, 1157, 0
2026/09/29 11:22:34.464, 3, 1157, 0
2026/09/29 11:22:34.464, 4, 1157, 0
2026/09/29 11:22:34.464, 5, 1157, 0
2026/09/29 11:22:34.464, 6, 1157, 0
2026/09/29 11:22:34.465, 7, 1157, 0
2026/09/29 11:22:35.465, 0, 1157, 0
2026/09/29 11:22:35.465, 1, 1157, 0
2026/09/29 11:22:35.465, 2, 1157, 0
2026/09/29 11:22:35.465, 3, 1157, 0
2026/09/29 11:22:35.465, 4, 1157, 0
2026/09/29 11:22:35.465, 5, 1157, 0
2026/09/29 11:22:35.465, 6, 1157, 0
2026/09/29 11:22:35.465, 7, 1157, 0
2026/09/29 11:22:36.465, 0, 1157, 0
2026/09/29 11:22:36.465, 1, 1157, 0
2026/09/29 11:22:36.466, 2, 1157, 0
2026/09/29 11:22:36.466, 3, 1157, 0
2026/09/29 11:22:36.466, 4, 1157, 0
2026/09/29 11:22:36.466, 5, 1157, 0
2026/09/29 11:22:36.466, 6, 1157, 0
2026/09/29 11:22:36.466, 7, 1157, 0
2026/09/29 11:22:37.466, 0, 1157, 0
2026/09/29 11:22:37.466, 1, 1157, 0
2026/09/29 11:22:37.466, 2, 1157, 0
2026/09/29 11:22:37.466, 3, 1157, 0
2026/09/29 11:22:37.466, 4, 1157, 0
2026/09/29 11:22:37.466, 5, 1157, 0
2026/09/29 11:22:37.466, 6, 1157, 0
2026/09/29 11:22:37.466, 7, 1157, 0
2026/09/29 11:22:38.466, 0, 1157, 0
2026/09/29 11:22:38.467, 1, 1157, 0
2026/09/29 11:22:38.467, 2, 1157, 0
2026/09/29 11:22:38.467, 3, 1157, 0
2026/09/29 11:22:38.467, 4, 1157, 0
2026/09/29 11:22:38.467, 5, 1157, 0
2026/09/29 11:22:38.467, 6, 1157, 0
2026/09/29 11:22:38.467, 7, 1157, 0
2026/09/29 11:22:39.467, 0, 1157, 0
2026/09/29 11:22:39.467, 1, 1157, 0
2026/09/29 11:22:39.468, 2, 1157, 0
2026/09/29 11:22:39.468, 3, 1157, 0
2026/09/29 11:22:39.468, 4, 1157, 0
2026/09/29 11:22:39.468, 5, 1157, 0
2026/09/29 11:22:39.468, 6, 1157, 0
2026/09/29 11:22:39.468, 7, 1157, 0
2026/09/29 11:22:40.468, 0, 1157, 0
2026/09/29 11:22:40.468, 1, 1157, 0
2026/09/29 11:22:40.468, 2, 1157, 0
2026/09/29 11:22:40.468, 3, 1157, 0
2026/09/29 11:22:40.468, 4, 1157, 0
2026/09/29 11:22:40.468, 5, 1157, 0
2026/09/29 11:22:40.468, 6, 1157, 0
2026/09/29 11:22:40.468, 7, 1157, 0
2026/09/29 11:22:41.468, 0, 1157, 0
2026/09/29 11:22:41.468, 1, 1157, 0
2026/09/29 11:22:41.469, 2, 1157, 0
2026/09/29 11:22:41.469, 3, 1157, 0
2026/09/29 11:22:41.469, 4, 1157, 0
2026/09/29 11:22:41.469, 5, 1157, 0
2026/09/29 11:22:41.469, 6, 1157, 0
2026/09/29 11:22:41.469, 7, 1157, 0
2026/09/29 11:22:42.469, 0, 1157, 0
2026/09/29 11:22:42.469, 1, 1157, 0
2026/09/29 11:22:42.469, 2, 1157, 0
2026/09/29 11:22:42.469, 3, 1157, 0
2026/09/29 11:22:42.469, 4, 1157, 0
2026/09/29 11:22:42.469, 5, 1157, 0
2026/09/29 11:22:42.469, 6, 1157, 0
2026/09/29 11:22:42.469, 7, 1157, 0
2026/09/29 11:22:43.469, 0, 1157, 0
2026/09/29 11:22:43.470, 1, 1157, 0
2026/09/29 11:22:43.470, 2, 1157, 0
2026/09/29 11:22:43.470, 3, 1157, 0
2026/09/29 11:22:43.470, 4, 1157, 0
2026/09/29 11:22:43.470, 5, 1157, 0
2026/09/29 11:22:43.470, 6, 1157, 0
2026/09/29 11:22:43.470, 7, 1157, 0
2026/09/29 11:22:44.470, 0, 1157, 0
2026/09/29 11:22:44.470, 1, 1157, 0
2026/09/29 11:22:44.470, 2, 1157, 0
2026/09/29 11:22:44.470, 3, 1157, 0
2026/09/29 11:22:44.470, 4, 1157, 0
2026/09/29 11:22:44.470, 5, 1157, 0
2026/09/29 11:22:44.470, 6, 1157, 0
2026/09/29 11:22:44.470, 7, 1157, 0
2026/09/29 11:22:45.470, 0, 1157, 0
2026/09/29 11:22:45.471, 1, 1157, 0
2026/09/29 11:22:45.471, 2, 1157, 0
2026/09/29 11:22:45.471, 3, 1157, 0
2026/09/29 11:22:45.471, 4, 1157, 0
2026/09/29 11:22:45.471, 5, 1157, 0
2026/09/29 11:22:45.471, 6, 1157, 0
2026/09/29 11:22:45.471, 7, 1157, 0
2026/09/29 11:22:46.471, 0, 1157, 0
2026/09/29 11:22:46.471, 1, 1157, 0
2026/09/29 11:22:46.471, 2, 1157, 0
2026/09/29 11:22:46.471, 3, 1157, 0
2026/09/29 11:22:46.471, 4, 1157, 0
2026/09/29 11:22:46.471, 5, 1157, 0
2026/09/29 11:22:46.471, 6, 1157, 0
2026/09/29 11:22:46.471, 7, 1157, 0
2026/09/29 11:22:47.471, 0, 1157, 0
2026/09/29 11:22:47.474, 1, 1157, 0
2026/09/29 11:22:47.474, 2, 1157, 0
2026/09/29 11:22:47.474, 3, 1157, 0
2026/09/29 11:22:47.474, 4, 1157, 0
2026/09/29 11:22:47.474, 5, 1157, 0
2026/09/29 11:22:47.474, 6, 1157, 0
2026/09/29 11:22:47.474, 7, 1157, 0
2026/09/29 11:22:48.474, 0, 1157, 0
2026/09/29 11:22:48.474, 1, 1157, 0
2026/09/29 11:22:48.474, 2, 1157, 0
2026/09/29 11:22:48.474, 3, 1157, 0
2026/09/29 11:22:48.474, 4, 1157, 0
2026/09/29 11:22:48.474, 5, 1157, 0
2026/09/29 11:22:48.475, 6, 1157, 0
2026/09/29 11:22:48.475, 7, 1157, 0
2026/09/29 11:22:49.475, 0, 1157, 0
2026/09/29 11:22:49.475, 1, 1157, 0
2026/09/29 11:22:49.475, 2, 1157, 0
2026/09/29 11:22:49.475, 3, 1157, 0
2026/09/29 11:22:49.475, 4, 1157, 0
2026/09/29 11:22:49.475, 5, 1157, 0
2026/09/29 11:22:49.475, 6, 1157, 0
2026/09/29 11:22:49.475, 7, 1157, 0
2026/09/29 11:22:50.475, 0, 1157, 0
2026/09/29 11:22:50.475, 1, 1157, 0
2026/09/29 11:22:50.475, 2, 1157, 0
2026/09/29 11:22:50.475, 3, 1157, 0
2026/09/29 11:22:50.475, 4, 1157, 0
2026/09/29 11:22:50.475, 5, 1157, 0
2026/09/29 11:22:50.475, 6, 1157, 0
2026/09/29 11:22:50.476, 7, 1157, 0
2026/09/29 11:22:51.476, 0, 1157, 0
2026/09/29 11:22:51.476, 1, 1157, 0
2026/09/29 11:22:51.476, 2, 1157, 0
2026/09/29 11:22:51.476, 3, 1157, 0
2026/09/29 11:22:51.476, 4, 1157, 0
2026/09/29 11:22:51.476, 5, 1157, 0
2026/09/29 11:22:51.476, 6, 1157, 0
2026/09/29 11:22:51.476, 7, 1157, 0
2026/09/29 11:22:52.476, 0, 1157, 0
2026/09/29 11:22:52.476, 1, 1157, 0
2026/09/29 11:22:52.476, 2, 1157, 0
2026/09/29 11:22:52.477, 3, 1157, 0
2026/09/29 11:22:52.477, 4, 1157, 0
2026/09/29 11:22:52.477, 5, 1157, 0
2026/09/29 11:22:52.477, 6, 1157, 0
2026/09/29 11:22:52.477, 7, 1157, 0
2026/09/29 11:22:53.477, 0, 1157, 0
2026/09/29 11:22:53.477, 1, 1157, 0
2026/09/29 11:22:53.477, 2, 1157, 0
2026/09/29 11:22:53.477, 3, 1157, 0
2026/09/29 11:22:53.477, 4, 1157, 0
2026/09/29 11:22:53.477, 5, 1157, 0
2026/09/29 11:22:53.477, 6, 1157, 0
2026/09/29 11:22:53.477, 7, 1157, 0
2026/09/29 11:22:54.477, 0, 1157, 0
2026/09/29 11:22:54.478, 1, 1157, 0
2026/09/29 11:22:54.478, 2, 1157, 0
2026/09/29 11:22:54.478, 3, 1157, 0
2026/09/29 11:22:54.478, 4, 1157, 0
2026/09/29 11:22:54.478, 5, 1157, 0
2026/09/29 11:22:54.478, 6, 1157, 0
2026/09/29 11:22:54.478, 7, 1157, 0
2026/09/29 11:22:55.478, 0, 1157, 0
2026/09/29 11:22:55.478, 1, 1157, 0
2026/09/29 11:22:55.478, 2, 1157, 0
2026/09/29 11:22:55.478, 3, 1157, 0
2026/09/29 11:22:55.478, 4, 1157, 0
2026/09/29 11:22:55.478, 5, 1157, 0
2026/09/29 11:22:55.478, 6, 1157, 0
2026/09/29 11:22:55.478, 7, 1157, 0
2026/09/29 11:22:56.478, 0, 1157, 0
2026/09/29 11:22:56.479, 1, 1157, 0
2026/09/29 11:22:56.479, 2, 1157, 0
2026/09/29 11:22:56.479, 3, 1157, 0
2026/09/29 11:22:56.479, 4, 1157, 0
2026/09/29 11:22:56.479, 5, 1157, 0
2026/09/29 11:22:56.479, 6, 1157, 0
2026/09/29 11:22:56.479, 7, 1157, 0
2026/09/29 11:22:57.479, 0, 1157, 0
2026/09/29 11:22:57.496, 1, 1157, 0
2026/09/29 11:22:57.496, 2, 1157, 0
2026/09/29 11:22:57.496, 3, 1157, 0
2026/09/29 11:22:57.496, 4, 1157, 0
2026/09/29 11:22:57.496, 5, 1157, 0
2026/09/29 11:22:57.496, 6, 1157, 0
2026/09/29 11:22:57.496, 7, 1157, 0
2026/09/29 11:22:58.497, 0, 1157, 0
2026/09/29 11:22:58.497, 1, 1157, 0
2026/09/29 11:22:58.497, 2, 1157, 0
2026/09/29 11:22:58.497, 3, 1157, 0
2026/09/29 11:22:58.497, 4, 1157, 0
2026/09/29 11:22:58.497, 5, 1157, 0
2026/09/29 11:22:58.497, 6, 1157, 0
2026/09/29 11:22:58.497, 7, 1157, 0
2026/09/29 11:22:59.497, 0, 1157, 0
2026/09/29 11:22:59.497, 1, 1157, 0
2026/09/29 11:22:59.497, 2, 1157, 0
2026/09/29 11:22:59.497, 3, 1157, 0
2026/09/29 11:22:59.497, 4, 1157, 0
2026/09/29 11:22:59.498, 5, 1157, 0
2026/09/29 11:22:59.498, 6, 1157, 0
2026/09/29 11:22:59.498, 7, 1157, 0
2026/09/29 11:23:00.498, 0, 1157, 0
2026/09/29 11:23:00.498, 1, 1157, 0
2026/09/29 11:23:00.498, 2, 1157, 0
2026/09/29 11:23:00.498, 3, 1157, 0
2026/09/29 11:23:00.498, 4, 1157, 0
2026/09/29 11:23:00.498, 5, 1157, 0
2026/09/29 11:23:00.498, 6, 1157, 0
2026/09/29 11:23:00.498, 7, 1157, 0
2026/09/29 11:23:01.498, 0, 1157, 0
2026/09/29 11:23:01.499, 1, 1157, 0
2026/09/29 11:23:01.499, 2, 1157, 0
2026/09/29 11:23:01.499, 3, 1157, 0
2026/09/29 11:23:01.499, 4, 1157, 0
2026/09/29 11:23:01.499, 5, 1157, 0
2026/09/29 11:23:01.499, 6, 1157, 0
2026/09/29 11:23:01.499, 7, 1157, 0
2026/09/29 11:23:02.499, 0, 1161, 0
2026/09/29 11:23:02.500, 1, 1161, 0
2026/09/29 11:23:02.500, 2, 1161, 29
2026/09/29 11:23:02.500, 3, 1161, 0
2026/09/29 11:23:02.500, 4, 1161, 0
2026/09/29 11:23:02.500, 5, 1157, 0
2026/09/29 11:23:02.500, 6, 1161, 1
2026/09/29 11:23:02.500, 7, 1161, 0
2026/09/29 11:23:03.500, 0, 1163, 0
2026/09/29 11:23:03.500, 1, 1163, 3
2026/09/29 11:23:03.501, 2, 1163, 0
2026/09/29 11:23:03.501, 3, 1163, 0
2026/09/29 11:23:03.501, 4, 1163, 0
2026/09/29 11:23:03.501, 5, 1163, 4
2026/09/29 11:23:03.501, 6, 1163, 0
2026/09/29 11:23:03.501, 7, 1163, 0
2026/09/29 11:23:04.501, 0, 1163, 0
2026/09/29 11:23:04.501, 1, 1163, 0
2026/09/29 11:23:04.501, 2, 1163, 0
2026/09/29 11:23:04.501, 3, 1163, 2
2026/09/29 11:23:04.501, 4, 1165, 2
2026/09/29 11:23:04.501, 5, 1163, 0
2026/09/29 11:23:04.501, 6, 1163, 4
2026/09/29 11:23:04.501, 7, 1163, 0
2026/09/29 11:23:05.502, 0, 1165, 1
2026/09/29 11:23:05.502, 1, 1165, 0
2026/09/29 11:23:05.502, 2, 1165, 0
2026/09/29 11:23:05.522, 3, 1165, 1
2026/09/29 11:23:05.525, 4, 1167, 0
2026/09/29 11:23:05.525, 5, 1165, 0
2026/09/29 11:23:05.525, 6, 1165, 0
2026/09/29 11:23:05.525, 7, 1165, 0
2026/09/29 11:23:06.525, 0, 1167, 0
2026/09/29 11:23:06.525, 1, 1167, 0
2026/09/29 11:23:06.525, 2, 1167, 0
2026/09/29 11:23:06.525, 3, 1167, 0
2026/09/29 11:23:06.525, 4, 1169, 0
2026/09/29 11:23:06.525, 5, 1167, 2
2026/09/29 11:23:06.525, 6, 1167, 0
2026/09/29 11:23:06.525, 7, 1167, 0
2026/09/29 11:23:07.525, 0, 1169, 0
2026/09/29 11:23:07.530, 1, 1169, 0
2026/09/29 11:23:07.561, 2, 1169, 0
2026/09/29 11:23:07.567, 3, 1169, 0
2026/09/29 11:23:07.567, 4, 1171, 0
2026/09/29 11:23:07.568, 5, 1169, 1
2026/09/29 11:23:07.568, 6, 1169, 0
2026/09/29 11:23:07.569, 7, 1169, 0
2026/09/29 11:23:08.569, 0, 1171, 0
2026/09/29 11:23:08.570, 1, 1171, 0
2026/09/29 11:23:08.570, 2, 1171, 0
2026/09/29 11:23:08.570, 3, 1171, 1
2026/09/29 11:23:08.570, 4, 1173, 1
2026/09/29 11:23:08.570, 5, 1171, 0
2026/09/29 11:23:08.570, 6, 1171, 2
2026/09/29 11:23:08.570, 7, 1171, 1
2026/09/29 11:23:09.570, 0, 1173, 2
2026/09/29 11:23:09.571, 1, 1173, 0
2026/09/29 11:23:09.571, 2, 1175, 0
2026/09/29 11:23:09.571, 3, 1173, 1
2026/09/29 11:23:09.571, 4, 1175, 0
2026/09/29 11:23:09.571, 5, 1173, 0
2026/09/29 11:23:09.571, 6, 1173, 0
2026/09/29 11:23:09.571, 7, 1173, 0
2026/09/29 11:23:10.571, 0, 1175, 0
2026/09/29 11:23:10.574, 1, 1175, 0
2026/09/29 11:23:10.574, 2, 1175, 0
2026/09/29 11:23:10.574, 3, 1175, 0
2026/09/29 11:23:10.574, 4, 1177, 0
2026/09/29 11:23:10.574, 5, 1175, 3
2026/09/29 11:23:10.574, 6, 1175, 0
2026/09/29 11:23:10.600, 7, 1175, 0
2026/09/29 11:23:11.602, 0, 1177, 0
2026/09/29 11:23:11.603, 1, 1177, 0
2026/09/29 11:23:11.603, 2, 1177, 0
2026/09/29 11:23:11.603, 3, 1177, 0
2026/09/29 11:23:11.603, 4, 1179, 0
2026/09/29 11:23:11.603, 5, 1177, 0
2026/09/29 11:23:11.603, 6, 1177, 0
2026/09/29 11:23:11.603, 7, 1177, 0
2026/09/29 11:23:12.603, 0, 1177, 0
2026/09/29 11:23:12.613, 1, 1177, 0
2026/09/29 11:23:12.645, 2, 1181, 0
2026/09/29 11:23:12.670, 3, 1179, 0
2026/09/29 11:23:12.678, 4, 1181, 3
2026/09/29 11:23:12.678, 5, 1179, 0
2026/09/29 11:23:12.679, 6, 1179, 0
2026/09/29 11:23:12.679, 7, 1179, 1
2026/09/29 11:23:13.680, 0, 1181, 0
2026/09/29 11:23:13.680, 1, 1181, 0
2026/09/29 11:23:13.680, 2, 1181, 0
2026/09/29 11:23:13.680, 3, 1181, 0
2026/09/29 11:23:13.680, 4, 1183, 2
2026/09/29 11:23:13.680, 5, 1181, 0
2026/09/29 11:23:13.681, 6, 1181, 0
2026/09/29 11:23:13.681, 7, 1181, 0
2026/09/29 11:23:14.681, 0, 1181, 0
2026/09/29 11:23:14.681, 1, 1181, 0
2026/09/29 11:23:14.681, 2, 1183, 0
2026/09/29 11:23:14.681, 3, 1181, 0
2026/09/29 11:23:14.681, 4, 1185, 0
2026/09/29 11:23:14.681, 5, 1181, 0
2026/09/29 11:23:14.681, 6, 1181, 0
2026/09/29 11:23:14.681, 7, 1181, 2
2026/09/29 11:23:15.681, 0, 1183, 0
2026/09/29 11:23:15.682, 1, 1183, 0
2026/09/29 11:23:15.682, 2, 1185, 0
2026/09/29 11:23:15.682, 3, 1183, 0
2026/09/29 11:23:15.682, 4, 1187, 0
2026/09/29 11:23:15.682, 5, 1183, 0
2026/09/29 11:23:15.682, 6, 1183, 0
2026/09/29 11:23:15.682, 7, 1183, 0
2026/09/29 11:23:16.682, 0, 1185, 0
2026/09/29 11:23:16.682, 1, 1185, 0
2026/09/29 11:23:16.682, 2, 1187, 0
2026/09/29 11:23:16.714, 3, 1185, 0
2026/09/29 11:23:16.715, 4, 1189, 0
2026/09/29 11:23:16.715, 5, 1185, 0
2026/09/29 11:23:16.716, 6, 1185, 3
2026/09/29 11:23:16.716, 7, 1187, 0
2026/09/29 11:23:17.716, 0, 1187, 0
2026/09/29 11:23:17.717, 1, 1187, 1
2026/09/29 11:23:17.717, 2, 1189, 0
2026/09/29 11:23:17.717, 3, 1187, 0
2026/09/29 11:23:17.717, 4, 1191, 0
2026/09/29 11:23:17.717, 5, 1187, 0
2026/09/29 11:23:17.717, 6, 1187, 0
2026/09/29 11:23:17.717, 7, 1187, 0
2026/09/29 11:23:18.718, 0, 1189, 0
2026/09/29 11:23:18.718, 1, 1189, 0
2026/09/29 11:23:18.718, 2, 1191, 3
2026/09/29 11:23:18.718, 3, 1189, 0
2026/09/29 11:23:18.718, 4, 1193, 0
2026/09/29 11:23:18.718, 5, 1189, 2
2026/09/29 11:23:18.718, 6, 1189, 0
2026/09/29 11:23:18.718, 7, 1191, 0
2026/09/29 11:23:19.718, 0, 1193, 0
2026/09/29 11:23:19.718, 1, 1191, 0
2026/09/29 11:23:19.718, 2, 1193, 0
2026/09/29 11:23:19.718, 3, 1191, 0
2026/09/29 11:23:19.718, 4, 1195, 3
2026/09/29 11:23:19.718, 5, 1191, 0
2026/09/29 11:23:19.718, 6, 1191, 0
2026/09/29 11:23:19.718, 7, 1193, 0
2026/09/29 11:23:20.719, 0, 1193, 0
2026/09/29 11:23:20.719, 1, 1193, 0
2026/09/29 11:23:20.719, 2, 1195, 0
2026/09/29 11:23:20.719, 3, 1193, 0
2026/09/29 11:23:20.719, 4, 1197, 0
2026/09/29 11:23:20.719, 5, 1193, 0
2026/09/29 11:23:20.719, 6, 1193, 0
2026/09/29 11:23:20.719, 7, 1195, 0
2026/09/29 11:23:21.719, 0, 1195, 1
2026/09/29 11:23:21.719, 1, 1193, 0
2026/09/29 11:23:21.719, 2, 1195, 0
2026/09/29 11:23:21.727, 3, 1193, 3
2026/09/29 11:23:21.730, 4, 1199, 0
2026/09/29 11:23:21.731, 5, 1195, 1
2026/09/29 11:23:21.732, 6, 1193, 1
2026/09/29 11:23:21.732, 7, 1197, 0
2026/09/29 11:23:22.733, 0, 1199, 0
2026/09/29 11:23:22.733, 1, 1195, 0
2026/09/29 11:23:22.748, 2, 1199, 0
2026/09/29 11:23:22.753, 3, 1195, 0
2026/09/29 11:23:22.753, 4, 1201, 0
2026/09/29 11:23:22.754, 5, 1197, 0
2026/09/29 11:23:22.754, 6, 1197, 0
2026/09/29 11:23:22.755, 7, 1199, 0
2026/09/29 11:23:23.755, 0, 1199, 0
2026/09/29 11:23:23.755, 1, 1199, 0
2026/09/29 11:23:23.755, 2, 1199, 1
2026/09/29 11:23:23.755, 3, 1199, 0
2026/09/29 11:23:23.755, 4, 1203, 0
2026/09/29 11:23:23.755, 5, 1199, 0
2026/09/29 11:23:23.755, 6, 1199, 0
2026/09/29 11:23:23.755, 7, 1199, 0
2026/09/29 11:23:24.755, 0, 1203, 2
2026/09/29 11:23:24.756, 1, 1199, 0
2026/09/29 11:23:24.756, 2, 1203, 2
2026/09/29 11:23:24.756, 3, 1199, 1
2026/09/29 11:23:24.756, 4, 1205, 0
2026/09/29 11:23:24.756, 5, 1199, 0
2026/09/29 11:23:24.756, 6, 1199, 0
2026/09/29 11:23:24.756, 7, 1203, 0
2026/09/29 11:23:25.756, 0, 1205, 0
2026/09/29 11:23:25.756, 1, 1203, 3
2026/09/29 11:23:25.756, 2, 1205, 0
2026/09/29 11:23:25.756, 3, 1203, 3
2026/09/29 11:23:25.756, 4, 1207, 3
2026/09/29 11:23:25.756, 5, 1203, 0
2026/09/29 11:23:25.756, 6, 1203, 0
2026/09/29 11:23:25.756, 7, 1205, 0
2026/09/29 11:23:26.757, 0, 1205, 0
2026/09/29 11:23:26.758, 1, 1205, 0
2026/09/29 11:23:26.758, 2, 1205, 0
2026/09/29 11:23:26.758, 3, 1205, 0
2026/09/29 11:23:26.758, 4, 1211, 0
2026/09/29 11:23:26.759, 5, 1205, 0
2026/09/29 11:23:26.762, 6, 1205, 2
2026/09/29 11:23:26.762, 7, 1205, 0
2026/09/29 11:23:27.762, 0, 1207, 0
2026/09/29 11:23:27.763, 1, 1205, 0
2026/09/29 11:23:27.763, 2, 1207, 0
2026/09/29 11:23:27.763, 3, 1205, 0
2026/09/29 11:23:27.763, 4, 1211, 0
2026/09/29 11:23:27.763, 5, 1205, 0
2026/09/29 11:23:27.763, 6, 1207, 0
2026/09/29 11:23:27.763, 7, 1207, 0
2026/09/29 11:23:28.763, 0, 1209, 0
2026/09/29 11:23:28.763, 1, 1209, 0
2026/09/29 11:23:28.763, 2, 1209, 0
2026/09/29 11:23:28.763, 3, 1209, 0
2026/09/29 11:23:28.763, 4, 1213, 0
2026/09/29 11:23:28.763, 5, 1209, 0
2026/09/29 11:23:28.763, 6, 1209, 0
2026/09/29 11:23:28.763, 7, 1209, 0
2026/09/29 11:23:29.764, 0, 1211, 2
2026/09/29 11:23:29.764, 1, 1211, 0
2026/09/29 11:23:29.764, 2, 1211, 3
2026/09/29 11:23:29.764, 3, 1211, 0
2026/09/29 11:23:29.764, 4, 1217, 0
2026/09/29 11:23:29.764, 5, 1211, 0
2026/09/29 11:23:29.764, 6, 1211, 0
2026/09/29 11:23:29.764, 7, 1211, 0
2026/09/29 11:23:30.764, 0, 1213, 0
2026/09/29 11:23:30.764, 1, 1213, 0
2026/09/29 11:23:30.764, 2, 1213, 0
2026/09/29 11:23:30.764, 3, 1213, 0
2026/09/29 11:23:30.764, 4, 1219, 0
2026/09/29 11:23:30.764, 5, 1211, 0
2026/09/29 11:23:30.765, 6, 1213, 0
2026/09/29 11:23:30.765, 7, 1213, 0
2026/09/29 11:23:31.765, 0, 1215, 0
2026/09/29 11:23:31.765, 1, 1215, 0
2026/09/29 11:23:31.765, 2, 1215, 0
2026/09/29 11:23:31.782, 3, 1215, 0
2026/09/29 11:23:31.787, 4, 1619, 1
2026/09/29 11:23:31.787, 5, 1215, 3
2026/09/29 11:23:31.788, 6, 1215, 0
2026/09/29 11:23:31.788, 7, 1217, 0
2026/09/29 11:23:32.788, 0, 1217, 0
2026/09/29 11:23:32.789, 1, 1219, 0
2026/09/29 11:23:32.789, 2, 1217, 0
2026/09/29 11:23:32.789, 3, 1217, 0
2026/09/29 11:23:32.789, 4, 2463, 1
2026/09/29 11:23:32.789, 5, 1217, 0
2026/09/29 11:23:32.789, 6, 1219, 0
2026/09/29 11:23:32.789, 7, 1219, 0
2026/09/29 11:23:33.789, 0, 1279, 0
2026/09/29 11:23:33.789, 1, 1279, 0
2026/09/29 11:23:33.789, 2, 1579, 0
2026/09/29 11:23:33.789, 3, 1279, 0
2026/09/29 11:23:33.789, 4, 2465, 1
2026/09/29 11:23:33.789, 5, 1217, 0
2026/09/29 11:23:33.789, 6, 1279, 0
2026/09/29 11:23:33.789, 7, 1579, 2
2026/09/29 11:23:34.790, 0, 2461, 4
2026/09/29 11:23:34.790, 1, 2461, 4
2026/09/29 11:23:34.790, 2, 2463, 5
2026/09/29 11:23:34.790, 3, 2461, 4
2026/09/29 11:23:34.790, 4, 2469, 1
2026/09/29 11:23:34.790, 5, 1579, 0
2026/09/29 11:23:34.790, 6, 2461, 3
2026/09/29 11:23:34.790, 7, 2463, 1
2026/09/29 11:23:35.790, 0, 2463, 1
2026/09/29 11:23:35.801, 1, 2463, 0
2026/09/29 11:23:35.835, 2, 2465, 0
2026/09/29 11:23:35.842, 3, 2465, 1
2026/09/29 11:23:35.843, 4, 2471, 0
2026/09/29 11:23:35.843, 5, 2461, 1
2026/09/29 11:23:35.844, 6, 2465, 1
2026/09/29 11:23:35.845, 7, 2465, 0
2026/09/29 11:23:36.845, 0, 2465, 0
2026/09/29 11:23:36.845, 1, 2465, 0
2026/09/29 11:23:36.845, 2, 2467, 1
2026/09/29 11:23:36.846, 3, 2465, 0
2026/09/29 11:23:36.846, 4, 2473, 0
2026/09/29 11:23:36.846, 5, 2465, 1
2026/09/29 11:23:36.846, 6, 2465, 0
2026/09/29 11:23:36.846, 7, 2467, 0
2026/09/29 11:23:37.846, 0, 2467, 0
2026/09/29 11:23:37.846, 1, 2467, 0
2026/09/29 11:23:37.846, 2, 2469, 0
2026/09/29 11:23:37.846, 3, 2467, 0
2026/09/29 11:23:37.846, 4, 2475, 0
2026/09/29 11:23:37.846, 5, 2465, 0
2026/09/29 11:23:37.846, 6, 2467, 0
2026/09/29 11:23:37.846, 7, 2469, 0
2026/09/29 11:23:38.847, 0, 2469, 0
2026/09/29 11:23:38.847, 1, 2469, 0
2026/09/29 11:23:38.847, 2, 2471, 0
2026/09/29 11:23:38.847, 3, 2469, 0
2026/09/29 11:23:38.847, 4, 2475, 0
2026/09/29 11:23:38.847, 5, 2467, 0
2026/09/29 11:23:38.847, 6, 2469, 0
2026/09/29 11:23:38.847, 7, 2471, 0
2026/09/29 11:23:39.847, 0, 2471, 1
2026/09/29 11:23:39.848, 1, 2471, 0
2026/09/29 11:23:39.848, 2, 2473, 0
2026/09/29 11:23:39.849, 3, 2471, 1
2026/09/29 11:23:39.849, 4, 2479, 0
2026/09/29 11:23:39.850, 5, 2471, 0
2026/09/29 11:23:39.851, 6, 2471, 0
2026/09/29 11:23:39.851, 7, 2473, 0
2026/09/29 11:23:40.852, 0, 2473, 0
2026/09/29 11:23:40.852, 1, 2473, 0
2026/09/29 11:23:40.852, 2, 2475, 0
2026/09/29 11:23:40.852, 3, 2473, 0
2026/09/29 11:23:40.852, 4, 2481, 1
2026/09/29 11:23:40.852, 5, 2471, 1
2026/09/29 11:23:40.852, 6, 2473, 0
2026/09/29 11:23:40.852, 7, 2475, 1
2026/09/29 11:23:41.852, 0, 2475, 0
2026/09/29 11:23:41.853, 1, 2475, 0
2026/09/29 11:23:41.853, 2, 2475, 0
2026/09/29 11:23:41.853, 3, 2475, 0
2026/09/29 11:23:41.853, 4, 2481, 0
2026/09/29 11:23:41.853, 5, 2473, 0
2026/09/29 11:23:41.853, 6, 2475, 0
2026/09/29 11:23:41.853, 7, 2475, 0
2026/09/29 11:23:42.853, 0, 2475, 0
2026/09/29 11:23:42.874, 1, 2475, 0
2026/09/29 11:23:42.910, 2, 2479, 0
2026/09/29 11:23:42.949, 3, 2477, 0
2026/09/29 11:23:42.957, 4, 2485, 0
2026/09/29 11:23:42.958, 5, 2475, 0
2026/09/29 11:23:42.958, 6, 2477, 1
2026/09/29 11:23:42.959, 7, 2479, 0
2026/09/29 11:23:43.959, 0, 2479, 0
2026/09/29 11:23:43.960, 1, 2479, 1
2026/09/29 11:23:43.960, 2, 2481, 1
2026/09/29 11:23:43.960, 3, 2479, 0
2026/09/29 11:23:43.960, 4, 2487, 0
2026/09/29 11:23:43.960, 5, 2477, 0
2026/09/29 11:23:43.960, 6, 2479, 0
2026/09/29 11:23:43.960, 7, 2481, 0
2026/09/29 11:23:44.960, 0, 2481, 0
2026/09/29 11:23:44.960, 1, 2481, 0
2026/09/29 11:23:44.960, 2, 2481, 0
2026/09/29 11:23:44.960, 3, 2481, 0
2026/09/29 11:23:44.960, 4, 2487, 1
2026/09/29 11:23:44.960, 5, 2479, 0
2026/09/29 11:23:44.961, 6, 2481, 0
2026/09/29 11:23:44.961, 7, 2481, 1
2026/09/29 11:23:45.961, 0, 2481, 0
2026/09/29 11:23:45.961, 1, 2481, 0
2026/09/29 11:23:45.961, 2, 2483, 0
2026/09/29 11:23:45.961, 3, 2481, 0
2026/09/29 11:23:45.961, 4, 2489, 0
2026/09/29 11:23:45.961, 5, 2481, 0
2026/09/29 11:23:45.961, 6, 2481, 0
2026/09/29 11:23:45.961, 7, 2483, 0
2026/09/29 11:23:46.961, 0, 2485, 1
2026/09/29 11:23:46.961, 1, 2485, 0
2026/09/29 11:23:46.961, 2, 2487, 0
2026/09/29 11:23:46.961, 3, 2485, 1
2026/09/29 11:23:46.962, 4, 2491, 0
2026/09/29 11:23:46.962, 5, 2483, 0
2026/09/29 11:23:46.962, 6, 2485, 0
2026/09/29 11:23:46.962, 7, 2487, 0
2026/09/29 11:23:47.962, 0, 2487, 0
2026/09/29 11:23:47.962, 1, 2487, 0
2026/09/29 11:23:47.962, 2, 2487, 0
2026/09/29 11:23:47.962, 3, 2487, 0
2026/09/29 11:23:47.962, 4, 2493, 0
2026/09/29 11:23:47.962, 5, 2485, 1
2026/09/29 11:23:47.962, 6, 2487, 0
2026/09/29 11:23:47.962, 7, 2487, 0
2026/09/29 11:23:48.962, 0, 2487, 0
2026/09/29 11:23:48.963, 1, 2487, 0
2026/09/29 11:23:48.963, 2, 2489, 0
2026/09/29 11:23:48.963, 3, 2487, 0
2026/09/29 11:23:48.963, 4, 2495, 0
2026/09/29 11:23:48.963, 5, 2487, 0
2026/09/29 11:23:48.963, 6, 2487, 0
2026/09/29 11:23:48.963, 7, 2489, 0
2026/09/29 11:23:49.963, 0, 2491, 0
2026/09/29 11:23:49.969, 1, 2491, 0
2026/09/29 11:23:49.974, 2, 2491, 0
2026/09/29 11:23:49.975, 3, 2491, 1
2026/09/29 11:23:49.975, 4, 3237, 0
2026/09/29 11:23:49.976, 5, 2489, 0
2026/09/29 11:23:49.976, 6, 2491, 1
2026/09/29 11:23:49.977, 7, 2491, 0
2026/09/29 11:23:50.977, 0, 2491, 1
2026/09/29 11:23:50.978, 1, 2491, 1
2026/09/29 11:23:50.978, 2, 2493, 1
2026/09/29 11:23:50.978, 3, 2491, 0
2026/09/29 11:23:50.978, 4, 3239, 0
2026/09/29 11:23:50.978, 5, 2491, 0
2026/09/29 11:23:50.978, 6, 2491, 0
2026/09/29 11:23:50.978, 7, 2493, 0
2026/09/29 11:23:51.978, 0, 2493, 0
2026/09/29 11:23:51.978, 1, 2493, 0
2026/09/29 11:23:51.978, 2, 2495, 0
2026/09/29 11:23:51.978, 3, 2493, 0
2026/09/29 11:23:51.978, 4, 3361, 0
2026/09/29 11:23:51.979, 5, 2491, 0
2026/09/29 11:23:51.979, 6, 2493, 0
2026/09/29 11:23:51.979, 7, 2495, 3
2026/09/29 11:23:52.979, 0, 2497, 0
2026/09/29 11:23:52.979, 1, 2497, 0
2026/09/29 11:23:52.979, 2, 3237, 0
2026/09/29 11:23:52.979, 3, 2497, 0
2026/09/29 11:23:52.979, 4, 3583, 0
2026/09/29 11:23:52.979, 5, 2495, 0
2026/09/29 11:23:52.979, 6, 2497, 1
2026/09/29 11:23:52.979, 7, 3237, 0
2026/09/29 11:23:53.979, 0, 3239, 0
2026/09/29 11:23:53.980, 1, 3239, 0
2026/09/29 11:23:53.984, 2, 3239, 0
2026/09/29 11:23:53.988, 3, 3239, 46
2026/09/29 11:23:53.991, 4, 3583, 0
2026/09/29 11:23:53.993, 5, 3237, 1
2026/09/29 11:23:53.994, 6, 3239, 8
2026/09/29 11:23:53.995, 7, 3239, 0
2026/09/29 11:23:54.995, 0, 3341, 0
2026/09/29 11:23:55.000, 1, 3241, 0
2026/09/29 11:23:55.001, 2, 3401, 0
2026/09/29 11:23:55.001, 3, 3241, 0
2026/09/29 11:23:55.001, 4, 3583, 0
2026/09/29 11:23:55.002, 5, 3239, 0
2026/09/29 11:23:55.003, 6, 3241, 0
2026/09/29 11:23:55.004, 7, 3403, 0
2026/09/29 11:23:56.004, 0, 3583, 0
2026/09/29 11:23:56.004, 1, 3583, 4
2026/09/29 11:23:56.004, 2, 3583, 6
2026/09/29 11:23:56.005, 3, 3583, 0
2026/09/29 11:23:56.005, 4, 3583, 0
2026/09/29 11:23:56.005, 5, 3583, 0
2026/09/29 11:23:56.005, 6, 3583, 4
2026/09/29 11:23:56.005, 7, 3583, 0
2026/09/29 11:23:57.005, 0, 3583, 0
2026/09/29 11:23:57.005, 1, 3583, 0
2026/09/29 11:23:57.005, 2, 3583, 0
2026/09/29 11:23:57.005, 3, 3583, 0
2026/09/29 11:23:57.005, 4, 3583, 0
2026/09/29 11:23:57.005, 5, 3583, 4
2026/09/29 11:23:57.005, 6, 3583, 0
2026/09/29 11:23:57.005, 7, 3583, 0
2026/09/29 11:23:58.006, 0, 4575, 0
2026/09/29 11:23:58.006, 1, 4575, 0
2026/09/29 11:23:58.006, 2, 4575, 0
2026/09/29 11:23:58.006, 3, 4575, 0
2026/09/29 11:23:58.006, 4, 4575, 36
2026/09/29 11:23:58.006, 5, 4575, 0
2026/09/29 11:23:58.006, 6, 4575, 42
2026/09/29 11:23:58.006, 7, 4575, 100
2026/09/29 11:23:59.006, 0, 4615, 100
2026/09/29 11:23:59.007, 1, 4615, 100
2026/09/29 11:23:59.007, 2, 4615, 100
2026/09/29 11:23:59.007, 3, 4615, 100
2026/09/29 11:23:59.007, 4, 4615, 100
2026/09/29 11:23:59.007, 5, 4615, 100
2026/09/29 11:23:59.007, 6, 4615, 100
2026/09/29 11:23:59.007, 7, 4615, 89
2026/09/29 11:24:00.007, 0, 4615, 100
2026/09/29 11:24:00.008, 1, 4699, 100
2026/09/29 11:24:00.008, 2, 4699, 100
2026/09/29 11:24:00.008, 3, 4615, 100
2026/09/29 11:24:00.008, 4, 4615, 100
2026/09/29 11:24:00.008, 5, 4615, 100
2026/09/29 11:24:00.008, 6, 4615, 100
2026/09/29 11:24:00.008, 7, 4699, 100
2026/09/29 11:24:01.008, 0, 6441, 66
2026/09/29 11:24:01.008, 1, 6443, 75
2026/09/29 11:24:01.008, 2, 6441, 79
2026/09/29 11:24:01.008, 3, 6443, 100
2026/09/29 11:24:01.008, 4, 6443, 0
2026/09/29 11:24:01.008, 5, 6443, 100
2026/09/29 11:24:01.008, 6, 6443, 15
2026/09/29 11:24:01.008, 7, 6443, 8
2026/09/29 11:24:02.009, 0, 7449, 90
2026/09/29 11:24:02.009, 1, 7591, 85
2026/09/29 11:24:02.009, 2, 7591, 67
2026/09/29 11:24:02.009, 3, 7591, 90
2026/09/29 11:24:02.009, 4, 7591, 1
2026/09/29 11:24:02.009, 5, 7591, 38
2026/09/29 11:24:02.009, 6, 7591, 97
2026/09/29 11:24:02.009, 7, 7451, 31
2026/09/29 11:24:03.009, 0, 7449, 0
2026/09/29 11:24:03.009, 1, 7591, 0
2026/09/29 11:24:03.009, 2, 7591, 0
2026/09/29 11:24:03.009, 3, 7591, 0
2026/09/29 11:24:03.009, 4, 7591, 0
2026/09/29 11:24:03.009, 5, 7591, 0
2026/09/29 11:24:03.010, 6, 7591, 0
2026/09/29 11:24:03.010, 7, 7451, 0
2026/09/29 11:24:04.010, 0, 7451, 0
2026/09/29 11:24:04.010, 1, 7593, 0
2026/09/29 11:24:04.010, 2, 7593, 0
2026/09/29 11:24:04.010, 3, 7593, 1
2026/09/29 11:24:04.010, 4, 7593, 0
2026/09/29 11:24:04.010, 5, 7593, 0
2026/09/29 11:24:04.010, 6, 7593, 0
2026/09/29 11:24:04.010, 7, 7453, 0
2026/09/29 11:24:05.010, 0, 7451, 0
2026/09/29 11:24:05.010, 1, 7593, 0
2026/09/29 11:24:05.010, 2, 7593, 0
2026/09/29 11:24:05.010, 3, 7593, 2
2026/09/29 11:24:05.011, 4, 7593, 2
2026/09/29 11:24:05.011, 5, 7593, 100
2026/09/29 11:24:05.011, 6, 7593, 7
2026/09/29 11:24:05.011, 7, 7453, 13
2026/09/29 11:24:06.011, 0, 7451, 100
2026/09/29 11:24:06.011, 1, 7593, 100
2026/09/29 11:24:06.011, 2, 7593, 100
2026/09/29 11:24:06.011, 3, 7593, 100
2026/09/29 11:24:06.011, 4, 7593, 100
2026/09/29 11:24:06.011, 5, 7593, 100
2026/09/29 11:24:06.011, 6, 7593, 100
2026/09/29 11:24:06.011, 7, 7453, 100
2026/09/29 11:24:07.011, 0, 7451, 100
2026/09/29 11:24:07.011, 1, 7593, 100
2026/09/29 11:24:07.011, 2, 7593, 100
2026/09/29 11:24:07.011, 3, 7593, 100
2026/09/29 11:24:07.011, 4, 7593, 100
2026/09/29 11:24:07.011, 5, 7593, 100
2026/09/29 11:24:07.011, 6, 7593, 100
2026/09/29 11:24:07.011, 7, 7453, 100
2026/09/29 11:24:08.012, 0, 7451, 100
2026/09/29 11:24:08.012, 1, 7593, 100
2026/09/29 11:24:08.012, 2, 7593, 100
2026/09/29 11:24:08.012, 3, 7593, 100
2026/09/29 11:24:08.012, 4, 7593, 100
2026/09/29 11:24:08.012, 5, 7593, 100
2026/09/29 11:24:08.012, 6, 7593, 100
2026/09/29 11:24:08.012, 7, 7453, 100
2026/09/29 11:24:09.012, 0, 7451, 100
2026/09/29 11:24:09.012, 1, 7593, 100
2026/09/29 11:24:09.012, 2, 7593, 100
2026/09/29 11:24:09.012, 3, 7593, 100
2026/09/29 11:24:09.012, 4, 7593, 100
2026/09/29 11:24:09.012, 5, 7593, 100
2026/09/29 11:24:09.012, 6, 7593, 100
2026/09/29 11:24:09.013, 7, 7453, 100
2026/09/29 11:24:10.013, 0, 7451, 0
2026/09/29 11:24:10.013, 1, 7593, 18
2026/09/29 11:24:10.013, 2, 7593, 25
2026/09/29 11:24:10.013, 3, 7593, 14
2026/09/29 11:24:10.013, 4, 7593, 100
2026/09/29 11:24:10.013, 5, 7593, 100
2026/09/29 11:24:10.013, 6, 7593, 86
2026/09/29 11:24:10.013, 7, 7453, 100
2026/09/29 11:24:11.013, 0, 7451, 100
2026/09/29 11:24:11.013, 1, 7593, 100
2026/09/29 11:24:11.013, 2, 7593, 100
2026/09/29 11:24:11.014, 3, 7593, 100
2026/09/29 11:24:11.014, 4, 7593, 100
2026/09/29 11:24:11.014, 5, 7593, 100
2026/09/29 11:24:11.014, 6, 7593, 100
2026/09/29 11:24:11.014, 7, 7453, 100
2026/09/29 11:24:12.014, 0, 7451, 100
2026/09/29 11:24:12.014, 1, 7593, 100
2026/09/29 11:24:12.014, 2, 7593, 100
2026/09/29 11:24:12.014, 3, 7593, 100
2026/09/29 11:24:12.014, 4, 7593, 100
2026/09/29 11:24:12.015, 5, 7593, 100
2026/09/29 11:24:12.015, 6, 7593, 100
2026/09/29 11:24:12.015, 7, 7453, 100
2026/09/29 11:24:13.015, 0, 7451, 100
2026/09/29 11:24:13.015, 1, 7593, 100
2026/09/29 11:24:13.015, 2, 7593, 100
2026/09/29 11:24:13.015, 3, 7593, 100
2026/09/29 11:24:13.015, 4, 7593, 100
2026/09/29 11:24:13.015, 5, 7593, 100
2026/09/29 11:24:13.015, 6, 7593, 100
2026/09/29 11:24:13.015, 7, 7453, 100
2026/09/29 11:24:14.015, 0, 7451, 100
2026/09/29 11:24:14.015, 1, 7593, 100
2026/09/29 11:24:14.015, 2, 7593, 100
2026/09/29 11:24:14.015, 3, 7593, 100
2026/09/29 11:24:14.015, 4, 7593, 100
2026/09/29 11:24:14.016, 5, 7593, 100
2026/09/29 11:24:14.016, 6, 7593, 100
2026/09/29 11:24:14.016, 7, 7453, 100
2026/09/29 11:24:15.016, 0, 7451, 100
2026/09/29 11:24:15.016, 1, 7593, 100
2026/09/29 11:24:15.016, 2, 7593, 100
2026/09/29 11:24:15.016, 3, 7593, 100
2026/09/29 11:24:15.016, 4, 7593, 100
2026/09/29 11:24:15.016, 5, 7593, 100
2026/09/29 11:24:15.016, 6, 7593, 100
2026/09/29 11:24:15.016, 7, 7453, 100
2026/09/29 11:24:16.016, 0, 7451, 100
2026/09/29 11:24:16.016, 1, 7593, 100
2026/09/29 11:24:16.016, 2, 7593, 100
2026/09/29 11:24:16.016, 3, 7593, 100
2026/09/29 11:24:16.017, 4, 7593, 100
2026/09/29 11:24:16.017, 5, 7593, 100
2026/09/29 11:24:16.017, 6, 7593, 100
2026/09/29 11:24:16.017, 7, 7453, 100
2026/09/29 11:24:17.017, 0, 7451, 100
2026/09/29 11:24:17.017, 1, 7593, 100
2026/09/29 11:24:17.017, 2, 7593, 100
2026/09/29 11:24:17.017, 3, 7593, 100
2026/09/29 11:24:17.017, 4, 7593, 100
2026/09/29 11:24:17.017, 5, 7593, 100
2026/09/29 11:24:17.017, 6, 7593, 100
2026/09/29 11:24:17.017, 7, 7453, 100
2026/09/29 11:24:18.017, 0, 7451, 100
2026/09/29 11:24:18.017, 1, 7593, 100
2026/09/29 11:24:18.017, 2, 7593, 100
2026/09/29 11:24:18.017, 3, 7593, 100
2026/09/29 11:24:18.018, 4, 7593, 100
2026/09/29 11:24:18.018, 5, 7593, 100
2026/09/29 11:24:18.018, 6, 7593, 100
2026/09/29 11:24:18.018, 7, 7453, 100
2026/09/29 11:24:19.018, 0, 7451, 100
2026/09/29 11:24:19.018, 1, 7593, 100
2026/09/29 11:24:19.018, 2, 7593, 100
2026/09/29 11:24:19.018, 3, 7593, 100
2026/09/29 11:24:19.018, 4, 7593, 100
2026/09/29 11:24:19.018, 5, 7593, 100
2026/09/29 11:24:19.018, 6, 7593, 100
2026/09/29 11:24:19.018, 7, 7453, 100
2026/09/29 11:24:20.019, 0, 7451, 100
2026/09/29 11:24:20.019, 1, 7593, 100
2026/09/29 11:24:20.019, 2, 7593, 100
2026/09/29 11:24:20.019, 3, 7593, 100
2026/09/29 11:24:20.019, 4, 7593, 100
2026/09/29 11:24:20.019, 5, 7593, 100
2026/09/29 11:24:20.019, 6, 7593, 100
2026/09/29 11:24:20.019, 7, 7453, 100
2026/09/29 11:24:21.019, 0, 7451, 100
2026/09/29 11:24:21.019, 1, 7593, 100
2026/09/29 11:24:21.020, 2, 7593, 100
2026/09/29 11:24:21.020, 3, 7593, 100
2026/09/29 11:24:21.020, 4, 7593, 100
2026/09/29 11:24:21.020, 5, 7593, 100
2026/09/29 11:24:21.020, 6, 7593, 100
2026/09/29 11:24:21.020, 7, 7453, 100
2026/09/29 11:24:22.020, 0, 7451, 100
2026/09/29 11:24:22.020, 1, 7593, 100
2026/09/29 11:24:22.020, 2, 7593, 100
2026/09/29 11:24:22.020, 3, 7593, 100
2026/09/29 11:24:22.020, 4, 7593, 100
2026/09/29 11:24:22.020, 5, 7593, 100
2026/09/29 11:24:22.021, 6, 7593, 100
2026/09/29 11:24:22.021, 7, 7453, 100
2026/09/29 11:24:23.021, 0, 3611, 100
2026/09/29 11:24:23.021, 1, 3973, 100
2026/09/29 11:24:23.022, 2, 3593, 100
2026/09/29 11:24:23.023, 3, 3813, 100
2026/09/29 11:24:23.024, 4, 3813, 100
2026/09/29 11:24:23.025, 5, 3713, 30
2026/09/29 11:24:23.025, 6, 3673, 100
2026/09/29 11:24:23.026, 7, 3533, 100
2026/09/29 11:24:24.027, 0, 12529, 29
2026/09/29 11:24:24.027, 1, 12507, 25
2026/09/29 11:24:24.027, 2, 12507, 28
2026/09/29 11:24:24.027, 3, 12509, 26
2026/09/29 11:24:24.027, 4, 12507, 50
2026/09/29 11:24:24.027, 5, 12509, 100
2026/09/29 11:24:24.027, 6, 12507, 45
2026/09/29 11:24:24.027, 7, 12529, 100
2026/09/29 11:24:25.027, 0, 3849, 100
2026/09/29 11:24:25.028, 1, 4307, 100
2026/09/29 11:24:25.029, 2, 4167, 100
2026/09/29 11:24:25.030, 3, 4609, 100
2026/09/29 11:24:25.031, 4, 4467, 100
2026/09/29 11:24:25.031, 5, 4729, 28
2026/09/29 11:24:25.032, 6, 4747, 100
2026/09/29 11:24:25.033, 7, 4609, 32
2026/09/29 11:24:26.033, 0, 5231, 25
2026/09/29 11:24:26.034, 1, 5309, 27
2026/09/29 11:24:26.034, 2, 5309, 28
2026/09/29 11:24:26.034, 3, 5311, 16
2026/09/29 11:24:26.034, 4, 5309, 100
2026/09/29 11:24:26.034, 5, 5311, 100
2026/09/29 11:24:26.034, 6, 5309, 0
2026/09/29 11:24:26.034, 7, 5231, 100
2026/09/29 11:24:27.034, 0, 6439, 100
2026/09/29 11:24:27.035, 1, 6559, 100
2026/09/29 11:24:27.035, 2, 6421, 100
2026/09/29 11:24:27.036, 3, 6521, 100
2026/09/29 11:24:27.036, 4, 6561, 100
2026/09/29 11:24:27.037, 5, 6421, 95
2026/09/29 11:24:27.037, 6, 6561, 100
2026/09/29 11:24:27.038, 7, 6419, 100
2026/09/29 11:24:28.039, 0, 8219, 60
2026/09/29 11:24:28.039, 1, 8219, 84
2026/09/29 11:24:28.039, 2, 8221, 91
2026/09/29 11:24:28.039, 3, 8181, 75
2026/09/29 11:24:28.039, 4, 8221, 99
2026/09/29 11:24:28.039, 5, 8223, 100
2026/09/29 11:24:28.039, 6, 8221, 89
2026/09/29 11:24:28.039, 7, 8159, 63
2026/09/29 11:24:29.039, 0, 8219, 100
2026/09/29 11:24:29.039, 1, 8219, 100
2026/09/29 11:24:29.039, 2, 8221, 100
2026/09/29 11:24:29.039, 3, 8181, 100
2026/09/29 11:24:29.039, 4, 8221, 100
2026/09/29 11:24:29.039, 5, 8223, 100
2026/09/29 11:24:29.039, 6, 8221, 100
2026/09/29 11:24:29.040, 7, 8159, 100
2026/09/29 11:24:30.040, 0, 8219, 100
2026/09/29 11:24:30.040, 1, 8219, 100
2026/09/29 11:24:30.040, 2, 8221, 100
2026/09/29 11:24:30.040, 3, 8181, 100
2026/09/29 11:24:30.040, 4, 8221, 100
2026/09/29 11:24:30.040, 5, 8223, 100
2026/09/29 11:24:30.040, 6, 8221, 100
2026/09/29 11:24:30.040, 7, 8159, 100
2026/09/29 11:24:31.040, 0, 8219, 100
2026/09/29 11:24:31.040, 1, 8219, 100
2026/09/29 11:24:31.040, 2, 8221, 100
2026/09/29 11:24:31.041, 3, 8181, 100
2026/09/29 11:24:31.041, 4, 8221, 100
2026/09/29 11:24:31.041, 5, 8223, 100
2026/09/29 11:24:31.041, 6, 8221, 100
2026/09/29 11:24:31.041, 7, 8159, 100
2026/09/29 11:24:32.041, 0, 8219, 100
2026/09/29 11:24:32.041, 1, 8219, 100
2026/09/29 11:24:32.041, 2, 8221, 100
2026/09/29 11:24:32.041, 3, 8181, 100
2026/09/29 11:24:32.041, 4, 8221, 100
2026/09/29 11:24:32.041, 5, 8223, 100
2026/09/29 11:24:32.041, 6, 8221, 100
2026/09/29 11:24:32.041, 7, 8159, 100
2026/09/29 11:24:33.042, 0, 8219, 100
2026/09/29 11:24:33.042, 1, 8219, 100
2026/09/29 11:24:33.042, 2, 8221, 100
2026/09/29 11:24:33.042, 3, 8181, 100
2026/09/29 11:24:33.042, 4, 8221, 100
2026/09/29 11:24:33.042, 5, 8223, 100
2026/09/29 11:24:33.042, 6, 8221, 100
2026/09/29 11:24:33.042, 7, 8159, 100
2026/09/29 11:24:34.042, 0, 8219, 100
2026/09/29 11:24:34.043, 1, 8219, 100
2026/09/29 11:24:34.043, 2, 8221, 100
2026/09/29 11:24:34.043, 3, 8181, 100
2026/09/29 11:24:34.043, 4, 8221, 100
2026/09/29 11:24:34.043, 5, 8223, 100
2026/09/29 11:24:34.043, 6, 8221, 100
2026/09/29 11:24:34.043, 7, 8159, 100
2026/09/29 11:24:35.043, 0, 8219, 100
2026/09/29 11:24:35.043, 1, 8219, 100
2026/09/29 11:24:35.043, 2, 8221, 100
2026/09/29 11:24:35.043, 3, 8181, 100
2026/09/29 11:24:35.043, 4, 8221, 100
2026/09/29 11:24:35.043, 5, 8223, 100
2026/09/29 11:24:35.043, 6, 8221, 100
2026/09/29 11:24:35.043, 7, 8159, 100
2026/09/29 11:24:36.044, 0, 8219, 100
2026/09/29 11:24:36.044, 1, 8219, 100
2026/09/29 11:24:36.044, 2, 8221, 100
2026/09/29 11:24:36.044, 3, 8181, 100
2026/09/29 11:24:36.044, 4, 8221, 100
2026/09/29 11:24:36.044, 5, 8223, 100
2026/09/29 11:24:36.044, 6, 8221, 100
2026/09/29 11:24:36.044, 7, 8159, 100
2026/09/29 11:24:37.044, 0, 8219, 100
2026/09/29 11:24:37.044, 1, 8219, 100
2026/09/29 11:24:37.044, 2, 8221, 100
2026/09/29 11:24:37.044, 3, 8181, 100
2026/09/29 11:24:37.044, 4, 8221, 100
2026/09/29 11:24:37.044, 5, 8223, 100
2026/09/29 11:24:37.044, 6, 8221, 100
2026/09/29 11:24:37.044, 7, 8159, 100
2026/09/29 11:24:38.045, 0, 8219, 100
2026/09/29 11:24:38.045, 1, 8219, 100
2026/09/29 11:24:38.045, 2, 8221, 100
2026/09/29 11:24:38.045, 3, 8181, 100
2026/09/29 11:24:38.045, 4, 8221, 100
2026/09/29 11:24:38.045, 5, 8223, 100
2026/09/29 11:24:38.045, 6, 8221, 100
2026/09/29 11:24:38.045, 7, 8159, 100
2026/09/29 11:24:39.045, 0, 8219, 100
2026/09/29 11:24:39.045, 1, 8219, 100
2026/09/29 11:24:39.045, 2, 8221, 100
2026/09/29 11:24:39.045, 3, 8181, 100
2026/09/29 11:24:39.045, 4, 8221, 100
2026/09/29 11:24:39.045, 5, 8223, 100
2026/09/29 11:24:39.045, 6, 8221, 100
2026/09/29 11:24:39.045, 7, 8159, 100
2026/09/29 11:24:40.045, 0, 8219, 100
2026/09/29 11:24:40.045, 1, 8219, 100
2026/09/29 11:24:40.046, 2, 8221, 100
2026/09/29 11:24:40.046, 3, 8181, 100
2026/09/29 11:24:40.046, 4, 8221, 100
2026/09/29 11:24:40.046, 5, 8223, 100
2026/09/29 11:24:40.046, 6, 8221, 100
2026/09/29 11:24:40.046, 7, 8159, 100
2026/09/29 11:24:41.046, 0, 8219, 100
2026/09/29 11:24:41.046, 1, 8219, 100
2026/09/29 11:24:41.046, 2, 8221, 100
2026/09/29 11:24:41.046, 3, 8181, 100
2026/09/29 11:24:41.046, 4, 8221, 100
2026/09/29 11:24:41.046, 5, 8223, 100
2026/09/29 11:24:41.046, 6, 8221, 100
2026/09/29 11:24:41.046, 7, 8159, 100
2026/09/29 11:24:42.046, 0, 8219, 100
2026/09/29 11:24:42.046, 1, 8219, 100
2026/09/29 11:24:42.046, 2, 8221, 100
2026/09/29 11:24:42.046, 3, 8181, 100
2026/09/29 11:24:42.047, 4, 8221, 100
2026/09/29 11:24:42.047, 5, 8223, 100
2026/09/29 11:24:42.047, 6, 8221, 100
2026/09/29 11:24:42.047, 7, 8159, 100
2026/09/29 11:24:43.047, 0, 8219, 100
2026/09/29 11:24:43.047, 1, 8219, 100
2026/09/29 11:24:43.047, 2, 8221, 100
2026/09/29 11:24:43.047, 3, 8181, 100
2026/09/29 11:24:43.047, 4, 8221, 100
2026/09/29 11:24:43.047, 5, 8223, 100
2026/09/29 11:24:43.047, 6, 8221, 100
2026/09/29 11:24:43.047, 7, 8159, 100
2026/09/29 11:24:44.047, 0, 8219, 100
2026/09/29 11:24:44.047, 1, 8219, 100
2026/09/29 11:24:44.047, 2, 8221, 100
2026/09/29 11:24:44.047, 3, 8181, 100
2026/09/29 11:24:44.047, 4, 8221, 100
2026/09/29 11:24:44.047, 5, 8223, 100
2026/09/29 11:24:44.047, 6, 8221, 100
2026/09/29 11:24:44.047, 7, 8159, 100
2026/09/29 11:24:45.048, 0, 8219, 100
2026/09/29 11:24:45.048, 1, 8219, 100
2026/09/29 11:24:45.048, 2, 8221, 100
2026/09/29 11:24:45.048, 3, 8181, 100
2026/09/29 11:24:45.048, 4, 8221, 100
2026/09/29 11:24:45.048, 5, 8223, 100
2026/09/29 11:24:45.048, 6, 8221, 100
2026/09/29 11:24:45.048, 7, 8159, 100
2026/09/29 11:24:46.048, 0, 8219, 100
2026/09/29 11:24:46.048, 1, 8219, 100
2026/09/29 11:24:46.048, 2, 8221, 100
2026/09/29 11:24:46.048, 3, 8181, 100
2026/09/29 11:24:46.048, 4, 8221, 100
2026/09/29 11:24:46.048, 5, 8223, 100
2026/09/29 11:24:46.048, 6, 8221, 100
2026/09/29 11:24:46.048, 7, 8159, 100
2026/09/29 11:24:47.048, 0, 8219, 100
2026/09/29 11:24:47.049, 1, 8219, 100
2026/09/29 11:24:47.049, 2, 8221, 100
2026/09/29 11:24:47.049, 3, 8181, 100
2026/09/29 11:24:47.049, 4, 8221, 100
2026/09/29 11:24:47.049, 5, 8223, 100
2026/09/29 11:24:47.049, 6, 8221, 100
2026/09/29 11:24:47.049, 7, 8159, 100
2026/09/29 11:24:48.049, 0, 8219, 100
2026/09/29 11:24:48.049, 1, 8219, 100
2026/09/29 11:24:48.049, 2, 8221, 100
2026/09/29 11:24:48.049, 3, 8181, 100
2026/09/29 11:24:48.049, 4, 8221, 100
2026/09/29 11:24:48.049, 5, 8223, 100
2026/09/29 11:24:48.049, 6, 8221, 100
2026/09/29 11:24:48.049, 7, 8159, 100
2026/09/29 11:24:49.049, 0, 8219, 100
2026/09/29 11:24:49.050, 1, 8219, 100
2026/09/29 11:24:49.050, 2, 8221, 100
2026/09/29 11:24:49.050, 3, 8181, 100
2026/09/29 11:24:49.050, 4, 8221, 100
2026/09/29 11:24:49.050, 5, 8223, 100
2026/09/29 11:24:49.050, 6, 8221, 100
2026/09/29 11:24:49.050, 7, 8159, 100
2026/09/29 11:24:50.050, 0, 8219, 100
2026/09/29 11:24:50.050, 1, 8219, 100
2026/09/29 11:24:50.050, 2, 8221, 100
2026/09/29 11:24:50.050, 3, 8181, 100
2026/09/29 11:24:50.050, 4, 8221, 100
2026/09/29 11:24:50.050, 5, 8223, 100
2026/09/29 11:24:50.050, 6, 8221, 100
2026/09/29 11:24:50.051, 7, 8159, 100
2026/09/29 11:24:51.051, 0, 4151, 100
2026/09/29 11:24:51.051, 1, 4231, 100
2026/09/29 11:24:51.051, 2, 4231, 100
2026/09/29 11:24:51.051, 3, 4191, 100
2026/09/29 11:24:51.051, 4, 4233, 88
2026/09/29 11:24:51.051, 5, 4233, 79
2026/09/29 11:24:51.051, 6, 4073, 100
2026/09/29 11:24:51.051, 7, 4087, 28
2026/09/29 11:24:52.051, 0, 4871, 99
2026/09/29 11:24:52.051, 1, 4873, 85
2026/09/29 11:24:52.051, 2, 4889, 80
2026/09/29 11:24:52.051, 3, 4931, 99
2026/09/29 11:24:52.051, 4, 4871, 12
2026/09/29 11:24:52.051, 5, 4869, 100
2026/09/29 11:24:52.051, 6, 4897, 99
2026/09/29 11:24:52.052, 7, 4887, 61
2026/09/29 11:24:53.052, 0, 5031, 100
2026/09/29 11:24:53.052, 1, 5033, 100
2026/09/29 11:24:53.052, 2, 5513, 100
2026/09/29 11:24:53.052, 3, 4931, 100
2026/09/29 11:24:53.052, 4, 5031, 100
2026/09/29 11:24:53.052, 5, 5029, 98
2026/09/29 11:24:53.053, 6, 5057, 100
2026/09/29 11:24:53.053, 7, 5497, 100
2026/09/29 11:24:54.053, 0, 7739, 96
2026/09/29 11:24:54.053, 1, 7781, 99
2026/09/29 11:24:54.053, 2, 7781, 100
2026/09/29 11:24:54.053, 3, 7783, 98
2026/09/29 11:24:54.053, 4, 7763, 96
2026/09/29 11:24:54.053, 5, 7783, 100
2026/09/29 11:24:54.053, 6, 7601, 93
2026/09/29 11:24:54.053, 7, 7859, 99
2026/09/29 11:24:55.054, 0, 7739, 100
2026/09/29 11:24:55.054, 1, 7781, 100
2026/09/29 11:24:55.054, 2, 7781, 100
2026/09/29 11:24:55.054, 3, 7783, 100
2026/09/29 11:24:55.054, 4, 7763, 100
2026/09/29 11:24:55.054, 5, 7783, 100
2026/09/29 11:24:55.054, 6, 7601, 100
2026/09/29 11:24:55.054, 7, 7859, 100
2026/09/29 11:24:56.054, 0, 7739, 100
2026/09/29 11:24:56.055, 1, 7781, 100
2026/09/29 11:24:56.055, 2, 7781, 100
2026/09/29 11:24:56.055, 3, 7783, 100
2026/09/29 11:24:56.055, 4, 7763, 100
2026/09/29 11:24:56.055, 5, 7783, 100
2026/09/29 11:24:56.055, 6, 7601, 100
2026/09/29 11:24:56.055, 7, 7859, 100
2026/09/29 11:24:57.055, 0, 7739, 100
2026/09/29 11:24:57.055, 1, 7781, 100
2026/09/29 11:24:57.055, 2, 7781, 100
2026/09/29 11:24:57.055, 3, 7783, 100
2026/09/29 11:24:57.055, 4, 7763, 100
2026/09/29 11:24:57.055, 5, 7783, 100
2026/09/29 11:24:57.056, 6, 7601, 100
2026/09/29 11:24:57.056, 7, 7859, 100
2026/09/29 11:24:58.056, 0, 7739, 100
2026/09/29 11:24:58.056, 1, 7781, 100
2026/09/29 11:24:58.056, 2, 7781, 100
2026/09/29 11:24:58.056, 3, 7783, 100
2026/09/29 11:24:58.056, 4, 7763, 100
2026/09/29 11:24:58.056, 5, 7783, 100
2026/09/29 11:24:58.056, 6, 7601, 100
2026/09/29 11:24:58.056, 7, 7859, 100
2026/09/29 11:24:59.056, 0, 7739, 100
2026/09/29 11:24:59.056, 1, 7781, 100
2026/09/29 11:24:59.057, 2, 7781, 100
2026/09/29 11:24:59.057, 3, 7783, 100
2026/09/29 11:24:59.057, 4, 7763, 100
2026/09/29 11:24:59.057, 5, 7783, 100
2026/09/29 11:24:59.057, 6, 7601, 100
2026/09/29 11:24:59.057, 7, 7859, 100
2026/09/29 11:25:00.057, 0, 7739, 100
2026/09/29 11:25:00.057, 1, 7781, 100
2026/09/29 11:25:00.057, 2, 7781, 100
2026/09/29 11:25:00.057, 3, 7783, 100
2026/09/29 11:25:00.057, 4, 7763, 100
2026/09/29 11:25:00.057, 5, 7783, 100
2026/09/29 11:25:00.057, 6, 7601, 100
2026/09/29 11:25:00.057, 7, 7859, 100
2026/09/29 11:25:01.058, 0, 7739, 100
2026/09/29 11:25:01.058, 1, 7781, 100
2026/09/29 11:25:01.058, 2, 7781, 100
2026/09/29 11:25:01.058, 3, 7783, 100
2026/09/29 11:25:01.058, 4, 7763, 100
2026/09/29 11:25:01.058, 5, 7783, 100
2026/09/29 11:25:01.058, 6, 7601, 100
2026/09/29 11:25:01.058, 7, 7859, 100
2026/09/29 11:25:02.058, 0, 7739, 100
2026/09/29 11:25:02.058, 1, 7781, 100
2026/09/29 11:25:02.058, 2, 7781, 100
2026/09/29 11:25:02.058, 3, 7783, 100
2026/09/29 11:25:02.058, 4, 7763, 100
2026/09/29 11:25:02.058, 5, 7783, 100
2026/09/29 11:25:02.059, 6, 7601, 100
2026/09/29 11:25:02.059, 7, 7859, 100
2026/09/29 11:25:03.059, 0, 7739, 100
2026/09/29 11:25:03.059, 1, 7781, 100
2026/09/29 11:25:03.059, 2, 7781, 100
2026/09/29 11:25:03.059, 3, 7783, 100
2026/09/29 11:25:03.059, 4, 7763, 100
2026/09/29 11:25:03.059, 5, 7783, 100
2026/09/29 11:25:03.059, 6, 7601, 100
2026/09/29 11:25:03.059, 7, 7859, 100
2026/09/29 11:25:04.059, 0, 7739, 100
2026/09/29 11:25:04.059, 1, 7781, 100
2026/09/29 11:25:04.059, 2, 7781, 100
2026/09/29 11:25:04.059, 3, 7783, 100
2026/09/29 11:25:04.059, 4, 7763, 100
2026/09/29 11:25:04.059, 5, 7783, 100
2026/09/29 11:25:04.059, 6, 7601, 100
2026/09/29 11:25:04.059, 7, 7859, 100
2026/09/29 11:25:05.060, 0, 7739, 100
2026/09/29 11:25:05.060, 1, 7781, 100
2026/09/29 11:25:05.060, 2, 7781, 100
2026/09/29 11:25:05.060, 3, 7783, 100
2026/09/29 11:25:05.060, 4, 7763, 100
2026/09/29 11:25:05.060, 5, 7783, 100
2026/09/29 11:25:05.060, 6, 7601, 100
2026/09/29 11:25:05.060, 7, 7859, 100
2026/09/29 11:25:06.060, 0, 7739, 100
2026/09/29 11:25:06.060, 1, 7781, 100
2026/09/29 11:25:06.060, 2, 7781, 100
2026/09/29 11:25:06.060, 3, 7783, 100
2026/09/29 11:25:06.060, 4, 7763, 100
2026/09/29 11:25:06.060, 5, 7783, 100
2026/09/29 11:25:06.061, 6, 7601, 100
2026/09/29 11:25:06.061, 7, 7859, 100
2026/09/29 11:25:07.061, 0, 7739, 100
2026/09/29 11:25:07.061, 1, 7781, 100
2026/09/29 11:25:07.061, 2, 7781, 100
2026/09/29 11:25:07.061, 3, 7783, 100
2026/09/29 11:25:07.061, 4, 7763, 100
2026/09/29 11:25:07.061, 5, 7783, 100
2026/09/29 11:25:07.061, 6, 7601, 100
2026/09/29 11:25:07.061, 7, 7859, 100
2026/09/29 11:25:08.061, 0, 7739, 100
2026/09/29 11:25:08.061, 1, 7781, 100
2026/09/29 11:25:08.061, 2, 7781, 100
2026/09/29 11:25:08.061, 3, 7783, 100
2026/09/29 11:25:08.061, 4, 7763, 100
2026/09/29 11:25:08.062, 5, 7783, 100
2026/09/29 11:25:08.062, 6, 7601, 100
2026/09/29 11:25:08.062, 7, 7859, 100
2026/09/29 11:25:09.062, 0, 7739, 100
2026/09/29 11:25:09.062, 1, 7781, 100
2026/09/29 11:25:09.062, 2, 7781, 100
2026/09/29 11:25:09.062, 3, 7783, 100
2026/09/29 11:25:09.062, 4, 7763, 100
2026/09/29 11:25:09.062, 5, 7783, 100
2026/09/29 11:25:09.062, 6, 7601, 100
2026/09/29 11:25:09.062, 7, 7859, 100
2026/09/29 11:25:10.062, 0, 7739, 100
2026/09/29 11:25:10.062, 1, 7781, 100
2026/09/29 11:25:10.062, 2, 7781, 100
2026/09/29 11:25:10.063, 3, 7783, 100
2026/09/29 11:25:10.063, 4, 7763, 100
2026/09/29 11:25:10.063, 5, 7783, 100
2026/09/29 11:25:10.063, 6, 7601, 100
2026/09/29 11:25:10.063, 7, 7859, 100
2026/09/29 11:25:11.063, 0, 7739, 100
2026/09/29 11:25:11.063, 1, 7781, 100
2026/09/29 11:25:11.063, 2, 7781, 100
2026/09/29 11:25:11.063, 3, 7783, 100
2026/09/29 11:25:11.063, 4, 7763, 100
2026/09/29 11:25:11.063, 5, 7783, 100
2026/09/29 11:25:11.063, 6, 7601, 100
2026/09/29 11:25:11.063, 7, 7859, 100
2026/09/29 11:25:12.063, 0, 7739, 100
2026/09/29 11:25:12.063, 1, 7781, 100
2026/09/29 11:25:12.063, 2, 7781, 100
2026/09/29 11:25:12.063, 3, 7783, 100
2026/09/29 11:25:12.063, 4, 7763, 100
2026/09/29 11:25:12.063, 5, 7783, 100
2026/09/29 11:25:12.063, 6, 7601, 100
2026/09/29 11:25:12.063, 7, 7859, 100
2026/09/29 11:25:13.063, 0, 11411, 83
2026/09/29 11:25:13.064, 1, 11353, 100
2026/09/29 11:25:13.064, 2, 11737, 100
2026/09/29 11:25:13.064, 3, 11475, 93
2026/09/29 11:25:13.064, 4, 11635, 50
2026/09/29 11:25:13.064, 5, 11473, 100
2026/09/29 11:25:13.064, 6, 11993, 39
2026/09/29 11:25:13.064, 7, 11689, 67
2026/09/29 11:25:14.064, 0, 7951, 100
2026/09/29 11:25:14.065, 1, 7873, 100
2026/09/29 11:25:14.065, 2, 7297, 100
2026/09/29 11:25:14.068, 3, 9175, 100
2026/09/29 11:25:14.068, 4, 8215, 100
2026/09/29 11:25:14.069, 5, 8533, 29
2026/09/29 11:25:14.069, 6, 8493, 100
2026/09/29 11:25:14.071, 7, 8429, 100
2026/09/29 11:25:15.072, 0, 3751, 30
2026/09/29 11:25:15.072, 1, 3773, 27
2026/09/29 11:25:15.072, 2, 3817, 0
2026/09/29 11:25:15.072, 3, 3755, 30
2026/09/29 11:25:15.072, 4, 3775, 0
2026/09/29 11:25:15.072, 5, 3753, 0
2026/09/29 11:25:15.072, 6, 3773, 29
2026/09/29 11:25:15.072, 7, 3729, 0
2026/09/29 11:25:16.072, 0, 3751, 0
2026/09/29 11:25:16.072, 1, 3773, 0
2026/09/29 11:25:16.072, 2, 3817, 0
2026/09/29 11:25:16.072, 3, 3755, 0
2026/09/29 11:25:16.072, 4, 3775, 0
2026/09/29 11:25:16.072, 5, 3753, 0
2026/09/29 11:25:16.072, 6, 3773, 0
2026/09/29 11:25:16.072, 7, 3729, 0
2026/09/29 11:25:17.072, 0, 5473, 0
2026/09/29 11:25:17.073, 1, 5415, 0
2026/09/29 11:25:17.073, 2, 5439, 100
2026/09/29 11:25:17.073, 3, 5457, 0
2026/09/29 11:25:17.073, 4, 5417, 0
2026/09/29 11:25:17.073, 5, 5415, 100
2026/09/29 11:25:17.073, 6, 5475, 0
2026/09/29 11:25:17.073, 7, 5391, 57
2026/09/29 11:25:18.073, 0, 5633, 100
2026/09/29 11:25:18.073, 1, 5575, 100
2026/09/29 11:25:18.073, 2, 5599, 98
2026/09/29 11:25:18.073, 3, 5457, 100
2026/09/29 11:25:18.073, 4, 5577, 100
2026/09/29 11:25:18.073, 5, 5575, 100
2026/09/29 11:25:18.073, 6, 5635, 100
2026/09/29 11:25:18.073, 7, 6271, 100
2026/09/29 11:25:19.074, 0, 7823, 100
2026/09/29 11:25:19.074, 1, 7667, 98
2026/09/29 11:25:19.074, 2, 7767, 99
2026/09/29 11:25:19.074, 3, 7825, 100
2026/09/29 11:25:19.074, 4, 7729, 92
2026/09/29 11:25:19.074, 5, 7785, 98
2026/09/29 11:25:19.074, 6, 7709, 100
2026/09/29 11:25:19.074, 7, 7743, 99
2026/09/29 11:25:20.074, 0, 7823, 99
2026/09/29 11:25:20.074, 1, 7767, 99
2026/09/29 11:25:20.075, 2, 7767, 99
2026/09/29 11:25:20.075, 3, 7825, 99
2026/09/29 11:25:20.075, 4, 7769, 99
2026/09/29 11:25:20.075, 5, 7845, 99
2026/09/29 11:25:20.075, 6, 7849, 99
2026/09/29 11:25:20.075, 7, 7743, 99
2026/09/29 11:25:21.075, 0, 8603, 98
2026/09/29 11:25:21.075, 1, 8547, 99
2026/09/29 11:25:21.075, 2, 8607, 100
2026/09/29 11:25:21.075, 3, 8605, 99
2026/09/29 11:25:21.075, 4, 8569, 100
2026/09/29 11:25:21.075, 5, 8625, 100
2026/09/29 11:25:21.075, 6, 8629, 99
2026/09/29 11:25:21.075, 7, 8523, 100
2026/09/29 11:25:22.075, 0, 8603, 100
2026/09/29 11:25:22.075, 1, 8547, 100
2026/09/29 11:25:22.075, 2, 8607, 100
2026/09/29 11:25:22.075, 3, 8605, 100
2026/09/29 11:25:22.076, 4, 8569, 100
2026/09/29 11:25:22.076, 5, 8625, 100
2026/09/29 11:25:22.076, 6, 8629, 100
2026/09/29 11:25:22.076, 7, 8523, 100
2026/09/29 11:25:23.076, 0, 8603, 100
2026/09/29 11:25:23.076, 1, 8547, 100
2026/09/29 11:25:23.076, 2, 8607, 100
2026/09/29 11:25:23.076, 3, 8605, 100
2026/09/29 11:25:23.076, 4, 8569, 100
2026/09/29 11:25:23.076, 5, 8625, 100
2026/09/29 11:25:23.076, 6, 8629, 100
2026/09/29 11:25:23.076, 7, 8523, 100
2026/09/29 11:25:24.076, 0, 8603, 100
2026/09/29 11:25:24.076, 1, 8547, 100
2026/09/29 11:25:24.076, 2, 8607, 100
2026/09/29 11:25:24.076, 3, 8605, 100
2026/09/29 11:25:24.076, 4, 8569, 100
2026/09/29 11:25:24.076, 5, 8625, 100
2026/09/29 11:25:24.076, 6, 8629, 100
2026/09/29 11:25:24.077, 7, 8523, 100
2026/09/29 11:25:25.077, 0, 8603, 100
2026/09/29 11:25:25.077, 1, 8547, 100
2026/09/29 11:25:25.077, 2, 8607, 100
2026/09/29 11:25:25.077, 3, 8605, 100
2026/09/29 11:25:25.077, 4, 8569, 100
2026/09/29 11:25:25.077, 5, 8625, 100
2026/09/29 11:25:25.077, 6, 8629, 100
2026/09/29 11:25:25.077, 7, 8523, 100
2026/09/29 11:25:26.077, 0, 8603, 100
2026/09/29 11:25:26.077, 1, 8547, 100
2026/09/29 11:25:26.077, 2, 8607, 100
2026/09/29 11:25:26.077, 3, 8605, 100
2026/09/29 11:25:26.077, 4, 8569, 100
2026/09/29 11:25:26.077, 5, 8625, 100
2026/09/29 11:25:26.077, 6, 8629, 100
2026/09/29 11:25:26.078, 7, 8523, 100
2026/09/29 11:25:27.078, 0, 8603, 100
2026/09/29 11:25:27.078, 1, 8547, 100
2026/09/29 11:25:27.078, 2, 8607, 100
2026/09/29 11:25:27.078, 3, 8605, 100
2026/09/29 11:25:27.078, 4, 8569, 100
2026/09/29 11:25:27.078, 5, 8625, 100
2026/09/29 11:25:27.078, 6, 8629, 100
2026/09/29 11:25:27.078, 7, 8523, 100
2026/09/29 11:25:28.078, 0, 8603, 100
2026/09/29 11:25:28.078, 1, 8547, 100
2026/09/29 11:25:28.078, 2, 8607, 100
2026/09/29 11:25:28.079, 3, 8605, 100
2026/09/29 11:25:28.079, 4, 8569, 100
2026/09/29 11:25:28.079, 5, 8625, 100
2026/09/29 11:25:28.079, 6, 8629, 100
2026/09/29 11:25:28.079, 7, 8523, 100
2026/09/29 11:25:29.079, 0, 8603, 100
2026/09/29 11:25:29.079, 1, 8547, 100
2026/09/29 11:25:29.079, 2, 8607, 100
2026/09/29 11:25:29.079, 3, 8605, 100
2026/09/29 11:25:29.079, 4, 8569, 100
2026/09/29 11:25:29.079, 5, 8625, 100
2026/09/29 11:25:29.079, 6, 8629, 100
2026/09/29 11:25:29.079, 7, 8523, 100
2026/09/29 11:25:30.079, 0, 8603, 100
2026/09/29 11:25:30.079, 1, 8547, 100
2026/09/29 11:25:30.079, 2, 8607, 100
2026/09/29 11:25:30.080, 3, 8605, 100
2026/09/29 11:25:30.080, 4, 8569, 100
2026/09/29 11:25:30.080, 5, 8625, 100
2026/09/29 11:25:30.080, 6, 8629, 100
2026/09/29 11:25:30.080, 7, 8523, 100
2026/09/29 11:25:31.080, 0, 8603, 100
2026/09/29 11:25:31.080, 1, 8547, 100
2026/09/29 11:25:31.080, 2, 8607, 100
2026/09/29 11:25:31.080, 3, 8605, 100
2026/09/29 11:25:31.080, 4, 8569, 100
2026/09/29 11:25:31.080, 5, 8625, 100
2026/09/29 11:25:31.080, 6, 8629, 100
2026/09/29 11:25:31.080, 7, 8523, 100
2026/09/29 11:25:32.080, 0, 8603, 100
2026/09/29 11:25:32.080, 1, 8547, 100
2026/09/29 11:25:32.080, 2, 8607, 100
2026/09/29 11:25:32.080, 3, 8605, 100
2026/09/29 11:25:32.080, 4, 8569, 100
2026/09/29 11:25:32.080, 5, 8625, 100
2026/09/29 11:25:32.080, 6, 8629, 100
2026/09/29 11:25:32.080, 7, 8523, 100
2026/09/29 11:25:33.081, 0, 8603, 100
2026/09/29 11:25:33.081, 1, 8547, 100
2026/09/29 11:25:33.081, 2, 8607, 100
2026/09/29 11:25:33.081, 3, 8605, 100
2026/09/29 11:25:33.081, 4, 8569, 100
2026/09/29 11:25:33.081, 5, 8625, 100
2026/09/29 11:25:33.081, 6, 8629, 100
2026/09/29 11:25:33.081, 7, 8523, 100
2026/09/29 11:25:34.081, 0, 8603, 100
2026/09/29 11:25:34.081, 1, 8547, 100
2026/09/29 11:25:34.081, 2, 8607, 100
2026/09/29 11:25:34.081, 3, 8605, 100
2026/09/29 11:25:34.081, 4, 8569, 100
2026/09/29 11:25:34.081, 5, 8625, 100
2026/09/29 11:25:34.081, 6, 8629, 100
2026/09/29 11:25:34.081, 7, 8523, 100
2026/09/29 11:25:35.082, 0, 5243, 100
2026/09/29 11:25:35.082, 1, 5447, 100
2026/09/29 11:25:35.082, 2, 5167, 30
2026/09/29 11:25:35.083, 3, 5225, 100
2026/09/29 11:25:35.084, 4, 5449, 100
2026/09/29 11:25:35.085, 5, 5305, 29
2026/09/29 11:25:35.085, 6, 5469, 100
2026/09/29 11:25:35.086, 7, 4983, 100
2026/09/29 11:25:36.087, 0, 4329, 29
2026/09/29 11:25:36.087, 1, 4271, 25
2026/09/29 11:25:36.087, 2, 4271, 98
2026/09/29 11:25:36.087, 3, 4329, 30
2026/09/29 11:25:36.087, 4, 4391, 98
2026/09/29 11:25:36.087, 5, 4329, 98
2026/09/29 11:25:36.087, 6, 4331, 56
2026/09/29 11:25:36.087, 7, 4307, 98
2026/09/29 11:25:37.087, 0, 4149, 99
2026/09/29 11:25:37.088, 1, 3651, 99
2026/09/29 11:25:37.088, 2, 3647, 0
2026/09/29 11:25:37.088, 3, 3649, 97
2026/09/29 11:25:37.088, 4, 3693, 99
2026/09/29 11:25:37.088, 5, 3669, 0
2026/09/29 11:25:37.088, 6, 3651, 98
2026/09/29 11:25:37.088, 7, 3665, 47
2026/09/29 11:25:38.088, 0, 5431, 8
2026/09/29 11:25:38.088, 1, 5393, 0
2026/09/29 11:25:38.089, 2, 5409, 100
2026/09/29 11:25:38.089, 3, 5371, 0
2026/09/29 11:25:38.089, 4, 5415, 100
2026/09/29 11:25:38.089, 5, 5411, 100
2026/09/29 11:25:38.089, 6, 5393, 72
2026/09/29 11:25:38.089, 7, 5407, 100
2026/09/29 11:25:39.089, 0, 7659, 100
2026/09/29 11:25:39.089, 1, 7561, 100
2026/09/29 11:25:39.089, 2, 7521, 59
2026/09/29 11:25:39.089, 3, 7579, 100
2026/09/29 11:25:39.089, 4, 7661, 100
2026/09/29 11:25:39.089, 5, 7521, 62
2026/09/29 11:25:39.089, 6, 7605, 100
2026/09/29 11:25:39.089, 7, 7519, 93
2026/09/29 11:25:40.090, 0, 7999, 96
2026/09/29 11:25:40.090, 1, 7761, 61
2026/09/29 11:25:40.090, 2, 7721, 99
2026/09/29 11:25:40.090, 3, 7739, 97
2026/09/29 11:25:40.090, 4, 7841, 99
2026/09/29 11:25:40.090, 5, 7801, 99
2026/09/29 11:25:40.090, 6, 7945, 99
2026/09/29 11:25:40.090, 7, 7859, 98
2026/09/29 11:25:41.090, 0, 8779, 99
2026/09/29 11:25:41.090, 1, 8541, 99
2026/09/29 11:25:41.090, 2, 8641, 65
2026/09/29 11:25:41.091, 3, 8719, 99
2026/09/29 11:25:41.091, 4, 8621, 98
2026/09/29 11:25:41.091, 5, 8581, 60
2026/09/29 11:25:41.091, 6, 8725, 99
2026/09/29 11:25:41.091, 7, 8639, 99
2026/09/29 11:25:42.091, 0, 8779, 100
2026/09/29 11:25:42.091, 1, 8541, 78
2026/09/29 11:25:42.091, 2, 8641, 100
2026/09/29 11:25:42.091, 3, 8719, 100
2026/09/29 11:25:42.091, 4, 8621, 100
2026/09/29 11:25:42.091, 5, 8581, 100
2026/09/29 11:25:42.091, 6, 8725, 100
2026/09/29 11:25:42.091, 7, 8639, 100
2026/09/29 11:25:43.091, 0, 8779, 100
2026/09/29 11:25:43.091, 1, 8541, 100
2026/09/29 11:25:43.091, 2, 8641, 100
2026/09/29 11:25:43.091, 3, 8719, 100
2026/09/29 11:25:43.091, 4, 8621, 100
2026/09/29 11:25:43.091, 5, 8581, 100
2026/09/29 11:25:43.091, 6, 8725, 100
2026/09/29 11:25:43.091, 7, 8639, 100
2026/09/29 11:25:44.092, 0, 8779, 100
2026/09/29 11:25:44.092, 1, 8541, 100
2026/09/29 11:25:44.092, 2, 8641, 100
2026/09/29 11:25:44.092, 3, 8719, 100
2026/09/29 11:25:44.092, 4, 8621, 100
2026/09/29 11:25:44.092, 5, 8581, 100
2026/09/29 11:25:44.092, 6, 8725, 100
2026/09/29 11:25:44.092, 7, 8639, 100
2026/09/29 11:25:45.092, 0, 8779, 100
2026/09/29 11:25:45.093, 1, 8541, 100
2026/09/29 11:25:45.093, 2, 8641, 100
2026/09/29 11:25:45.093, 3, 8719, 100
2026/09/29 11:25:45.093, 4, 8621, 100
2026/09/29 11:25:45.093, 5, 8581, 100
2026/09/29 11:25:45.093, 6, 8725, 100
2026/09/29 11:25:45.093, 7, 8639, 100
2026/09/29 11:25:46.093, 0, 8779, 100
2026/09/29 11:25:46.093, 1, 8541, 100
2026/09/29 11:25:46.093, 2, 8641, 100
2026/09/29 11:25:46.093, 3, 8719, 100
2026/09/29 11:25:46.093, 4, 8621, 100
2026/09/29 11:25:46.093, 5, 8581, 100
2026/09/29 11:25:46.093, 6, 8725, 100
2026/09/29 11:25:46.093, 7, 8639, 100
2026/09/29 11:25:47.093, 0, 8779, 100
2026/09/29 11:25:47.094, 1, 8541, 100
2026/09/29 11:25:47.094, 2, 8641, 100
2026/09/29 11:25:47.094, 3, 8719, 100
2026/09/29 11:25:47.094, 4, 8621, 100
2026/09/29 11:25:47.094, 5, 8581, 100
2026/09/29 11:25:47.094, 6, 8725, 100
2026/09/29 11:25:47.094, 7, 8639, 100
2026/09/29 11:25:48.094, 0, 8779, 100
2026/09/29 11:25:48.094, 1, 8541, 100
2026/09/29 11:25:48.095, 2, 8641, 100
2026/09/29 11:25:48.095, 3, 8719, 100
2026/09/29 11:25:48.095, 4, 8621, 100
2026/09/29 11:25:48.095, 5, 8581, 100
2026/09/29 11:25:48.095, 6, 8725, 100
2026/09/29 11:25:48.095, 7, 8639, 100
2026/09/29 11:25:49.095, 0, 8779, 100
2026/09/29 11:25:49.095, 1, 8541, 100
2026/09/29 11:25:49.095, 2, 8641, 100
2026/09/29 11:25:49.095, 3, 8719, 100
2026/09/29 11:25:49.095, 4, 8621, 100
2026/09/29 11:25:49.095, 5, 8581, 100
2026/09/29 11:25:49.095, 6, 8725, 100
2026/09/29 11:25:49.096, 7, 8639, 100
2026/09/29 11:25:50.096, 0, 8779, 100
2026/09/29 11:25:50.096, 1, 8541, 100
2026/09/29 11:25:50.096, 2, 8641, 100
2026/09/29 11:25:50.096, 3, 8719, 100
2026/09/29 11:25:50.096, 4, 8621, 100
2026/09/29 11:25:50.096, 5, 8581, 100
2026/09/29 11:25:50.096, 6, 8725, 100
2026/09/29 11:25:50.096, 7, 8639, 100
2026/09/29 11:25:51.096, 0, 8779, 100
2026/09/29 11:25:51.096, 1, 8541, 100
2026/09/29 11:25:51.096, 2, 8641, 100
2026/09/29 11:25:51.096, 3, 8719, 100
2026/09/29 11:25:51.096, 4, 8621, 100
2026/09/29 11:25:51.096, 5, 8581, 100
2026/09/29 11:25:51.096, 6, 8725, 100
2026/09/29 11:25:51.096, 7, 8639, 100
2026/09/29 11:25:52.097, 0, 8779, 100
2026/09/29 11:25:52.097, 1, 8541, 100
2026/09/29 11:25:52.097, 2, 8641, 100
2026/09/29 11:25:52.097, 3, 8719, 100
2026/09/29 11:25:52.097, 4, 8621, 100
2026/09/29 11:25:52.097, 5, 8581, 100
2026/09/29 11:25:52.097, 6, 8725, 100
2026/09/29 11:25:52.097, 7, 8639, 100
2026/09/29 11:25:53.097, 0, 8779, 100
2026/09/29 11:25:53.098, 1, 8541, 100
2026/09/29 11:25:53.098, 2, 8641, 100
2026/09/29 11:25:53.098, 3, 8719, 100
2026/09/29 11:25:53.098, 4, 8621, 100
2026/09/29 11:25:53.098, 5, 8581, 100
2026/09/29 11:25:53.098, 6, 8725, 100
2026/09/29 11:25:53.098, 7, 8639, 100
2026/09/29 11:25:54.098, 0, 8779, 100
2026/09/29 11:25:54.098, 1, 8541, 100
2026/09/29 11:25:54.098, 2, 8641, 100
2026/09/29 11:25:54.098, 3, 8719, 100
2026/09/29 11:25:54.098, 4, 8621, 100
2026/09/29 11:25:54.098, 5, 8581, 100
2026/09/29 11:25:54.098, 6, 8725, 100
2026/09/29 11:25:54.098, 7, 8639, 100
2026/09/29 11:25:55.098, 0, 8779, 100
2026/09/29 11:25:55.099, 1, 8541, 100
2026/09/29 11:25:55.099, 2, 8641, 100
2026/09/29 11:25:55.099, 3, 8719, 100
2026/09/29 11:25:55.099, 4, 8621, 100
2026/09/29 11:25:55.099, 5, 8581, 100
2026/09/29 11:25:55.099, 6, 8725, 100
2026/09/29 11:25:55.099, 7, 8639, 100
2026/09/29 11:25:56.099, 0, 4329, 100
2026/09/29 11:25:56.099, 1, 4251, 100
2026/09/29 11:25:56.099, 2, 4273, 99
2026/09/29 11:25:56.099, 3, 4273, 100
2026/09/29 11:25:56.099, 4, 4211, 30
2026/09/29 11:25:56.099, 5, 4269, 99
2026/09/29 11:25:56.099, 6, 4231, 100
2026/09/29 11:25:56.100, 7, 4229, 29
2026/09/29 11:25:57.100, 0, 4709, 99
2026/09/29 11:25:57.100, 1, 4731, 98
2026/09/29 11:25:57.101, 2, 4633, 98
2026/09/29 11:25:57.102, 3, 4513, 99
2026/09/29 11:25:57.102, 4, 4651, 99
2026/09/29 11:25:57.103, 5, 4629, 98
2026/09/29 11:25:57.103, 6, 4791, 98
2026/09/29 11:25:57.104, 7, 4449, 98
2026/09/29 11:25:58.105, 0, 5471, 73
2026/09/29 11:25:58.105, 1, 5455, 88
2026/09/29 11:25:58.105, 2, 5371, 84
2026/09/29 11:25:58.105, 3, 5435, 86
2026/09/29 11:25:58.105, 4, 5477, 0
2026/09/29 11:25:58.105, 5, 5397, 75
2026/09/29 11:25:58.105, 6, 5395, 55
2026/09/29 11:25:58.105, 7, 5433, 0
2026/09/29 11:25:59.105, 0, 5471, 100
2026/09/29 11:25:59.105, 1, 5535, 100
2026/09/29 11:25:59.105, 2, 5451, 100
2026/09/29 11:25:59.106, 3, 5435, 100
2026/09/29 11:25:59.106, 4, 5477, 100
2026/09/29 11:25:59.106, 5, 5397, 100
2026/09/29 11:25:59.106, 6, 5395, 100
2026/09/29 11:25:59.106, 7, 5593, 100
2026/09/29 11:26:00.106, 0, 7799, 100
2026/09/29 11:26:00.106, 1, 7699, 100
2026/09/29 11:26:00.106, 2, 7743, 99
2026/09/29 11:26:00.106, 3, 7781, 100
2026/09/29 11:26:00.106, 4, 7823, 94
2026/09/29 11:26:00.106, 5, 7783, 99
2026/09/29 11:26:00.106, 6, 7825, 100
2026/09/29 11:26:00.106, 7, 7719, 70
2026/09/29 11:26:01.106, 0, 7799, 98
2026/09/29 11:26:01.107, 1, 7839, 99
2026/09/29 11:26:01.107, 2, 7883, 99
2026/09/29 11:26:01.107, 3, 7781, 99
2026/09/29 11:26:01.107, 4, 7823, 98
2026/09/29 11:26:01.107, 5, 7883, 99
2026/09/29 11:26:01.107, 6, 7825, 98
2026/09/29 11:26:01.107, 7, 7779, 99
2026/09/29 11:26:02.107, 0, 8579, 98
2026/09/29 11:26:02.107, 1, 8619, 99
2026/09/29 11:26:02.107, 2, 8663, 100
2026/09/29 11:26:02.107, 3, 8561, 99
2026/09/29 11:26:02.107, 4, 8743, 99
2026/09/29 11:26:02.107, 5, 8663, 100
2026/09/29 11:26:02.107, 6, 8605, 99
2026/09/29 11:26:02.107, 7, 8639, 95
2026/09/29 11:26:03.107, 0, 8579, 100
2026/09/29 11:26:03.108, 1, 8619, 100
2026/09/29 11:26:03.108, 2, 8663, 100
2026/09/29 11:26:03.108, 3, 8561, 100
2026/09/29 11:26:03.108, 4, 8743, 100
2026/09/29 11:26:03.108, 5, 8663, 100
2026/09/29 11:26:03.108, 6, 8605, 100
2026/09/29 11:26:03.108, 7, 8639, 100
2026/09/29 11:26:04.108, 0, 8579, 100
2026/09/29 11:26:04.108, 1, 8619, 100
2026/09/29 11:26:04.108, 2, 8663, 100
2026/09/29 11:26:04.108, 3, 8561, 100
2026/09/29 11:26:04.108, 4, 8743, 100
2026/09/29 11:26:04.108, 5, 8663, 100
2026/09/29 11:26:04.108, 6, 8605, 100
2026/09/29 11:26:04.108, 7, 8639, 100
2026/09/29 11:26:05.108, 0, 8579, 100
2026/09/29 11:26:05.109, 1, 8619, 100
2026/09/29 11:26:05.109, 2, 8663, 100
2026/09/29 11:26:05.109, 3, 8561, 100
2026/09/29 11:26:05.109, 4, 8743, 100
2026/09/29 11:26:05.109, 5, 8663, 100
2026/09/29 11:26:05.109, 6, 8605, 100
2026/09/29 11:26:05.109, 7, 8639, 100
2026/09/29 11:26:06.109, 0, 8579, 100
2026/09/29 11:26:06.109, 1, 8619, 100
2026/09/29 11:26:06.109, 2, 8663, 100
2026/09/29 11:26:06.109, 3, 8561, 100
2026/09/29 11:26:06.109, 4, 8743, 100
2026/09/29 11:26:06.109, 5, 8663, 100
2026/09/29 11:26:06.109, 6, 8605, 100
2026/09/29 11:26:06.109, 7, 8639, 100
2026/09/29 11:26:07.110, 0, 8579, 100
2026/09/29 11:26:07.110, 1, 8619, 100
2026/09/29 11:26:07.110, 2, 8663, 100
2026/09/29 11:26:07.110, 3, 8561, 100
2026/09/29 11:26:07.110, 4, 8743, 100
2026/09/29 11:26:07.110, 5, 8663, 100
2026/09/29 11:26:07.110, 6, 8605, 100
2026/09/29 11:26:07.110, 7, 8639, 100
2026/09/29 11:26:08.110, 0, 8579, 100
2026/09/29 11:26:08.110, 1, 8619, 100
2026/09/29 11:26:08.111, 2, 8663, 100
2026/09/29 11:26:08.111, 3, 8561, 100
2026/09/29 11:26:08.111, 4, 8743, 100
2026/09/29 11:26:08.111, 5, 8663, 100
2026/09/29 11:26:08.111, 6, 8605, 100
2026/09/29 11:26:08.111, 7, 8639, 100
2026/09/29 11:26:09.111, 0, 8579, 100
2026/09/29 11:26:09.111, 1, 8619, 100
2026/09/29 11:26:09.111, 2, 8663, 100
2026/09/29 11:26:09.112, 3, 8561, 100
2026/09/29 11:26:09.112, 4, 8743, 100
2026/09/29 11:26:09.112, 5, 8663, 100
2026/09/29 11:26:09.112, 6, 8605, 100
2026/09/29 11:26:09.112, 7, 8639, 100
2026/09/29 11:26:10.112, 0, 8579, 100
2026/09/29 11:26:10.112, 1, 8619, 100
2026/09/29 11:26:10.112, 2, 8663, 100
2026/09/29 11:26:10.112, 3, 8561, 100
2026/09/29 11:26:10.112, 4, 8743, 100
2026/09/29 11:26:10.112, 5, 8663, 100
2026/09/29 11:26:10.112, 6, 8605, 100
2026/09/29 11:26:10.112, 7, 8639, 100
2026/09/29 11:26:11.113, 0, 8579, 100
2026/09/29 11:26:11.113, 1, 8619, 100
2026/09/29 11:26:11.113, 2, 8663, 100
2026/09/29 11:26:11.113, 3, 8561, 100
2026/09/29 11:26:11.113, 4, 8743, 100
2026/09/29 11:26:11.113, 5, 8663, 100
2026/09/29 11:26:11.113, 6, 8605, 100
2026/09/29 11:26:11.113, 7, 8639, 100
2026/09/29 11:26:12.113, 0, 8579, 100
2026/09/29 11:26:12.113, 1, 8619, 100
2026/09/29 11:26:12.113, 2, 8663, 100
2026/09/29 11:26:12.114, 3, 8561, 100
2026/09/29 11:26:12.114, 4, 8743, 100
2026/09/29 11:26:12.114, 5, 8663, 100
2026/09/29 11:26:12.114, 6, 8605, 100
2026/09/29 11:26:12.114, 7, 8639, 100
2026/09/29 11:26:13.114, 0, 8579, 100
2026/09/29 11:26:13.114, 1, 8619, 100
2026/09/29 11:26:13.114, 2, 8663, 100
2026/09/29 11:26:13.114, 3, 8561, 100
2026/09/29 11:26:13.114, 4, 8743, 100
2026/09/29 11:26:13.114, 5, 8663, 100
2026/09/29 11:26:13.114, 6, 8605, 100
2026/09/29 11:26:13.114, 7, 8639, 100
2026/09/29 11:26:14.115, 0, 8579, 100
2026/09/29 11:26:14.115, 1, 8619, 100
2026/09/29 11:26:14.115, 2, 8663, 100
2026/09/29 11:26:14.115, 3, 8561, 100
2026/09/29 11:26:14.115, 4, 8743, 100
2026/09/29 11:26:14.115, 5, 8663, 100
2026/09/29 11:26:14.115, 6, 8605, 100
2026/09/29 11:26:14.115, 7, 8639, 100
2026/09/29 11:26:15.115, 0, 8579, 100
2026/09/29 11:26:15.115, 1, 8619, 100
2026/09/29 11:26:15.115, 2, 8663, 100
2026/09/29 11:26:15.115, 3, 8561, 100
2026/09/29 11:26:15.116, 4, 8743, 100
2026/09/29 11:26:15.116, 5, 8663, 100
2026/09/29 11:26:15.116, 6, 8605, 100
2026/09/29 11:26:15.116, 7, 8639, 100
2026/09/29 11:26:16.116, 0, 8359, 100
2026/09/29 11:26:16.116, 1, 8399, 100
2026/09/29 11:26:16.116, 2, 8443, 100
2026/09/29 11:26:16.117, 3, 8321, 100
2026/09/29 11:26:16.118, 4, 8503, 100
2026/09/29 11:26:16.119, 5, 8403, 100
2026/09/29 11:26:16.119, 6, 8365, 100
2026/09/29 11:26:16.120, 7, 8339, 100
2026/09/29 11:26:17.120, 0, 4269, 87
2026/09/29 11:26:17.121, 1, 4291, 98
2026/09/29 11:26:17.121, 2, 4351, 99
2026/09/29 11:26:17.121, 3, 4309, 96
2026/09/29 11:26:17.121, 4, 4329, 63
2026/09/29 11:26:17.121, 5, 4369, 98
2026/09/29 11:26:17.121, 6, 4391, 29
2026/09/29 11:26:17.121, 7, 4349, 98
2026/09/29 11:26:18.121, 0, 4171, 99
2026/09/29 11:26:18.121, 1, 3693, 0
2026/09/29 11:26:18.121, 2, 3649, 17
2026/09/29 11:26:18.121, 3, 3689, 98
2026/09/29 11:26:18.121, 4, 3731, 99
2026/09/29 11:26:18.121, 5, 3733, 39
2026/09/29 11:26:18.121, 6, 3709, 98
2026/09/29 11:26:18.121, 7, 3747, 99
2026/09/29 11:26:19.121, 0, 5453, 4
2026/09/29 11:26:19.122, 1, 5415, 100
2026/09/29 11:26:19.122, 2, 5411, 100
2026/09/29 11:26:19.122, 3, 5411, 0
2026/09/29 11:26:19.122, 4, 5433, 56
2026/09/29 11:26:19.122, 5, 5475, 100
2026/09/29 11:26:19.122, 6, 5411, 0
2026/09/29 11:26:19.122, 7, 5469, 100
2026/09/29 11:26:20.122, 0, 6455, 100
2026/09/29 11:26:20.123, 1, 6477, 100
2026/09/29 11:26:20.123, 2, 6417, 93
2026/09/29 11:26:20.123, 3, 6435, 100
2026/09/29 11:26:20.123, 4, 6537, 100
2026/09/29 11:26:20.123, 5, 6517, 100
2026/09/29 11:26:20.124, 6, 6477, 100
2026/09/29 11:26:20.124, 7, 6633, 100
2026/09/29 11:26:21.124, 0, 7719, 100
2026/09/29 11:26:21.124, 1, 7901, 99
2026/09/29 11:26:21.124, 2, 7803, 99
2026/09/29 11:26:21.125, 3, 7821, 95
2026/09/29 11:26:21.125, 4, 7803, 99
2026/09/29 11:26:21.125, 5, 7863, 99
2026/09/29 11:26:21.125, 6, 7943, 74
2026/09/29 11:26:21.125, 7, 7819, 99
2026/09/29 11:26:22.125, 0, 7859, 99
2026/09/29 11:26:22.125, 1, 7921, 99
2026/09/29 11:26:22.125, 2, 7863, 99
2026/09/29 11:26:22.125, 3, 7821, 99
2026/09/29 11:26:22.125, 4, 7883, 75
2026/09/29 11:26:22.125, 5, 7863, 99
2026/09/29 11:26:22.125, 6, 7943, 99
2026/09/29 11:26:22.125, 7, 7819, 99
2026/09/29 11:26:23.126, 0, 8639, 98
2026/09/29 11:26:23.126, 1, 8701, 100
2026/09/29 11:26:23.126, 2, 8643, 100
2026/09/29 11:26:23.126, 3, 8601, 99
2026/09/29 11:26:23.126, 4, 8663, 100
2026/09/29 11:26:23.126, 5, 8643, 100
2026/09/29 11:26:23.126, 6, 8723, 100
2026/09/29 11:26:23.126, 7, 8599, 100
2026/09/29 11:26:24.126, 0, 8639, 100
2026/09/29 11:26:24.126, 1, 8701, 100
2026/09/29 11:26:24.126, 2, 8643, 100
2026/09/29 11:26:24.126, 3, 8601, 100
2026/09/29 11:26:24.127, 4, 8663, 100
2026/09/29 11:26:24.127, 5, 8643, 100
2026/09/29 11:26:24.127, 6, 8723, 100
2026/09/29 11:26:24.127, 7, 8599, 100
2026/09/29 11:26:25.127, 0, 8639, 100
2026/09/29 11:26:25.127, 1, 8701, 100
2026/09/29 11:26:25.127, 2, 8643, 100
2026/09/29 11:26:25.127, 3, 8601, 100
2026/09/29 11:26:25.127, 4, 8663, 100
2026/09/29 11:26:25.127, 5, 8643, 100
2026/09/29 11:26:25.127, 6, 8723, 100
2026/09/29 11:26:25.127, 7, 8599, 100
2026/09/29 11:26:26.127, 0, 8639, 100
2026/09/29 11:26:26.128, 1, 8701, 100
2026/09/29 11:26:26.128, 2, 8643, 100
2026/09/29 11:26:26.128, 3, 8601, 100
2026/09/29 11:26:26.128, 4, 8663, 100
2026/09/29 11:26:26.128, 5, 8643, 100
2026/09/29 11:26:26.128, 6, 8723, 100
2026/09/29 11:26:26.128, 7, 8599, 100
2026/09/29 11:26:27.128, 0, 8639, 100
2026/09/29 11:26:27.128, 1, 8701, 100
2026/09/29 11:26:27.128, 2, 8643, 100
2026/09/29 11:26:27.128, 3, 8601, 100
2026/09/29 11:26:27.128, 4, 8663, 100
2026/09/29 11:26:27.128, 5, 8643, 100
2026/09/29 11:26:27.128, 6, 8723, 100
2026/09/29 11:26:27.129, 7, 8599, 100
2026/09/29 11:26:28.129, 0, 8639, 100
2026/09/29 11:26:28.129, 1, 8701, 100
2026/09/29 11:26:28.129, 2, 8643, 100
2026/09/29 11:26:28.129, 3, 8601, 100
2026/09/29 11:26:28.129, 4, 8663, 100
2026/09/29 11:26:28.129, 5, 8643, 100
2026/09/29 11:26:28.129, 6, 8723, 100
2026/09/29 11:26:28.129, 7, 8599, 100
2026/09/29 11:26:29.129, 0, 8639, 100
2026/09/29 11:26:29.129, 1, 8701, 100
2026/09/29 11:26:29.129, 2, 8643, 100
2026/09/29 11:26:29.130, 3, 8601, 100
2026/09/29 11:26:29.130, 4, 8663, 100
2026/09/29 11:26:29.130, 5, 8643, 100
2026/09/29 11:26:29.130, 6, 8723, 100
2026/09/29 11:26:29.130, 7, 8599, 100
2026/09/29 11:26:30.130, 0, 8639, 100
2026/09/29 11:26:30.130, 1, 8701, 100
2026/09/29 11:26:30.130, 2, 8643, 100
2026/09/29 11:26:30.130, 3, 8601, 100
2026/09/29 11:26:30.130, 4, 8663, 100
2026/09/29 11:26:30.130, 5, 8643, 100
2026/09/29 11:26:30.130, 6, 8723, 100
2026/09/29 11:26:30.131, 7, 8599, 100
2026/09/29 11:26:31.131, 0, 8639, 100
2026/09/29 11:26:31.131, 1, 8701, 100
2026/09/29 11:26:31.131, 2, 8643, 100
2026/09/29 11:26:31.131, 3, 8601, 100
2026/09/29 11:26:31.131, 4, 8663, 100
2026/09/29 11:26:31.131, 5, 8643, 100
2026/09/29 11:26:31.131, 6, 8723, 100
2026/09/29 11:26:31.131, 7, 8599, 100
2026/09/29 11:26:32.131, 0, 8639, 100
2026/09/29 11:26:32.132, 1, 8701, 100
2026/09/29 11:26:32.132, 2, 8643, 100
2026/09/29 11:26:32.132, 3, 8601, 100
2026/09/29 11:26:32.132, 4, 8663, 100
2026/09/29 11:26:32.132, 5, 8643, 100
2026/09/29 11:26:32.132, 6, 8723, 100
2026/09/29 11:26:32.132, 7, 8599, 100
2026/09/29 11:26:33.132, 0, 8639, 100
2026/09/29 11:26:33.132, 1, 8701, 100
2026/09/29 11:26:33.132, 2, 8643, 100
2026/09/29 11:26:33.132, 3, 8601, 100
2026/09/29 11:26:33.132, 4, 8663, 100
2026/09/29 11:26:33.133, 5, 8643, 100
2026/09/29 11:26:33.133, 6, 8723, 100
2026/09/29 11:26:33.133, 7, 8599, 100
2026/09/29 11:26:34.133, 0, 8639, 100
2026/09/29 11:26:34.133, 1, 8701, 100
2026/09/29 11:26:34.134, 2, 8643, 100
2026/09/29 11:26:34.134, 3, 8601, 100
2026/09/29 11:26:34.134, 4, 8663, 100
2026/09/29 11:26:34.134, 5, 8643, 100
2026/09/29 11:26:34.134, 6, 8723, 100
2026/09/29 11:26:34.134, 7, 8599, 100
2026/09/29 11:26:35.134, 0, 8639, 100
2026/09/29 11:26:35.134, 1, 8701, 100
2026/09/29 11:26:35.134, 2, 8643, 100
2026/09/29 11:26:35.134, 3, 8601, 100
2026/09/29 11:26:35.134, 4, 8663, 100
2026/09/29 11:26:35.134, 5, 8643, 100
2026/09/29 11:26:35.134, 6, 8723, 100
2026/09/29 11:26:35.134, 7, 8599, 100
2026/09/29 11:26:36.134, 0, 8639, 100
2026/09/29 11:26:36.135, 1, 8701, 100
2026/09/29 11:26:36.135, 2, 8643, 100
2026/09/29 11:26:36.135, 3, 8601, 100
2026/09/29 11:26:36.135, 4, 8663, 100
2026/09/29 11:26:36.135, 5, 8643, 100
2026/09/29 11:26:36.135, 6, 8723, 100
2026/09/29 11:26:36.135, 7, 8599, 100
2026/09/29 11:26:37.135, 0, 8639, 100
2026/09/29 11:26:37.135, 1, 8701, 100
2026/09/29 11:26:37.135, 2, 8643, 100
2026/09/29 11:26:37.135, 3, 8601, 100
2026/09/29 11:26:37.135, 4, 8663, 100
2026/09/29 11:26:37.135, 5, 8643, 100
2026/09/29 11:26:37.135, 6, 8723, 100
2026/09/29 11:26:37.135, 7, 8599, 100
2026/09/29 11:26:38.135, 0, 8639, 100
2026/09/29 11:26:38.135, 1, 8701, 100
2026/09/29 11:26:38.135, 2, 8643, 100
2026/09/29 11:26:38.136, 3, 8601, 100
2026/09/29 11:26:38.136, 4, 8663, 100
2026/09/29 11:26:38.136, 5, 8643, 100
2026/09/29 11:26:38.136, 6, 8723, 100
2026/09/29 11:26:38.136, 7, 8599, 100
2026/09/29 11:26:39.136, 0, 8639, 100
2026/09/29 11:26:39.136, 1, 8701, 100
2026/09/29 11:26:39.136, 2, 8643, 100
2026/09/29 11:26:39.136, 3, 8601, 100
2026/09/29 11:26:39.136, 4, 8663, 100
2026/09/29 11:26:39.136, 5, 8643, 100
2026/09/29 11:26:39.136, 6, 8723, 100
2026/09/29 11:26:39.136, 7, 8599, 100
2026/09/29 11:26:40.137, 0, 8639, 100
2026/09/29 11:26:40.137, 1, 8701, 100
2026/09/29 11:26:40.137, 2, 8643, 100
2026/09/29 11:26:40.137, 3, 8601, 100
2026/09/29 11:26:40.137, 4, 8663, 100
2026/09/29 11:26:40.137, 5, 8643, 100
2026/09/29 11:26:40.137, 6, 8723, 100
2026/09/29 11:26:40.137, 7, 8599, 100
2026/09/29 11:26:41.137, 0, 8639, 100
2026/09/29 11:26:41.137, 1, 8701, 100
2026/09/29 11:26:41.137, 2, 8643, 100
2026/09/29 11:26:41.137, 3, 8601, 100
2026/09/29 11:26:41.138, 4, 8663, 100
2026/09/29 11:26:41.138, 5, 8643, 100
2026/09/29 11:26:41.138, 6, 8723, 100
2026/09/29 11:26:41.138, 7, 8599, 100
2026/09/29 11:26:42.138, 0, 8639, 100
2026/09/29 11:26:42.138, 1, 8701, 100
2026/09/29 11:26:42.138, 2, 8643, 100
2026/09/29 11:26:42.138, 3, 8601, 100
2026/09/29 11:26:42.138, 4, 8663, 100
2026/09/29 11:26:42.138, 5, 8643, 100
2026/09/29 11:26:42.138, 6, 8723, 100
2026/09/29 11:26:42.138, 7, 8599, 100
2026/09/29 11:26:43.138, 0, 8639, 100
2026/09/29 11:26:43.139, 1, 8701, 100
2026/09/29 11:26:43.139, 2, 8643, 100
2026/09/29 11:26:43.139, 3, 8601, 100
2026/09/29 11:26:43.139, 4, 8663, 100
2026/09/29 11:26:43.139, 5, 8643, 100
2026/09/29 11:26:43.139, 6, 8723, 100
2026/09/29 11:26:43.139, 7, 8599, 100
2026/09/29 11:26:44.139, 0, 8639, 100
2026/09/29 11:26:44.139, 1, 8701, 100
2026/09/29 11:26:44.139, 2, 8643, 100
2026/09/29 11:26:44.139, 3, 8601, 100
2026/09/29 11:26:44.140, 4, 8663, 100
2026/09/29 11:26:44.140, 5, 8643, 100
2026/09/29 11:26:44.140, 6, 8723, 100
2026/09/29 11:26:44.140, 7, 8599, 100
2026/09/29 11:26:45.140, 0, 8639, 100
2026/09/29 11:26:45.140, 1, 8701, 100
2026/09/29 11:26:45.140, 2, 8643, 100
2026/09/29 11:26:45.140, 3, 8601, 100
2026/09/29 11:26:45.140, 4, 8663, 100
2026/09/29 11:26:45.140, 5, 8643, 100
2026/09/29 11:26:45.140, 6, 8723, 100
2026/09/29 11:26:45.140, 7, 8599, 100
2026/09/29 11:26:46.140, 0, 8639, 100
2026/09/29 11:26:46.140, 1, 8701, 100
2026/09/29 11:26:46.141, 2, 8643, 100
2026/09/29 11:26:46.141, 3, 8601, 100
2026/09/29 11:26:46.141, 4, 8663, 100
2026/09/29 11:26:46.141, 5, 8643, 100
2026/09/29 11:26:46.141, 6, 8723, 100
2026/09/29 11:26:46.141, 7, 8599, 100
2026/09/29 11:26:47.141, 0, 8639, 100
2026/09/29 11:26:47.141, 1, 8701, 100
2026/09/29 11:26:47.141, 2, 8643, 100
2026/09/29 11:26:47.141, 3, 8601, 100
2026/09/29 11:26:47.141, 4, 8663, 100
2026/09/29 11:26:47.141, 5, 8643, 100
2026/09/29 11:26:47.141, 6, 8723, 100
2026/09/29 11:26:47.141, 7, 8599, 100
2026/09/29 11:26:48.142, 0, 8639, 100
2026/09/29 11:26:48.142, 1, 8701, 100
2026/09/29 11:26:48.142, 2, 8643, 100
2026/09/29 11:26:48.142, 3, 8601, 100
2026/09/29 11:26:48.142, 4, 8663, 100
2026/09/29 11:26:48.142, 5, 8643, 100
2026/09/29 11:26:48.142, 6, 8723, 100
2026/09/29 11:26:48.142, 7, 8599, 100
2026/09/29 11:26:49.142, 0, 8639, 100
2026/09/29 11:26:49.142, 1, 8701, 100
2026/09/29 11:26:49.143, 2, 8643, 100
2026/09/29 11:26:49.143, 3, 8601, 100
2026/09/29 11:26:49.143, 4, 8663, 100
2026/09/29 11:26:49.143, 5, 8643, 100
2026/09/29 11:26:49.143, 6, 8723, 100
2026/09/29 11:26:49.143, 7, 8599, 100
2026/09/29 11:26:50.143, 0, 8639, 100
2026/09/29 11:26:50.143, 1, 8701, 100
2026/09/29 11:26:50.143, 2, 8643, 100
2026/09/29 11:26:50.143, 3, 8601, 100
2026/09/29 11:26:50.143, 4, 8663, 100
2026/09/29 11:26:50.143, 5, 8643, 100
2026/09/29 11:26:50.143, 6, 8723, 100
2026/09/29 11:26:50.143, 7, 8599, 100
2026/09/29 11:26:51.143, 0, 8639, 100
2026/09/29 11:26:51.144, 1, 8701, 100
2026/09/29 11:26:51.145, 2, 8643, 100
2026/09/29 11:26:51.145, 3, 8601, 100
2026/09/29 11:26:51.145, 4, 8663, 100
2026/09/29 11:26:51.145, 5, 8643, 100
2026/09/29 11:26:51.145, 6, 8723, 100
2026/09/29 11:26:51.145, 7, 8599, 100
2026/09/29 11:26:52.145, 0, 8639, 100
2026/09/29 11:26:52.145, 1, 8701, 100
2026/09/29 11:26:52.146, 2, 8643, 100
2026/09/29 11:26:52.146, 3, 8601, 100
2026/09/29 11:26:52.146, 4, 8663, 100
2026/09/29 11:26:52.146, 5, 8643, 100
2026/09/29 11:26:52.146, 6, 8723, 100
2026/09/29 11:26:52.146, 7, 8599, 100
2026/09/29 11:26:53.146, 0, 8639, 100
2026/09/29 11:26:53.146, 1, 8701, 100
2026/09/29 11:26:53.146, 2, 8643, 100
2026/09/29 11:26:53.147, 3, 8601, 100
2026/09/29 11:26:53.147, 4, 8663, 100
2026/09/29 11:26:53.147, 5, 8643, 100
2026/09/29 11:26:53.147, 6, 8723, 100
2026/09/29 11:26:53.147, 7, 8599, 100
2026/09/29 11:26:54.147, 0, 8639, 100
2026/09/29 11:26:54.147, 1, 8701, 100
2026/09/29 11:26:54.147, 2, 8643, 100
2026/09/29 11:26:54.147, 3, 8601, 100
2026/09/29 11:26:54.147, 4, 8663, 100
2026/09/29 11:26:54.147, 5, 8643, 100
2026/09/29 11:26:54.147, 6, 8723, 100
2026/09/29 11:26:54.147, 7, 8599, 100
2026/09/29 11:26:55.147, 0, 8639, 100
2026/09/29 11:26:55.147, 1, 8701, 100
2026/09/29 11:26:55.147, 2, 8643, 100
2026/09/29 11:26:55.147, 3, 8601, 100
2026/09/29 11:26:55.148, 4, 8663, 100
2026/09/29 11:26:55.148, 5, 8643, 100
2026/09/29 11:26:55.148, 6, 8723, 100
2026/09/29 11:26:55.148, 7, 8599, 100
2026/09/29 11:26:56.148, 0, 8639, 100
2026/09/29 11:26:56.148, 1, 8701, 100
2026/09/29 11:26:56.148, 2, 8643, 100
2026/09/29 11:26:56.148, 3, 8601, 100
2026/09/29 11:26:56.148, 4, 8663, 100
2026/09/29 11:26:56.148, 5, 8643, 100
2026/09/29 11:26:56.148, 6, 8723, 100
2026/09/29 11:26:56.148, 7, 8599, 100
2026/09/29 11:26:57.148, 0, 8639, 100
2026/09/29 11:26:57.148, 1, 8701, 100
2026/09/29 11:26:57.149, 2, 8643, 100
2026/09/29 11:26:57.149, 3, 8601, 100
2026/09/29 11:26:57.149, 4, 8663, 100
2026/09/29 11:26:57.149, 5, 8643, 100
2026/09/29 11:26:57.149, 6, 8723, 100
2026/09/29 11:26:57.149, 7, 8599, 100
2026/09/29 11:26:58.149, 0, 8639, 100
2026/09/29 11:26:58.149, 1, 8701, 100
2026/09/29 11:26:58.149, 2, 8643, 100
2026/09/29 11:26:58.149, 3, 8601, 100
2026/09/29 11:26:58.149, 4, 8663, 100
2026/09/29 11:26:58.149, 5, 8643, 100
2026/09/29 11:26:58.150, 6, 8723, 100
2026/09/29 11:26:58.150, 7, 8599, 100
2026/09/29 11:26:59.150, 0, 8639, 100
2026/09/29 11:26:59.150, 1, 8701, 100
2026/09/29 11:26:59.150, 2, 8643, 100
2026/09/29 11:26:59.150, 3, 8601, 100
2026/09/29 11:26:59.150, 4, 8663, 100
2026/09/29 11:26:59.150, 5, 8643, 100
2026/09/29 11:26:59.150, 6, 8723, 100
2026/09/29 11:26:59.150, 7, 8599, 100
2026/09/29 11:27:00.150, 0, 8639, 100
2026/09/29 11:27:00.150, 1, 8701, 100
2026/09/29 11:27:00.151, 2, 8643, 100
2026/09/29 11:27:00.151, 3, 8601, 100
2026/09/29 11:27:00.151, 4, 8663, 100
2026/09/29 11:27:00.151, 5, 8643, 100
2026/09/29 11:27:00.151, 6, 8723, 100
2026/09/29 11:27:00.151, 7, 8599, 100
2026/09/29 11:27:01.151, 0, 8639, 100
2026/09/29 11:27:01.151, 1, 8701, 100
2026/09/29 11:27:01.151, 2, 8643, 100
2026/09/29 11:27:01.151, 3, 8601, 100
2026/09/29 11:27:01.151, 4, 8663, 100
2026/09/29 11:27:01.151, 5, 8643, 100
2026/09/29 11:27:01.151, 6, 8723, 100
2026/09/29 11:27:01.151, 7, 8599, 100
2026/09/29 11:27:02.151, 0, 8639, 100
2026/09/29 11:27:02.151, 1, 8701, 100
2026/09/29 11:27:02.151, 2, 8643, 100
2026/09/29 11:27:02.152, 3, 8601, 100
2026/09/29 11:27:02.152, 4, 8663, 100
2026/09/29 11:27:02.152, 5, 8643, 100
2026/09/29 11:27:02.152, 6, 8723, 100
2026/09/29 11:27:02.152, 7, 8599, 100
2026/09/29 11:27:03.152, 0, 8639, 100
2026/09/29 11:27:03.152, 1, 8701, 100
2026/09/29 11:27:03.153, 2, 8643, 100
2026/09/29 11:27:03.153, 3, 8601, 100
2026/09/29 11:27:03.153, 4, 8663, 100
2026/09/29 11:27:03.153, 5, 8643, 100
2026/09/29 11:27:03.153, 6, 8723, 100
2026/09/29 11:27:03.153, 7, 8599, 100
2026/09/29 11:27:04.153, 0, 8639, 100
2026/09/29 11:27:04.153, 1, 8701, 100
2026/09/29 11:27:04.154, 2, 8643, 100
2026/09/29 11:27:04.154, 3, 8601, 100
2026/09/29 11:27:04.154, 4, 8663, 100
2026/09/29 11:27:04.154, 5, 8643, 100
2026/09/29 11:27:04.154, 6, 8723, 100
2026/09/29 11:27:04.154, 7, 8599, 100
2026/09/29 11:27:05.154, 0, 8639, 100
2026/09/29 11:27:05.154, 1, 8701, 100
2026/09/29 11:27:05.154, 2, 8643, 100
2026/09/29 11:27:05.154, 3, 8601, 100
2026/09/29 11:27:05.154, 4, 8663, 100
2026/09/29 11:27:05.154, 5, 8643, 100
2026/09/29 11:27:05.154, 6, 8723, 100
2026/09/29 11:27:05.154, 7, 8599, 100
2026/09/29 11:27:06.154, 0, 8639, 100
2026/09/29 11:27:06.154, 1, 8701, 100
2026/09/29 11:27:06.154, 2, 8643, 100
2026/09/29 11:27:06.154, 3, 8601, 100
2026/09/29 11:27:06.155, 4, 8663, 100
2026/09/29 11:27:06.155, 5, 8643, 100
2026/09/29 11:27:06.155, 6, 8723, 100
2026/09/29 11:27:06.155, 7, 8599, 100
2026/09/29 11:27:07.155, 0, 8639, 100
2026/09/29 11:27:07.155, 1, 8701, 100
2026/09/29 11:27:07.155, 2, 8643, 100
2026/09/29 11:27:07.155, 3, 8601, 100
2026/09/29 11:27:07.155, 4, 8663, 100
2026/09/29 11:27:07.155, 5, 8643, 100
2026/09/29 11:27:07.155, 6, 8723, 100
2026/09/29 11:27:07.155, 7, 8599, 100
2026/09/29 11:27:08.155, 0, 8639, 100
2026/09/29 11:27:08.155, 1, 8701, 100
2026/09/29 11:27:08.156, 2, 8643, 100
2026/09/29 11:27:08.156, 3, 8601, 100
2026/09/29 11:27:08.156, 4, 8663, 100
2026/09/29 11:27:08.156, 5, 8643, 100
2026/09/29 11:27:08.156, 6, 8723, 100
2026/09/29 11:27:08.156, 7, 8599, 100
2026/09/29 11:27:09.156, 0, 8639, 100
2026/09/29 11:27:09.156, 1, 8701, 100
2026/09/29 11:27:09.156, 2, 8643, 100
2026/09/29 11:27:09.156, 3, 8601, 100
2026/09/29 11:27:09.156, 4, 8663, 100
2026/09/29 11:27:09.156, 5, 8643, 100
2026/09/29 11:27:09.157, 6, 8723, 100
2026/09/29 11:27:09.157, 7, 8599, 100
2026/09/29 11:27:10.157, 0, 8639, 100
2026/09/29 11:27:10.157, 1, 8701, 100
2026/09/29 11:27:10.157, 2, 8643, 100
2026/09/29 11:27:10.157, 3, 8601, 100
2026/09/29 11:27:10.157, 4, 8663, 100
2026/09/29 11:27:10.157, 5, 8643, 100
2026/09/29 11:27:10.157, 6, 8723, 100
2026/09/29 11:27:10.157, 7, 8599, 100
2026/09/29 11:27:11.157, 0, 8639, 100
2026/09/29 11:27:11.157, 1, 8701, 100
2026/09/29 11:27:11.157, 2, 8643, 100
2026/09/29 11:27:11.157, 3, 8601, 100
2026/09/29 11:27:11.157, 4, 8663, 100
2026/09/29 11:27:11.157, 5, 8643, 100
2026/09/29 11:27:11.157, 6, 8723, 100
2026/09/29 11:27:11.158, 7, 8599, 100
2026/09/29 11:27:12.158, 0, 8639, 100
2026/09/29 11:27:12.158, 1, 8701, 100
2026/09/29 11:27:12.158, 2, 8643, 100
2026/09/29 11:27:12.158, 3, 8601, 100
2026/09/29 11:27:12.158, 4, 8663, 100
2026/09/29 11:27:12.158, 5, 8643, 100
2026/09/29 11:27:12.158, 6, 8723, 100
2026/09/29 11:27:12.158, 7, 8599, 100
2026/09/29 11:27:13.158, 0, 8639, 100
2026/09/29 11:27:13.158, 1, 8701, 100
2026/09/29 11:27:13.158, 2, 8643, 100
2026/09/29 11:27:13.158, 3, 8601, 100
2026/09/29 11:27:13.158, 4, 8663, 100
2026/09/29 11:27:13.158, 5, 8643, 100
2026/09/29 11:27:13.158, 6, 8723, 100
2026/09/29 11:27:13.158, 7, 8599, 100
2026/09/29 11:27:14.158, 0, 8639, 100
2026/09/29 11:27:14.158, 1, 8701, 100
2026/09/29 11:27:14.158, 2, 8643, 100
2026/09/29 11:27:14.158, 3, 8601, 100
2026/09/29 11:27:14.159, 4, 8663, 100
2026/09/29 11:27:14.159, 5, 8643, 100
2026/09/29 11:27:14.159, 6, 8723, 100
2026/09/29 11:27:14.159, 7, 8599, 100
2026/09/29 11:27:15.159, 0, 8639, 100
2026/09/29 11:27:15.159, 1, 8701, 100
2026/09/29 11:27:15.159, 2, 8643, 100
2026/09/29 11:27:15.159, 3, 8601, 100
2026/09/29 11:27:15.159, 4, 8663, 100
2026/09/29 11:27:15.159, 5, 8643, 100
2026/09/29 11:27:15.159, 6, 8723, 100
2026/09/29 11:27:15.159, 7, 8599, 100
2026/09/29 11:27:16.159, 0, 8639, 100
2026/09/29 11:27:16.159, 1, 8701, 100
2026/09/29 11:27:16.159, 2, 8643, 100
2026/09/29 11:27:16.159, 3, 8601, 100
2026/09/29 11:27:16.159, 4, 8663, 100
2026/09/29 11:27:16.160, 5, 8643, 100
2026/09/29 11:27:16.160, 6, 8723, 100
2026/09/29 11:27:16.160, 7, 8599, 100
2026/09/29 11:27:17.160, 0, 8639, 100
2026/09/29 11:27:17.160, 1, 8701, 100
2026/09/29 11:27:17.160, 2, 8643, 100
2026/09/29 11:27:17.160, 3, 8601, 100
2026/09/29 11:27:17.160, 4, 8663, 100
2026/09/29 11:27:17.160, 5, 8643, 100
2026/09/29 11:27:17.160, 6, 8723, 100
2026/09/29 11:27:17.160, 7, 8599, 100
2026/09/29 11:27:18.160, 0, 8639, 100
2026/09/29 11:27:18.160, 1, 8701, 100
2026/09/29 11:27:18.160, 2, 8643, 100
2026/09/29 11:27:18.161, 3, 8601, 100
2026/09/29 11:27:18.161, 4, 8663, 100
2026/09/29 11:27:18.161, 5, 8643, 100
2026/09/29 11:27:18.161, 6, 8723, 100
2026/09/29 11:27:18.161, 7, 8599, 100
2026/09/29 11:27:19.161, 0, 8639, 100
2026/09/29 11:27:19.161, 1, 8701, 100
2026/09/29 11:27:19.161, 2, 8643, 100
2026/09/29 11:27:19.161, 3, 8601, 100
2026/09/29 11:27:19.161, 4, 8663, 100
2026/09/29 11:27:19.161, 5, 8643, 100
2026/09/29 11:27:19.161, 6, 8723, 100
2026/09/29 11:27:19.161, 7, 8599, 100
2026/09/29 11:27:20.162, 0, 8639, 100
2026/09/29 11:27:20.162, 1, 8701, 100
2026/09/29 11:27:20.162, 2, 8643, 100
2026/09/29 11:27:20.162, 3, 8601, 100
2026/09/29 11:27:20.162, 4, 8663, 100
2026/09/29 11:27:20.162, 5, 8643, 100
2026/09/29 11:27:20.162, 6, 8723, 100
2026/09/29 11:27:20.162, 7, 8599, 100
2026/09/29 11:27:21.162, 0, 8639, 100
2026/09/29 11:27:21.162, 1, 8701, 100
2026/09/29 11:27:21.162, 2, 8643, 100
2026/09/29 11:27:21.163, 3, 8601, 100
2026/09/29 11:27:21.163, 4, 8663, 100
2026/09/29 11:27:21.163, 5, 8643, 100
2026/09/29 11:27:21.163, 6, 8723, 100
2026/09/29 11:27:21.163, 7, 8599, 100
2026/09/29 11:27:22.163, 0, 8639, 100
2026/09/29 11:27:22.163, 1, 8701, 100
2026/09/29 11:27:22.163, 2, 8643, 100
2026/09/29 11:27:22.163, 3, 8601, 100
2026/09/29 11:27:22.163, 4, 8663, 100
2026/09/29 11:27:22.163, 5, 8643, 100
2026/09/29 11:27:22.163, 6, 8723, 100
2026/09/29 11:27:22.163, 7, 8599, 100
2026/09/29 11:27:23.163, 0, 8639, 100
2026/09/29 11:27:23.163, 1, 8701, 100
2026/09/29 11:27:23.163, 2, 8643, 100
2026/09/29 11:27:23.163, 3, 8601, 100
2026/09/29 11:27:23.163, 4, 8663, 100
2026/09/29 11:27:23.163, 5, 8643, 100
2026/09/29 11:27:23.164, 6, 8723, 100
2026/09/29 11:27:23.164, 7, 8599, 100
2026/09/29 11:27:24.164, 0, 8639, 100
2026/09/29 11:27:24.164, 1, 8701, 100
2026/09/29 11:27:24.164, 2, 8643, 100
2026/09/29 11:27:24.164, 3, 8601, 100
2026/09/29 11:27:24.164, 4, 8663, 100
2026/09/29 11:27:24.164, 5, 8643, 100
2026/09/29 11:27:24.164, 6, 8723, 100
2026/09/29 11:27:24.164, 7, 8599, 100
2026/09/29 11:27:25.164, 0, 8639, 100
2026/09/29 11:27:25.164, 1, 8701, 100
2026/09/29 11:27:25.164, 2, 8643, 100
2026/09/29 11:27:25.164, 3, 8601, 100
2026/09/29 11:27:25.165, 4, 8663, 100
2026/09/29 11:27:25.165, 5, 8643, 100
2026/09/29 11:27:25.165, 6, 8723, 100
2026/09/29 11:27:25.165, 7, 8599, 100
2026/09/29 11:27:26.165, 0, 8639, 100
2026/09/29 11:27:26.165, 1, 8701, 100
2026/09/29 11:27:26.165, 2, 8643, 100
2026/09/29 11:27:26.165, 3, 8601, 100
2026/09/29 11:27:26.165, 4, 8663, 100
2026/09/29 11:27:26.165, 5, 8643, 100
2026/09/29 11:27:26.165, 6, 8723, 100
2026/09/29 11:27:26.165, 7, 8599, 100
2026/09/29 11:27:27.165, 0, 8639, 100
2026/09/29 11:27:27.165, 1, 8701, 100
2026/09/29 11:27:27.166, 2, 8643, 100
2026/09/29 11:27:27.166, 3, 8601, 100
2026/09/29 11:27:27.166, 4, 8663, 100
2026/09/29 11:27:27.166, 5, 8643, 100
2026/09/29 11:27:27.166, 6, 8723, 100
2026/09/29 11:27:27.166, 7, 8599, 100
2026/09/29 11:27:28.166, 0, 8639, 100
2026/09/29 11:27:28.166, 1, 8701, 100
2026/09/29 11:27:28.166, 2, 8643, 100
2026/09/29 11:27:28.166, 3, 8601, 100
2026/09/29 11:27:28.166, 4, 8663, 100
2026/09/29 11:27:28.166, 5, 8643, 100
2026/09/29 11:27:28.166, 6, 8723, 100
2026/09/29 11:27:28.166, 7, 8599, 100
2026/09/29 11:27:29.166, 0, 8639, 100
2026/09/29 11:27:29.166, 1, 8701, 100
2026/09/29 11:27:29.166, 2, 8643, 100
2026/09/29 11:27:29.166, 3, 8601, 100
2026/09/29 11:27:29.166, 4, 8663, 100
2026/09/29 11:27:29.166, 5, 8643, 100
2026/09/29 11:27:29.166, 6, 8723, 100
2026/09/29 11:27:29.167, 7, 8599, 100
2026/09/29 11:27:30.167, 0, 8639, 100
2026/09/29 11:27:30.167, 1, 8701, 100
2026/09/29 11:27:30.167, 2, 8643, 100
2026/09/29 11:27:30.167, 3, 8601, 100
2026/09/29 11:27:30.167, 4, 8663, 100
2026/09/29 11:27:30.167, 5, 8643, 100
2026/09/29 11:27:30.167, 6, 8723, 100
2026/09/29 11:27:30.167, 7, 8599, 100
2026/09/29 11:27:31.168, 0, 8639, 100
2026/09/29 11:27:31.168, 1, 8701, 100
2026/09/29 11:27:31.168, 2, 8643, 100
2026/09/29 11:27:31.168, 3, 8601, 100
2026/09/29 11:27:31.168, 4, 8663, 100
2026/09/29 11:27:31.168, 5, 8643, 100
2026/09/29 11:27:31.168, 6, 8723, 100
2026/09/29 11:27:31.168, 7, 8599, 100
2026/09/29 11:27:32.168, 0, 8639, 100
2026/09/29 11:27:32.168, 1, 8701, 100
2026/09/29 11:27:32.168, 2, 8643, 100
2026/09/29 11:27:32.168, 3, 8601, 100
2026/09/29 11:27:32.168, 4, 8663, 100
2026/09/29 11:27:32.168, 5, 8643, 100
2026/09/29 11:27:32.168, 6, 8723, 100
2026/09/29 11:27:32.168, 7, 8599, 100
2026/09/29 11:27:33.169, 0, 8639, 100
2026/09/29 11:27:33.169, 1, 8701, 100
2026/09/29 11:27:33.169, 2, 8643, 100
2026/09/29 11:27:33.169, 3, 8601, 100
2026/09/29 11:27:33.169, 4, 8663, 100
2026/09/29 11:27:33.169, 5, 8643, 100
2026/09/29 11:27:33.169, 6, 8723, 100
2026/09/29 11:27:33.169, 7, 8599, 100
2026/09/29 11:27:34.169, 0, 8639, 100
2026/09/29 11:27:34.169, 1, 8701, 100
2026/09/29 11:27:34.169, 2, 8643, 100
2026/09/29 11:27:34.169, 3, 8601, 100
2026/09/29 11:27:34.169, 4, 8663, 100
2026/09/29 11:27:34.169, 5, 8643, 100
2026/09/29 11:27:34.169, 6, 8723, 100
2026/09/29 11:27:34.170, 7, 8599, 100
2026/09/29 11:27:35.170, 0, 8639, 100
2026/09/29 11:27:35.170, 1, 8701, 100
2026/09/29 11:27:35.170, 2, 8643, 100
2026/09/29 11:27:35.170, 3, 8601, 100
2026/09/29 11:27:35.170, 4, 8663, 100
2026/09/29 11:27:35.170, 5, 8643, 100
2026/09/29 11:27:35.170, 6, 8723, 100
2026/09/29 11:27:35.170, 7, 8599, 100
2026/09/29 11:27:36.170, 0, 8639, 100
2026/09/29 11:27:36.171, 1, 8701, 100
2026/09/29 11:27:36.171, 2, 8643, 100
2026/09/29 11:27:36.171, 3, 8601, 100
2026/09/29 11:27:36.171, 4, 8663, 100
2026/09/29 11:27:36.171, 5, 8643, 100
2026/09/29 11:27:36.171, 6, 8723, 100
2026/09/29 11:27:36.171, 7, 8599, 100
2026/09/29 11:27:37.171, 0, 8639, 100
2026/09/29 11:27:37.171, 1, 8701, 100
2026/09/29 11:27:37.171, 2, 8643, 100
2026/09/29 11:27:37.171, 3, 8601, 100
2026/09/29 11:27:37.171, 4, 8663, 100
2026/09/29 11:27:37.171, 5, 8643, 100
2026/09/29 11:27:37.171, 6, 8723, 100
2026/09/29 11:27:37.171, 7, 8599, 100
2026/09/29 11:27:38.171, 0, 8639, 100
2026/09/29 11:27:38.171, 1, 8701, 100
2026/09/29 11:27:38.172, 2, 8643, 100
2026/09/29 11:27:38.172, 3, 8601, 100
2026/09/29 11:27:38.172, 4, 8663, 100
2026/09/29 11:27:38.172, 5, 8643, 100
2026/09/29 11:27:38.172, 6, 8723, 100
2026/09/29 11:27:38.172, 7, 8599, 100
2026/09/29 11:27:39.172, 0, 8639, 100
2026/09/29 11:27:39.172, 1, 8701, 100
2026/09/29 11:27:39.172, 2, 8643, 100
2026/09/29 11:27:39.172, 3, 8601, 100
2026/09/29 11:27:39.172, 4, 8663, 100
2026/09/29 11:27:39.172, 5, 8643, 100
2026/09/29 11:27:39.172, 6, 8723, 100
2026/09/29 11:27:39.172, 7, 8599, 100
2026/09/29 11:27:40.172, 0, 8639, 100
2026/09/29 11:27:40.173, 1, 8701, 100
2026/09/29 11:27:40.173, 2, 8643, 100
2026/09/29 11:27:40.173, 3, 8601, 100
2026/09/29 11:27:40.173, 4, 8663, 100
2026/09/29 11:27:40.173, 5, 8643, 100
2026/09/29 11:27:40.173, 6, 8723, 100
2026/09/29 11:27:40.173, 7, 8599, 100
2026/09/29 11:27:41.173, 0, 8639, 100
2026/09/29 11:27:41.173, 1, 8701, 100
2026/09/29 11:27:41.173, 2, 8643, 100
2026/09/29 11:27:41.173, 3, 8601, 100
2026/09/29 11:27:41.173, 4, 8663, 100
2026/09/29 11:27:41.173, 5, 8643, 100
2026/09/29 11:27:41.174, 6, 8723, 100
2026/09/29 11:27:41.174, 7, 8599, 100
2026/09/29 11:27:42.174, 0, 8639, 100
2026/09/29 11:27:42.174, 1, 8701, 100
2026/09/29 11:27:42.174, 2, 8643, 100
2026/09/29 11:27:42.174, 3, 8601, 100
2026/09/29 11:27:42.174, 4, 8663, 100
2026/09/29 11:27:42.174, 5, 8643, 100
2026/09/29 11:27:42.174, 6, 8723, 100
2026/09/29 11:27:42.174, 7, 8599, 100
2026/09/29 11:27:43.174, 0, 8639, 100
2026/09/29 11:27:43.174, 1, 8701, 100
2026/09/29 11:27:43.174, 2, 8643, 100
2026/09/29 11:27:43.174, 3, 8601, 100
2026/09/29 11:27:43.174, 4, 8663, 100
2026/09/29 11:27:43.174, 5, 8643, 100
2026/09/29 11:27:43.175, 6, 8723, 100
2026/09/29 11:27:43.175, 7, 8599, 100
2026/09/29 11:27:44.175, 0, 8639, 100
2026/09/29 11:27:44.175, 1, 8701, 100
2026/09/29 11:27:44.175, 2, 8643, 100
2026/09/29 11:27:44.175, 3, 8601, 100
2026/09/29 11:27:44.175, 4, 8663, 100
2026/09/29 11:27:44.175, 5, 8643, 100
2026/09/29 11:27:44.175, 6, 8723, 100
2026/09/29 11:27:44.175, 7, 8599, 100
2026/09/29 11:27:45.175, 0, 8639, 100
2026/09/29 11:27:45.175, 1, 8701, 100
2026/09/29 11:27:45.175, 2, 8643, 100
2026/09/29 11:27:45.175, 3, 8601, 100
2026/09/29 11:27:45.175, 4, 8663, 100
2026/09/29 11:27:45.175, 5, 8643, 100
2026/09/29 11:27:45.175, 6, 8723, 100
2026/09/29 11:27:45.175, 7, 8599, 100
2026/09/29 11:27:46.175, 0, 8639, 100
2026/09/29 11:27:46.176, 1, 8701, 100
2026/09/29 11:27:46.176, 2, 8643, 100
2026/09/29 11:27:46.176, 3, 8601, 100
2026/09/29 11:27:46.176, 4, 8663, 100
2026/09/29 11:27:46.176, 5, 8643, 100
2026/09/29 11:27:46.176, 6, 8723, 100
2026/09/29 11:27:46.176, 7, 8599, 100
2026/09/29 11:27:47.176, 0, 8639, 100
2026/09/29 11:27:47.176, 1, 8701, 100
2026/09/29 11:27:47.176, 2, 8643, 100
2026/09/29 11:27:47.176, 3, 8601, 100
2026/09/29 11:27:47.176, 4, 8663, 100
2026/09/29 11:27:47.176, 5, 8643, 100
2026/09/29 11:27:47.176, 6, 8723, 100
2026/09/29 11:27:47.176, 7, 8599, 100
2026/09/29 11:27:48.176, 0, 8639, 100
2026/09/29 11:27:48.177, 1, 8701, 100
2026/09/29 11:27:48.177, 2, 8643, 100
2026/09/29 11:27:48.177, 3, 8601, 100
2026/09/29 11:27:48.177, 4, 8663, 100
2026/09/29 11:27:48.177, 5, 8643, 100
2026/09/29 11:27:48.177, 6, 8723, 100
2026/09/29 11:27:48.177, 7, 8599, 100
2026/09/29 11:27:49.177, 0, 8639, 100
2026/09/29 11:27:49.177, 1, 8701, 100
2026/09/29 11:27:49.177, 2, 8643, 100
2026/09/29 11:27:49.177, 3, 8601, 100
2026/09/29 11:27:49.177, 4, 8663, 100
2026/09/29 11:27:49.177, 5, 8643, 100
2026/09/29 11:27:49.178, 6, 8723, 100
2026/09/29 11:27:49.178, 7, 8599, 100
2026/09/29 11:27:50.178, 0, 8639, 100
2026/09/29 11:27:50.178, 1, 8701, 100
2026/09/29 11:27:50.178, 2, 8643, 100
2026/09/29 11:27:50.178, 3, 8601, 100
2026/09/29 11:27:50.178, 4, 8663, 100
2026/09/29 11:27:50.178, 5, 8643, 100
2026/09/29 11:27:50.178, 6, 8723, 100
2026/09/29 11:27:50.178, 7, 8599, 100
2026/09/29 11:27:51.178, 0, 8639, 100
2026/09/29 11:27:51.179, 1, 8701, 100
2026/09/29 11:27:51.180, 2, 8643, 100
2026/09/29 11:27:51.180, 3, 8601, 100
2026/09/29 11:27:51.180, 4, 8663, 100
2026/09/29 11:27:51.180, 5, 8643, 100
2026/09/29 11:27:51.180, 6, 8723, 100
2026/09/29 11:27:51.180, 7, 8599, 100
2026/09/29 11:27:52.180, 0, 8639, 100
2026/09/29 11:27:52.180, 1, 8701, 100
2026/09/29 11:27:52.181, 2, 8643, 100
2026/09/29 11:27:52.181, 3, 8601, 100
2026/09/29 11:27:52.181, 4, 8663, 100
2026/09/29 11:27:52.181, 5, 8643, 100
2026/09/29 11:27:52.181, 6, 8723, 100
2026/09/29 11:27:52.181, 7, 8599, 100
2026/09/29 11:27:53.181, 0, 8639, 100
2026/09/29 11:27:53.181, 1, 8701, 100
2026/09/29 11:27:53.181, 2, 8643, 100
2026/09/29 11:27:53.181, 3, 8601, 100
2026/09/29 11:27:53.181, 4, 8663, 100
2026/09/29 11:27:53.181, 5, 8643, 100
2026/09/29 11:27:53.181, 6, 8723, 100
2026/09/29 11:27:53.181, 7, 8599, 100
2026/09/29 11:27:54.181, 0, 8639, 100
2026/09/29 11:27:54.182, 1, 8701, 100
2026/09/29 11:27:54.182, 2, 8643, 100
2026/09/29 11:27:54.182, 3, 8601, 100
2026/09/29 11:27:54.182, 4, 8663, 100
2026/09/29 11:27:54.182, 5, 8643, 100
2026/09/29 11:27:54.182, 6, 8723, 100
2026/09/29 11:27:54.182, 7, 8599, 100
2026/09/29 11:27:55.182, 0, 8639, 100
2026/09/29 11:27:55.182, 1, 8701, 100
2026/09/29 11:27:55.182, 2, 8643, 100
2026/09/29 11:27:55.182, 3, 8601, 100
2026/09/29 11:27:55.182, 4, 8663, 100
2026/09/29 11:27:55.183, 5, 8643, 100
2026/09/29 11:27:55.183, 6, 8723, 100
2026/09/29 11:27:55.183, 7, 8599, 100
2026/09/29 11:27:56.183, 0, 8639, 100
2026/09/29 11:27:56.183, 1, 8701, 100
2026/09/29 11:27:56.183, 2, 8643, 100
2026/09/29 11:27:56.183, 3, 8601, 100
2026/09/29 11:27:56.183, 4, 8663, 100
2026/09/29 11:27:56.183, 5, 8643, 100
2026/09/29 11:27:56.183, 6, 8723, 100
2026/09/29 11:27:56.183, 7, 8599, 100
2026/09/29 11:27:57.183, 0, 8639, 100
2026/09/29 11:27:57.183, 1, 8701, 100
2026/09/29 11:27:57.184, 2, 8643, 100
2026/09/29 11:27:57.184, 3, 8601, 100
2026/09/29 11:27:57.184, 4, 8663, 100
2026/09/29 11:27:57.184, 5, 8643, 100
2026/09/29 11:27:57.184, 6, 8723, 100
2026/09/29 11:27:57.184, 7, 8599, 100
2026/09/29 11:27:58.184, 0, 8639, 100
2026/09/29 11:27:58.184, 1, 8701, 100
2026/09/29 11:27:58.184, 2, 8643, 100
2026/09/29 11:27:58.184, 3, 8601, 100
2026/09/29 11:27:58.184, 4, 8663, 100
2026/09/29 11:27:58.184, 5, 8643, 100
2026/09/29 11:27:58.184, 6, 8723, 100
2026/09/29 11:27:58.184, 7, 8599, 100
2026/09/29 11:27:59.185, 0, 8639, 100
2026/09/29 11:27:59.185, 1, 8701, 100
2026/09/29 11:27:59.185, 2, 8643, 100
2026/09/29 11:27:59.185, 3, 8601, 100
2026/09/29 11:27:59.185, 4, 8663, 100
2026/09/29 11:27:59.185, 5, 8643, 100
2026/09/29 11:27:59.185, 6, 8723, 100
2026/09/29 11:27:59.185, 7, 8599, 100
2026/09/29 11:28:00.185, 0, 8639, 100
2026/09/29 11:28:00.185, 1, 8701, 100
2026/09/29 11:28:00.185, 2, 8643, 100
2026/09/29 11:28:00.185, 3, 8601, 100
2026/09/29 11:28:00.186, 4, 8663, 100
2026/09/29 11:28:00.186, 5, 8643, 100
2026/09/29 11:28:00.186, 6, 8723, 100
2026/09/29 11:28:00.186, 7, 8599, 100
2026/09/29 11:28:01.186, 0, 8639, 100
2026/09/29 11:28:01.186, 1, 8701, 100
2026/09/29 11:28:01.186, 2, 8643, 100
2026/09/29 11:28:01.186, 3, 8601, 100
2026/09/29 11:28:01.186, 4, 8663, 100
2026/09/29 11:28:01.186, 5, 8643, 100
2026/09/29 11:28:01.186, 6, 8723, 100
2026/09/29 11:28:01.186, 7, 8599, 100
2026/09/29 11:28:02.187, 0, 8639, 100
2026/09/29 11:28:02.187, 1, 8701, 100
2026/09/29 11:28:02.187, 2, 8643, 100
2026/09/29 11:28:02.187, 3, 8601, 100
2026/09/29 11:28:02.187, 4, 8663, 100
2026/09/29 11:28:02.187, 5, 8643, 100
2026/09/29 11:28:02.187, 6, 8723, 100
2026/09/29 11:28:02.187, 7, 8599, 100
2026/09/29 11:28:03.187, 0, 8639, 100
2026/09/29 11:28:03.187, 1, 8701, 100
2026/09/29 11:28:03.187, 2, 8643, 100
2026/09/29 11:28:03.187, 3, 8601, 100
2026/09/29 11:28:03.187, 4, 8663, 100
2026/09/29 11:28:03.187, 5, 8643, 100
2026/09/29 11:28:03.187, 6, 8723, 100
2026/09/29 11:28:03.187, 7, 8599, 100
2026/09/29 11:28:04.188, 0, 8639, 100
2026/09/29 11:28:04.188, 1, 8701, 100
2026/09/29 11:28:04.188, 2, 8643, 100
2026/09/29 11:28:04.188, 3, 8601, 100
2026/09/29 11:28:04.188, 4, 8663, 100
2026/09/29 11:28:04.188, 5, 8643, 100
2026/09/29 11:28:04.188, 6, 8723, 100
2026/09/29 11:28:04.188, 7, 8599, 100
2026/09/29 11:28:05.188, 0, 8639, 100
2026/09/29 11:28:05.188, 1, 8701, 100
2026/09/29 11:28:05.188, 2, 8643, 100
2026/09/29 11:28:05.188, 3, 8601, 100
2026/09/29 11:28:05.188, 4, 8663, 100
2026/09/29 11:28:05.189, 5, 8643, 100
2026/09/29 11:28:05.189, 6, 8723, 100
2026/09/29 11:28:05.189, 7, 8599, 100
2026/09/29 11:28:06.189, 0, 8639, 100
2026/09/29 11:28:06.189, 1, 8701, 100
2026/09/29 11:28:06.189, 2, 8643, 100
2026/09/29 11:28:06.189, 3, 8601, 100
2026/09/29 11:28:06.189, 4, 8663, 100
2026/09/29 11:28:06.189, 5, 8643, 100
2026/09/29 11:28:06.189, 6, 8723, 100
2026/09/29 11:28:06.189, 7, 8599, 100
2026/09/29 11:28:07.189, 0, 8639, 100
2026/09/29 11:28:07.189, 1, 8701, 100
2026/09/29 11:28:07.189, 2, 8643, 100
2026/09/29 11:28:07.190, 3, 8601, 100
2026/09/29 11:28:07.190, 4, 8663, 100
2026/09/29 11:28:07.190, 5, 8643, 100
2026/09/29 11:28:07.190, 6, 8723, 100
2026/09/29 11:28:07.190, 7, 8599, 100
2026/09/29 11:28:08.190, 0, 8639, 100
2026/09/29 11:28:08.190, 1, 8701, 100
2026/09/29 11:28:08.190, 2, 8643, 100
2026/09/29 11:28:08.190, 3, 8601, 100
2026/09/29 11:28:08.190, 4, 8663, 100
2026/09/29 11:28:08.190, 5, 8643, 100
2026/09/29 11:28:08.190, 6, 8723, 100
2026/09/29 11:28:08.190, 7, 8599, 100
2026/09/29 11:28:09.190, 0, 8639, 100
2026/09/29 11:28:09.190, 1, 8701, 100
2026/09/29 11:28:09.191, 2, 8643, 100
2026/09/29 11:28:09.191, 3, 8601, 100
2026/09/29 11:28:09.191, 4, 8663, 100
2026/09/29 11:28:09.191, 5, 8643, 100
2026/09/29 11:28:09.191, 6, 8723, 100
2026/09/29 11:28:09.191, 7, 8599, 100
2026/09/29 11:28:10.191, 0, 8639, 100
2026/09/29 11:28:10.191, 1, 8701, 100
2026/09/29 11:28:10.191, 2, 8643, 100
2026/09/29 11:28:10.191, 3, 8601, 100
2026/09/29 11:28:10.191, 4, 8663, 100
2026/09/29 11:28:10.191, 5, 8643, 100
2026/09/29 11:28:10.191, 6, 8723, 100
2026/09/29 11:28:10.191, 7, 8599, 100
2026/09/29 11:28:11.191, 0, 8639, 100
2026/09/29 11:28:11.191, 1, 8701, 100
2026/09/29 11:28:11.191, 2, 8643, 100
2026/09/29 11:28:11.192, 3, 8601, 100
2026/09/29 11:28:11.192, 4, 8663, 100
2026/09/29 11:28:11.192, 5, 8643, 100
2026/09/29 11:28:11.192, 6, 8723, 100
2026/09/29 11:28:11.192, 7, 8599, 100
2026/09/29 11:28:12.192, 0, 8639, 100
2026/09/29 11:28:12.192, 1, 8701, 100
2026/09/29 11:28:12.192, 2, 8643, 100
2026/09/29 11:28:12.192, 3, 8601, 100
2026/09/29 11:28:12.192, 4, 8663, 100
2026/09/29 11:28:12.192, 5, 8643, 100
2026/09/29 11:28:12.192, 6, 8723, 100
2026/09/29 11:28:12.192, 7, 8599, 100
2026/09/29 11:28:13.193, 0, 8639, 100
2026/09/29 11:28:13.193, 1, 8701, 100
2026/09/29 11:28:13.193, 2, 8643, 100
2026/09/29 11:28:13.193, 3, 8601, 100
2026/09/29 11:28:13.193, 4, 8663, 100
2026/09/29 11:28:13.193, 5, 8643, 100
2026/09/29 11:28:13.193, 6, 8723, 100
2026/09/29 11:28:13.193, 7, 8599, 100
2026/09/29 11:28:14.193, 0, 8639, 100
2026/09/29 11:28:14.193, 1, 8701, 100
2026/09/29 11:28:14.193, 2, 8643, 100
2026/09/29 11:28:14.193, 3, 8601, 100
2026/09/29 11:28:14.194, 4, 8663, 100
2026/09/29 11:28:14.194, 5, 8643, 100
2026/09/29 11:28:14.194, 6, 8723, 100
2026/09/29 11:28:14.194, 7, 8599, 100
2026/09/29 11:28:15.194, 0, 8639, 100
2026/09/29 11:28:15.194, 1, 8701, 100
2026/09/29 11:28:15.194, 2, 8643, 100
2026/09/29 11:28:15.194, 3, 8601, 100
2026/09/29 11:28:15.194, 4, 8663, 100
2026/09/29 11:28:15.194, 5, 8643, 100
2026/09/29 11:28:15.194, 6, 8723, 100
2026/09/29 11:28:15.194, 7, 8599, 100
2026/09/29 11:28:16.195, 0, 8639, 100
2026/09/29 11:28:16.195, 1, 8701, 100
2026/09/29 11:28:16.195, 2, 8643, 100
2026/09/29 11:28:16.195, 3, 8601, 100
2026/09/29 11:28:16.195, 4, 8663, 100
2026/09/29 11:28:16.195, 5, 8643, 100
2026/09/29 11:28:16.195, 6, 8723, 100
2026/09/29 11:28:16.195, 7, 8599, 100
2026/09/29 11:28:17.195, 0, 8639, 100
2026/09/29 11:28:17.195, 1, 8701, 100
2026/09/29 11:28:17.195, 2, 8643, 100
2026/09/29 11:28:17.195, 3, 8601, 100
2026/09/29 11:28:17.195, 4, 8663, 100
2026/09/29 11:28:17.196, 5, 8643, 100
2026/09/29 11:28:17.196, 6, 8723, 100
2026/09/29 11:28:17.196, 7, 8599, 100
2026/09/29 11:28:18.196, 0, 8639, 100
2026/09/29 11:28:18.196, 1, 8701, 100
2026/09/29 11:28:18.196, 2, 8643, 100
2026/09/29 11:28:18.196, 3, 8601, 100
2026/09/29 11:28:18.196, 4, 8663, 100
2026/09/29 11:28:18.196, 5, 8643, 100
2026/09/29 11:28:18.196, 6, 8723, 100
2026/09/29 11:28:18.196, 7, 8599, 100
2026/09/29 11:28:19.196, 0, 8639, 100
2026/09/29 11:28:19.197, 1, 8701, 100
2026/09/29 11:28:19.197, 2, 8643, 100
2026/09/29 11:28:19.197, 3, 8601, 100
2026/09/29 11:28:19.197, 4, 8663, 100
2026/09/29 11:28:19.197, 5, 8643, 100
2026/09/29 11:28:19.197, 6, 8723, 100
2026/09/29 11:28:19.197, 7, 8599, 100
2026/09/29 11:28:20.197, 0, 8639, 100
2026/09/29 11:28:20.197, 1, 8701, 100
2026/09/29 11:28:20.197, 2, 8643, 100
2026/09/29 11:28:20.197, 3, 8601, 100
2026/09/29 11:28:20.197, 4, 8663, 100
2026/09/29 11:28:20.197, 5, 8643, 100
2026/09/29 11:28:20.197, 6, 8723, 100
2026/09/29 11:28:20.197, 7, 8599, 100
2026/09/29 11:28:21.198, 0, 8639, 100
2026/09/29 11:28:21.201, 1, 8701, 100
2026/09/29 11:28:21.201, 2, 8643, 100
2026/09/29 11:28:21.201, 3, 8601, 100
2026/09/29 11:28:21.201, 4, 8663, 100
2026/09/29 11:28:21.201, 5, 8643, 100
2026/09/29 11:28:21.201, 6, 8723, 100
2026/09/29 11:28:21.201, 7, 8599, 100
2026/09/29 11:28:22.201, 0, 8639, 100
2026/09/29 11:28:22.201, 1, 8701, 100
2026/09/29 11:28:22.201, 2, 8643, 100
2026/09/29 11:28:22.201, 3, 8601, 100
2026/09/29 11:28:22.201, 4, 8663, 100
2026/09/29 11:28:22.202, 5, 8643, 100
2026/09/29 11:28:22.202, 6, 8723, 100
2026/09/29 11:28:22.202, 7, 8599, 100
2026/09/29 11:28:23.202, 0, 8639, 100
2026/09/29 11:28:23.202, 1, 8701, 100
2026/09/29 11:28:23.202, 2, 8643, 100
2026/09/29 11:28:23.202, 3, 8601, 100
2026/09/29 11:28:23.202, 4, 8663, 100
2026/09/29 11:28:23.202, 5, 8643, 100
2026/09/29 11:28:23.202, 6, 8723, 100
2026/09/29 11:28:23.202, 7, 8599, 100
2026/09/29 11:28:24.202, 0, 8639, 100
2026/09/29 11:28:24.202, 1, 8701, 100
2026/09/29 11:28:24.202, 2, 8643, 100
2026/09/29 11:28:24.202, 3, 8601, 100
2026/09/29 11:28:24.202, 4, 8663, 100
2026/09/29 11:28:24.202, 5, 8643, 100
2026/09/29 11:28:24.203, 6, 8723, 100
2026/09/29 11:28:24.203, 7, 8599, 100
2026/09/29 11:28:25.203, 0, 8639, 100
2026/09/29 11:28:25.203, 1, 8701, 100
2026/09/29 11:28:25.203, 2, 8643, 100
2026/09/29 11:28:25.203, 3, 8601, 100
2026/09/29 11:28:25.203, 4, 8663, 100
2026/09/29 11:28:25.203, 5, 8643, 100
2026/09/29 11:28:25.203, 6, 8723, 100
2026/09/29 11:28:25.203, 7, 8599, 100
2026/09/29 11:28:26.203, 0, 8639, 100
2026/09/29 11:28:26.203, 1, 8701, 100
2026/09/29 11:28:26.203, 2, 8643, 100
2026/09/29 11:28:26.203, 3, 8601, 100
2026/09/29 11:28:26.203, 4, 8663, 100
2026/09/29 11:28:26.203, 5, 8643, 100
2026/09/29 11:28:26.203, 6, 8723, 100
2026/09/29 11:28:26.204, 7, 8599, 100
2026/09/29 11:28:27.204, 0, 8639, 100
2026/09/29 11:28:27.204, 1, 8701, 100
2026/09/29 11:28:27.204, 2, 8643, 100
2026/09/29 11:28:27.204, 3, 8601, 100
2026/09/29 11:28:27.204, 4, 8663, 100
2026/09/29 11:28:27.204, 5, 8643, 100
2026/09/29 11:28:27.204, 6, 8723, 100
2026/09/29 11:28:27.204, 7, 8599, 100
2026/09/29 11:28:28.204, 0, 8639, 100
2026/09/29 11:28:28.205, 1, 8701, 100
2026/09/29 11:28:28.205, 2, 8643, 100
2026/09/29 11:28:28.205, 3, 8601, 100
2026/09/29 11:28:28.205, 4, 8663, 100
2026/09/29 11:28:28.205, 5, 8643, 100
2026/09/29 11:28:28.205, 6, 8723, 100
2026/09/29 11:28:28.205, 7, 8599, 100
2026/09/29 11:28:29.205, 0, 8639, 100
2026/09/29 11:28:29.205, 1, 8701, 100
2026/09/29 11:28:29.205, 2, 8643, 100
2026/09/29 11:28:29.205, 3, 8601, 100
2026/09/29 11:28:29.205, 4, 8663, 100
2026/09/29 11:28:29.205, 5, 8643, 100
2026/09/29 11:28:29.205, 6, 8723, 100
2026/09/29 11:28:29.205, 7, 8599, 100
2026/09/29 11:28:30.205, 0, 8639, 100
2026/09/29 11:28:30.206, 1, 8701, 100
2026/09/29 11:28:30.206, 2, 8643, 100
2026/09/29 11:28:30.206, 3, 8601, 100
2026/09/29 11:28:30.206, 4, 8663, 100
2026/09/29 11:28:30.206, 5, 8643, 100
2026/09/29 11:28:30.206, 6, 8723, 100
2026/09/29 11:28:30.206, 7, 8599, 100
2026/09/29 11:28:31.206, 0, 8639, 100
2026/09/29 11:28:31.206, 1, 8701, 100
2026/09/29 11:28:31.206, 2, 8643, 100
2026/09/29 11:28:31.206, 3, 8601, 100
2026/09/29 11:28:31.206, 4, 8663, 100
2026/09/29 11:28:31.206, 5, 8643, 100
2026/09/29 11:28:31.206, 6, 8723, 100
2026/09/29 11:28:31.206, 7, 8599, 100
2026/09/29 11:28:32.207, 0, 8639, 100
2026/09/29 11:28:32.207, 1, 8701, 100
2026/09/29 11:28:32.207, 2, 8643, 100
2026/09/29 11:28:32.207, 3, 8601, 100
2026/09/29 11:28:32.207, 4, 8663, 100
2026/09/29 11:28:32.207, 5, 8643, 100
2026/09/29 11:28:32.207, 6, 8723, 100
2026/09/29 11:28:32.207, 7, 8599, 100
2026/09/29 11:28:33.207, 0, 8639, 100
2026/09/29 11:28:33.207, 1, 8701, 100
2026/09/29 11:28:33.207, 2, 8643, 100
2026/09/29 11:28:33.207, 3, 8601, 100
2026/09/29 11:28:33.207, 4, 8663, 100
2026/09/29 11:28:33.207, 5, 8643, 100
2026/09/29 11:28:33.207, 6, 8723, 100
2026/09/29 11:28:33.207, 7, 8599, 100
2026/09/29 11:28:34.207, 0, 8639, 100
2026/09/29 11:28:34.208, 1, 8701, 100
2026/09/29 11:28:34.208, 2, 8643, 100
2026/09/29 11:28:34.208, 3, 8601, 100
2026/09/29 11:28:34.208, 4, 8663, 100
2026/09/29 11:28:34.208, 5, 8643, 100
2026/09/29 11:28:34.208, 6, 8723, 100
2026/09/29 11:28:34.208, 7, 8599, 100
2026/09/29 11:28:35.208, 0, 8639, 100
2026/09/29 11:28:35.208, 1, 8701, 100
2026/09/29 11:28:35.208, 2, 8643, 100
2026/09/29 11:28:35.208, 3, 8601, 100
2026/09/29 11:28:35.208, 4, 8663, 100
2026/09/29 11:28:35.208, 5, 8643, 100
2026/09/29 11:28:35.208, 6, 8723, 100
2026/09/29 11:28:35.209, 7, 8599, 100
2026/09/29 11:28:36.209, 0, 8639, 100
2026/09/29 11:28:36.209, 1, 8701, 100
2026/09/29 11:28:36.209, 2, 8643, 100
2026/09/29 11:28:36.209, 3, 8601, 100
2026/09/29 11:28:36.209, 4, 8663, 100
2026/09/29 11:28:36.209, 5, 8643, 100
2026/09/29 11:28:36.209, 6, 8723, 100
2026/09/29 11:28:36.209, 7, 8599, 100
2026/09/29 11:28:37.209, 0, 8639, 100
2026/09/29 11:28:37.209, 1, 8701, 100
2026/09/29 11:28:37.209, 2, 8643, 100
2026/09/29 11:28:37.209, 3, 8601, 100
2026/09/29 11:28:37.209, 4, 8663, 100
2026/09/29 11:28:37.209, 5, 8643, 100
2026/09/29 11:28:37.209, 6, 8723, 100
2026/09/29 11:28:37.209, 7, 8599, 100
2026/09/29 11:28:38.209, 0, 8639, 100
2026/09/29 11:28:38.209, 1, 8701, 100
2026/09/29 11:28:38.210, 2, 8643, 100
2026/09/29 11:28:38.210, 3, 8601, 100
2026/09/29 11:28:38.210, 4, 8663, 100
2026/09/29 11:28:38.210, 5, 8643, 100
2026/09/29 11:28:38.210, 6, 8723, 100
2026/09/29 11:28:38.210, 7, 8599, 100
2026/09/29 11:28:39.210, 0, 8639, 100
2026/09/29 11:28:39.210, 1, 8701, 100
2026/09/29 11:28:39.210, 2, 8643, 100
2026/09/29 11:28:39.210, 3, 8601, 100
2026/09/29 11:28:39.210, 4, 8663, 100
2026/09/29 11:28:39.210, 5, 8643, 100
2026/09/29 11:28:39.210, 6, 8723, 100
2026/09/29 11:28:39.210, 7, 8599, 100
2026/09/29 11:28:40.210, 0, 8639, 100
2026/09/29 11:28:40.211, 1, 8701, 100
2026/09/29 11:28:40.211, 2, 8643, 100
2026/09/29 11:28:40.211, 3, 8601, 100
2026/09/29 11:28:40.211, 4, 8663, 100
2026/09/29 11:28:40.211, 5, 8643, 100
2026/09/29 11:28:40.211, 6, 8723, 100
2026/09/29 11:28:40.211, 7, 8599, 100
2026/09/29 11:28:41.211, 0, 8639, 100
2026/09/29 11:28:41.211, 1, 8701, 100
2026/09/29 11:28:41.211, 2, 8643, 100
2026/09/29 11:28:41.211, 3, 8601, 100
2026/09/29 11:28:41.211, 4, 8663, 100
2026/09/29 11:28:41.211, 5, 8643, 100
2026/09/29 11:28:41.211, 6, 8723, 100
2026/09/29 11:28:41.211, 7, 8599, 100
2026/09/29 11:28:42.211, 0, 8639, 100
2026/09/29 11:28:42.211, 1, 8701, 100
2026/09/29 11:28:42.211, 2, 8643, 100
2026/09/29 11:28:42.211, 3, 8601, 100
2026/09/29 11:28:42.212, 4, 8663, 100
2026/09/29 11:28:42.212, 5, 8643, 100
2026/09/29 11:28:42.212, 6, 8723, 100
2026/09/29 11:28:42.212, 7, 8599, 100
2026/09/29 11:28:43.212, 0, 8639, 100
2026/09/29 11:28:43.212, 1, 8701, 100
2026/09/29 11:28:43.212, 2, 8643, 100
2026/09/29 11:28:43.212, 3, 8601, 100
2026/09/29 11:28:43.212, 4, 8663, 100
2026/09/29 11:28:43.212, 5, 8643, 100
2026/09/29 11:28:43.212, 6, 8723, 100
2026/09/29 11:28:43.212, 7, 8599, 100
2026/09/29 11:28:44.212, 0, 8639, 100
2026/09/29 11:28:44.213, 1, 8701, 100
2026/09/29 11:28:44.213, 2, 8643, 100
2026/09/29 11:28:44.213, 3, 8601, 100
2026/09/29 11:28:44.213, 4, 8663, 100
2026/09/29 11:28:44.213, 5, 8643, 100
2026/09/29 11:28:44.213, 6, 8723, 100
2026/09/29 11:28:44.213, 7, 8599, 100
2026/09/29 11:28:45.213, 0, 8639, 100
2026/09/29 11:28:45.213, 1, 8701, 100
2026/09/29 11:28:45.213, 2, 8643, 100
2026/09/29 11:28:45.213, 3, 8601, 100
2026/09/29 11:28:45.213, 4, 8663, 100
2026/09/29 11:28:45.214, 5, 8643, 100
2026/09/29 11:28:45.214, 6, 8723, 100
2026/09/29 11:28:45.214, 7, 8599, 100
2026/09/29 11:28:46.214, 0, 8639, 100
2026/09/29 11:28:46.214, 1, 8701, 100
2026/09/29 11:28:46.214, 2, 8643, 100
2026/09/29 11:28:46.214, 3, 8601, 100
2026/09/29 11:28:46.214, 4, 8663, 100
2026/09/29 11:28:46.214, 5, 8643, 100
2026/09/29 11:28:46.214, 6, 8723, 100
2026/09/29 11:28:46.214, 7, 8599, 100
2026/09/29 11:28:47.214, 0, 8639, 100
2026/09/29 11:28:47.214, 1, 8701, 100
2026/09/29 11:28:47.214, 2, 8643, 100
2026/09/29 11:28:47.214, 3, 8601, 100
2026/09/29 11:28:47.214, 4, 8663, 100
2026/09/29 11:28:47.215, 5, 8643, 100
2026/09/29 11:28:47.215, 6, 8723, 100
2026/09/29 11:28:47.215, 7, 8599, 100
2026/09/29 11:28:48.215, 0, 8639, 100
2026/09/29 11:28:48.215, 1, 8701, 100
2026/09/29 11:28:48.215, 2, 8643, 100
2026/09/29 11:28:48.215, 3, 8601, 100
2026/09/29 11:28:48.215, 4, 8663, 100
2026/09/29 11:28:48.215, 5, 8643, 100
2026/09/29 11:28:48.215, 6, 8723, 100
2026/09/29 11:28:48.215, 7, 8599, 100
2026/09/29 11:28:49.215, 0, 8639, 100
2026/09/29 11:28:49.216, 1, 8701, 100
2026/09/29 11:28:49.216, 2, 8643, 100
2026/09/29 11:28:49.216, 3, 8601, 100
2026/09/29 11:28:49.216, 4, 8663, 100
2026/09/29 11:28:49.216, 5, 8643, 100
2026/09/29 11:28:49.216, 6, 8723, 100
2026/09/29 11:28:49.216, 7, 8599, 100
2026/09/29 11:28:50.216, 0, 8639, 100
2026/09/29 11:28:50.216, 1, 8701, 100
2026/09/29 11:28:50.216, 2, 8643, 100
2026/09/29 11:28:50.216, 3, 8601, 100
2026/09/29 11:28:50.216, 4, 8663, 100
2026/09/29 11:28:50.216, 5, 8643, 100
2026/09/29 11:28:50.216, 6, 8723, 100
2026/09/29 11:28:50.216, 7, 8599, 100
2026/09/29 11:28:51.217, 0, 8639, 100
2026/09/29 11:28:51.217, 1, 8701, 100
2026/09/29 11:28:51.218, 2, 8643, 100
2026/09/29 11:28:51.219, 3, 8601, 100
2026/09/29 11:28:51.219, 4, 8663, 100
2026/09/29 11:28:51.219, 5, 8643, 100
2026/09/29 11:28:51.219, 6, 8723, 100
2026/09/29 11:28:51.219, 7, 8599, 100
2026/09/29 11:28:52.219, 0, 8639, 100
2026/09/29 11:28:52.219, 1, 8701, 100
2026/09/29 11:28:52.219, 2, 8643, 100
2026/09/29 11:28:52.219, 3, 8601, 100
2026/09/29 11:28:52.220, 4, 8663, 100
2026/09/29 11:28:52.220, 5, 8643, 100
2026/09/29 11:28:52.220, 6, 8723, 100
2026/09/29 11:28:52.220, 7, 8599, 100
2026/09/29 11:28:53.220, 0, 8639, 100
2026/09/29 11:28:53.220, 1, 8701, 100
2026/09/29 11:28:53.220, 2, 8643, 100
2026/09/29 11:28:53.220, 3, 8601, 100
2026/09/29 11:28:53.220, 4, 8663, 100
2026/09/29 11:28:53.220, 5, 8643, 100
2026/09/29 11:28:53.220, 6, 8723, 100
2026/09/29 11:28:53.220, 7, 8599, 100
2026/09/29 11:28:54.220, 0, 8639, 100
2026/09/29 11:28:54.220, 1, 8701, 100
2026/09/29 11:28:54.220, 2, 8643, 100
2026/09/29 11:28:54.221, 3, 8601, 100
2026/09/29 11:28:54.221, 4, 8663, 100
2026/09/29 11:28:54.221, 5, 8643, 100
2026/09/29 11:28:54.221, 6, 8723, 100
2026/09/29 11:28:54.221, 7, 8599, 100
2026/09/29 11:28:55.221, 0, 8639, 100
2026/09/29 11:28:55.221, 1, 8701, 100
2026/09/29 11:28:55.221, 2, 8643, 100
2026/09/29 11:28:55.221, 3, 8601, 100
2026/09/29 11:28:55.221, 4, 8663, 100
2026/09/29 11:28:55.221, 5, 8643, 100
2026/09/29 11:28:55.221, 6, 8723, 100
2026/09/29 11:28:55.221, 7, 8599, 100
2026/09/29 11:28:56.221, 0, 8639, 100
2026/09/29 11:28:56.222, 1, 8701, 100
2026/09/29 11:28:56.222, 2, 8643, 100
2026/09/29 11:28:56.222, 3, 8601, 100
2026/09/29 11:28:56.222, 4, 8663, 100
2026/09/29 11:28:56.222, 5, 8643, 100
2026/09/29 11:28:56.222, 6, 8723, 100
2026/09/29 11:28:56.222, 7, 8599, 100
2026/09/29 11:28:57.222, 0, 8639, 100
2026/09/29 11:28:57.222, 1, 8701, 100
2026/09/29 11:28:57.222, 2, 8643, 100
2026/09/29 11:28:57.222, 3, 8601, 100
2026/09/29 11:28:57.222, 4, 8663, 100
2026/09/29 11:28:57.222, 5, 8643, 100
2026/09/29 11:28:57.223, 6, 8723, 100
2026/09/29 11:28:57.223, 7, 8599, 100
2026/09/29 11:28:58.223, 0, 8639, 100
2026/09/29 11:28:58.223, 1, 8701, 100
2026/09/29 11:28:58.223, 2, 8643, 100
2026/09/29 11:28:58.223, 3, 8601, 100
2026/09/29 11:28:58.223, 4, 8663, 100
2026/09/29 11:28:58.223, 5, 8643, 100
2026/09/29 11:28:58.223, 6, 8723, 100
2026/09/29 11:28:58.223, 7, 8599, 100
2026/09/29 11:28:59.223, 0, 8639, 100
2026/09/29 11:28:59.224, 1, 8701, 100
2026/09/29 11:28:59.224, 2, 8643, 100
2026/09/29 11:28:59.224, 3, 8601, 100
2026/09/29 11:28:59.224, 4, 8663, 100
2026/09/29 11:28:59.224, 5, 8643, 100
2026/09/29 11:28:59.224, 6, 8723, 100
2026/09/29 11:28:59.224, 7, 8599, 100
2026/09/29 11:29:00.224, 0, 8639, 100
2026/09/29 11:29:00.224, 1, 8701, 100
2026/09/29 11:29:00.224, 2, 8643, 100
2026/09/29 11:29:00.224, 3, 8601, 100
2026/09/29 11:29:00.224, 4, 8663, 100
2026/09/29 11:29:00.224, 5, 8643, 100
2026/09/29 11:29:00.224, 6, 8723, 100
2026/09/29 11:29:00.224, 7, 8599, 100
2026/09/29 11:29:01.224, 0, 8639, 100
2026/09/29 11:29:01.225, 1, 8701, 100
2026/09/29 11:29:01.225, 2, 8643, 100
2026/09/29 11:29:01.225, 3, 8601, 100
2026/09/29 11:29:01.225, 4, 8663, 100
2026/09/29 11:29:01.225, 5, 8643, 100
2026/09/29 11:29:01.225, 6, 8723, 100
2026/09/29 11:29:01.225, 7, 8599, 100
2026/09/29 11:29:02.225, 0, 8639, 100
2026/09/29 11:29:02.225, 1, 8701, 100
2026/09/29 11:29:02.225, 2, 8643, 100
2026/09/29 11:29:02.226, 3, 8601, 100
2026/09/29 11:29:02.226, 4, 8663, 100
2026/09/29 11:29:02.226, 5, 8643, 100
2026/09/29 11:29:02.226, 6, 8723, 100
2026/09/29 11:29:02.226, 7, 8599, 100
2026/09/29 11:29:03.226, 0, 8639, 100
2026/09/29 11:29:03.226, 1, 8701, 100
2026/09/29 11:29:03.226, 2, 8643, 100
2026/09/29 11:29:03.226, 3, 8601, 100
2026/09/29 11:29:03.226, 4, 8663, 100
2026/09/29 11:29:03.226, 5, 8643, 100
2026/09/29 11:29:03.226, 6, 8723, 100
2026/09/29 11:29:03.226, 7, 8599, 100
2026/09/29 11:29:04.227, 0, 8639, 100
2026/09/29 11:29:04.227, 1, 8701, 100
2026/09/29 11:29:04.227, 2, 8643, 100
2026/09/29 11:29:04.227, 3, 8601, 100
2026/09/29 11:29:04.227, 4, 8663, 100
2026/09/29 11:29:04.227, 5, 8643, 100
2026/09/29 11:29:04.227, 6, 8723, 100
2026/09/29 11:29:04.227, 7, 8599, 100
2026/09/29 11:29:05.227, 0, 8639, 100
2026/09/29 11:29:05.227, 1, 8701, 100
2026/09/29 11:29:05.227, 2, 8643, 100
2026/09/29 11:29:05.227, 3, 8601, 100
2026/09/29 11:29:05.227, 4, 8663, 100
2026/09/29 11:29:05.228, 5, 8643, 100
2026/09/29 11:29:05.228, 6, 8723, 100
2026/09/29 11:29:05.228, 7, 8599, 100
2026/09/29 11:29:06.228, 0, 8639, 100
2026/09/29 11:29:06.228, 1, 8701, 100
2026/09/29 11:29:06.228, 2, 8643, 100
2026/09/29 11:29:06.228, 3, 8601, 100
2026/09/29 11:29:06.228, 4, 8663, 100
2026/09/29 11:29:06.228, 5, 8643, 100
2026/09/29 11:29:06.228, 6, 8723, 100
2026/09/29 11:29:06.228, 7, 8599, 100
2026/09/29 11:29:07.228, 0, 8639, 100
2026/09/29 11:29:07.229, 1, 8701, 100
2026/09/29 11:29:07.229, 2, 8643, 100
2026/09/29 11:29:07.229, 3, 8601, 100
2026/09/29 11:29:07.229, 4, 8663, 100
2026/09/29 11:29:07.229, 5, 8643, 100
2026/09/29 11:29:07.229, 6, 8723, 100
2026/09/29 11:29:07.229, 7, 8599, 100
2026/09/29 11:29:08.229, 0, 8639, 100
2026/09/29 11:29:08.229, 1, 8701, 100
2026/09/29 11:29:08.229, 2, 8643, 100
2026/09/29 11:29:08.230, 3, 8601, 100
2026/09/29 11:29:08.230, 4, 8663, 100
2026/09/29 11:29:08.230, 5, 8643, 100
2026/09/29 11:29:08.230, 6, 8723, 100
2026/09/29 11:29:08.230, 7, 8599, 100
2026/09/29 11:29:09.230, 0, 8639, 100
2026/09/29 11:29:09.230, 1, 8701, 100
2026/09/29 11:29:09.230, 2, 8643, 100
2026/09/29 11:29:09.230, 3, 8601, 100
2026/09/29 11:29:09.230, 4, 8663, 100
2026/09/29 11:29:09.230, 5, 8643, 100
2026/09/29 11:29:09.230, 6, 8723, 100
2026/09/29 11:29:09.230, 7, 8599, 100
2026/09/29 11:29:10.231, 0, 8639, 100
2026/09/29 11:29:10.231, 1, 8701, 100
2026/09/29 11:29:10.231, 2, 8643, 100
2026/09/29 11:29:10.231, 3, 8601, 100
2026/09/29 11:29:10.231, 4, 8663, 100
2026/09/29 11:29:10.231, 5, 8643, 100
2026/09/29 11:29:10.231, 6, 8723, 100
2026/09/29 11:29:10.231, 7, 8599, 100
2026/09/29 11:29:11.231, 0, 8639, 100
2026/09/29 11:29:11.231, 1, 8701, 100
2026/09/29 11:29:11.231, 2, 8643, 100
2026/09/29 11:29:11.231, 3, 8601, 100
2026/09/29 11:29:11.231, 4, 8663, 100
2026/09/29 11:29:11.231, 5, 8643, 100
2026/09/29 11:29:11.231, 6, 8723, 100
2026/09/29 11:29:11.231, 7, 8599, 100
2026/09/29 11:29:12.232, 0, 8639, 100
2026/09/29 11:29:12.232, 1, 8701, 100
2026/09/29 11:29:12.232, 2, 8643, 100
2026/09/29 11:29:12.232, 3, 8601, 100
2026/09/29 11:29:12.232, 4, 8663, 100
2026/09/29 11:29:12.232, 5, 8643, 100
2026/09/29 11:29:12.232, 6, 8723, 100
2026/09/29 11:29:12.232, 7, 8599, 100
2026/09/29 11:29:13.232, 0, 8639, 100
2026/09/29 11:29:13.232, 1, 8701, 100
2026/09/29 11:29:13.233, 2, 8643, 100
2026/09/29 11:29:13.233, 3, 8601, 100
2026/09/29 11:29:13.233, 4, 8663, 100
2026/09/29 11:29:13.233, 5, 8643, 100
2026/09/29 11:29:13.233, 6, 8723, 100
2026/09/29 11:29:13.233, 7, 8599, 100
2026/09/29 11:29:14.233, 0, 8639, 100
2026/09/29 11:29:14.233, 1, 8701, 100
2026/09/29 11:29:14.233, 2, 8643, 100
2026/09/29 11:29:14.233, 3, 8601, 100
2026/09/29 11:29:14.233, 4, 8663, 100
2026/09/29 11:29:14.234, 5, 8643, 100
2026/09/29 11:29:14.234, 6, 8723, 100
2026/09/29 11:29:14.234, 7, 8599, 100
2026/09/29 11:29:15.234, 0, 8639, 100
2026/09/29 11:29:15.234, 1, 8701, 100
2026/09/29 11:29:15.234, 2, 8643, 100
2026/09/29 11:29:15.234, 3, 8601, 100
2026/09/29 11:29:15.234, 4, 8663, 100
2026/09/29 11:29:15.234, 5, 8643, 100
2026/09/29 11:29:15.234, 6, 8723, 100
2026/09/29 11:29:15.234, 7, 8599, 100
2026/09/29 11:29:16.234, 0, 8639, 100
2026/09/29 11:29:16.235, 1, 8701, 100
2026/09/29 11:29:16.235, 2, 8643, 100
2026/09/29 11:29:16.235, 3, 8601, 100
2026/09/29 11:29:16.235, 4, 8663, 100
2026/09/29 11:29:16.235, 5, 8643, 100
2026/09/29 11:29:16.235, 6, 8723, 100
2026/09/29 11:29:16.235, 7, 8599, 100
2026/09/29 11:29:17.235, 0, 8639, 100
2026/09/29 11:29:17.235, 1, 8701, 100
2026/09/29 11:29:17.235, 2, 8643, 100
2026/09/29 11:29:17.235, 3, 8601, 100
2026/09/29 11:29:17.235, 4, 8663, 100
2026/09/29 11:29:17.235, 5, 8643, 100
2026/09/29 11:29:17.235, 6, 8723, 100
2026/09/29 11:29:17.235, 7, 8599, 100
2026/09/29 11:29:18.236, 0, 8639, 100
2026/09/29 11:29:18.236, 1, 8701, 100
2026/09/29 11:29:18.236, 2, 8643, 100
2026/09/29 11:29:18.236, 3, 8601, 100
2026/09/29 11:29:18.236, 4, 8663, 100
2026/09/29 11:29:18.236, 5, 8643, 100
2026/09/29 11:29:18.236, 6, 8723, 100
2026/09/29 11:29:18.236, 7, 8599, 100
2026/09/29 11:29:19.237, 0, 8639, 100
2026/09/29 11:29:19.237, 1, 8701, 100
2026/09/29 11:29:19.237, 2, 8643, 100
2026/09/29 11:29:19.237, 3, 8601, 100
2026/09/29 11:29:19.237, 4, 8663, 100
2026/09/29 11:29:19.237, 5, 8643, 100
2026/09/29 11:29:19.237, 6, 8723, 100
2026/09/29 11:29:19.237, 7, 8599, 100
2026/09/29 11:29:20.238, 0, 8639, 100
2026/09/29 11:29:20.238, 1, 8701, 100
2026/09/29 11:29:20.238, 2, 8643, 100
2026/09/29 11:29:20.238, 3, 8601, 100
2026/09/29 11:29:20.238, 4, 8663, 100
2026/09/29 11:29:20.238, 5, 8643, 100
2026/09/29 11:29:20.238, 6, 8723, 100
2026/09/29 11:29:20.238, 7, 8599, 100
2026/09/29 11:29:21.238, 0, 8639, 100
2026/09/29 11:29:21.242, 1, 8701, 100
2026/09/29 11:29:21.242, 2, 8643, 100
2026/09/29 11:29:21.242, 3, 8601, 100
2026/09/29 11:29:21.242, 4, 8663, 100
2026/09/29 11:29:21.243, 5, 8643, 100
2026/09/29 11:29:21.245, 6, 8723, 100
2026/09/29 11:29:21.246, 7, 8599, 100
2026/09/29 11:29:22.246, 0, 8639, 100
2026/09/29 11:29:22.246, 1, 8701, 100
2026/09/29 11:29:22.246, 2, 8643, 100
2026/09/29 11:29:22.247, 3, 8601, 100
2026/09/29 11:29:22.247, 4, 8663, 100
2026/09/29 11:29:22.247, 5, 8643, 100
2026/09/29 11:29:22.247, 6, 8723, 100
2026/09/29 11:29:22.247, 7, 8599, 100
2026/09/29 11:29:23.247, 0, 8639, 100
2026/09/29 11:29:23.247, 1, 8701, 100
2026/09/29 11:29:23.247, 2, 8643, 100
2026/09/29 11:29:23.247, 3, 8601, 100
2026/09/29 11:29:23.247, 4, 8663, 100
2026/09/29 11:29:23.247, 5, 8643, 100
2026/09/29 11:29:23.247, 6, 8723, 100
2026/09/29 11:29:23.247, 7, 8599, 100
2026/09/29 11:29:24.247, 0, 8639, 100
2026/09/29 11:29:24.247, 1, 8701, 100
2026/09/29 11:29:24.247, 2, 8643, 100
2026/09/29 11:29:24.247, 3, 8601, 100
2026/09/29 11:29:24.247, 4, 8663, 100
2026/09/29 11:29:24.248, 5, 8643, 100
2026/09/29 11:29:24.248, 6, 8723, 100
2026/09/29 11:29:24.248, 7, 8599, 100
2026/09/29 11:29:25.248, 0, 8639, 100
2026/09/29 11:29:25.248, 1, 8701, 100
2026/09/29 11:29:25.248, 2, 8643, 100
2026/09/29 11:29:25.248, 3, 8601, 100
2026/09/29 11:29:25.248, 4, 8663, 100
2026/09/29 11:29:25.248, 5, 8643, 100
2026/09/29 11:29:25.248, 6, 8723, 100
2026/09/29 11:29:25.248, 7, 8599, 100
2026/09/29 11:29:26.248, 0, 8639, 100
2026/09/29 11:29:26.248, 1, 8701, 100
2026/09/29 11:29:26.248, 2, 8643, 100
2026/09/29 11:29:26.248, 3, 8601, 100
2026/09/29 11:29:26.249, 4, 8663, 100
2026/09/29 11:29:26.249, 5, 8643, 100
2026/09/29 11:29:26.249, 6, 8723, 100
2026/09/29 11:29:26.249, 7, 8599, 100
2026/09/29 11:29:27.249, 0, 8639, 100
2026/09/29 11:29:27.249, 1, 8701, 100
2026/09/29 11:29:27.249, 2, 8643, 100
2026/09/29 11:29:27.249, 3, 8601, 100
2026/09/29 11:29:27.249, 4, 8663, 100
2026/09/29 11:29:27.249, 5, 8643, 100
2026/09/29 11:29:27.249, 6, 8723, 100
2026/09/29 11:29:27.249, 7, 8599, 100
2026/09/29 11:29:28.249, 0, 8639, 100
2026/09/29 11:29:28.249, 1, 8701, 100
2026/09/29 11:29:28.249, 2, 8643, 100
2026/09/29 11:29:28.250, 3, 8601, 100
2026/09/29 11:29:28.250, 4, 8663, 100
2026/09/29 11:29:28.250, 5, 8643, 100
2026/09/29 11:29:28.250, 6, 8723, 100
2026/09/29 11:29:28.250, 7, 8599, 100
2026/09/29 11:29:29.250, 0, 8639, 100
2026/09/29 11:29:29.250, 1, 8701, 100
2026/09/29 11:29:29.250, 2, 8643, 100
2026/09/29 11:29:29.250, 3, 8601, 100
2026/09/29 11:29:29.250, 4, 8663, 100
2026/09/29 11:29:29.250, 5, 8643, 100
2026/09/29 11:29:29.250, 6, 8723, 100
2026/09/29 11:29:29.250, 7, 8599, 100
2026/09/29 11:29:30.251, 0, 8639, 100
2026/09/29 11:29:30.251, 1, 8701, 100
2026/09/29 11:29:30.251, 2, 8643, 100
2026/09/29 11:29:30.251, 3, 8601, 100
2026/09/29 11:29:30.251, 4, 8663, 100
2026/09/29 11:29:30.251, 5, 8643, 100
2026/09/29 11:29:30.251, 6, 8723, 100
2026/09/29 11:29:30.251, 7, 8599, 100
2026/09/29 11:29:31.251, 0, 8639, 100
2026/09/29 11:29:31.251, 1, 8701, 100
2026/09/29 11:29:31.251, 2, 8643, 100
2026/09/29 11:29:31.251, 3, 8601, 100
2026/09/29 11:29:31.251, 4, 8663, 100
2026/09/29 11:29:31.251, 5, 8643, 100
2026/09/29 11:29:31.251, 6, 8723, 100
2026/09/29 11:29:31.252, 7, 8599, 100
2026/09/29 11:29:32.252, 0, 8639, 100
2026/09/29 11:29:32.252, 1, 8701, 100
2026/09/29 11:29:32.252, 2, 8643, 100
2026/09/29 11:29:32.252, 3, 8601, 100
2026/09/29 11:29:32.252, 4, 8663, 100
2026/09/29 11:29:32.252, 5, 8643, 100
2026/09/29 11:29:32.252, 6, 8723, 100
2026/09/29 11:29:32.252, 7, 8599, 100
2026/09/29 11:29:33.252, 0, 8639, 100
2026/09/29 11:29:33.253, 1, 8701, 100
2026/09/29 11:29:33.253, 2, 8643, 100
2026/09/29 11:29:33.253, 3, 8601, 100
2026/09/29 11:29:33.253, 4, 8663, 100
2026/09/29 11:29:33.253, 5, 8643, 100
2026/09/29 11:29:33.253, 6, 8723, 100
2026/09/29 11:29:33.253, 7, 8599, 100
2026/09/29 11:29:34.253, 0, 8639, 100
2026/09/29 11:29:34.253, 1, 8701, 100
2026/09/29 11:29:34.253, 2, 8643, 100
2026/09/29 11:29:34.253, 3, 8601, 100
2026/09/29 11:29:34.253, 4, 8663, 100
2026/09/29 11:29:34.254, 5, 8643, 100
2026/09/29 11:29:34.254, 6, 8723, 100
2026/09/29 11:29:34.254, 7, 8599, 100
2026/09/29 11:29:35.254, 0, 8639, 100
2026/09/29 11:29:35.254, 1, 8701, 100
2026/09/29 11:29:35.254, 2, 8643, 100
2026/09/29 11:29:35.254, 3, 8601, 100
2026/09/29 11:29:35.254, 4, 8663, 100
2026/09/29 11:29:35.254, 5, 8643, 100
2026/09/29 11:29:35.254, 6, 8723, 100
2026/09/29 11:29:35.254, 7, 8599, 100
2026/09/29 11:29:36.254, 0, 5179, 31
2026/09/29 11:29:36.255, 1, 5421, 100
2026/09/29 11:29:36.255, 2, 5143, 100
2026/09/29 11:29:36.256, 3, 5101, 30
2026/09/29 11:29:36.257, 4, 5283, 100
2026/09/29 11:29:36.258, 5, 5143, 100
2026/09/29 11:29:36.258, 6, 5463, 100
2026/09/29 11:29:36.259, 7, 5019, 100
2026/09/29 11:29:37.260, 0, 4373, 99
2026/09/29 11:29:37.260, 1, 4349, 98
2026/09/29 11:29:37.260, 2, 4291, 98
2026/09/29 11:29:37.260, 3, 4349, 99
2026/09/29 11:29:37.260, 4, 4433, 75
2026/09/29 11:29:37.260, 5, 4333, 99
2026/09/29 11:29:37.260, 6, 4311, 27
2026/09/29 11:29:37.260, 7, 4289, 99
2026/09/29 11:29:38.260, 0, 3993, 4
2026/09/29 11:29:38.261, 1, 3675, 10
2026/09/29 11:29:38.261, 2, 3627, 11
2026/09/29 11:29:38.261, 3, 3707, 0
2026/09/29 11:29:38.261, 4, 3775, 99
2026/09/29 11:29:38.261, 5, 3713, 12
2026/09/29 11:29:38.261, 6, 3713, 99
2026/09/29 11:29:38.261, 7, 3771, 98
2026/09/29 11:29:39.261, 0, 5435, 100
2026/09/29 11:29:39.262, 1, 5397, 100
2026/09/29 11:29:39.262, 2, 5429, 100
2026/09/29 11:29:39.262, 3, 5509, 100
2026/09/29 11:29:39.262, 4, 5497, 58
2026/09/29 11:29:39.262, 5, 5415, 100
2026/09/29 11:29:39.262, 6, 5435, 0
2026/09/29 11:29:39.262, 7, 5493, 100
2026/09/29 11:29:40.262, 0, 7601, 100
2026/09/29 11:29:40.262, 1, 7501, 93
2026/09/29 11:29:40.262, 2, 7523, 99
2026/09/29 11:29:40.262, 3, 7639, 92
2026/09/29 11:29:40.263, 4, 7545, 100
2026/09/29 11:29:40.263, 5, 7521, 100
2026/09/29 11:29:40.263, 6, 7623, 100
2026/09/29 11:29:40.263, 7, 7539, 100
2026/09/29 11:29:41.263, 0, 7941, 99
2026/09/29 11:29:41.263, 1, 7781, 99
2026/09/29 11:29:41.263, 2, 7863, 99
2026/09/29 11:29:41.263, 3, 7779, 99
2026/09/29 11:29:41.263, 4, 7865, 99
2026/09/29 11:29:41.263, 5, 7801, 98
2026/09/29 11:29:41.263, 6, 7963, 74
2026/09/29 11:29:41.263, 7, 7899, 99
2026/09/29 11:29:42.263, 0, 8721, 93
2026/09/29 11:29:42.263, 1, 8561, 99
2026/09/29 11:29:42.263, 2, 8643, 99
2026/09/29 11:29:42.263, 3, 8639, 99
2026/09/29 11:29:42.263, 4, 8645, 99
2026/09/29 11:29:42.263, 5, 8581, 99
2026/09/29 11:29:42.264, 6, 8743, 99
2026/09/29 11:29:42.264, 7, 8679, 99
2026/09/29 11:29:43.264, 0, 8721, 100
2026/09/29 11:29:43.264, 1, 8561, 100
2026/09/29 11:29:43.264, 2, 8643, 100
2026/09/29 11:29:43.264, 3, 8639, 100
2026/09/29 11:29:43.264, 4, 8645, 100
2026/09/29 11:29:43.264, 5, 8581, 100
2026/09/29 11:29:43.264, 6, 8743, 66
2026/09/29 11:29:43.264, 7, 8679, 100
2026/09/29 11:29:44.264, 0, 8721, 100
2026/09/29 11:29:44.264, 1, 8561, 100
2026/09/29 11:29:44.265, 2, 8643, 100
2026/09/29 11:29:44.265, 3, 8639, 100
2026/09/29 11:29:44.265, 4, 8645, 100
2026/09/29 11:29:44.265, 5, 8581, 100
2026/09/29 11:29:44.265, 6, 8743, 100
2026/09/29 11:29:44.265, 7, 8679, 100
2026/09/29 11:29:45.265, 0, 8721, 100
2026/09/29 11:29:45.265, 1, 8561, 100
2026/09/29 11:29:45.265, 2, 8643, 100
2026/09/29 11:29:45.265, 3, 8639, 100
2026/09/29 11:29:45.265, 4, 8645, 100
2026/09/29 11:29:45.265, 5, 8581, 100
2026/09/29 11:29:45.265, 6, 8743, 100
2026/09/29 11:29:45.265, 7, 8679, 100
2026/09/29 11:29:46.265, 0, 8721, 100
2026/09/29 11:29:46.266, 1, 8561, 100
2026/09/29 11:29:46.266, 2, 8643, 100
2026/09/29 11:29:46.266, 3, 8639, 100
2026/09/29 11:29:46.266, 4, 8645, 100
2026/09/29 11:29:46.266, 5, 8581, 100
2026/09/29 11:29:46.266, 6, 8743, 100
2026/09/29 11:29:46.266, 7, 8679, 100
2026/09/29 11:29:47.266, 0, 8721, 100
2026/09/29 11:29:47.266, 1, 8561, 100
2026/09/29 11:29:47.266, 2, 8643, 100
2026/09/29 11:29:47.266, 3, 8639, 100
2026/09/29 11:29:47.266, 4, 8645, 100
2026/09/29 11:29:47.266, 5, 8581, 100
2026/09/29 11:29:47.266, 6, 8743, 100
2026/09/29 11:29:47.266, 7, 8679, 100
2026/09/29 11:29:48.266, 0, 8721, 100
2026/09/29 11:29:48.266, 1, 8561, 100
2026/09/29 11:29:48.266, 2, 8643, 100
2026/09/29 11:29:48.267, 3, 8639, 100
2026/09/29 11:29:48.267, 4, 8645, 100
2026/09/29 11:29:48.267, 5, 8581, 100
2026/09/29 11:29:48.267, 6, 8743, 100
2026/09/29 11:29:48.267, 7, 8679, 100
2026/09/29 11:29:49.267, 0, 8721, 100
2026/09/29 11:29:49.267, 1, 8561, 100
2026/09/29 11:29:49.267, 2, 8643, 100
2026/09/29 11:29:49.267, 3, 8639, 100
2026/09/29 11:29:49.267, 4, 8645, 100
2026/09/29 11:29:49.267, 5, 8581, 100
2026/09/29 11:29:49.267, 6, 8743, 100
2026/09/29 11:29:49.267, 7, 8679, 100
2026/09/29 11:29:50.267, 0, 8721, 100
2026/09/29 11:29:50.267, 1, 8561, 100
2026/09/29 11:29:50.267, 2, 8643, 100
2026/09/29 11:29:50.267, 3, 8639, 100
2026/09/29 11:29:50.268, 4, 8645, 100
2026/09/29 11:29:50.268, 5, 8581, 100
2026/09/29 11:29:50.268, 6, 8743, 100
2026/09/29 11:29:50.268, 7, 8679, 100
2026/09/29 11:29:51.268, 0, 8721, 100
2026/09/29 11:29:51.268, 1, 8561, 100
2026/09/29 11:29:51.268, 2, 8643, 100
2026/09/29 11:29:51.268, 3, 8639, 100
2026/09/29 11:29:51.268, 4, 8645, 100
2026/09/29 11:29:51.268, 5, 8581, 100
2026/09/29 11:29:51.268, 6, 8743, 100
2026/09/29 11:29:51.268, 7, 8679, 100
2026/09/29 11:29:52.268, 0, 8721, 100
2026/09/29 11:29:52.269, 1, 8561, 100
2026/09/29 11:29:52.269, 2, 8643, 100
2026/09/29 11:29:52.269, 3, 8639, 100
2026/09/29 11:29:52.269, 4, 8645, 100
2026/09/29 11:29:52.269, 5, 8581, 100
2026/09/29 11:29:52.269, 6, 8743, 100
2026/09/29 11:29:52.269, 7, 8679, 100
2026/09/29 11:29:53.269, 0, 8721, 100
2026/09/29 11:29:53.269, 1, 8561, 100
2026/09/29 11:29:53.269, 2, 8643, 100
2026/09/29 11:29:53.269, 3, 8639, 100
2026/09/29 11:29:53.269, 4, 8645, 100
2026/09/29 11:29:53.269, 5, 8581, 100
2026/09/29 11:29:53.270, 6, 8743, 100
2026/09/29 11:29:53.270, 7, 8679, 100
2026/09/29 11:29:54.270, 0, 8721, 100
2026/09/29 11:29:54.270, 1, 8561, 100
2026/09/29 11:29:54.270, 2, 8643, 100
2026/09/29 11:29:54.270, 3, 8639, 100
2026/09/29 11:29:54.270, 4, 8645, 100
2026/09/29 11:29:54.270, 5, 8581, 100
2026/09/29 11:29:54.270, 6, 8743, 100
2026/09/29 11:29:54.270, 7, 8679, 100
2026/09/29 11:29:55.270, 0, 8721, 100
2026/09/29 11:29:55.270, 1, 8561, 100
2026/09/29 11:29:55.271, 2, 8643, 100
2026/09/29 11:29:55.271, 3, 8639, 100
2026/09/29 11:29:55.271, 4, 8645, 100
2026/09/29 11:29:55.271, 5, 8581, 100
2026/09/29 11:29:55.271, 6, 8743, 100
2026/09/29 11:29:55.271, 7, 8679, 100
2026/09/29 11:29:56.271, 0, 8721, 100
2026/09/29 11:29:56.271, 1, 8561, 100
2026/09/29 11:29:56.271, 2, 8643, 100
2026/09/29 11:29:56.271, 3, 8639, 100
2026/09/29 11:29:56.271, 4, 8645, 100
2026/09/29 11:29:56.271, 5, 8581, 100
2026/09/29 11:29:56.271, 6, 8743, 100
2026/09/29 11:29:56.271, 7, 8679, 100
2026/09/29 11:29:57.271, 0, 8721, 100
2026/09/29 11:29:57.271, 1, 8561, 100
2026/09/29 11:29:57.271, 2, 8643, 100
2026/09/29 11:29:57.271, 3, 8639, 100
2026/09/29 11:29:57.271, 4, 8645, 100
2026/09/29 11:29:57.272, 5, 8581, 100
2026/09/29 11:29:57.272, 6, 8743, 100
2026/09/29 11:29:57.272, 7, 8679, 100
2026/09/29 11:29:58.272, 0, 8721, 100
2026/09/29 11:29:58.272, 1, 8561, 100
2026/09/29 11:29:58.272, 2, 8643, 100
2026/09/29 11:29:58.272, 3, 8639, 100
2026/09/29 11:29:58.272, 4, 8645, 100
2026/09/29 11:29:58.272, 5, 8581, 100
2026/09/29 11:29:58.272, 6, 8743, 100
2026/09/29 11:29:58.272, 7, 8679, 100
2026/09/29 11:29:59.272, 0, 8721, 100
2026/09/29 11:29:59.273, 1, 8561, 100
2026/09/29 11:29:59.273, 2, 8643, 100
2026/09/29 11:29:59.273, 3, 8639, 100
2026/09/29 11:29:59.273, 4, 8645, 100
2026/09/29 11:29:59.273, 5, 8581, 100
2026/09/29 11:29:59.273, 6, 8743, 100
2026/09/29 11:29:59.273, 7, 8679, 100
2026/09/29 11:30:00.273, 0, 8721, 100
2026/09/29 11:30:00.273, 1, 8561, 100
2026/09/29 11:30:00.274, 2, 8643, 100
2026/09/29 11:30:00.274, 3, 8639, 100
2026/09/29 11:30:00.274, 4, 8645, 100
2026/09/29 11:30:00.274, 5, 8581, 100
2026/09/29 11:30:00.274, 6, 8743, 100
2026/09/29 11:30:00.274, 7, 8679, 100
2026/09/29 11:30:01.274, 0, 8721, 100
2026/09/29 11:30:01.274, 1, 8561, 100
2026/09/29 11:30:01.274, 2, 8643, 100
2026/09/29 11:30:01.274, 3, 8639, 100
2026/09/29 11:30:01.274, 4, 8645, 100
2026/09/29 11:30:01.274, 5, 8581, 100
2026/09/29 11:30:01.274, 6, 8743, 100
2026/09/29 11:30:01.274, 7, 8679, 100
2026/09/29 11:30:02.274, 0, 8721, 100
2026/09/29 11:30:02.274, 1, 8561, 100
2026/09/29 11:30:02.274, 2, 8643, 100
2026/09/29 11:30:02.274, 3, 8639, 100
2026/09/29 11:30:02.275, 4, 8645, 100
2026/09/29 11:30:02.275, 5, 8581, 100
2026/09/29 11:30:02.275, 6, 8743, 100
2026/09/29 11:30:02.275, 7, 8679, 100
2026/09/29 11:30:03.275, 0, 8721, 100
2026/09/29 11:30:03.275, 1, 8561, 100
2026/09/29 11:30:03.275, 2, 8643, 100
2026/09/29 11:30:03.275, 3, 8639, 100
2026/09/29 11:30:03.275, 4, 8645, 100
2026/09/29 11:30:03.275, 5, 8581, 100
2026/09/29 11:30:03.275, 6, 8743, 100
2026/09/29 11:30:03.275, 7, 8679, 100
2026/09/29 11:30:04.275, 0, 8721, 100
2026/09/29 11:30:04.275, 1, 8561, 100
2026/09/29 11:30:04.276, 2, 8643, 100
2026/09/29 11:30:04.276, 3, 8639, 100
2026/09/29 11:30:04.276, 4, 8645, 100
2026/09/29 11:30:04.276, 5, 8581, 100
2026/09/29 11:30:04.276, 6, 8743, 100
2026/09/29 11:30:04.276, 7, 8679, 100
2026/09/29 11:30:05.276, 0, 8721, 100
2026/09/29 11:30:05.276, 1, 8561, 100
2026/09/29 11:30:05.276, 2, 8643, 100
2026/09/29 11:30:05.276, 3, 8639, 100
2026/09/29 11:30:05.277, 4, 8645, 100
2026/09/29 11:30:05.277, 5, 8581, 100
2026/09/29 11:30:05.277, 6, 8743, 100
2026/09/29 11:30:05.277, 7, 8679, 100
2026/09/29 11:30:06.277, 0, 8721, 100
2026/09/29 11:30:06.277, 1, 8561, 100
2026/09/29 11:30:06.277, 2, 8643, 100
2026/09/29 11:30:06.277, 3, 8639, 100
2026/09/29 11:30:06.277, 4, 8645, 100
2026/09/29 11:30:06.277, 5, 8581, 100
2026/09/29 11:30:06.277, 6, 8743, 100
2026/09/29 11:30:06.277, 7, 8679, 100
2026/09/29 11:30:07.277, 0, 8721, 100
2026/09/29 11:30:07.277, 1, 8561, 100
2026/09/29 11:30:07.277, 2, 8643, 100
2026/09/29 11:30:07.277, 3, 8639, 100
2026/09/29 11:30:07.277, 4, 8645, 100
2026/09/29 11:30:07.277, 5, 8581, 100
2026/09/29 11:30:07.278, 6, 8743, 100
2026/09/29 11:30:07.278, 7, 8679, 100
2026/09/29 11:30:08.278, 0, 8721, 100
2026/09/29 11:30:08.278, 1, 8561, 100
2026/09/29 11:30:08.278, 2, 8643, 100
2026/09/29 11:30:08.278, 3, 8639, 100
2026/09/29 11:30:08.278, 4, 8645, 100
2026/09/29 11:30:08.278, 5, 8581, 100
2026/09/29 11:30:08.278, 6, 8743, 100
2026/09/29 11:30:08.278, 7, 8679, 100
2026/09/29 11:30:09.278, 0, 8721, 100
2026/09/29 11:30:09.278, 1, 8561, 100
2026/09/29 11:30:09.278, 2, 8643, 100
2026/09/29 11:30:09.279, 3, 8639, 100
2026/09/29 11:30:09.279, 4, 8645, 100
2026/09/29 11:30:09.279, 5, 8581, 100
2026/09/29 11:30:09.279, 6, 8743, 100
2026/09/29 11:30:09.279, 7, 8679, 100
2026/09/29 11:30:10.279, 0, 8721, 100
2026/09/29 11:30:10.279, 1, 8561, 100
2026/09/29 11:30:10.279, 2, 8643, 100
2026/09/29 11:30:10.279, 3, 8639, 100
2026/09/29 11:30:10.279, 4, 8645, 100
2026/09/29 11:30:10.279, 5, 8581, 100
2026/09/29 11:30:10.279, 6, 8743, 100
2026/09/29 11:30:10.279, 7, 8679, 100
2026/09/29 11:30:11.279, 0, 8721, 100
2026/09/29 11:30:11.280, 1, 8561, 100
2026/09/29 11:30:11.280, 2, 8643, 100
2026/09/29 11:30:11.280, 3, 8639, 100
2026/09/29 11:30:11.280, 4, 8645, 100
2026/09/29 11:30:11.280, 5, 8581, 100
2026/09/29 11:30:11.280, 6, 8743, 100
2026/09/29 11:30:11.280, 7, 8679, 100
2026/09/29 11:30:12.280, 0, 8721, 100
2026/09/29 11:30:12.280, 1, 8561, 100
2026/09/29 11:30:12.280, 2, 8643, 100
2026/09/29 11:30:12.280, 3, 8639, 100
2026/09/29 11:30:12.280, 4, 8645, 100
2026/09/29 11:30:12.280, 5, 8581, 100
2026/09/29 11:30:12.280, 6, 8743, 100
2026/09/29 11:30:12.280, 7, 8679, 100
2026/09/29 11:30:13.280, 0, 8721, 100
2026/09/29 11:30:13.280, 1, 8561, 100
2026/09/29 11:30:13.281, 2, 8643, 100
2026/09/29 11:30:13.281, 3, 8639, 100
2026/09/29 11:30:13.281, 4, 8645, 100
2026/09/29 11:30:13.281, 5, 8581, 100
2026/09/29 11:30:13.281, 6, 8743, 100
2026/09/29 11:30:13.281, 7, 8679, 100
2026/09/29 11:30:14.281, 0, 8721, 100
2026/09/29 11:30:14.281, 1, 8561, 100
2026/09/29 11:30:14.281, 2, 8643, 100
2026/09/29 11:30:14.281, 3, 8639, 100
2026/09/29 11:30:14.281, 4, 8645, 100
2026/09/29 11:30:14.281, 5, 8581, 100
2026/09/29 11:30:14.281, 6, 8743, 100
2026/09/29 11:30:14.281, 7, 8679, 100
2026/09/29 11:30:15.281, 0, 8721, 100
2026/09/29 11:30:15.281, 1, 8561, 100
2026/09/29 11:30:15.281, 2, 8643, 100
2026/09/29 11:30:15.281, 3, 8639, 100
2026/09/29 11:30:15.282, 4, 8645, 100
2026/09/29 11:30:15.282, 5, 8581, 100
2026/09/29 11:30:15.282, 6, 8743, 100
2026/09/29 11:30:15.282, 7, 8679, 100
2026/09/29 11:30:16.282, 0, 8721, 100
2026/09/29 11:30:16.282, 1, 8561, 100
2026/09/29 11:30:16.282, 2, 8643, 100
2026/09/29 11:30:16.282, 3, 8639, 100
2026/09/29 11:30:16.282, 4, 8645, 100
2026/09/29 11:30:16.282, 5, 8581, 100
2026/09/29 11:30:16.282, 6, 8743, 100
2026/09/29 11:30:16.282, 7, 8679, 100
2026/09/29 11:30:17.282, 0, 8721, 100
2026/09/29 11:30:17.283, 1, 8561, 100
2026/09/29 11:30:17.283, 2, 8643, 100
2026/09/29 11:30:17.283, 3, 8639, 100
2026/09/29 11:30:17.283, 4, 8645, 100
2026/09/29 11:30:17.283, 5, 8581, 100
2026/09/29 11:30:17.283, 6, 8743, 100
2026/09/29 11:30:17.283, 7, 8679, 100
2026/09/29 11:30:18.283, 0, 8721, 100
2026/09/29 11:30:18.283, 1, 8561, 100
2026/09/29 11:30:18.283, 2, 8643, 100
2026/09/29 11:30:18.283, 3, 8639, 100
2026/09/29 11:30:18.283, 4, 8645, 100
2026/09/29 11:30:18.283, 5, 8581, 100
2026/09/29 11:30:18.283, 6, 8743, 100
2026/09/29 11:30:18.283, 7, 8679, 100
2026/09/29 11:30:19.283, 0, 8721, 100
2026/09/29 11:30:19.284, 1, 8561, 100
2026/09/29 11:30:19.284, 2, 8643, 100
2026/09/29 11:30:19.284, 3, 8639, 100
2026/09/29 11:30:19.284, 4, 8645, 100
2026/09/29 11:30:19.284, 5, 8581, 100
2026/09/29 11:30:19.284, 6, 8743, 100
2026/09/29 11:30:19.284, 7, 8679, 100
2026/09/29 11:30:20.284, 0, 8721, 100
2026/09/29 11:30:20.284, 1, 8561, 100
2026/09/29 11:30:20.284, 2, 8643, 100
2026/09/29 11:30:20.284, 3, 8639, 100
2026/09/29 11:30:20.284, 4, 8645, 100
2026/09/29 11:30:20.284, 5, 8581, 100
2026/09/29 11:30:20.284, 6, 8743, 100
2026/09/29 11:30:20.284, 7, 8679, 100
2026/09/29 11:30:21.285, 0, 8721, 100
2026/09/29 11:30:21.285, 1, 8561, 100
2026/09/29 11:30:21.285, 2, 8643, 100
2026/09/29 11:30:21.285, 3, 8639, 100
2026/09/29 11:30:21.285, 4, 8645, 100
2026/09/29 11:30:21.285, 5, 8581, 100
2026/09/29 11:30:21.285, 6, 8743, 100
2026/09/29 11:30:21.285, 7, 8679, 100
2026/09/29 11:30:22.285, 0, 8721, 100
2026/09/29 11:30:22.285, 1, 8561, 100
2026/09/29 11:30:22.286, 2, 8643, 100
2026/09/29 11:30:22.286, 3, 8639, 100
2026/09/29 11:30:22.286, 4, 8645, 100
2026/09/29 11:30:22.286, 5, 8581, 100
2026/09/29 11:30:22.286, 6, 8743, 100
2026/09/29 11:30:22.286, 7, 8679, 100
2026/09/29 11:30:23.286, 0, 8721, 100
2026/09/29 11:30:23.286, 1, 8561, 100
2026/09/29 11:30:23.286, 2, 8643, 100
2026/09/29 11:30:23.286, 3, 8639, 100
2026/09/29 11:30:23.286, 4, 8645, 100
2026/09/29 11:30:23.286, 5, 8581, 100
2026/09/29 11:30:23.286, 6, 8743, 100
2026/09/29 11:30:23.286, 7, 8679, 100
2026/09/29 11:30:24.286, 0, 8721, 100
2026/09/29 11:30:24.287, 1, 8561, 100
2026/09/29 11:30:24.287, 2, 8643, 100
2026/09/29 11:30:24.287, 3, 8639, 100
2026/09/29 11:30:24.287, 4, 8645, 100
2026/09/29 11:30:24.287, 5, 8581, 100
2026/09/29 11:30:24.287, 6, 8743, 100
2026/09/29 11:30:24.287, 7, 8679, 100
2026/09/29 11:30:25.287, 0, 8721, 100
2026/09/29 11:30:25.287, 1, 8561, 100
2026/09/29 11:30:25.287, 2, 8643, 100
2026/09/29 11:30:25.287, 3, 8639, 100
2026/09/29 11:30:25.287, 4, 8645, 100
2026/09/29 11:30:25.287, 5, 8581, 100
2026/09/29 11:30:25.287, 6, 8743, 100
2026/09/29 11:30:25.287, 7, 8679, 100
2026/09/29 11:30:26.287, 0, 8721, 100
2026/09/29 11:30:26.288, 1, 8561, 100
2026/09/29 11:30:26.288, 2, 8643, 100
2026/09/29 11:30:26.288, 3, 8639, 100
2026/09/29 11:30:26.288, 4, 8645, 100
2026/09/29 11:30:26.288, 5, 8581, 100
2026/09/29 11:30:26.288, 6, 8743, 100
2026/09/29 11:30:26.288, 7, 8679, 100
2026/09/29 11:30:27.288, 0, 8721, 100
2026/09/29 11:30:27.288, 1, 8561, 100
2026/09/29 11:30:27.288, 2, 8643, 100
2026/09/29 11:30:27.288, 3, 8639, 100
2026/09/29 11:30:27.288, 4, 8645, 100
2026/09/29 11:30:27.288, 5, 8581, 100
2026/09/29 11:30:27.288, 6, 8743, 100
2026/09/29 11:30:27.288, 7, 8679, 100
2026/09/29 11:30:28.289, 0, 8721, 100
2026/09/29 11:30:28.289, 1, 8561, 100
2026/09/29 11:30:28.289, 2, 8643, 100
2026/09/29 11:30:28.289, 3, 8639, 100
2026/09/29 11:30:28.289, 4, 8645, 100
2026/09/29 11:30:28.289, 5, 8581, 100
2026/09/29 11:30:28.289, 6, 8743, 100
2026/09/29 11:30:28.289, 7, 8679, 100
2026/09/29 11:30:29.289, 0, 8721, 100
2026/09/29 11:30:29.289, 1, 8561, 100
2026/09/29 11:30:29.289, 2, 8643, 100
2026/09/29 11:30:29.289, 3, 8639, 100
2026/09/29 11:30:29.289, 4, 8645, 100
2026/09/29 11:30:29.290, 5, 8581, 100
2026/09/29 11:30:29.290, 6, 8743, 100
2026/09/29 11:30:29.290, 7, 8679, 100
2026/09/29 11:30:30.290, 0, 8721, 100
2026/09/29 11:30:30.290, 1, 8561, 100
2026/09/29 11:30:30.290, 2, 8643, 100
2026/09/29 11:30:30.291, 3, 8639, 100
2026/09/29 11:30:30.291, 4, 8645, 100
2026/09/29 11:30:30.291, 5, 8581, 100
2026/09/29 11:30:30.291, 6, 8743, 100
2026/09/29 11:30:30.291, 7, 8679, 100
2026/09/29 11:30:31.291, 0, 8721, 100
2026/09/29 11:30:31.291, 1, 8561, 100
2026/09/29 11:30:31.291, 2, 8643, 100
2026/09/29 11:30:31.291, 3, 8639, 100
2026/09/29 11:30:31.291, 4, 8645, 100
2026/09/29 11:30:31.291, 5, 8581, 100
2026/09/29 11:30:31.291, 6, 8743, 100
2026/09/29 11:30:31.291, 7, 8679, 100
2026/09/29 11:30:32.291, 0, 8721, 100
2026/09/29 11:30:32.291, 1, 8561, 100
2026/09/29 11:30:32.291, 2, 8643, 100
2026/09/29 11:30:32.291, 3, 8639, 100
2026/09/29 11:30:32.291, 4, 8645, 100
2026/09/29 11:30:32.291, 5, 8581, 100
2026/09/29 11:30:32.291, 6, 8743, 100
2026/09/29 11:30:32.292, 7, 8679, 100
2026/09/29 11:30:33.292, 0, 8721, 100
2026/09/29 11:30:33.292, 1, 8561, 100
2026/09/29 11:30:33.292, 2, 8643, 100
2026/09/29 11:30:33.292, 3, 8639, 100
2026/09/29 11:30:33.292, 4, 8645, 100
2026/09/29 11:30:33.292, 5, 8581, 100
2026/09/29 11:30:33.292, 6, 8743, 100
2026/09/29 11:30:33.292, 7, 8679, 100
2026/09/29 11:30:34.293, 0, 8721, 100
2026/09/29 11:30:34.293, 1, 8561, 100
2026/09/29 11:30:34.293, 2, 8643, 100
2026/09/29 11:30:34.293, 3, 8639, 100
2026/09/29 11:30:34.293, 4, 8645, 100
2026/09/29 11:30:34.293, 5, 8581, 100
2026/09/29 11:30:34.293, 6, 8743, 100
2026/09/29 11:30:34.293, 7, 8679, 100
2026/09/29 11:30:35.293, 0, 8721, 100
2026/09/29 11:30:35.293, 1, 8561, 100
2026/09/29 11:30:35.293, 2, 8643, 100
2026/09/29 11:30:35.294, 3, 8639, 100
2026/09/29 11:30:35.294, 4, 8645, 100
2026/09/29 11:30:35.294, 5, 8581, 100
2026/09/29 11:30:35.294, 6, 8743, 100
2026/09/29 11:30:35.294, 7, 8679, 100
2026/09/29 11:30:36.294, 0, 8721, 100
2026/09/29 11:30:36.294, 1, 8561, 100
2026/09/29 11:30:36.294, 2, 8643, 100
2026/09/29 11:30:36.294, 3, 8639, 100
2026/09/29 11:30:36.294, 4, 8645, 100
2026/09/29 11:30:36.294, 5, 8581, 100
2026/09/29 11:30:36.294, 6, 8743, 100
2026/09/29 11:30:36.294, 7, 8679, 100
2026/09/29 11:30:37.294, 0, 8721, 100
2026/09/29 11:30:37.295, 1, 8561, 100
2026/09/29 11:30:37.295, 2, 8643, 100
2026/09/29 11:30:37.295, 3, 8639, 100
2026/09/29 11:30:37.295, 4, 8645, 100
2026/09/29 11:30:37.295, 5, 8581, 100
2026/09/29 11:30:37.295, 6, 8743, 100
2026/09/29 11:30:37.295, 7, 8679, 100
2026/09/29 11:30:38.295, 0, 8721, 100
2026/09/29 11:30:38.295, 1, 8561, 100
2026/09/29 11:30:38.295, 2, 8643, 100
2026/09/29 11:30:38.295, 3, 8639, 100
2026/09/29 11:30:38.295, 4, 8645, 100
2026/09/29 11:30:38.295, 5, 8581, 100
2026/09/29 11:30:38.295, 6, 8743, 100
2026/09/29 11:30:38.295, 7, 8679, 100
2026/09/29 11:30:39.295, 0, 8721, 100
2026/09/29 11:30:39.295, 1, 8561, 100
2026/09/29 11:30:39.296, 2, 8643, 100
2026/09/29 11:30:39.296, 3, 8639, 100
2026/09/29 11:30:39.296, 4, 8645, 100
2026/09/29 11:30:39.296, 5, 8581, 100
2026/09/29 11:30:39.296, 6, 8743, 100
2026/09/29 11:30:39.296, 7, 8679, 100
2026/09/29 11:30:40.296, 0, 8721, 100
2026/09/29 11:30:40.296, 1, 8561, 100
2026/09/29 11:30:40.296, 2, 8643, 100
2026/09/29 11:30:40.296, 3, 8639, 100
2026/09/29 11:30:40.296, 4, 8645, 100
2026/09/29 11:30:40.296, 5, 8581, 100
2026/09/29 11:30:40.297, 6, 8743, 100
2026/09/29 11:30:40.297, 7, 8679, 100
2026/09/29 11:30:41.297, 0, 8721, 100
2026/09/29 11:30:41.297, 1, 8561, 100
2026/09/29 11:30:41.297, 2, 8643, 100
2026/09/29 11:30:41.297, 3, 8639, 100
2026/09/29 11:30:41.297, 4, 8645, 100
2026/09/29 11:30:41.297, 5, 8581, 100
2026/09/29 11:30:41.297, 6, 8743, 100
2026/09/29 11:30:41.297, 7, 8679, 100
2026/09/29 11:30:42.297, 0, 8721, 100
2026/09/29 11:30:42.298, 1, 8561, 100
2026/09/29 11:30:42.298, 2, 8643, 100
2026/09/29 11:30:42.298, 3, 8639, 100
2026/09/29 11:30:42.298, 4, 8645, 100
2026/09/29 11:30:42.298, 5, 8581, 100
2026/09/29 11:30:42.298, 6, 8743, 100
2026/09/29 11:30:42.298, 7, 8679, 100
2026/09/29 11:30:43.298, 0, 8721, 100
2026/09/29 11:30:43.298, 1, 8561, 100
2026/09/29 11:30:43.298, 2, 8643, 100
2026/09/29 11:30:43.298, 3, 8639, 100
2026/09/29 11:30:43.298, 4, 8645, 100
2026/09/29 11:30:43.299, 5, 8581, 100
2026/09/29 11:30:43.299, 6, 8743, 100
2026/09/29 11:30:43.299, 7, 8679, 100
2026/09/29 11:30:44.299, 0, 8721, 100
2026/09/29 11:30:44.299, 1, 8561, 100
2026/09/29 11:30:44.299, 2, 8643, 100
2026/09/29 11:30:44.299, 3, 8639, 100
2026/09/29 11:30:44.299, 4, 8645, 100
2026/09/29 11:30:44.299, 5, 8581, 100
2026/09/29 11:30:44.299, 6, 8743, 100
2026/09/29 11:30:44.299, 7, 8679, 100
2026/09/29 11:30:45.299, 0, 8721, 100
2026/09/29 11:30:45.300, 1, 8561, 100
2026/09/29 11:30:45.300, 2, 8643, 100
2026/09/29 11:30:45.300, 3, 8639, 100
2026/09/29 11:30:45.300, 4, 8645, 100
2026/09/29 11:30:45.300, 5, 8581, 100
2026/09/29 11:30:45.300, 6, 8743, 100
2026/09/29 11:30:45.300, 7, 8679, 100
2026/09/29 11:30:46.300, 0, 8721, 100
2026/09/29 11:30:46.300, 1, 8561, 100
2026/09/29 11:30:46.300, 2, 8643, 100
2026/09/29 11:30:46.300, 3, 8639, 100
2026/09/29 11:30:46.300, 4, 8645, 100
2026/09/29 11:30:46.300, 5, 8581, 100
2026/09/29 11:30:46.300, 6, 8743, 100
2026/09/29 11:30:46.300, 7, 8679, 100
2026/09/29 11:30:47.300, 0, 8721, 100
2026/09/29 11:30:47.301, 1, 8561, 100
2026/09/29 11:30:47.301, 2, 8643, 100
2026/09/29 11:30:47.301, 3, 8639, 100
2026/09/29 11:30:47.301, 4, 8645, 100
2026/09/29 11:30:47.301, 5, 8581, 100
2026/09/29 11:30:47.301, 6, 8743, 100
2026/09/29 11:30:47.301, 7, 8679, 100
2026/09/29 11:30:48.301, 0, 8721, 100
2026/09/29 11:30:48.301, 1, 8561, 100
2026/09/29 11:30:48.301, 2, 8643, 100
2026/09/29 11:30:48.301, 3, 8639, 100
2026/09/29 11:30:48.301, 4, 8645, 100
2026/09/29 11:30:48.301, 5, 8581, 100
2026/09/29 11:30:48.301, 6, 8743, 100
2026/09/29 11:30:48.301, 7, 8679, 100
2026/09/29 11:30:49.301, 0, 8721, 100
2026/09/29 11:30:49.302, 1, 8561, 100
2026/09/29 11:30:49.302, 2, 8643, 100
2026/09/29 11:30:49.302, 3, 8639, 100
2026/09/29 11:30:49.302, 4, 8645, 100
2026/09/29 11:30:49.302, 5, 8581, 100
2026/09/29 11:30:49.302, 6, 8743, 100
2026/09/29 11:30:49.302, 7, 8679, 100
2026/09/29 11:30:50.302, 0, 8721, 100
2026/09/29 11:30:50.303, 1, 8561, 100
2026/09/29 11:30:50.303, 2, 8643, 100
2026/09/29 11:30:50.303, 3, 8639, 100
2026/09/29 11:30:50.303, 4, 8645, 100
2026/09/29 11:30:50.303, 5, 8581, 100
2026/09/29 11:30:50.303, 6, 8743, 100
2026/09/29 11:30:50.303, 7, 8679, 100
2026/09/29 11:30:51.303, 0, 8721, 100
2026/09/29 11:30:51.303, 1, 8561, 100
2026/09/29 11:30:51.303, 2, 8643, 100
2026/09/29 11:30:51.303, 3, 8639, 100
2026/09/29 11:30:51.303, 4, 8645, 100
2026/09/29 11:30:51.303, 5, 8581, 100
2026/09/29 11:30:51.303, 6, 8743, 100
2026/09/29 11:30:51.303, 7, 8679, 100
2026/09/29 11:30:52.304, 0, 8721, 100
2026/09/29 11:30:52.304, 1, 8561, 100
2026/09/29 11:30:52.304, 2, 8643, 100
2026/09/29 11:30:52.304, 3, 8639, 100
2026/09/29 11:30:52.304, 4, 8645, 100
2026/09/29 11:30:52.304, 5, 8581, 100
2026/09/29 11:30:52.304, 6, 8743, 100
2026/09/29 11:30:52.304, 7, 8679, 100
2026/09/29 11:30:53.304, 0, 8721, 100
2026/09/29 11:30:53.304, 1, 8561, 100
2026/09/29 11:30:53.304, 2, 8643, 100
2026/09/29 11:30:53.304, 3, 8639, 100
2026/09/29 11:30:53.304, 4, 8645, 100
2026/09/29 11:30:53.304, 5, 8581, 100
2026/09/29 11:30:53.304, 6, 8743, 100
2026/09/29 11:30:53.304, 7, 8679, 100
2026/09/29 11:30:54.305, 0, 8721, 100
2026/09/29 11:30:54.305, 1, 8561, 100
2026/09/29 11:30:54.305, 2, 8643, 100
2026/09/29 11:30:54.305, 3, 8639, 100
2026/09/29 11:30:54.305, 4, 8645, 100
2026/09/29 11:30:54.305, 5, 8581, 100
2026/09/29 11:30:54.305, 6, 8743, 100
2026/09/29 11:30:54.305, 7, 8679, 100
2026/09/29 11:30:55.305, 0, 8721, 100
2026/09/29 11:30:55.305, 1, 8561, 100
2026/09/29 11:30:55.305, 2, 8643, 100
2026/09/29 11:30:55.305, 3, 8639, 100
2026/09/29 11:30:55.305, 4, 8645, 100
2026/09/29 11:30:55.305, 5, 8581, 100
2026/09/29 11:30:55.306, 6, 8743, 100
2026/09/29 11:30:55.306, 7, 8679, 100
2026/09/29 11:30:56.306, 0, 8721, 100
2026/09/29 11:30:56.306, 1, 8561, 100
2026/09/29 11:30:56.306, 2, 8643, 100
2026/09/29 11:30:56.306, 3, 8639, 100
2026/09/29 11:30:56.306, 4, 8645, 100
2026/09/29 11:30:56.306, 5, 8581, 100
2026/09/29 11:30:56.306, 6, 8743, 100
2026/09/29 11:30:56.306, 7, 8679, 100
2026/09/29 11:30:57.306, 0, 8721, 100
2026/09/29 11:30:57.306, 1, 8561, 100
2026/09/29 11:30:57.306, 2, 8643, 100
2026/09/29 11:30:57.306, 3, 8639, 100
2026/09/29 11:30:57.306, 4, 8645, 100
2026/09/29 11:30:57.306, 5, 8581, 100
2026/09/29 11:30:57.306, 6, 8743, 100
2026/09/29 11:30:57.307, 7, 8679, 100
2026/09/29 11:30:58.307, 0, 8721, 100
2026/09/29 11:30:58.307, 1, 8561, 100
2026/09/29 11:30:58.307, 2, 8643, 100
2026/09/29 11:30:58.307, 3, 8639, 100
2026/09/29 11:30:58.307, 4, 8645, 100
2026/09/29 11:30:58.307, 5, 8581, 100
2026/09/29 11:30:58.307, 6, 8743, 100
2026/09/29 11:30:58.307, 7, 8679, 100
2026/09/29 11:30:59.307, 0, 8721, 100
2026/09/29 11:30:59.307, 1, 8561, 100
2026/09/29 11:30:59.307, 2, 8643, 100
2026/09/29 11:30:59.307, 3, 8639, 100
2026/09/29 11:30:59.307, 4, 8645, 100
2026/09/29 11:30:59.307, 5, 8581, 100
2026/09/29 11:30:59.308, 6, 8743, 100
2026/09/29 11:30:59.308, 7, 8679, 100
2026/09/29 11:31:00.308, 0, 8721, 100
2026/09/29 11:31:00.308, 1, 8561, 100
2026/09/29 11:31:00.308, 2, 8643, 100
2026/09/29 11:31:00.308, 3, 8639, 100
2026/09/29 11:31:00.308, 4, 8645, 100
2026/09/29 11:31:00.308, 5, 8581, 100
2026/09/29 11:31:00.308, 6, 8743, 100
2026/09/29 11:31:00.308, 7, 8679, 100
2026/09/29 11:31:01.309, 0, 8721, 100
2026/09/29 11:31:01.309, 1, 8561, 100
2026/09/29 11:31:01.309, 2, 8643, 100
2026/09/29 11:31:01.309, 3, 8639, 100
2026/09/29 11:31:01.309, 4, 8645, 100
2026/09/29 11:31:01.309, 5, 8581, 100
2026/09/29 11:31:01.309, 6, 8743, 100
2026/09/29 11:31:01.309, 7, 8679, 100
2026/09/29 11:31:02.309, 0, 8721, 100
2026/09/29 11:31:02.309, 1, 8561, 100
2026/09/29 11:31:02.309, 2, 8643, 100
2026/09/29 11:31:02.309, 3, 8639, 100
2026/09/29 11:31:02.309, 4, 8645, 100
2026/09/29 11:31:02.310, 5, 8581, 100
2026/09/29 11:31:02.310, 6, 8743, 100
2026/09/29 11:31:02.310, 7, 8679, 100
2026/09/29 11:31:03.310, 0, 8721, 100
2026/09/29 11:31:03.310, 1, 8561, 100
2026/09/29 11:31:03.310, 2, 8643, 100
2026/09/29 11:31:03.311, 3, 8639, 100
2026/09/29 11:31:03.311, 4, 8645, 100
2026/09/29 11:31:03.311, 5, 8581, 100
2026/09/29 11:31:03.311, 6, 8743, 100
2026/09/29 11:31:03.311, 7, 8679, 100
2026/09/29 11:31:04.311, 0, 8721, 100
2026/09/29 11:31:04.311, 1, 8561, 100
2026/09/29 11:31:04.311, 2, 8643, 100
2026/09/29 11:31:04.311, 3, 8639, 100
2026/09/29 11:31:04.311, 4, 8645, 100
2026/09/29 11:31:04.311, 5, 8581, 100
2026/09/29 11:31:04.311, 6, 8743, 100
2026/09/29 11:31:04.311, 7, 8679, 100
2026/09/29 11:31:05.311, 0, 8721, 100
2026/09/29 11:31:05.312, 1, 8561, 100
2026/09/29 11:31:05.312, 2, 8643, 100
2026/09/29 11:31:05.312, 3, 8639, 100
2026/09/29 11:31:05.312, 4, 8645, 100
2026/09/29 11:31:05.312, 5, 8581, 100
2026/09/29 11:31:05.312, 6, 8743, 100
2026/09/29 11:31:05.312, 7, 8679, 100
2026/09/29 11:31:06.312, 0, 8721, 100
2026/09/29 11:31:06.312, 1, 8561, 100
2026/09/29 11:31:06.312, 2, 8643, 100
2026/09/29 11:31:06.313, 3, 8639, 100
2026/09/29 11:31:06.313, 4, 8645, 100
2026/09/29 11:31:06.313, 5, 8581, 100
2026/09/29 11:31:06.313, 6, 8743, 100
2026/09/29 11:31:06.313, 7, 8679, 100
2026/09/29 11:31:07.313, 0, 8721, 100
2026/09/29 11:31:07.313, 1, 8561, 100
2026/09/29 11:31:07.313, 2, 8643, 100
2026/09/29 11:31:07.313, 3, 8639, 100
2026/09/29 11:31:07.313, 4, 8645, 100
2026/09/29 11:31:07.313, 5, 8581, 100
2026/09/29 11:31:07.313, 6, 8743, 100
2026/09/29 11:31:07.313, 7, 8679, 100
2026/09/29 11:31:08.314, 0, 8721, 100
2026/09/29 11:31:08.314, 1, 8561, 100
2026/09/29 11:31:08.314, 2, 8643, 100
2026/09/29 11:31:08.314, 3, 8639, 100
2026/09/29 11:31:08.314, 4, 8645, 100
2026/09/29 11:31:08.314, 5, 8581, 100
2026/09/29 11:31:08.314, 6, 8743, 100
2026/09/29 11:31:08.314, 7, 8679, 100
2026/09/29 11:31:09.314, 0, 8721, 100
2026/09/29 11:31:09.314, 1, 8561, 100
2026/09/29 11:31:09.314, 2, 8643, 100
2026/09/29 11:31:09.314, 3, 8639, 100
2026/09/29 11:31:09.314, 4, 8645, 100
2026/09/29 11:31:09.314, 5, 8581, 100
2026/09/29 11:31:09.314, 6, 8743, 100
2026/09/29 11:31:09.314, 7, 8679, 100
2026/09/29 11:31:10.314, 0, 8721, 100
2026/09/29 11:31:10.315, 1, 8561, 100
2026/09/29 11:31:10.315, 2, 8643, 100
2026/09/29 11:31:10.315, 3, 8639, 100
2026/09/29 11:31:10.315, 4, 8645, 100
2026/09/29 11:31:10.315, 5, 8581, 100
2026/09/29 11:31:10.315, 6, 8743, 100
2026/09/29 11:31:10.315, 7, 8679, 100
2026/09/29 11:31:11.315, 0, 8721, 100
2026/09/29 11:31:11.315, 1, 8561, 100
2026/09/29 11:31:11.315, 2, 8643, 100
2026/09/29 11:31:11.315, 3, 8639, 100
2026/09/29 11:31:11.315, 4, 8645, 100
2026/09/29 11:31:11.316, 5, 8581, 100
2026/09/29 11:31:11.316, 6, 8743, 100
2026/09/29 11:31:11.316, 7, 8679, 100
2026/09/29 11:31:12.316, 0, 8721, 100
2026/09/29 11:31:12.316, 1, 8561, 100
2026/09/29 11:31:12.316, 2, 8643, 100
2026/09/29 11:31:12.316, 3, 8639, 100
2026/09/29 11:31:12.316, 4, 8645, 100
2026/09/29 11:31:12.316, 5, 8581, 100
2026/09/29 11:31:12.316, 6, 8743, 100
2026/09/29 11:31:12.316, 7, 8679, 100
2026/09/29 11:31:13.317, 0, 8721, 100
2026/09/29 11:31:13.317, 1, 8561, 100
2026/09/29 11:31:13.317, 2, 8643, 100
2026/09/29 11:31:13.317, 3, 8639, 100
2026/09/29 11:31:13.317, 4, 8645, 100
2026/09/29 11:31:13.317, 5, 8581, 100
2026/09/29 11:31:13.317, 6, 8743, 100
2026/09/29 11:31:13.317, 7, 8679, 100
2026/09/29 11:31:14.317, 0, 8721, 100
2026/09/29 11:31:14.318, 1, 8561, 100
2026/09/29 11:31:14.318, 2, 8643, 100
2026/09/29 11:31:14.318, 3, 8639, 100
2026/09/29 11:31:14.318, 4, 8645, 100
2026/09/29 11:31:14.318, 5, 8581, 100
2026/09/29 11:31:14.318, 6, 8743, 100
2026/09/29 11:31:14.318, 7, 8679, 100
2026/09/29 11:31:15.318, 0, 8721, 100
2026/09/29 11:31:15.319, 1, 8561, 100
2026/09/29 11:31:15.319, 2, 8643, 100
2026/09/29 11:31:15.319, 3, 8639, 100
2026/09/29 11:31:15.319, 4, 8645, 100
2026/09/29 11:31:15.319, 5, 8581, 100
2026/09/29 11:31:15.319, 6, 8743, 100
2026/09/29 11:31:15.319, 7, 8679, 100
2026/09/29 11:31:16.319, 0, 8721, 100
2026/09/29 11:31:16.319, 1, 8561, 100
2026/09/29 11:31:16.319, 2, 8643, 100
2026/09/29 11:31:16.319, 3, 8639, 100
2026/09/29 11:31:16.320, 4, 8645, 100
2026/09/29 11:31:16.320, 5, 8581, 100
2026/09/29 11:31:16.320, 6, 8743, 100
2026/09/29 11:31:16.320, 7, 8679, 100
2026/09/29 11:31:17.320, 0, 8721, 100
2026/09/29 11:31:17.320, 1, 8561, 100
2026/09/29 11:31:17.320, 2, 8643, 100
2026/09/29 11:31:17.320, 3, 8639, 100
2026/09/29 11:31:17.320, 4, 8645, 100
2026/09/29 11:31:17.320, 5, 8581, 100
2026/09/29 11:31:17.320, 6, 8743, 100
2026/09/29 11:31:17.320, 7, 8679, 100
2026/09/29 11:31:18.321, 0, 8721, 100
2026/09/29 11:31:18.321, 1, 8561, 100
2026/09/29 11:31:18.321, 2, 8643, 100
2026/09/29 11:31:18.321, 3, 8639, 100
2026/09/29 11:31:18.321, 4, 8645, 100
2026/09/29 11:31:18.321, 5, 8581, 100
2026/09/29 11:31:18.321, 6, 8743, 100
2026/09/29 11:31:18.321, 7, 8679, 100
2026/09/29 11:31:19.321, 0, 8721, 100
2026/09/29 11:31:19.322, 1, 8561, 100
2026/09/29 11:31:19.322, 2, 8643, 100
2026/09/29 11:31:19.322, 3, 8639, 100
2026/09/29 11:31:19.322, 4, 8645, 100
2026/09/29 11:31:19.322, 5, 8581, 100
2026/09/29 11:31:19.322, 6, 8743, 100
2026/09/29 11:31:19.322, 7, 8679, 100
2026/09/29 11:31:20.322, 0, 8721, 100
2026/09/29 11:31:20.322, 1, 8561, 100
2026/09/29 11:31:20.322, 2, 8643, 100
2026/09/29 11:31:20.322, 3, 8639, 100
2026/09/29 11:31:20.323, 4, 8645, 100
2026/09/29 11:31:20.323, 5, 8581, 100
2026/09/29 11:31:20.323, 6, 8743, 100
2026/09/29 11:31:20.323, 7, 8679, 100
2026/09/29 11:31:21.323, 0, 8721, 100
2026/09/29 11:31:21.323, 1, 8561, 100
2026/09/29 11:31:21.323, 2, 8643, 100
2026/09/29 11:31:21.323, 3, 8639, 100
2026/09/29 11:31:21.323, 4, 8645, 100
2026/09/29 11:31:21.323, 5, 8581, 100
2026/09/29 11:31:21.324, 6, 8743, 100
2026/09/29 11:31:21.324, 7, 8679, 100
2026/09/29 11:31:22.324, 0, 8721, 100
2026/09/29 11:31:22.324, 1, 8561, 100
2026/09/29 11:31:22.324, 2, 8643, 100
2026/09/29 11:31:22.324, 3, 8639, 100
2026/09/29 11:31:22.324, 4, 8645, 100
2026/09/29 11:31:22.324, 5, 8581, 100
2026/09/29 11:31:22.324, 6, 8743, 100
2026/09/29 11:31:22.324, 7, 8679, 100
2026/09/29 11:31:23.324, 0, 8721, 100
2026/09/29 11:31:23.325, 1, 8561, 100
2026/09/29 11:31:23.325, 2, 8643, 100
2026/09/29 11:31:23.325, 3, 8639, 100
2026/09/29 11:31:23.325, 4, 8645, 100
2026/09/29 11:31:23.325, 5, 8581, 100
2026/09/29 11:31:23.325, 6, 8743, 100
2026/09/29 11:31:23.325, 7, 8679, 100
2026/09/29 11:31:24.325, 0, 8721, 100
2026/09/29 11:31:24.325, 1, 8561, 100
2026/09/29 11:31:24.325, 2, 8643, 100
2026/09/29 11:31:24.325, 3, 8639, 100
2026/09/29 11:31:24.326, 4, 8645, 100
2026/09/29 11:31:24.326, 5, 8581, 100
2026/09/29 11:31:24.326, 6, 8743, 100
2026/09/29 11:31:24.326, 7, 8679, 100
2026/09/29 11:31:25.326, 0, 8721, 100
2026/09/29 11:31:25.326, 1, 8561, 100
2026/09/29 11:31:25.326, 2, 8643, 100
2026/09/29 11:31:25.326, 3, 8639, 100
2026/09/29 11:31:25.326, 4, 8645, 100
2026/09/29 11:31:25.326, 5, 8581, 100
2026/09/29 11:31:25.327, 6, 8743, 100
2026/09/29 11:31:25.327, 7, 8679, 100
2026/09/29 11:31:26.327, 0, 8721, 100
2026/09/29 11:31:26.327, 1, 8561, 100
2026/09/29 11:31:26.327, 2, 8643, 100
2026/09/29 11:31:26.327, 3, 8639, 100
2026/09/29 11:31:26.327, 4, 8645, 100
2026/09/29 11:31:26.327, 5, 8581, 100
2026/09/29 11:31:26.327, 6, 8743, 100
2026/09/29 11:31:26.327, 7, 8679, 100
2026/09/29 11:31:27.328, 0, 8721, 100
2026/09/29 11:31:27.328, 1, 8561, 100
2026/09/29 11:31:27.328, 2, 8643, 100
2026/09/29 11:31:27.328, 3, 8639, 100
2026/09/29 11:31:27.328, 4, 8645, 100
2026/09/29 11:31:27.328, 5, 8581, 100
2026/09/29 11:31:27.328, 6, 8743, 100
2026/09/29 11:31:27.328, 7, 8679, 100
2026/09/29 11:31:28.328, 0, 8721, 100
2026/09/29 11:31:28.328, 1, 8561, 100
2026/09/29 11:31:28.328, 2, 8643, 100
2026/09/29 11:31:28.328, 3, 8639, 100
2026/09/29 11:31:28.328, 4, 8645, 100
2026/09/29 11:31:28.328, 5, 8581, 100
2026/09/29 11:31:28.329, 6, 8743, 100
2026/09/29 11:31:28.329, 7, 8679, 100
2026/09/29 11:31:29.329, 0, 8721, 100
2026/09/29 11:31:29.329, 1, 8561, 100
2026/09/29 11:31:29.329, 2, 8643, 100
2026/09/29 11:31:29.329, 3, 8639, 100
2026/09/29 11:31:29.329, 4, 8645, 100
2026/09/29 11:31:29.329, 5, 8581, 100
2026/09/29 11:31:29.329, 6, 8743, 100
2026/09/29 11:31:29.329, 7, 8679, 100
2026/09/29 11:31:30.329, 0, 8721, 100
2026/09/29 11:31:30.330, 1, 8561, 100
2026/09/29 11:31:30.330, 2, 8643, 100
2026/09/29 11:31:30.330, 3, 8639, 100
2026/09/29 11:31:30.330, 4, 8645, 100
2026/09/29 11:31:30.330, 5, 8581, 100
2026/09/29 11:31:30.330, 6, 8743, 100
2026/09/29 11:31:30.330, 7, 8679, 100
2026/09/29 11:31:31.330, 0, 8721, 100
2026/09/29 11:31:31.330, 1, 8561, 100
2026/09/29 11:31:31.330, 2, 8643, 100
2026/09/29 11:31:31.330, 3, 8639, 100
2026/09/29 11:31:31.330, 4, 8645, 100
2026/09/29 11:31:31.331, 5, 8581, 100
2026/09/29 11:31:31.331, 6, 8743, 100
2026/09/29 11:31:31.331, 7, 8679, 100
2026/09/29 11:31:32.331, 0, 8721, 100
2026/09/29 11:31:32.331, 1, 8561, 100
2026/09/29 11:31:32.331, 2, 8643, 100
2026/09/29 11:31:32.331, 3, 8639, 100
2026/09/29 11:31:32.331, 4, 8645, 100
2026/09/29 11:31:32.331, 5, 8581, 100
2026/09/29 11:31:32.331, 6, 8743, 100
2026/09/29 11:31:32.331, 7, 8679, 100
2026/09/29 11:31:33.331, 0, 8721, 100
2026/09/29 11:31:33.331, 1, 8561, 100
2026/09/29 11:31:33.332, 2, 8643, 100
2026/09/29 11:31:33.332, 3, 8639, 100
2026/09/29 11:31:33.332, 4, 8645, 100
2026/09/29 11:31:33.332, 5, 8581, 100
2026/09/29 11:31:33.332, 6, 8743, 100
2026/09/29 11:31:33.332, 7, 8679, 100
2026/09/29 11:31:34.332, 0, 8721, 100
2026/09/29 11:31:34.332, 1, 8561, 100
2026/09/29 11:31:34.332, 2, 8643, 100
2026/09/29 11:31:34.332, 3, 8639, 100
2026/09/29 11:31:34.332, 4, 8645, 100
2026/09/29 11:31:34.332, 5, 8581, 100
2026/09/29 11:31:34.332, 6, 8743, 100
2026/09/29 11:31:34.332, 7, 8679, 100
2026/09/29 11:31:35.333, 0, 8721, 100
2026/09/29 11:31:35.333, 1, 8561, 100
2026/09/29 11:31:35.333, 2, 8643, 100
2026/09/29 11:31:35.333, 3, 8639, 100
2026/09/29 11:31:35.333, 4, 8645, 100
2026/09/29 11:31:35.333, 5, 8581, 100
2026/09/29 11:31:35.333, 6, 8743, 100
2026/09/29 11:31:35.334, 7, 8679, 100
2026/09/29 11:31:36.334, 0, 8721, 100
2026/09/29 11:31:36.334, 1, 8561, 100
2026/09/29 11:31:36.334, 2, 8643, 100
2026/09/29 11:31:36.334, 3, 8639, 100
2026/09/29 11:31:36.334, 4, 8645, 100
2026/09/29 11:31:36.334, 5, 8581, 100
2026/09/29 11:31:36.334, 6, 8743, 100
2026/09/29 11:31:36.334, 7, 8679, 100
2026/09/29 11:31:37.334, 0, 8721, 100
2026/09/29 11:31:37.335, 1, 8561, 100
2026/09/29 11:31:37.335, 2, 8643, 100
2026/09/29 11:31:37.335, 3, 8639, 100
2026/09/29 11:31:37.335, 4, 8645, 100
2026/09/29 11:31:37.335, 5, 8581, 100
2026/09/29 11:31:37.335, 6, 8743, 100
2026/09/29 11:31:37.335, 7, 8679, 100
2026/09/29 11:31:38.335, 0, 8721, 100
2026/09/29 11:31:38.335, 1, 8561, 100
2026/09/29 11:31:38.336, 2, 8643, 100
2026/09/29 11:31:38.336, 3, 8639, 100
2026/09/29 11:31:38.336, 4, 8645, 100
2026/09/29 11:31:38.336, 5, 8581, 100
2026/09/29 11:31:38.336, 6, 8743, 100
2026/09/29 11:31:38.336, 7, 8679, 100
2026/09/29 11:31:39.336, 0, 8721, 100
2026/09/29 11:31:39.336, 1, 8561, 100
2026/09/29 11:31:39.336, 2, 8643, 100
2026/09/29 11:31:39.336, 3, 8639, 100
2026/09/29 11:31:39.336, 4, 8645, 100
2026/09/29 11:31:39.336, 5, 8581, 100
2026/09/29 11:31:39.336, 6, 8743, 100
2026/09/29 11:31:39.336, 7, 8679, 100
2026/09/29 11:31:40.336, 0, 8721, 100
2026/09/29 11:31:40.337, 1, 8561, 100
2026/09/29 11:31:40.337, 2, 8643, 100
2026/09/29 11:31:40.337, 3, 8639, 100
2026/09/29 11:31:40.337, 4, 8645, 100
2026/09/29 11:31:40.337, 5, 8581, 100
2026/09/29 11:31:40.337, 6, 8743, 100
2026/09/29 11:31:40.337, 7, 8679, 100
2026/09/29 11:31:41.337, 0, 8721, 100
2026/09/29 11:31:41.337, 1, 8561, 100
2026/09/29 11:31:41.338, 2, 8643, 100
2026/09/29 11:31:41.338, 3, 8639, 100
2026/09/29 11:31:41.338, 4, 8645, 100
2026/09/29 11:31:41.338, 5, 8581, 100
2026/09/29 11:31:41.338, 6, 8743, 100
2026/09/29 11:31:41.338, 7, 8679, 100
2026/09/29 11:31:42.338, 0, 8721, 100
2026/09/29 11:31:42.338, 1, 8561, 100
2026/09/29 11:31:42.338, 2, 8643, 100
2026/09/29 11:31:42.338, 3, 8639, 100
2026/09/29 11:31:42.338, 4, 8645, 100
2026/09/29 11:31:42.338, 5, 8581, 100
2026/09/29 11:31:42.338, 6, 8743, 100
2026/09/29 11:31:42.338, 7, 8679, 100
2026/09/29 11:31:43.339, 0, 8721, 100
2026/09/29 11:31:43.339, 1, 8561, 100
2026/09/29 11:31:43.339, 2, 8643, 100
2026/09/29 11:31:43.339, 3, 8639, 100
2026/09/29 11:31:43.339, 4, 8645, 100
2026/09/29 11:31:43.339, 5, 8581, 100
2026/09/29 11:31:43.339, 6, 8743, 100
2026/09/29 11:31:43.339, 7, 8679, 100
2026/09/29 11:31:44.339, 0, 8721, 100
2026/09/29 11:31:44.339, 1, 8561, 100
2026/09/29 11:31:44.339, 2, 8643, 100
2026/09/29 11:31:44.339, 3, 8639, 100
2026/09/29 11:31:44.340, 4, 8645, 100
2026/09/29 11:31:44.340, 5, 8581, 100
2026/09/29 11:31:44.340, 6, 8743, 100
2026/09/29 11:31:44.340, 7, 8679, 100
2026/09/29 11:31:45.340, 0, 8721, 100
2026/09/29 11:31:45.340, 1, 8561, 100
2026/09/29 11:31:45.340, 2, 8643, 100
2026/09/29 11:31:45.340, 3, 8639, 100
2026/09/29 11:31:45.340, 4, 8645, 100
2026/09/29 11:31:45.340, 5, 8581, 100
2026/09/29 11:31:45.340, 6, 8743, 100
2026/09/29 11:31:45.340, 7, 8679, 100
2026/09/29 11:31:46.341, 0, 8721, 100
2026/09/29 11:31:46.341, 1, 8561, 100
2026/09/29 11:31:46.341, 2, 8643, 100
2026/09/29 11:31:46.341, 3, 8639, 100
2026/09/29 11:31:46.341, 4, 8645, 100
2026/09/29 11:31:46.341, 5, 8581, 100
2026/09/29 11:31:46.341, 6, 8743, 100
2026/09/29 11:31:46.341, 7, 8679, 100
2026/09/29 11:31:47.341, 0, 8721, 100
2026/09/29 11:31:47.341, 1, 8561, 100
2026/09/29 11:31:47.341, 2, 8643, 100
2026/09/29 11:31:47.341, 3, 8639, 100
2026/09/29 11:31:47.341, 4, 8645, 100
2026/09/29 11:31:47.342, 5, 8581, 100
2026/09/29 11:31:47.342, 6, 8743, 100
2026/09/29 11:31:47.342, 7, 8679, 100
2026/09/29 11:31:48.342, 0, 8721, 100
2026/09/29 11:31:48.342, 1, 8561, 100
2026/09/29 11:31:48.342, 2, 8643, 100
2026/09/29 11:31:48.342, 3, 8639, 100
2026/09/29 11:31:48.342, 4, 8645, 100
2026/09/29 11:31:48.342, 5, 8581, 100
2026/09/29 11:31:48.342, 6, 8743, 100
2026/09/29 11:31:48.342, 7, 8679, 100
2026/09/29 11:31:49.343, 0, 8721, 100
2026/09/29 11:31:49.343, 1, 8561, 100
2026/09/29 11:31:49.343, 2, 8643, 100
2026/09/29 11:31:49.343, 3, 8639, 100
2026/09/29 11:31:49.343, 4, 8645, 100
2026/09/29 11:31:49.343, 5, 8581, 100
2026/09/29 11:31:49.343, 6, 8743, 100
2026/09/29 11:31:49.343, 7, 8679, 100
2026/09/29 11:31:50.343, 0, 8721, 100
2026/09/29 11:31:50.343, 1, 8561, 100
2026/09/29 11:31:50.343, 2, 8643, 100
2026/09/29 11:31:50.344, 3, 8639, 100
2026/09/29 11:31:50.344, 4, 8645, 100
2026/09/29 11:31:50.344, 5, 8581, 100
2026/09/29 11:31:50.344, 6, 8743, 100
2026/09/29 11:31:50.344, 7, 8679, 100
2026/09/29 11:31:51.344, 0, 8721, 100
2026/09/29 11:31:51.344, 1, 8561, 100
2026/09/29 11:31:51.344, 2, 8643, 100
2026/09/29 11:31:51.344, 3, 8639, 100
2026/09/29 11:31:51.344, 4, 8645, 100
2026/09/29 11:31:51.344, 5, 8581, 100
2026/09/29 11:31:51.344, 6, 8743, 100
2026/09/29 11:31:51.344, 7, 8679, 100
2026/09/29 11:31:52.344, 0, 8721, 100
2026/09/29 11:31:52.345, 1, 8561, 100
2026/09/29 11:31:52.345, 2, 8643, 100
2026/09/29 11:31:52.345, 3, 8639, 100
2026/09/29 11:31:52.345, 4, 8645, 100
2026/09/29 11:31:52.345, 5, 8581, 100
2026/09/29 11:31:52.345, 6, 8743, 100
2026/09/29 11:31:52.345, 7, 8679, 100
2026/09/29 11:31:53.345, 0, 8721, 100
2026/09/29 11:31:53.345, 1, 8561, 100
2026/09/29 11:31:53.345, 2, 8643, 100
2026/09/29 11:31:53.345, 3, 8639, 100
2026/09/29 11:31:53.346, 4, 8645, 100
2026/09/29 11:31:53.346, 5, 8581, 100
2026/09/29 11:31:53.346, 6, 8743, 100
2026/09/29 11:31:53.346, 7, 8679, 100
2026/09/29 11:31:54.346, 0, 8721, 100
2026/09/29 11:31:54.346, 1, 8561, 100
2026/09/29 11:31:54.346, 2, 8643, 100
2026/09/29 11:31:54.346, 3, 8639, 100
2026/09/29 11:31:54.346, 4, 8645, 100
2026/09/29 11:31:54.346, 5, 8581, 100
2026/09/29 11:31:54.346, 6, 8743, 100
2026/09/29 11:31:54.347, 7, 8679, 100
2026/09/29 11:31:55.347, 0, 8721, 100
2026/09/29 11:31:55.347, 1, 8561, 100
2026/09/29 11:31:55.347, 2, 8643, 100
2026/09/29 11:31:55.347, 3, 8639, 100
2026/09/29 11:31:55.347, 4, 8645, 100
2026/09/29 11:31:55.347, 5, 8581, 100
2026/09/29 11:31:55.347, 6, 8743, 100
2026/09/29 11:31:55.347, 7, 8679, 100
2026/09/29 11:31:56.347, 0, 8721, 100
2026/09/29 11:31:56.347, 1, 8561, 100
2026/09/29 11:31:56.347, 2, 8643, 100
2026/09/29 11:31:56.347, 3, 8639, 100
2026/09/29 11:31:56.347, 4, 8645, 100
2026/09/29 11:31:56.347, 5, 8581, 100
2026/09/29 11:31:56.347, 6, 8743, 100
2026/09/29 11:31:56.348, 7, 8679, 100
2026/09/29 11:31:57.348, 0, 8721, 100
2026/09/29 11:31:57.348, 1, 8561, 100
2026/09/29 11:31:57.348, 2, 8643, 100
2026/09/29 11:31:57.348, 3, 8639, 100
2026/09/29 11:31:57.348, 4, 8645, 100
2026/09/29 11:31:57.348, 5, 8581, 100
2026/09/29 11:31:57.348, 6, 8743, 100
2026/09/29 11:31:57.348, 7, 8679, 100
2026/09/29 11:31:58.348, 0, 8721, 100
2026/09/29 11:31:58.348, 1, 8561, 100
2026/09/29 11:31:58.348, 2, 8643, 100
2026/09/29 11:31:58.348, 3, 8639, 100
2026/09/29 11:31:58.348, 4, 8645, 100
2026/09/29 11:31:58.349, 5, 8581, 100
2026/09/29 11:31:58.349, 6, 8743, 100
2026/09/29 11:31:58.349, 7, 8679, 100
2026/09/29 11:31:59.349, 0, 8721, 100
2026/09/29 11:31:59.349, 1, 8561, 100
2026/09/29 11:31:59.349, 2, 8643, 100
2026/09/29 11:31:59.349, 3, 8639, 100
2026/09/29 11:31:59.349, 4, 8645, 100
2026/09/29 11:31:59.349, 5, 8581, 100
2026/09/29 11:31:59.349, 6, 8743, 100
2026/09/29 11:31:59.349, 7, 8679, 100
2026/09/29 11:32:00.349, 0, 8721, 100
2026/09/29 11:32:00.350, 1, 8561, 100
2026/09/29 11:32:00.350, 2, 8643, 100
2026/09/29 11:32:00.350, 3, 8639, 100
2026/09/29 11:32:00.350, 4, 8645, 100
2026/09/29 11:32:00.350, 5, 8581, 100
2026/09/29 11:32:00.350, 6, 8743, 100
2026/09/29 11:32:00.350, 7, 8679, 100
2026/09/29 11:32:01.350, 0, 8721, 100
2026/09/29 11:32:01.350, 1, 8561, 100
2026/09/29 11:32:01.350, 2, 8643, 100
2026/09/29 11:32:01.350, 3, 8639, 100
2026/09/29 11:32:01.350, 4, 8645, 100
2026/09/29 11:32:01.350, 5, 8581, 100
2026/09/29 11:32:01.350, 6, 8743, 100
2026/09/29 11:32:01.351, 7, 8679, 100
2026/09/29 11:32:02.351, 0, 8721, 100
2026/09/29 11:32:02.351, 1, 8561, 100
2026/09/29 11:32:02.351, 2, 8643, 100
2026/09/29 11:32:02.351, 3, 8639, 100
2026/09/29 11:32:02.351, 4, 8645, 100
2026/09/29 11:32:02.351, 5, 8581, 100
2026/09/29 11:32:02.351, 6, 8743, 100
2026/09/29 11:32:02.351, 7, 8679, 100
2026/09/29 11:32:03.351, 0, 8721, 100
2026/09/29 11:32:03.351, 1, 8561, 100
2026/09/29 11:32:03.351, 2, 8643, 100
2026/09/29 11:32:03.351, 3, 8639, 100
2026/09/29 11:32:03.351, 4, 8645, 100
2026/09/29 11:32:03.351, 5, 8581, 100
2026/09/29 11:32:03.351, 6, 8743, 100
2026/09/29 11:32:03.351, 7, 8679, 100
2026/09/29 11:32:04.352, 0, 8721, 100
2026/09/29 11:32:04.352, 1, 8561, 100
2026/09/29 11:32:04.352, 2, 8643, 100
2026/09/29 11:32:04.352, 3, 8639, 100
2026/09/29 11:32:04.352, 4, 8645, 100
2026/09/29 11:32:04.352, 5, 8581, 100
2026/09/29 11:32:04.352, 6, 8743, 100
2026/09/29 11:32:04.352, 7, 8679, 100
2026/09/29 11:32:05.352, 0, 8721, 100
2026/09/29 11:32:05.352, 1, 8561, 100
2026/09/29 11:32:05.352, 2, 8643, 100
2026/09/29 11:32:05.353, 3, 8639, 100
2026/09/29 11:32:05.353, 4, 8645, 100
2026/09/29 11:32:05.353, 5, 8581, 100
2026/09/29 11:32:05.353, 6, 8743, 100
2026/09/29 11:32:05.353, 7, 8679, 100
2026/09/29 11:32:06.353, 0, 8721, 100
2026/09/29 11:32:06.353, 1, 8561, 100
2026/09/29 11:32:06.353, 2, 8643, 100
2026/09/29 11:32:06.353, 3, 8639, 100
2026/09/29 11:32:06.353, 4, 8645, 100
2026/09/29 11:32:06.353, 5, 8581, 100
2026/09/29 11:32:06.353, 6, 8743, 100
2026/09/29 11:32:06.353, 7, 8679, 100
2026/09/29 11:32:07.354, 0, 8721, 100
2026/09/29 11:32:07.354, 1, 8561, 100
2026/09/29 11:32:07.354, 2, 8643, 100
2026/09/29 11:32:07.354, 3, 8639, 100
2026/09/29 11:32:07.354, 4, 8645, 100
2026/09/29 11:32:07.354, 5, 8581, 100
2026/09/29 11:32:07.354, 6, 8743, 100
2026/09/29 11:32:07.354, 7, 8679, 100
2026/09/29 11:32:08.354, 0, 8721, 100
2026/09/29 11:32:08.354, 1, 8561, 100
2026/09/29 11:32:08.354, 2, 8643, 100
2026/09/29 11:32:08.354, 3, 8639, 100
2026/09/29 11:32:08.354, 4, 8645, 100
2026/09/29 11:32:08.354, 5, 8581, 100
2026/09/29 11:32:08.355, 6, 8743, 100
2026/09/29 11:32:08.355, 7, 8679, 100
2026/09/29 11:32:09.355, 0, 8721, 100
2026/09/29 11:32:09.355, 1, 8561, 100
2026/09/29 11:32:09.355, 2, 8643, 100
2026/09/29 11:32:09.355, 3, 8639, 100
2026/09/29 11:32:09.355, 4, 8645, 100
2026/09/29 11:32:09.355, 5, 8581, 100
2026/09/29 11:32:09.355, 6, 8743, 100
2026/09/29 11:32:09.355, 7, 8679, 100
2026/09/29 11:32:10.355, 0, 8721, 100
2026/09/29 11:32:10.355, 1, 8561, 100
2026/09/29 11:32:10.355, 2, 8643, 100
2026/09/29 11:32:10.355, 3, 8639, 100
2026/09/29 11:32:10.355, 4, 8645, 100
2026/09/29 11:32:10.355, 5, 8581, 100
2026/09/29 11:32:10.356, 6, 8743, 100
2026/09/29 11:32:10.356, 7, 8679, 100
2026/09/29 11:32:11.356, 0, 8721, 100
2026/09/29 11:32:11.356, 1, 8561, 100
2026/09/29 11:32:11.356, 2, 8643, 100
2026/09/29 11:32:11.356, 3, 8639, 100
2026/09/29 11:32:11.356, 4, 8645, 100
2026/09/29 11:32:11.356, 5, 8581, 100
2026/09/29 11:32:11.356, 6, 8743, 100
2026/09/29 11:32:11.356, 7, 8679, 100
2026/09/29 11:32:12.356, 0, 8721, 100
2026/09/29 11:32:12.356, 1, 8561, 100
2026/09/29 11:32:12.356, 2, 8643, 100
2026/09/29 11:32:12.356, 3, 8639, 100
2026/09/29 11:32:12.356, 4, 8645, 100
2026/09/29 11:32:12.356, 5, 8581, 100
2026/09/29 11:32:12.357, 6, 8743, 100
2026/09/29 11:32:12.357, 7, 8679, 100
2026/09/29 11:32:13.357, 0, 8721, 100
2026/09/29 11:32:13.357, 1, 8561, 100
2026/09/29 11:32:13.357, 2, 8643, 100
2026/09/29 11:32:13.357, 3, 8639, 100
2026/09/29 11:32:13.357, 4, 8645, 100
2026/09/29 11:32:13.357, 5, 8581, 100
2026/09/29 11:32:13.357, 6, 8743, 100
2026/09/29 11:32:13.357, 7, 8679, 100
2026/09/29 11:32:14.357, 0, 8721, 100
2026/09/29 11:32:14.357, 1, 8561, 100
2026/09/29 11:32:14.357, 2, 8643, 100
2026/09/29 11:32:14.357, 3, 8639, 100
2026/09/29 11:32:14.357, 4, 8645, 100
2026/09/29 11:32:14.358, 5, 8581, 100
2026/09/29 11:32:14.358, 6, 8743, 100
2026/09/29 11:32:14.358, 7, 8679, 100
2026/09/29 11:32:15.358, 0, 8721, 100
2026/09/29 11:32:15.358, 1, 8561, 100
2026/09/29 11:32:15.358, 2, 8643, 100
2026/09/29 11:32:15.358, 3, 8639, 100
2026/09/29 11:32:15.358, 4, 8645, 100
2026/09/29 11:32:15.358, 5, 8581, 100
2026/09/29 11:32:15.358, 6, 8743, 100
2026/09/29 11:32:15.358, 7, 8679, 100
2026/09/29 11:32:16.359, 0, 8721, 100
2026/09/29 11:32:16.359, 1, 8561, 100
2026/09/29 11:32:16.359, 2, 8643, 100
2026/09/29 11:32:16.359, 3, 8639, 100
2026/09/29 11:32:16.359, 4, 8645, 100
2026/09/29 11:32:16.359, 5, 8581, 100
2026/09/29 11:32:16.359, 6, 8743, 100
2026/09/29 11:32:16.359, 7, 8679, 100
2026/09/29 11:32:17.359, 0, 8721, 100
2026/09/29 11:32:17.359, 1, 8561, 100
2026/09/29 11:32:17.359, 2, 8643, 100
2026/09/29 11:32:17.359, 3, 8639, 100
2026/09/29 11:32:17.359, 4, 8645, 100
2026/09/29 11:32:17.359, 5, 8581, 100
2026/09/29 11:32:17.359, 6, 8743, 100
2026/09/29 11:32:17.359, 7, 8679, 100
2026/09/29 11:32:18.359, 0, 8721, 100
2026/09/29 11:32:18.359, 1, 8561, 100
2026/09/29 11:32:18.359, 2, 8643, 100
2026/09/29 11:32:18.359, 3, 8639, 100
2026/09/29 11:32:18.359, 4, 8645, 100
2026/09/29 11:32:18.360, 5, 8581, 100
2026/09/29 11:32:18.360, 6, 8743, 100
2026/09/29 11:32:18.360, 7, 8679, 100
2026/09/29 11:32:19.360, 0, 8721, 100
2026/09/29 11:32:19.360, 1, 8561, 100
2026/09/29 11:32:19.360, 2, 8643, 100
2026/09/29 11:32:19.360, 3, 8639, 100
2026/09/29 11:32:19.360, 4, 8645, 100
2026/09/29 11:32:19.360, 5, 8581, 100
2026/09/29 11:32:19.360, 6, 8743, 100
2026/09/29 11:32:19.360, 7, 8679, 100
2026/09/29 11:32:20.360, 0, 8721, 100
2026/09/29 11:32:20.360, 1, 8561, 100
2026/09/29 11:32:20.360, 2, 8643, 100
2026/09/29 11:32:20.360, 3, 8639, 100
2026/09/29 11:32:20.360, 4, 8645, 100
2026/09/29 11:32:20.360, 5, 8581, 100
2026/09/29 11:32:20.360, 6, 8743, 100
2026/09/29 11:32:20.361, 7, 8679, 100
2026/09/29 11:32:21.361, 0, 8721, 100
2026/09/29 11:32:21.364, 1, 8561, 100
2026/09/29 11:32:21.364, 2, 8643, 100
2026/09/29 11:32:21.364, 3, 8639, 100
2026/09/29 11:32:21.364, 4, 8645, 100
2026/09/29 11:32:21.364, 5, 8581, 100
2026/09/29 11:32:21.365, 6, 8743, 100
2026/09/29 11:32:21.365, 7, 8679, 100
2026/09/29 11:32:22.366, 0, 8721, 100
2026/09/29 11:32:22.366, 1, 8561, 100
2026/09/29 11:32:22.366, 2, 8643, 100
2026/09/29 11:32:22.366, 3, 8639, 100
2026/09/29 11:32:22.366, 4, 8645, 100
2026/09/29 11:32:22.366, 5, 8581, 100
2026/09/29 11:32:22.367, 6, 8743, 100
2026/09/29 11:32:22.367, 7, 8679, 100
2026/09/29 11:32:23.367, 0, 8721, 100
2026/09/29 11:32:23.367, 1, 8561, 100
2026/09/29 11:32:23.367, 2, 8643, 100
2026/09/29 11:32:23.367, 3, 8639, 100
2026/09/29 11:32:23.367, 4, 8645, 100
2026/09/29 11:32:23.367, 5, 8581, 100
2026/09/29 11:32:23.367, 6, 8743, 100
2026/09/29 11:32:23.367, 7, 8679, 100
2026/09/29 11:32:24.367, 0, 8721, 100
2026/09/29 11:32:24.367, 1, 8561, 100
2026/09/29 11:32:24.367, 2, 8643, 100
2026/09/29 11:32:24.367, 3, 8639, 100
2026/09/29 11:32:24.367, 4, 8645, 100
2026/09/29 11:32:24.367, 5, 8581, 100
2026/09/29 11:32:24.367, 6, 8743, 100
2026/09/29 11:32:24.367, 7, 8679, 100
2026/09/29 11:32:25.367, 0, 8721, 100
2026/09/29 11:32:25.368, 1, 8561, 100
2026/09/29 11:32:25.368, 2, 8643, 100
2026/09/29 11:32:25.368, 3, 8639, 100
2026/09/29 11:32:25.368, 4, 8645, 100
2026/09/29 11:32:25.368, 5, 8581, 100
2026/09/29 11:32:25.368, 6, 8743, 100
2026/09/29 11:32:25.368, 7, 8679, 100
2026/09/29 11:32:26.368, 0, 8721, 100
2026/09/29 11:32:26.369, 1, 8561, 100
2026/09/29 11:32:26.369, 2, 8643, 100
2026/09/29 11:32:26.369, 3, 8639, 100
2026/09/29 11:32:26.369, 4, 8645, 100
2026/09/29 11:32:26.369, 5, 8581, 100
2026/09/29 11:32:26.369, 6, 8743, 100
2026/09/29 11:32:26.369, 7, 8679, 100
2026/09/29 11:32:27.369, 0, 8721, 100
2026/09/29 11:32:27.369, 1, 8561, 100
2026/09/29 11:32:27.369, 2, 8643, 100
2026/09/29 11:32:27.369, 3, 8639, 100
2026/09/29 11:32:27.369, 4, 8645, 100
2026/09/29 11:32:27.369, 5, 8581, 100
2026/09/29 11:32:27.369, 6, 8743, 100
2026/09/29 11:32:27.370, 7, 8679, 100
2026/09/29 11:32:28.370, 0, 8721, 100
2026/09/29 11:32:28.370, 1, 8561, 100
2026/09/29 11:32:28.370, 2, 8643, 100
2026/09/29 11:32:28.370, 3, 8639, 100
2026/09/29 11:32:28.370, 4, 8645, 100
2026/09/29 11:32:28.370, 5, 8581, 100
2026/09/29 11:32:28.370, 6, 8743, 100
2026/09/29 11:32:28.370, 7, 8679, 100
2026/09/29 11:32:29.370, 0, 8721, 100
2026/09/29 11:32:29.370, 1, 8561, 100
2026/09/29 11:32:29.370, 2, 8643, 100
2026/09/29 11:32:29.370, 3, 8639, 100
2026/09/29 11:32:29.370, 4, 8645, 100
2026/09/29 11:32:29.370, 5, 8581, 100
2026/09/29 11:32:29.370, 6, 8743, 100
2026/09/29 11:32:29.370, 7, 8679, 100
2026/09/29 11:32:30.371, 0, 8721, 100
2026/09/29 11:32:30.371, 1, 8561, 100
2026/09/29 11:32:30.371, 2, 8643, 100
2026/09/29 11:32:30.371, 3, 8639, 100
2026/09/29 11:32:30.371, 4, 8645, 100
2026/09/29 11:32:30.371, 5, 8581, 100
2026/09/29 11:32:30.371, 6, 8743, 100
2026/09/29 11:32:30.371, 7, 8679, 100
2026/09/29 11:32:31.371, 0, 8721, 100
2026/09/29 11:32:31.371, 1, 8561, 100
2026/09/29 11:32:31.372, 2, 8643, 100
2026/09/29 11:32:31.372, 3, 8639, 100
2026/09/29 11:32:31.372, 4, 8645, 100
2026/09/29 11:32:31.372, 5, 8581, 100
2026/09/29 11:32:31.372, 6, 8743, 100
2026/09/29 11:32:31.372, 7, 8679, 100
2026/09/29 11:32:32.372, 0, 8721, 100
2026/09/29 11:32:32.372, 1, 8561, 100
2026/09/29 11:32:32.372, 2, 8643, 100
2026/09/29 11:32:32.372, 3, 8639, 100
2026/09/29 11:32:32.372, 4, 8645, 100
2026/09/29 11:32:32.372, 5, 8581, 100
2026/09/29 11:32:32.372, 6, 8743, 100
2026/09/29 11:32:32.372, 7, 8679, 100
2026/09/29 11:32:33.373, 0, 8721, 100
2026/09/29 11:32:33.373, 1, 8561, 100
2026/09/29 11:32:33.373, 2, 8643, 100
2026/09/29 11:32:33.373, 3, 8639, 100
2026/09/29 11:32:33.373, 4, 8645, 100
2026/09/29 11:32:33.373, 5, 8581, 100
2026/09/29 11:32:33.373, 6, 8743, 100
2026/09/29 11:32:33.373, 7, 8679, 100
2026/09/29 11:32:34.373, 0, 8721, 100
2026/09/29 11:32:34.374, 1, 8561, 100
2026/09/29 11:32:34.374, 2, 8643, 100
2026/09/29 11:32:34.374, 3, 8639, 100
2026/09/29 11:32:34.374, 4, 8645, 100
2026/09/29 11:32:34.374, 5, 8581, 100
2026/09/29 11:32:34.374, 6, 8743, 100
2026/09/29 11:32:34.374, 7, 8679, 100
2026/09/29 11:32:35.374, 0, 8721, 100
2026/09/29 11:32:35.374, 1, 8561, 100
2026/09/29 11:32:35.374, 2, 8643, 100
2026/09/29 11:32:35.374, 3, 8639, 100
2026/09/29 11:32:35.374, 4, 8645, 100
2026/09/29 11:32:35.374, 5, 8581, 100
2026/09/29 11:32:35.374, 6, 8743, 100
2026/09/29 11:32:35.374, 7, 8679, 100
2026/09/29 11:32:36.374, 0, 8721, 100
2026/09/29 11:32:36.377, 1, 8561, 100
2026/09/29 11:32:36.377, 2, 8643, 100
2026/09/29 11:32:36.377, 3, 8639, 100
2026/09/29 11:32:36.377, 4, 8645, 100
2026/09/29 11:32:36.378, 5, 8581, 100
2026/09/29 11:32:36.378, 6, 8743, 100
2026/09/29 11:32:36.378, 7, 8679, 100
2026/09/29 11:32:37.381, 0, 8721, 100
2026/09/29 11:32:37.382, 1, 8561, 100
2026/09/29 11:32:37.382, 2, 8643, 100
2026/09/29 11:32:37.382, 3, 8639, 100
2026/09/29 11:32:37.382, 4, 8645, 100
2026/09/29 11:32:37.382, 5, 8581, 100
2026/09/29 11:32:37.382, 6, 8743, 100
2026/09/29 11:32:37.382, 7, 8679, 100
2026/09/29 11:32:38.382, 0, 8721, 100
2026/09/29 11:32:38.382, 1, 8561, 100
2026/09/29 11:32:38.382, 2, 8643, 100
2026/09/29 11:32:38.382, 3, 8639, 100
2026/09/29 11:32:38.382, 4, 8645, 100
2026/09/29 11:32:38.382, 5, 8581, 100
2026/09/29 11:32:38.382, 6, 8743, 100
2026/09/29 11:32:38.382, 7, 8679, 100
2026/09/29 11:32:39.382, 0, 8721, 100
2026/09/29 11:32:39.383, 1, 8561, 100
2026/09/29 11:32:39.383, 2, 8643, 100
2026/09/29 11:32:39.383, 3, 8639, 100
2026/09/29 11:32:39.383, 4, 8645, 100
2026/09/29 11:32:39.383, 5, 8581, 100
2026/09/29 11:32:39.383, 6, 8743, 100
2026/09/29 11:32:39.383, 7, 8679, 100
2026/09/29 11:32:40.383, 0, 8721, 100
2026/09/29 11:32:40.383, 1, 8561, 100
2026/09/29 11:32:40.383, 2, 8643, 100
2026/09/29 11:32:40.383, 3, 8639, 100
2026/09/29 11:32:40.383, 4, 8645, 100
2026/09/29 11:32:40.383, 5, 8581, 100
2026/09/29 11:32:40.383, 6, 8743, 100
2026/09/29 11:32:40.383, 7, 8679, 100
2026/09/29 11:32:41.383, 0, 8721, 100
2026/09/29 11:32:41.383, 1, 8561, 100
2026/09/29 11:32:41.384, 2, 8643, 100
2026/09/29 11:32:41.384, 3, 8639, 100
2026/09/29 11:32:41.384, 4, 8645, 100
2026/09/29 11:32:41.384, 5, 8581, 100
2026/09/29 11:32:41.384, 6, 8743, 100
2026/09/29 11:32:41.384, 7, 8679, 100
2026/09/29 11:32:42.384, 0, 8721, 100
2026/09/29 11:32:42.384, 1, 8561, 100
2026/09/29 11:32:42.384, 2, 8643, 100
2026/09/29 11:32:42.384, 3, 8639, 100
2026/09/29 11:32:42.384, 4, 8645, 100
2026/09/29 11:32:42.384, 5, 8581, 100
2026/09/29 11:32:42.384, 6, 8743, 100
2026/09/29 11:32:42.384, 7, 8679, 100
2026/09/29 11:32:43.385, 0, 8721, 100
2026/09/29 11:32:43.385, 1, 8561, 100
2026/09/29 11:32:43.385, 2, 8643, 100
2026/09/29 11:32:43.385, 3, 8639, 100
2026/09/29 11:32:43.385, 4, 8645, 100
2026/09/29 11:32:43.385, 5, 8581, 100
2026/09/29 11:32:43.385, 6, 8743, 100
2026/09/29 11:32:43.385, 7, 8679, 100
2026/09/29 11:32:44.385, 0, 8721, 100
2026/09/29 11:32:44.385, 1, 8561, 100
2026/09/29 11:32:44.385, 2, 8643, 100
2026/09/29 11:32:44.385, 3, 8639, 100
2026/09/29 11:32:44.386, 4, 8645, 100
2026/09/29 11:32:44.386, 5, 8581, 100
2026/09/29 11:32:44.386, 6, 8743, 100
2026/09/29 11:32:44.386, 7, 8679, 100
2026/09/29 11:32:45.386, 0, 8721, 100
2026/09/29 11:32:45.386, 1, 8561, 100
2026/09/29 11:32:45.386, 2, 8643, 100
2026/09/29 11:32:45.386, 3, 8639, 100
2026/09/29 11:32:45.386, 4, 8645, 100
2026/09/29 11:32:45.386, 5, 8581, 100
2026/09/29 11:32:45.386, 6, 8743, 100
2026/09/29 11:32:45.386, 7, 8679, 100
2026/09/29 11:32:46.386, 0, 8721, 100
2026/09/29 11:32:46.386, 1, 8561, 100
2026/09/29 11:32:46.386, 2, 8643, 100
2026/09/29 11:32:46.386, 3, 8639, 100
2026/09/29 11:32:46.386, 4, 8645, 100
2026/09/29 11:32:46.386, 5, 8581, 100
2026/09/29 11:32:46.386, 6, 8743, 100
2026/09/29 11:32:46.387, 7, 8679, 100
2026/09/29 11:32:47.387, 0, 8721, 100
2026/09/29 11:32:47.387, 1, 8561, 100
2026/09/29 11:32:47.387, 2, 8643, 100
2026/09/29 11:32:47.387, 3, 8639, 100
2026/09/29 11:32:47.387, 4, 8645, 100
2026/09/29 11:32:47.387, 5, 8581, 100
2026/09/29 11:32:47.387, 6, 8743, 100
2026/09/29 11:32:47.387, 7, 8679, 100
2026/09/29 11:32:48.387, 0, 8721, 100
2026/09/29 11:32:48.387, 1, 8561, 100
2026/09/29 11:32:48.387, 2, 8643, 100
2026/09/29 11:32:48.387, 3, 8639, 100
2026/09/29 11:32:48.387, 4, 8645, 100
2026/09/29 11:32:48.387, 5, 8581, 100
2026/09/29 11:32:48.387, 6, 8743, 100
2026/09/29 11:32:48.387, 7, 8679, 100
2026/09/29 11:32:49.387, 0, 8721, 100
2026/09/29 11:32:49.388, 1, 8561, 100
2026/09/29 11:32:49.388, 2, 8643, 100
2026/09/29 11:32:49.388, 3, 8639, 100
2026/09/29 11:32:49.388, 4, 8645, 100
2026/09/29 11:32:49.388, 5, 8581, 100
2026/09/29 11:32:49.388, 6, 8743, 100
2026/09/29 11:32:49.388, 7, 8679, 100
2026/09/29 11:32:50.388, 0, 8721, 100
2026/09/29 11:32:50.388, 1, 8561, 100
2026/09/29 11:32:50.388, 2, 8643, 100
2026/09/29 11:32:50.388, 3, 8639, 100
2026/09/29 11:32:50.388, 4, 8645, 100
2026/09/29 11:32:50.388, 5, 8581, 100
2026/09/29 11:32:50.389, 6, 8743, 100
2026/09/29 11:32:50.389, 7, 8679, 100
2026/09/29 11:32:51.389, 0, 8721, 100
2026/09/29 11:32:51.390, 1, 8561, 100
2026/09/29 11:32:51.390, 2, 8643, 100
2026/09/29 11:32:51.390, 3, 8639, 100
2026/09/29 11:32:51.390, 4, 8645, 100
2026/09/29 11:32:51.391, 5, 8581, 100
2026/09/29 11:32:51.391, 6, 8743, 100
2026/09/29 11:32:51.391, 7, 8679, 100
2026/09/29 11:32:52.391, 0, 8721, 100
2026/09/29 11:32:52.391, 1, 8561, 100
2026/09/29 11:32:52.391, 2, 8643, 100
2026/09/29 11:32:52.391, 3, 8639, 100
2026/09/29 11:32:52.391, 4, 8645, 100
2026/09/29 11:32:52.391, 5, 8581, 100
2026/09/29 11:32:52.391, 6, 8743, 100
2026/09/29 11:32:52.391, 7, 8679, 100
2026/09/29 11:32:53.391, 0, 8721, 100
2026/09/29 11:32:53.391, 1, 8561, 100
2026/09/29 11:32:53.391, 2, 8643, 100
2026/09/29 11:32:53.391, 3, 8639, 100
2026/09/29 11:32:53.391, 4, 8645, 100
2026/09/29 11:32:53.391, 5, 8581, 100
2026/09/29 11:32:53.391, 6, 8743, 100
2026/09/29 11:32:53.391, 7, 8679, 100
2026/09/29 11:32:54.392, 0, 8721, 100
2026/09/29 11:32:54.392, 1, 8561, 100
2026/09/29 11:32:54.392, 2, 8643, 100
2026/09/29 11:32:54.392, 3, 8639, 100
2026/09/29 11:32:54.392, 4, 8645, 100
2026/09/29 11:32:54.392, 5, 8581, 100
2026/09/29 11:32:54.392, 6, 8743, 100
2026/09/29 11:32:54.392, 7, 8679, 100
2026/09/29 11:32:55.392, 0, 8721, 100
2026/09/29 11:32:55.392, 1, 8561, 100
2026/09/29 11:32:55.392, 2, 8643, 100
2026/09/29 11:32:55.392, 3, 8639, 100
2026/09/29 11:32:55.392, 4, 8645, 100
2026/09/29 11:32:55.392, 5, 8581, 100
2026/09/29 11:32:55.392, 6, 8743, 100
2026/09/29 11:32:55.392, 7, 8679, 100
2026/09/29 11:32:56.392, 0, 5201, 100
2026/09/29 11:32:56.393, 1, 5121, 100
2026/09/29 11:32:56.394, 2, 5003, 100
2026/09/29 11:32:56.394, 3, 5059, 98
2026/09/29 11:32:56.395, 4, 5225, 100
2026/09/29 11:32:56.396, 5, 5021, 100
2026/09/29 11:32:56.397, 6, 5243, 44
2026/09/29 11:32:56.397, 7, 4899, 100
2026/09/29 11:32:57.398, 0, 4329, 99
2026/09/29 11:32:57.398, 1, 4273, 99
2026/09/29 11:32:57.398, 2, 4271, 97
2026/09/29 11:32:57.398, 3, 4331, 98
2026/09/29 11:32:57.398, 4, 4309, 56
2026/09/29 11:32:57.398, 5, 4351, 99
2026/09/29 11:32:57.398, 6, 4335, 97
2026/09/29 11:32:57.398, 7, 4329, 92
2026/09/29 11:32:58.398, 0, 3681, 20
2026/09/29 11:32:58.398, 1, 3675, 17
2026/09/29 11:32:58.398, 2, 3647, 26
2026/09/29 11:32:58.398, 3, 3713, 0
2026/09/29 11:32:58.399, 4, 3691, 99
2026/09/29 11:32:58.399, 5, 3673, 54
2026/09/29 11:32:58.399, 6, 3729, 0
2026/09/29 11:32:58.399, 7, 3771, 98
2026/09/29 11:32:59.399, 0, 5403, 100
2026/09/29 11:32:59.399, 1, 5397, 100
2026/09/29 11:32:59.399, 2, 5349, 100
2026/09/29 11:32:59.399, 3, 5455, 100
2026/09/29 11:32:59.399, 4, 5413, 0
2026/09/29 11:32:59.399, 5, 5395, 100
2026/09/29 11:32:59.399, 6, 5451, 100
2026/09/29 11:32:59.399, 7, 5513, 11
2026/09/29 11:33:00.399, 0, 7585, 98
2026/09/29 11:33:00.399, 1, 7501, 100
2026/09/29 11:33:00.399, 2, 7563, 94
2026/09/29 11:33:00.400, 3, 7583, 99
2026/09/29 11:33:00.400, 4, 7543, 100
2026/09/29 11:33:00.400, 5, 7501, 100
2026/09/29 11:33:00.400, 6, 7521, 93
2026/09/29 11:33:00.400, 7, 7561, 100
2026/09/29 11:33:01.400, 0, 7785, 99
2026/09/29 11:33:01.400, 1, 7821, 99
2026/09/29 11:33:01.400, 2, 7823, 99
2026/09/29 11:33:01.400, 3, 7863, 99
2026/09/29 11:33:01.400, 4, 7843, 96
2026/09/29 11:33:01.400, 5, 7781, 99
2026/09/29 11:33:01.400, 6, 7861, 99
2026/09/29 11:33:01.400, 7, 7921, 99
2026/09/29 11:33:02.400, 0, 8705, 99
2026/09/29 11:33:02.400, 1, 8601, 99
2026/09/29 11:33:02.401, 2, 8703, 99
2026/09/29 11:33:02.401, 3, 8643, 99
2026/09/29 11:33:02.401, 4, 8623, 98
2026/09/29 11:33:02.401, 5, 8561, 99
2026/09/29 11:33:02.401, 6, 8641, 99
2026/09/29 11:33:02.401, 7, 8701, 98
2026/09/29 11:33:03.401, 0, 8705, 100
2026/09/29 11:33:03.401, 1, 8601, 100
2026/09/29 11:33:03.401, 2, 8703, 100
2026/09/29 11:33:03.401, 3, 8643, 100
2026/09/29 11:33:03.401, 4, 8623, 100
2026/09/29 11:33:03.401, 5, 8561, 100
2026/09/29 11:33:03.401, 6, 8641, 100
2026/09/29 11:33:03.401, 7, 8701, 100
2026/09/29 11:33:04.401, 0, 8705, 100
2026/09/29 11:33:04.402, 1, 8601, 100
2026/09/29 11:33:04.402, 2, 8703, 100
2026/09/29 11:33:04.402, 3, 8643, 100
2026/09/29 11:33:04.423, 4, 8623, 100
2026/09/29 11:33:04.423, 5, 8561, 100
2026/09/29 11:33:04.423, 6, 8641, 100
2026/09/29 11:33:04.423, 7, 8701, 100
2026/09/29 11:33:05.423, 0, 8705, 100
2026/09/29 11:33:05.423, 1, 8601, 100
2026/09/29 11:33:05.423, 2, 8703, 100
2026/09/29 11:33:05.423, 3, 8643, 100
2026/09/29 11:33:05.423, 4, 8623, 100
2026/09/29 11:33:05.423, 5, 8561, 100
2026/09/29 11:33:05.423, 6, 8641, 100
2026/09/29 11:33:05.423, 7, 8701, 100
2026/09/29 11:33:06.424, 0, 8705, 100
2026/09/29 11:33:06.424, 1, 8601, 100
2026/09/29 11:33:06.424, 2, 8703, 100
2026/09/29 11:33:06.424, 3, 8643, 100
2026/09/29 11:33:06.424, 4, 8623, 100
2026/09/29 11:33:06.424, 5, 8561, 100
2026/09/29 11:33:06.424, 6, 8641, 100
2026/09/29 11:33:06.425, 7, 8701, 100
2026/09/29 11:33:07.425, 0, 8705, 100
2026/09/29 11:33:07.425, 1, 8601, 100
2026/09/29 11:33:07.425, 2, 8703, 100
2026/09/29 11:33:07.425, 3, 8643, 100
2026/09/29 11:33:07.425, 4, 8623, 100
2026/09/29 11:33:07.425, 5, 8561, 100
2026/09/29 11:33:07.425, 6, 8641, 100
2026/09/29 11:33:07.425, 7, 8701, 100
2026/09/29 11:33:08.425, 0, 8705, 100
2026/09/29 11:33:08.425, 1, 8601, 100
2026/09/29 11:33:08.426, 2, 8703, 100
2026/09/29 11:33:08.426, 3, 8643, 100
2026/09/29 11:33:08.426, 4, 8623, 100
2026/09/29 11:33:08.426, 5, 8561, 100
2026/09/29 11:33:08.426, 6, 8641, 100
2026/09/29 11:33:08.426, 7, 8701, 100
2026/09/29 11:33:09.426, 0, 8705, 100
2026/09/29 11:33:09.426, 1, 8601, 100
2026/09/29 11:33:09.426, 2, 8703, 100
2026/09/29 11:33:09.426, 3, 8643, 100
2026/09/29 11:33:09.426, 4, 8623, 100
2026/09/29 11:33:09.426, 5, 8561, 100
2026/09/29 11:33:09.426, 6, 8641, 100
2026/09/29 11:33:09.426, 7, 8701, 100
2026/09/29 11:33:10.427, 0, 8705, 100
2026/09/29 11:33:10.427, 1, 8601, 100
2026/09/29 11:33:10.427, 2, 8703, 100
2026/09/29 11:33:10.427, 3, 8643, 100
2026/09/29 11:33:10.427, 4, 8623, 100
2026/09/29 11:33:10.427, 5, 8561, 100
2026/09/29 11:33:10.427, 6, 8641, 100
2026/09/29 11:33:10.427, 7, 8701, 100
2026/09/29 11:33:11.427, 0, 8705, 100
2026/09/29 11:33:11.427, 1, 8601, 100
2026/09/29 11:33:11.427, 2, 8703, 100
2026/09/29 11:33:11.427, 3, 8643, 100
2026/09/29 11:33:11.427, 4, 8623, 100
2026/09/29 11:33:11.427, 5, 8561, 100
2026/09/29 11:33:11.427, 6, 8641, 100
2026/09/29 11:33:11.427, 7, 8701, 100
2026/09/29 11:33:12.427, 0, 8705, 100
2026/09/29 11:33:12.428, 1, 8601, 100
2026/09/29 11:33:12.428, 2, 8703, 100
2026/09/29 11:33:12.428, 3, 8643, 100
2026/09/29 11:33:12.428, 4, 8623, 100
2026/09/29 11:33:12.428, 5, 8561, 100
2026/09/29 11:33:12.428, 6, 8641, 100
2026/09/29 11:33:12.428, 7, 8701, 100
2026/09/29 11:33:13.428, 0, 8705, 100
2026/09/29 11:33:13.428, 1, 8601, 100
2026/09/29 11:33:13.428, 2, 8703, 100
2026/09/29 11:33:13.428, 3, 8643, 100
2026/09/29 11:33:13.428, 4, 8623, 100
2026/09/29 11:33:13.428, 5, 8561, 100
2026/09/29 11:33:13.428, 6, 8641, 100
2026/09/29 11:33:13.428, 7, 8701, 100
2026/09/29 11:33:14.428, 0, 8705, 100
2026/09/29 11:33:14.429, 1, 8601, 100
2026/09/29 11:33:14.429, 2, 8703, 100
2026/09/29 11:33:14.429, 3, 8643, 100
2026/09/29 11:33:14.429, 4, 8623, 100
2026/09/29 11:33:14.429, 5, 8561, 100
2026/09/29 11:33:14.429, 6, 8641, 100
2026/09/29 11:33:14.429, 7, 8701, 100
2026/09/29 11:33:15.429, 0, 8705, 100
2026/09/29 11:33:15.429, 1, 8601, 100
2026/09/29 11:33:15.429, 2, 8703, 100
2026/09/29 11:33:15.429, 3, 8643, 100
2026/09/29 11:33:15.429, 4, 8623, 100
2026/09/29 11:33:15.429, 5, 8561, 100
2026/09/29 11:33:15.430, 6, 8641, 100
2026/09/29 11:33:15.430, 7, 8701, 100
2026/09/29 11:33:16.430, 0, 8705, 100
2026/09/29 11:33:16.430, 1, 8601, 100
2026/09/29 11:33:16.430, 2, 8703, 100
2026/09/29 11:33:16.430, 3, 8643, 100
2026/09/29 11:33:16.430, 4, 8623, 100
2026/09/29 11:33:16.430, 5, 8561, 100
2026/09/29 11:33:16.430, 6, 8641, 100
2026/09/29 11:33:16.430, 7, 8701, 100
2026/09/29 11:33:17.430, 0, 8705, 100
2026/09/29 11:33:17.430, 1, 8601, 100
2026/09/29 11:33:17.431, 2, 8703, 100
2026/09/29 11:33:17.431, 3, 8643, 100
2026/09/29 11:33:17.431, 4, 8623, 100
2026/09/29 11:33:17.431, 5, 8561, 100
2026/09/29 11:33:17.431, 6, 8641, 100
2026/09/29 11:33:17.431, 7, 8701, 100
2026/09/29 11:33:18.431, 0, 8705, 100
2026/09/29 11:33:18.431, 1, 8601, 100
2026/09/29 11:33:18.431, 2, 8703, 100
2026/09/29 11:33:18.431, 3, 8643, 100
2026/09/29 11:33:18.431, 4, 8623, 100
2026/09/29 11:33:18.431, 5, 8561, 100
2026/09/29 11:33:18.431, 6, 8641, 100
2026/09/29 11:33:18.431, 7, 8701, 100
2026/09/29 11:33:19.432, 0, 8705, 100
2026/09/29 11:33:19.432, 1, 8601, 100
2026/09/29 11:33:19.432, 2, 8703, 100
2026/09/29 11:33:19.432, 3, 8643, 100
2026/09/29 11:33:19.432, 4, 8623, 100
2026/09/29 11:33:19.432, 5, 8561, 100
2026/09/29 11:33:19.432, 6, 8641, 100
2026/09/29 11:33:19.432, 7, 8701, 100
2026/09/29 11:33:20.432, 0, 8705, 100
2026/09/29 11:33:20.432, 1, 8601, 100
2026/09/29 11:33:20.432, 2, 8703, 100
2026/09/29 11:33:20.433, 3, 8643, 100
2026/09/29 11:33:20.433, 4, 8623, 100
2026/09/29 11:33:20.433, 5, 8561, 100
2026/09/29 11:33:20.433, 6, 8641, 100
2026/09/29 11:33:20.433, 7, 8701, 100
2026/09/29 11:33:21.433, 0, 8705, 100
2026/09/29 11:33:21.434, 1, 8601, 100
2026/09/29 11:33:21.434, 2, 8703, 100
2026/09/29 11:33:21.434, 3, 8643, 100
2026/09/29 11:33:21.435, 4, 8623, 100
2026/09/29 11:33:21.435, 5, 8561, 100
2026/09/29 11:33:21.435, 6, 8641, 100
2026/09/29 11:33:21.435, 7, 8701, 100
2026/09/29 11:33:22.435, 0, 8705, 100
2026/09/29 11:33:22.435, 1, 8601, 100
2026/09/29 11:33:22.435, 2, 8703, 100
2026/09/29 11:33:22.435, 3, 8643, 100
2026/09/29 11:33:22.435, 4, 8623, 100
2026/09/29 11:33:22.435, 5, 8561, 100
2026/09/29 11:33:22.435, 6, 8641, 100
2026/09/29 11:33:22.436, 7, 8701, 100
2026/09/29 11:33:23.436, 0, 8705, 100
2026/09/29 11:33:23.436, 1, 8601, 100
2026/09/29 11:33:23.436, 2, 8703, 100
2026/09/29 11:33:23.436, 3, 8643, 100
2026/09/29 11:33:23.436, 4, 8623, 100
2026/09/29 11:33:23.436, 5, 8561, 100
2026/09/29 11:33:23.436, 6, 8641, 100
2026/09/29 11:33:23.436, 7, 8701, 100
2026/09/29 11:33:24.436, 0, 8705, 100
2026/09/29 11:33:24.437, 1, 8601, 100
2026/09/29 11:33:24.437, 2, 8703, 100
2026/09/29 11:33:24.437, 3, 8643, 100
2026/09/29 11:33:24.437, 4, 8623, 100
2026/09/29 11:33:24.437, 5, 8561, 100
2026/09/29 11:33:24.437, 6, 8641, 100
2026/09/29 11:33:24.437, 7, 8701, 100
2026/09/29 11:33:25.437, 0, 8705, 100
2026/09/29 11:33:25.437, 1, 8601, 100
2026/09/29 11:33:25.437, 2, 8703, 100
2026/09/29 11:33:25.437, 3, 8643, 100
2026/09/29 11:33:25.437, 4, 8623, 100
2026/09/29 11:33:25.437, 5, 8561, 100
2026/09/29 11:33:25.437, 6, 8641, 100
2026/09/29 11:33:25.438, 7, 8701, 100
2026/09/29 11:33:26.438, 0, 8705, 100
2026/09/29 11:33:26.438, 1, 8601, 100
2026/09/29 11:33:26.438, 2, 8703, 100
2026/09/29 11:33:26.438, 3, 8643, 100
2026/09/29 11:33:26.438, 4, 8623, 100
2026/09/29 11:33:26.438, 5, 8561, 100
2026/09/29 11:33:26.438, 6, 8641, 100
2026/09/29 11:33:26.438, 7, 8701, 100
2026/09/29 11:33:27.438, 0, 8705, 100
2026/09/29 11:33:27.438, 1, 8601, 100
2026/09/29 11:33:27.439, 2, 8703, 100
2026/09/29 11:33:27.439, 3, 8643, 100
2026/09/29 11:33:27.439, 4, 8623, 100
2026/09/29 11:33:27.439, 5, 8561, 100
2026/09/29 11:33:27.439, 6, 8641, 100
2026/09/29 11:33:27.439, 7, 8701, 100
2026/09/29 11:33:28.439, 0, 8705, 100
2026/09/29 11:33:28.439, 1, 8601, 100
2026/09/29 11:33:28.439, 2, 8703, 100
2026/09/29 11:33:28.439, 3, 8643, 100
2026/09/29 11:33:28.439, 4, 8623, 100
2026/09/29 11:33:28.439, 5, 8561, 100
2026/09/29 11:33:28.439, 6, 8641, 100
2026/09/29 11:33:28.439, 7, 8701, 100
2026/09/29 11:33:29.440, 0, 8705, 100
2026/09/29 11:33:29.440, 1, 8601, 100
2026/09/29 11:33:29.440, 2, 8703, 100
2026/09/29 11:33:29.440, 3, 8643, 100
2026/09/29 11:33:29.440, 4, 8623, 100
2026/09/29 11:33:29.440, 5, 8561, 100
2026/09/29 11:33:29.440, 6, 8641, 100
2026/09/29 11:33:29.440, 7, 8701, 100
2026/09/29 11:33:30.440, 0, 8705, 100
2026/09/29 11:33:30.440, 1, 8601, 100
2026/09/29 11:33:30.440, 2, 8703, 100
2026/09/29 11:33:30.440, 3, 8643, 100
2026/09/29 11:33:30.440, 4, 8623, 100
2026/09/29 11:33:30.440, 5, 8561, 100
2026/09/29 11:33:30.440, 6, 8641, 100
2026/09/29 11:33:30.440, 7, 8701, 100
2026/09/29 11:33:31.441, 0, 8705, 100
2026/09/29 11:33:31.441, 1, 8601, 100
2026/09/29 11:33:31.441, 2, 8703, 100
2026/09/29 11:33:31.441, 3, 8643, 100
2026/09/29 11:33:31.441, 4, 8623, 100
2026/09/29 11:33:31.441, 5, 8561, 100
2026/09/29 11:33:31.441, 6, 8641, 100
2026/09/29 11:33:31.442, 7, 8701, 100
2026/09/29 11:33:32.442, 0, 8705, 100
2026/09/29 11:33:32.442, 1, 8601, 100
2026/09/29 11:33:32.442, 2, 8703, 100
2026/09/29 11:33:32.442, 3, 8643, 100
2026/09/29 11:33:32.442, 4, 8623, 100
2026/09/29 11:33:32.442, 5, 8561, 100
2026/09/29 11:33:32.442, 6, 8641, 100
2026/09/29 11:33:32.442, 7, 8701, 100
2026/09/29 11:33:33.442, 0, 8705, 100
2026/09/29 11:33:33.442, 1, 8601, 100
2026/09/29 11:33:33.442, 2, 8703, 100
2026/09/29 11:33:33.442, 3, 8643, 100
2026/09/29 11:33:33.442, 4, 8623, 100
2026/09/29 11:33:33.442, 5, 8561, 100
2026/09/29 11:33:33.442, 6, 8641, 100
2026/09/29 11:33:33.442, 7, 8701, 100
2026/09/29 11:33:34.443, 0, 8705, 100
2026/09/29 11:33:34.443, 1, 8601, 100
2026/09/29 11:33:34.443, 2, 8703, 100
2026/09/29 11:33:34.443, 3, 8643, 100
2026/09/29 11:33:34.443, 4, 8623, 100
2026/09/29 11:33:34.443, 5, 8561, 100
2026/09/29 11:33:34.443, 6, 8641, 100
2026/09/29 11:33:34.443, 7, 8701, 100
2026/09/29 11:33:35.443, 0, 8705, 100
2026/09/29 11:33:35.443, 1, 8601, 100
2026/09/29 11:33:35.443, 2, 8703, 100
2026/09/29 11:33:35.443, 3, 8643, 100
2026/09/29 11:33:35.443, 4, 8623, 100
2026/09/29 11:33:35.443, 5, 8561, 100
2026/09/29 11:33:35.443, 6, 8641, 100
2026/09/29 11:33:35.443, 7, 8701, 100
2026/09/29 11:33:36.443, 0, 8705, 100
2026/09/29 11:33:36.447, 1, 8601, 100
2026/09/29 11:33:36.447, 2, 8703, 100
2026/09/29 11:33:36.447, 3, 8643, 100
2026/09/29 11:33:36.448, 4, 8623, 100
2026/09/29 11:33:36.448, 5, 8561, 100
2026/09/29 11:33:36.448, 6, 8641, 100
2026/09/29 11:33:36.448, 7, 8701, 100
2026/09/29 11:33:37.448, 0, 8705, 100
2026/09/29 11:33:37.448, 1, 8601, 100
2026/09/29 11:33:37.448, 2, 8703, 100
2026/09/29 11:33:37.448, 3, 8643, 100
2026/09/29 11:33:37.448, 4, 8623, 100
2026/09/29 11:33:37.448, 5, 8561, 100
2026/09/29 11:33:37.448, 6, 8641, 100
2026/09/29 11:33:37.448, 7, 8701, 100
2026/09/29 11:33:38.448, 0, 8705, 100
2026/09/29 11:33:38.448, 1, 8601, 100
2026/09/29 11:33:38.449, 2, 8703, 100
2026/09/29 11:33:38.449, 3, 8643, 100
2026/09/29 11:33:38.449, 4, 8623, 100
2026/09/29 11:33:38.449, 5, 8561, 100
2026/09/29 11:33:38.449, 6, 8641, 100
2026/09/29 11:33:38.449, 7, 8701, 100
2026/09/29 11:33:39.449, 0, 8705, 100
2026/09/29 11:33:39.449, 1, 8601, 100
2026/09/29 11:33:39.449, 2, 8703, 100
2026/09/29 11:33:39.449, 3, 8643, 100
2026/09/29 11:33:39.449, 4, 8623, 100
2026/09/29 11:33:39.449, 5, 8561, 100
2026/09/29 11:33:39.449, 6, 8641, 100
2026/09/29 11:33:39.449, 7, 8701, 100
2026/09/29 11:33:40.450, 0, 8705, 100
2026/09/29 11:33:40.450, 1, 8601, 100
2026/09/29 11:33:40.450, 2, 8703, 100
2026/09/29 11:33:40.450, 3, 8643, 100
2026/09/29 11:33:40.450, 4, 8623, 100
2026/09/29 11:33:40.450, 5, 8561, 100
2026/09/29 11:33:40.450, 6, 8641, 100
2026/09/29 11:33:40.450, 7, 8701, 100
2026/09/29 11:33:41.450, 0, 8705, 100
2026/09/29 11:33:41.450, 1, 8601, 100
2026/09/29 11:33:41.450, 2, 8703, 100
2026/09/29 11:33:41.450, 3, 8643, 100
2026/09/29 11:33:41.451, 4, 8623, 100
2026/09/29 11:33:41.451, 5, 8561, 100
2026/09/29 11:33:41.451, 6, 8641, 100
2026/09/29 11:33:41.451, 7, 8701, 100
2026/09/29 11:33:42.451, 0, 8705, 100
2026/09/29 11:33:42.451, 1, 8601, 100
2026/09/29 11:33:42.451, 2, 8703, 100
2026/09/29 11:33:42.451, 3, 8643, 100
2026/09/29 11:33:42.451, 4, 8623, 100
2026/09/29 11:33:42.451, 5, 8561, 100
2026/09/29 11:33:42.451, 6, 8641, 100
2026/09/29 11:33:42.451, 7, 8701, 100
2026/09/29 11:33:43.451, 0, 8705, 100
2026/09/29 11:33:43.451, 1, 8601, 100
2026/09/29 11:33:43.451, 2, 8703, 100
2026/09/29 11:33:43.451, 3, 8643, 100
2026/09/29 11:33:43.451, 4, 8623, 100
2026/09/29 11:33:43.451, 5, 8561, 100
2026/09/29 11:33:43.451, 6, 8641, 100
2026/09/29 11:33:43.452, 7, 8701, 100
2026/09/29 11:33:44.452, 0, 8705, 100
2026/09/29 11:33:44.452, 1, 8601, 100
2026/09/29 11:33:44.452, 2, 8703, 100
2026/09/29 11:33:44.452, 3, 8643, 100
2026/09/29 11:33:44.452, 4, 8623, 100
2026/09/29 11:33:44.452, 5, 8561, 100
2026/09/29 11:33:44.452, 6, 8641, 100
2026/09/29 11:33:44.452, 7, 8701, 100
2026/09/29 11:33:45.452, 0, 8705, 100
2026/09/29 11:33:45.452, 1, 8601, 100
2026/09/29 11:33:45.452, 2, 8703, 100
2026/09/29 11:33:45.452, 3, 8643, 100
2026/09/29 11:33:45.452, 4, 8623, 100
2026/09/29 11:33:45.453, 5, 8561, 100
2026/09/29 11:33:45.453, 6, 8641, 100
2026/09/29 11:33:45.453, 7, 8701, 100
2026/09/29 11:33:46.453, 0, 8705, 100
2026/09/29 11:33:46.453, 1, 8601, 100
2026/09/29 11:33:46.453, 2, 8703, 100
2026/09/29 11:33:46.453, 3, 8643, 100
2026/09/29 11:33:46.453, 4, 8623, 100
2026/09/29 11:33:46.453, 5, 8561, 100
2026/09/29 11:33:46.453, 6, 8641, 100
2026/09/29 11:33:46.453, 7, 8701, 100
2026/09/29 11:33:47.454, 0, 8705, 100
2026/09/29 11:33:47.454, 1, 8601, 100
2026/09/29 11:33:47.454, 2, 8703, 100
2026/09/29 11:33:47.454, 3, 8643, 100
2026/09/29 11:33:47.454, 4, 8623, 100
2026/09/29 11:33:47.454, 5, 8561, 100
2026/09/29 11:33:47.454, 6, 8641, 100
2026/09/29 11:33:47.454, 7, 8701, 100
2026/09/29 11:33:48.455, 0, 8705, 100
2026/09/29 11:33:48.455, 1, 8601, 100
2026/09/29 11:33:48.455, 2, 8703, 100
2026/09/29 11:33:48.455, 3, 8643, 100
2026/09/29 11:33:48.455, 4, 8623, 100
2026/09/29 11:33:48.455, 5, 8561, 100
2026/09/29 11:33:48.455, 6, 8641, 100
2026/09/29 11:33:48.455, 7, 8701, 100
2026/09/29 11:33:49.455, 0, 8705, 100
2026/09/29 11:33:49.455, 1, 8601, 100
2026/09/29 11:33:49.455, 2, 8703, 100
2026/09/29 11:33:49.455, 3, 8643, 100
2026/09/29 11:33:49.455, 4, 8623, 100
2026/09/29 11:33:49.455, 5, 8561, 100
2026/09/29 11:33:49.455, 6, 8641, 100
2026/09/29 11:33:49.455, 7, 8701, 100
2026/09/29 11:33:50.455, 0, 8705, 100
2026/09/29 11:33:50.455, 1, 8601, 100
2026/09/29 11:33:50.455, 2, 8703, 100
2026/09/29 11:33:50.456, 3, 8643, 100
2026/09/29 11:33:50.456, 4, 8623, 100
2026/09/29 11:33:50.456, 5, 8561, 100
2026/09/29 11:33:50.456, 6, 8641, 100
2026/09/29 11:33:50.456, 7, 8701, 100
2026/09/29 11:33:51.456, 0, 8705, 100
2026/09/29 11:33:51.460, 1, 8601, 100
2026/09/29 11:33:51.461, 2, 8703, 100
2026/09/29 11:33:51.465, 3, 8643, 100
2026/09/29 11:33:51.466, 4, 8623, 100
2026/09/29 11:33:51.467, 5, 8561, 100
2026/09/29 11:33:51.467, 6, 8641, 100
2026/09/29 11:33:51.467, 7, 8701, 100
2026/09/29 11:33:52.467, 0, 8705, 100
2026/09/29 11:33:52.467, 1, 8601, 100
2026/09/29 11:33:52.467, 2, 8703, 100
2026/09/29 11:33:52.467, 3, 8643, 100
2026/09/29 11:33:52.467, 4, 8623, 100
2026/09/29 11:33:52.467, 5, 8561, 100
2026/09/29 11:33:52.467, 6, 8641, 100
2026/09/29 11:33:52.467, 7, 8701, 100
2026/09/29 11:33:53.467, 0, 8705, 100
2026/09/29 11:33:53.468, 1, 8601, 100
2026/09/29 11:33:53.468, 2, 8703, 100
2026/09/29 11:33:53.468, 3, 8643, 100
2026/09/29 11:33:53.468, 4, 8623, 100
2026/09/29 11:33:53.468, 5, 8561, 100
2026/09/29 11:33:53.468, 6, 8641, 100
2026/09/29 11:33:53.468, 7, 8701, 100
2026/09/29 11:33:54.468, 0, 8705, 100
2026/09/29 11:33:54.468, 1, 8601, 100
2026/09/29 11:33:54.468, 2, 8703, 100
2026/09/29 11:33:54.469, 3, 8643, 100
2026/09/29 11:33:54.469, 4, 8623, 100
2026/09/29 11:33:54.469, 5, 8561, 100
2026/09/29 11:33:54.469, 6, 8641, 100
2026/09/29 11:33:54.469, 7, 8701, 100
2026/09/29 11:33:55.469, 0, 8705, 100
2026/09/29 11:33:55.469, 1, 8601, 100
2026/09/29 11:33:55.469, 2, 8703, 100
2026/09/29 11:33:55.469, 3, 8643, 100
2026/09/29 11:33:55.469, 4, 8623, 100
2026/09/29 11:33:55.469, 5, 8561, 100
2026/09/29 11:33:55.469, 6, 8641, 100
2026/09/29 11:33:55.469, 7, 8701, 100
2026/09/29 11:33:56.469, 0, 8705, 100
2026/09/29 11:33:56.469, 1, 8601, 100
2026/09/29 11:33:56.470, 2, 8703, 100
2026/09/29 11:33:56.470, 3, 8643, 100
2026/09/29 11:33:56.470, 4, 8623, 100
2026/09/29 11:33:56.470, 5, 8561, 100
2026/09/29 11:33:56.470, 6, 8641, 100
2026/09/29 11:33:56.470, 7, 8701, 100
2026/09/29 11:33:57.470, 0, 8705, 100
2026/09/29 11:33:57.471, 1, 8601, 100
2026/09/29 11:33:57.471, 2, 8703, 100
2026/09/29 11:33:57.471, 3, 8643, 100
2026/09/29 11:33:57.471, 4, 8623, 100
2026/09/29 11:33:57.471, 5, 8561, 100
2026/09/29 11:33:57.471, 6, 8641, 100
2026/09/29 11:33:57.471, 7, 8701, 100
2026/09/29 11:33:58.471, 0, 8705, 100
2026/09/29 11:33:58.471, 1, 8601, 100
2026/09/29 11:33:58.472, 2, 8703, 100
2026/09/29 11:33:58.472, 3, 8643, 100
2026/09/29 11:33:58.472, 4, 8623, 100
2026/09/29 11:33:58.472, 5, 8561, 100
2026/09/29 11:33:58.472, 6, 8641, 100
2026/09/29 11:33:58.472, 7, 8701, 100
2026/09/29 11:33:59.472, 0, 8705, 100
2026/09/29 11:33:59.472, 1, 8601, 100
2026/09/29 11:33:59.472, 2, 8703, 100
2026/09/29 11:33:59.472, 3, 8643, 100
2026/09/29 11:33:59.472, 4, 8623, 100
2026/09/29 11:33:59.472, 5, 8561, 100
2026/09/29 11:33:59.472, 6, 8641, 100
2026/09/29 11:33:59.472, 7, 8701, 100
2026/09/29 11:34:00.473, 0, 8705, 100
2026/09/29 11:34:00.473, 1, 8601, 100
2026/09/29 11:34:00.473, 2, 8703, 100
2026/09/29 11:34:00.473, 3, 8643, 100
2026/09/29 11:34:00.473, 4, 8623, 100
2026/09/29 11:34:00.473, 5, 8561, 100
2026/09/29 11:34:00.473, 6, 8641, 100
2026/09/29 11:34:00.473, 7, 8701, 100
2026/09/29 11:34:01.473, 0, 8705, 100
2026/09/29 11:34:01.473, 1, 8601, 100
2026/09/29 11:34:01.473, 2, 8703, 100
2026/09/29 11:34:01.473, 3, 8643, 100
2026/09/29 11:34:01.473, 4, 8623, 100
2026/09/29 11:34:01.473, 5, 8561, 100
2026/09/29 11:34:01.474, 6, 8641, 100
2026/09/29 11:34:01.474, 7, 8701, 100
2026/09/29 11:34:02.474, 0, 8705, 100
2026/09/29 11:34:02.475, 1, 8601, 100
2026/09/29 11:34:02.475, 2, 8703, 100
2026/09/29 11:34:02.475, 3, 8643, 100
2026/09/29 11:34:02.475, 4, 8623, 100
2026/09/29 11:34:02.475, 5, 8561, 100
2026/09/29 11:34:02.475, 6, 8641, 100
2026/09/29 11:34:02.475, 7, 8701, 100
2026/09/29 11:34:03.475, 0, 8705, 100
2026/09/29 11:34:03.475, 1, 8601, 100
2026/09/29 11:34:03.475, 2, 8703, 100
2026/09/29 11:34:03.475, 3, 8643, 100
2026/09/29 11:34:03.476, 4, 8623, 100
2026/09/29 11:34:03.476, 5, 8561, 100
2026/09/29 11:34:03.476, 6, 8641, 100
2026/09/29 11:34:03.476, 7, 8701, 100
2026/09/29 11:34:04.476, 0, 8705, 100
2026/09/29 11:34:04.476, 1, 8601, 100
2026/09/29 11:34:04.476, 2, 8703, 100
2026/09/29 11:34:04.476, 3, 8643, 100
2026/09/29 11:34:04.476, 4, 8623, 100
2026/09/29 11:34:04.476, 5, 8561, 100
2026/09/29 11:34:04.476, 6, 8641, 100
2026/09/29 11:34:04.476, 7, 8701, 100
2026/09/29 11:34:05.477, 0, 8705, 100
2026/09/29 11:34:05.477, 1, 8601, 100
2026/09/29 11:34:05.477, 2, 8703, 100
2026/09/29 11:34:05.477, 3, 8643, 100
2026/09/29 11:34:05.477, 4, 8623, 100
2026/09/29 11:34:05.477, 5, 8561, 100
2026/09/29 11:34:05.477, 6, 8641, 100
2026/09/29 11:34:05.477, 7, 8701, 100
2026/09/29 11:34:06.478, 0, 8705, 100
2026/09/29 11:34:06.478, 1, 8601, 100
2026/09/29 11:34:06.478, 2, 8703, 100
2026/09/29 11:34:06.478, 3, 8643, 100
2026/09/29 11:34:06.478, 4, 8623, 100
2026/09/29 11:34:06.478, 5, 8561, 100
2026/09/29 11:34:06.478, 6, 8641, 100
2026/09/29 11:34:06.479, 7, 8701, 100
2026/09/29 11:34:07.479, 0, 8705, 100
2026/09/29 11:34:07.479, 1, 8601, 100
2026/09/29 11:34:07.479, 2, 8703, 100
2026/09/29 11:34:07.479, 3, 8643, 100
2026/09/29 11:34:07.479, 4, 8623, 100
2026/09/29 11:34:07.479, 5, 8561, 100
2026/09/29 11:34:07.479, 6, 8641, 100
2026/09/29 11:34:07.479, 7, 8701, 100
2026/09/29 11:34:08.479, 0, 8705, 100
2026/09/29 11:34:08.479, 1, 8601, 100
2026/09/29 11:34:08.479, 2, 8703, 100
2026/09/29 11:34:08.479, 3, 8643, 100
2026/09/29 11:34:08.479, 4, 8623, 100
2026/09/29 11:34:08.480, 5, 8561, 100
2026/09/29 11:34:08.480, 6, 8641, 100
2026/09/29 11:34:08.480, 7, 8701, 100
2026/09/29 11:34:09.480, 0, 8705, 100
2026/09/29 11:34:09.480, 1, 8601, 100
2026/09/29 11:34:09.480, 2, 8703, 100
2026/09/29 11:34:09.480, 3, 8643, 100
2026/09/29 11:34:09.480, 4, 8623, 100
2026/09/29 11:34:09.480, 5, 8561, 100
2026/09/29 11:34:09.480, 6, 8641, 100
2026/09/29 11:34:09.480, 7, 8701, 100
2026/09/29 11:34:10.480, 0, 8705, 100
2026/09/29 11:34:10.481, 1, 8601, 100
2026/09/29 11:34:10.481, 2, 8703, 100
2026/09/29 11:34:10.481, 3, 8643, 100
2026/09/29 11:34:10.481, 4, 8623, 100
2026/09/29 11:34:10.481, 5, 8561, 100
2026/09/29 11:34:10.481, 6, 8641, 100
2026/09/29 11:34:10.481, 7, 8701, 100
2026/09/29 11:34:11.481, 0, 8705, 100
2026/09/29 11:34:11.481, 1, 8601, 100
2026/09/29 11:34:11.482, 2, 8703, 100
2026/09/29 11:34:11.482, 3, 8643, 100
2026/09/29 11:34:11.482, 4, 8623, 100
2026/09/29 11:34:11.482, 5, 8561, 100
2026/09/29 11:34:11.482, 6, 8641, 100
2026/09/29 11:34:11.482, 7, 8701, 100
2026/09/29 11:34:12.482, 0, 8705, 100
2026/09/29 11:34:12.482, 1, 8601, 100
2026/09/29 11:34:12.482, 2, 8703, 100
2026/09/29 11:34:12.482, 3, 8643, 100
2026/09/29 11:34:12.482, 4, 8623, 100
2026/09/29 11:34:12.482, 5, 8561, 100
2026/09/29 11:34:12.483, 6, 8641, 100
2026/09/29 11:34:12.483, 7, 8701, 100
2026/09/29 11:34:13.483, 0, 8705, 100
2026/09/29 11:34:13.483, 1, 8601, 100
2026/09/29 11:34:13.483, 2, 8703, 100
2026/09/29 11:34:13.483, 3, 8643, 100
2026/09/29 11:34:13.483, 4, 8623, 100
2026/09/29 11:34:13.483, 5, 8561, 100
2026/09/29 11:34:13.483, 6, 8641, 100
2026/09/29 11:34:13.483, 7, 8701, 100
2026/09/29 11:34:14.483, 0, 8705, 100
2026/09/29 11:34:14.484, 1, 8601, 100
2026/09/29 11:34:14.484, 2, 8703, 100
2026/09/29 11:34:14.484, 3, 8643, 100
2026/09/29 11:34:14.484, 4, 8623, 100
2026/09/29 11:34:14.484, 5, 8561, 100
2026/09/29 11:34:14.484, 6, 8641, 100
2026/09/29 11:34:14.484, 7, 8701, 100
2026/09/29 11:34:15.484, 0, 8705, 100
2026/09/29 11:34:15.484, 1, 8601, 100
2026/09/29 11:34:15.484, 2, 8703, 100
2026/09/29 11:34:15.485, 3, 8643, 100
2026/09/29 11:34:15.485, 4, 8623, 100
2026/09/29 11:34:15.485, 5, 8561, 100
2026/09/29 11:34:15.485, 6, 8641, 100
2026/09/29 11:34:15.485, 7, 8701, 100
2026/09/29 11:34:16.485, 0, 8705, 100
2026/09/29 11:34:16.486, 1, 8601, 100
2026/09/29 11:34:16.486, 2, 8703, 100
2026/09/29 11:34:16.486, 3, 8643, 100
2026/09/29 11:34:16.486, 4, 8623, 100
2026/09/29 11:34:16.486, 5, 8561, 100
2026/09/29 11:34:16.486, 6, 8641, 100
2026/09/29 11:34:16.486, 7, 8701, 100
2026/09/29 11:34:17.486, 0, 8705, 100
2026/09/29 11:34:17.486, 1, 8601, 100
2026/09/29 11:34:17.486, 2, 8703, 100
2026/09/29 11:34:17.486, 3, 8643, 100
2026/09/29 11:34:17.486, 4, 8623, 100
2026/09/29 11:34:17.486, 5, 8561, 100
2026/09/29 11:34:17.486, 6, 8641, 100
2026/09/29 11:34:17.486, 7, 8701, 100
2026/09/29 11:34:18.487, 0, 8705, 100
2026/09/29 11:34:18.487, 1, 8601, 100
2026/09/29 11:34:18.487, 2, 8703, 100
2026/09/29 11:34:18.487, 3, 8643, 100
2026/09/29 11:34:18.487, 4, 8623, 100
2026/09/29 11:34:18.487, 5, 8561, 100
2026/09/29 11:34:18.487, 6, 8641, 100
2026/09/29 11:34:18.487, 7, 8701, 100
2026/09/29 11:34:19.487, 0, 8705, 100
2026/09/29 11:34:19.487, 1, 8601, 100
2026/09/29 11:34:19.487, 2, 8703, 100
2026/09/29 11:34:19.487, 3, 8643, 100
2026/09/29 11:34:19.487, 4, 8623, 100
2026/09/29 11:34:19.487, 5, 8561, 100
2026/09/29 11:34:19.487, 6, 8641, 100
2026/09/29 11:34:19.487, 7, 8701, 100
2026/09/29 11:34:20.487, 0, 8705, 100
2026/09/29 11:34:20.488, 1, 8601, 100
2026/09/29 11:34:20.488, 2, 8703, 100
2026/09/29 11:34:20.488, 3, 8643, 100
2026/09/29 11:34:20.488, 4, 8623, 100
2026/09/29 11:34:20.488, 5, 8561, 100
2026/09/29 11:34:20.488, 6, 8641, 100
2026/09/29 11:34:20.488, 7, 8701, 100
2026/09/29 11:34:21.488, 0, 8705, 100
2026/09/29 11:34:21.491, 1, 8601, 100
2026/09/29 11:34:21.492, 2, 8703, 100
2026/09/29 11:34:21.497, 3, 8643, 100
2026/09/29 11:34:21.500, 4, 8623, 100
2026/09/29 11:34:21.501, 5, 8561, 100
2026/09/29 11:34:21.505, 6, 8641, 100
2026/09/29 11:34:21.509, 7, 8701, 100
2026/09/29 11:34:22.510, 0, 8705, 100
2026/09/29 11:34:22.510, 1, 8601, 100
2026/09/29 11:34:22.510, 2, 8703, 100
2026/09/29 11:34:22.510, 3, 8643, 100
2026/09/29 11:34:22.510, 4, 8623, 100
2026/09/29 11:34:22.510, 5, 8561, 100
2026/09/29 11:34:22.510, 6, 8641, 100
2026/09/29 11:34:22.510, 7, 8701, 100
2026/09/29 11:34:23.510, 0, 8705, 100
2026/09/29 11:34:23.510, 1, 8601, 100
2026/09/29 11:34:23.511, 2, 8703, 100
2026/09/29 11:34:23.511, 3, 8643, 100
2026/09/29 11:34:23.511, 4, 8623, 100
2026/09/29 11:34:23.511, 5, 8561, 100
2026/09/29 11:34:23.511, 6, 8641, 100
2026/09/29 11:34:23.511, 7, 8701, 100
2026/09/29 11:34:24.511, 0, 8705, 100
2026/09/29 11:34:24.511, 1, 8601, 100
2026/09/29 11:34:24.511, 2, 8703, 100
2026/09/29 11:34:24.511, 3, 8643, 100
2026/09/29 11:34:24.511, 4, 8623, 100
2026/09/29 11:34:24.511, 5, 8561, 100
2026/09/29 11:34:24.511, 6, 8641, 100
2026/09/29 11:34:24.511, 7, 8701, 100
2026/09/29 11:34:25.511, 0, 8705, 100
2026/09/29 11:34:25.511, 1, 8601, 100
2026/09/29 11:34:25.511, 2, 8703, 100
2026/09/29 11:34:25.511, 3, 8643, 100
2026/09/29 11:34:25.511, 4, 8623, 100
2026/09/29 11:34:25.511, 5, 8561, 100
2026/09/29 11:34:25.511, 6, 8641, 100
2026/09/29 11:34:25.511, 7, 8701, 100
2026/09/29 11:34:26.511, 0, 8705, 100
2026/09/29 11:34:26.512, 1, 8601, 100
2026/09/29 11:34:26.512, 2, 8703, 100
2026/09/29 11:34:26.512, 3, 8643, 100
2026/09/29 11:34:26.512, 4, 8623, 100
2026/09/29 11:34:26.512, 5, 8561, 100
2026/09/29 11:34:26.512, 6, 8641, 100
2026/09/29 11:34:26.512, 7, 8701, 100
2026/09/29 11:34:27.512, 0, 8705, 100
2026/09/29 11:34:27.512, 1, 8601, 100
2026/09/29 11:34:27.512, 2, 8703, 100
2026/09/29 11:34:27.512, 3, 8643, 100
2026/09/29 11:34:27.512, 4, 8623, 100
2026/09/29 11:34:27.513, 5, 8561, 100
2026/09/29 11:34:27.513, 6, 8641, 100
2026/09/29 11:34:27.513, 7, 8701, 100
2026/09/29 11:34:28.513, 0, 8705, 100
2026/09/29 11:34:28.513, 1, 8601, 100
2026/09/29 11:34:28.513, 2, 8703, 100
2026/09/29 11:34:28.513, 3, 8643, 100
2026/09/29 11:34:28.513, 4, 8623, 100
2026/09/29 11:34:28.513, 5, 8561, 100
2026/09/29 11:34:28.513, 6, 8641, 100
2026/09/29 11:34:28.513, 7, 8701, 100
2026/09/29 11:34:29.513, 0, 8705, 100
2026/09/29 11:34:29.514, 1, 8601, 100
2026/09/29 11:34:29.514, 2, 8703, 100
2026/09/29 11:34:29.514, 3, 8643, 100
2026/09/29 11:34:29.514, 4, 8623, 100
2026/09/29 11:34:29.514, 5, 8561, 100
2026/09/29 11:34:29.514, 6, 8641, 100
2026/09/29 11:34:29.514, 7, 8701, 100
2026/09/29 11:34:30.514, 0, 8705, 100
2026/09/29 11:34:30.514, 1, 8601, 100
2026/09/29 11:34:30.514, 2, 8703, 100
2026/09/29 11:34:30.515, 3, 8643, 100
2026/09/29 11:34:30.515, 4, 8623, 100
2026/09/29 11:34:30.515, 5, 8561, 100
2026/09/29 11:34:30.515, 6, 8641, 100
2026/09/29 11:34:30.515, 7, 8701, 100
2026/09/29 11:34:31.515, 0, 8705, 100
2026/09/29 11:34:31.515, 1, 8601, 100
2026/09/29 11:34:31.515, 2, 8703, 100
2026/09/29 11:34:31.515, 3, 8643, 100
2026/09/29 11:34:31.515, 4, 8623, 100
2026/09/29 11:34:31.515, 5, 8561, 100
2026/09/29 11:34:31.515, 6, 8641, 100
2026/09/29 11:34:31.515, 7, 8701, 100
2026/09/29 11:34:32.515, 0, 8705, 100
2026/09/29 11:34:32.515, 1, 8601, 100
2026/09/29 11:34:32.515, 2, 8703, 100
2026/09/29 11:34:32.515, 3, 8643, 100
2026/09/29 11:34:32.515, 4, 8623, 100
2026/09/29 11:34:32.516, 5, 8561, 100
2026/09/29 11:34:32.516, 6, 8641, 100
2026/09/29 11:34:32.516, 7, 8701, 100
2026/09/29 11:34:33.516, 0, 8705, 100
2026/09/29 11:34:33.516, 1, 8601, 100
2026/09/29 11:34:33.516, 2, 8703, 100
2026/09/29 11:34:33.516, 3, 8643, 100
2026/09/29 11:34:33.516, 4, 8623, 100
2026/09/29 11:34:33.516, 5, 8561, 100
2026/09/29 11:34:33.516, 6, 8641, 100
2026/09/29 11:34:33.516, 7, 8701, 100
2026/09/29 11:34:34.517, 0, 8705, 100
2026/09/29 11:34:34.517, 1, 8601, 100
2026/09/29 11:34:34.517, 2, 8703, 100
2026/09/29 11:34:34.517, 3, 8643, 100
2026/09/29 11:34:34.517, 4, 8623, 100
2026/09/29 11:34:34.517, 5, 8561, 100
2026/09/29 11:34:34.517, 6, 8641, 100
2026/09/29 11:34:34.517, 7, 8701, 100
2026/09/29 11:34:35.517, 0, 8705, 100
2026/09/29 11:34:35.517, 1, 8601, 100
2026/09/29 11:34:35.517, 2, 8703, 100
2026/09/29 11:34:35.517, 3, 8643, 100
2026/09/29 11:34:35.517, 4, 8623, 100
2026/09/29 11:34:35.517, 5, 8561, 100
2026/09/29 11:34:35.517, 6, 8641, 100
2026/09/29 11:34:35.518, 7, 8701, 100
2026/09/29 11:34:36.518, 0, 8705, 100
2026/09/29 11:34:36.518, 1, 8601, 100
2026/09/29 11:34:36.518, 2, 8703, 100
2026/09/29 11:34:36.518, 3, 8643, 100
2026/09/29 11:34:36.518, 4, 8623, 100
2026/09/29 11:34:36.518, 5, 8561, 100
2026/09/29 11:34:36.518, 6, 8641, 100
2026/09/29 11:34:36.518, 7, 8701, 100
2026/09/29 11:34:37.518, 0, 8705, 100
2026/09/29 11:34:37.518, 1, 8601, 100
2026/09/29 11:34:37.518, 2, 8703, 100
2026/09/29 11:34:37.519, 3, 8643, 100
2026/09/29 11:34:37.519, 4, 8623, 100
2026/09/29 11:34:37.519, 5, 8561, 100
2026/09/29 11:34:37.519, 6, 8641, 100
2026/09/29 11:34:37.519, 7, 8701, 100
2026/09/29 11:34:38.519, 0, 8705, 100
2026/09/29 11:34:38.519, 1, 8601, 100
2026/09/29 11:34:38.519, 2, 8703, 100
2026/09/29 11:34:38.519, 3, 8643, 100
2026/09/29 11:34:38.519, 4, 8623, 100
2026/09/29 11:34:38.519, 5, 8561, 100
2026/09/29 11:34:38.519, 6, 8641, 100
2026/09/29 11:34:38.519, 7, 8701, 100
2026/09/29 11:34:39.519, 0, 8705, 100
2026/09/29 11:34:39.520, 1, 8601, 100
2026/09/29 11:34:39.520, 2, 8703, 100
2026/09/29 11:34:39.520, 3, 8643, 100
2026/09/29 11:34:39.520, 4, 8623, 100
2026/09/29 11:34:39.520, 5, 8561, 100
2026/09/29 11:34:39.520, 6, 8641, 100
2026/09/29 11:34:39.520, 7, 8701, 100
2026/09/29 11:34:40.520, 0, 8705, 100
2026/09/29 11:34:40.520, 1, 8601, 100
2026/09/29 11:34:40.520, 2, 8703, 100
2026/09/29 11:34:40.520, 3, 8643, 100
2026/09/29 11:34:40.520, 4, 8623, 100
2026/09/29 11:34:40.520, 5, 8561, 100
2026/09/29 11:34:40.520, 6, 8641, 100
2026/09/29 11:34:40.521, 7, 8701, 100
2026/09/29 11:34:41.521, 0, 8705, 100
2026/09/29 11:34:41.521, 1, 8601, 100
2026/09/29 11:34:41.521, 2, 8703, 100
2026/09/29 11:34:41.521, 3, 8643, 100
2026/09/29 11:34:41.521, 4, 8623, 100
2026/09/29 11:34:41.521, 5, 8561, 100
2026/09/29 11:34:41.521, 6, 8641, 100
2026/09/29 11:34:41.521, 7, 8701, 100
2026/09/29 11:34:42.521, 0, 8705, 100
2026/09/29 11:34:42.521, 1, 8601, 100
2026/09/29 11:34:42.521, 2, 8703, 100
2026/09/29 11:34:42.521, 3, 8643, 100
2026/09/29 11:34:42.522, 4, 8623, 100
2026/09/29 11:34:42.522, 5, 8561, 100
2026/09/29 11:34:42.522, 6, 8641, 100
2026/09/29 11:34:42.522, 7, 8701, 100
2026/09/29 11:34:43.522, 0, 8705, 100
2026/09/29 11:34:43.522, 1, 8601, 100
2026/09/29 11:34:43.522, 2, 8703, 100
2026/09/29 11:34:43.522, 3, 8643, 100
2026/09/29 11:34:43.522, 4, 8623, 100
2026/09/29 11:34:43.522, 5, 8561, 100
2026/09/29 11:34:43.522, 6, 8641, 100
2026/09/29 11:34:43.522, 7, 8701, 100
2026/09/29 11:34:44.522, 0, 8705, 100
2026/09/29 11:34:44.523, 1, 8601, 100
2026/09/29 11:34:44.523, 2, 8703, 100
2026/09/29 11:34:44.523, 3, 8643, 100
2026/09/29 11:34:44.523, 4, 8623, 100
2026/09/29 11:34:44.523, 5, 8561, 100
2026/09/29 11:34:44.523, 6, 8641, 100
2026/09/29 11:34:44.523, 7, 8701, 100
2026/09/29 11:34:45.523, 0, 8705, 100
2026/09/29 11:34:45.523, 1, 8601, 100
2026/09/29 11:34:45.523, 2, 8703, 100
2026/09/29 11:34:45.523, 3, 8643, 100
2026/09/29 11:34:45.523, 4, 8623, 100
2026/09/29 11:34:45.523, 5, 8561, 100
2026/09/29 11:34:45.523, 6, 8641, 100
2026/09/29 11:34:45.523, 7, 8701, 100
2026/09/29 11:34:46.524, 0, 8705, 100
2026/09/29 11:34:46.524, 1, 8601, 100
2026/09/29 11:34:46.524, 2, 8703, 100
2026/09/29 11:34:46.524, 3, 8643, 100
2026/09/29 11:34:46.524, 4, 8623, 100
2026/09/29 11:34:46.524, 5, 8561, 100
2026/09/29 11:34:46.524, 6, 8641, 100
2026/09/29 11:34:46.524, 7, 8701, 100
2026/09/29 11:34:47.524, 0, 8705, 100
2026/09/29 11:34:47.524, 1, 8601, 100
2026/09/29 11:34:47.524, 2, 8703, 100
2026/09/29 11:34:47.524, 3, 8643, 100
2026/09/29 11:34:47.525, 4, 8623, 100
2026/09/29 11:34:47.525, 5, 8561, 100
2026/09/29 11:34:47.525, 6, 8641, 100
2026/09/29 11:34:47.525, 7, 8701, 100
2026/09/29 11:34:48.525, 0, 8705, 100
2026/09/29 11:34:48.525, 1, 8601, 100
2026/09/29 11:34:48.525, 2, 8703, 100
2026/09/29 11:34:48.525, 3, 8643, 100
2026/09/29 11:34:48.525, 4, 8623, 100
2026/09/29 11:34:48.525, 5, 8561, 100
2026/09/29 11:34:48.525, 6, 8641, 100
2026/09/29 11:34:48.525, 7, 8701, 100
2026/09/29 11:34:49.525, 0, 8705, 100
2026/09/29 11:34:49.525, 1, 8601, 100
2026/09/29 11:34:49.525, 2, 8703, 100
2026/09/29 11:34:49.525, 3, 8643, 100
2026/09/29 11:34:49.526, 4, 8623, 100
2026/09/29 11:34:49.526, 5, 8561, 100
2026/09/29 11:34:49.526, 6, 8641, 100
2026/09/29 11:34:49.526, 7, 8701, 100
2026/09/29 11:34:50.526, 0, 8705, 100
2026/09/29 11:34:50.526, 1, 8601, 100
2026/09/29 11:34:50.526, 2, 8703, 100
2026/09/29 11:34:50.526, 3, 8643, 100
2026/09/29 11:34:50.526, 4, 8623, 100
2026/09/29 11:34:50.526, 5, 8561, 100
2026/09/29 11:34:50.526, 6, 8641, 100
2026/09/29 11:34:50.526, 7, 8701, 100
2026/09/29 11:34:51.527, 0, 8705, 100
2026/09/29 11:34:51.527, 1, 8601, 100
2026/09/29 11:34:51.527, 2, 8703, 100
2026/09/29 11:34:51.527, 3, 8643, 100
2026/09/29 11:34:51.527, 4, 8623, 100
2026/09/29 11:34:51.527, 5, 8561, 100
2026/09/29 11:34:51.527, 6, 8641, 100
2026/09/29 11:34:51.527, 7, 8701, 100
2026/09/29 11:34:52.527, 0, 8705, 100
2026/09/29 11:34:52.527, 1, 8601, 100
2026/09/29 11:34:52.527, 2, 8703, 100
2026/09/29 11:34:52.527, 3, 8643, 100
2026/09/29 11:34:52.527, 4, 8623, 100
2026/09/29 11:34:52.527, 5, 8561, 100
2026/09/29 11:34:52.527, 6, 8641, 100
2026/09/29 11:34:52.527, 7, 8701, 100
2026/09/29 11:34:53.527, 0, 8705, 100
2026/09/29 11:34:53.528, 1, 8601, 100
2026/09/29 11:34:53.528, 2, 8703, 100
2026/09/29 11:34:53.528, 3, 8643, 100
2026/09/29 11:34:53.528, 4, 8623, 100
2026/09/29 11:34:53.528, 5, 8561, 100
2026/09/29 11:34:53.528, 6, 8641, 100
2026/09/29 11:34:53.528, 7, 8701, 100
2026/09/29 11:34:54.528, 0, 8705, 100
2026/09/29 11:34:54.528, 1, 8601, 100
2026/09/29 11:34:54.528, 2, 8703, 100
2026/09/29 11:34:54.528, 3, 8643, 100
2026/09/29 11:34:54.528, 4, 8623, 100
2026/09/29 11:34:54.529, 5, 8561, 100
2026/09/29 11:34:54.529, 6, 8641, 100
2026/09/29 11:34:54.529, 7, 8701, 100
2026/09/29 11:34:55.529, 0, 8705, 100
2026/09/29 11:34:55.529, 1, 8601, 100
2026/09/29 11:34:55.529, 2, 8703, 100
2026/09/29 11:34:55.529, 3, 8643, 100
2026/09/29 11:34:55.529, 4, 8623, 100
2026/09/29 11:34:55.529, 5, 8561, 100
2026/09/29 11:34:55.529, 6, 8641, 100
2026/09/29 11:34:55.529, 7, 8701, 100
2026/09/29 11:34:56.529, 0, 8705, 100
2026/09/29 11:34:56.529, 1, 8601, 100
2026/09/29 11:34:56.530, 2, 8703, 100
2026/09/29 11:34:56.530, 3, 8643, 100
2026/09/29 11:34:56.530, 4, 8623, 100
2026/09/29 11:34:56.530, 5, 8561, 100
2026/09/29 11:34:56.530, 6, 8641, 100
2026/09/29 11:34:56.530, 7, 8701, 100
2026/09/29 11:34:57.530, 0, 8705, 100
2026/09/29 11:34:57.530, 1, 8601, 100
2026/09/29 11:34:57.530, 2, 8703, 100
2026/09/29 11:34:57.531, 3, 8643, 100
2026/09/29 11:34:57.531, 4, 8623, 100
2026/09/29 11:34:57.531, 5, 8561, 100
2026/09/29 11:34:57.531, 6, 8641, 100
2026/09/29 11:34:57.531, 7, 8701, 100
2026/09/29 11:34:58.531, 0, 8705, 100
2026/09/29 11:34:58.531, 1, 8601, 100
2026/09/29 11:34:58.531, 2, 8703, 100
2026/09/29 11:34:58.531, 3, 8643, 100
2026/09/29 11:34:58.531, 4, 8623, 100
2026/09/29 11:34:58.531, 5, 8561, 100
2026/09/29 11:34:58.531, 6, 8641, 100
2026/09/29 11:34:58.531, 7, 8701, 100
2026/09/29 11:34:59.531, 0, 8705, 100
2026/09/29 11:34:59.532, 1, 8601, 100
2026/09/29 11:34:59.532, 2, 8703, 100
2026/09/29 11:34:59.532, 3, 8643, 100
2026/09/29 11:34:59.532, 4, 8623, 100
2026/09/29 11:34:59.532, 5, 8561, 100
2026/09/29 11:34:59.532, 6, 8641, 100
2026/09/29 11:34:59.532, 7, 8701, 100
2026/09/29 11:35:00.532, 0, 8705, 100
2026/09/29 11:35:00.532, 1, 8601, 100
2026/09/29 11:35:00.532, 2, 8703, 100
2026/09/29 11:35:00.532, 3, 8643, 100
2026/09/29 11:35:00.532, 4, 8623, 100
2026/09/29 11:35:00.532, 5, 8561, 100
2026/09/29 11:35:00.532, 6, 8641, 100
2026/09/29 11:35:00.533, 7, 8701, 100
2026/09/29 11:35:01.533, 0, 8705, 100
2026/09/29 11:35:01.533, 1, 8601, 100
2026/09/29 11:35:01.533, 2, 8703, 100
2026/09/29 11:35:01.533, 3, 8643, 100
2026/09/29 11:35:01.533, 4, 8623, 100
2026/09/29 11:35:01.533, 5, 8561, 100
2026/09/29 11:35:01.533, 6, 8641, 100
2026/09/29 11:35:01.533, 7, 8701, 100
2026/09/29 11:35:02.534, 0, 8705, 100
2026/09/29 11:35:02.534, 1, 8601, 100
2026/09/29 11:35:02.534, 2, 8703, 100
2026/09/29 11:35:02.534, 3, 8643, 100
2026/09/29 11:35:02.534, 4, 8623, 100
2026/09/29 11:35:02.534, 5, 8561, 100
2026/09/29 11:35:02.534, 6, 8641, 100
2026/09/29 11:35:02.534, 7, 8701, 100
2026/09/29 11:35:03.534, 0, 8705, 100
2026/09/29 11:35:03.534, 1, 8601, 100
2026/09/29 11:35:03.534, 2, 8703, 100
2026/09/29 11:35:03.534, 3, 8643, 100
2026/09/29 11:35:03.535, 4, 8623, 100
2026/09/29 11:35:03.535, 5, 8561, 100
2026/09/29 11:35:03.535, 6, 8641, 100
2026/09/29 11:35:03.535, 7, 8701, 100
2026/09/29 11:35:04.535, 0, 8705, 100
2026/09/29 11:35:04.535, 1, 8601, 100
2026/09/29 11:35:04.535, 2, 8703, 100
2026/09/29 11:35:04.535, 3, 8643, 100
2026/09/29 11:35:04.535, 4, 8623, 100
2026/09/29 11:35:04.535, 5, 8561, 100
2026/09/29 11:35:04.535, 6, 8641, 100
2026/09/29 11:35:04.535, 7, 8701, 100
2026/09/29 11:35:05.535, 0, 8705, 100
2026/09/29 11:35:05.536, 1, 8601, 100
2026/09/29 11:35:05.536, 2, 8703, 100
2026/09/29 11:35:05.536, 3, 8643, 100
2026/09/29 11:35:05.536, 4, 8623, 100
2026/09/29 11:35:05.536, 5, 8561, 100
2026/09/29 11:35:05.536, 6, 8641, 100
2026/09/29 11:35:05.536, 7, 8701, 100
2026/09/29 11:35:06.536, 0, 8705, 100
2026/09/29 11:35:06.536, 1, 8601, 100
2026/09/29 11:35:06.536, 2, 8703, 100
2026/09/29 11:35:06.536, 3, 8643, 100
2026/09/29 11:35:06.536, 4, 8623, 100
2026/09/29 11:35:06.536, 5, 8561, 100
2026/09/29 11:35:06.536, 6, 8641, 100
2026/09/29 11:35:06.536, 7, 8701, 100
2026/09/29 11:35:07.537, 0, 8705, 100
2026/09/29 11:35:07.537, 1, 8601, 100
2026/09/29 11:35:07.537, 2, 8703, 100
2026/09/29 11:35:07.537, 3, 8643, 100
2026/09/29 11:35:07.537, 4, 8623, 100
2026/09/29 11:35:07.537, 5, 8561, 100
2026/09/29 11:35:07.537, 6, 8641, 100
2026/09/29 11:35:07.537, 7, 8701, 100
2026/09/29 11:35:08.537, 0, 8705, 100
2026/09/29 11:35:08.537, 1, 8601, 100
2026/09/29 11:35:08.537, 2, 8703, 100
2026/09/29 11:35:08.537, 3, 8643, 100
2026/09/29 11:35:08.537, 4, 8623, 100
2026/09/29 11:35:08.537, 5, 8561, 100
2026/09/29 11:35:08.537, 6, 8641, 100
2026/09/29 11:35:08.538, 7, 8701, 100
2026/09/29 11:35:09.538, 0, 8705, 100
2026/09/29 11:35:09.538, 1, 8601, 100
2026/09/29 11:35:09.538, 2, 8703, 100
2026/09/29 11:35:09.538, 3, 8643, 100
2026/09/29 11:35:09.538, 4, 8623, 100
2026/09/29 11:35:09.538, 5, 8561, 100
2026/09/29 11:35:09.538, 6, 8641, 100
2026/09/29 11:35:09.538, 7, 8701, 100
2026/09/29 11:35:10.538, 0, 8705, 100
2026/09/29 11:35:10.539, 1, 8601, 100
2026/09/29 11:35:10.539, 2, 8703, 100
2026/09/29 11:35:10.539, 3, 8643, 100
2026/09/29 11:35:10.539, 4, 8623, 100
2026/09/29 11:35:10.539, 5, 8561, 100
2026/09/29 11:35:10.539, 6, 8641, 100
2026/09/29 11:35:10.539, 7, 8701, 100
2026/09/29 11:35:11.539, 0, 8705, 100
2026/09/29 11:35:11.539, 1, 8601, 100
2026/09/29 11:35:11.540, 2, 8703, 100
2026/09/29 11:35:11.540, 3, 8643, 100
2026/09/29 11:35:11.540, 4, 8623, 100
2026/09/29 11:35:11.540, 5, 8561, 100
2026/09/29 11:35:11.540, 6, 8641, 100
2026/09/29 11:35:11.540, 7, 8701, 100
2026/09/29 11:35:12.540, 0, 8705, 100
2026/09/29 11:35:12.540, 1, 8601, 100
2026/09/29 11:35:12.540, 2, 8703, 100
2026/09/29 11:35:12.540, 3, 8643, 100
2026/09/29 11:35:12.540, 4, 8623, 100
2026/09/29 11:35:12.540, 5, 8561, 100
2026/09/29 11:35:12.541, 6, 8641, 100
2026/09/29 11:35:12.541, 7, 8701, 100
2026/09/29 11:35:13.541, 0, 8705, 100
2026/09/29 11:35:13.541, 1, 8601, 100
2026/09/29 11:35:13.541, 2, 8703, 100
2026/09/29 11:35:13.541, 3, 8643, 100
2026/09/29 11:35:13.541, 4, 8623, 100
2026/09/29 11:35:13.541, 5, 8561, 100
2026/09/29 11:35:13.541, 6, 8641, 100
2026/09/29 11:35:13.541, 7, 8701, 100
2026/09/29 11:35:14.541, 0, 8705, 100
2026/09/29 11:35:14.541, 1, 8601, 100
2026/09/29 11:35:14.542, 2, 8703, 100
2026/09/29 11:35:14.542, 3, 8643, 100
2026/09/29 11:35:14.542, 4, 8623, 100
2026/09/29 11:35:14.542, 5, 8561, 100
2026/09/29 11:35:14.542, 6, 8641, 100
2026/09/29 11:35:14.542, 7, 8701, 100
2026/09/29 11:35:15.542, 0, 8705, 100
2026/09/29 11:35:15.542, 1, 8601, 100
2026/09/29 11:35:15.542, 2, 8703, 100
2026/09/29 11:35:15.542, 3, 8643, 100
2026/09/29 11:35:15.542, 4, 8623, 100
2026/09/29 11:35:15.542, 5, 8561, 100
2026/09/29 11:35:15.542, 6, 8641, 100
2026/09/29 11:35:15.542, 7, 8701, 100
2026/09/29 11:35:16.542, 0, 8705, 100
2026/09/29 11:35:16.543, 1, 8601, 100
2026/09/29 11:35:16.543, 2, 8703, 100
2026/09/29 11:35:16.543, 3, 8643, 100
2026/09/29 11:35:16.543, 4, 8623, 100
2026/09/29 11:35:16.543, 5, 8561, 100
2026/09/29 11:35:16.543, 6, 8641, 100
2026/09/29 11:35:16.543, 7, 8701, 100
2026/09/29 11:35:17.543, 0, 8705, 100
2026/09/29 11:35:17.543, 1, 8601, 100
2026/09/29 11:35:17.543, 2, 8703, 100
2026/09/29 11:35:17.543, 3, 8643, 100
2026/09/29 11:35:17.543, 4, 8623, 100
2026/09/29 11:35:17.543, 5, 8561, 100
2026/09/29 11:35:17.543, 6, 8641, 100
2026/09/29 11:35:17.543, 7, 8701, 100
2026/09/29 11:35:18.543, 0, 8705, 100
2026/09/29 11:35:18.543, 1, 8601, 100
2026/09/29 11:35:18.544, 2, 8703, 100
2026/09/29 11:35:18.544, 3, 8643, 100
2026/09/29 11:35:18.544, 4, 8623, 100
2026/09/29 11:35:18.544, 5, 8561, 100
2026/09/29 11:35:18.544, 6, 8641, 100
2026/09/29 11:35:18.544, 7, 8701, 100
2026/09/29 11:35:19.544, 0, 8705, 100
2026/09/29 11:35:19.544, 1, 8601, 100
2026/09/29 11:35:19.544, 2, 8703, 100
2026/09/29 11:35:19.544, 3, 8643, 100
2026/09/29 11:35:19.544, 4, 8623, 100
2026/09/29 11:35:19.544, 5, 8561, 100
2026/09/29 11:35:19.544, 6, 8641, 100
2026/09/29 11:35:19.544, 7, 8701, 100
2026/09/29 11:35:20.544, 0, 8705, 100
2026/09/29 11:35:20.545, 1, 8601, 100
2026/09/29 11:35:20.545, 2, 8703, 100
2026/09/29 11:35:20.545, 3, 8643, 100
2026/09/29 11:35:20.545, 4, 8623, 100
2026/09/29 11:35:20.545, 5, 8561, 100
2026/09/29 11:35:20.545, 6, 8641, 100
2026/09/29 11:35:20.545, 7, 8701, 100
2026/09/29 11:35:21.545, 0, 8705, 100
2026/09/29 11:35:21.548, 1, 8601, 100
2026/09/29 11:35:21.551, 2, 8703, 100
2026/09/29 11:35:21.555, 3, 8643, 100
2026/09/29 11:35:21.556, 4, 8623, 100
2026/09/29 11:35:21.561, 5, 8561, 100
2026/09/29 11:35:21.562, 6, 8641, 100
2026/09/29 11:35:21.567, 7, 8701, 100
2026/09/29 11:35:22.568, 0, 8705, 100
2026/09/29 11:35:22.568, 1, 8601, 100
2026/09/29 11:35:22.568, 2, 8703, 100
2026/09/29 11:35:22.568, 3, 8643, 100
2026/09/29 11:35:22.568, 4, 8623, 100
2026/09/29 11:35:22.568, 5, 8561, 100
2026/09/29 11:35:22.568, 6, 8641, 100
2026/09/29 11:35:22.568, 7, 8701, 100
2026/09/29 11:35:23.568, 0, 8705, 100
2026/09/29 11:35:23.569, 1, 8601, 100
2026/09/29 11:35:23.569, 2, 8703, 100
2026/09/29 11:35:23.569, 3, 8643, 100
2026/09/29 11:35:23.569, 4, 8623, 100
2026/09/29 11:35:23.569, 5, 8561, 100
2026/09/29 11:35:23.569, 6, 8641, 100
2026/09/29 11:35:23.569, 7, 8701, 100
2026/09/29 11:35:24.569, 0, 8705, 100
2026/09/29 11:35:24.569, 1, 8601, 100
2026/09/29 11:35:24.569, 2, 8703, 100
2026/09/29 11:35:24.569, 3, 8643, 100
2026/09/29 11:35:24.569, 4, 8623, 100
2026/09/29 11:35:24.569, 5, 8561, 100
2026/09/29 11:35:24.569, 6, 8641, 100
2026/09/29 11:35:24.570, 7, 8701, 100
2026/09/29 11:35:25.570, 0, 8705, 100
2026/09/29 11:35:25.570, 1, 8601, 100
2026/09/29 11:35:25.570, 2, 8703, 100
2026/09/29 11:35:25.570, 3, 8643, 100
2026/09/29 11:35:25.570, 4, 8623, 100
2026/09/29 11:35:25.570, 5, 8561, 100
2026/09/29 11:35:25.570, 6, 8641, 100
2026/09/29 11:35:25.570, 7, 8701, 100
2026/09/29 11:35:26.570, 0, 8705, 100
2026/09/29 11:35:26.570, 1, 8601, 100
2026/09/29 11:35:26.570, 2, 8703, 100
2026/09/29 11:35:26.571, 3, 8643, 100
2026/09/29 11:35:26.571, 4, 8623, 100
2026/09/29 11:35:26.571, 5, 8561, 100
2026/09/29 11:35:26.571, 6, 8641, 100
2026/09/29 11:35:26.571, 7, 8701, 100
2026/09/29 11:35:27.571, 0, 8705, 100
2026/09/29 11:35:27.571, 1, 8601, 100
2026/09/29 11:35:27.571, 2, 8703, 100
2026/09/29 11:35:27.571, 3, 8643, 100
2026/09/29 11:35:27.571, 4, 8623, 100
2026/09/29 11:35:27.571, 5, 8561, 100
2026/09/29 11:35:27.571, 6, 8641, 100
2026/09/29 11:35:27.571, 7, 8701, 100
2026/09/29 11:35:28.571, 0, 8705, 100
2026/09/29 11:35:28.572, 1, 8601, 100
2026/09/29 11:35:28.572, 2, 8703, 100
2026/09/29 11:35:28.572, 3, 8643, 100
2026/09/29 11:35:28.572, 4, 8623, 100
2026/09/29 11:35:28.572, 5, 8561, 100
2026/09/29 11:35:28.572, 6, 8641, 100
2026/09/29 11:35:28.572, 7, 8701, 100
2026/09/29 11:35:29.572, 0, 8705, 100
2026/09/29 11:35:29.572, 1, 8601, 100
2026/09/29 11:35:29.572, 2, 8703, 100
2026/09/29 11:35:29.572, 3, 8643, 100
2026/09/29 11:35:29.572, 4, 8623, 100
2026/09/29 11:35:29.572, 5, 8561, 100
2026/09/29 11:35:29.572, 6, 8641, 100
2026/09/29 11:35:29.572, 7, 8701, 100
2026/09/29 11:35:30.573, 0, 8705, 100
2026/09/29 11:35:30.573, 1, 8601, 100
2026/09/29 11:35:30.573, 2, 8703, 100
2026/09/29 11:35:30.573, 3, 8643, 100
2026/09/29 11:35:30.573, 4, 8623, 100
2026/09/29 11:35:30.573, 5, 8561, 100
2026/09/29 11:35:30.573, 6, 8641, 100
2026/09/29 11:35:30.573, 7, 8701, 100
2026/09/29 11:35:31.573, 0, 8705, 100
2026/09/29 11:35:31.574, 1, 8601, 100
2026/09/29 11:35:31.574, 2, 8703, 100
2026/09/29 11:35:31.574, 3, 8643, 100
2026/09/29 11:35:31.574, 4, 8623, 100
2026/09/29 11:35:31.574, 5, 8561, 100
2026/09/29 11:35:31.574, 6, 8641, 100
2026/09/29 11:35:31.574, 7, 8701, 100
2026/09/29 11:35:32.574, 0, 8705, 100
2026/09/29 11:35:32.574, 1, 8601, 100
2026/09/29 11:35:32.574, 2, 8703, 100
2026/09/29 11:35:32.574, 3, 8643, 100
2026/09/29 11:35:32.574, 4, 8623, 100
2026/09/29 11:35:32.574, 5, 8561, 100
2026/09/29 11:35:32.574, 6, 8641, 100
2026/09/29 11:35:32.574, 7, 8701, 100
2026/09/29 11:35:33.574, 0, 8705, 100
2026/09/29 11:35:33.575, 1, 8601, 100
2026/09/29 11:35:33.575, 2, 8703, 100
2026/09/29 11:35:33.575, 3, 8643, 100
2026/09/29 11:35:33.575, 4, 8623, 100
2026/09/29 11:35:33.575, 5, 8561, 100
2026/09/29 11:35:33.575, 6, 8641, 100
2026/09/29 11:35:33.575, 7, 8701, 100
2026/09/29 11:35:34.575, 0, 8705, 100
2026/09/29 11:35:34.575, 1, 8601, 100
2026/09/29 11:35:34.575, 2, 8703, 100
2026/09/29 11:35:34.575, 3, 8643, 100
2026/09/29 11:35:34.575, 4, 8623, 100
2026/09/29 11:35:34.575, 5, 8561, 100
2026/09/29 11:35:34.575, 6, 8641, 100
2026/09/29 11:35:34.575, 7, 8701, 100
2026/09/29 11:35:35.575, 0, 8705, 100
2026/09/29 11:35:35.576, 1, 8601, 100
2026/09/29 11:35:35.576, 2, 8703, 100
2026/09/29 11:35:35.576, 3, 8643, 100
2026/09/29 11:35:35.576, 4, 8623, 100
2026/09/29 11:35:35.576, 5, 8561, 100
2026/09/29 11:35:35.576, 6, 8641, 100
2026/09/29 11:35:35.576, 7, 8701, 100
2026/09/29 11:35:36.576, 0, 8705, 100
2026/09/29 11:35:36.576, 1, 8601, 100
2026/09/29 11:35:36.576, 2, 8703, 100
2026/09/29 11:35:36.576, 3, 8643, 100
2026/09/29 11:35:36.576, 4, 8623, 100
2026/09/29 11:35:36.577, 5, 8561, 100
2026/09/29 11:35:36.577, 6, 8641, 100
2026/09/29 11:35:36.577, 7, 8701, 100
2026/09/29 11:35:37.577, 0, 8705, 100
2026/09/29 11:35:37.577, 1, 8601, 100
2026/09/29 11:35:37.577, 2, 8703, 100
2026/09/29 11:35:37.577, 3, 8643, 100
2026/09/29 11:35:37.577, 4, 8623, 100
2026/09/29 11:35:37.577, 5, 8561, 100
2026/09/29 11:35:37.577, 6, 8641, 100
2026/09/29 11:35:37.577, 7, 8701, 100
2026/09/29 11:35:38.577, 0, 8705, 100
2026/09/29 11:35:38.578, 1, 8601, 100
2026/09/29 11:35:38.578, 2, 8703, 100
2026/09/29 11:35:38.578, 3, 8643, 100
2026/09/29 11:35:38.578, 4, 8623, 100
2026/09/29 11:35:38.578, 5, 8561, 100
2026/09/29 11:35:38.578, 6, 8641, 100
2026/09/29 11:35:38.578, 7, 8701, 100
2026/09/29 11:35:39.578, 0, 8705, 100
2026/09/29 11:35:39.578, 1, 8601, 100
2026/09/29 11:35:39.578, 2, 8703, 100
2026/09/29 11:35:39.578, 3, 8643, 100
2026/09/29 11:35:39.578, 4, 8623, 100
2026/09/29 11:35:39.578, 5, 8561, 100
2026/09/29 11:35:39.578, 6, 8641, 100
2026/09/29 11:35:39.578, 7, 8701, 100
2026/09/29 11:35:40.579, 0, 8705, 100
2026/09/29 11:35:40.579, 1, 8601, 100
2026/09/29 11:35:40.579, 2, 8703, 100
2026/09/29 11:35:40.579, 3, 8643, 100
2026/09/29 11:35:40.579, 4, 8623, 100
2026/09/29 11:35:40.579, 5, 8561, 100
2026/09/29 11:35:40.579, 6, 8641, 100
2026/09/29 11:35:40.579, 7, 8701, 100
2026/09/29 11:35:41.579, 0, 8705, 100
2026/09/29 11:35:41.579, 1, 8601, 100
2026/09/29 11:35:41.580, 2, 8703, 100
2026/09/29 11:35:41.580, 3, 8643, 100
2026/09/29 11:35:41.580, 4, 8623, 100
2026/09/29 11:35:41.580, 5, 8561, 100
2026/09/29 11:35:41.580, 6, 8641, 100
2026/09/29 11:35:41.580, 7, 8701, 100
2026/09/29 11:35:42.580, 0, 8705, 100
2026/09/29 11:35:42.580, 1, 8601, 100
2026/09/29 11:35:42.580, 2, 8703, 100
2026/09/29 11:35:42.580, 3, 8643, 100
2026/09/29 11:35:42.580, 4, 8623, 100
2026/09/29 11:35:42.581, 5, 8561, 100
2026/09/29 11:35:42.581, 6, 8641, 100
2026/09/29 11:35:42.581, 7, 8701, 100
2026/09/29 11:35:43.581, 0, 8705, 100
2026/09/29 11:35:43.581, 1, 8601, 100
2026/09/29 11:35:43.581, 2, 8703, 100
2026/09/29 11:35:43.581, 3, 8643, 100
2026/09/29 11:35:43.581, 4, 8623, 100
2026/09/29 11:35:43.581, 5, 8561, 100
2026/09/29 11:35:43.581, 6, 8641, 100
2026/09/29 11:35:43.581, 7, 8701, 100
2026/09/29 11:35:44.582, 0, 8705, 100
2026/09/29 11:35:44.582, 1, 8601, 100
2026/09/29 11:35:44.582, 2, 8703, 100
2026/09/29 11:35:44.582, 3, 8643, 100
2026/09/29 11:35:44.582, 4, 8623, 100
2026/09/29 11:35:44.582, 5, 8561, 100
2026/09/29 11:35:44.582, 6, 8641, 100
2026/09/29 11:35:44.582, 7, 8701, 100
2026/09/29 11:35:45.582, 0, 8705, 100
2026/09/29 11:35:45.582, 1, 8601, 100
2026/09/29 11:35:45.582, 2, 8703, 100
2026/09/29 11:35:45.582, 3, 8643, 100
2026/09/29 11:35:45.582, 4, 8623, 100
2026/09/29 11:35:45.582, 5, 8561, 100
2026/09/29 11:35:45.583, 6, 8641, 100
2026/09/29 11:35:45.583, 7, 8701, 100
2026/09/29 11:35:46.583, 0, 8705, 100
2026/09/29 11:35:46.583, 1, 8601, 100
2026/09/29 11:35:46.584, 2, 8703, 100
2026/09/29 11:35:46.584, 3, 8643, 100
2026/09/29 11:35:46.584, 4, 8623, 100
2026/09/29 11:35:46.584, 5, 8561, 100
2026/09/29 11:35:46.584, 6, 8641, 100
2026/09/29 11:35:46.584, 7, 8701, 100
2026/09/29 11:35:47.584, 0, 8705, 100
2026/09/29 11:35:47.584, 1, 8601, 100
2026/09/29 11:35:47.584, 2, 8703, 100
2026/09/29 11:35:47.584, 3, 8643, 100
2026/09/29 11:35:47.584, 4, 8623, 100
2026/09/29 11:35:47.584, 5, 8561, 100
2026/09/29 11:35:47.584, 6, 8641, 100
2026/09/29 11:35:47.584, 7, 8701, 100
2026/09/29 11:35:48.584, 0, 8705, 100
2026/09/29 11:35:48.584, 1, 8601, 100
2026/09/29 11:35:48.584, 2, 8703, 100
2026/09/29 11:35:48.585, 3, 8643, 100
2026/09/29 11:35:48.585, 4, 8623, 100
2026/09/29 11:35:48.585, 5, 8561, 100
2026/09/29 11:35:48.585, 6, 8641, 100
2026/09/29 11:35:48.585, 7, 8701, 100
2026/09/29 11:35:49.585, 0, 8705, 100
2026/09/29 11:35:49.585, 1, 8601, 100
2026/09/29 11:35:49.585, 2, 8703, 100
2026/09/29 11:35:49.585, 3, 8643, 100
2026/09/29 11:35:49.585, 4, 8623, 100
2026/09/29 11:35:49.585, 5, 8561, 100
2026/09/29 11:35:49.585, 6, 8641, 100
2026/09/29 11:35:49.585, 7, 8701, 100
2026/09/29 11:35:50.585, 0, 8705, 100
2026/09/29 11:35:50.586, 1, 8601, 100
2026/09/29 11:35:50.586, 2, 8703, 100
2026/09/29 11:35:50.586, 3, 8643, 100
2026/09/29 11:35:50.586, 4, 8623, 100
2026/09/29 11:35:50.586, 5, 8561, 100
2026/09/29 11:35:50.586, 6, 8641, 100
2026/09/29 11:35:50.586, 7, 8701, 100
2026/09/29 11:35:51.586, 0, 8705, 100
2026/09/29 11:35:51.586, 1, 8601, 100
2026/09/29 11:35:51.587, 2, 8703, 100
2026/09/29 11:35:51.587, 3, 8643, 100
2026/09/29 11:35:51.587, 4, 8623, 100
2026/09/29 11:35:51.587, 5, 8561, 100
2026/09/29 11:35:51.587, 6, 8641, 100
2026/09/29 11:35:51.587, 7, 8701, 100
2026/09/29 11:35:52.587, 0, 8705, 100
2026/09/29 11:35:52.588, 1, 8601, 100
2026/09/29 11:35:52.588, 2, 8703, 100
2026/09/29 11:35:52.588, 3, 8643, 100
2026/09/29 11:35:52.588, 4, 8623, 100
2026/09/29 11:35:52.588, 5, 8561, 100
2026/09/29 11:35:52.588, 6, 8641, 100
2026/09/29 11:35:52.588, 7, 8701, 100
2026/09/29 11:35:53.588, 0, 8705, 100
2026/09/29 11:35:53.588, 1, 8601, 100
2026/09/29 11:35:53.588, 2, 8703, 100
2026/09/29 11:35:53.588, 3, 8643, 100
2026/09/29 11:35:53.588, 4, 8623, 100
2026/09/29 11:35:53.588, 5, 8561, 100
2026/09/29 11:35:53.588, 6, 8641, 100
2026/09/29 11:35:53.588, 7, 8701, 100
2026/09/29 11:35:54.588, 0, 8705, 100
2026/09/29 11:35:54.588, 1, 8601, 100
2026/09/29 11:35:54.588, 2, 8703, 100
2026/09/29 11:35:54.589, 3, 8643, 100
2026/09/29 11:35:54.589, 4, 8623, 100
2026/09/29 11:35:54.589, 5, 8561, 100
2026/09/29 11:35:54.589, 6, 8641, 100
2026/09/29 11:35:54.589, 7, 8701, 100
2026/09/29 11:35:55.589, 0, 8705, 100
2026/09/29 11:35:55.589, 1, 8601, 100
2026/09/29 11:35:55.589, 2, 8703, 100
2026/09/29 11:35:55.589, 3, 8643, 100
2026/09/29 11:35:55.589, 4, 8623, 100
2026/09/29 11:35:55.589, 5, 8561, 100
2026/09/29 11:35:55.589, 6, 8641, 100
2026/09/29 11:35:55.589, 7, 8701, 100
2026/09/29 11:35:56.590, 0, 8705, 100
2026/09/29 11:35:56.590, 1, 8601, 100
2026/09/29 11:35:56.590, 2, 8703, 100
2026/09/29 11:35:56.590, 3, 8643, 100
2026/09/29 11:35:56.590, 4, 8623, 100
2026/09/29 11:35:56.590, 5, 8561, 100
2026/09/29 11:35:56.590, 6, 8641, 100
2026/09/29 11:35:56.590, 7, 8701, 100
2026/09/29 11:35:57.590, 0, 8705, 100
2026/09/29 11:35:57.590, 1, 8601, 100
2026/09/29 11:35:57.590, 2, 8703, 100
2026/09/29 11:35:57.590, 3, 8643, 100
2026/09/29 11:35:57.590, 4, 8623, 100
2026/09/29 11:35:57.590, 5, 8561, 100
2026/09/29 11:35:57.590, 6, 8641, 100
2026/09/29 11:35:57.590, 7, 8701, 100
2026/09/29 11:35:58.591, 0, 8705, 100
2026/09/29 11:35:58.591, 1, 8601, 100
2026/09/29 11:35:58.591, 2, 8703, 100
2026/09/29 11:35:58.591, 3, 8643, 100
2026/09/29 11:35:58.591, 4, 8623, 100
2026/09/29 11:35:58.591, 5, 8561, 100
2026/09/29 11:35:58.591, 6, 8641, 100
2026/09/29 11:35:58.591, 7, 8701, 100
2026/09/29 11:35:59.591, 0, 8705, 100
2026/09/29 11:35:59.591, 1, 8601, 100
2026/09/29 11:35:59.591, 2, 8703, 100
2026/09/29 11:35:59.591, 3, 8643, 100
2026/09/29 11:35:59.591, 4, 8623, 100
2026/09/29 11:35:59.591, 5, 8561, 100
2026/09/29 11:35:59.591, 6, 8641, 100
2026/09/29 11:35:59.591, 7, 8701, 100
2026/09/29 11:36:00.591, 0, 8705, 100
2026/09/29 11:36:00.592, 1, 8601, 100
2026/09/29 11:36:00.592, 2, 8703, 100
2026/09/29 11:36:00.592, 3, 8643, 100
2026/09/29 11:36:00.592, 4, 8623, 100
2026/09/29 11:36:00.592, 5, 8561, 100
2026/09/29 11:36:00.592, 6, 8641, 100
2026/09/29 11:36:00.592, 7, 8701, 100
2026/09/29 11:36:01.592, 0, 8705, 100
2026/09/29 11:36:01.592, 1, 8601, 100
2026/09/29 11:36:01.593, 2, 8703, 100
2026/09/29 11:36:01.593, 3, 8643, 100
2026/09/29 11:36:01.593, 4, 8623, 100
2026/09/29 11:36:01.593, 5, 8561, 100
2026/09/29 11:36:01.593, 6, 8641, 100
2026/09/29 11:36:01.593, 7, 8701, 100
2026/09/29 11:36:02.593, 0, 8705, 100
2026/09/29 11:36:02.593, 1, 8601, 100
2026/09/29 11:36:02.593, 2, 8703, 100
2026/09/29 11:36:02.593, 3, 8643, 100
2026/09/29 11:36:02.594, 4, 8623, 100
2026/09/29 11:36:02.594, 5, 8561, 100
2026/09/29 11:36:02.594, 6, 8641, 100
2026/09/29 11:36:02.594, 7, 8701, 100
2026/09/29 11:36:03.594, 0, 8705, 100
2026/09/29 11:36:03.594, 1, 8601, 100
2026/09/29 11:36:03.594, 2, 8703, 100
2026/09/29 11:36:03.594, 3, 8643, 100
2026/09/29 11:36:03.594, 4, 8623, 100
2026/09/29 11:36:03.594, 5, 8561, 100
2026/09/29 11:36:03.594, 6, 8641, 100
2026/09/29 11:36:03.594, 7, 8701, 100
2026/09/29 11:36:04.595, 0, 8705, 100
2026/09/29 11:36:04.595, 1, 8601, 100
2026/09/29 11:36:04.595, 2, 8703, 100
2026/09/29 11:36:04.595, 3, 8643, 100
2026/09/29 11:36:04.595, 4, 8623, 100
2026/09/29 11:36:04.595, 5, 8561, 100
2026/09/29 11:36:04.595, 6, 8641, 100
2026/09/29 11:36:04.595, 7, 8701, 100
2026/09/29 11:36:05.595, 0, 8705, 100
2026/09/29 11:36:05.595, 1, 8601, 100
2026/09/29 11:36:05.595, 2, 8703, 100
2026/09/29 11:36:05.595, 3, 8643, 100
2026/09/29 11:36:05.595, 4, 8623, 100
2026/09/29 11:36:05.596, 5, 8561, 100
2026/09/29 11:36:05.596, 6, 8641, 100
2026/09/29 11:36:05.596, 7, 8701, 100
2026/09/29 11:36:06.596, 0, 8705, 100
2026/09/29 11:36:06.596, 1, 8601, 100
2026/09/29 11:36:06.596, 2, 8703, 100
2026/09/29 11:36:06.596, 3, 8643, 100
2026/09/29 11:36:06.596, 4, 8623, 100
2026/09/29 11:36:06.596, 5, 8561, 100
2026/09/29 11:36:06.596, 6, 8641, 100
2026/09/29 11:36:06.596, 7, 8701, 100
2026/09/29 11:36:07.596, 0, 8705, 100
2026/09/29 11:36:07.596, 1, 8601, 100
2026/09/29 11:36:07.596, 2, 8703, 100
2026/09/29 11:36:07.596, 3, 8643, 100
2026/09/29 11:36:07.596, 4, 8623, 100
2026/09/29 11:36:07.596, 5, 8561, 100
2026/09/29 11:36:07.597, 6, 8641, 100
2026/09/29 11:36:07.597, 7, 8701, 100
2026/09/29 11:36:08.597, 0, 8705, 100
2026/09/29 11:36:08.597, 1, 8601, 100
2026/09/29 11:36:08.597, 2, 8703, 100
2026/09/29 11:36:08.597, 3, 8643, 100
2026/09/29 11:36:08.597, 4, 8623, 100
2026/09/29 11:36:08.597, 5, 8561, 100
2026/09/29 11:36:08.597, 6, 8641, 100
2026/09/29 11:36:08.597, 7, 8701, 100
2026/09/29 11:36:09.598, 0, 8705, 100
2026/09/29 11:36:09.598, 1, 8601, 100
2026/09/29 11:36:09.598, 2, 8703, 100
2026/09/29 11:36:09.598, 3, 8643, 100
2026/09/29 11:36:09.598, 4, 8623, 100
2026/09/29 11:36:09.598, 5, 8561, 100
2026/09/29 11:36:09.598, 6, 8641, 100
2026/09/29 11:36:09.598, 7, 8701, 100
2026/09/29 11:36:10.598, 0, 8705, 100
2026/09/29 11:36:10.598, 1, 8601, 100
2026/09/29 11:36:10.598, 2, 8703, 100
2026/09/29 11:36:10.598, 3, 8643, 100
2026/09/29 11:36:10.598, 4, 8623, 100
2026/09/29 11:36:10.599, 5, 8561, 100
2026/09/29 11:36:10.599, 6, 8641, 100
2026/09/29 11:36:10.599, 7, 8701, 100
2026/09/29 11:36:11.599, 0, 8705, 100
2026/09/29 11:36:11.599, 1, 8601, 100
2026/09/29 11:36:11.599, 2, 8703, 100
2026/09/29 11:36:11.599, 3, 8643, 100
2026/09/29 11:36:11.599, 4, 8623, 100
2026/09/29 11:36:11.599, 5, 8561, 100
2026/09/29 11:36:11.599, 6, 8641, 100
2026/09/29 11:36:11.599, 7, 8701, 100
2026/09/29 11:36:12.599, 0, 8705, 100
2026/09/29 11:36:12.600, 1, 8601, 100
2026/09/29 11:36:12.600, 2, 8703, 100
2026/09/29 11:36:12.600, 3, 8643, 100
2026/09/29 11:36:12.600, 4, 8623, 100
2026/09/29 11:36:12.600, 5, 8561, 100
2026/09/29 11:36:12.600, 6, 8641, 100
2026/09/29 11:36:12.600, 7, 8701, 100
2026/09/29 11:36:13.600, 0, 8705, 100
2026/09/29 11:36:13.600, 1, 8601, 100
2026/09/29 11:36:13.600, 2, 8703, 100
2026/09/29 11:36:13.600, 3, 8643, 100
2026/09/29 11:36:13.600, 4, 8623, 100
2026/09/29 11:36:13.600, 5, 8561, 100
2026/09/29 11:36:13.600, 6, 8641, 100
2026/09/29 11:36:13.601, 7, 8701, 100
2026/09/29 11:36:14.601, 0, 8705, 100
2026/09/29 11:36:14.601, 1, 8601, 100
2026/09/29 11:36:14.601, 2, 8703, 100
2026/09/29 11:36:14.601, 3, 8643, 100
2026/09/29 11:36:14.601, 4, 8623, 100
2026/09/29 11:36:14.601, 5, 8561, 100
2026/09/29 11:36:14.601, 6, 8641, 100
2026/09/29 11:36:14.601, 7, 8701, 100
2026/09/29 11:36:15.602, 0, 8705, 100
2026/09/29 11:36:15.602, 1, 8601, 100
2026/09/29 11:36:15.602, 2, 8703, 100
2026/09/29 11:36:15.602, 3, 8643, 100
2026/09/29 11:36:15.602, 4, 8623, 100
2026/09/29 11:36:15.602, 5, 8561, 100
2026/09/29 11:36:15.602, 6, 8641, 100
2026/09/29 11:36:15.602, 7, 8701, 100
2026/09/29 11:36:16.602, 0, 3379, 100
2026/09/29 11:36:16.603, 1, 3363, 100
2026/09/29 11:36:16.603, 2, 3387, 100
2026/09/29 11:36:16.603, 3, 3379, 100
2026/09/29 11:36:16.603, 4, 3403, 100
2026/09/29 11:36:16.603, 5, 3421, 100
2026/09/29 11:36:16.603, 6, 3321, 41
2026/09/29 11:36:16.604, 7, 3405, 100
2026/09/29 11:36:17.605, 0, 4327, 98
2026/09/29 11:36:17.605, 1, 4331, 99
2026/09/29 11:36:17.605, 2, 4313, 98
2026/09/29 11:36:17.605, 3, 4389, 99
2026/09/29 11:36:17.605, 4, 4311, 29
2026/09/29 11:36:17.605, 5, 4371, 99
2026/09/29 11:36:17.605, 6, 4431, 99
2026/09/29 11:36:17.605, 7, 4331, 93
2026/09/29 11:36:18.605, 0, 3629, 16
2026/09/29 11:36:18.606, 1, 3655, 9
2026/09/29 11:36:18.622, 2, 3645, 49
2026/09/29 11:36:18.635, 3, 3711, 18
2026/09/29 11:36:18.648, 4, 3697, 0
2026/09/29 11:36:18.663, 5, 3715, 31
2026/09/29 11:36:18.674, 6, 3689, 0
2026/09/29 11:36:18.687, 7, 3711, 98
2026/09/29 11:36:19.697, 0, 3238, 0
2026/09/29 11:36:19.697, 1, 3264, 0
2026/09/29 11:36:19.697, 2, 3254, 0
2026/09/29 11:36:19.697, 3, 3320, 0
2026/09/29 11:36:19.697, 4, 3306, 0
2026/09/29 11:36:19.697, 5, 3324, 0
2026/09/29 11:36:19.697, 6, 3298, 0
2026/09/29 11:36:19.697, 7, 3320, 0
2026/09/29 11:36:20.698, 0, 3238, 0
2026/09/29 11:36:20.698, 1, 3264, 0
2026/09/29 11:36:20.698, 2, 3254, 0
2026/09/29 11:36:20.698, 3, 3320, 0
2026/09/29 11:36:20.698, 4, 3306, 0
2026/09/29 11:36:20.698, 5, 3324, 0
2026/09/29 11:36:20.698, 6, 3298, 0
2026/09/29 11:36:20.698, 7, 3320, 0
2026/09/29 11:36:21.698, 0, 3238, 0
2026/09/29 11:36:21.699, 1, 3264, 0
2026/09/29 11:36:21.699, 2, 3254, 0
2026/09/29 11:36:21.699, 3, 3320, 0
2026/09/29 11:36:21.699, 4, 3306, 0
2026/09/29 11:36:21.699, 5, 3324, 0
2026/09/29 11:36:21.699, 6, 3298, 0
2026/09/29 11:36:21.699, 7, 3320, 0
2026/09/29 11:36:22.699, 0, 3238, 0
2026/09/29 11:36:22.699, 1, 3264, 0
2026/09/29 11:36:22.699, 2, 3254, 0
2026/09/29 11:36:22.699, 3, 3320, 0
2026/09/29 11:36:22.699, 4, 3306, 0
2026/09/29 11:36:22.699, 5, 3324, 0
2026/09/29 11:36:22.699, 6, 3298, 0
2026/09/29 11:36:22.699, 7, 3320, 0
2026/09/29 11:36:23.700, 0, 3238, 0
2026/09/29 11:36:23.700, 1, 3264, 0
2026/09/29 11:36:23.700, 2, 3254, 0
2026/09/29 11:36:23.700, 3, 3320, 0
2026/09/29 11:36:23.700, 4, 3306, 0
2026/09/29 11:36:23.700, 5, 3324, 0
2026/09/29 11:36:23.700, 6, 3298, 0
2026/09/29 11:36:23.700, 7, 3320, 0
2026/09/29 11:36:24.700, 0, 3136, 0
2026/09/29 11:36:24.700, 1, 3162, 0
2026/09/29 11:36:24.700, 2, 3152, 0
2026/09/29 11:36:24.700, 3, 3218, 0
2026/09/29 11:36:24.700, 4, 3204, 0
2026/09/29 11:36:24.701, 5, 3222, 0
2026/09/29 11:36:24.701, 6, 3196, 0
2026/09/29 11:36:24.701, 7, 3218, 0
2026/09/29 11:36:25.701, 0, 3136, 0
2026/09/29 11:36:25.701, 1, 3162, 0
2026/09/29 11:36:25.701, 2, 3152, 0
2026/09/29 11:36:25.701, 3, 3218, 0
2026/09/29 11:36:25.701, 4, 3204, 0
2026/09/29 11:36:25.701, 5, 3222, 0
2026/09/29 11:36:25.701, 6, 3196, 0
2026/09/29 11:36:25.701, 7, 3218, 0
2026/09/29 11:36:26.701, 0, 3136, 0
2026/09/29 11:36:26.701, 1, 3162, 0
2026/09/29 11:36:26.702, 2, 3152, 0
2026/09/29 11:36:26.702, 3, 3218, 0
2026/09/29 11:36:26.702, 4, 3204, 0
2026/09/29 11:36:26.702, 5, 3222, 0
2026/09/29 11:36:26.702, 6, 3196, 0
2026/09/29 11:36:26.703, 7, 3218, 0
2026/09/29 11:36:27.703, 0, 3136, 0
2026/09/29 11:36:27.703, 1, 3162, 0
2026/09/29 11:36:27.703, 2, 3152, 0
2026/09/29 11:36:27.703, 3, 3218, 0
2026/09/29 11:36:27.703, 4, 3204, 0
2026/09/29 11:36:27.703, 5, 3222, 0
2026/09/29 11:36:27.703, 6, 3196, 0
2026/09/29 11:36:27.703, 7, 3218, 0
2026/09/29 11:36:28.703, 0, 3136, 0
2026/09/29 11:36:28.704, 1, 3162, 0
2026/09/29 11:36:28.704, 2, 3152, 0
2026/09/29 11:36:28.704, 3, 3218, 0
2026/09/29 11:36:28.704, 4, 3204, 0
2026/09/29 11:36:28.704, 5, 3222, 0
2026/09/29 11:36:28.704, 6, 3196, 0
2026/09/29 11:36:28.704, 7, 3218, 0
2026/09/29 11:36:29.704, 0, 3136, 0
2026/09/29 11:36:29.704, 1, 3162, 0
2026/09/29 11:36:29.704, 2, 3152, 0
2026/09/29 11:36:29.705, 3, 3218, 0
2026/09/29 11:36:29.705, 4, 3204, 0
2026/09/29 11:36:29.705, 5, 3222, 0
2026/09/29 11:36:29.705, 6, 3196, 0
2026/09/29 11:36:29.705, 7, 3218, 0
2026/09/29 11:36:30.705, 0, 3136, 0
2026/09/29 11:36:30.705, 1, 3162, 0
2026/09/29 11:36:30.705, 2, 3152, 0
2026/09/29 11:36:30.705, 3, 3218, 0
2026/09/29 11:36:30.705, 4, 3204, 0
2026/09/29 11:36:30.705, 5, 3222, 0
2026/09/29 11:36:30.706, 6, 3196, 0
2026/09/29 11:36:30.706, 7, 3218, 0
2026/09/29 11:36:31.706, 0, 4, 0
2026/09/29 11:36:49.890, 1, 4, 0
2026/09/29 11:37:49.313, 2, 4, 0
2026/09/29 11:37:49.364, 3, 4, 0
2026/09/29 11:37:49.366, 4, 4, 0
2026/09/29 11:37:49.367, 5, 4, 0
2026/09/29 11:37:49.367, 6, 4, 0
2026/09/29 11:37:49.367, 7, 4, 0
