2026/09/29 12:32:53.682, 0, 1, 0
2026/09/29 12:32:54.684, 0, 1, 0
2026/09/29 12:32:55.685, 0, 1, 0
2026/09/29 12:32:56.696, 0, 4, 0
2026/09/29 12:32:57.696, 0, 4, 0
2026/09/29 12:32:58.696, 0, 4, 0
2026/09/29 12:32:59.697, 0, 4, 0
2026/09/29 12:33:00.697, 0, 4, 0
2026/09/29 12:33:01.697, 0, 4, 0
2026/09/29 12:33:02.697, 0, 4, 0
2026/09/29 12:33:03.697, 0, 4, 0
2026/09/29 12:33:04.697, 0, 4, 0
2026/09/29 12:33:05.698, 0, 4, 0
2026/09/29 12:33:06.698, 0, 4, 0
2026/09/29 12:33:07.698, 0, 396, 0
2026/09/29 12:33:08.698, 0, 396, 0
2026/09/29 12:33:09.699, 0, 396, 0
2026/09/29 12:33:10.699, 0, 396, 0
2026/09/29 12:33:11.699, 0, 396, 0
2026/09/29 12:33:12.700, 0, 396, 0
2026/09/29 12:33:13.700, 0, 396, 0
2026/09/29 12:33:14.700, 0, 798, 0
2026/09/29 12:33:15.700, 0, 1940, 0
2026/09/29 12:33:16.701, 0, 1942, 0
2026/09/29 12:33:17.701, 0, 1944, 0
2026/09/29 12:33:18.701, 0, 1948, 0
2026/09/29 12:33:19.702, 0, 1948, 0
2026/09/29 12:33:20.702, 0, 1952, 0
2026/09/29 12:33:21.702, 0, 1954, 0
2026/09/29 12:33:22.703, 0, 1956, 0
2026/09/29 12:33:23.703, 0, 1958, 0
2026/09/29 12:33:24.703, 0, 1960, 0
2026/09/29 12:33:25.703, 0, 1962, 0
2026/09/29 12:33:26.704, 0, 1964, 0
2026/09/29 12:33:27.704, 0, 1966, 0
2026/09/29 12:33:28.704, 0, 1970, 0
2026/09/29 12:33:29.705, 0, 1972, 0
2026/09/29 12:33:30.705, 0, 1974, 0
2026/09/29 12:33:31.705, 0, 1976, 0
2026/09/29 12:33:32.705, 0, 1978, 0
2026/09/29 12:33:33.706, 0, 1980, 0
2026/09/29 12:33:34.706, 0, 1982, 1
2026/09/29 12:33:35.706, 0, 1984, 1
2026/09/29 12:33:36.707, 0, 1986, 0
2026/09/29 12:33:37.707, 0, 1988, 0
2026/09/29 12:33:38.707, 0, 1992, 1
2026/09/29 12:33:39.707, 0, 1994, 1
2026/09/29 12:33:40.708, 0, 1996, 1
2026/09/29 12:33:41.708, 0, 1998, 0
2026/09/29 12:33:42.708, 0, 2000, 0
2026/09/29 12:33:43.708, 0, 2002, 0
2026/09/29 12:33:44.709, 0, 2004, 0
2026/09/29 12:33:45.709, 0, 2006, 0
2026/09/29 12:33:46.709, 0, 2008, 0
2026/09/29 12:33:47.710, 0, 2010, 0
2026/09/29 12:33:48.710, 0, 2012, 0
2026/09/29 12:33:49.710, 0, 2014, 0
2026/09/29 12:33:50.711, 0, 2016, 0
2026/09/29 12:33:51.711, 0, 2020, 0
2026/09/29 12:33:52.711, 0, 2022, 0
2026/09/29 12:33:53.712, 0, 2024, 0
2026/09/29 12:33:54.712, 0, 2026, 0
2026/09/29 12:33:55.712, 0, 2028, 0
2026/09/29 12:33:56.712, 0, 12952, 0
2026/09/29 12:33:57.713, 0, 12952, 0
2026/09/29 12:33:58.713, 0, 12952, 0
2026/09/29 12:33:59.713, 0, 12952, 0
2026/09/29 12:34:00.713, 0, 12952, 0
2026/09/29 12:34:01.713, 0, 12952, 0
2026/09/29 12:34:02.714, 0, 12952, 0
2026/09/29 12:34:03.714, 0, 12952, 13
2026/09/29 12:34:04.714, 0, 12952, 29
2026/09/29 12:34:05.714, 0, 12952, 0
2026/09/29 12:34:06.715, 0, 12952, 0
2026/09/29 12:34:07.715, 0, 12952, 0
2026/09/29 12:34:08.715, 0, 14174, 3
2026/09/29 12:34:09.715, 0, 14174, 0
2026/09/29 12:34:10.715, 0, 14174, 0
2026/09/29 12:34:11.715, 0, 14174, 0
2026/09/29 12:34:12.716, 0, 14406, 0
2026/09/29 12:34:13.716, 0, 14688, 0
2026/09/29 12:34:14.716, 0, 18556, 100
2026/09/29 12:34:15.716, 0, 18556, 100
2026/09/29 12:34:16.717, 0, 18556, 100
2026/09/29 12:34:17.717, 0, 21558, 0
2026/09/29 12:34:18.717, 0, 21558, 100
2026/09/29 12:34:19.717, 0, 21558, 100
2026/09/29 12:34:20.717, 0, 21558, 100
2026/09/29 12:34:21.718, 0, 21558, 100
2026/09/29 12:34:22.718, 0, 21558, 100
2026/09/29 12:34:23.718, 0, 21558, 100
2026/09/29 12:34:24.718, 0, 21558, 100
2026/09/29 12:34:25.718, 0, 21558, 100
2026/09/29 12:34:26.718, 0, 21558, 100
2026/09/29 12:34:27.719, 0, 21558, 100
2026/09/29 12:34:28.719, 0, 21558, 100
2026/09/29 12:34:29.719, 0, 21558, 100
2026/09/29 12:34:30.719, 0, 21558, 100
2026/09/29 12:34:31.719, 0, 21558, 100
2026/09/29 12:34:32.720, 0, 21558, 100
2026/09/29 12:34:33.720, 0, 21558, 100
2026/09/29 12:34:34.720, 0, 21558, 100
2026/09/29 12:34:35.720, 0, 21558, 100
2026/09/29 12:34:36.720, 0, 21558, 99
2026/09/29 12:34:37.721, 0, 21558, 100
2026/09/29 12:34:38.721, 0, 21558, 100
2026/09/29 12:34:39.721, 0, 21558, 100
2026/09/29 12:34:40.721, 0, 21558, 100
2026/09/29 12:34:41.721, 0, 21558, 100
2026/09/29 12:34:42.721, 0, 21558, 100
2026/09/29 12:34:43.722, 0, 21558, 100
2026/09/29 12:34:44.722, 0, 21558, 100
2026/09/29 12:34:45.722, 0, 21558, 100
2026/09/29 12:34:46.722, 0, 21558, 100
2026/09/29 12:34:47.722, 0, 21558, 100
2026/09/29 12:34:48.723, 0, 21558, 100
2026/09/29 12:34:49.723, 0, 21558, 100
2026/09/29 12:34:50.723, 0, 21558, 100
2026/09/29 12:34:51.723, 0, 21558, 100
2026/09/29 12:34:52.723, 0, 21558, 100
2026/09/29 12:34:53.724, 0, 21558, 100
2026/09/29 12:34:54.724, 0, 21558, 100
2026/09/29 12:34:55.724, 0, 21558, 100
2026/09/29 12:34:56.724, 0, 21558, 100
2026/09/29 12:34:57.724, 0, 21558, 100
2026/09/29 12:34:58.725, 0, 21558, 100
2026/09/29 12:34:59.725, 0, 21558, 100
2026/09/29 12:35:00.725, 0, 21558, 100
2026/09/29 12:35:01.725, 0, 21558, 100
2026/09/29 12:35:02.725, 0, 21558, 100
2026/09/29 12:35:03.725, 0, 21558, 100
2026/09/29 12:35:04.726, 0, 21558, 100
2026/09/29 12:35:05.726, 0, 21558, 100
2026/09/29 12:35:06.726, 0, 21558, 100
2026/09/29 12:35:07.726, 0, 21558, 100
2026/09/29 12:35:08.726, 0, 21558, 100
2026/09/29 12:35:09.727, 0, 21558, 100
2026/09/29 12:35:10.727, 0, 21558, 100
2026/09/29 12:35:11.727, 0, 21558, 100
2026/09/29 12:35:12.727, 0, 21558, 100
2026/09/29 12:35:13.727, 0, 21558, 100
2026/09/29 12:35:14.728, 0, 21558, 100
2026/09/29 12:35:15.728, 0, 21558, 100
2026/09/29 12:35:16.728, 0, 21558, 100
2026/09/29 12:35:17.728, 0, 21558, 100
2026/09/29 12:35:18.728, 0, 21558, 100
2026/09/29 12:35:19.729, 0, 21558, 100
2026/09/29 12:35:20.729, 0, 21558, 100
2026/09/29 12:35:21.729, 0, 21570, 100
2026/09/29 12:35:22.729, 0, 21570, 100
2026/09/29 12:35:23.729, 0, 21570, 100
2026/09/29 12:35:24.729, 0, 21570, 100
2026/09/29 12:35:25.730, 0, 21570, 100
2026/09/29 12:35:26.730, 0, 21570, 100
2026/09/29 12:35:27.730, 0, 21570, 100
2026/09/29 12:35:28.730, 0, 21570, 100
2026/09/29 12:35:29.730, 0, 21570, 100
2026/09/29 12:35:30.731, 0, 21570, 100
2026/09/29 12:35:31.731, 0, 21570, 100
2026/09/29 12:35:32.731, 0, 21570, 100
2026/09/29 12:35:33.731, 0, 21570, 100
2026/09/29 12:35:34.731, 0, 21570, 100
2026/09/29 12:35:35.732, 0, 21570, 100
2026/09/29 12:35:36.732, 0, 21570, 100
2026/09/29 12:35:37.732, 0, 21570, 100
2026/09/29 12:35:38.732, 0, 21570, 100
2026/09/29 12:35:39.732, 0, 21570, 100
2026/09/29 12:35:40.732, 0, 21570, 100
2026/09/29 12:35:41.733, 0, 21570, 100
2026/09/29 12:35:42.733, 0, 21570, 100
2026/09/29 12:35:43.733, 0, 21570, 95
2026/09/29 12:35:44.733, 0, 21570, 100
2026/09/29 12:35:45.733, 0, 21570, 100
2026/09/29 12:35:46.734, 0, 21570, 100
2026/09/29 12:35:47.734, 0, 21570, 100
2026/09/29 12:35:48.734, 0, 21570, 100
2026/09/29 12:35:49.734, 0, 21570, 100
2026/09/29 12:35:50.734, 0, 21570, 100
2026/09/29 12:35:51.734, 0, 21570, 100
2026/09/29 12:35:52.735, 0, 21570, 100
2026/09/29 12:35:53.735, 0, 21570, 100
2026/09/29 12:35:54.735, 0, 21570, 100
2026/09/29 12:35:55.735, 0, 21570, 100
2026/09/29 12:35:56.735, 0, 21570, 100
2026/09/29 12:35:57.735, 0, 21570, 100
2026/09/29 12:35:58.736, 0, 21570, 100
2026/09/29 12:35:59.736, 0, 21570, 100
2026/09/29 12:36:00.736, 0, 21570, 100
2026/09/29 12:36:01.736, 0, 21570, 100
2026/09/29 12:36:02.736, 0, 21570, 100
2026/09/29 12:36:03.736, 0, 21570, 100
2026/09/29 12:36:04.737, 0, 21570, 100
2026/09/29 12:36:05.737, 0, 21570, 100
2026/09/29 12:36:06.737, 0, 21570, 100
2026/09/29 12:36:07.737, 0, 21570, 100
2026/09/29 12:36:08.737, 0, 21570, 100
2026/09/29 12:36:09.738, 0, 21570, 100
2026/09/29 12:36:10.738, 0, 21570, 100
2026/09/29 12:36:11.738, 0, 21570, 100
2026/09/29 12:36:12.738, 0, 21570, 100
2026/09/29 12:36:13.738, 0, 21570, 100
2026/09/29 12:36:14.738, 0, 21570, 100
2026/09/29 12:36:15.739, 0, 21570, 100
2026/09/29 12:36:16.739, 0, 21570, 100
2026/09/29 12:36:17.739, 0, 21570, 100
2026/09/29 12:36:18.739, 0, 21570, 100
2026/09/29 12:36:19.739, 0, 21570, 100
2026/09/29 12:36:20.739, 0, 21570, 100
2026/09/29 12:36:21.740, 0, 21570, 100
2026/09/29 12:36:22.740, 0, 21570, 100
2026/09/29 12:36:23.740, 0, 21570, 100
2026/09/29 12:36:24.740, 0, 21570, 100
2026/09/29 12:36:25.740, 0, 21570, 100
2026/09/29 12:36:26.741, 0, 21570, 100
2026/09/29 12:36:27.741, 0, 21570, 100
2026/09/29 12:36:28.741, 0, 21570, 100
2026/09/29 12:36:29.741, 0, 21570, 100
2026/09/29 12:36:30.741, 0, 21570, 100
2026/09/29 12:36:31.742, 0, 21570, 100
2026/09/29 12:36:32.742, 0, 21570, 100
2026/09/29 12:36:33.742, 0, 21570, 100
2026/09/29 12:36:34.742, 0, 21570, 100
2026/09/29 12:36:35.742, 0, 21570, 100
2026/09/29 12:36:36.742, 0, 21570, 100
2026/09/29 12:36:37.743, 0, 21570, 99
2026/09/29 12:36:38.743, 0, 21570, 100
2026/09/29 12:36:39.743, 0, 21570, 100
2026/09/29 12:36:40.743, 0, 21570, 100
2026/09/29 12:36:41.743, 0, 21570, 100
2026/09/29 12:36:42.744, 0, 21570, 100
2026/09/29 12:36:43.744, 0, 21570, 100
2026/09/29 12:36:44.744, 0, 21570, 100
2026/09/29 12:36:45.744, 0, 21570, 100
2026/09/29 12:36:46.744, 0, 21570, 100
2026/09/29 12:36:47.745, 0, 21570, 100
2026/09/29 12:36:48.745, 0, 21570, 100
2026/09/29 12:36:49.745, 0, 21570, 100
2026/09/29 12:36:50.745, 0, 21570, 100
2026/09/29 12:36:51.745, 0, 21570, 100
2026/09/29 12:36:52.745, 0, 21570, 100
2026/09/29 12:36:53.746, 0, 21570, 100
2026/09/29 12:36:54.746, 0, 21570, 100
2026/09/29 12:36:55.746, 0, 21570, 100
2026/09/29 12:36:56.746, 0, 21570, 100
2026/09/29 12:36:57.746, 0, 21570, 100
2026/09/29 12:36:58.747, 0, 21570, 100
2026/09/29 12:36:59.747, 0, 21570, 100
2026/09/29 12:37:00.747, 0, 21570, 100
2026/09/29 12:37:01.747, 0, 21570, 100
2026/09/29 12:37:02.747, 0, 21570, 100
2026/09/29 12:37:03.747, 0, 21570, 100
2026/09/29 12:37:04.748, 0, 21570, 100
2026/09/29 12:37:05.748, 0, 21570, 100
2026/09/29 12:37:06.748, 0, 21570, 100
2026/09/29 12:37:07.748, 0, 21570, 100
2026/09/29 12:37:08.748, 0, 21570, 99
2026/09/29 12:37:09.749, 0, 21570, 100
2026/09/29 12:37:10.749, 0, 21570, 100
2026/09/29 12:37:11.749, 0, 21570, 100
2026/09/29 12:37:12.749, 0, 21570, 100
2026/09/29 12:37:13.749, 0, 21570, 100
2026/09/29 12:37:14.749, 0, 21570, 100
2026/09/29 12:37:15.750, 0, 21570, 100
2026/09/29 12:37:16.750, 0, 21570, 100
2026/09/29 12:37:17.750, 0, 21570, 100
2026/09/29 12:37:18.750, 0, 21570, 100
2026/09/29 12:37:19.750, 0, 21570, 100
2026/09/29 12:37:20.751, 0, 21570, 100
2026/09/29 12:37:21.751, 0, 21570, 100
2026/09/29 12:37:22.751, 0, 21570, 100
2026/09/29 12:37:23.751, 0, 21570, 100
2026/09/29 12:37:24.751, 0, 21570, 100
2026/09/29 12:37:25.752, 0, 21570, 100
2026/09/29 12:37:26.752, 0, 21570, 100
2026/09/29 12:37:27.752, 0, 21570, 100
2026/09/29 12:37:28.752, 0, 21570, 100
2026/09/29 12:37:29.752, 0, 21570, 100
2026/09/29 12:37:30.752, 0, 21570, 100
2026/09/29 12:37:31.753, 0, 21570, 100
2026/09/29 12:37:32.753, 0, 21570, 100
2026/09/29 12:37:33.753, 0, 21570, 99
2026/09/29 12:37:34.753, 0, 21570, 100
2026/09/29 12:37:35.753, 0, 21570, 100
2026/09/29 12:37:36.754, 0, 21570, 100
2026/09/29 12:37:37.754, 0, 21570, 100
2026/09/29 12:37:38.754, 0, 21570, 100
2026/09/29 12:37:39.754, 0, 21570, 100
2026/09/29 12:37:40.754, 0, 21570, 100
2026/09/29 12:37:41.754, 0, 21570, 100
2026/09/29 12:37:42.755, 0, 21570, 100
2026/09/29 12:37:43.755, 0, 21570, 100
2026/09/29 12:37:44.755, 0, 21570, 100
2026/09/29 12:37:45.755, 0, 21570, 100
2026/09/29 12:37:46.755, 0, 21570, 100
2026/09/29 12:37:47.756, 0, 21570, 100
2026/09/29 12:37:48.756, 0, 21570, 100
2026/09/29 12:37:49.756, 0, 21570, 100
2026/09/29 12:37:50.756, 0, 21570, 100
2026/09/29 12:37:51.756, 0, 21570, 100
2026/09/29 12:37:52.756, 0, 21570, 100
2026/09/29 12:37:53.757, 0, 21570, 100
2026/09/29 12:37:54.757, 0, 21570, 100
2026/09/29 12:37:55.757, 0, 21570, 100
2026/09/29 12:37:56.757, 0, 21570, 100
2026/09/29 12:37:57.757, 0, 21570, 100
2026/09/29 12:37:58.758, 0, 21570, 100
2026/09/29 12:37:59.758, 0, 21570, 100
2026/09/29 12:38:00.758, 0, 21570, 100
2026/09/29 12:38:01.758, 0, 21570, 100
2026/09/29 12:38:02.758, 0, 21570, 100
2026/09/29 12:38:03.759, 0, 21570, 100
2026/09/29 12:38:04.759, 0, 21570, 100
2026/09/29 12:38:05.759, 0, 21570, 100
2026/09/29 12:38:06.759, 0, 21570, 100
2026/09/29 12:38:07.759, 0, 21570, 100
2026/09/29 12:38:08.759, 0, 21570, 100
2026/09/29 12:38:09.760, 0, 21570, 100
2026/09/29 12:38:10.760, 0, 21570, 100
2026/09/29 12:38:11.760, 0, 21570, 100
2026/09/29 12:38:12.760, 0, 21570, 100
2026/09/29 12:38:13.760, 0, 21570, 100
2026/09/29 12:38:14.761, 0, 21570, 96
2026/09/29 12:38:15.761, 0, 21570, 100
2026/09/29 12:38:16.761, 0, 21570, 100
2026/09/29 12:38:17.761, 0, 21570, 100
2026/09/29 12:38:18.761, 0, 21570, 100
2026/09/29 12:38:19.762, 0, 21570, 100
2026/09/29 12:38:20.762, 0, 21570, 100
2026/09/29 12:38:21.762, 0, 21570, 100
2026/09/29 12:38:22.762, 0, 21570, 100
2026/09/29 12:38:23.762, 0, 21570, 100
2026/09/29 12:38:24.762, 0, 21570, 100
2026/09/29 12:38:25.763, 0, 21570, 100
2026/09/29 12:38:26.763, 0, 21570, 100
2026/09/29 12:38:27.763, 0, 21570, 100
2026/09/29 12:38:28.763, 0, 21570, 100
2026/09/29 12:38:29.763, 0, 21570, 100
2026/09/29 12:38:30.764, 0, 21570, 100
2026/09/29 12:38:31.764, 0, 21570, 100
2026/09/29 12:38:32.764, 0, 21570, 100
2026/09/29 12:38:33.764, 0, 21570, 100
2026/09/29 12:38:34.764, 0, 21570, 100
2026/09/29 12:38:35.765, 0, 21570, 100
2026/09/29 12:38:36.765, 0, 21570, 100
2026/09/29 12:38:37.765, 0, 21570, 100
2026/09/29 12:38:38.765, 0, 21570, 100
2026/09/29 12:38:39.765, 0, 21570, 100
2026/09/29 12:38:40.765, 0, 21570, 100
2026/09/29 12:38:41.766, 0, 21570, 100
2026/09/29 12:38:42.766, 0, 21570, 100
2026/09/29 12:38:43.766, 0, 21570, 100
2026/09/29 12:38:44.766, 0, 21570, 100
2026/09/29 12:38:45.766, 0, 21570, 100
2026/09/29 12:38:46.767, 0, 21570, 100
2026/09/29 12:38:47.767, 0, 21570, 100
2026/09/29 12:38:48.767, 0, 21570, 100
2026/09/29 12:38:49.767, 0, 21570, 100
2026/09/29 12:38:50.767, 0, 21570, 100
2026/09/29 12:38:51.767, 0, 21570, 100
2026/09/29 12:38:52.768, 0, 21570, 100
2026/09/29 12:38:53.768, 0, 21570, 100
2026/09/29 12:38:54.768, 0, 21570, 100
2026/09/29 12:38:55.768, 0, 21570, 100
2026/09/29 12:38:56.768, 0, 21570, 100
2026/09/29 12:38:57.769, 0, 21570, 100
2026/09/29 12:38:58.769, 0, 21570, 100
2026/09/29 12:38:59.769, 0, 21570, 100
2026/09/29 12:39:00.769, 0, 21570, 100
2026/09/29 12:39:01.769, 0, 21570, 100
2026/09/29 12:39:02.770, 0, 21570, 100
2026/09/29 12:39:03.770, 0, 21570, 100
2026/09/29 12:39:04.770, 0, 21570, 100
2026/09/29 12:39:05.770, 0, 21570, 100
2026/09/29 12:39:06.770, 0, 21570, 100
2026/09/29 12:39:07.770, 0, 21570, 100
2026/09/29 12:39:08.771, 0, 21570, 99
2026/09/29 12:39:09.771, 0, 21570, 100
2026/09/29 12:39:10.771, 0, 21570, 100
2026/09/29 12:39:11.771, 0, 21570, 100
2026/09/29 12:39:12.771, 0, 21570, 100
2026/09/29 12:39:13.772, 0, 21570, 100
2026/09/29 12:39:14.772, 0, 21570, 100
2026/09/29 12:39:15.772, 0, 21570, 100
2026/09/29 12:39:16.772, 0, 21570, 100
2026/09/29 12:39:17.772, 0, 21570, 100
2026/09/29 12:39:18.772, 0, 21570, 100
2026/09/29 12:39:19.773, 0, 21570, 100
2026/09/29 12:39:20.773, 0, 21570, 100
2026/09/29 12:39:21.773, 0, 21570, 100
2026/09/29 12:39:22.773, 0, 21570, 100
2026/09/29 12:39:23.773, 0, 21570, 100
2026/09/29 12:39:24.774, 0, 21570, 100
2026/09/29 12:39:25.774, 0, 21570, 100
2026/09/29 12:39:26.774, 0, 21570, 100
2026/09/29 12:39:27.774, 0, 21570, 100
2026/09/29 12:39:28.774, 0, 21570, 100
2026/09/29 12:39:29.775, 0, 21570, 100
2026/09/29 12:39:30.775, 0, 21570, 100
2026/09/29 12:39:31.775, 0, 21570, 100
2026/09/29 12:39:32.775, 0, 21570, 100
2026/09/29 12:39:33.775, 0, 21570, 100
2026/09/29 12:39:34.775, 0, 21570, 100
2026/09/29 12:39:35.776, 0, 21570, 100
2026/09/29 12:39:36.776, 0, 21570, 100
2026/09/29 12:39:37.776, 0, 21570, 100
2026/09/29 12:39:38.776, 0, 21570, 100
2026/09/29 12:39:39.776, 0, 21570, 100
2026/09/29 12:39:40.777, 0, 21570, 100
2026/09/29 12:39:41.777, 0, 21570, 100
2026/09/29 12:39:42.777, 0, 21570, 100
2026/09/29 12:39:43.777, 0, 21570, 100
2026/09/29 12:39:44.777, 0, 21570, 100
2026/09/29 12:39:45.777, 0, 21570, 100
2026/09/29 12:39:46.778, 0, 21570, 100
2026/09/29 12:39:47.778, 0, 21570, 100
2026/09/29 12:39:48.778, 0, 21570, 100
2026/09/29 12:39:49.778, 0, 21570, 100
2026/09/29 12:39:50.778, 0, 21570, 100
2026/09/29 12:39:51.779, 0, 21570, 100
2026/09/29 12:39:52.779, 0, 21570, 100
2026/09/29 12:39:53.779, 0, 21570, 100
2026/09/29 12:39:54.779, 0, 21570, 100
2026/09/29 12:39:55.779, 0, 21570, 100
2026/09/29 12:39:56.780, 0, 21570, 100
2026/09/29 12:39:57.780, 0, 21570, 100
2026/09/29 12:39:58.780, 0, 21570, 100
2026/09/29 12:39:59.780, 0, 21570, 100
2026/09/29 12:40:00.780, 0, 21570, 100
2026/09/29 12:40:01.780, 0, 21570, 100
2026/09/29 12:40:02.781, 0, 21570, 97
2026/09/29 12:40:03.781, 0, 21570, 100
2026/09/29 12:40:04.781, 0, 21570, 100
2026/09/29 12:40:05.781, 0, 21570, 100
2026/09/29 12:40:06.781, 0, 21570, 100
2026/09/29 12:40:07.782, 0, 21570, 100
2026/09/29 12:40:08.782, 0, 21570, 100
2026/09/29 12:40:09.782, 0, 21570, 100
2026/09/29 12:40:10.782, 0, 21570, 100
2026/09/29 12:40:11.782, 0, 21570, 100
2026/09/29 12:40:12.783, 0, 21570, 100
2026/09/29 12:40:13.783, 0, 21570, 100
2026/09/29 12:40:14.783, 0, 21570, 100
2026/09/29 12:40:15.783, 0, 21570, 100
2026/09/29 12:40:16.783, 0, 21570, 100
2026/09/29 12:40:17.783, 0, 21570, 100
2026/09/29 12:40:18.784, 0, 21570, 100
2026/09/29 12:40:19.784, 0, 21570, 100
2026/09/29 12:40:20.784, 0, 21570, 100
2026/09/29 12:40:21.784, 0, 21570, 100
2026/09/29 12:40:22.784, 0, 21570, 100
2026/09/29 12:40:23.785, 0, 21570, 100
2026/09/29 12:40:24.785, 0, 21570, 100
2026/09/29 12:40:25.785, 0, 21570, 100
2026/09/29 12:40:26.785, 0, 21570, 100
2026/09/29 12:40:27.785, 0, 21570, 100
2026/09/29 12:40:28.785, 0, 21570, 100
2026/09/29 12:40:29.786, 0, 21570, 100
2026/09/29 12:40:30.786, 0, 21570, 100
2026/09/29 12:40:31.786, 0, 21570, 100
2026/09/29 12:40:32.786, 0, 21570, 100
2026/09/29 12:40:33.786, 0, 21570, 100
2026/09/29 12:40:34.787, 0, 21570, 100
2026/09/29 12:40:35.787, 0, 21570, 100
2026/09/29 12:40:36.787, 0, 21570, 100
2026/09/29 12:40:37.787, 0, 21570, 100
2026/09/29 12:40:38.787, 0, 21570, 100
2026/09/29 12:40:39.788, 0, 21570, 100
2026/09/29 12:40:40.788, 0, 21570, 100
2026/09/29 12:40:41.788, 0, 21570, 100
2026/09/29 12:40:42.788, 0, 21570, 100
2026/09/29 12:40:43.788, 0, 21570, 100
2026/09/29 12:40:44.788, 0, 21570, 100
2026/09/29 12:40:45.789, 0, 21570, 100
2026/09/29 12:40:46.789, 0, 21570, 100
2026/09/29 12:40:47.789, 0, 21570, 100
2026/09/29 12:40:48.789, 0, 21570, 100
2026/09/29 12:40:49.789, 0, 21570, 100
2026/09/29 12:40:50.790, 0, 21570, 100
2026/09/29 12:40:51.790, 0, 21570, 100
2026/09/29 12:40:52.790, 0, 21570, 100
2026/09/29 12:40:53.790, 0, 21570, 100
2026/09/29 12:40:54.790, 0, 21570, 100
2026/09/29 12:40:55.790, 0, 21570, 100
2026/09/29 12:40:56.791, 0, 21570, 100
2026/09/29 12:40:57.791, 0, 21570, 100
2026/09/29 12:40:58.791, 0, 21570, 100
2026/09/29 12:40:59.791, 0, 21570, 100
2026/09/29 12:41:00.791, 0, 21570, 100
2026/09/29 12:41:01.792, 0, 21570, 100
2026/09/29 12:41:02.792, 0, 21570, 100
2026/09/29 12:41:03.792, 0, 21570, 100
2026/09/29 12:41:04.792, 0, 21570, 100
2026/09/29 12:41:05.792, 0, 21570, 100
2026/09/29 12:41:06.793, 0, 21570, 100
2026/09/29 12:41:07.793, 0, 21570, 100
2026/09/29 12:41:08.793, 0, 21570, 100
2026/09/29 12:41:09.793, 0, 21570, 100
2026/09/29 12:41:10.793, 0, 21570, 100
2026/09/29 12:41:11.793, 0, 21570, 100
2026/09/29 12:41:12.794, 0, 21570, 100
2026/09/29 12:41:13.794, 0, 21570, 100
2026/09/29 12:41:14.794, 0, 21570, 100
2026/09/29 12:41:15.794, 0, 21570, 100
2026/09/29 12:41:16.794, 0, 21570, 100
2026/09/29 12:41:17.795, 0, 21570, 100
2026/09/29 12:41:18.795, 0, 21570, 100
2026/09/29 12:41:19.795, 0, 21570, 100
2026/09/29 12:41:20.795, 0, 21570, 100
2026/09/29 12:41:21.795, 0, 21570, 100
2026/09/29 12:41:22.795, 0, 21570, 99
2026/09/29 12:41:23.796, 0, 21570, 100
2026/09/29 12:41:24.796, 0, 21570, 100
2026/09/29 12:41:25.796, 0, 21570, 100
2026/09/29 12:41:26.796, 0, 21570, 100
2026/09/29 12:41:27.796, 0, 21570, 100
2026/09/29 12:41:28.797, 0, 21570, 100
2026/09/29 12:41:29.797, 0, 21570, 100
2026/09/29 12:41:30.797, 0, 21570, 100
2026/09/29 12:41:31.797, 0, 21570, 100
2026/09/29 12:41:32.797, 0, 21570, 100
2026/09/29 12:41:33.798, 0, 21570, 100
2026/09/29 12:41:34.798, 0, 21570, 100
2026/09/29 12:41:35.798, 0, 21570, 100
2026/09/29 12:41:36.798, 0, 21570, 100
2026/09/29 12:41:37.798, 0, 21570, 100
2026/09/29 12:41:38.798, 0, 21570, 100
2026/09/29 12:41:39.799, 0, 21570, 100
2026/09/29 12:41:40.799, 0, 21570, 100
2026/09/29 12:41:41.799, 0, 21570, 100
2026/09/29 12:41:42.799, 0, 21570, 99
2026/09/29 12:41:43.799, 0, 21570, 100
2026/09/29 12:41:44.800, 0, 21570, 100
2026/09/29 12:41:45.800, 0, 21570, 100
2026/09/29 12:41:46.800, 0, 21570, 100
2026/09/29 12:41:47.800, 0, 21570, 100
2026/09/29 12:41:48.800, 0, 21570, 100
2026/09/29 12:41:49.801, 0, 21570, 100
2026/09/29 12:41:50.801, 0, 21570, 100
2026/09/29 12:41:51.801, 0, 21570, 100
2026/09/29 12:41:52.801, 0, 21570, 100
2026/09/29 12:41:53.801, 0, 21570, 100
2026/09/29 12:41:54.802, 0, 21570, 100
2026/09/29 12:41:55.802, 0, 21570, 100
2026/09/29 12:41:56.802, 0, 21570, 100
2026/09/29 12:41:57.802, 0, 21570, 100
2026/09/29 12:41:58.802, 0, 21570, 100
2026/09/29 12:41:59.803, 0, 21570, 100
2026/09/29 12:42:00.803, 0, 21570, 100
2026/09/29 12:42:01.803, 0, 21570, 100
2026/09/29 12:42:02.803, 0, 21570, 100
2026/09/29 12:42:03.803, 0, 21570, 100
2026/09/29 12:42:04.804, 0, 21570, 100
2026/09/29 12:42:05.804, 0, 21570, 100
2026/09/29 12:42:06.804, 0, 21570, 100
2026/09/29 12:42:07.804, 0, 21570, 100
2026/09/29 12:42:08.804, 0, 21570, 100
2026/09/29 12:42:09.805, 0, 21570, 100
2026/09/29 12:42:10.805, 0, 21570, 100
2026/09/29 12:42:11.805, 0, 21570, 100
2026/09/29 12:42:12.805, 0, 21570, 100
2026/09/29 12:42:13.806, 0, 21570, 100
2026/09/29 12:42:14.806, 0, 21570, 100
2026/09/29 12:42:15.806, 0, 21570, 100
2026/09/29 12:42:16.806, 0, 21570, 100
2026/09/29 12:42:17.806, 0, 21570, 100
2026/09/29 12:42:18.807, 0, 21570, 100
2026/09/29 12:42:19.807, 0, 21570, 100
2026/09/29 12:42:20.807, 0, 21570, 100
2026/09/29 12:42:21.807, 0, 21570, 100
2026/09/29 12:42:22.807, 0, 21570, 100
2026/09/29 12:42:23.807, 0, 21570, 100
2026/09/29 12:42:24.808, 0, 21570, 100
2026/09/29 12:42:25.808, 0, 21570, 100
2026/09/29 12:42:26.808, 0, 21570, 100
2026/09/29 12:42:27.808, 0, 21570, 100
2026/09/29 12:42:28.808, 0, 21570, 100
2026/09/29 12:42:29.809, 0, 21570, 100
2026/09/29 12:42:30.809, 0, 21570, 100
2026/09/29 12:42:31.809, 0, 21570, 100
2026/09/29 12:42:32.809, 0, 21570, 100
2026/09/29 12:42:33.809, 0, 21570, 100
2026/09/29 12:42:34.810, 0, 21570, 100
2026/09/29 12:42:35.810, 0, 21570, 100
2026/09/29 12:42:36.810, 0, 21570, 100
2026/09/29 12:42:37.810, 0, 21570, 100
2026/09/29 12:42:38.810, 0, 21570, 100
2026/09/29 12:42:39.811, 0, 21570, 100
2026/09/29 12:42:40.811, 0, 21570, 100
2026/09/29 12:42:41.811, 0, 21570, 100
2026/09/29 12:42:42.811, 0, 21570, 100
2026/09/29 12:42:43.811, 0, 21570, 100
2026/09/29 12:42:44.811, 0, 21570, 100
2026/09/29 12:42:45.812, 0, 21570, 100
2026/09/29 12:42:46.812, 0, 21570, 100
2026/09/29 12:42:47.812, 0, 21570, 100
2026/09/29 12:42:48.812, 0, 21570, 100
2026/09/29 12:42:49.812, 0, 21570, 100
2026/09/29 12:42:50.813, 0, 21570, 99
2026/09/29 12:42:51.813, 0, 21570, 100
2026/09/29 12:42:52.813, 0, 21570, 100
2026/09/29 12:42:53.813, 0, 21570, 99
2026/09/29 12:42:54.813, 0, 21570, 100
2026/09/29 12:42:55.814, 0, 21570, 100
2026/09/29 12:42:56.814, 0, 21570, 100
2026/09/29 12:42:57.814, 0, 21570, 100
2026/09/29 12:42:58.814, 0, 21570, 100
2026/09/29 12:42:59.814, 0, 21570, 100
2026/09/29 12:43:00.814, 0, 21570, 100
2026/09/29 12:43:01.815, 0, 21570, 100
2026/09/29 12:43:02.815, 0, 21570, 100
2026/09/29 12:43:03.815, 0, 21570, 100
2026/09/29 12:43:04.815, 0, 21570, 100
2026/09/29 12:43:05.815, 0, 21570, 100
2026/09/29 12:43:06.816, 0, 21570, 100
2026/09/29 12:43:07.816, 0, 21570, 100
2026/09/29 12:43:08.816, 0, 21570, 100
2026/09/29 12:43:09.816, 0, 21570, 100
2026/09/29 12:43:10.816, 0, 21570, 100
2026/09/29 12:43:11.817, 0, 21570, 100
2026/09/29 12:43:12.817, 0, 21570, 100
2026/09/29 12:43:13.817, 0, 21570, 100
2026/09/29 12:43:14.817, 0, 21570, 100
2026/09/29 12:43:15.817, 0, 21570, 100
2026/09/29 12:43:16.818, 0, 21570, 100
2026/09/29 12:43:17.818, 0, 21570, 100
2026/09/29 12:43:18.818, 0, 21570, 100
2026/09/29 12:43:19.818, 0, 21570, 100
2026/09/29 12:43:20.818, 0, 21570, 100
2026/09/29 12:43:21.819, 0, 21570, 100
2026/09/29 12:43:22.819, 0, 21570, 100
2026/09/29 12:43:23.819, 0, 21570, 100
2026/09/29 12:43:24.819, 0, 21570, 100
2026/09/29 12:43:25.819, 0, 21570, 100
2026/09/29 12:43:26.819, 0, 21570, 100
2026/09/29 12:43:27.820, 0, 21570, 100
2026/09/29 12:43:28.820, 0, 21570, 100
2026/09/29 12:43:29.820, 0, 21570, 100
2026/09/29 12:43:30.820, 0, 21570, 100
2026/09/29 12:43:31.821, 0, 21570, 100
2026/09/29 12:43:32.821, 0, 21570, 100
2026/09/29 12:43:33.821, 0, 21570, 100
2026/09/29 12:43:34.821, 0, 21570, 100
2026/09/29 12:43:35.821, 0, 21570, 100
2026/09/29 12:43:36.821, 0, 21570, 100
2026/09/29 12:43:37.822, 0, 21570, 100
2026/09/29 12:43:38.822, 0, 21570, 100
2026/09/29 12:43:39.822, 0, 21570, 100
2026/09/29 12:43:40.822, 0, 21570, 100
2026/09/29 12:43:41.822, 0, 21570, 100
2026/09/29 12:43:42.823, 0, 21570, 100
2026/09/29 12:43:43.823, 0, 21570, 100
2026/09/29 12:43:44.823, 0, 21570, 100
2026/09/29 12:43:45.823, 0, 21570, 100
2026/09/29 12:43:46.823, 0, 21570, 100
2026/09/29 12:43:47.823, 0, 21570, 100
2026/09/29 12:43:48.824, 0, 21570, 100
2026/09/29 12:43:49.824, 0, 21570, 100
2026/09/29 12:43:50.824, 0, 21570, 100
2026/09/29 12:43:51.824, 0, 21570, 100
2026/09/29 12:43:52.824, 0, 21570, 100
2026/09/29 12:43:53.825, 0, 21570, 100
2026/09/29 12:43:54.825, 0, 21570, 100
2026/09/29 12:43:55.825, 0, 21570, 100
2026/09/29 12:43:56.825, 0, 21570, 100
2026/09/29 12:43:57.825, 0, 21570, 100
2026/09/29 12:43:58.826, 0, 21570, 100
2026/09/29 12:43:59.826, 0, 21570, 100
2026/09/29 12:44:00.826, 0, 21570, 100
2026/09/29 12:44:01.826, 0, 21570, 100
2026/09/29 12:44:02.826, 0, 21570, 100
2026/09/29 12:44:03.827, 0, 21570, 100
2026/09/29 12:44:04.827, 0, 21570, 100
2026/09/29 12:44:05.827, 0, 21570, 100
2026/09/29 12:44:06.827, 0, 21570, 100
2026/09/29 12:44:07.827, 0, 21570, 100
2026/09/29 12:44:08.828, 0, 21570, 100
2026/09/29 12:44:09.828, 0, 21570, 100
2026/09/29 12:44:10.828, 0, 21570, 100
2026/09/29 12:44:11.828, 0, 21570, 100
2026/09/29 12:44:12.828, 0, 21570, 100
2026/09/29 12:44:13.829, 0, 21570, 100
2026/09/29 12:44:14.829, 0, 21570, 100
2026/09/29 12:44:15.829, 0, 21570, 100
2026/09/29 12:44:16.829, 0, 21570, 100
2026/09/29 12:44:17.829, 0, 21570, 100
2026/09/29 12:44:18.829, 0, 21570, 100
2026/09/29 12:44:19.830, 0, 21570, 100
2026/09/29 12:44:20.830, 0, 21570, 100
2026/09/29 12:44:21.830, 0, 21570, 100
2026/09/29 12:44:22.830, 0, 21570, 100
2026/09/29 12:44:23.830, 0, 21570, 100
2026/09/29 12:44:24.831, 0, 21570, 100
2026/09/29 12:44:25.831, 0, 21570, 100
2026/09/29 12:44:26.831, 0, 21570, 100
2026/09/29 12:44:27.831, 0, 21570, 100
2026/09/29 12:44:28.831, 0, 21570, 100
2026/09/29 12:44:29.832, 0, 21570, 100
2026/09/29 12:44:30.832, 0, 21570, 100
2026/09/29 12:44:31.832, 0, 21570, 99
2026/09/29 12:44:32.832, 0, 21570, 100
2026/09/29 12:44:33.832, 0, 21570, 100
2026/09/29 12:44:34.832, 0, 21570, 100
2026/09/29 12:44:35.833, 0, 21570, 100
2026/09/29 12:44:36.833, 0, 21570, 100
2026/09/29 12:44:37.833, 0, 21570, 100
2026/09/29 12:44:38.833, 0, 21570, 100
2026/09/29 12:44:39.833, 0, 21570, 100
2026/09/29 12:44:40.834, 0, 21570, 100
2026/09/29 12:44:41.834, 0, 21570, 100
2026/09/29 12:44:42.834, 0, 21570, 100
2026/09/29 12:44:43.834, 0, 21570, 100
2026/09/29 12:44:44.834, 0, 21570, 100
2026/09/29 12:44:45.834, 0, 21570, 100
2026/09/29 12:44:46.835, 0, 21570, 100
2026/09/29 12:44:47.835, 0, 21570, 100
2026/09/29 12:44:48.835, 0, 21570, 100
2026/09/29 12:44:49.835, 0, 21570, 100
2026/09/29 12:44:50.835, 0, 21570, 100
2026/09/29 12:44:51.836, 0, 21570, 100
2026/09/29 12:44:52.836, 0, 21570, 100
2026/09/29 12:44:53.836, 0, 21570, 100
2026/09/29 12:44:54.836, 0, 21570, 100
2026/09/29 12:44:55.836, 0, 21570, 100
2026/09/29 12:44:56.836, 0, 21570, 100
2026/09/29 12:44:57.837, 0, 21570, 100
2026/09/29 12:44:58.837, 0, 21570, 100
2026/09/29 12:44:59.837, 0, 21570, 100
2026/09/29 12:45:00.837, 0, 21570, 100
2026/09/29 12:45:01.837, 0, 21570, 100
2026/09/29 12:45:02.838, 0, 21570, 100
2026/09/29 12:45:03.838, 0, 21570, 100
2026/09/29 12:45:04.838, 0, 21570, 100
2026/09/29 12:45:05.838, 0, 21570, 100
2026/09/29 12:45:06.838, 0, 21570, 100
2026/09/29 12:45:07.839, 0, 21570, 99
2026/09/29 12:45:08.839, 0, 21570, 100
2026/09/29 12:45:09.839, 0, 21570, 100
2026/09/29 12:45:10.839, 0, 21570, 100
2026/09/29 12:45:11.839, 0, 21570, 100
2026/09/29 12:45:12.839, 0, 21570, 100
2026/09/29 12:45:13.840, 0, 21570, 100
2026/09/29 12:45:14.840, 0, 21570, 100
2026/09/29 12:45:15.840, 0, 21570, 100
2026/09/29 12:45:16.840, 0, 21570, 100
2026/09/29 12:45:17.840, 0, 21570, 100
2026/09/29 12:45:18.841, 0, 21570, 100
2026/09/29 12:45:19.841, 0, 21570, 100
2026/09/29 12:45:20.841, 0, 21570, 100
2026/09/29 12:45:21.841, 0, 21570, 100
2026/09/29 12:45:22.841, 0, 21570, 100
2026/09/29 12:45:23.841, 0, 21570, 100
2026/09/29 12:45:24.842, 0, 21570, 100
2026/09/29 12:45:25.842, 0, 21570, 100
2026/09/29 12:45:26.842, 0, 21570, 100
2026/09/29 12:45:27.842, 0, 21570, 100
2026/09/29 12:45:28.842, 0, 21570, 100
2026/09/29 12:45:29.843, 0, 21570, 100
2026/09/29 12:45:30.843, 0, 21570, 100
2026/09/29 12:45:31.843, 0, 21570, 100
2026/09/29 12:45:32.843, 0, 21570, 100
2026/09/29 12:45:33.843, 0, 21570, 100
2026/09/29 12:45:34.844, 0, 21570, 100
2026/09/29 12:45:35.844, 0, 21570, 100
2026/09/29 12:45:36.844, 0, 21570, 100
2026/09/29 12:45:37.844, 0, 21570, 100
2026/09/29 12:45:38.844, 0, 21570, 100
2026/09/29 12:45:39.844, 0, 21570, 100
2026/09/29 12:45:40.845, 0, 21570, 100
2026/09/29 12:45:41.845, 0, 21570, 100
2026/09/29 12:45:42.845, 0, 21570, 100
2026/09/29 12:45:43.845, 0, 21570, 100
2026/09/29 12:45:44.845, 0, 21570, 100
2026/09/29 12:45:45.846, 0, 21570, 100
2026/09/29 12:45:46.846, 0, 21570, 100
2026/09/29 12:45:47.846, 0, 21570, 100
2026/09/29 12:45:48.846, 0, 21570, 100
2026/09/29 12:45:49.846, 0, 21570, 100
2026/09/29 12:45:50.847, 0, 21570, 100
2026/09/29 12:45:51.847, 0, 21570, 100
2026/09/29 12:45:52.847, 0, 21570, 100
2026/09/29 12:45:53.847, 0, 21570, 100
2026/09/29 12:45:54.847, 0, 21570, 100
2026/09/29 12:45:55.847, 0, 21570, 100
2026/09/29 12:45:56.848, 0, 21570, 100
2026/09/29 12:45:57.848, 0, 21570, 100
2026/09/29 12:45:58.848, 0, 21570, 100
2026/09/29 12:45:59.848, 0, 21570, 100
2026/09/29 12:46:00.848, 0, 21570, 100
2026/09/29 12:46:01.849, 0, 21570, 100
2026/09/29 12:46:02.849, 0, 21570, 100
2026/09/29 12:46:03.849, 0, 21570, 100
2026/09/29 12:46:04.849, 0, 21570, 100
2026/09/29 12:46:05.849, 0, 21570, 100
2026/09/29 12:46:06.849, 0, 21570, 100
2026/09/29 12:46:07.850, 0, 21570, 100
2026/09/29 12:46:08.850, 0, 21570, 100
2026/09/29 12:46:09.850, 0, 21570, 100
2026/09/29 12:46:10.850, 0, 21570, 100
2026/09/29 12:46:11.850, 0, 21570, 100
2026/09/29 12:46:12.851, 0, 21570, 100
2026/09/29 12:46:13.851, 0, 21570, 100
2026/09/29 12:46:14.851, 0, 21570, 100
2026/09/29 12:46:15.851, 0, 21570, 100
2026/09/29 12:46:16.851, 0, 21570, 100
2026/09/29 12:46:17.851, 0, 21570, 100
2026/09/29 12:46:18.852, 0, 21570, 100
2026/09/29 12:46:19.852, 0, 21570, 100
2026/09/29 12:46:20.852, 0, 21570, 100
2026/09/29 12:46:21.852, 0, 21570, 100
2026/09/29 12:46:22.852, 0, 21570, 99
2026/09/29 12:46:23.853, 0, 21570, 100
2026/09/29 12:46:24.853, 0, 21570, 100
2026/09/29 12:46:25.853, 0, 21570, 100
2026/09/29 12:46:26.853, 0, 21570, 100
2026/09/29 12:46:27.853, 0, 21570, 100
2026/09/29 12:46:28.854, 0, 21570, 100
2026/09/29 12:46:29.854, 0, 21570, 100
2026/09/29 12:46:30.854, 0, 21570, 100
2026/09/29 12:46:31.854, 0, 21570, 100
2026/09/29 12:46:32.854, 0, 21570, 100
2026/09/29 12:46:33.854, 0, 21570, 100
2026/09/29 12:46:34.855, 0, 21570, 100
2026/09/29 12:46:35.855, 0, 21570, 100
2026/09/29 12:46:36.855, 0, 21570, 100
2026/09/29 12:46:37.855, 0, 21570, 100
2026/09/29 12:46:38.855, 0, 21570, 100
2026/09/29 12:46:39.856, 0, 21570, 100
2026/09/29 12:46:40.856, 0, 21570, 100
2026/09/29 12:46:41.856, 0, 21570, 100
2026/09/29 12:46:42.856, 0, 21570, 100
2026/09/29 12:46:43.856, 0, 21570, 100
2026/09/29 12:46:44.856, 0, 21570, 100
2026/09/29 12:46:45.857, 0, 21570, 100
2026/09/29 12:46:46.857, 0, 21570, 100
2026/09/29 12:46:47.857, 0, 21570, 100
2026/09/29 12:46:48.857, 0, 21570, 100
2026/09/29 12:46:49.857, 0, 21570, 100
2026/09/29 12:46:50.858, 0, 21570, 100
2026/09/29 12:46:51.858, 0, 21570, 100
2026/09/29 12:46:52.858, 0, 21570, 100
2026/09/29 12:46:53.858, 0, 21570, 100
2026/09/29 12:46:54.858, 0, 21570, 100
2026/09/29 12:46:55.859, 0, 21570, 100
2026/09/29 12:46:56.859, 0, 21570, 100
2026/09/29 12:46:57.859, 0, 21570, 100
2026/09/29 12:46:58.859, 0, 21570, 100
2026/09/29 12:46:59.859, 0, 21570, 100
2026/09/29 12:47:00.860, 0, 21570, 100
2026/09/29 12:47:01.860, 0, 21570, 100
2026/09/29 12:47:02.860, 0, 21570, 100
2026/09/29 12:47:03.860, 0, 21570, 100
2026/09/29 12:47:04.860, 0, 21570, 100
2026/09/29 12:47:05.860, 0, 21570, 100
2026/09/29 12:47:06.861, 0, 21570, 100
2026/09/29 12:47:07.861, 0, 21570, 100
2026/09/29 12:47:08.861, 0, 21570, 100
2026/09/29 12:47:09.861, 0, 21570, 100
2026/09/29 12:47:10.861, 0, 21570, 100
2026/09/29 12:47:11.862, 0, 21570, 100
2026/09/29 12:47:12.862, 0, 21570, 100
2026/09/29 12:47:13.862, 0, 21570, 100
2026/09/29 12:47:14.862, 0, 21570, 98
2026/09/29 12:47:15.862, 0, 21570, 100
2026/09/29 12:47:16.863, 0, 21570, 100
2026/09/29 12:47:17.863, 0, 21570, 100
2026/09/29 12:47:18.863, 0, 21570, 100
2026/09/29 12:47:19.863, 0, 21570, 100
2026/09/29 12:47:20.863, 0, 21570, 100
2026/09/29 12:47:21.864, 0, 21570, 100
2026/09/29 12:47:22.864, 0, 21570, 100
2026/09/29 12:47:23.864, 0, 21570, 100
2026/09/29 12:47:24.864, 0, 21570, 100
2026/09/29 12:47:25.864, 0, 21570, 100
2026/09/29 12:47:26.865, 0, 21570, 100
2026/09/29 12:47:27.865, 0, 21570, 100
2026/09/29 12:47:28.865, 0, 21570, 100
2026/09/29 12:47:29.865, 0, 21570, 100
2026/09/29 12:47:30.865, 0, 21570, 100
2026/09/29 12:47:31.866, 0, 21570, 100
2026/09/29 12:47:32.866, 0, 21570, 100
2026/09/29 12:47:33.866, 0, 21570, 100
2026/09/29 12:47:34.866, 0, 21570, 100
2026/09/29 12:47:35.866, 0, 21570, 100
2026/09/29 12:47:36.867, 0, 21570, 100
2026/09/29 12:47:37.867, 0, 21570, 100
2026/09/29 12:47:38.867, 0, 21570, 100
2026/09/29 12:47:39.867, 0, 21570, 100
2026/09/29 12:47:40.867, 0, 21570, 100
2026/09/29 12:47:41.868, 0, 21570, 100
2026/09/29 12:47:42.868, 0, 21570, 100
2026/09/29 12:47:43.868, 0, 21570, 100
2026/09/29 12:47:44.868, 0, 21570, 100
2026/09/29 12:47:45.868, 0, 21570, 100
2026/09/29 12:47:46.868, 0, 21570, 100
2026/09/29 12:47:47.869, 0, 21570, 100
2026/09/29 12:47:48.869, 0, 21570, 100
2026/09/29 12:47:49.869, 0, 21570, 100
2026/09/29 12:47:50.869, 0, 21570, 100
2026/09/29 12:47:51.869, 0, 21570, 100
2026/09/29 12:47:52.870, 0, 21570, 100
2026/09/29 12:47:53.870, 0, 21570, 100
2026/09/29 12:47:54.870, 0, 21570, 100
2026/09/29 12:47:55.870, 0, 21570, 100
2026/09/29 12:47:56.870, 0, 21570, 100
2026/09/29 12:47:57.871, 0, 21570, 100
2026/09/29 12:47:58.871, 0, 21570, 100
2026/09/29 12:47:59.871, 0, 21570, 100
2026/09/29 12:48:00.871, 0, 21570, 100
2026/09/29 12:48:01.871, 0, 21570, 100
2026/09/29 12:48:02.872, 0, 21570, 100
2026/09/29 12:48:03.872, 0, 21570, 100
2026/09/29 12:48:04.872, 0, 21570, 100
2026/09/29 12:48:05.872, 0, 21570, 100
2026/09/29 12:48:06.872, 0, 21570, 100
2026/09/29 12:48:07.873, 0, 21570, 100
2026/09/29 12:48:08.873, 0, 21570, 100
2026/09/29 12:48:09.873, 0, 21570, 100
2026/09/29 12:48:10.873, 0, 21570, 99
2026/09/29 12:48:11.873, 0, 21570, 100
2026/09/29 12:48:12.874, 0, 21570, 100
2026/09/29 12:48:13.874, 0, 21570, 97
2026/09/29 12:48:14.874, 0, 21570, 100
2026/09/29 12:48:15.874, 0, 21570, 100
2026/09/29 12:48:16.875, 0, 21570, 100
2026/09/29 12:48:17.875, 0, 21570, 100
2026/09/29 12:48:18.875, 0, 21570, 100
2026/09/29 12:48:19.875, 0, 21570, 100
2026/09/29 12:48:20.875, 0, 21570, 100
2026/09/29 12:48:21.875, 0, 21570, 100
2026/09/29 12:48:22.876, 0, 21570, 100
2026/09/29 12:48:23.876, 0, 21570, 100
2026/09/29 12:48:24.876, 0, 21570, 100
2026/09/29 12:48:25.876, 0, 21570, 100
2026/09/29 12:48:26.877, 0, 21570, 100
2026/09/29 12:48:27.877, 0, 21570, 100
2026/09/29 12:48:28.877, 0, 21570, 100
2026/09/29 12:48:29.877, 0, 21570, 100
2026/09/29 12:48:30.877, 0, 21570, 100
2026/09/29 12:48:31.878, 0, 21570, 100
2026/09/29 12:48:32.878, 0, 21570, 100
2026/09/29 12:48:33.878, 0, 21570, 100
2026/09/29 12:48:34.878, 0, 21570, 100
2026/09/29 12:48:35.878, 0, 21570, 100
2026/09/29 12:48:36.878, 0, 21570, 100
2026/09/29 12:48:37.879, 0, 21570, 100
2026/09/29 12:48:38.879, 0, 21570, 100
2026/09/29 12:48:39.879, 0, 21570, 100
2026/09/29 12:48:40.879, 0, 22550, 100
2026/09/29 12:48:41.880, 0, 22550, 100
2026/09/29 12:48:42.880, 0, 22550, 100
2026/09/29 12:48:43.880, 0, 22710, 100
2026/09/29 12:48:44.880, 0, 22710, 100
2026/09/29 12:48:45.880, 0, 14768, 0
2026/09/29 12:48:46.881, 0, 18830, 100
2026/09/29 12:48:47.881, 0, 18830, 100
2026/09/29 12:48:48.881, 0, 19430, 100
2026/09/29 12:48:49.881, 0, 21790, 100
2026/09/29 12:48:50.881, 0, 21790, 100
2026/09/29 12:48:51.882, 0, 21790, 100
2026/09/29 12:48:52.882, 0, 21790, 100
2026/09/29 12:48:53.882, 0, 21790, 100
2026/09/29 12:48:54.882, 0, 21790, 99
2026/09/29 12:48:55.882, 0, 21790, 100
2026/09/29 12:48:56.883, 0, 21790, 100
2026/09/29 12:48:57.883, 0, 21790, 100
2026/09/29 12:48:58.883, 0, 21790, 100
2026/09/29 12:48:59.883, 0, 21790, 100
2026/09/29 12:49:00.883, 0, 21790, 100
2026/09/29 12:49:01.883, 0, 21790, 99
2026/09/29 12:49:02.884, 0, 21790, 100
2026/09/29 12:49:03.884, 0, 21790, 100
2026/09/29 12:49:04.884, 0, 21790, 100
2026/09/29 12:49:05.884, 0, 21790, 100
2026/09/29 12:49:06.884, 0, 21790, 100
2026/09/29 12:49:07.885, 0, 21790, 100
2026/09/29 12:49:08.885, 0, 21790, 100
2026/09/29 12:49:09.885, 0, 21790, 100
2026/09/29 12:49:10.885, 0, 21790, 100
2026/09/29 12:49:11.885, 0, 21790, 100
2026/09/29 12:49:12.886, 0, 21790, 100
2026/09/29 12:49:13.886, 0, 21790, 100
2026/09/29 12:49:14.886, 0, 21790, 100
2026/09/29 12:49:15.886, 0, 21790, 100
2026/09/29 12:49:16.886, 0, 21790, 100
2026/09/29 12:49:17.886, 0, 21790, 100
2026/09/29 12:49:18.887, 0, 21790, 100
2026/09/29 12:49:19.887, 0, 21790, 100
2026/09/29 12:49:20.887, 0, 21790, 100
2026/09/29 12:49:21.887, 0, 21790, 99
2026/09/29 12:49:22.887, 0, 21790, 100
2026/09/29 12:49:23.888, 0, 21790, 100
2026/09/29 12:49:24.888, 0, 21790, 100
2026/09/29 12:49:25.888, 0, 21790, 100
2026/09/29 12:49:26.888, 0, 21790, 100
2026/09/29 12:49:27.888, 0, 21790, 100
2026/09/29 12:49:28.889, 0, 21790, 100
2026/09/29 12:49:29.889, 0, 21790, 100
2026/09/29 12:49:30.889, 0, 21790, 100
2026/09/29 12:49:31.889, 0, 21790, 100
2026/09/29 12:49:32.890, 0, 21790, 100
2026/09/29 12:49:33.890, 0, 21790, 100
2026/09/29 12:49:34.890, 0, 21790, 100
2026/09/29 12:49:35.890, 0, 21790, 100
2026/09/29 12:49:36.891, 0, 21790, 100
2026/09/29 12:49:37.891, 0, 21790, 100
2026/09/29 12:49:38.891, 0, 21790, 100
2026/09/29 12:49:39.891, 0, 21790, 100
2026/09/29 12:49:40.891, 0, 21790, 100
2026/09/29 12:49:41.891, 0, 21790, 100
2026/09/29 12:49:42.892, 0, 21790, 100
2026/09/29 12:49:43.892, 0, 21790, 100
2026/09/29 12:49:44.892, 0, 21790, 100
2026/09/29 12:49:45.892, 0, 21790, 99
2026/09/29 12:49:46.892, 0, 21790, 100
2026/09/29 12:49:47.893, 0, 21790, 100
2026/09/29 12:49:48.893, 0, 21790, 100
2026/09/29 12:49:49.893, 0, 21790, 100
2026/09/29 12:49:50.893, 0, 21790, 100
2026/09/29 12:49:51.893, 0, 21790, 100
2026/09/29 12:49:52.894, 0, 21790, 100
2026/09/29 12:49:53.894, 0, 21790, 100
2026/09/29 12:49:54.894, 0, 21790, 100
2026/09/29 12:49:55.894, 0, 21790, 100
2026/09/29 12:49:56.894, 0, 21790, 100
2026/09/29 12:49:57.894, 0, 21790, 100
2026/09/29 12:49:58.895, 0, 21790, 100
2026/09/29 12:49:59.895, 0, 21790, 100
2026/09/29 12:50:00.895, 0, 21790, 100
2026/09/29 12:50:01.895, 0, 21790, 100
2026/09/29 12:50:02.895, 0, 21790, 100
2026/09/29 12:50:03.896, 0, 21790, 100
2026/09/29 12:50:04.896, 0, 21790, 100
2026/09/29 12:50:05.896, 0, 21790, 100
2026/09/29 12:50:06.896, 0, 21790, 100
2026/09/29 12:50:07.896, 0, 21790, 100
2026/09/29 12:50:08.897, 0, 21790, 100
2026/09/29 12:50:09.897, 0, 21790, 100
2026/09/29 12:50:10.897, 0, 21790, 100
2026/09/29 12:50:11.897, 0, 21790, 100
2026/09/29 12:50:12.897, 0, 21790, 100
2026/09/29 12:50:13.898, 0, 21790, 100
2026/09/29 12:50:14.898, 0, 21790, 100
2026/09/29 12:50:15.898, 0, 21790, 96
2026/09/29 12:50:16.898, 0, 21790, 100
2026/09/29 12:50:17.898, 0, 21790, 100
2026/09/29 12:50:18.899, 0, 21790, 100
2026/09/29 12:50:19.899, 0, 21790, 100
2026/09/29 12:50:20.899, 0, 21790, 100
2026/09/29 12:50:21.899, 0, 21790, 100
2026/09/29 12:50:22.899, 0, 21790, 100
2026/09/29 12:50:23.900, 0, 21790, 100
2026/09/29 12:50:24.900, 0, 21790, 100
2026/09/29 12:50:25.900, 0, 21790, 100
2026/09/29 12:50:26.900, 0, 21790, 100
2026/09/29 12:50:27.900, 0, 21790, 100
2026/09/29 12:50:28.901, 0, 21790, 100
2026/09/29 12:50:29.901, 0, 21790, 100
2026/09/29 12:50:30.901, 0, 21790, 100
2026/09/29 12:50:31.901, 0, 21790, 100
2026/09/29 12:50:32.902, 0, 21790, 100
2026/09/29 12:50:33.902, 0, 21790, 100
2026/09/29 12:50:34.902, 0, 21790, 100
2026/09/29 12:50:35.902, 0, 21790, 100
2026/09/29 12:50:36.902, 0, 21790, 100
2026/09/29 12:50:37.902, 0, 21790, 100
2026/09/29 12:50:38.903, 0, 21790, 100
2026/09/29 12:50:39.903, 0, 21790, 99
2026/09/29 12:50:40.909, 0, 21790, 100
2026/09/29 12:50:41.909, 0, 21790, 100
2026/09/29 12:50:42.909, 0, 21790, 100
2026/09/29 12:50:43.910, 0, 21790, 100
2026/09/29 12:50:44.910, 0, 21790, 100
2026/09/29 12:50:45.910, 0, 21790, 100
2026/09/29 12:50:46.910, 0, 21790, 100
2026/09/29 12:50:47.910, 0, 21790, 100
2026/09/29 12:50:48.911, 0, 21790, 100
2026/09/29 12:50:49.911, 0, 21790, 100
2026/09/29 12:50:50.911, 0, 21790, 100
2026/09/29 12:50:51.911, 0, 21790, 100
2026/09/29 12:50:52.911, 0, 21790, 100
2026/09/29 12:50:53.911, 0, 21790, 100
2026/09/29 12:50:54.912, 0, 21790, 100
2026/09/29 12:50:55.912, 0, 21790, 100
2026/09/29 12:50:56.912, 0, 21790, 100
2026/09/29 12:50:57.912, 0, 21790, 100
2026/09/29 12:50:58.912, 0, 21790, 100
2026/09/29 12:50:59.913, 0, 21790, 100
2026/09/29 12:51:00.913, 0, 21790, 100
2026/09/29 12:51:01.913, 0, 21790, 100
2026/09/29 12:51:02.913, 0, 21790, 100
2026/09/29 12:51:03.914, 0, 21790, 100
2026/09/29 12:51:04.914, 0, 21790, 100
2026/09/29 12:51:05.914, 0, 21790, 100
2026/09/29 12:51:06.914, 0, 21790, 100
2026/09/29 12:51:07.915, 0, 21790, 100
2026/09/29 12:51:08.915, 0, 21790, 100
2026/09/29 12:51:09.915, 0, 21790, 99
2026/09/29 12:51:10.915, 0, 21790, 100
2026/09/29 12:51:11.916, 0, 21790, 100
2026/09/29 12:51:12.916, 0, 21790, 100
2026/09/29 12:51:13.916, 0, 21790, 100
2026/09/29 12:51:14.916, 0, 21790, 100
2026/09/29 12:51:15.916, 0, 21790, 100
2026/09/29 12:51:16.917, 0, 21790, 100
2026/09/29 12:51:17.917, 0, 21790, 100
2026/09/29 12:51:18.917, 0, 21790, 100
2026/09/29 12:51:19.917, 0, 21790, 100
2026/09/29 12:51:20.917, 0, 21790, 100
2026/09/29 12:51:21.918, 0, 21790, 100
2026/09/29 12:51:22.918, 0, 21790, 100
2026/09/29 12:51:23.918, 0, 21790, 100
2026/09/29 12:51:24.918, 0, 21790, 100
2026/09/29 12:51:25.918, 0, 21790, 100
2026/09/29 12:51:26.919, 0, 21790, 100
2026/09/29 12:51:27.919, 0, 21790, 100
2026/09/29 12:51:28.919, 0, 21790, 100
2026/09/29 12:51:29.919, 0, 21790, 100
2026/09/29 12:51:30.920, 0, 21790, 99
2026/09/29 12:51:31.920, 0, 21790, 100
2026/09/29 12:51:32.920, 0, 21790, 100
2026/09/29 12:51:33.920, 0, 21790, 99
2026/09/29 12:51:34.920, 0, 21790, 100
2026/09/29 12:51:35.920, 0, 21790, 100
2026/09/29 12:51:36.921, 0, 21790, 100
2026/09/29 12:51:37.921, 0, 21790, 100
2026/09/29 12:51:38.921, 0, 21790, 100
2026/09/29 12:51:39.921, 0, 21790, 100
2026/09/29 12:51:40.921, 0, 21790, 100
2026/09/29 12:51:41.922, 0, 21790, 100
2026/09/29 12:51:42.922, 0, 21790, 100
2026/09/29 12:51:43.922, 0, 21790, 100
2026/09/29 12:51:44.922, 0, 21790, 100
2026/09/29 12:51:45.922, 0, 21790, 100
2026/09/29 12:51:46.923, 0, 21790, 100
2026/09/29 12:51:47.923, 0, 21790, 100
2026/09/29 12:51:48.923, 0, 21790, 100
2026/09/29 12:51:49.923, 0, 21790, 100
2026/09/29 12:51:50.923, 0, 21790, 100
2026/09/29 12:51:51.924, 0, 21790, 100
2026/09/29 12:51:52.924, 0, 21790, 100
2026/09/29 12:51:53.924, 0, 21790, 100
2026/09/29 12:51:54.924, 0, 21790, 100
2026/09/29 12:51:55.924, 0, 21790, 100
2026/09/29 12:51:56.924, 0, 21790, 100
2026/09/29 12:51:57.925, 0, 21790, 100
2026/09/29 12:51:58.925, 0, 21790, 100
2026/09/29 12:51:59.925, 0, 21790, 100
2026/09/29 12:52:00.925, 0, 21790, 100
2026/09/29 12:52:01.925, 0, 21790, 100
2026/09/29 12:52:02.926, 0, 21790, 100
2026/09/29 12:52:03.926, 0, 21790, 100
2026/09/29 12:52:04.926, 0, 21790, 99
2026/09/29 12:52:05.926, 0, 21790, 100
2026/09/29 12:52:06.926, 0, 21790, 100
2026/09/29 12:52:07.927, 0, 21790, 100
2026/09/29 12:52:08.927, 0, 21790, 100
2026/09/29 12:52:09.927, 0, 21790, 100
2026/09/29 12:52:10.927, 0, 21790, 100
2026/09/29 12:52:11.927, 0, 21790, 100
2026/09/29 12:52:12.927, 0, 21790, 100
2026/09/29 12:52:13.928, 0, 21790, 100
2026/09/29 12:52:14.928, 0, 21790, 99
2026/09/29 12:52:15.928, 0, 21790, 100
2026/09/29 12:52:16.928, 0, 21790, 100
2026/09/29 12:52:17.928, 0, 21790, 100
2026/09/29 12:52:18.929, 0, 21790, 100
2026/09/29 12:52:19.929, 0, 21790, 100
2026/09/29 12:52:20.929, 0, 21790, 100
2026/09/29 12:52:21.929, 0, 21790, 100
2026/09/29 12:52:22.929, 0, 21790, 100
2026/09/29 12:52:23.930, 0, 21790, 100
2026/09/29 12:52:24.930, 0, 21790, 100
2026/09/29 12:52:25.930, 0, 21790, 100
2026/09/29 12:52:26.930, 0, 21790, 100
2026/09/29 12:52:27.930, 0, 21790, 100
2026/09/29 12:52:28.931, 0, 21790, 100
2026/09/29 12:52:29.931, 0, 21790, 100
2026/09/29 12:52:30.931, 0, 21790, 100
2026/09/29 12:52:31.931, 0, 21790, 100
2026/09/29 12:52:32.931, 0, 21790, 100
2026/09/29 12:52:33.931, 0, 21790, 100
2026/09/29 12:52:34.932, 0, 21790, 100
2026/09/29 12:52:35.932, 0, 21790, 100
2026/09/29 12:52:36.932, 0, 21790, 100
2026/09/29 12:52:37.933, 0, 21790, 100
2026/09/29 12:52:38.933, 0, 21790, 100
2026/09/29 12:52:39.933, 0, 21790, 100
2026/09/29 12:52:40.933, 0, 21790, 100
2026/09/29 12:52:41.933, 0, 21790, 100
2026/09/29 12:52:42.934, 0, 21790, 100
2026/09/29 12:52:43.934, 0, 21790, 100
2026/09/29 12:52:44.934, 0, 21790, 100
2026/09/29 12:52:45.934, 0, 21790, 100
2026/09/29 12:52:46.934, 0, 21790, 100
2026/09/29 12:52:47.935, 0, 21790, 100
2026/09/29 12:52:48.935, 0, 21790, 100
2026/09/29 12:52:49.935, 0, 21790, 100
2026/09/29 12:52:50.935, 0, 21790, 100
2026/09/29 12:52:51.935, 0, 21790, 100
2026/09/29 12:52:52.936, 0, 21790, 100
2026/09/29 12:52:53.936, 0, 21790, 100
2026/09/29 12:52:54.936, 0, 21790, 100
2026/09/29 12:52:55.936, 0, 21790, 100
2026/09/29 12:52:56.936, 0, 21790, 100
2026/09/29 12:52:57.936, 0, 21790, 100
2026/09/29 12:52:58.937, 0, 21790, 100
2026/09/29 12:52:59.937, 0, 21790, 100
2026/09/29 12:53:00.937, 0, 21790, 100
2026/09/29 12:53:01.937, 0, 21790, 100
2026/09/29 12:53:02.937, 0, 21790, 100
2026/09/29 12:53:03.938, 0, 21790, 100
2026/09/29 12:53:04.938, 0, 21790, 100
2026/09/29 12:53:05.938, 0, 21790, 100
2026/09/29 12:53:06.938, 0, 21790, 100
2026/09/29 12:53:07.938, 0, 21790, 100
2026/09/29 12:53:08.939, 0, 21790, 100
2026/09/29 12:53:09.939, 0, 21790, 100
2026/09/29 12:53:10.939, 0, 21790, 100
2026/09/29 12:53:11.939, 0, 21790, 100
2026/09/29 12:53:12.939, 0, 21790, 100
2026/09/29 12:53:13.939, 0, 21790, 100
2026/09/29 12:53:14.940, 0, 21790, 100
2026/09/29 12:53:15.940, 0, 21790, 100
2026/09/29 12:53:16.940, 0, 21790, 100
2026/09/29 12:53:17.940, 0, 21790, 100
2026/09/29 12:53:18.940, 0, 21790, 100
2026/09/29 12:53:19.941, 0, 21790, 100
2026/09/29 12:53:20.941, 0, 21790, 100
2026/09/29 12:53:21.941, 0, 21790, 100
2026/09/29 12:53:22.941, 0, 21790, 100
2026/09/29 12:53:23.941, 0, 21790, 100
2026/09/29 12:53:24.942, 0, 21790, 100
2026/09/29 12:53:25.942, 0, 21790, 100
2026/09/29 12:53:26.942, 0, 21790, 100
2026/09/29 12:53:27.942, 0, 21790, 100
2026/09/29 12:53:28.942, 0, 21790, 100
2026/09/29 12:53:29.943, 0, 21790, 100
2026/09/29 12:53:30.943, 0, 21790, 100
2026/09/29 12:53:31.943, 0, 21790, 100
2026/09/29 12:53:32.943, 0, 21790, 100
2026/09/29 12:53:33.943, 0, 21790, 100
2026/09/29 12:53:34.943, 0, 21790, 100
2026/09/29 12:53:35.944, 0, 21790, 100
2026/09/29 12:53:36.944, 0, 21790, 100
2026/09/29 12:53:37.944, 0, 21790, 100
2026/09/29 12:53:38.944, 0, 21790, 100
2026/09/29 12:53:39.944, 0, 21790, 100
2026/09/29 12:53:40.945, 0, 21790, 100
2026/09/29 12:53:41.945, 0, 21790, 100
2026/09/29 12:53:42.945, 0, 21790, 100
2026/09/29 12:53:43.945, 0, 21790, 100
2026/09/29 12:53:44.945, 0, 21790, 100
2026/09/29 12:53:45.946, 0, 21790, 100
2026/09/29 12:53:46.946, 0, 21790, 100
2026/09/29 12:53:47.946, 0, 21790, 100
2026/09/29 12:53:48.946, 0, 21790, 100
2026/09/29 12:53:49.946, 0, 21790, 100
2026/09/29 12:53:50.947, 0, 21790, 100
2026/09/29 12:53:51.947, 0, 21790, 100
2026/09/29 12:53:52.947, 0, 21790, 100
2026/09/29 12:53:53.947, 0, 21790, 100
2026/09/29 12:53:54.947, 0, 21790, 100
2026/09/29 12:53:55.947, 0, 21790, 100
2026/09/29 12:53:56.948, 0, 21790, 100
2026/09/29 12:53:57.948, 0, 21790, 100
2026/09/29 12:53:58.948, 0, 21790, 100
2026/09/29 12:53:59.948, 0, 21790, 100
2026/09/29 12:54:00.948, 0, 21790, 100
2026/09/29 12:54:01.949, 0, 21790, 100
2026/09/29 12:54:02.949, 0, 21790, 100
2026/09/29 12:54:03.949, 0, 21790, 100
2026/09/29 12:54:04.949, 0, 21790, 100
2026/09/29 12:54:05.949, 0, 21790, 100
2026/09/29 12:54:06.950, 0, 21790, 100
2026/09/29 12:54:07.950, 0, 21790, 100
2026/09/29 12:54:08.950, 0, 21790, 100
2026/09/29 12:54:09.950, 0, 21790, 100
2026/09/29 12:54:10.950, 0, 21790, 100
2026/09/29 12:54:11.951, 0, 21790, 100
2026/09/29 12:54:12.951, 0, 21790, 100
2026/09/29 12:54:13.951, 0, 21790, 100
2026/09/29 12:54:14.951, 0, 21790, 100
2026/09/29 12:54:15.951, 0, 21790, 100
2026/09/29 12:54:16.952, 0, 21790, 100
2026/09/29 12:54:17.952, 0, 21790, 100
2026/09/29 12:54:18.952, 0, 21790, 100
2026/09/29 12:54:19.953, 0, 21790, 100
2026/09/29 12:54:20.953, 0, 21790, 100
2026/09/29 12:54:21.953, 0, 21790, 100
2026/09/29 12:54:22.953, 0, 21790, 100
2026/09/29 12:54:23.953, 0, 21790, 100
2026/09/29 12:54:24.954, 0, 21790, 100
2026/09/29 12:54:25.954, 0, 21790, 100
2026/09/29 12:54:26.954, 0, 21790, 100
2026/09/29 12:54:27.955, 0, 21790, 100
2026/09/29 12:54:28.955, 0, 21790, 100
2026/09/29 12:54:29.955, 0, 21790, 100
2026/09/29 12:54:30.956, 0, 21790, 100
2026/09/29 12:54:31.956, 0, 21790, 100
2026/09/29 12:54:32.956, 0, 21790, 100
2026/09/29 12:54:33.956, 0, 21790, 100
2026/09/29 12:54:34.956, 0, 21790, 100
2026/09/29 12:54:35.957, 0, 21790, 100
2026/09/29 12:54:36.957, 0, 21790, 100
2026/09/29 12:54:37.957, 0, 21790, 100
2026/09/29 12:54:38.957, 0, 21790, 100
2026/09/29 12:54:39.961, 0, 21790, 100
2026/09/29 12:54:40.961, 0, 21790, 100
2026/09/29 12:54:41.961, 0, 21790, 100
2026/09/29 12:54:42.962, 0, 21790, 100
2026/09/29 12:54:43.962, 0, 21790, 100
2026/09/29 12:54:44.962, 0, 21790, 100
2026/09/29 12:54:45.962, 0, 21790, 100
2026/09/29 12:54:46.962, 0, 21790, 100
2026/09/29 12:54:47.962, 0, 21790, 100
2026/09/29 12:54:48.963, 0, 21790, 100
2026/09/29 12:54:49.963, 0, 21790, 100
2026/09/29 12:54:50.964, 0, 21790, 100
2026/09/29 12:54:51.964, 0, 21790, 100
2026/09/29 12:54:52.964, 0, 21790, 100
2026/09/29 12:54:53.964, 0, 21790, 100
2026/09/29 12:54:54.964, 0, 21790, 100
2026/09/29 12:54:55.965, 0, 21790, 100
2026/09/29 12:54:56.965, 0, 21790, 100
2026/09/29 12:54:57.965, 0, 21790, 100
2026/09/29 12:54:58.965, 0, 21790, 100
2026/09/29 12:54:59.965, 0, 21790, 100
2026/09/29 12:55:00.966, 0, 21790, 100
2026/09/29 12:55:01.966, 0, 21790, 100
2026/09/29 12:55:02.966, 0, 21790, 100
2026/09/29 12:55:03.966, 0, 21790, 100
2026/09/29 12:55:04.966, 0, 21790, 100
2026/09/29 12:55:05.967, 0, 21790, 100
2026/09/29 12:55:06.967, 0, 21790, 100
2026/09/29 12:55:07.967, 0, 21790, 100
2026/09/29 12:55:08.967, 0, 21790, 100
2026/09/29 12:55:09.967, 0, 21790, 100
2026/09/29 12:55:10.968, 0, 21790, 100
2026/09/29 12:55:11.968, 0, 21790, 100
2026/09/29 12:55:12.968, 0, 21790, 100
2026/09/29 12:55:13.968, 0, 21790, 100
2026/09/29 12:55:14.968, 0, 21790, 100
2026/09/29 12:55:15.968, 0, 21790, 100
2026/09/29 12:55:16.969, 0, 21790, 100
2026/09/29 12:55:17.969, 0, 21790, 100
2026/09/29 12:55:18.969, 0, 21790, 100
2026/09/29 12:55:19.969, 0, 21790, 100
2026/09/29 12:55:20.969, 0, 21790, 99
2026/09/29 12:55:21.970, 0, 21790, 100
2026/09/29 12:55:22.970, 0, 21790, 100
2026/09/29 12:55:23.970, 0, 21790, 100
2026/09/29 12:55:24.970, 0, 21790, 100
2026/09/29 12:55:25.970, 0, 21790, 100
2026/09/29 12:55:26.971, 0, 21790, 100
2026/09/29 12:55:27.971, 0, 21790, 100
2026/09/29 12:55:28.971, 0, 21790, 100
2026/09/29 12:55:29.971, 0, 21790, 100
2026/09/29 12:55:30.971, 0, 21790, 100
2026/09/29 12:55:31.971, 0, 21790, 100
2026/09/29 12:55:32.972, 0, 21790, 100
2026/09/29 12:55:33.972, 0, 21790, 100
2026/09/29 12:55:34.972, 0, 21790, 100
2026/09/29 12:55:35.972, 0, 21790, 100
2026/09/29 12:55:36.973, 0, 21790, 100
2026/09/29 12:55:37.973, 0, 21790, 100
2026/09/29 12:55:38.973, 0, 21790, 100
2026/09/29 12:55:39.973, 0, 21790, 100
2026/09/29 12:55:40.973, 0, 21790, 100
2026/09/29 12:55:41.974, 0, 21790, 100
2026/09/29 12:55:42.974, 0, 21790, 100
2026/09/29 12:55:43.974, 0, 21790, 100
2026/09/29 12:55:44.974, 0, 21790, 100
2026/09/29 12:55:45.974, 0, 21790, 100
2026/09/29 12:55:46.975, 0, 21790, 100
2026/09/29 12:55:47.975, 0, 21790, 100
2026/09/29 12:55:48.975, 0, 21790, 100
2026/09/29 12:55:49.975, 0, 21790, 100
2026/09/29 12:55:50.975, 0, 21790, 100
2026/09/29 12:55:51.975, 0, 21790, 100
2026/09/29 12:55:52.976, 0, 21790, 100
2026/09/29 12:55:53.976, 0, 21790, 100
2026/09/29 12:55:54.976, 0, 21790, 100
2026/09/29 12:55:55.976, 0, 21790, 100
2026/09/29 12:55:56.976, 0, 21790, 100
2026/09/29 12:55:57.977, 0, 21790, 100
2026/09/29 12:55:58.977, 0, 21790, 100
2026/09/29 12:55:59.977, 0, 21790, 100
2026/09/29 12:56:00.977, 0, 21790, 100
2026/09/29 12:56:01.977, 0, 21790, 100
2026/09/29 12:56:02.978, 0, 21790, 100
2026/09/29 12:56:03.978, 0, 21790, 100
2026/09/29 12:56:04.978, 0, 21790, 100
2026/09/29 12:56:05.978, 0, 21790, 100
2026/09/29 12:56:06.978, 0, 21790, 100
2026/09/29 12:56:07.979, 0, 21790, 100
2026/09/29 12:56:08.979, 0, 21790, 100
2026/09/29 12:56:09.979, 0, 21790, 100
2026/09/29 12:56:10.979, 0, 21790, 100
2026/09/29 12:56:11.979, 0, 21790, 100
2026/09/29 12:56:12.979, 0, 21790, 100
2026/09/29 12:56:13.980, 0, 21790, 100
2026/09/29 12:56:14.980, 0, 21790, 100
2026/09/29 12:56:15.980, 0, 21790, 100
2026/09/29 12:56:16.980, 0, 21790, 100
2026/09/29 12:56:17.980, 0, 21790, 100
2026/09/29 12:56:18.981, 0, 21790, 100
2026/09/29 12:56:19.981, 0, 21790, 100
2026/09/29 12:56:20.981, 0, 21790, 100
2026/09/29 12:56:21.981, 0, 21790, 100
2026/09/29 12:56:22.981, 0, 21790, 97
2026/09/29 12:56:23.982, 0, 21790, 100
2026/09/29 12:56:24.982, 0, 21790, 100
2026/09/29 12:56:25.982, 0, 21790, 100
2026/09/29 12:56:26.982, 0, 21790, 100
2026/09/29 12:56:27.982, 0, 21790, 100
2026/09/29 12:56:28.983, 0, 21790, 100
2026/09/29 12:56:29.983, 0, 21790, 100
2026/09/29 12:56:30.983, 0, 21790, 100
2026/09/29 12:56:31.983, 0, 21790, 100
2026/09/29 12:56:32.983, 0, 21790, 100
2026/09/29 12:56:33.983, 0, 21790, 100
2026/09/29 12:56:34.984, 0, 21790, 100
2026/09/29 12:56:35.984, 0, 21790, 100
2026/09/29 12:56:36.984, 0, 21790, 100
2026/09/29 12:56:37.984, 0, 21790, 100
2026/09/29 12:56:38.984, 0, 21790, 100
2026/09/29 12:56:39.985, 0, 21790, 100
2026/09/29 12:56:40.985, 0, 21790, 100
2026/09/29 12:56:41.985, 0, 21790, 100
2026/09/29 12:56:42.985, 0, 21790, 100
2026/09/29 12:56:43.985, 0, 21790, 100
2026/09/29 12:56:44.986, 0, 21790, 100
2026/09/29 12:56:45.986, 0, 21790, 100
2026/09/29 12:56:46.986, 0, 21790, 100
2026/09/29 12:56:47.986, 0, 21790, 100
2026/09/29 12:56:48.986, 0, 21790, 100
2026/09/29 12:56:49.986, 0, 21790, 100
2026/09/29 12:56:50.987, 0, 21790, 100
2026/09/29 12:56:51.987, 0, 21790, 100
2026/09/29 12:56:52.987, 0, 21790, 100
2026/09/29 12:56:53.987, 0, 21790, 100
2026/09/29 12:56:54.987, 0, 21790, 100
2026/09/29 12:56:55.988, 0, 21790, 100
2026/09/29 12:56:56.988, 0, 21790, 100
2026/09/29 12:56:57.988, 0, 21790, 100
2026/09/29 12:56:58.988, 0, 21790, 100
2026/09/29 12:56:59.988, 0, 21790, 100
2026/09/29 12:57:00.989, 0, 21790, 100
2026/09/29 12:57:01.989, 0, 21790, 100
2026/09/29 12:57:02.989, 0, 21790, 100
2026/09/29 12:57:03.989, 0, 21790, 100
2026/09/29 12:57:04.989, 0, 21790, 100
2026/09/29 12:57:05.989, 0, 21790, 100
2026/09/29 12:57:06.990, 0, 21790, 100
2026/09/29 12:57:07.990, 0, 21790, 100
2026/09/29 12:57:08.990, 0, 21790, 100
2026/09/29 12:57:09.990, 0, 21790, 100
2026/09/29 12:57:10.990, 0, 21790, 100
2026/09/29 12:57:11.991, 0, 21790, 100
2026/09/29 12:57:12.991, 0, 21790, 100
2026/09/29 12:57:13.991, 0, 21790, 100
2026/09/29 12:57:14.991, 0, 21790, 100
2026/09/29 12:57:15.991, 0, 21790, 100
2026/09/29 12:57:16.991, 0, 21790, 99
2026/09/29 12:57:17.992, 0, 21790, 100
2026/09/29 12:57:18.992, 0, 21790, 100
2026/09/29 12:57:19.992, 0, 21790, 100
2026/09/29 12:57:20.992, 0, 21790, 100
2026/09/29 12:57:21.992, 0, 21790, 100
2026/09/29 12:57:22.993, 0, 21790, 100
2026/09/29 12:57:23.993, 0, 21790, 100
2026/09/29 12:57:24.993, 0, 21790, 100
2026/09/29 12:57:25.993, 0, 21790, 100
2026/09/29 12:57:26.993, 0, 21790, 100
2026/09/29 12:57:27.994, 0, 21790, 100
2026/09/29 12:57:28.994, 0, 21790, 100
2026/09/29 12:57:29.994, 0, 21790, 100
2026/09/29 12:57:30.994, 0, 21790, 100
2026/09/29 12:57:31.994, 0, 21790, 100
2026/09/29 12:57:32.995, 0, 21790, 100
2026/09/29 12:57:33.995, 0, 21790, 100
2026/09/29 12:57:34.995, 0, 21790, 100
2026/09/29 12:57:35.995, 0, 21790, 100
2026/09/29 12:57:36.995, 0, 21790, 100
2026/09/29 12:57:37.996, 0, 21790, 100
2026/09/29 12:57:38.996, 0, 21790, 100
2026/09/29 12:57:39.996, 0, 21790, 100
2026/09/29 12:57:40.996, 0, 21790, 99
2026/09/29 12:57:41.996, 0, 21790, 100
2026/09/29 12:57:42.997, 0, 21790, 100
2026/09/29 12:57:43.997, 0, 21790, 100
2026/09/29 12:57:44.997, 0, 21790, 100
2026/09/29 12:57:45.997, 0, 21790, 100
2026/09/29 12:57:46.997, 0, 21790, 100
2026/09/29 12:57:47.998, 0, 21790, 100
2026/09/29 12:57:48.998, 0, 21790, 100
2026/09/29 12:57:49.998, 0, 21790, 100
2026/09/29 12:57:50.998, 0, 21790, 100
2026/09/29 12:57:51.998, 0, 21790, 100
2026/09/29 12:57:52.999, 0, 21790, 100
2026/09/29 12:57:53.999, 0, 21790, 100
2026/09/29 12:57:54.999, 0, 21790, 100
2026/09/29 12:57:55.999, 0, 21790, 100
2026/09/29 12:57:56.999, 0, 21790, 99
2026/09/29 12:57:57.999, 0, 21790, 100
2026/09/29 12:57:59.000, 0, 21790, 100
2026/09/29 12:58:00.000, 0, 21790, 99
2026/09/29 12:58:01.000, 0, 21790, 100
2026/09/29 12:58:02.000, 0, 21790, 100
2026/09/29 12:58:03.000, 0, 21790, 100
2026/09/29 12:58:04.001, 0, 21790, 100
2026/09/29 12:58:05.001, 0, 21790, 100
2026/09/29 12:58:06.001, 0, 21790, 100
2026/09/29 12:58:07.001, 0, 21790, 100
2026/09/29 12:58:08.001, 0, 21790, 100
2026/09/29 12:58:09.002, 0, 21790, 100
2026/09/29 12:58:10.002, 0, 21790, 100
2026/09/29 12:58:11.002, 0, 21790, 97
2026/09/29 12:58:12.002, 0, 21790, 100
2026/09/29 12:58:13.002, 0, 21790, 100
2026/09/29 12:58:14.003, 0, 21790, 100
2026/09/29 12:58:15.003, 0, 21790, 100
2026/09/29 12:58:16.003, 0, 21790, 100
2026/09/29 12:58:17.003, 0, 21790, 100
2026/09/29 12:58:18.003, 0, 21790, 100
2026/09/29 12:58:19.004, 0, 21790, 100
2026/09/29 12:58:20.004, 0, 21790, 100
2026/09/29 12:58:21.004, 0, 21790, 100
2026/09/29 12:58:22.004, 0, 21790, 100
2026/09/29 12:58:23.005, 0, 21790, 100
2026/09/29 12:58:24.005, 0, 21790, 100
2026/09/29 12:58:25.005, 0, 21790, 100
2026/09/29 12:58:26.005, 0, 21790, 100
2026/09/29 12:58:27.006, 0, 21790, 100
2026/09/29 12:58:28.006, 0, 21790, 100
2026/09/29 12:58:29.006, 0, 21790, 100
2026/09/29 12:58:30.006, 0, 21790, 100
2026/09/29 12:58:31.006, 0, 21790, 100
2026/09/29 12:58:32.007, 0, 21790, 100
2026/09/29 12:58:33.007, 0, 21790, 100
2026/09/29 12:58:34.007, 0, 21790, 100
2026/09/29 12:58:35.007, 0, 21790, 100
2026/09/29 12:58:36.007, 0, 21790, 100
2026/09/29 12:58:37.007, 0, 21790, 100
2026/09/29 12:58:38.008, 0, 21790, 100
2026/09/29 12:58:39.008, 0, 21790, 100
2026/09/29 12:58:40.008, 0, 21790, 100
2026/09/29 12:58:41.008, 0, 21790, 100
2026/09/29 12:58:42.008, 0, 21790, 100
2026/09/29 12:58:43.009, 0, 21790, 100
2026/09/29 12:58:44.009, 0, 21790, 100
2026/09/29 12:58:45.009, 0, 21790, 100
2026/09/29 12:58:46.009, 0, 21790, 100
2026/09/29 12:58:47.010, 0, 21790, 100
2026/09/29 12:58:48.010, 0, 21790, 100
2026/09/29 12:58:49.010, 0, 21790, 100
2026/09/29 12:58:50.010, 0, 21790, 100
2026/09/29 12:58:51.010, 0, 21790, 100
2026/09/29 12:58:52.010, 0, 21790, 100
2026/09/29 12:58:53.011, 0, 21790, 100
2026/09/29 12:58:54.011, 0, 21790, 100
2026/09/29 12:58:55.011, 0, 21790, 100
2026/09/29 12:58:56.011, 0, 21790, 100
2026/09/29 12:58:57.011, 0, 21790, 100
2026/09/29 12:58:58.012, 0, 21790, 100
2026/09/29 12:58:59.012, 0, 21790, 100
2026/09/29 12:59:00.012, 0, 21790, 100
2026/09/29 12:59:01.012, 0, 21790, 100
2026/09/29 12:59:02.012, 0, 21790, 100
2026/09/29 12:59:03.013, 0, 21790, 100
2026/09/29 12:59:04.013, 0, 21790, 100
2026/09/29 12:59:05.013, 0, 21790, 99
2026/09/29 12:59:06.013, 0, 21790, 100
2026/09/29 12:59:07.013, 0, 21790, 100
2026/09/29 12:59:08.013, 0, 21790, 100
2026/09/29 12:59:09.014, 0, 21790, 99
2026/09/29 12:59:10.014, 0, 21790, 100
2026/09/29 12:59:11.014, 0, 21790, 100
2026/09/29 12:59:12.014, 0, 21790, 99
2026/09/29 12:59:13.014, 0, 21790, 100
2026/09/29 12:59:14.015, 0, 21790, 100
2026/09/29 12:59:15.015, 0, 21790, 100
2026/09/29 12:59:16.015, 0, 21790, 100
2026/09/29 12:59:17.015, 0, 21790, 100
2026/09/29 12:59:18.015, 0, 21790, 100
2026/09/29 12:59:19.016, 0, 21790, 100
2026/09/29 12:59:20.016, 0, 21790, 100
2026/09/29 12:59:21.016, 0, 21790, 100
2026/09/29 12:59:22.016, 0, 21790, 100
2026/09/29 12:59:23.016, 0, 21790, 100
2026/09/29 12:59:24.017, 0, 21790, 100
2026/09/29 12:59:25.017, 0, 21790, 100
2026/09/29 12:59:26.017, 0, 21790, 100
2026/09/29 12:59:27.017, 0, 21790, 100
2026/09/29 12:59:28.017, 0, 21790, 100
2026/09/29 12:59:29.017, 0, 21790, 100
2026/09/29 12:59:30.018, 0, 21790, 100
2026/09/29 12:59:31.018, 0, 21790, 100
2026/09/29 12:59:32.018, 0, 21790, 100
2026/09/29 12:59:33.018, 0, 21790, 100
2026/09/29 12:59:34.018, 0, 21790, 100
2026/09/29 12:59:35.019, 0, 21790, 100
2026/09/29 12:59:36.019, 0, 21790, 100
2026/09/29 12:59:37.019, 0, 21790, 100
2026/09/29 12:59:38.019, 0, 21790, 100
2026/09/29 12:59:39.019, 0, 21790, 100
2026/09/29 12:59:40.020, 0, 21790, 100
2026/09/29 12:59:41.020, 0, 21790, 100
2026/09/29 12:59:42.020, 0, 21790, 100
2026/09/29 12:59:43.021, 0, 21790, 100
2026/09/29 12:59:44.021, 0, 21790, 100
2026/09/29 12:59:45.021, 0, 21790, 100
2026/09/29 12:59:46.021, 0, 21790, 100
2026/09/29 12:59:47.021, 0, 21790, 100
2026/09/29 12:59:48.022, 0, 21790, 100
2026/09/29 12:59:49.022, 0, 21790, 100
2026/09/29 12:59:50.022, 0, 21790, 100
2026/09/29 12:59:51.022, 0, 21790, 100
2026/09/29 12:59:52.022, 0, 21790, 100
2026/09/29 12:59:53.023, 0, 21790, 100
2026/09/29 12:59:54.023, 0, 21790, 100
2026/09/29 12:59:55.023, 0, 21790, 100
2026/09/29 12:59:56.023, 0, 21790, 100
2026/09/29 12:59:57.023, 0, 21790, 100
2026/09/29 12:59:58.024, 0, 21790, 100
2026/09/29 12:59:59.024, 0, 21790, 95
2026/09/29 13:00:00.024, 0, 21790, 100
2026/09/29 13:00:01.024, 0, 21790, 100
2026/09/29 13:00:02.024, 0, 21790, 100
2026/09/29 13:00:03.025, 0, 21790, 100
2026/09/29 13:00:04.025, 0, 21790, 100
2026/09/29 13:00:05.025, 0, 21790, 100
2026/09/29 13:00:06.025, 0, 21790, 100
2026/09/29 13:00:07.025, 0, 21790, 100
2026/09/29 13:00:08.026, 0, 21790, 100
2026/09/29 13:00:09.026, 0, 21790, 100
2026/09/29 13:00:10.026, 0, 21790, 100
2026/09/29 13:00:11.026, 0, 21790, 100
2026/09/29 13:00:12.026, 0, 21790, 100
2026/09/29 13:00:13.027, 0, 21790, 100
2026/09/29 13:00:14.027, 0, 21790, 100
2026/09/29 13:00:15.027, 0, 21790, 100
2026/09/29 13:00:16.027, 0, 21790, 100
2026/09/29 13:00:17.027, 0, 21790, 100
2026/09/29 13:00:18.028, 0, 21790, 100
2026/09/29 13:00:19.028, 0, 21790, 100
2026/09/29 13:00:20.028, 0, 21790, 100
2026/09/29 13:00:21.028, 0, 21790, 100
2026/09/29 13:00:22.029, 0, 21790, 100
2026/09/29 13:00:23.029, 0, 21790, 100
2026/09/29 13:00:24.029, 0, 21790, 100
2026/09/29 13:00:25.029, 0, 21790, 100
2026/09/29 13:00:26.029, 0, 21790, 100
2026/09/29 13:00:27.030, 0, 21790, 100
2026/09/29 13:00:28.030, 0, 21790, 100
2026/09/29 13:00:29.030, 0, 21790, 100
2026/09/29 13:00:30.030, 0, 21790, 100
2026/09/29 13:00:31.030, 0, 21790, 100
2026/09/29 13:00:32.031, 0, 21790, 100
2026/09/29 13:00:33.031, 0, 21790, 100
2026/09/29 13:00:34.031, 0, 21790, 100
2026/09/29 13:00:35.031, 0, 21790, 100
2026/09/29 13:00:36.031, 0, 21790, 100
2026/09/29 13:00:37.031, 0, 21790, 100
2026/09/29 13:00:38.032, 0, 21790, 100
2026/09/29 13:00:39.032, 0, 21790, 100
2026/09/29 13:00:40.032, 0, 21790, 100
2026/09/29 13:00:41.032, 0, 21790, 100
2026/09/29 13:00:42.032, 0, 21790, 100
2026/09/29 13:00:43.033, 0, 21790, 100
2026/09/29 13:00:44.033, 0, 21790, 100
2026/09/29 13:00:45.033, 0, 21790, 100
2026/09/29 13:00:46.033, 0, 21790, 100
2026/09/29 13:00:47.033, 0, 21790, 100
2026/09/29 13:00:48.034, 0, 21790, 100
2026/09/29 13:00:49.034, 0, 21790, 100
2026/09/29 13:00:50.034, 0, 21790, 100
2026/09/29 13:00:51.034, 0, 21790, 100
2026/09/29 13:00:52.034, 0, 21790, 100
2026/09/29 13:00:53.035, 0, 21790, 99
2026/09/29 13:00:54.035, 0, 21790, 100
2026/09/29 13:00:55.035, 0, 21790, 100
2026/09/29 13:00:56.035, 0, 21790, 100
2026/09/29 13:00:57.035, 0, 21790, 100
2026/09/29 13:00:58.035, 0, 21790, 100
2026/09/29 13:00:59.036, 0, 21790, 100
2026/09/29 13:01:00.036, 0, 21790, 100
2026/09/29 13:01:01.036, 0, 21790, 100
2026/09/29 13:01:02.036, 0, 21790, 100
2026/09/29 13:01:03.036, 0, 21790, 100
2026/09/29 13:01:04.037, 0, 21790, 100
2026/09/29 13:01:05.037, 0, 21790, 100
2026/09/29 13:01:06.037, 0, 21790, 100
2026/09/29 13:01:07.037, 0, 21790, 100
2026/09/29 13:01:08.037, 0, 21790, 100
2026/09/29 13:01:09.038, 0, 21790, 100
2026/09/29 13:01:10.038, 0, 21790, 100
2026/09/29 13:01:11.038, 0, 21790, 99
2026/09/29 13:01:12.038, 0, 21790, 100
2026/09/29 13:01:13.038, 0, 21790, 100
2026/09/29 13:01:14.039, 0, 21790, 100
2026/09/29 13:01:15.039, 0, 21790, 100
2026/09/29 13:01:16.039, 0, 21790, 100
2026/09/29 13:01:17.039, 0, 21790, 100
2026/09/29 13:01:18.039, 0, 21790, 100
2026/09/29 13:01:19.040, 0, 21790, 100
2026/09/29 13:01:20.040, 0, 21790, 100
2026/09/29 13:01:21.040, 0, 21790, 100
2026/09/29 13:01:22.040, 0, 21790, 99
2026/09/29 13:01:23.040, 0, 21790, 100
2026/09/29 13:01:24.041, 0, 21790, 100
2026/09/29 13:01:25.041, 0, 21790, 99
2026/09/29 13:01:26.041, 0, 21790, 100
2026/09/29 13:01:27.041, 0, 21790, 100
2026/09/29 13:01:28.041, 0, 21790, 100
2026/09/29 13:01:29.042, 0, 21790, 100
2026/09/29 13:01:30.042, 0, 21790, 100
2026/09/29 13:01:31.042, 0, 21790, 100
2026/09/29 13:01:32.042, 0, 21790, 100
2026/09/29 13:01:33.042, 0, 21790, 100
2026/09/29 13:01:34.042, 0, 21790, 100
2026/09/29 13:01:35.043, 0, 21790, 100
2026/09/29 13:01:36.043, 0, 21790, 100
2026/09/29 13:01:37.043, 0, 21790, 100
2026/09/29 13:01:38.043, 0, 21790, 100
2026/09/29 13:01:39.043, 0, 21790, 100
2026/09/29 13:01:40.044, 0, 21790, 100
2026/09/29 13:01:41.044, 0, 21790, 100
2026/09/29 13:01:42.044, 0, 21790, 100
2026/09/29 13:01:43.044, 0, 21790, 100
2026/09/29 13:01:44.044, 0, 21790, 100
2026/09/29 13:01:45.045, 0, 21790, 100
2026/09/29 13:01:46.045, 0, 21790, 100
2026/09/29 13:01:47.045, 0, 21790, 100
2026/09/29 13:01:48.045, 0, 21790, 100
2026/09/29 13:01:49.045, 0, 21790, 100
2026/09/29 13:01:50.046, 0, 21790, 100
2026/09/29 13:01:51.046, 0, 21790, 100
2026/09/29 13:01:52.046, 0, 21790, 100
2026/09/29 13:01:53.046, 0, 21790, 100
2026/09/29 13:01:54.046, 0, 21790, 100
2026/09/29 13:01:55.046, 0, 21790, 100
2026/09/29 13:01:56.047, 0, 21790, 100
2026/09/29 13:01:57.047, 0, 21790, 100
2026/09/29 13:01:58.047, 0, 21790, 100
2026/09/29 13:01:59.047, 0, 21790, 100
2026/09/29 13:02:00.047, 0, 21790, 100
2026/09/29 13:02:01.048, 0, 21790, 100
2026/09/29 13:02:02.048, 0, 21790, 100
2026/09/29 13:02:03.048, 0, 21790, 100
2026/09/29 13:02:04.048, 0, 21790, 100
2026/09/29 13:02:05.048, 0, 21790, 100
2026/09/29 13:02:06.049, 0, 21790, 100
2026/09/29 13:02:07.049, 0, 21790, 100
2026/09/29 13:02:08.049, 0, 21790, 100
2026/09/29 13:02:09.049, 0, 21790, 100
2026/09/29 13:02:10.049, 0, 21790, 100
2026/09/29 13:02:11.049, 0, 21790, 100
2026/09/29 13:02:12.050, 0, 21790, 100
2026/09/29 13:02:13.050, 0, 21790, 100
2026/09/29 13:02:14.050, 0, 21790, 100
2026/09/29 13:02:15.050, 0, 21790, 100
2026/09/29 13:02:16.050, 0, 21790, 100
2026/09/29 13:02:17.051, 0, 21790, 100
2026/09/29 13:02:18.051, 0, 21790, 100
2026/09/29 13:02:19.051, 0, 21790, 100
2026/09/29 13:02:20.051, 0, 21790, 100
2026/09/29 13:02:21.051, 0, 21790, 100
2026/09/29 13:02:22.052, 0, 21790, 100
2026/09/29 13:02:23.052, 0, 21790, 100
2026/09/29 13:02:24.052, 0, 21790, 100
2026/09/29 13:02:25.052, 0, 21790, 100
2026/09/29 13:02:26.052, 0, 21790, 99
2026/09/29 13:02:27.052, 0, 21790, 100
2026/09/29 13:02:28.053, 0, 21790, 100
2026/09/29 13:02:29.053, 0, 21790, 100
2026/09/29 13:02:30.053, 0, 21790, 96
2026/09/29 13:02:31.053, 0, 21790, 100
2026/09/29 13:02:32.053, 0, 21790, 100
2026/09/29 13:02:33.054, 0, 21790, 100
2026/09/29 13:02:34.054, 0, 21790, 100
2026/09/29 13:02:35.054, 0, 21790, 100
2026/09/29 13:02:36.054, 0, 21790, 100
2026/09/29 13:02:37.054, 0, 21790, 100
2026/09/29 13:02:38.055, 0, 21790, 100
2026/09/29 13:02:39.055, 0, 21790, 100
2026/09/29 13:02:40.055, 0, 21790, 100
2026/09/29 13:02:41.055, 0, 21790, 100
2026/09/29 13:02:42.055, 0, 21790, 100
2026/09/29 13:02:43.055, 0, 21790, 100
2026/09/29 13:02:44.056, 0, 21790, 100
2026/09/29 13:02:45.056, 0, 21790, 100
2026/09/29 13:02:46.056, 0, 21790, 100
2026/09/29 13:02:47.056, 0, 21790, 100
2026/09/29 13:02:48.056, 0, 21790, 100
2026/09/29 13:02:49.057, 0, 21790, 100
2026/09/29 13:02:50.057, 0, 21790, 100
2026/09/29 13:02:51.057, 0, 21790, 100
2026/09/29 13:02:52.057, 0, 21790, 100
2026/09/29 13:02:53.057, 0, 21790, 100
2026/09/29 13:02:54.058, 0, 21790, 100
2026/09/29 13:02:55.058, 0, 21790, 100
2026/09/29 13:02:56.058, 0, 21790, 100
2026/09/29 13:02:57.058, 0, 21790, 100
2026/09/29 13:02:58.058, 0, 21790, 100
2026/09/29 13:02:59.059, 0, 21790, 100
2026/09/29 13:03:00.059, 0, 21790, 100
2026/09/29 13:03:01.059, 0, 21790, 100
2026/09/29 13:03:02.059, 0, 21790, 100
2026/09/29 13:03:03.059, 0, 21790, 100
2026/09/29 13:03:04.059, 0, 21790, 100
2026/09/29 13:03:05.060, 0, 21790, 100
2026/09/29 13:03:06.060, 0, 21790, 100
2026/09/29 13:03:07.060, 0, 21790, 100
2026/09/29 13:03:08.060, 0, 21790, 100
2026/09/29 13:03:09.060, 0, 21790, 100
2026/09/29 13:03:10.061, 0, 21790, 100
2026/09/29 13:03:11.061, 0, 21790, 100
2026/09/29 13:03:12.061, 0, 21790, 100
2026/09/29 13:03:13.061, 0, 22770, 100
2026/09/29 13:03:14.061, 0, 22770, 100
2026/09/29 13:03:15.062, 0, 22890, 100
2026/09/29 13:03:16.062, 0, 22890, 100
2026/09/29 13:03:17.062, 0, 22890, 100
2026/09/29 13:03:18.062, 0, 18830, 71
2026/09/29 13:03:19.063, 0, 18910, 100
2026/09/29 13:03:20.063, 0, 18910, 100
2026/09/29 13:03:21.063, 0, 21870, 100
2026/09/29 13:03:22.063, 0, 21870, 100
2026/09/29 13:03:23.063, 0, 21870, 100
2026/09/29 13:03:24.063, 0, 21870, 100
2026/09/29 13:03:25.064, 0, 21870, 100
2026/09/29 13:03:26.064, 0, 21870, 100
2026/09/29 13:03:27.064, 0, 21870, 100
2026/09/29 13:03:28.064, 0, 21870, 100
2026/09/29 13:03:29.064, 0, 21870, 100
2026/09/29 13:03:30.065, 0, 21870, 100
2026/09/29 13:03:31.065, 0, 21870, 100
2026/09/29 13:03:32.065, 0, 21870, 100
2026/09/29 13:03:33.065, 0, 21870, 100
2026/09/29 13:03:34.065, 0, 21870, 100
2026/09/29 13:03:35.065, 0, 21870, 100
2026/09/29 13:03:36.066, 0, 21870, 100
2026/09/29 13:03:37.066, 0, 21870, 100
2026/09/29 13:03:38.066, 0, 21870, 100
2026/09/29 13:03:39.066, 0, 21870, 100
2026/09/29 13:03:40.066, 0, 21870, 100
2026/09/29 13:03:41.067, 0, 21870, 100
2026/09/29 13:03:42.067, 0, 21870, 100
2026/09/29 13:03:43.067, 0, 21870, 100
2026/09/29 13:03:44.067, 0, 21870, 100
2026/09/29 13:03:45.067, 0, 21870, 100
2026/09/29 13:03:46.067, 0, 21870, 100
2026/09/29 13:03:47.068, 0, 21870, 100
2026/09/29 13:03:48.068, 0, 21870, 100
2026/09/29 13:03:49.068, 0, 21870, 100
2026/09/29 13:03:50.068, 0, 21870, 100
2026/09/29 13:03:51.068, 0, 21870, 100
2026/09/29 13:03:52.069, 0, 21870, 100
2026/09/29 13:03:53.069, 0, 21870, 100
2026/09/29 13:03:54.069, 0, 21870, 100
2026/09/29 13:03:55.069, 0, 21870, 100
2026/09/29 13:03:56.069, 0, 21870, 100
2026/09/29 13:03:57.070, 0, 21870, 100
2026/09/29 13:03:58.070, 0, 21870, 100
2026/09/29 13:03:59.070, 0, 21870, 100
2026/09/29 13:04:00.070, 0, 21870, 100
2026/09/29 13:04:01.070, 0, 21870, 100
2026/09/29 13:04:02.070, 0, 21870, 100
2026/09/29 13:04:03.071, 0, 21870, 100
2026/09/29 13:04:04.071, 0, 21870, 100
2026/09/29 13:04:05.071, 0, 21870, 100
2026/09/29 13:04:06.071, 0, 21870, 100
2026/09/29 13:04:07.071, 0, 21870, 100
2026/09/29 13:04:08.072, 0, 21870, 100
2026/09/29 13:04:09.072, 0, 21870, 100
2026/09/29 13:04:10.072, 0, 21870, 100
2026/09/29 13:04:11.072, 0, 21870, 100
2026/09/29 13:04:12.072, 0, 21870, 100
2026/09/29 13:04:13.073, 0, 21870, 100
2026/09/29 13:04:14.073, 0, 21870, 100
2026/09/29 13:04:15.073, 0, 21870, 100
2026/09/29 13:04:16.073, 0, 21870, 100
2026/09/29 13:04:17.073, 0, 21870, 100
2026/09/29 13:04:18.073, 0, 21870, 100
2026/09/29 13:04:19.074, 0, 21870, 99
2026/09/29 13:04:20.074, 0, 21870, 100
2026/09/29 13:04:21.074, 0, 21870, 100
2026/09/29 13:04:22.075, 0, 21870, 100
2026/09/29 13:04:23.075, 0, 21870, 100
2026/09/29 13:04:24.075, 0, 21870, 100
2026/09/29 13:04:25.075, 0, 21870, 100
2026/09/29 13:04:26.075, 0, 21870, 100
2026/09/29 13:04:27.076, 0, 21870, 100
2026/09/29 13:04:28.076, 0, 21870, 100
2026/09/29 13:04:29.076, 0, 21870, 100
2026/09/29 13:04:30.076, 0, 21870, 100
2026/09/29 13:04:31.076, 0, 21870, 100
2026/09/29 13:04:32.077, 0, 21870, 100
2026/09/29 13:04:33.077, 0, 21870, 100
2026/09/29 13:04:34.077, 0, 21870, 100
2026/09/29 13:04:35.077, 0, 21870, 100
2026/09/29 13:04:36.077, 0, 21870, 100
2026/09/29 13:04:37.078, 0, 21870, 100
2026/09/29 13:04:38.078, 0, 21870, 100
2026/09/29 13:04:39.078, 0, 21870, 100
2026/09/29 13:04:40.078, 0, 21870, 100
2026/09/29 13:04:41.078, 0, 21870, 100
2026/09/29 13:04:42.078, 0, 21870, 100
2026/09/29 13:04:43.079, 0, 21870, 100
2026/09/29 13:04:44.079, 0, 21870, 100
2026/09/29 13:04:45.079, 0, 21870, 100
2026/09/29 13:04:46.079, 0, 21870, 100
2026/09/29 13:04:47.079, 0, 21870, 100
2026/09/29 13:04:48.080, 0, 21870, 100
2026/09/29 13:04:49.080, 0, 21870, 100
2026/09/29 13:04:50.080, 0, 21870, 100
2026/09/29 13:04:51.080, 0, 21870, 100
2026/09/29 13:04:52.080, 0, 21870, 100
2026/09/29 13:04:53.081, 0, 21870, 100
2026/09/29 13:04:54.081, 0, 21870, 100
2026/09/29 13:04:55.081, 0, 21870, 100
2026/09/29 13:04:56.081, 0, 21870, 100
2026/09/29 13:04:57.081, 0, 21870, 100
2026/09/29 13:04:58.081, 0, 21870, 100
2026/09/29 13:04:59.082, 0, 21870, 100
2026/09/29 13:05:00.082, 0, 21870, 100
2026/09/29 13:05:01.082, 0, 21870, 100
2026/09/29 13:05:02.082, 0, 21870, 100
2026/09/29 13:05:03.082, 0, 21870, 100
2026/09/29 13:05:04.083, 0, 21870, 100
2026/09/29 13:05:05.083, 0, 21870, 100
2026/09/29 13:05:06.083, 0, 21870, 100
2026/09/29 13:05:07.083, 0, 21870, 100
2026/09/29 13:05:08.083, 0, 21870, 100
2026/09/29 13:05:09.084, 0, 21870, 99
2026/09/29 13:05:10.084, 0, 21870, 100
2026/09/29 13:05:11.084, 0, 21870, 100
2026/09/29 13:05:12.084, 0, 21870, 100
2026/09/29 13:05:13.084, 0, 21870, 100
2026/09/29 13:05:14.085, 0, 21870, 100
2026/09/29 13:05:15.085, 0, 21870, 100
2026/09/29 13:05:16.085, 0, 21870, 100
2026/09/29 13:05:17.085, 0, 21870, 100
2026/09/29 13:05:18.085, 0, 21870, 100
2026/09/29 13:05:19.085, 0, 21870, 100
2026/09/29 13:05:20.086, 0, 21870, 100
2026/09/29 13:05:21.086, 0, 21870, 100
2026/09/29 13:05:22.086, 0, 21870, 100
2026/09/29 13:05:23.086, 0, 21870, 100
2026/09/29 13:05:24.086, 0, 21870, 100
2026/09/29 13:05:25.087, 0, 21870, 100
2026/09/29 13:05:26.087, 0, 21870, 100
2026/09/29 13:05:27.087, 0, 21870, 100
2026/09/29 13:05:28.087, 0, 21870, 100
2026/09/29 13:05:29.087, 0, 21870, 100
2026/09/29 13:05:30.088, 0, 21870, 100
2026/09/29 13:05:31.088, 0, 21870, 100
2026/09/29 13:05:32.088, 0, 21870, 100
2026/09/29 13:05:33.088, 0, 21870, 100
2026/09/29 13:05:34.088, 0, 21870, 100
2026/09/29 13:05:35.088, 0, 21870, 100
2026/09/29 13:05:36.089, 0, 21870, 100
2026/09/29 13:05:37.089, 0, 21870, 100
2026/09/29 13:05:38.089, 0, 21870, 100
2026/09/29 13:05:39.089, 0, 21870, 100
2026/09/29 13:05:40.089, 0, 21870, 100
2026/09/29 13:05:41.090, 0, 21870, 100
2026/09/29 13:05:42.090, 0, 21870, 100
2026/09/29 13:05:43.090, 0, 21870, 100
2026/09/29 13:05:44.090, 0, 21870, 100
2026/09/29 13:05:45.090, 0, 21870, 100
2026/09/29 13:05:46.091, 0, 21870, 100
2026/09/29 13:05:47.091, 0, 21870, 100
2026/09/29 13:05:48.091, 0, 21870, 100
2026/09/29 13:05:49.091, 0, 21870, 100
2026/09/29 13:05:50.092, 0, 21870, 100
2026/09/29 13:05:51.092, 0, 21870, 100
2026/09/29 13:05:52.092, 0, 21870, 100
2026/09/29 13:05:53.092, 0, 21870, 100
2026/09/29 13:05:54.092, 0, 21870, 100
2026/09/29 13:05:55.093, 0, 21870, 100
2026/09/29 13:05:56.093, 0, 21870, 100
2026/09/29 13:05:57.093, 0, 21870, 100
2026/09/29 13:05:58.093, 0, 21870, 100
2026/09/29 13:05:59.093, 0, 21870, 100
2026/09/29 13:06:00.093, 0, 21870, 100
2026/09/29 13:06:01.094, 0, 21870, 100
2026/09/29 13:06:02.094, 0, 21870, 100
2026/09/29 13:06:03.094, 0, 21870, 100
2026/09/29 13:06:04.094, 0, 21870, 100
2026/09/29 13:06:05.094, 0, 21870, 100
2026/09/29 13:06:06.095, 0, 21870, 100
2026/09/29 13:06:07.095, 0, 21870, 100
2026/09/29 13:06:08.095, 0, 21870, 100
2026/09/29 13:06:09.095, 0, 21870, 100
2026/09/29 13:06:10.095, 0, 21870, 100
2026/09/29 13:06:11.096, 0, 21870, 100
2026/09/29 13:06:12.096, 0, 21870, 100
2026/09/29 13:06:13.096, 0, 21870, 100
2026/09/29 13:06:14.096, 0, 21870, 100
2026/09/29 13:06:15.096, 0, 21870, 100
2026/09/29 13:06:16.097, 0, 21870, 100
2026/09/29 13:06:17.097, 0, 21870, 100
2026/09/29 13:06:18.097, 0, 21870, 100
2026/09/29 13:06:19.097, 0, 21870, 100
2026/09/29 13:06:20.097, 0, 21870, 100
2026/09/29 13:06:21.097, 0, 21870, 100
2026/09/29 13:06:22.098, 0, 21870, 100
2026/09/29 13:06:23.098, 0, 21870, 100
2026/09/29 13:06:24.098, 0, 21870, 100
2026/09/29 13:06:25.098, 0, 21870, 100
2026/09/29 13:06:26.098, 0, 21870, 100
2026/09/29 13:06:27.099, 0, 21870, 100
2026/09/29 13:06:28.099, 0, 21870, 100
2026/09/29 13:06:29.099, 0, 21870, 100
2026/09/29 13:06:30.099, 0, 21870, 100
2026/09/29 13:06:31.100, 0, 21870, 100
2026/09/29 13:06:32.100, 0, 21870, 100
2026/09/29 13:06:33.100, 0, 21870, 100
2026/09/29 13:06:34.100, 0, 21870, 100
2026/09/29 13:06:35.100, 0, 21870, 100
2026/09/29 13:06:36.100, 0, 21870, 100
2026/09/29 13:06:37.101, 0, 21870, 100
2026/09/29 13:06:38.101, 0, 21870, 100
2026/09/29 13:06:39.101, 0, 21870, 100
2026/09/29 13:06:40.101, 0, 21870, 100
2026/09/29 13:06:41.101, 0, 21870, 100
2026/09/29 13:06:42.102, 0, 21870, 100
2026/09/29 13:06:43.102, 0, 21870, 100
2026/09/29 13:06:44.102, 0, 21870, 100
2026/09/29 13:06:45.102, 0, 21870, 100
2026/09/29 13:06:46.102, 0, 21870, 100
2026/09/29 13:06:47.103, 0, 21870, 100
2026/09/29 13:06:48.103, 0, 21870, 100
2026/09/29 13:06:49.103, 0, 21870, 100
2026/09/29 13:06:50.103, 0, 21870, 100
2026/09/29 13:06:51.103, 0, 21870, 100
2026/09/29 13:06:52.103, 0, 21870, 100
2026/09/29 13:06:53.104, 0, 21870, 100
2026/09/29 13:06:54.104, 0, 21870, 100
2026/09/29 13:06:55.104, 0, 21870, 100
2026/09/29 13:06:56.104, 0, 21870, 100
2026/09/29 13:06:57.104, 0, 21870, 100
2026/09/29 13:06:58.105, 0, 21870, 100
2026/09/29 13:06:59.105, 0, 21870, 100
2026/09/29 13:07:00.105, 0, 21870, 100
2026/09/29 13:07:01.105, 0, 21870, 100
2026/09/29 13:07:02.105, 0, 21870, 100
2026/09/29 13:07:03.106, 0, 21870, 100
2026/09/29 13:07:04.106, 0, 21870, 100
2026/09/29 13:07:05.106, 0, 21870, 100
2026/09/29 13:07:06.106, 0, 21870, 100
2026/09/29 13:07:07.106, 0, 21870, 100
2026/09/29 13:07:08.106, 0, 21870, 100
2026/09/29 13:07:09.107, 0, 21870, 100
2026/09/29 13:07:10.107, 0, 21870, 100
2026/09/29 13:07:11.107, 0, 21870, 100
2026/09/29 13:07:12.107, 0, 21870, 100
2026/09/29 13:07:13.107, 0, 21870, 100
2026/09/29 13:07:14.108, 0, 21870, 100
2026/09/29 13:07:15.108, 0, 21870, 100
2026/09/29 13:07:16.108, 0, 21870, 100
2026/09/29 13:07:17.108, 0, 21870, 100
2026/09/29 13:07:18.108, 0, 21870, 100
2026/09/29 13:07:19.109, 0, 21870, 100
2026/09/29 13:07:20.109, 0, 21870, 100
2026/09/29 13:07:21.109, 0, 21870, 100
2026/09/29 13:07:22.109, 0, 21870, 100
2026/09/29 13:07:23.109, 0, 21870, 100
2026/09/29 13:07:24.110, 0, 21870, 100
2026/09/29 13:07:25.110, 0, 21870, 100
2026/09/29 13:07:26.110, 0, 21870, 100
2026/09/29 13:07:27.110, 0, 21870, 100
2026/09/29 13:07:28.110, 0, 21870, 100
2026/09/29 13:07:29.110, 0, 21870, 100
2026/09/29 13:07:30.111, 0, 21870, 100
2026/09/29 13:07:31.111, 0, 21870, 100
2026/09/29 13:07:32.111, 0, 21870, 100
2026/09/29 13:07:33.111, 0, 21870, 100
2026/09/29 13:07:34.111, 0, 21870, 100
2026/09/29 13:07:35.112, 0, 21870, 100
2026/09/29 13:07:36.112, 0, 21870, 100
2026/09/29 13:07:37.112, 0, 21870, 100
2026/09/29 13:07:38.112, 0, 21870, 100
2026/09/29 13:07:39.112, 0, 21870, 100
2026/09/29 13:07:40.113, 0, 21870, 97
2026/09/29 13:07:41.113, 0, 21870, 100
2026/09/29 13:07:42.113, 0, 21870, 100
2026/09/29 13:07:43.113, 0, 21870, 100
2026/09/29 13:07:44.113, 0, 21870, 100
2026/09/29 13:07:45.113, 0, 21870, 100
2026/09/29 13:07:46.114, 0, 21870, 100
2026/09/29 13:07:47.114, 0, 21870, 100
2026/09/29 13:07:48.114, 0, 21870, 100
2026/09/29 13:07:49.114, 0, 21870, 100
2026/09/29 13:07:50.114, 0, 21870, 100
2026/09/29 13:07:51.115, 0, 21870, 100
2026/09/29 13:07:52.115, 0, 21870, 100
2026/09/29 13:07:53.115, 0, 21870, 100
2026/09/29 13:07:54.115, 0, 21870, 100
2026/09/29 13:07:55.115, 0, 21870, 100
2026/09/29 13:07:56.116, 0, 21870, 100
2026/09/29 13:07:57.116, 0, 21870, 100
2026/09/29 13:07:58.116, 0, 21870, 100
2026/09/29 13:07:59.116, 0, 21870, 100
2026/09/29 13:08:00.116, 0, 21870, 100
2026/09/29 13:08:01.117, 0, 21870, 100
2026/09/29 13:08:02.117, 0, 21870, 100
2026/09/29 13:08:03.117, 0, 21870, 100
2026/09/29 13:08:04.117, 0, 21870, 100
2026/09/29 13:08:05.117, 0, 21870, 100
2026/09/29 13:08:06.118, 0, 21870, 100
2026/09/29 13:08:07.118, 0, 21870, 100
2026/09/29 13:08:08.118, 0, 21870, 100
2026/09/29 13:08:09.118, 0, 21870, 100
2026/09/29 13:08:10.118, 0, 21870, 100
2026/09/29 13:08:11.118, 0, 21870, 100
2026/09/29 13:08:12.119, 0, 21870, 100
2026/09/29 13:08:13.119, 0, 21870, 100
2026/09/29 13:08:14.119, 0, 21870, 100
2026/09/29 13:08:15.119, 0, 21870, 100
2026/09/29 13:08:16.119, 0, 21870, 100
2026/09/29 13:08:17.120, 0, 21870, 100
2026/09/29 13:08:18.120, 0, 21870, 100
2026/09/29 13:08:19.120, 0, 21870, 100
2026/09/29 13:08:20.120, 0, 21870, 100
2026/09/29 13:08:21.120, 0, 21870, 100
2026/09/29 13:08:22.121, 0, 21870, 100
2026/09/29 13:08:23.121, 0, 21870, 100
2026/09/29 13:08:24.121, 0, 21870, 100
2026/09/29 13:08:25.121, 0, 21870, 100
2026/09/29 13:08:26.121, 0, 21870, 100
2026/09/29 13:08:27.121, 0, 21870, 100
2026/09/29 13:08:28.122, 0, 21870, 100
2026/09/29 13:08:29.122, 0, 21870, 100
2026/09/29 13:08:30.122, 0, 21870, 100
2026/09/29 13:08:31.122, 0, 21870, 100
2026/09/29 13:08:32.122, 0, 21870, 100
2026/09/29 13:08:33.123, 0, 21870, 100
2026/09/29 13:08:34.123, 0, 21870, 99
2026/09/29 13:08:35.123, 0, 21870, 100
2026/09/29 13:08:36.123, 0, 21870, 100
2026/09/29 13:08:37.123, 0, 21870, 100
2026/09/29 13:08:38.124, 0, 21870, 100
2026/09/29 13:08:39.124, 0, 21870, 100
2026/09/29 13:08:40.124, 0, 21870, 100
2026/09/29 13:08:41.124, 0, 21870, 100
2026/09/29 13:08:42.124, 0, 21870, 100
2026/09/29 13:08:43.125, 0, 21870, 100
2026/09/29 13:08:44.125, 0, 21870, 100
2026/09/29 13:08:45.125, 0, 21870, 100
2026/09/29 13:08:46.125, 0, 21870, 100
2026/09/29 13:08:47.125, 0, 21870, 100
2026/09/29 13:08:48.125, 0, 21870, 100
2026/09/29 13:08:49.126, 0, 21870, 100
2026/09/29 13:08:50.126, 0, 21870, 100
2026/09/29 13:08:51.126, 0, 21870, 100
2026/09/29 13:08:52.126, 0, 21870, 100
2026/09/29 13:08:53.126, 0, 21870, 100
2026/09/29 13:08:54.127, 0, 21870, 100
2026/09/29 13:08:55.127, 0, 21870, 100
2026/09/29 13:08:56.127, 0, 21870, 100
2026/09/29 13:08:57.127, 0, 21870, 100
2026/09/29 13:08:58.127, 0, 21870, 100
2026/09/29 13:08:59.128, 0, 21870, 100
2026/09/29 13:09:00.128, 0, 21870, 100
2026/09/29 13:09:01.128, 0, 21870, 100
2026/09/29 13:09:02.128, 0, 21870, 100
2026/09/29 13:09:03.128, 0, 21870, 100
2026/09/29 13:09:04.128, 0, 21870, 100
2026/09/29 13:09:05.129, 0, 21870, 100
2026/09/29 13:09:06.129, 0, 21870, 100
2026/09/29 13:09:07.129, 0, 21870, 100
2026/09/29 13:09:08.129, 0, 21870, 100
2026/09/29 13:09:09.129, 0, 21870, 100
2026/09/29 13:09:10.130, 0, 21870, 100
2026/09/29 13:09:11.130, 0, 21870, 100
2026/09/29 13:09:12.130, 0, 21870, 100
2026/09/29 13:09:13.130, 0, 21870, 100
2026/09/29 13:09:14.130, 0, 21870, 100
2026/09/29 13:09:15.131, 0, 21870, 100
2026/09/29 13:09:16.131, 0, 21870, 100
2026/09/29 13:09:17.131, 0, 21870, 100
2026/09/29 13:09:18.131, 0, 21870, 100
2026/09/29 13:09:19.131, 0, 21870, 100
2026/09/29 13:09:20.131, 0, 21870, 100
2026/09/29 13:09:21.132, 0, 21870, 100
2026/09/29 13:09:22.132, 0, 21870, 100
2026/09/29 13:09:23.132, 0, 21870, 100
2026/09/29 13:09:24.133, 0, 21870, 100
2026/09/29 13:09:25.133, 0, 21870, 100
2026/09/29 13:09:26.133, 0, 21870, 100
2026/09/29 13:09:27.133, 0, 21870, 100
2026/09/29 13:09:28.133, 0, 21870, 96
2026/09/29 13:09:29.133, 0, 21870, 100
2026/09/29 13:09:30.134, 0, 21870, 100
2026/09/29 13:09:31.134, 0, 21870, 100
2026/09/29 13:09:32.134, 0, 21870, 100
2026/09/29 13:09:33.134, 0, 21870, 100
2026/09/29 13:09:34.135, 0, 21870, 100
2026/09/29 13:09:35.135, 0, 21870, 100
2026/09/29 13:09:36.135, 0, 21870, 100
2026/09/29 13:09:37.135, 0, 21870, 100
2026/09/29 13:09:38.135, 0, 21870, 100
2026/09/29 13:09:39.136, 0, 21870, 100
2026/09/29 13:09:40.136, 0, 21870, 100
2026/09/29 13:09:41.136, 0, 21870, 100
2026/09/29 13:09:42.136, 0, 21870, 100
2026/09/29 13:09:43.136, 0, 21870, 100
2026/09/29 13:09:44.136, 0, 21870, 100
2026/09/29 13:09:45.137, 0, 21870, 100
2026/09/29 13:09:46.137, 0, 21870, 100
2026/09/29 13:09:47.137, 0, 21870, 100
2026/09/29 13:09:48.137, 0, 21870, 100
2026/09/29 13:09:49.137, 0, 21870, 100
2026/09/29 13:09:50.138, 0, 21870, 100
2026/09/29 13:09:51.138, 0, 21870, 100
2026/09/29 13:09:52.138, 0, 21870, 100
2026/09/29 13:09:53.138, 0, 21870, 100
2026/09/29 13:09:54.138, 0, 21870, 100
2026/09/29 13:09:55.139, 0, 21870, 100
2026/09/29 13:09:56.139, 0, 21870, 100
2026/09/29 13:09:57.139, 0, 21870, 100
2026/09/29 13:09:58.139, 0, 21870, 100
2026/09/29 13:09:59.139, 0, 21870, 100
2026/09/29 13:10:00.140, 0, 21870, 100
2026/09/29 13:10:01.140, 0, 21870, 100
2026/09/29 13:10:02.140, 0, 21870, 100
2026/09/29 13:10:03.140, 0, 21870, 100
2026/09/29 13:10:04.140, 0, 21870, 100
2026/09/29 13:10:05.141, 0, 21870, 100
2026/09/29 13:10:06.141, 0, 21870, 100
2026/09/29 13:10:07.141, 0, 21870, 100
2026/09/29 13:10:08.141, 0, 21870, 100
2026/09/29 13:10:09.141, 0, 21870, 100
2026/09/29 13:10:10.141, 0, 21870, 100
2026/09/29 13:10:11.142, 0, 21870, 100
2026/09/29 13:10:12.142, 0, 21870, 100
2026/09/29 13:10:13.142, 0, 21870, 100
2026/09/29 13:10:14.142, 0, 21870, 100
2026/09/29 13:10:15.142, 0, 21870, 100
2026/09/29 13:10:16.143, 0, 21870, 100
2026/09/29 13:10:17.143, 0, 21870, 100
2026/09/29 13:10:18.143, 0, 21870, 100
2026/09/29 13:10:19.143, 0, 21870, 100
2026/09/29 13:10:20.143, 0, 21870, 100
2026/09/29 13:10:21.144, 0, 21870, 100
2026/09/29 13:10:22.144, 0, 21870, 100
2026/09/29 13:10:23.144, 0, 21870, 100
2026/09/29 13:10:24.144, 0, 21870, 100
2026/09/29 13:10:25.144, 0, 21870, 100
2026/09/29 13:10:26.145, 0, 21870, 100
2026/09/29 13:10:27.145, 0, 21870, 100
2026/09/29 13:10:28.145, 0, 21870, 100
2026/09/29 13:10:29.145, 0, 21870, 100
2026/09/29 13:10:30.145, 0, 21870, 100
2026/09/29 13:10:31.145, 0, 21870, 100
2026/09/29 13:10:32.146, 0, 21870, 100
2026/09/29 13:10:33.146, 0, 21870, 100
2026/09/29 13:10:34.146, 0, 21870, 100
2026/09/29 13:10:35.146, 0, 21870, 100
2026/09/29 13:10:36.146, 0, 21870, 100
2026/09/29 13:10:37.147, 0, 21870, 100
2026/09/29 13:10:38.147, 0, 21870, 100
2026/09/29 13:10:39.147, 0, 21870, 100
2026/09/29 13:10:40.147, 0, 21870, 100
2026/09/29 13:10:41.147, 0, 21870, 100
2026/09/29 13:10:42.148, 0, 21870, 100
2026/09/29 13:10:43.148, 0, 21870, 100
2026/09/29 13:10:44.148, 0, 21870, 100
2026/09/29 13:10:45.148, 0, 21870, 100
2026/09/29 13:10:46.148, 0, 21870, 100
2026/09/29 13:10:47.149, 0, 21870, 100
2026/09/29 13:10:48.149, 0, 21870, 100
2026/09/29 13:10:49.149, 0, 21870, 100
2026/09/29 13:10:50.149, 0, 21870, 100
2026/09/29 13:10:51.149, 0, 21870, 100
2026/09/29 13:10:52.150, 0, 21870, 100
2026/09/29 13:10:53.150, 0, 21870, 100
2026/09/29 13:10:54.150, 0, 21870, 100
2026/09/29 13:10:55.150, 0, 21870, 100
2026/09/29 13:10:56.150, 0, 21870, 100
2026/09/29 13:10:57.151, 0, 21870, 100
2026/09/29 13:10:58.151, 0, 21870, 100
2026/09/29 13:10:59.151, 0, 21870, 100
2026/09/29 13:11:00.151, 0, 21870, 100
2026/09/29 13:11:01.151, 0, 21870, 100
2026/09/29 13:11:02.151, 0, 21870, 100
2026/09/29 13:11:03.152, 0, 21870, 100
2026/09/29 13:11:04.152, 0, 21870, 100
2026/09/29 13:11:05.152, 0, 21870, 100
2026/09/29 13:11:06.152, 0, 21870, 100
2026/09/29 13:11:07.152, 0, 21870, 100
2026/09/29 13:11:08.153, 0, 21870, 100
2026/09/29 13:11:09.153, 0, 21870, 100
2026/09/29 13:11:10.153, 0, 21870, 100
2026/09/29 13:11:11.153, 0, 21870, 100
2026/09/29 13:11:12.153, 0, 21870, 100
2026/09/29 13:11:13.154, 0, 21870, 100
2026/09/29 13:11:14.154, 0, 21870, 100
2026/09/29 13:11:15.154, 0, 21870, 100
2026/09/29 13:11:16.154, 0, 21870, 95
2026/09/29 13:11:17.154, 0, 21870, 100
2026/09/29 13:11:18.155, 0, 21870, 100
2026/09/29 13:11:19.155, 0, 21870, 100
2026/09/29 13:11:20.155, 0, 21870, 100
2026/09/29 13:11:21.155, 0, 21870, 100
2026/09/29 13:11:22.155, 0, 21870, 100
2026/09/29 13:11:23.156, 0, 21870, 100
2026/09/29 13:11:24.156, 0, 21870, 100
2026/09/29 13:11:25.156, 0, 21870, 100
2026/09/29 13:11:26.156, 0, 21870, 100
2026/09/29 13:11:27.156, 0, 21870, 100
2026/09/29 13:11:28.157, 0, 21870, 100
2026/09/29 13:11:29.157, 0, 21870, 100
2026/09/29 13:11:30.157, 0, 21870, 100
2026/09/29 13:11:31.157, 0, 21870, 100
2026/09/29 13:11:32.157, 0, 21870, 100
2026/09/29 13:11:33.158, 0, 21870, 100
2026/09/29 13:11:34.158, 0, 21870, 100
2026/09/29 13:11:35.158, 0, 21870, 100
2026/09/29 13:11:36.158, 0, 21870, 100
2026/09/29 13:11:37.158, 0, 21870, 99
2026/09/29 13:11:38.158, 0, 21870, 100
2026/09/29 13:11:39.159, 0, 21870, 100
2026/09/29 13:11:40.159, 0, 21870, 100
2026/09/29 13:11:41.159, 0, 21870, 100
2026/09/29 13:11:42.159, 0, 21870, 100
2026/09/29 13:11:43.159, 0, 21870, 100
2026/09/29 13:11:44.160, 0, 21870, 100
2026/09/29 13:11:45.160, 0, 21870, 100
2026/09/29 13:11:46.160, 0, 21870, 100
2026/09/29 13:11:47.160, 0, 21870, 100
2026/09/29 13:11:48.160, 0, 21870, 100
2026/09/29 13:11:49.161, 0, 21870, 100
2026/09/29 13:11:50.161, 0, 21870, 100
2026/09/29 13:11:51.161, 0, 21870, 100
2026/09/29 13:11:52.161, 0, 21870, 100
2026/09/29 13:11:53.161, 0, 21870, 100
2026/09/29 13:11:54.161, 0, 21870, 100
2026/09/29 13:11:55.162, 0, 21870, 100
2026/09/29 13:11:56.162, 0, 21870, 100
2026/09/29 13:11:57.162, 0, 21870, 100
2026/09/29 13:11:58.162, 0, 21870, 100
2026/09/29 13:11:59.162, 0, 21870, 100
2026/09/29 13:12:00.163, 0, 21870, 100
2026/09/29 13:12:01.163, 0, 21870, 100
2026/09/29 13:12:02.163, 0, 21870, 100
2026/09/29 13:12:03.163, 0, 21870, 100
2026/09/29 13:12:04.163, 0, 21870, 100
2026/09/29 13:12:05.164, 0, 21870, 100
2026/09/29 13:12:06.164, 0, 21870, 100
2026/09/29 13:12:07.164, 0, 21870, 100
2026/09/29 13:12:08.164, 0, 21870, 100
2026/09/29 13:12:09.164, 0, 21870, 100
2026/09/29 13:12:10.165, 0, 21870, 99
2026/09/29 13:12:11.165, 0, 21870, 100
2026/09/29 13:12:12.165, 0, 21870, 100
2026/09/29 13:12:13.165, 0, 21870, 100
2026/09/29 13:12:14.165, 0, 21870, 100
2026/09/29 13:12:15.166, 0, 21870, 100
2026/09/29 13:12:16.166, 0, 21870, 100
2026/09/29 13:12:17.166, 0, 21870, 100
2026/09/29 13:12:18.166, 0, 21870, 100
2026/09/29 13:12:19.166, 0, 21870, 100
2026/09/29 13:12:20.166, 0, 21870, 100
2026/09/29 13:12:21.167, 0, 21870, 100
2026/09/29 13:12:22.167, 0, 21870, 100
2026/09/29 13:12:23.167, 0, 21870, 100
2026/09/29 13:12:24.167, 0, 21870, 100
2026/09/29 13:12:25.167, 0, 21870, 100
2026/09/29 13:12:26.168, 0, 21870, 100
2026/09/29 13:12:27.168, 0, 21870, 100
2026/09/29 13:12:28.168, 0, 21870, 100
2026/09/29 13:12:29.168, 0, 21870, 100
2026/09/29 13:12:30.168, 0, 21870, 100
2026/09/29 13:12:31.169, 0, 21870, 100
2026/09/29 13:12:32.169, 0, 21870, 100
2026/09/29 13:12:33.169, 0, 21870, 100
2026/09/29 13:12:34.169, 0, 21870, 100
2026/09/29 13:12:35.169, 0, 21870, 100
2026/09/29 13:12:36.170, 0, 21870, 100
2026/09/29 13:12:37.170, 0, 21870, 100
2026/09/29 13:12:38.170, 0, 21870, 100
2026/09/29 13:12:39.170, 0, 21870, 100
2026/09/29 13:12:40.170, 0, 21870, 100
2026/09/29 13:12:41.170, 0, 21870, 100
2026/09/29 13:12:42.171, 0, 21870, 100
2026/09/29 13:12:43.171, 0, 21870, 100
2026/09/29 13:12:44.171, 0, 21870, 100
2026/09/29 13:12:45.171, 0, 21870, 100
2026/09/29 13:12:46.171, 0, 21870, 100
2026/09/29 13:12:47.172, 0, 21870, 100
2026/09/29 13:12:48.172, 0, 21870, 100
2026/09/29 13:12:49.172, 0, 21870, 100
2026/09/29 13:12:50.172, 0, 21870, 100
2026/09/29 13:12:51.172, 0, 21870, 100
2026/09/29 13:12:52.172, 0, 21870, 100
2026/09/29 13:12:53.173, 0, 21870, 100
2026/09/29 13:12:54.173, 0, 21870, 100
2026/09/29 13:12:55.173, 0, 21870, 100
2026/09/29 13:12:56.173, 0, 21870, 100
2026/09/29 13:12:57.173, 0, 21870, 100
2026/09/29 13:12:58.174, 0, 21870, 99
2026/09/29 13:12:59.174, 0, 21870, 100
2026/09/29 13:13:00.174, 0, 21870, 100
2026/09/29 13:13:01.174, 0, 21870, 100
2026/09/29 13:13:02.175, 0, 21870, 100
2026/09/29 13:13:03.175, 0, 21870, 100
2026/09/29 13:13:04.175, 0, 21870, 100
2026/09/29 13:13:05.175, 0, 21870, 100
2026/09/29 13:13:06.175, 0, 21870, 100
2026/09/29 13:13:07.175, 0, 21870, 100
2026/09/29 13:13:08.176, 0, 21870, 100
2026/09/29 13:13:09.176, 0, 21870, 100
2026/09/29 13:13:10.176, 0, 21870, 100
2026/09/29 13:13:11.176, 0, 21870, 100
2026/09/29 13:13:12.176, 0, 21870, 100
2026/09/29 13:13:13.177, 0, 21870, 100
2026/09/29 13:13:14.177, 0, 21870, 100
2026/09/29 13:13:15.177, 0, 21870, 100
2026/09/29 13:13:16.177, 0, 21870, 100
2026/09/29 13:13:17.177, 0, 21870, 100
2026/09/29 13:13:18.178, 0, 21870, 100
2026/09/29 13:13:19.178, 0, 21870, 100
2026/09/29 13:13:20.178, 0, 21870, 100
2026/09/29 13:13:21.178, 0, 21870, 100
2026/09/29 13:13:22.178, 0, 21870, 100
2026/09/29 13:13:23.179, 0, 21870, 100
2026/09/29 13:13:24.179, 0, 21870, 100
2026/09/29 13:13:25.179, 0, 21870, 100
2026/09/29 13:13:26.179, 0, 21870, 100
2026/09/29 13:13:27.179, 0, 21870, 100
2026/09/29 13:13:28.180, 0, 21870, 100
2026/09/29 13:13:29.180, 0, 21870, 100
2026/09/29 13:13:30.180, 0, 21870, 100
2026/09/29 13:13:31.180, 0, 21870, 100
2026/09/29 13:13:32.180, 0, 21870, 100
2026/09/29 13:13:33.181, 0, 21870, 100
2026/09/29 13:13:34.181, 0, 21870, 100
2026/09/29 13:13:35.181, 0, 21870, 100
2026/09/29 13:13:36.181, 0, 21870, 100
2026/09/29 13:13:37.181, 0, 21870, 100
2026/09/29 13:13:38.181, 0, 21870, 100
2026/09/29 13:13:39.182, 0, 21870, 100
2026/09/29 13:13:40.182, 0, 21870, 100
2026/09/29 13:13:41.182, 0, 21870, 100
2026/09/29 13:13:42.182, 0, 21870, 100
2026/09/29 13:13:43.182, 0, 21870, 100
2026/09/29 13:13:44.183, 0, 21870, 100
2026/09/29 13:13:45.183, 0, 21870, 100
2026/09/29 13:13:46.183, 0, 21870, 100
2026/09/29 13:13:47.183, 0, 21870, 100
2026/09/29 13:13:48.183, 0, 21870, 100
2026/09/29 13:13:49.184, 0, 21870, 100
2026/09/29 13:13:50.184, 0, 21870, 100
2026/09/29 13:13:51.184, 0, 21870, 100
2026/09/29 13:13:52.184, 0, 21870, 100
2026/09/29 13:13:53.185, 0, 21870, 100
2026/09/29 13:13:54.185, 0, 21870, 100
2026/09/29 13:13:55.185, 0, 21870, 100
2026/09/29 13:13:56.185, 0, 21870, 100
2026/09/29 13:13:57.185, 0, 21870, 100
2026/09/29 13:13:58.186, 0, 21870, 99
2026/09/29 13:13:59.186, 0, 21870, 100
2026/09/29 13:14:00.186, 0, 21870, 100
2026/09/29 13:14:01.186, 0, 21870, 100
2026/09/29 13:14:02.186, 0, 21870, 100
2026/09/29 13:14:03.186, 0, 21870, 100
2026/09/29 13:14:04.187, 0, 21870, 100
2026/09/29 13:14:05.187, 0, 21870, 100
2026/09/29 13:14:06.187, 0, 21870, 100
2026/09/29 13:14:07.187, 0, 21870, 100
2026/09/29 13:14:08.187, 0, 21870, 100
2026/09/29 13:14:09.188, 0, 21870, 100
2026/09/29 13:14:10.188, 0, 21870, 100
2026/09/29 13:14:11.188, 0, 21870, 100
2026/09/29 13:14:12.188, 0, 21870, 100
2026/09/29 13:14:13.189, 0, 21870, 100
2026/09/29 13:14:14.189, 0, 21870, 100
2026/09/29 13:14:15.189, 0, 21870, 100
2026/09/29 13:14:16.189, 0, 21870, 100
2026/09/29 13:14:17.189, 0, 21870, 100
2026/09/29 13:14:18.189, 0, 21870, 100
2026/09/29 13:14:19.190, 0, 21870, 100
2026/09/29 13:14:20.190, 0, 21870, 100
2026/09/29 13:14:21.190, 0, 21870, 100
2026/09/29 13:14:22.190, 0, 21870, 100
2026/09/29 13:14:23.190, 0, 21870, 100
2026/09/29 13:14:24.191, 0, 21870, 100
2026/09/29 13:14:25.191, 0, 21870, 100
2026/09/29 13:14:26.191, 0, 21870, 100
2026/09/29 13:14:27.191, 0, 21870, 100
2026/09/29 13:14:28.191, 0, 21870, 100
2026/09/29 13:14:29.192, 0, 21870, 100
2026/09/29 13:14:30.192, 0, 21870, 100
2026/09/29 13:14:31.192, 0, 21870, 100
2026/09/29 13:14:32.192, 0, 21870, 100
2026/09/29 13:14:33.192, 0, 21870, 100
2026/09/29 13:14:34.193, 0, 21870, 100
2026/09/29 13:14:35.193, 0, 21870, 100
2026/09/29 13:14:36.193, 0, 21870, 100
2026/09/29 13:14:37.193, 0, 21870, 100
2026/09/29 13:14:38.193, 0, 21870, 100
2026/09/29 13:14:39.193, 0, 21870, 100
2026/09/29 13:14:40.194, 0, 21870, 100
2026/09/29 13:14:41.194, 0, 21870, 100
2026/09/29 13:14:42.194, 0, 21870, 100
2026/09/29 13:14:43.194, 0, 21870, 100
2026/09/29 13:14:44.194, 0, 21870, 100
2026/09/29 13:14:45.195, 0, 21870, 100
2026/09/29 13:14:46.195, 0, 21870, 100
2026/09/29 13:14:47.195, 0, 21870, 100
2026/09/29 13:14:48.195, 0, 21870, 100
2026/09/29 13:14:49.195, 0, 21870, 100
2026/09/29 13:14:50.196, 0, 21870, 100
2026/09/29 13:14:51.196, 0, 21870, 100
2026/09/29 13:14:52.196, 0, 21870, 99
2026/09/29 13:14:53.196, 0, 21870, 100
2026/09/29 13:14:54.196, 0, 21870, 100
2026/09/29 13:14:55.196, 0, 21870, 100
2026/09/29 13:14:56.197, 0, 21870, 100
2026/09/29 13:14:57.197, 0, 21870, 100
2026/09/29 13:14:58.197, 0, 21870, 100
2026/09/29 13:14:59.197, 0, 21870, 100
2026/09/29 13:15:00.197, 0, 21870, 100
2026/09/29 13:15:01.198, 0, 21870, 100
2026/09/29 13:15:02.198, 0, 21870, 100
2026/09/29 13:15:03.198, 0, 21870, 100
2026/09/29 13:15:04.198, 0, 21870, 100
2026/09/29 13:15:05.198, 0, 21870, 100
2026/09/29 13:15:06.199, 0, 21870, 100
2026/09/29 13:15:07.199, 0, 21870, 100
2026/09/29 13:15:08.200, 0, 21870, 100
2026/09/29 13:15:09.200, 0, 21870, 100
2026/09/29 13:15:10.200, 0, 21870, 100
2026/09/29 13:15:11.200, 0, 21870, 100
2026/09/29 13:15:12.200, 0, 21870, 100
2026/09/29 13:15:13.201, 0, 21870, 100
2026/09/29 13:15:14.201, 0, 21870, 100
2026/09/29 13:15:15.201, 0, 21870, 100
2026/09/29 13:15:16.202, 0, 21870, 100
2026/09/29 13:15:17.202, 0, 21870, 100
2026/09/29 13:15:18.202, 0, 21870, 100
2026/09/29 13:15:19.202, 0, 21870, 100
2026/09/29 13:15:20.202, 0, 21870, 100
2026/09/29 13:15:21.203, 0, 21870, 100
2026/09/29 13:15:22.203, 0, 21870, 100
2026/09/29 13:15:23.203, 0, 21870, 100
2026/09/29 13:15:24.203, 0, 21870, 100
2026/09/29 13:15:25.203, 0, 21870, 100
2026/09/29 13:15:26.203, 0, 21870, 100
2026/09/29 13:15:27.204, 0, 21870, 100
2026/09/29 13:15:28.204, 0, 21870, 100
2026/09/29 13:15:29.204, 0, 21870, 100
2026/09/29 13:15:30.204, 0, 21870, 100
2026/09/29 13:15:31.204, 0, 21870, 100
2026/09/29 13:15:32.205, 0, 21870, 100
2026/09/29 13:15:33.205, 0, 21870, 100
2026/09/29 13:15:34.205, 0, 21870, 100
2026/09/29 13:15:35.205, 0, 21870, 96
2026/09/29 13:15:36.205, 0, 21870, 100
2026/09/29 13:15:37.206, 0, 21870, 100
2026/09/29 13:15:38.206, 0, 21870, 100
2026/09/29 13:15:39.206, 0, 21870, 100
2026/09/29 13:15:40.206, 0, 21870, 100
2026/09/29 13:15:41.206, 0, 21870, 100
2026/09/29 13:15:42.207, 0, 21870, 100
2026/09/29 13:15:43.207, 0, 21870, 100
2026/09/29 13:15:44.207, 0, 21870, 100
2026/09/29 13:15:45.207, 0, 21870, 100
2026/09/29 13:15:46.207, 0, 21870, 100
2026/09/29 13:15:47.207, 0, 21870, 100
2026/09/29 13:15:48.208, 0, 21870, 100
2026/09/29 13:15:49.208, 0, 21870, 100
2026/09/29 13:15:50.208, 0, 21870, 100
2026/09/29 13:15:51.208, 0, 21870, 100
2026/09/29 13:15:52.208, 0, 21870, 100
2026/09/29 13:15:53.209, 0, 21870, 100
2026/09/29 13:15:54.209, 0, 21870, 100
2026/09/29 13:15:55.209, 0, 21870, 100
2026/09/29 13:15:56.209, 0, 21870, 100
2026/09/29 13:15:57.209, 0, 21870, 100
2026/09/29 13:15:58.209, 0, 21870, 100
2026/09/29 13:15:59.210, 0, 21870, 100
2026/09/29 13:16:00.210, 0, 21870, 100
2026/09/29 13:16:01.210, 0, 21870, 100
2026/09/29 13:16:02.210, 0, 21870, 100
2026/09/29 13:16:03.210, 0, 21870, 100
2026/09/29 13:16:04.211, 0, 21870, 100
2026/09/29 13:16:05.211, 0, 21870, 100
2026/09/29 13:16:06.211, 0, 21870, 100
2026/09/29 13:16:07.211, 0, 21870, 100
2026/09/29 13:16:08.211, 0, 21870, 100
2026/09/29 13:16:09.212, 0, 21870, 100
2026/09/29 13:16:10.212, 0, 21870, 100
2026/09/29 13:16:11.212, 0, 21870, 100
2026/09/29 13:16:12.212, 0, 21870, 100
2026/09/29 13:16:13.212, 0, 21870, 100
2026/09/29 13:16:14.213, 0, 21870, 100
2026/09/29 13:16:15.213, 0, 21870, 100
2026/09/29 13:16:16.213, 0, 21870, 100
2026/09/29 13:16:17.213, 0, 21870, 100
2026/09/29 13:16:18.213, 0, 21870, 100
2026/09/29 13:16:19.213, 0, 21870, 100
2026/09/29 13:16:20.214, 0, 21870, 100
2026/09/29 13:16:21.214, 0, 21870, 100
2026/09/29 13:16:22.214, 0, 21870, 100
2026/09/29 13:16:23.215, 0, 21870, 100
2026/09/29 13:16:24.215, 0, 21870, 100
2026/09/29 13:16:25.215, 0, 21870, 100
2026/09/29 13:16:26.215, 0, 21870, 100
2026/09/29 13:16:27.215, 0, 21870, 100
2026/09/29 13:16:28.216, 0, 21870, 100
2026/09/29 13:16:29.216, 0, 21870, 99
2026/09/29 13:16:30.216, 0, 21870, 100
2026/09/29 13:16:31.216, 0, 21870, 100
2026/09/29 13:16:32.216, 0, 21870, 100
2026/09/29 13:16:33.216, 0, 21870, 100
2026/09/29 13:16:34.217, 0, 21870, 100
2026/09/29 13:16:35.217, 0, 21870, 100
2026/09/29 13:16:36.217, 0, 21870, 100
2026/09/29 13:16:37.217, 0, 21870, 100
2026/09/29 13:16:38.217, 0, 21870, 100
2026/09/29 13:16:39.218, 0, 21870, 100
2026/09/29 13:16:40.218, 0, 21870, 100
2026/09/29 13:16:41.218, 0, 21870, 100
2026/09/29 13:16:42.218, 0, 21870, 100
2026/09/29 13:16:43.218, 0, 21870, 99
2026/09/29 13:16:44.219, 0, 21870, 100
2026/09/29 13:16:45.219, 0, 21870, 100
2026/09/29 13:16:46.219, 0, 21870, 100
2026/09/29 13:16:47.219, 0, 21870, 100
2026/09/29 13:16:48.219, 0, 21870, 100
2026/09/29 13:16:49.219, 0, 21870, 100
2026/09/29 13:16:50.220, 0, 21870, 100
2026/09/29 13:16:51.220, 0, 21870, 100
2026/09/29 13:16:52.220, 0, 21870, 100
2026/09/29 13:16:53.220, 0, 21870, 100
2026/09/29 13:16:54.220, 0, 21870, 100
2026/09/29 13:16:55.221, 0, 21870, 100
2026/09/29 13:16:56.221, 0, 21870, 100
2026/09/29 13:16:57.221, 0, 21870, 100
2026/09/29 13:16:58.221, 0, 21870, 100
2026/09/29 13:16:59.221, 0, 21870, 100
2026/09/29 13:17:00.222, 0, 21870, 100
2026/09/29 13:17:01.222, 0, 21870, 100
2026/09/29 13:17:02.222, 0, 21870, 100
2026/09/29 13:17:03.222, 0, 21870, 100
2026/09/29 13:17:04.222, 0, 21870, 100
2026/09/29 13:17:05.222, 0, 21870, 100
2026/09/29 13:17:06.223, 0, 21870, 100
2026/09/29 13:17:07.223, 0, 21870, 100
2026/09/29 13:17:08.223, 0, 21870, 100
2026/09/29 13:17:09.223, 0, 21870, 100
2026/09/29 13:17:10.223, 0, 21870, 100
2026/09/29 13:17:11.224, 0, 21870, 100
2026/09/29 13:17:12.224, 0, 21870, 100
2026/09/29 13:17:13.224, 0, 21870, 100
2026/09/29 13:17:14.224, 0, 21870, 100
2026/09/29 13:17:15.224, 0, 21870, 100
2026/09/29 13:17:16.225, 0, 21870, 100
2026/09/29 13:17:17.225, 0, 21870, 100
2026/09/29 13:17:18.225, 0, 21870, 100
2026/09/29 13:17:19.225, 0, 21870, 100
2026/09/29 13:17:20.225, 0, 21870, 100
2026/09/29 13:17:21.225, 0, 21870, 100
2026/09/29 13:17:22.226, 0, 21870, 100
2026/09/29 13:17:23.226, 0, 21870, 100
2026/09/29 13:17:24.226, 0, 21870, 100
2026/09/29 13:17:25.226, 0, 21870, 100
2026/09/29 13:17:26.226, 0, 21870, 100
2026/09/29 13:17:27.227, 0, 21870, 100
2026/09/29 13:17:28.227, 0, 21870, 100
2026/09/29 13:17:29.227, 0, 21870, 100
2026/09/29 13:17:30.227, 0, 21870, 100
2026/09/29 13:17:31.227, 0, 21870, 100
2026/09/29 13:17:32.228, 0, 21870, 100
2026/09/29 13:17:33.228, 0, 21870, 100
2026/09/29 13:17:34.228, 0, 21870, 100
2026/09/29 13:17:35.228, 0, 21870, 100
2026/09/29 13:17:36.228, 0, 21870, 100
2026/09/29 13:17:37.228, 0, 21870, 100
2026/09/29 13:17:38.229, 0, 21870, 100
2026/09/29 13:17:39.229, 0, 21870, 100
2026/09/29 13:17:40.229, 0, 21870, 100
2026/09/29 13:17:41.229, 0, 21870, 100
2026/09/29 13:17:42.229, 0, 21870, 100
2026/09/29 13:17:43.230, 0, 21870, 100
2026/09/29 13:17:44.230, 0, 22770, 100
2026/09/29 13:17:45.230, 0, 22770, 100
2026/09/29 13:17:46.230, 0, 22770, 100
2026/09/29 13:17:47.230, 0, 22770, 100
2026/09/29 13:17:48.231, 0, 22770, 100
2026/09/29 13:17:49.231, 0, 14748, 0
2026/09/29 13:17:50.231, 0, 14748, 0
2026/09/29 13:17:51.231, 0, 14748, 0
2026/09/29 13:17:52.231, 0, 14748, 0
2026/09/29 13:17:53.232, 0, 14656, 0
2026/09/29 13:17:54.232, 0, 14656, 0
2026/09/29 13:17:55.232, 0, 14656, 0
2026/09/29 13:17:56.232, 0, 14656, 0
2026/09/29 13:17:57.232, 0, 14656, 0
2026/09/29 13:17:58.232, 0, 14656, 0
2026/09/29 13:17:59.233, 0, 4, 0
2026/09/29 13:18:07.485, 0, 4, 0
2026/09/29 13:18:08.485, 0, 4, 0
2026/09/29 13:18:09.485, 0, 4, 0
2026/09/29 13:18:10.485, 0, 4, 0
2026/09/29 13:18:11.486, 0, 4, 0
2026/09/29 13:18:12.486, 0, 4, 0
2026/09/29 13:18:13.486, 0, 4, 0
2026/09/29 13:18:14.487, 0, 4, 0
2026/09/29 13:18:15.487, 0, 4, 0
2026/09/29 13:18:16.487, 0, 4, 0
2026/09/29 13:18:17.487, 0, 4, 0
2026/09/29 13:18:18.488, 0, 4, 0
2026/09/29 13:18:19.488, 0, 4, 0
2026/09/29 13:18:20.489, 0, 4, 0
2026/09/29 13:18:21.489, 0, 4, 0
2026/09/29 13:18:22.489, 0, 4, 0
