2026/09/29 08:35:01.666, 0, 1, 0
2026/09/29 08:35:02.668, 0, 1, 0
2026/09/29 08:35:03.671, 0, 1, 0
2026/09/29 08:35:04.672, 0, 4, 0
2026/09/29 08:35:05.672, 0, 4, 0
2026/09/29 08:35:06.672, 0, 4, 0
2026/09/29 08:35:07.672, 0, 4, 0
2026/09/29 08:35:08.672, 0, 4, 0
2026/09/29 08:35:09.673, 0, 4, 0
2026/09/29 08:35:10.673, 0, 4, 0
2026/09/29 08:35:11.673, 0, 4, 0
2026/09/29 08:35:12.673, 0, 4, 0
2026/09/29 08:35:13.673, 0, 4, 0
2026/09/29 08:35:14.674, 0, 4, 0
2026/09/29 08:35:15.674, 0, 4, 0
2026/09/29 08:35:16.674, 0, 4, 0
2026/09/29 08:35:17.674, 0, 4, 0
2026/09/29 08:35:18.674, 0, 396, 0
2026/09/29 08:35:19.675, 0, 396, 0
2026/09/29 08:35:20.675, 0, 396, 0
2026/09/29 08:35:21.675, 0, 396, 0
2026/09/29 08:35:22.675, 0, 396, 0
2026/09/29 08:35:23.676, 0, 396, 0
2026/09/29 08:35:24.676, 0, 396, 0
2026/09/29 08:35:25.676, 0, 396, 0
2026/09/29 08:35:26.676, 0, 396, 0
2026/09/29 08:35:27.677, 0, 396, 0
2026/09/29 08:35:28.677, 0, 396, 0
2026/09/29 08:35:29.677, 0, 396, 0
2026/09/29 08:35:30.677, 0, 396, 0
2026/09/29 08:35:31.678, 0, 396, 0
2026/09/29 08:35:32.678, 0, 396, 0
2026/09/29 08:35:33.678, 0, 396, 0
2026/09/29 08:35:34.679, 0, 396, 0
2026/09/29 08:35:35.679, 0, 396, 0
2026/09/29 08:35:36.679, 0, 396, 0
2026/09/29 08:35:37.679, 0, 396, 0
2026/09/29 08:35:38.680, 0, 396, 0
2026/09/29 08:35:39.680, 0, 396, 0
2026/09/29 08:35:40.680, 0, 396, 0
2026/09/29 08:35:41.680, 0, 396, 0
2026/09/29 08:35:42.681, 0, 396, 0
2026/09/29 08:35:43.681, 0, 396, 0
2026/09/29 08:35:44.681, 0, 396, 0
2026/09/29 08:35:45.681, 0, 396, 0
2026/09/29 08:35:46.682, 0, 396, 0
2026/09/29 08:35:47.682, 0, 396, 0
2026/09/29 08:35:48.682, 0, 396, 0
2026/09/29 08:35:49.682, 0, 396, 0
2026/09/29 08:35:50.683, 0, 396, 0
2026/09/29 08:35:51.683, 0, 396, 0
2026/09/29 08:35:52.683, 0, 396, 0
2026/09/29 08:35:53.683, 0, 396, 0
2026/09/29 08:35:54.684, 0, 396, 0
2026/09/29 08:35:55.684, 0, 396, 0
2026/09/29 08:35:56.684, 0, 396, 0
2026/09/29 08:35:57.685, 0, 396, 0
2026/09/29 08:35:58.685, 0, 396, 0
2026/09/29 08:35:59.685, 0, 396, 0
2026/09/29 08:36:00.685, 0, 396, 0
2026/09/29 08:36:01.685, 0, 396, 0
2026/09/29 08:36:02.686, 0, 396, 0
2026/09/29 08:36:03.686, 0, 396, 0
2026/09/29 08:36:04.686, 0, 396, 0
2026/09/29 08:36:05.687, 0, 396, 0
2026/09/29 08:36:06.687, 0, 396, 0
2026/09/29 08:36:07.687, 0, 396, 0
2026/09/29 08:36:08.687, 0, 396, 0
2026/09/29 08:36:09.688, 0, 396, 0
2026/09/29 08:36:10.688, 0, 398, 0
2026/09/29 08:36:11.688, 0, 898, 0
2026/09/29 08:36:12.689, 0, 1818, 5
2026/09/29 08:36:13.689, 0, 1940, 6
2026/09/29 08:36:14.689, 0, 1942, 0
2026/09/29 08:36:15.689, 0, 1944, 0
2026/09/29 08:36:16.690, 0, 1948, 0
2026/09/29 08:36:17.690, 0, 1948, 1
2026/09/29 08:36:18.690, 0, 1952, 1
2026/09/29 08:36:19.691, 0, 1954, 1
2026/09/29 08:36:20.694, 0, 1956, 1
2026/09/29 08:36:21.696, 0, 1958, 1
2026/09/29 08:36:22.697, 0, 1960, 1
2026/09/29 08:36:23.698, 0, 1962, 1
2026/09/29 08:36:24.698, 0, 1964, 1
2026/09/29 08:36:25.699, 0, 1968, 1
2026/09/29 08:36:26.700, 0, 1970, 1
2026/09/29 08:36:27.700, 0, 1972, 1
2026/09/29 08:36:28.700, 0, 1974, 1
2026/09/29 08:36:29.701, 0, 1976, 1
2026/09/29 08:36:30.701, 0, 1978, 1
2026/09/29 08:36:31.701, 0, 1980, 1
2026/09/29 08:36:32.702, 0, 1982, 1
2026/09/29 08:36:33.702, 0, 1986, 0
2026/09/29 08:36:34.702, 0, 1988, 0
2026/09/29 08:36:35.703, 0, 1990, 0
2026/09/29 08:36:36.703, 0, 1992, 0
2026/09/29 08:36:37.703, 0, 1994, 0
2026/09/29 08:36:38.703, 0, 1996, 0
2026/09/29 08:36:39.704, 0, 1998, 0
2026/09/29 08:36:40.704, 0, 2000, 0
2026/09/29 08:36:41.704, 0, 2002, 0
2026/09/29 08:36:42.705, 0, 2006, 0
2026/09/29 08:36:43.705, 0, 2008, 0
2026/09/29 08:36:44.705, 0, 2010, 0
2026/09/29 08:36:45.706, 0, 2012, 0
2026/09/29 08:36:46.706, 0, 2014, 0
2026/09/29 08:36:47.706, 0, 2016, 0
2026/09/29 08:36:48.707, 0, 2018, 0
2026/09/29 08:36:49.707, 0, 2020, 0
2026/09/29 08:36:50.707, 0, 2024, 0
2026/09/29 08:36:51.707, 0, 2026, 0
2026/09/29 08:36:52.708, 0, 2028, 0
2026/09/29 08:36:53.708, 0, 2030, 0
2026/09/29 08:36:54.714, 0, 12952, 10
2026/09/29 08:36:55.714, 0, 12952, 0
2026/09/29 08:36:56.714, 0, 12952, 0
2026/09/29 08:36:57.714, 0, 12952, 0
2026/09/29 08:36:58.714, 0, 12952, 0
2026/09/29 08:36:59.715, 0, 12952, 0
2026/09/29 08:37:00.715, 0, 12952, 0
2026/09/29 08:37:01.715, 0, 12952, 13
2026/09/29 08:37:02.715, 0, 12952, 13
2026/09/29 08:37:03.715, 0, 12952, 13
2026/09/29 08:37:04.716, 0, 12952, 0
2026/09/29 08:37:05.716, 0, 12952, 0
2026/09/29 08:37:06.716, 0, 14174, 0
2026/09/29 08:37:07.716, 0, 14174, 0
2026/09/29 08:37:08.716, 0, 14174, 0
2026/09/29 08:37:09.717, 0, 14174, 0
2026/09/29 08:37:10.717, 0, 14406, 0
2026/09/29 08:37:11.717, 0, 14446, 0
2026/09/29 08:37:12.717, 0, 18556, 1
2026/09/29 08:37:13.718, 0, 18556, 100
2026/09/29 08:37:14.718, 0, 18556, 100
2026/09/29 08:37:15.718, 0, 21558, 2
2026/09/29 08:37:16.718, 0, 21558, 100
2026/09/29 08:37:17.718, 0, 21558, 100
2026/09/29 08:37:18.719, 0, 21558, 100
2026/09/29 08:37:19.719, 0, 21558, 100
2026/09/29 08:37:20.719, 0, 21558, 100
2026/09/29 08:37:21.719, 0, 21558, 100
2026/09/29 08:37:22.719, 0, 21558, 100
2026/09/29 08:37:23.719, 0, 21558, 100
2026/09/29 08:37:24.720, 0, 21558, 100
2026/09/29 08:37:25.720, 0, 21558, 100
2026/09/29 08:37:26.720, 0, 21558, 100
2026/09/29 08:37:27.720, 0, 21558, 100
2026/09/29 08:37:28.720, 0, 21558, 100
2026/09/29 08:37:29.721, 0, 21558, 100
2026/09/29 08:37:30.721, 0, 21558, 100
2026/09/29 08:37:31.721, 0, 21558, 100
2026/09/29 08:37:32.721, 0, 21558, 100
2026/09/29 08:37:33.721, 0, 21558, 100
2026/09/29 08:37:34.722, 0, 21558, 100
2026/09/29 08:37:35.722, 0, 21558, 100
2026/09/29 08:37:36.722, 0, 21558, 100
2026/09/29 08:37:37.722, 0, 21558, 97
2026/09/29 08:37:38.722, 0, 21558, 100
2026/09/29 08:37:39.722, 0, 21558, 100
2026/09/29 08:37:40.723, 0, 21558, 100
2026/09/29 08:37:41.723, 0, 21558, 100
2026/09/29 08:37:42.723, 0, 21558, 100
2026/09/29 08:37:43.723, 0, 21558, 100
2026/09/29 08:37:44.723, 0, 21558, 100
2026/09/29 08:37:45.724, 0, 21558, 100
2026/09/29 08:37:46.724, 0, 21558, 100
2026/09/29 08:37:47.724, 0, 21558, 100
2026/09/29 08:37:48.724, 0, 21558, 100
2026/09/29 08:37:49.724, 0, 21558, 100
2026/09/29 08:37:50.725, 0, 21558, 100
2026/09/29 08:37:51.725, 0, 21558, 100
2026/09/29 08:37:52.725, 0, 21558, 100
2026/09/29 08:37:53.725, 0, 21558, 100
2026/09/29 08:37:54.725, 0, 21558, 100
2026/09/29 08:37:55.726, 0, 21558, 100
2026/09/29 08:37:56.726, 0, 21558, 100
2026/09/29 08:37:57.726, 0, 21558, 100
2026/09/29 08:37:58.726, 0, 21558, 100
2026/09/29 08:37:59.726, 0, 21558, 100
2026/09/29 08:38:00.727, 0, 21558, 100
2026/09/29 08:38:01.727, 0, 21558, 100
2026/09/29 08:38:02.727, 0, 21558, 100
2026/09/29 08:38:03.727, 0, 21558, 100
2026/09/29 08:38:04.727, 0, 21558, 100
2026/09/29 08:38:05.727, 0, 21558, 100
2026/09/29 08:38:06.728, 0, 21558, 100
2026/09/29 08:38:07.728, 0, 21558, 100
2026/09/29 08:38:08.728, 0, 21558, 100
2026/09/29 08:38:09.728, 0, 21558, 100
2026/09/29 08:38:10.728, 0, 21558, 99
2026/09/29 08:38:11.729, 0, 21558, 99
2026/09/29 08:38:12.729, 0, 21558, 100
2026/09/29 08:38:13.729, 0, 21558, 100
2026/09/29 08:38:14.729, 0, 21558, 100
2026/09/29 08:38:15.729, 0, 21558, 100
2026/09/29 08:38:16.730, 0, 21558, 100
2026/09/29 08:38:17.730, 0, 21558, 100
2026/09/29 08:38:18.730, 0, 21558, 100
2026/09/29 08:38:19.730, 0, 21558, 100
2026/09/29 08:38:20.730, 0, 21570, 72
2026/09/29 08:38:21.731, 0, 21570, 100
2026/09/29 08:38:22.731, 0, 21570, 100
2026/09/29 08:38:23.731, 0, 21570, 100
2026/09/29 08:38:24.731, 0, 21570, 100
2026/09/29 08:38:25.732, 0, 21570, 100
2026/09/29 08:38:26.732, 0, 21570, 100
2026/09/29 08:38:27.732, 0, 21570, 100
2026/09/29 08:38:28.732, 0, 21570, 100
2026/09/29 08:38:29.732, 0, 21570, 100
2026/09/29 08:38:30.733, 0, 21570, 100
2026/09/29 08:38:31.733, 0, 21570, 100
2026/09/29 08:38:32.733, 0, 21570, 100
2026/09/29 08:38:33.733, 0, 21570, 100
2026/09/29 08:38:34.733, 0, 21570, 100
2026/09/29 08:38:35.734, 0, 21570, 100
2026/09/29 08:38:36.734, 0, 21570, 100
2026/09/29 08:38:37.734, 0, 21570, 100
2026/09/29 08:38:38.734, 0, 21570, 100
2026/09/29 08:38:39.734, 0, 21570, 100
2026/09/29 08:38:40.735, 0, 21570, 100
2026/09/29 08:38:41.735, 0, 21570, 100
2026/09/29 08:38:42.735, 0, 21570, 100
2026/09/29 08:38:43.735, 0, 21570, 100
2026/09/29 08:38:44.736, 0, 21570, 100
2026/09/29 08:38:45.736, 0, 21570, 100
2026/09/29 08:38:46.736, 0, 21570, 100
2026/09/29 08:38:47.736, 0, 21570, 100
2026/09/29 08:38:48.736, 0, 21570, 100
2026/09/29 08:38:49.737, 0, 21570, 100
2026/09/29 08:38:50.737, 0, 21570, 100
2026/09/29 08:38:51.737, 0, 21570, 100
2026/09/29 08:38:52.737, 0, 21570, 100
2026/09/29 08:38:53.737, 0, 21570, 100
2026/09/29 08:38:54.738, 0, 21570, 100
2026/09/29 08:38:55.738, 0, 21570, 100
2026/09/29 08:38:56.738, 0, 21570, 100
2026/09/29 08:38:57.738, 0, 21570, 100
2026/09/29 08:38:58.738, 0, 21570, 100
2026/09/29 08:38:59.739, 0, 21570, 100
2026/09/29 08:39:00.739, 0, 21570, 100
2026/09/29 08:39:01.739, 0, 21570, 100
2026/09/29 08:39:02.739, 0, 21570, 100
2026/09/29 08:39:03.739, 0, 21570, 100
2026/09/29 08:39:04.740, 0, 21570, 100
2026/09/29 08:39:05.740, 0, 21570, 100
2026/09/29 08:39:06.740, 0, 21570, 100
2026/09/29 08:39:07.740, 0, 21570, 100
2026/09/29 08:39:08.740, 0, 21570, 100
2026/09/29 08:39:09.740, 0, 21570, 100
2026/09/29 08:39:10.741, 0, 21570, 100
2026/09/29 08:39:11.741, 0, 21570, 100
2026/09/29 08:39:12.741, 0, 21570, 100
2026/09/29 08:39:13.741, 0, 21570, 100
2026/09/29 08:39:14.741, 0, 21570, 100
2026/09/29 08:39:15.742, 0, 21570, 100
2026/09/29 08:39:16.742, 0, 21570, 100
2026/09/29 08:39:17.742, 0, 21570, 100
2026/09/29 08:39:18.742, 0, 21570, 100
2026/09/29 08:39:19.742, 0, 21570, 100
2026/09/29 08:39:20.743, 0, 21570, 100
2026/09/29 08:39:21.743, 0, 21570, 100
2026/09/29 08:39:22.743, 0, 21570, 100
2026/09/29 08:39:23.743, 0, 21570, 100
2026/09/29 08:39:24.743, 0, 21570, 100
2026/09/29 08:39:25.744, 0, 21570, 100
2026/09/29 08:39:26.744, 0, 21570, 100
2026/09/29 08:39:27.744, 0, 21570, 100
2026/09/29 08:39:28.744, 0, 21570, 100
2026/09/29 08:39:29.744, 0, 21570, 100
2026/09/29 08:39:30.744, 0, 21570, 100
2026/09/29 08:39:31.745, 0, 21570, 100
2026/09/29 08:39:32.745, 0, 21570, 100
2026/09/29 08:39:33.745, 0, 21570, 100
2026/09/29 08:39:34.745, 0, 21570, 100
2026/09/29 08:39:35.745, 0, 21570, 100
2026/09/29 08:39:36.746, 0, 21570, 100
2026/09/29 08:39:37.746, 0, 21570, 100
2026/09/29 08:39:38.746, 0, 21570, 100
2026/09/29 08:39:39.746, 0, 21570, 100
2026/09/29 08:39:40.746, 0, 21570, 100
2026/09/29 08:39:41.747, 0, 21570, 100
2026/09/29 08:39:42.747, 0, 21570, 100
2026/09/29 08:39:43.747, 0, 21570, 100
2026/09/29 08:39:44.747, 0, 21570, 100
2026/09/29 08:39:45.747, 0, 21570, 100
2026/09/29 08:39:46.747, 0, 21570, 100
2026/09/29 08:39:47.748, 0, 21570, 100
2026/09/29 08:39:48.748, 0, 21570, 100
2026/09/29 08:39:49.748, 0, 21570, 100
2026/09/29 08:39:50.748, 0, 21570, 100
2026/09/29 08:39:51.748, 0, 21570, 100
2026/09/29 08:39:52.749, 0, 21570, 99
2026/09/29 08:39:53.749, 0, 21570, 100
2026/09/29 08:39:54.749, 0, 21570, 100
2026/09/29 08:39:55.749, 0, 21570, 100
2026/09/29 08:39:56.749, 0, 21570, 100
2026/09/29 08:39:57.750, 0, 21570, 100
2026/09/29 08:39:58.750, 0, 21570, 100
2026/09/29 08:39:59.750, 0, 21570, 100
2026/09/29 08:40:00.750, 0, 21570, 100
2026/09/29 08:40:01.750, 0, 21570, 100
2026/09/29 08:40:02.750, 0, 21570, 100
2026/09/29 08:40:03.751, 0, 21570, 100
2026/09/29 08:40:04.751, 0, 21570, 100
2026/09/29 08:40:05.751, 0, 21570, 100
2026/09/29 08:40:06.751, 0, 21570, 100
2026/09/29 08:40:07.751, 0, 21570, 100
2026/09/29 08:40:08.752, 0, 21570, 100
2026/09/29 08:40:09.752, 0, 21570, 100
2026/09/29 08:40:10.752, 0, 21570, 100
2026/09/29 08:40:11.752, 0, 21570, 100
2026/09/29 08:40:12.752, 0, 21570, 100
2026/09/29 08:40:13.753, 0, 21570, 100
2026/09/29 08:40:14.753, 0, 21570, 100
2026/09/29 08:40:15.753, 0, 21570, 100
2026/09/29 08:40:16.753, 0, 21570, 100
2026/09/29 08:40:17.753, 0, 21570, 100
2026/09/29 08:40:18.754, 0, 21570, 100
2026/09/29 08:40:19.754, 0, 21570, 100
2026/09/29 08:40:20.754, 0, 21570, 100
2026/09/29 08:40:21.754, 0, 21570, 100
2026/09/29 08:40:22.754, 0, 21570, 100
2026/09/29 08:40:23.754, 0, 21570, 100
2026/09/29 08:40:24.755, 0, 21570, 100
2026/09/29 08:40:25.755, 0, 21570, 100
2026/09/29 08:40:26.755, 0, 21570, 99
2026/09/29 08:40:27.755, 0, 21570, 100
2026/09/29 08:40:28.755, 0, 21570, 100
2026/09/29 08:40:29.756, 0, 21570, 100
2026/09/29 08:40:30.756, 0, 21570, 100
2026/09/29 08:40:31.756, 0, 21570, 100
2026/09/29 08:40:32.756, 0, 21570, 100
2026/09/29 08:40:33.756, 0, 21570, 100
2026/09/29 08:40:34.757, 0, 21570, 100
2026/09/29 08:40:35.757, 0, 21570, 100
2026/09/29 08:40:36.757, 0, 21570, 100
2026/09/29 08:40:37.757, 0, 21570, 100
2026/09/29 08:40:38.757, 0, 21570, 100
2026/09/29 08:40:39.758, 0, 21570, 100
2026/09/29 08:40:40.758, 0, 21570, 100
2026/09/29 08:40:41.758, 0, 21570, 100
2026/09/29 08:40:42.758, 0, 21570, 100
2026/09/29 08:40:43.758, 0, 21570, 100
2026/09/29 08:40:44.759, 0, 21570, 100
2026/09/29 08:40:45.759, 0, 21570, 100
2026/09/29 08:40:46.759, 0, 21570, 100
2026/09/29 08:40:47.759, 0, 21570, 100
2026/09/29 08:40:48.760, 0, 21570, 100
2026/09/29 08:40:49.760, 0, 21570, 100
2026/09/29 08:40:50.760, 0, 21570, 100
2026/09/29 08:40:51.760, 0, 21570, 100
2026/09/29 08:40:52.761, 0, 21570, 100
2026/09/29 08:40:53.761, 0, 21570, 100
2026/09/29 08:40:54.761, 0, 21570, 100
2026/09/29 08:40:55.761, 0, 21570, 100
2026/09/29 08:40:56.762, 0, 21570, 100
2026/09/29 08:40:57.762, 0, 21570, 100
2026/09/29 08:40:58.762, 0, 21570, 100
2026/09/29 08:40:59.762, 0, 21570, 100
2026/09/29 08:41:00.762, 0, 21570, 100
2026/09/29 08:41:01.763, 0, 21570, 100
2026/09/29 08:41:02.763, 0, 21570, 100
2026/09/29 08:41:03.763, 0, 21570, 100
2026/09/29 08:41:04.763, 0, 21570, 100
2026/09/29 08:41:05.763, 0, 21570, 100
2026/09/29 08:41:06.764, 0, 21570, 100
2026/09/29 08:41:07.764, 0, 21570, 100
2026/09/29 08:41:08.764, 0, 21570, 100
2026/09/29 08:41:09.764, 0, 21570, 100
2026/09/29 08:41:10.764, 0, 21570, 100
2026/09/29 08:41:11.765, 0, 21570, 100
2026/09/29 08:41:12.765, 0, 21570, 100
2026/09/29 08:41:13.765, 0, 21570, 100
2026/09/29 08:41:14.765, 0, 21570, 100
2026/09/29 08:41:15.765, 0, 21570, 100
2026/09/29 08:41:16.765, 0, 21570, 100
2026/09/29 08:41:17.766, 0, 21570, 100
2026/09/29 08:41:18.766, 0, 21570, 100
2026/09/29 08:41:19.766, 0, 21570, 100
2026/09/29 08:41:20.766, 0, 21570, 100
2026/09/29 08:41:21.766, 0, 21570, 100
2026/09/29 08:41:22.767, 0, 21570, 100
2026/09/29 08:41:23.767, 0, 21570, 100
2026/09/29 08:41:24.767, 0, 21570, 100
2026/09/29 08:41:25.767, 0, 21570, 100
2026/09/29 08:41:26.767, 0, 21570, 100
2026/09/29 08:41:27.768, 0, 21570, 100
2026/09/29 08:41:28.768, 0, 21570, 100
2026/09/29 08:41:29.768, 0, 21570, 100
2026/09/29 08:41:30.768, 0, 21570, 100
2026/09/29 08:41:31.768, 0, 21570, 100
2026/09/29 08:41:32.769, 0, 21570, 100
2026/09/29 08:41:33.769, 0, 21570, 100
2026/09/29 08:41:34.769, 0, 21570, 100
2026/09/29 08:41:35.770, 0, 21570, 100
2026/09/29 08:41:36.770, 0, 21570, 100
2026/09/29 08:41:37.770, 0, 21570, 100
2026/09/29 08:41:38.770, 0, 21570, 100
2026/09/29 08:41:39.770, 0, 21570, 100
2026/09/29 08:41:40.771, 0, 21570, 100
2026/09/29 08:41:41.771, 0, 21570, 100
2026/09/29 08:41:42.771, 0, 21570, 100
2026/09/29 08:41:43.771, 0, 21570, 100
2026/09/29 08:41:44.771, 0, 21570, 100
2026/09/29 08:41:45.772, 0, 21570, 100
2026/09/29 08:41:46.772, 0, 21570, 100
2026/09/29 08:41:47.772, 0, 21570, 100
2026/09/29 08:41:48.772, 0, 21570, 100
2026/09/29 08:41:49.772, 0, 21570, 100
2026/09/29 08:41:50.773, 0, 21570, 100
2026/09/29 08:41:51.773, 0, 21570, 100
2026/09/29 08:41:52.773, 0, 21570, 100
2026/09/29 08:41:53.773, 0, 21570, 100
2026/09/29 08:41:54.773, 0, 21570, 100
2026/09/29 08:41:55.774, 0, 21570, 100
2026/09/29 08:41:56.774, 0, 21570, 99
2026/09/29 08:41:57.774, 0, 21570, 100
2026/09/29 08:41:58.774, 0, 21570, 100
2026/09/29 08:41:59.774, 0, 21570, 100
2026/09/29 08:42:00.774, 0, 21570, 100
2026/09/29 08:42:01.775, 0, 21570, 100
2026/09/29 08:42:02.775, 0, 21570, 100
2026/09/29 08:42:03.775, 0, 21570, 100
2026/09/29 08:42:04.775, 0, 21570, 100
2026/09/29 08:42:05.775, 0, 21570, 100
2026/09/29 08:42:06.776, 0, 21570, 100
2026/09/29 08:42:07.776, 0, 21570, 100
2026/09/29 08:42:08.776, 0, 21570, 100
2026/09/29 08:42:09.776, 0, 21570, 100
2026/09/29 08:42:10.776, 0, 21570, 100
2026/09/29 08:42:11.777, 0, 21570, 100
2026/09/29 08:42:12.777, 0, 21570, 100
2026/09/29 08:42:13.777, 0, 21570, 100
2026/09/29 08:42:14.777, 0, 21570, 100
2026/09/29 08:42:15.777, 0, 21570, 100
2026/09/29 08:42:16.778, 0, 21570, 100
2026/09/29 08:42:17.778, 0, 21570, 100
2026/09/29 08:42:18.778, 0, 21570, 100
2026/09/29 08:42:19.778, 0, 21570, 100
2026/09/29 08:42:20.778, 0, 21570, 100
2026/09/29 08:42:21.779, 0, 21570, 100
2026/09/29 08:42:22.779, 0, 21570, 100
2026/09/29 08:42:23.779, 0, 21570, 99
2026/09/29 08:42:24.779, 0, 21570, 100
2026/09/29 08:42:25.779, 0, 21570, 100
2026/09/29 08:42:26.780, 0, 21570, 100
2026/09/29 08:42:27.780, 0, 21570, 100
2026/09/29 08:42:28.780, 0, 21570, 100
2026/09/29 08:42:29.780, 0, 21570, 100
2026/09/29 08:42:30.780, 0, 21570, 100
2026/09/29 08:42:31.781, 0, 21570, 100
2026/09/29 08:42:32.781, 0, 21570, 100
2026/09/29 08:42:33.781, 0, 21570, 100
2026/09/29 08:42:34.781, 0, 21570, 100
2026/09/29 08:42:35.781, 0, 21570, 100
2026/09/29 08:42:36.781, 0, 21570, 100
2026/09/29 08:42:37.782, 0, 21570, 100
2026/09/29 08:42:38.782, 0, 21570, 100
2026/09/29 08:42:39.782, 0, 21570, 100
2026/09/29 08:42:40.782, 0, 21570, 100
2026/09/29 08:42:41.782, 0, 21570, 100
2026/09/29 08:42:42.783, 0, 21570, 100
2026/09/29 08:42:43.783, 0, 21570, 100
2026/09/29 08:42:44.783, 0, 21570, 100
2026/09/29 08:42:45.783, 0, 21570, 100
2026/09/29 08:42:46.783, 0, 21570, 100
2026/09/29 08:42:47.784, 0, 21570, 100
2026/09/29 08:42:48.784, 0, 21570, 100
2026/09/29 08:42:49.784, 0, 21570, 100
2026/09/29 08:42:50.784, 0, 21570, 100
2026/09/29 08:42:51.784, 0, 21570, 100
2026/09/29 08:42:52.785, 0, 21570, 100
2026/09/29 08:42:53.785, 0, 21570, 100
2026/09/29 08:42:54.785, 0, 21570, 100
2026/09/29 08:42:55.785, 0, 21570, 100
2026/09/29 08:42:56.785, 0, 21570, 100
2026/09/29 08:42:57.786, 0, 21570, 100
2026/09/29 08:42:58.786, 0, 21570, 100
2026/09/29 08:42:59.786, 0, 21570, 100
2026/09/29 08:43:00.786, 0, 21570, 100
2026/09/29 08:43:01.787, 0, 21570, 100
2026/09/29 08:43:02.787, 0, 21570, 100
2026/09/29 08:43:03.787, 0, 21570, 100
2026/09/29 08:43:04.787, 0, 21570, 100
2026/09/29 08:43:05.787, 0, 21570, 100
2026/09/29 08:43:06.788, 0, 21570, 100
2026/09/29 08:43:07.788, 0, 21570, 100
2026/09/29 08:43:08.788, 0, 21570, 100
2026/09/29 08:43:09.788, 0, 21570, 100
2026/09/29 08:43:10.788, 0, 21570, 100
2026/09/29 08:43:11.788, 0, 21570, 100
2026/09/29 08:43:12.789, 0, 21570, 100
2026/09/29 08:43:13.789, 0, 21570, 100
2026/09/29 08:43:14.789, 0, 21570, 100
2026/09/29 08:43:15.789, 0, 21570, 100
2026/09/29 08:43:16.789, 0, 21570, 100
2026/09/29 08:43:17.790, 0, 21570, 100
2026/09/29 08:43:18.790, 0, 21570, 100
2026/09/29 08:43:19.790, 0, 21570, 100
2026/09/29 08:43:20.790, 0, 21570, 100
2026/09/29 08:43:21.790, 0, 21570, 100
2026/09/29 08:43:22.791, 0, 21570, 100
2026/09/29 08:43:23.791, 0, 21570, 100
2026/09/29 08:43:24.791, 0, 21570, 100
2026/09/29 08:43:25.791, 0, 21570, 100
2026/09/29 08:43:26.791, 0, 21570, 100
2026/09/29 08:43:27.792, 0, 21570, 100
2026/09/29 08:43:28.792, 0, 21570, 100
2026/09/29 08:43:29.792, 0, 21570, 100
2026/09/29 08:43:30.792, 0, 21570, 100
2026/09/29 08:43:31.792, 0, 21570, 100
2026/09/29 08:43:32.792, 0, 21570, 100
2026/09/29 08:43:33.793, 0, 21570, 99
2026/09/29 08:43:34.793, 0, 21570, 100
2026/09/29 08:43:35.793, 0, 21570, 100
2026/09/29 08:43:36.793, 0, 21570, 100
2026/09/29 08:43:37.793, 0, 21570, 100
2026/09/29 08:43:38.794, 0, 21570, 100
2026/09/29 08:43:39.794, 0, 21570, 100
2026/09/29 08:43:40.794, 0, 21570, 100
2026/09/29 08:43:41.794, 0, 21570, 100
2026/09/29 08:43:42.794, 0, 21570, 100
2026/09/29 08:43:43.795, 0, 21570, 100
2026/09/29 08:43:44.795, 0, 21570, 100
2026/09/29 08:43:45.795, 0, 21570, 100
2026/09/29 08:43:46.795, 0, 21570, 100
2026/09/29 08:43:47.795, 0, 21570, 100
2026/09/29 08:43:48.796, 0, 21570, 100
2026/09/29 08:43:49.796, 0, 21570, 100
2026/09/29 08:43:50.796, 0, 21570, 100
2026/09/29 08:43:51.796, 0, 21570, 100
2026/09/29 08:43:52.796, 0, 21570, 100
2026/09/29 08:43:53.797, 0, 21570, 100
2026/09/29 08:43:54.797, 0, 21570, 100
2026/09/29 08:43:55.797, 0, 21570, 100
2026/09/29 08:43:56.797, 0, 21570, 100
2026/09/29 08:43:57.797, 0, 21570, 100
2026/09/29 08:43:58.797, 0, 21570, 100
2026/09/29 08:43:59.798, 0, 21570, 100
2026/09/29 08:44:00.798, 0, 21570, 100
2026/09/29 08:44:01.798, 0, 21570, 100
2026/09/29 08:44:02.798, 0, 21570, 100
2026/09/29 08:44:03.799, 0, 21570, 100
2026/09/29 08:44:04.799, 0, 21570, 100
2026/09/29 08:44:05.799, 0, 21570, 100
2026/09/29 08:44:06.799, 0, 21570, 100
2026/09/29 08:44:07.799, 0, 21570, 100
2026/09/29 08:44:08.799, 0, 21570, 100
2026/09/29 08:44:09.800, 0, 21570, 100
2026/09/29 08:44:10.800, 0, 21570, 100
2026/09/29 08:44:11.800, 0, 21570, 100
2026/09/29 08:44:12.800, 0, 21570, 100
2026/09/29 08:44:13.800, 0, 21570, 100
2026/09/29 08:44:14.801, 0, 21570, 100
2026/09/29 08:44:15.801, 0, 21570, 100
2026/09/29 08:44:16.801, 0, 21570, 100
2026/09/29 08:44:17.801, 0, 21570, 100
2026/09/29 08:44:18.801, 0, 21570, 100
2026/09/29 08:44:19.802, 0, 21570, 100
2026/09/29 08:44:20.802, 0, 21570, 99
2026/09/29 08:44:21.802, 0, 21570, 100
2026/09/29 08:44:22.802, 0, 21570, 100
2026/09/29 08:44:23.802, 0, 21570, 100
2026/09/29 08:44:24.803, 0, 21570, 100
2026/09/29 08:44:25.803, 0, 21570, 100
2026/09/29 08:44:26.803, 0, 21570, 100
2026/09/29 08:44:27.803, 0, 21570, 95
2026/09/29 08:44:28.803, 0, 21570, 100
2026/09/29 08:44:29.803, 0, 21570, 100
2026/09/29 08:44:30.804, 0, 21570, 100
2026/09/29 08:44:31.804, 0, 21570, 100
2026/09/29 08:44:32.804, 0, 21570, 100
2026/09/29 08:44:33.804, 0, 21570, 100
2026/09/29 08:44:34.804, 0, 21570, 100
2026/09/29 08:44:35.805, 0, 21570, 100
2026/09/29 08:44:36.805, 0, 21570, 100
2026/09/29 08:44:37.805, 0, 21570, 100
2026/09/29 08:44:38.805, 0, 21570, 100
2026/09/29 08:44:39.805, 0, 21570, 100
2026/09/29 08:44:40.806, 0, 21570, 100
2026/09/29 08:44:41.806, 0, 21570, 100
2026/09/29 08:44:42.806, 0, 21570, 100
2026/09/29 08:44:43.806, 0, 21570, 100
2026/09/29 08:44:44.806, 0, 21570, 100
2026/09/29 08:44:45.807, 0, 21570, 100
2026/09/29 08:44:46.807, 0, 21570, 100
2026/09/29 08:44:47.807, 0, 21570, 100
2026/09/29 08:44:48.807, 0, 21570, 100
2026/09/29 08:44:49.807, 0, 21570, 100
2026/09/29 08:44:50.807, 0, 21570, 100
2026/09/29 08:44:51.808, 0, 21570, 100
2026/09/29 08:44:52.808, 0, 21570, 100
2026/09/29 08:44:53.808, 0, 21570, 100
2026/09/29 08:44:54.808, 0, 21570, 100
2026/09/29 08:44:55.808, 0, 21570, 100
2026/09/29 08:44:56.809, 0, 21570, 100
2026/09/29 08:44:57.809, 0, 21570, 100
2026/09/29 08:44:58.809, 0, 21570, 100
2026/09/29 08:44:59.809, 0, 21570, 100
2026/09/29 08:45:00.809, 0, 21570, 100
2026/09/29 08:45:01.810, 0, 21570, 100
2026/09/29 08:45:02.810, 0, 21570, 100
2026/09/29 08:45:03.810, 0, 21570, 100
2026/09/29 08:45:04.810, 0, 21570, 100
2026/09/29 08:45:05.810, 0, 21570, 100
2026/09/29 08:45:06.811, 0, 21570, 100
2026/09/29 08:45:07.811, 0, 21570, 100
2026/09/29 08:45:08.811, 0, 21570, 100
2026/09/29 08:45:09.811, 0, 21570, 100
2026/09/29 08:45:10.811, 0, 21570, 100
2026/09/29 08:45:11.811, 0, 21570, 100
2026/09/29 08:45:12.812, 0, 21570, 100
2026/09/29 08:45:13.812, 0, 21570, 100
2026/09/29 08:45:14.812, 0, 21570, 100
2026/09/29 08:45:15.812, 0, 21570, 100
2026/09/29 08:45:16.812, 0, 21570, 100
2026/09/29 08:45:17.813, 0, 21570, 100
2026/09/29 08:45:18.813, 0, 21570, 100
2026/09/29 08:45:19.813, 0, 21570, 100
2026/09/29 08:45:20.813, 0, 21570, 100
2026/09/29 08:45:21.813, 0, 21570, 99
2026/09/29 08:45:22.814, 0, 21570, 100
2026/09/29 08:45:23.814, 0, 21570, 100
2026/09/29 08:45:24.814, 0, 21570, 100
2026/09/29 08:45:25.814, 0, 21570, 100
2026/09/29 08:45:26.814, 0, 21570, 100
2026/09/29 08:45:27.815, 0, 21570, 100
2026/09/29 08:45:28.815, 0, 21570, 100
2026/09/29 08:45:29.815, 0, 21570, 100
2026/09/29 08:45:30.815, 0, 21570, 100
2026/09/29 08:45:31.815, 0, 21570, 100
2026/09/29 08:45:32.815, 0, 21570, 100
2026/09/29 08:45:33.816, 0, 21570, 100
2026/09/29 08:45:34.816, 0, 21570, 100
2026/09/29 08:45:35.816, 0, 21570, 100
2026/09/29 08:45:36.816, 0, 21570, 100
2026/09/29 08:45:37.816, 0, 21570, 100
2026/09/29 08:45:38.817, 0, 21570, 100
2026/09/29 08:45:39.817, 0, 21570, 100
2026/09/29 08:45:40.817, 0, 21570, 100
2026/09/29 08:45:41.817, 0, 21570, 100
2026/09/29 08:45:42.817, 0, 21570, 100
2026/09/29 08:45:43.818, 0, 21570, 100
2026/09/29 08:45:44.818, 0, 21570, 100
2026/09/29 08:45:45.818, 0, 21570, 100
2026/09/29 08:45:46.818, 0, 21570, 100
2026/09/29 08:45:47.818, 0, 21570, 100
2026/09/29 08:45:48.819, 0, 21570, 100
2026/09/29 08:45:49.819, 0, 21570, 100
2026/09/29 08:45:50.819, 0, 21570, 100
2026/09/29 08:45:51.819, 0, 21570, 100
2026/09/29 08:45:52.819, 0, 21570, 100
2026/09/29 08:45:53.820, 0, 21570, 100
2026/09/29 08:45:54.820, 0, 21570, 100
2026/09/29 08:45:55.820, 0, 21570, 100
2026/09/29 08:45:56.820, 0, 21570, 100
2026/09/29 08:45:57.820, 0, 21570, 100
2026/09/29 08:45:58.821, 0, 21570, 100
2026/09/29 08:45:59.821, 0, 21570, 100
2026/09/29 08:46:00.821, 0, 21570, 100
2026/09/29 08:46:01.821, 0, 21570, 100
2026/09/29 08:46:02.821, 0, 21570, 100
2026/09/29 08:46:03.822, 0, 21570, 100
2026/09/29 08:46:04.822, 0, 21570, 100
2026/09/29 08:46:05.822, 0, 21570, 100
2026/09/29 08:46:06.822, 0, 21570, 100
2026/09/29 08:46:07.822, 0, 21570, 100
2026/09/29 08:46:08.823, 0, 21570, 100
2026/09/29 08:46:09.823, 0, 21570, 100
2026/09/29 08:46:10.823, 0, 21570, 100
2026/09/29 08:46:11.823, 0, 21570, 100
2026/09/29 08:46:12.823, 0, 21570, 100
2026/09/29 08:46:13.824, 0, 21570, 100
2026/09/29 08:46:14.824, 0, 21570, 100
2026/09/29 08:46:15.824, 0, 21570, 99
2026/09/29 08:46:16.824, 0, 21570, 100
2026/09/29 08:46:17.824, 0, 21570, 100
2026/09/29 08:46:18.825, 0, 21570, 100
2026/09/29 08:46:19.825, 0, 21570, 100
2026/09/29 08:46:20.825, 0, 21570, 100
2026/09/29 08:46:21.825, 0, 21570, 100
2026/09/29 08:46:22.825, 0, 21570, 100
2026/09/29 08:46:23.826, 0, 21570, 100
2026/09/29 08:46:24.826, 0, 21570, 100
2026/09/29 08:46:25.826, 0, 21570, 100
2026/09/29 08:46:26.826, 0, 21570, 100
2026/09/29 08:46:27.826, 0, 21570, 100
2026/09/29 08:46:28.827, 0, 21570, 100
2026/09/29 08:46:29.827, 0, 21570, 100
2026/09/29 08:46:30.827, 0, 21570, 100
2026/09/29 08:46:31.827, 0, 21570, 100
2026/09/29 08:46:32.827, 0, 21570, 100
2026/09/29 08:46:33.828, 0, 21570, 100
2026/09/29 08:46:34.828, 0, 21570, 100
2026/09/29 08:46:35.828, 0, 21570, 100
2026/09/29 08:46:36.828, 0, 21570, 100
2026/09/29 08:46:37.828, 0, 21570, 100
2026/09/29 08:46:38.829, 0, 21570, 100
2026/09/29 08:46:39.829, 0, 21570, 100
2026/09/29 08:46:40.829, 0, 21570, 100
2026/09/29 08:46:41.829, 0, 21570, 100
2026/09/29 08:46:42.829, 0, 21570, 100
2026/09/29 08:46:43.830, 0, 21570, 100
2026/09/29 08:46:44.830, 0, 21570, 100
2026/09/29 08:46:45.830, 0, 21570, 100
2026/09/29 08:46:46.830, 0, 21570, 100
2026/09/29 08:46:47.830, 0, 21570, 100
2026/09/29 08:46:48.831, 0, 21570, 100
2026/09/29 08:46:49.831, 0, 21570, 100
2026/09/29 08:46:50.831, 0, 21570, 100
2026/09/29 08:46:51.831, 0, 21570, 100
2026/09/29 08:46:52.831, 0, 21570, 100
2026/09/29 08:46:53.832, 0, 21570, 100
2026/09/29 08:46:54.832, 0, 21570, 100
2026/09/29 08:46:55.832, 0, 21570, 100
2026/09/29 08:46:56.832, 0, 21570, 100
2026/09/29 08:46:57.832, 0, 21570, 100
2026/09/29 08:46:58.832, 0, 21570, 100
2026/09/29 08:46:59.833, 0, 21570, 100
2026/09/29 08:47:00.833, 0, 21570, 100
2026/09/29 08:47:01.833, 0, 21570, 100
2026/09/29 08:47:02.833, 0, 21570, 100
2026/09/29 08:47:03.833, 0, 21570, 100
2026/09/29 08:47:04.834, 0, 21570, 100
2026/09/29 08:47:05.834, 0, 21570, 100
2026/09/29 08:47:06.834, 0, 21570, 100
2026/09/29 08:47:07.834, 0, 21570, 100
2026/09/29 08:47:08.834, 0, 21570, 100
2026/09/29 08:47:09.835, 0, 21570, 100
2026/09/29 08:47:10.835, 0, 21570, 100
2026/09/29 08:47:11.835, 0, 21570, 100
2026/09/29 08:47:12.835, 0, 21570, 100
2026/09/29 08:47:13.835, 0, 21570, 100
2026/09/29 08:47:14.836, 0, 21570, 100
2026/09/29 08:47:15.836, 0, 21570, 100
2026/09/29 08:47:16.836, 0, 21570, 100
2026/09/29 08:47:17.836, 0, 21570, 100
2026/09/29 08:47:18.836, 0, 21570, 100
2026/09/29 08:47:19.836, 0, 21570, 100
2026/09/29 08:47:20.837, 0, 21570, 100
2026/09/29 08:47:21.837, 0, 21570, 100
2026/09/29 08:47:22.837, 0, 21570, 100
2026/09/29 08:47:23.837, 0, 21570, 100
2026/09/29 08:47:24.837, 0, 21570, 100
2026/09/29 08:47:25.838, 0, 21570, 100
2026/09/29 08:47:26.838, 0, 21570, 100
2026/09/29 08:47:27.838, 0, 21570, 100
2026/09/29 08:47:28.838, 0, 21570, 100
2026/09/29 08:47:29.838, 0, 21570, 100
2026/09/29 08:47:30.839, 0, 21570, 100
2026/09/29 08:47:31.839, 0, 21570, 100
2026/09/29 08:47:32.839, 0, 21570, 100
2026/09/29 08:47:33.839, 0, 21570, 100
2026/09/29 08:47:34.839, 0, 21570, 100
2026/09/29 08:47:35.839, 0, 21570, 100
2026/09/29 08:47:36.840, 0, 21570, 100
2026/09/29 08:47:37.840, 0, 21570, 100
2026/09/29 08:47:38.840, 0, 21570, 100
2026/09/29 08:47:39.840, 0, 21570, 100
2026/09/29 08:47:40.840, 0, 21570, 100
2026/09/29 08:47:41.841, 0, 21570, 100
2026/09/29 08:47:42.841, 0, 21570, 100
2026/09/29 08:47:43.841, 0, 21570, 100
2026/09/29 08:47:44.841, 0, 21570, 100
2026/09/29 08:47:45.841, 0, 21570, 100
2026/09/29 08:47:46.842, 0, 21570, 100
2026/09/29 08:47:47.842, 0, 21570, 100
2026/09/29 08:47:48.842, 0, 21570, 100
2026/09/29 08:47:49.842, 0, 21570, 100
2026/09/29 08:47:50.842, 0, 21570, 100
2026/09/29 08:47:51.842, 0, 21570, 100
2026/09/29 08:47:52.843, 0, 21570, 99
2026/09/29 08:47:53.843, 0, 21570, 100
2026/09/29 08:47:54.843, 0, 21570, 100
2026/09/29 08:47:55.843, 0, 21570, 100
2026/09/29 08:47:56.843, 0, 21570, 100
2026/09/29 08:47:57.844, 0, 21570, 100
2026/09/29 08:47:58.844, 0, 21570, 100
2026/09/29 08:47:59.844, 0, 21570, 99
2026/09/29 08:48:00.844, 0, 21570, 100
2026/09/29 08:48:01.844, 0, 21570, 100
2026/09/29 08:48:02.845, 0, 21570, 100
2026/09/29 08:48:03.845, 0, 21570, 100
2026/09/29 08:48:04.845, 0, 21570, 100
2026/09/29 08:48:05.845, 0, 21570, 100
2026/09/29 08:48:06.845, 0, 21570, 100
2026/09/29 08:48:07.846, 0, 21570, 100
2026/09/29 08:48:08.846, 0, 21570, 100
2026/09/29 08:48:09.846, 0, 21570, 100
2026/09/29 08:48:10.846, 0, 21570, 100
2026/09/29 08:48:11.846, 0, 21570, 100
2026/09/29 08:48:12.846, 0, 21570, 100
2026/09/29 08:48:13.847, 0, 21570, 100
2026/09/29 08:48:14.847, 0, 21570, 100
2026/09/29 08:48:15.847, 0, 21570, 100
2026/09/29 08:48:16.847, 0, 21570, 100
2026/09/29 08:48:17.847, 0, 21570, 100
2026/09/29 08:48:18.848, 0, 21570, 100
2026/09/29 08:48:19.848, 0, 21570, 100
2026/09/29 08:48:20.848, 0, 21570, 100
2026/09/29 08:48:21.848, 0, 21570, 100
2026/09/29 08:48:22.848, 0, 21570, 100
2026/09/29 08:48:23.849, 0, 21570, 100
2026/09/29 08:48:24.849, 0, 21570, 100
2026/09/29 08:48:25.849, 0, 21570, 100
2026/09/29 08:48:26.849, 0, 21570, 100
2026/09/29 08:48:27.849, 0, 21570, 100
2026/09/29 08:48:28.850, 0, 21570, 100
2026/09/29 08:48:29.850, 0, 21570, 100
2026/09/29 08:48:30.850, 0, 21570, 100
2026/09/29 08:48:31.850, 0, 21570, 100
2026/09/29 08:48:32.850, 0, 21570, 100
2026/09/29 08:48:33.850, 0, 21570, 100
2026/09/29 08:48:34.851, 0, 21570, 100
2026/09/29 08:48:35.851, 0, 21570, 100
2026/09/29 08:48:36.851, 0, 21570, 100
2026/09/29 08:48:37.851, 0, 21570, 100
2026/09/29 08:48:38.851, 0, 21570, 100
2026/09/29 08:48:39.852, 0, 21570, 100
2026/09/29 08:48:40.852, 0, 21570, 99
2026/09/29 08:48:41.852, 0, 21570, 100
2026/09/29 08:48:42.852, 0, 21570, 100
2026/09/29 08:48:43.852, 0, 21570, 100
2026/09/29 08:48:44.853, 0, 21570, 100
2026/09/29 08:48:45.853, 0, 21570, 100
2026/09/29 08:48:46.853, 0, 21570, 95
2026/09/29 08:48:47.853, 0, 21570, 100
2026/09/29 08:48:48.853, 0, 21570, 100
2026/09/29 08:48:49.854, 0, 21570, 100
2026/09/29 08:48:50.854, 0, 21570, 100
2026/09/29 08:48:51.854, 0, 21570, 100
2026/09/29 08:48:52.854, 0, 21570, 100
2026/09/29 08:48:53.854, 0, 21570, 100
2026/09/29 08:48:54.855, 0, 21570, 100
2026/09/29 08:48:55.855, 0, 21570, 100
2026/09/29 08:48:56.855, 0, 21570, 100
2026/09/29 08:48:57.855, 0, 21570, 100
2026/09/29 08:48:58.855, 0, 21570, 100
2026/09/29 08:48:59.856, 0, 21570, 100
2026/09/29 08:49:00.856, 0, 21570, 100
2026/09/29 08:49:01.856, 0, 21570, 100
2026/09/29 08:49:02.856, 0, 21570, 100
2026/09/29 08:49:03.856, 0, 21570, 100
2026/09/29 08:49:04.857, 0, 21570, 100
2026/09/29 08:49:05.857, 0, 21570, 100
2026/09/29 08:49:06.857, 0, 21570, 100
2026/09/29 08:49:07.857, 0, 21570, 100
2026/09/29 08:49:08.857, 0, 21570, 100
2026/09/29 08:49:09.858, 0, 21570, 100
2026/09/29 08:49:10.858, 0, 21570, 100
2026/09/29 08:49:11.858, 0, 21570, 100
2026/09/29 08:49:12.858, 0, 21570, 100
2026/09/29 08:49:13.858, 0, 21570, 100
2026/09/29 08:49:14.859, 0, 21570, 100
2026/09/29 08:49:15.859, 0, 21570, 100
2026/09/29 08:49:16.859, 0, 21570, 100
2026/09/29 08:49:17.859, 0, 21570, 100
2026/09/29 08:49:18.859, 0, 21570, 100
2026/09/29 08:49:19.859, 0, 21570, 100
2026/09/29 08:49:20.860, 0, 21570, 100
2026/09/29 08:49:21.860, 0, 21570, 100
2026/09/29 08:49:22.860, 0, 21570, 100
2026/09/29 08:49:23.860, 0, 21570, 100
2026/09/29 08:49:24.860, 0, 21570, 100
2026/09/29 08:49:25.861, 0, 21570, 100
2026/09/29 08:49:26.861, 0, 21570, 100
2026/09/29 08:49:27.861, 0, 21570, 99
2026/09/29 08:49:28.861, 0, 21570, 100
2026/09/29 08:49:29.861, 0, 21570, 100
2026/09/29 08:49:30.862, 0, 21570, 100
2026/09/29 08:49:31.862, 0, 21570, 100
2026/09/29 08:49:32.862, 0, 21570, 100
2026/09/29 08:49:33.862, 0, 21570, 100
2026/09/29 08:49:34.862, 0, 21570, 100
2026/09/29 08:49:35.862, 0, 21570, 100
2026/09/29 08:49:36.863, 0, 21570, 100
2026/09/29 08:49:37.863, 0, 21570, 100
2026/09/29 08:49:38.863, 0, 21570, 100
2026/09/29 08:49:39.863, 0, 21570, 100
2026/09/29 08:49:40.863, 0, 21570, 99
2026/09/29 08:49:41.864, 0, 21570, 100
2026/09/29 08:49:42.864, 0, 21570, 100
2026/09/29 08:49:43.864, 0, 21570, 100
2026/09/29 08:49:44.864, 0, 21570, 100
2026/09/29 08:49:45.864, 0, 21570, 100
2026/09/29 08:49:46.865, 0, 21570, 100
2026/09/29 08:49:47.865, 0, 21570, 100
2026/09/29 08:49:48.865, 0, 21570, 100
2026/09/29 08:49:49.865, 0, 21570, 100
2026/09/29 08:49:50.865, 0, 21570, 100
2026/09/29 08:49:51.866, 0, 21570, 100
2026/09/29 08:49:52.866, 0, 21570, 100
2026/09/29 08:49:53.866, 0, 21570, 100
2026/09/29 08:49:54.866, 0, 21570, 100
2026/09/29 08:49:55.866, 0, 21570, 100
2026/09/29 08:49:56.866, 0, 21570, 100
2026/09/29 08:49:57.867, 0, 21570, 100
2026/09/29 08:49:58.867, 0, 21570, 100
2026/09/29 08:49:59.867, 0, 21570, 100
2026/09/29 08:50:00.867, 0, 21570, 100
2026/09/29 08:50:01.867, 0, 21570, 100
2026/09/29 08:50:02.868, 0, 21570, 100
2026/09/29 08:50:03.868, 0, 21570, 100
2026/09/29 08:50:04.868, 0, 21570, 100
2026/09/29 08:50:05.868, 0, 21570, 100
2026/09/29 08:50:06.868, 0, 21570, 100
2026/09/29 08:50:07.869, 0, 21570, 100
2026/09/29 08:50:08.869, 0, 21570, 100
2026/09/29 08:50:09.869, 0, 21570, 100
2026/09/29 08:50:10.869, 0, 21570, 100
2026/09/29 08:50:11.869, 0, 21570, 100
2026/09/29 08:50:12.870, 0, 21570, 100
2026/09/29 08:50:13.870, 0, 21570, 100
2026/09/29 08:50:14.870, 0, 21570, 100
2026/09/29 08:50:15.870, 0, 21570, 100
2026/09/29 08:50:16.870, 0, 21570, 100
2026/09/29 08:50:17.870, 0, 21570, 100
2026/09/29 08:50:18.871, 0, 21570, 100
2026/09/29 08:50:19.871, 0, 21570, 100
2026/09/29 08:50:20.871, 0, 21570, 100
2026/09/29 08:50:21.871, 0, 21570, 100
2026/09/29 08:50:22.872, 0, 21570, 100
2026/09/29 08:50:23.872, 0, 21570, 100
2026/09/29 08:50:24.872, 0, 21570, 100
2026/09/29 08:50:25.872, 0, 21570, 100
2026/09/29 08:50:26.872, 0, 21570, 100
2026/09/29 08:50:27.872, 0, 21570, 100
2026/09/29 08:50:28.873, 0, 21570, 100
2026/09/29 08:50:29.873, 0, 21570, 100
2026/09/29 08:50:30.873, 0, 21570, 100
2026/09/29 08:50:31.873, 0, 21570, 100
2026/09/29 08:50:32.873, 0, 21570, 100
2026/09/29 08:50:33.874, 0, 21570, 100
2026/09/29 08:50:34.874, 0, 21570, 100
2026/09/29 08:50:35.874, 0, 21570, 100
2026/09/29 08:50:36.874, 0, 21570, 100
2026/09/29 08:50:37.874, 0, 21570, 100
2026/09/29 08:50:38.875, 0, 21570, 100
2026/09/29 08:50:39.875, 0, 21570, 100
2026/09/29 08:50:40.875, 0, 21570, 100
2026/09/29 08:50:41.875, 0, 21570, 100
2026/09/29 08:50:42.875, 0, 21570, 100
2026/09/29 08:50:43.876, 0, 21570, 100
2026/09/29 08:50:44.876, 0, 21570, 100
2026/09/29 08:50:45.876, 0, 21570, 100
2026/09/29 08:50:46.876, 0, 21570, 100
2026/09/29 08:50:47.876, 0, 21570, 100
2026/09/29 08:50:48.876, 0, 21570, 100
2026/09/29 08:50:49.877, 0, 21570, 100
2026/09/29 08:50:50.877, 0, 21570, 100
2026/09/29 08:50:51.877, 0, 21570, 100
2026/09/29 08:50:52.877, 0, 21570, 100
2026/09/29 08:50:53.877, 0, 21570, 100
2026/09/29 08:50:54.878, 0, 21570, 100
2026/09/29 08:50:55.878, 0, 21570, 100
2026/09/29 08:50:56.878, 0, 21570, 100
2026/09/29 08:50:57.878, 0, 21570, 100
2026/09/29 08:50:58.878, 0, 21570, 100
2026/09/29 08:50:59.879, 0, 21570, 100
2026/09/29 08:51:00.879, 0, 21570, 100
2026/09/29 08:51:01.879, 0, 21570, 100
2026/09/29 08:51:02.879, 0, 21570, 100
2026/09/29 08:51:03.879, 0, 21570, 100
2026/09/29 08:51:04.880, 0, 21570, 100
2026/09/29 08:51:05.880, 0, 21570, 100
2026/09/29 08:51:06.880, 0, 21570, 100
2026/09/29 08:51:07.880, 0, 21570, 100
2026/09/29 08:51:08.880, 0, 21570, 100
2026/09/29 08:51:09.881, 0, 21570, 100
2026/09/29 08:51:10.881, 0, 21570, 100
2026/09/29 08:51:11.881, 0, 21570, 100
2026/09/29 08:51:12.881, 0, 21570, 100
2026/09/29 08:51:13.881, 0, 21570, 100
2026/09/29 08:51:14.881, 0, 21570, 100
2026/09/29 08:51:15.882, 0, 21570, 100
2026/09/29 08:51:16.882, 0, 21570, 95
2026/09/29 08:51:17.882, 0, 21570, 100
2026/09/29 08:51:18.882, 0, 21570, 100
2026/09/29 08:51:19.882, 0, 21570, 100
2026/09/29 08:51:20.883, 0, 21570, 100
2026/09/29 08:51:21.883, 0, 21570, 100
2026/09/29 08:51:22.883, 0, 21570, 100
2026/09/29 08:51:23.883, 0, 21570, 100
2026/09/29 08:51:24.883, 0, 21570, 100
2026/09/29 08:51:25.884, 0, 21570, 100
2026/09/29 08:51:26.884, 0, 21570, 100
2026/09/29 08:51:27.884, 0, 21570, 100
2026/09/29 08:51:28.884, 0, 21570, 100
2026/09/29 08:51:29.884, 0, 21570, 100
2026/09/29 08:51:30.885, 0, 21570, 100
2026/09/29 08:51:31.885, 0, 21570, 100
2026/09/29 08:51:32.885, 0, 21570, 100
2026/09/29 08:51:33.885, 0, 21570, 100
2026/09/29 08:51:34.885, 0, 21570, 100
2026/09/29 08:51:35.885, 0, 21570, 100
2026/09/29 08:51:36.886, 0, 21570, 100
2026/09/29 08:51:37.886, 0, 21570, 100
2026/09/29 08:51:38.886, 0, 22550, 100
2026/09/29 08:51:39.886, 0, 22550, 100
2026/09/29 08:51:40.886, 0, 22710, 100
2026/09/29 08:51:41.887, 0, 22710, 100
2026/09/29 08:51:42.887, 0, 22710, 0
2026/09/29 08:51:43.887, 0, 18190, 0
2026/09/29 08:51:44.887, 0, 18830, 100
2026/09/29 08:51:45.887, 0, 18830, 100
2026/09/29 08:51:46.888, 0, 21790, 100
2026/09/29 08:51:47.888, 0, 21790, 100
2026/09/29 08:51:48.888, 0, 21790, 100
2026/09/29 08:51:49.888, 0, 21790, 100
2026/09/29 08:51:50.888, 0, 21790, 100
2026/09/29 08:51:51.888, 0, 21790, 100
2026/09/29 08:51:52.889, 0, 21790, 100
2026/09/29 08:51:53.889, 0, 21790, 100
2026/09/29 08:51:54.889, 0, 21790, 100
2026/09/29 08:51:55.889, 0, 21790, 100
2026/09/29 08:51:56.889, 0, 21790, 100
2026/09/29 08:51:57.890, 0, 21790, 100
2026/09/29 08:51:58.890, 0, 21790, 100
2026/09/29 08:51:59.890, 0, 21790, 100
2026/09/29 08:52:00.890, 0, 21790, 100
2026/09/29 08:52:01.890, 0, 21790, 100
2026/09/29 08:52:02.891, 0, 21790, 100
2026/09/29 08:52:03.891, 0, 21790, 100
2026/09/29 08:52:04.891, 0, 21790, 100
2026/09/29 08:52:05.891, 0, 21790, 100
2026/09/29 08:52:06.891, 0, 21790, 100
2026/09/29 08:52:07.891, 0, 21790, 100
2026/09/29 08:52:08.892, 0, 21790, 100
2026/09/29 08:52:09.892, 0, 21790, 100
2026/09/29 08:52:10.892, 0, 21790, 100
2026/09/29 08:52:11.892, 0, 21790, 100
2026/09/29 08:52:12.892, 0, 21790, 100
2026/09/29 08:52:13.893, 0, 21790, 100
2026/09/29 08:52:14.893, 0, 21790, 100
2026/09/29 08:52:15.893, 0, 21790, 100
2026/09/29 08:52:16.893, 0, 21790, 100
2026/09/29 08:52:17.893, 0, 21790, 100
2026/09/29 08:52:18.894, 0, 21790, 100
2026/09/29 08:52:19.894, 0, 21790, 100
2026/09/29 08:52:20.894, 0, 21790, 100
2026/09/29 08:52:21.894, 0, 21790, 100
2026/09/29 08:52:22.894, 0, 21790, 100
2026/09/29 08:52:23.894, 0, 21790, 100
2026/09/29 08:52:24.895, 0, 21790, 100
2026/09/29 08:52:25.895, 0, 21790, 100
2026/09/29 08:52:26.895, 0, 21790, 100
2026/09/29 08:52:27.895, 0, 21790, 100
2026/09/29 08:52:28.895, 0, 21790, 100
2026/09/29 08:52:29.896, 0, 21790, 100
2026/09/29 08:52:30.896, 0, 21790, 100
2026/09/29 08:52:31.896, 0, 21790, 100
2026/09/29 08:52:32.896, 0, 21790, 100
2026/09/29 08:52:33.896, 0, 21790, 100
2026/09/29 08:52:34.897, 0, 21790, 100
2026/09/29 08:52:35.897, 0, 21790, 100
2026/09/29 08:52:36.897, 0, 21790, 100
2026/09/29 08:52:37.897, 0, 21790, 100
2026/09/29 08:52:38.897, 0, 21790, 100
2026/09/29 08:52:39.897, 0, 21790, 100
2026/09/29 08:52:40.898, 0, 21790, 100
2026/09/29 08:52:41.898, 0, 21790, 100
2026/09/29 08:52:42.898, 0, 21790, 100
2026/09/29 08:52:43.898, 0, 21790, 100
2026/09/29 08:52:44.898, 0, 21790, 100
2026/09/29 08:52:45.899, 0, 21790, 100
2026/09/29 08:52:46.899, 0, 21790, 100
2026/09/29 08:52:47.899, 0, 21790, 100
2026/09/29 08:52:48.899, 0, 21790, 100
2026/09/29 08:52:49.899, 0, 21790, 100
2026/09/29 08:52:50.900, 0, 21790, 100
2026/09/29 08:52:51.900, 0, 21790, 100
2026/09/29 08:52:52.900, 0, 21790, 100
2026/09/29 08:52:53.900, 0, 21790, 100
2026/09/29 08:52:54.900, 0, 21790, 100
2026/09/29 08:52:55.901, 0, 21790, 100
2026/09/29 08:52:56.901, 0, 21790, 100
2026/09/29 08:52:57.901, 0, 21790, 100
2026/09/29 08:52:58.901, 0, 21790, 100
2026/09/29 08:52:59.901, 0, 21790, 100
2026/09/29 08:53:00.902, 0, 21790, 100
2026/09/29 08:53:01.902, 0, 21790, 100
2026/09/29 08:53:02.902, 0, 21790, 100
2026/09/29 08:53:03.902, 0, 21790, 100
2026/09/29 08:53:04.902, 0, 21790, 100
2026/09/29 08:53:05.903, 0, 21790, 100
2026/09/29 08:53:06.903, 0, 21790, 100
2026/09/29 08:53:07.903, 0, 21790, 100
2026/09/29 08:53:08.903, 0, 21790, 100
2026/09/29 08:53:09.903, 0, 21790, 100
2026/09/29 08:53:10.904, 0, 21790, 100
2026/09/29 08:53:11.904, 0, 21790, 99
2026/09/29 08:53:12.904, 0, 21790, 100
2026/09/29 08:53:13.904, 0, 21790, 100
2026/09/29 08:53:14.904, 0, 21790, 100
2026/09/29 08:53:15.905, 0, 21790, 100
2026/09/29 08:53:16.905, 0, 21790, 100
2026/09/29 08:53:17.905, 0, 21790, 100
2026/09/29 08:53:18.905, 0, 21790, 100
2026/09/29 08:53:19.905, 0, 21790, 100
2026/09/29 08:53:20.906, 0, 21790, 100
2026/09/29 08:53:21.906, 0, 21790, 100
2026/09/29 08:53:22.906, 0, 21790, 100
2026/09/29 08:53:23.906, 0, 21790, 100
2026/09/29 08:53:24.906, 0, 21790, 100
2026/09/29 08:53:25.907, 0, 21790, 100
2026/09/29 08:53:26.907, 0, 21790, 100
2026/09/29 08:53:27.907, 0, 21790, 100
2026/09/29 08:53:28.907, 0, 21790, 100
2026/09/29 08:53:29.907, 0, 21790, 100
2026/09/29 08:53:30.908, 0, 21790, 100
2026/09/29 08:53:31.908, 0, 21790, 100
2026/09/29 08:53:32.908, 0, 21790, 100
2026/09/29 08:53:33.908, 0, 21790, 100
2026/09/29 08:53:34.909, 0, 21790, 100
2026/09/29 08:53:35.909, 0, 21790, 100
2026/09/29 08:53:36.909, 0, 21790, 100
2026/09/29 08:53:37.909, 0, 21790, 100
2026/09/29 08:53:38.909, 0, 21790, 100
2026/09/29 08:53:39.910, 0, 21790, 100
2026/09/29 08:53:40.910, 0, 21790, 100
2026/09/29 08:53:41.910, 0, 21790, 100
2026/09/29 08:53:42.910, 0, 21790, 100
2026/09/29 08:53:43.910, 0, 21790, 100
2026/09/29 08:53:44.910, 0, 21790, 100
2026/09/29 08:53:45.911, 0, 21790, 100
2026/09/29 08:53:46.911, 0, 21790, 100
2026/09/29 08:53:47.911, 0, 21790, 100
2026/09/29 08:53:48.911, 0, 21790, 100
2026/09/29 08:53:49.911, 0, 21790, 100
2026/09/29 08:53:50.912, 0, 21790, 100
2026/09/29 08:53:51.912, 0, 21790, 100
2026/09/29 08:53:52.912, 0, 21790, 100
2026/09/29 08:53:53.912, 0, 21790, 100
2026/09/29 08:53:54.912, 0, 21790, 100
2026/09/29 08:53:55.913, 0, 21790, 100
2026/09/29 08:53:56.913, 0, 21790, 100
2026/09/29 08:53:57.913, 0, 21790, 100
2026/09/29 08:53:58.913, 0, 21790, 100
2026/09/29 08:53:59.913, 0, 21790, 100
2026/09/29 08:54:00.913, 0, 21790, 100
2026/09/29 08:54:01.914, 0, 21790, 100
2026/09/29 08:54:02.914, 0, 21790, 100
2026/09/29 08:54:03.914, 0, 21790, 100
2026/09/29 08:54:04.914, 0, 21790, 100
2026/09/29 08:54:05.914, 0, 21790, 100
2026/09/29 08:54:06.915, 0, 21790, 98
2026/09/29 08:54:07.915, 0, 21790, 100
2026/09/29 08:54:08.915, 0, 21790, 100
2026/09/29 08:54:09.915, 0, 21790, 100
2026/09/29 08:54:10.915, 0, 21790, 100
2026/09/29 08:54:11.916, 0, 21790, 100
2026/09/29 08:54:12.916, 0, 21790, 100
2026/09/29 08:54:13.916, 0, 21790, 100
2026/09/29 08:54:14.916, 0, 21790, 100
2026/09/29 08:54:15.916, 0, 21790, 100
2026/09/29 08:54:16.917, 0, 21790, 100
2026/09/29 08:54:17.917, 0, 21790, 100
2026/09/29 08:54:18.917, 0, 21790, 100
2026/09/29 08:54:19.917, 0, 21790, 99
2026/09/29 08:54:20.917, 0, 21790, 100
2026/09/29 08:54:21.918, 0, 21790, 100
2026/09/29 08:54:22.918, 0, 21790, 100
2026/09/29 08:54:23.918, 0, 21790, 100
2026/09/29 08:54:24.918, 0, 21790, 100
2026/09/29 08:54:25.918, 0, 21790, 100
2026/09/29 08:54:26.919, 0, 21790, 100
2026/09/29 08:54:27.919, 0, 21790, 100
2026/09/29 08:54:28.919, 0, 21790, 100
2026/09/29 08:54:29.919, 0, 21790, 100
2026/09/29 08:54:30.920, 0, 21790, 100
2026/09/29 08:54:31.920, 0, 21790, 100
2026/09/29 08:54:32.920, 0, 21790, 100
2026/09/29 08:54:33.920, 0, 21790, 100
2026/09/29 08:54:34.920, 0, 21790, 100
2026/09/29 08:54:35.920, 0, 21790, 100
2026/09/29 08:54:36.921, 0, 21790, 100
2026/09/29 08:54:37.921, 0, 21790, 100
2026/09/29 08:54:38.921, 0, 21790, 100
2026/09/29 08:54:39.921, 0, 21790, 100
2026/09/29 08:54:40.921, 0, 21790, 100
2026/09/29 08:54:41.922, 0, 21790, 100
2026/09/29 08:54:42.922, 0, 21790, 100
2026/09/29 08:54:43.922, 0, 21790, 100
2026/09/29 08:54:44.922, 0, 21790, 100
2026/09/29 08:54:45.922, 0, 21790, 100
2026/09/29 08:54:46.923, 0, 21790, 100
2026/09/29 08:54:47.923, 0, 21790, 100
2026/09/29 08:54:48.923, 0, 21790, 100
2026/09/29 08:54:49.923, 0, 21790, 100
2026/09/29 08:54:50.923, 0, 21790, 100
2026/09/29 08:54:51.924, 0, 21790, 100
2026/09/29 08:54:52.924, 0, 21790, 100
2026/09/29 08:54:53.924, 0, 21790, 100
2026/09/29 08:54:54.924, 0, 21790, 100
2026/09/29 08:54:55.924, 0, 21790, 100
2026/09/29 08:54:56.924, 0, 21790, 100
2026/09/29 08:54:57.925, 0, 21790, 99
2026/09/29 08:54:58.925, 0, 21790, 100
2026/09/29 08:54:59.925, 0, 21790, 100
2026/09/29 08:55:00.925, 0, 21790, 95
2026/09/29 08:55:01.925, 0, 21790, 100
2026/09/29 08:55:02.926, 0, 21790, 100
2026/09/29 08:55:03.926, 0, 21790, 100
2026/09/29 08:55:04.926, 0, 21790, 100
2026/09/29 08:55:05.926, 0, 21790, 100
2026/09/29 08:55:06.926, 0, 21790, 100
2026/09/29 08:55:07.927, 0, 21790, 100
2026/09/29 08:55:08.927, 0, 21790, 100
2026/09/29 08:55:09.927, 0, 21790, 100
2026/09/29 08:55:10.927, 0, 21790, 99
2026/09/29 08:55:11.927, 0, 21790, 100
2026/09/29 08:55:12.927, 0, 21790, 100
2026/09/29 08:55:13.928, 0, 21790, 100
2026/09/29 08:55:14.928, 0, 21790, 100
2026/09/29 08:55:15.928, 0, 21790, 100
2026/09/29 08:55:16.928, 0, 21790, 100
2026/09/29 08:55:17.928, 0, 21790, 100
2026/09/29 08:55:18.929, 0, 21790, 100
2026/09/29 08:55:19.929, 0, 21790, 100
2026/09/29 08:55:20.929, 0, 21790, 100
2026/09/29 08:55:21.929, 0, 21790, 100
2026/09/29 08:55:22.929, 0, 21790, 100
2026/09/29 08:55:23.930, 0, 21790, 100
2026/09/29 08:55:24.930, 0, 21790, 100
2026/09/29 08:55:25.930, 0, 21790, 100
2026/09/29 08:55:26.930, 0, 21790, 100
2026/09/29 08:55:27.930, 0, 21790, 99
2026/09/29 08:55:28.931, 0, 21790, 100
2026/09/29 08:55:29.931, 0, 21790, 100
2026/09/29 08:55:30.931, 0, 21790, 100
2026/09/29 08:55:31.931, 0, 21790, 100
2026/09/29 08:55:32.931, 0, 21790, 100
2026/09/29 08:55:33.931, 0, 21790, 100
2026/09/29 08:55:34.932, 0, 21790, 100
2026/09/29 08:55:35.932, 0, 21790, 100
2026/09/29 08:55:36.932, 0, 21790, 100
2026/09/29 08:55:37.932, 0, 21790, 100
2026/09/29 08:55:38.932, 0, 21790, 100
2026/09/29 08:55:39.933, 0, 21790, 100
2026/09/29 08:55:40.933, 0, 21790, 100
2026/09/29 08:55:41.933, 0, 21790, 100
2026/09/29 08:55:42.933, 0, 21790, 100
2026/09/29 08:55:43.933, 0, 21790, 100
2026/09/29 08:55:44.934, 0, 21790, 100
2026/09/29 08:55:45.934, 0, 21790, 100
2026/09/29 08:55:46.934, 0, 21790, 100
2026/09/29 08:55:47.934, 0, 21790, 100
2026/09/29 08:55:48.934, 0, 21790, 100
2026/09/29 08:55:49.934, 0, 21790, 100
2026/09/29 08:55:50.935, 0, 21790, 100
2026/09/29 08:55:51.935, 0, 21790, 100
2026/09/29 08:55:52.935, 0, 21790, 100
2026/09/29 08:55:53.935, 0, 21790, 100
2026/09/29 08:55:54.935, 0, 21790, 99
2026/09/29 08:55:55.936, 0, 21790, 100
2026/09/29 08:55:56.936, 0, 21790, 100
2026/09/29 08:55:57.936, 0, 21790, 100
2026/09/29 08:55:58.936, 0, 21790, 100
2026/09/29 08:55:59.936, 0, 21790, 100
2026/09/29 08:56:00.937, 0, 21790, 100
2026/09/29 08:56:01.937, 0, 21790, 100
2026/09/29 08:56:02.937, 0, 21790, 100
2026/09/29 08:56:03.937, 0, 21790, 100
2026/09/29 08:56:04.938, 0, 21790, 100
2026/09/29 08:56:05.938, 0, 21790, 100
2026/09/29 08:56:06.938, 0, 21790, 100
2026/09/29 08:56:07.938, 0, 21790, 100
2026/09/29 08:56:08.938, 0, 21790, 100
2026/09/29 08:56:09.939, 0, 21790, 100
2026/09/29 08:56:10.939, 0, 21790, 100
2026/09/29 08:56:11.939, 0, 21790, 100
2026/09/29 08:56:12.939, 0, 21790, 100
2026/09/29 08:56:13.939, 0, 21790, 100
2026/09/29 08:56:14.940, 0, 21790, 100
2026/09/29 08:56:15.940, 0, 21790, 100
2026/09/29 08:56:16.940, 0, 21790, 100
2026/09/29 08:56:17.940, 0, 21790, 100
2026/09/29 08:56:18.940, 0, 21790, 100
2026/09/29 08:56:19.940, 0, 21790, 100
2026/09/29 08:56:20.941, 0, 21790, 100
2026/09/29 08:56:21.941, 0, 21790, 100
2026/09/29 08:56:22.941, 0, 21790, 100
2026/09/29 08:56:23.941, 0, 21790, 100
2026/09/29 08:56:24.942, 0, 21790, 100
2026/09/29 08:56:25.942, 0, 21790, 99
2026/09/29 08:56:26.942, 0, 21790, 100
2026/09/29 08:56:27.942, 0, 21790, 100
2026/09/29 08:56:28.942, 0, 21790, 100
2026/09/29 08:56:29.943, 0, 21790, 100
2026/09/29 08:56:30.943, 0, 21790, 100
2026/09/29 08:56:31.943, 0, 21790, 100
2026/09/29 08:56:32.943, 0, 21790, 100
2026/09/29 08:56:33.943, 0, 21790, 100
2026/09/29 08:56:34.943, 0, 21790, 100
2026/09/29 08:56:35.944, 0, 21790, 100
2026/09/29 08:56:36.944, 0, 21790, 100
2026/09/29 08:56:37.944, 0, 21790, 100
2026/09/29 08:56:38.944, 0, 21790, 100
2026/09/29 08:56:39.944, 0, 21790, 100
2026/09/29 08:56:40.945, 0, 21790, 100
2026/09/29 08:56:41.945, 0, 21790, 100
2026/09/29 08:56:42.945, 0, 21790, 100
2026/09/29 08:56:43.945, 0, 21790, 100
2026/09/29 08:56:44.945, 0, 21790, 100
2026/09/29 08:56:45.946, 0, 21790, 100
2026/09/29 08:56:46.946, 0, 21790, 100
2026/09/29 08:56:47.946, 0, 21790, 100
2026/09/29 08:56:48.946, 0, 21790, 100
2026/09/29 08:56:49.946, 0, 21790, 100
2026/09/29 08:56:50.947, 0, 21790, 100
2026/09/29 08:56:51.947, 0, 21790, 100
2026/09/29 08:56:52.947, 0, 21790, 100
2026/09/29 08:56:53.947, 0, 21790, 100
2026/09/29 08:56:54.947, 0, 21790, 100
2026/09/29 08:56:55.948, 0, 21790, 100
2026/09/29 08:56:56.948, 0, 21790, 100
2026/09/29 08:56:57.948, 0, 21790, 100
2026/09/29 08:56:58.948, 0, 21790, 100
2026/09/29 08:56:59.948, 0, 21790, 100
2026/09/29 08:57:00.949, 0, 21790, 100
2026/09/29 08:57:01.949, 0, 21790, 100
2026/09/29 08:57:02.949, 0, 21790, 100
2026/09/29 08:57:03.949, 0, 21790, 100
2026/09/29 08:57:04.949, 0, 21790, 100
2026/09/29 08:57:05.950, 0, 21790, 100
2026/09/29 08:57:06.950, 0, 21790, 100
2026/09/29 08:57:07.950, 0, 21790, 100
2026/09/29 08:57:08.950, 0, 21790, 100
2026/09/29 08:57:09.950, 0, 21790, 100
2026/09/29 08:57:10.951, 0, 21790, 100
2026/09/29 08:57:11.951, 0, 21790, 100
2026/09/29 08:57:12.951, 0, 21790, 100
2026/09/29 08:57:13.951, 0, 21790, 100
2026/09/29 08:57:14.951, 0, 21790, 100
2026/09/29 08:57:15.952, 0, 21790, 100
2026/09/29 08:57:16.952, 0, 21790, 100
2026/09/29 08:57:17.952, 0, 21790, 100
2026/09/29 08:57:18.952, 0, 21790, 100
2026/09/29 08:57:19.952, 0, 21790, 100
2026/09/29 08:57:20.953, 0, 21790, 100
2026/09/29 08:57:21.953, 0, 21790, 100
2026/09/29 08:57:22.953, 0, 21790, 100
2026/09/29 08:57:23.953, 0, 21790, 100
2026/09/29 08:57:24.953, 0, 21790, 100
2026/09/29 08:57:25.954, 0, 21790, 100
2026/09/29 08:57:26.954, 0, 21790, 100
2026/09/29 08:57:27.954, 0, 21790, 100
2026/09/29 08:57:28.954, 0, 21790, 100
2026/09/29 08:57:29.954, 0, 21790, 100
2026/09/29 08:57:30.955, 0, 21790, 100
2026/09/29 08:57:31.955, 0, 21790, 99
2026/09/29 08:57:32.955, 0, 21790, 100
2026/09/29 08:57:33.955, 0, 21790, 100
2026/09/29 08:57:34.955, 0, 21790, 100
2026/09/29 08:57:35.955, 0, 21790, 100
2026/09/29 08:57:36.956, 0, 21790, 100
2026/09/29 08:57:37.956, 0, 21790, 100
2026/09/29 08:57:38.956, 0, 21790, 100
2026/09/29 08:57:39.956, 0, 21790, 100
2026/09/29 08:57:40.956, 0, 21790, 100
2026/09/29 08:57:41.957, 0, 21790, 100
2026/09/29 08:57:42.957, 0, 21790, 100
2026/09/29 08:57:43.957, 0, 21790, 100
2026/09/29 08:57:44.957, 0, 21790, 100
2026/09/29 08:57:45.957, 0, 21790, 100
2026/09/29 08:57:46.958, 0, 21790, 100
2026/09/29 08:57:47.958, 0, 21790, 100
2026/09/29 08:57:48.958, 0, 21790, 100
2026/09/29 08:57:49.958, 0, 21790, 100
2026/09/29 08:57:50.958, 0, 21790, 100
2026/09/29 08:57:51.959, 0, 21790, 100
2026/09/29 08:57:52.959, 0, 21790, 100
2026/09/29 08:57:53.959, 0, 21790, 100
2026/09/29 08:57:54.959, 0, 21790, 100
2026/09/29 08:57:55.959, 0, 21790, 100
2026/09/29 08:57:56.959, 0, 21790, 100
2026/09/29 08:57:57.960, 0, 21790, 100
2026/09/29 08:57:58.960, 0, 21790, 100
2026/09/29 08:57:59.960, 0, 21790, 100
2026/09/29 08:58:00.960, 0, 21790, 100
2026/09/29 08:58:01.960, 0, 21790, 100
2026/09/29 08:58:02.961, 0, 21790, 100
2026/09/29 08:58:03.961, 0, 21790, 100
2026/09/29 08:58:04.961, 0, 21790, 100
2026/09/29 08:58:05.961, 0, 21790, 100
2026/09/29 08:58:06.961, 0, 21790, 100
2026/09/29 08:58:07.962, 0, 21790, 100
2026/09/29 08:58:08.962, 0, 21790, 100
2026/09/29 08:58:09.962, 0, 21790, 100
2026/09/29 08:58:10.962, 0, 21790, 100
2026/09/29 08:58:11.962, 0, 21790, 100
2026/09/29 08:58:12.963, 0, 21790, 100
2026/09/29 08:58:13.963, 0, 21790, 100
2026/09/29 08:58:14.963, 0, 21790, 100
2026/09/29 08:58:15.963, 0, 21790, 100
2026/09/29 08:58:16.963, 0, 21790, 100
2026/09/29 08:58:17.964, 0, 21790, 100
2026/09/29 08:58:18.964, 0, 21790, 100
2026/09/29 08:58:19.964, 0, 21790, 100
2026/09/29 08:58:20.964, 0, 21790, 100
2026/09/29 08:58:21.964, 0, 21790, 99
2026/09/29 08:58:22.965, 0, 21790, 100
2026/09/29 08:58:23.965, 0, 21790, 100
2026/09/29 08:58:24.965, 0, 21790, 100
2026/09/29 08:58:25.965, 0, 21790, 99
2026/09/29 08:58:26.965, 0, 21790, 100
2026/09/29 08:58:27.966, 0, 21790, 100
2026/09/29 08:58:28.966, 0, 21790, 100
2026/09/29 08:58:29.966, 0, 21790, 100
2026/09/29 08:58:30.966, 0, 21790, 100
2026/09/29 08:58:31.966, 0, 21790, 100
2026/09/29 08:58:32.966, 0, 21790, 100
2026/09/29 08:58:33.967, 0, 21790, 100
2026/09/29 08:58:34.967, 0, 21790, 100
2026/09/29 08:58:35.967, 0, 21790, 100
2026/09/29 08:58:36.967, 0, 21790, 100
2026/09/29 08:58:37.967, 0, 21790, 100
2026/09/29 08:58:38.968, 0, 21790, 100
2026/09/29 08:58:39.968, 0, 21790, 100
2026/09/29 08:58:40.968, 0, 21790, 100
2026/09/29 08:58:41.968, 0, 21790, 100
2026/09/29 08:58:42.968, 0, 21790, 100
2026/09/29 08:58:43.969, 0, 21790, 100
2026/09/29 08:58:44.969, 0, 21790, 100
2026/09/29 08:58:45.969, 0, 21790, 100
2026/09/29 08:58:46.969, 0, 21790, 100
2026/09/29 08:58:47.969, 0, 21790, 100
2026/09/29 08:58:48.970, 0, 21790, 100
2026/09/29 08:58:49.970, 0, 21790, 100
2026/09/29 08:58:50.970, 0, 21790, 100
2026/09/29 08:58:51.970, 0, 21790, 99
2026/09/29 08:58:52.970, 0, 21790, 100
2026/09/29 08:58:53.971, 0, 21790, 100
2026/09/29 08:58:54.971, 0, 21790, 100
2026/09/29 08:58:55.971, 0, 21790, 100
2026/09/29 08:58:56.971, 0, 21790, 100
2026/09/29 08:58:57.971, 0, 21790, 100
2026/09/29 08:58:58.972, 0, 21790, 100
2026/09/29 08:58:59.972, 0, 21790, 100
2026/09/29 08:59:00.972, 0, 21790, 100
2026/09/29 08:59:01.972, 0, 21790, 99
2026/09/29 08:59:02.972, 0, 21790, 100
2026/09/29 08:59:03.973, 0, 21790, 100
2026/09/29 08:59:04.973, 0, 21790, 100
2026/09/29 08:59:05.973, 0, 21790, 100
2026/09/29 08:59:06.973, 0, 21790, 100
2026/09/29 08:59:07.973, 0, 21790, 100
2026/09/29 08:59:08.974, 0, 21790, 100
2026/09/29 08:59:09.974, 0, 21790, 100
2026/09/29 08:59:10.974, 0, 21790, 100
2026/09/29 08:59:11.974, 0, 21790, 100
2026/09/29 08:59:12.974, 0, 21790, 100
2026/09/29 08:59:13.975, 0, 21790, 100
2026/09/29 08:59:14.975, 0, 21790, 100
2026/09/29 08:59:15.975, 0, 21790, 100
2026/09/29 08:59:16.975, 0, 21790, 100
2026/09/29 08:59:17.975, 0, 21790, 100
2026/09/29 08:59:18.975, 0, 21790, 100
2026/09/29 08:59:19.976, 0, 21790, 100
2026/09/29 08:59:20.976, 0, 21790, 100
2026/09/29 08:59:21.976, 0, 21790, 100
2026/09/29 08:59:22.976, 0, 21790, 100
2026/09/29 08:59:23.976, 0, 21790, 100
2026/09/29 08:59:24.977, 0, 21790, 100
2026/09/29 08:59:25.977, 0, 21790, 100
2026/09/29 08:59:26.977, 0, 21790, 100
2026/09/29 08:59:27.977, 0, 21790, 100
2026/09/29 08:59:28.977, 0, 21790, 100
2026/09/29 08:59:29.978, 0, 21790, 100
2026/09/29 08:59:30.978, 0, 21790, 100
2026/09/29 08:59:31.978, 0, 21790, 100
2026/09/29 08:59:32.978, 0, 21790, 100
2026/09/29 08:59:33.978, 0, 21790, 100
2026/09/29 08:59:34.979, 0, 21790, 100
2026/09/29 08:59:35.979, 0, 21790, 100
2026/09/29 08:59:36.979, 0, 21790, 100
2026/09/29 08:59:37.979, 0, 21790, 100
2026/09/29 08:59:38.979, 0, 21790, 100
2026/09/29 08:59:39.980, 0, 21790, 100
2026/09/29 08:59:40.980, 0, 21790, 100
2026/09/29 08:59:41.980, 0, 21790, 100
2026/09/29 08:59:42.980, 0, 21790, 100
2026/09/29 08:59:43.980, 0, 21790, 100
2026/09/29 08:59:44.981, 0, 21790, 100
2026/09/29 08:59:45.981, 0, 21790, 100
2026/09/29 08:59:46.981, 0, 21790, 100
2026/09/29 08:59:47.981, 0, 21790, 100
2026/09/29 08:59:48.981, 0, 21790, 100
2026/09/29 08:59:49.982, 0, 21790, 100
2026/09/29 08:59:50.982, 0, 21790, 100
2026/09/29 08:59:51.982, 0, 21790, 100
2026/09/29 08:59:52.982, 0, 21790, 100
2026/09/29 08:59:53.982, 0, 21790, 100
2026/09/29 08:59:54.983, 0, 21790, 100
2026/09/29 08:59:55.983, 0, 21790, 100
2026/09/29 08:59:56.983, 0, 21790, 100
2026/09/29 08:59:57.983, 0, 21790, 100
2026/09/29 08:59:58.983, 0, 21790, 100
2026/09/29 08:59:59.984, 0, 21790, 100
2026/09/29 09:00:00.984, 0, 21790, 100
2026/09/29 09:00:01.984, 0, 21790, 100
2026/09/29 09:00:02.984, 0, 21790, 100
2026/09/29 09:00:03.984, 0, 21790, 100
2026/09/29 09:00:04.984, 0, 21790, 100
2026/09/29 09:00:05.985, 0, 21790, 100
2026/09/29 09:00:06.985, 0, 21790, 100
2026/09/29 09:00:07.985, 0, 21790, 100
2026/09/29 09:00:08.985, 0, 21790, 100
2026/09/29 09:00:09.985, 0, 21790, 99
2026/09/29 09:00:10.986, 0, 21790, 100
2026/09/29 09:00:11.986, 0, 21790, 100
2026/09/29 09:00:12.986, 0, 21790, 100
2026/09/29 09:00:13.986, 0, 21790, 100
2026/09/29 09:00:14.986, 0, 21790, 100
2026/09/29 09:00:15.987, 0, 21790, 100
2026/09/29 09:00:16.987, 0, 21790, 100
2026/09/29 09:00:17.987, 0, 21790, 100
2026/09/29 09:00:18.987, 0, 21790, 100
2026/09/29 09:00:19.987, 0, 21790, 100
2026/09/29 09:00:20.988, 0, 21790, 100
2026/09/29 09:00:21.988, 0, 21790, 100
2026/09/29 09:00:22.988, 0, 21790, 100
2026/09/29 09:00:23.988, 0, 21790, 100
2026/09/29 09:00:24.988, 0, 21790, 100
2026/09/29 09:00:25.989, 0, 21790, 100
2026/09/29 09:00:26.989, 0, 21790, 100
2026/09/29 09:00:27.989, 0, 21790, 100
2026/09/29 09:00:28.989, 0, 21790, 100
2026/09/29 09:00:29.989, 0, 21790, 100
2026/09/29 09:00:30.990, 0, 21790, 100
2026/09/29 09:00:31.990, 0, 21790, 100
2026/09/29 09:00:32.990, 0, 21790, 99
2026/09/29 09:00:33.990, 0, 21790, 100
2026/09/29 09:00:34.990, 0, 21790, 100
2026/09/29 09:00:35.990, 0, 21790, 100
2026/09/29 09:00:36.991, 0, 21790, 100
2026/09/29 09:00:37.991, 0, 21790, 100
2026/09/29 09:00:38.991, 0, 21790, 100
2026/09/29 09:00:39.991, 0, 21790, 100
2026/09/29 09:00:40.991, 0, 21790, 100
2026/09/29 09:00:41.992, 0, 21790, 100
2026/09/29 09:00:42.992, 0, 21790, 100
2026/09/29 09:00:43.992, 0, 21790, 100
2026/09/29 09:00:44.992, 0, 21790, 100
2026/09/29 09:00:45.992, 0, 21790, 100
2026/09/29 09:00:46.993, 0, 21790, 100
2026/09/29 09:00:47.993, 0, 21790, 100
2026/09/29 09:00:48.993, 0, 21790, 100
2026/09/29 09:00:49.993, 0, 21790, 100
2026/09/29 09:00:50.993, 0, 21790, 100
2026/09/29 09:00:51.994, 0, 21790, 100
2026/09/29 09:00:52.994, 0, 21790, 100
2026/09/29 09:00:53.994, 0, 21790, 100
2026/09/29 09:00:54.994, 0, 21790, 100
2026/09/29 09:00:55.994, 0, 21790, 100
2026/09/29 09:00:56.995, 0, 21790, 100
2026/09/29 09:00:57.995, 0, 21790, 100
2026/09/29 09:00:58.995, 0, 21790, 100
2026/09/29 09:00:59.995, 0, 21790, 100
2026/09/29 09:01:00.995, 0, 21790, 100
2026/09/29 09:01:01.996, 0, 21790, 100
2026/09/29 09:01:02.996, 0, 21790, 100
2026/09/29 09:01:03.996, 0, 21790, 100
2026/09/29 09:01:04.996, 0, 21790, 100
2026/09/29 09:01:05.996, 0, 21790, 100
2026/09/29 09:01:06.997, 0, 21790, 100
2026/09/29 09:01:07.997, 0, 21790, 96
2026/09/29 09:01:08.997, 0, 21790, 100
2026/09/29 09:01:09.997, 0, 21790, 100
2026/09/29 09:01:10.997, 0, 21790, 100
2026/09/29 09:01:11.998, 0, 21790, 100
2026/09/29 09:01:12.998, 0, 21790, 100
2026/09/29 09:01:13.998, 0, 21790, 100
2026/09/29 09:01:14.998, 0, 21790, 100
2026/09/29 09:01:15.998, 0, 21790, 100
2026/09/29 09:01:16.999, 0, 21790, 100
2026/09/29 09:01:17.999, 0, 21790, 100
2026/09/29 09:01:18.999, 0, 21790, 100
2026/09/29 09:01:19.999, 0, 21790, 100
2026/09/29 09:01:20.999, 0, 21790, 100
2026/09/29 09:01:21.999, 0, 21790, 100
2026/09/29 09:01:23.000, 0, 21790, 100
2026/09/29 09:01:24.000, 0, 21790, 100
2026/09/29 09:01:25.000, 0, 21790, 100
2026/09/29 09:01:26.000, 0, 21790, 100
2026/09/29 09:01:27.000, 0, 21790, 100
2026/09/29 09:01:28.001, 0, 21790, 100
2026/09/29 09:01:29.001, 0, 21790, 100
2026/09/29 09:01:30.001, 0, 21790, 100
2026/09/29 09:01:31.001, 0, 21790, 100
2026/09/29 09:01:32.001, 0, 21790, 100
2026/09/29 09:01:33.002, 0, 21790, 100
2026/09/29 09:01:34.002, 0, 21790, 100
2026/09/29 09:01:35.002, 0, 21790, 100
2026/09/29 09:01:36.002, 0, 21790, 100
2026/09/29 09:01:37.002, 0, 21790, 100
2026/09/29 09:01:38.003, 0, 21790, 100
2026/09/29 09:01:39.003, 0, 21790, 100
2026/09/29 09:01:40.003, 0, 21790, 100
2026/09/29 09:01:41.003, 0, 21790, 100
2026/09/29 09:01:42.003, 0, 21790, 100
2026/09/29 09:01:43.004, 0, 21790, 99
2026/09/29 09:01:44.004, 0, 21790, 100
2026/09/29 09:01:45.004, 0, 21790, 100
2026/09/29 09:01:46.004, 0, 21790, 100
2026/09/29 09:01:47.004, 0, 21790, 100
2026/09/29 09:01:48.004, 0, 21790, 100
2026/09/29 09:01:49.005, 0, 21790, 100
2026/09/29 09:01:50.005, 0, 21790, 100
2026/09/29 09:01:51.005, 0, 21790, 100
2026/09/29 09:01:52.005, 0, 21790, 100
2026/09/29 09:01:53.005, 0, 21790, 100
2026/09/29 09:01:54.006, 0, 21790, 100
2026/09/29 09:01:55.006, 0, 21790, 100
2026/09/29 09:01:56.006, 0, 21790, 100
2026/09/29 09:01:57.006, 0, 21790, 100
2026/09/29 09:01:58.006, 0, 21790, 100
2026/09/29 09:01:59.007, 0, 21790, 100
2026/09/29 09:02:00.007, 0, 21790, 100
2026/09/29 09:02:01.007, 0, 21790, 100
2026/09/29 09:02:02.007, 0, 21790, 100
2026/09/29 09:02:03.007, 0, 21790, 100
2026/09/29 09:02:04.008, 0, 21790, 100
2026/09/29 09:02:05.008, 0, 21790, 100
2026/09/29 09:02:06.008, 0, 21790, 100
2026/09/29 09:02:07.008, 0, 21790, 100
2026/09/29 09:02:08.008, 0, 21790, 100
2026/09/29 09:02:09.009, 0, 21790, 100
2026/09/29 09:02:10.009, 0, 21790, 100
2026/09/29 09:02:11.009, 0, 21790, 100
2026/09/29 09:02:12.009, 0, 21790, 100
2026/09/29 09:02:13.009, 0, 21790, 100
2026/09/29 09:02:14.010, 0, 21790, 100
2026/09/29 09:02:15.010, 0, 21790, 100
2026/09/29 09:02:16.010, 0, 21790, 100
2026/09/29 09:02:17.010, 0, 21790, 100
2026/09/29 09:02:18.011, 0, 21790, 100
2026/09/29 09:02:19.011, 0, 21790, 100
2026/09/29 09:02:20.011, 0, 21790, 100
2026/09/29 09:02:21.011, 0, 21790, 100
2026/09/29 09:02:22.011, 0, 21790, 100
2026/09/29 09:02:23.011, 0, 21790, 100
2026/09/29 09:02:24.012, 0, 21790, 100
2026/09/29 09:02:25.012, 0, 21790, 100
2026/09/29 09:02:26.012, 0, 21790, 100
2026/09/29 09:02:27.012, 0, 21790, 100
2026/09/29 09:02:28.012, 0, 21790, 100
2026/09/29 09:02:29.013, 0, 21790, 100
2026/09/29 09:02:30.013, 0, 21790, 100
2026/09/29 09:02:31.013, 0, 21790, 100
2026/09/29 09:02:32.013, 0, 21790, 100
2026/09/29 09:02:33.013, 0, 21790, 100
2026/09/29 09:02:34.014, 0, 21790, 100
2026/09/29 09:02:35.014, 0, 21790, 100
2026/09/29 09:02:36.014, 0, 21790, 100
2026/09/29 09:02:37.014, 0, 21790, 100
2026/09/29 09:02:38.014, 0, 21790, 100
2026/09/29 09:02:39.014, 0, 21790, 100
2026/09/29 09:02:40.015, 0, 21790, 100
2026/09/29 09:02:41.015, 0, 21790, 100
2026/09/29 09:02:42.015, 0, 21790, 100
2026/09/29 09:02:43.015, 0, 21790, 100
2026/09/29 09:02:44.015, 0, 21790, 100
2026/09/29 09:02:45.016, 0, 21790, 100
2026/09/29 09:02:46.016, 0, 21790, 100
2026/09/29 09:02:47.016, 0, 21790, 100
2026/09/29 09:02:48.016, 0, 21790, 100
2026/09/29 09:02:49.016, 0, 21790, 100
2026/09/29 09:02:50.017, 0, 21790, 100
2026/09/29 09:02:51.017, 0, 21790, 100
2026/09/29 09:02:52.017, 0, 21790, 100
2026/09/29 09:02:53.017, 0, 21790, 100
2026/09/29 09:02:54.017, 0, 21790, 100
2026/09/29 09:02:55.018, 0, 21790, 100
2026/09/29 09:02:56.018, 0, 21790, 99
2026/09/29 09:02:57.018, 0, 21790, 100
2026/09/29 09:02:58.018, 0, 21790, 100
2026/09/29 09:02:59.018, 0, 21790, 100
2026/09/29 09:03:00.019, 0, 21790, 100
2026/09/29 09:03:01.019, 0, 21790, 100
2026/09/29 09:03:02.019, 0, 21790, 100
2026/09/29 09:03:03.019, 0, 21790, 100
2026/09/29 09:03:04.019, 0, 21790, 100
2026/09/29 09:03:05.020, 0, 21790, 100
2026/09/29 09:03:06.020, 0, 21790, 100
2026/09/29 09:03:07.020, 0, 21790, 100
2026/09/29 09:03:08.020, 0, 21790, 100
2026/09/29 09:03:09.020, 0, 21790, 100
2026/09/29 09:03:10.021, 0, 21790, 100
2026/09/29 09:03:11.021, 0, 21790, 100
2026/09/29 09:03:12.021, 0, 21790, 100
2026/09/29 09:03:13.021, 0, 21790, 100
2026/09/29 09:03:14.021, 0, 21790, 100
2026/09/29 09:03:15.021, 0, 21790, 100
2026/09/29 09:03:16.022, 0, 21790, 100
2026/09/29 09:03:17.022, 0, 21790, 100
2026/09/29 09:03:18.022, 0, 21790, 100
2026/09/29 09:03:19.022, 0, 21790, 100
2026/09/29 09:03:20.022, 0, 21790, 99
2026/09/29 09:03:21.023, 0, 21790, 100
2026/09/29 09:03:22.023, 0, 21790, 100
2026/09/29 09:03:23.023, 0, 21790, 100
2026/09/29 09:03:24.023, 0, 21790, 100
2026/09/29 09:03:25.023, 0, 21790, 100
2026/09/29 09:03:26.024, 0, 21790, 100
2026/09/29 09:03:27.024, 0, 21790, 99
2026/09/29 09:03:28.024, 0, 21790, 100
2026/09/29 09:03:29.024, 0, 21790, 100
2026/09/29 09:03:30.024, 0, 21790, 100
2026/09/29 09:03:31.025, 0, 21790, 100
2026/09/29 09:03:32.025, 0, 21790, 100
2026/09/29 09:03:33.025, 0, 21790, 100
2026/09/29 09:03:34.025, 0, 21790, 99
2026/09/29 09:03:35.025, 0, 21790, 100
2026/09/29 09:03:36.025, 0, 21790, 100
2026/09/29 09:03:37.026, 0, 21790, 100
2026/09/29 09:03:38.027, 0, 21790, 100
2026/09/29 09:03:39.027, 0, 21790, 100
2026/09/29 09:03:40.027, 0, 21790, 100
2026/09/29 09:03:41.027, 0, 21790, 98
2026/09/29 09:03:42.027, 0, 21790, 100
2026/09/29 09:03:43.028, 0, 21790, 100
2026/09/29 09:03:44.028, 0, 21790, 99
2026/09/29 09:03:45.028, 0, 21790, 100
2026/09/29 09:03:46.028, 0, 21790, 100
2026/09/29 09:03:47.028, 0, 21790, 100
2026/09/29 09:03:48.029, 0, 21790, 100
2026/09/29 09:03:49.029, 0, 21790, 100
2026/09/29 09:03:50.029, 0, 21790, 100
2026/09/29 09:03:51.029, 0, 21790, 100
2026/09/29 09:03:52.029, 0, 21790, 100
2026/09/29 09:03:53.030, 0, 21790, 100
2026/09/29 09:03:54.030, 0, 21790, 99
2026/09/29 09:03:55.030, 0, 21790, 100
2026/09/29 09:03:56.030, 0, 21790, 100
2026/09/29 09:03:57.030, 0, 21790, 100
2026/09/29 09:03:58.031, 0, 21790, 99
2026/09/29 09:03:59.031, 0, 21790, 100
2026/09/29 09:04:00.031, 0, 21790, 100
2026/09/29 09:04:01.031, 0, 21790, 100
2026/09/29 09:04:02.031, 0, 21790, 100
2026/09/29 09:04:03.031, 0, 21790, 100
2026/09/29 09:04:04.032, 0, 21790, 100
2026/09/29 09:04:05.032, 0, 21790, 100
2026/09/29 09:04:06.032, 0, 21790, 100
2026/09/29 09:04:07.032, 0, 21790, 100
2026/09/29 09:04:08.032, 0, 21790, 100
2026/09/29 09:04:09.033, 0, 21790, 100
2026/09/29 09:04:10.033, 0, 21790, 100
2026/09/29 09:04:11.033, 0, 21790, 100
2026/09/29 09:04:12.033, 0, 21790, 100
2026/09/29 09:04:13.033, 0, 21790, 100
2026/09/29 09:04:14.034, 0, 21790, 100
2026/09/29 09:04:15.034, 0, 21790, 100
2026/09/29 09:04:16.034, 0, 21790, 100
2026/09/29 09:04:17.034, 0, 21790, 100
2026/09/29 09:04:18.034, 0, 21790, 100
2026/09/29 09:04:19.034, 0, 21790, 100
2026/09/29 09:04:20.035, 0, 21790, 100
2026/09/29 09:04:21.035, 0, 21790, 99
2026/09/29 09:04:22.035, 0, 21790, 100
2026/09/29 09:04:23.035, 0, 21790, 100
2026/09/29 09:04:24.035, 0, 21790, 100
2026/09/29 09:04:25.036, 0, 21790, 100
2026/09/29 09:04:26.036, 0, 21790, 100
2026/09/29 09:04:27.036, 0, 21790, 100
2026/09/29 09:04:28.036, 0, 21790, 99
2026/09/29 09:04:29.036, 0, 21790, 100
2026/09/29 09:04:30.037, 0, 21790, 100
2026/09/29 09:04:31.037, 0, 21790, 100
2026/09/29 09:04:32.037, 0, 21790, 100
2026/09/29 09:04:33.037, 0, 21790, 100
2026/09/29 09:04:34.037, 0, 21790, 100
2026/09/29 09:04:35.038, 0, 21790, 100
2026/09/29 09:04:36.038, 0, 21790, 100
2026/09/29 09:04:37.038, 0, 21790, 100
2026/09/29 09:04:38.038, 0, 21790, 100
2026/09/29 09:04:39.038, 0, 21790, 100
2026/09/29 09:04:40.039, 0, 21790, 100
2026/09/29 09:04:41.039, 0, 21790, 100
2026/09/29 09:04:42.039, 0, 21790, 100
2026/09/29 09:04:43.039, 0, 21790, 100
2026/09/29 09:04:44.039, 0, 21790, 93
2026/09/29 09:04:45.040, 0, 21790, 100
2026/09/29 09:04:46.040, 0, 21790, 100
2026/09/29 09:04:47.040, 0, 21790, 100
2026/09/29 09:04:48.040, 0, 21790, 100
2026/09/29 09:04:49.040, 0, 21790, 100
2026/09/29 09:04:50.040, 0, 21790, 100
2026/09/29 09:04:51.041, 0, 21790, 100
2026/09/29 09:04:52.041, 0, 21790, 100
2026/09/29 09:04:53.041, 0, 21790, 100
2026/09/29 09:04:54.041, 0, 21790, 100
2026/09/29 09:04:55.041, 0, 21790, 100
2026/09/29 09:04:56.042, 0, 21790, 100
2026/09/29 09:04:57.042, 0, 21790, 100
2026/09/29 09:04:58.042, 0, 21790, 100
2026/09/29 09:04:59.042, 0, 21790, 100
2026/09/29 09:05:00.042, 0, 21790, 100
2026/09/29 09:05:01.043, 0, 21790, 99
2026/09/29 09:05:02.043, 0, 21790, 100
2026/09/29 09:05:03.043, 0, 21790, 100
2026/09/29 09:05:04.043, 0, 21790, 100
2026/09/29 09:05:05.043, 0, 21790, 100
2026/09/29 09:05:06.044, 0, 21790, 100
2026/09/29 09:05:07.044, 0, 21790, 100
2026/09/29 09:05:08.044, 0, 21790, 100
2026/09/29 09:05:09.044, 0, 21790, 100
2026/09/29 09:05:10.044, 0, 21790, 100
2026/09/29 09:05:11.045, 0, 21790, 100
2026/09/29 09:05:12.045, 0, 21790, 100
2026/09/29 09:05:13.045, 0, 21790, 100
2026/09/29 09:05:14.045, 0, 21790, 100
2026/09/29 09:05:15.045, 0, 21790, 100
2026/09/29 09:05:16.046, 0, 21790, 100
2026/09/29 09:05:17.046, 0, 21790, 100
2026/09/29 09:05:18.046, 0, 21790, 100
2026/09/29 09:05:19.046, 0, 21790, 100
2026/09/29 09:05:20.046, 0, 21790, 100
2026/09/29 09:05:21.046, 0, 21790, 100
2026/09/29 09:05:22.047, 0, 21790, 100
2026/09/29 09:05:23.047, 0, 21790, 100
2026/09/29 09:05:24.047, 0, 21790, 100
2026/09/29 09:05:25.047, 0, 21790, 100
2026/09/29 09:05:26.047, 0, 21790, 100
2026/09/29 09:05:27.048, 0, 21790, 100
2026/09/29 09:05:28.048, 0, 21790, 100
2026/09/29 09:05:29.048, 0, 21790, 100
2026/09/29 09:05:30.048, 0, 21790, 100
2026/09/29 09:05:31.048, 0, 21790, 100
2026/09/29 09:05:32.049, 0, 21790, 100
2026/09/29 09:05:33.049, 0, 21790, 100
2026/09/29 09:05:34.049, 0, 21790, 100
2026/09/29 09:05:35.049, 0, 21790, 100
2026/09/29 09:05:36.049, 0, 21790, 100
2026/09/29 09:05:37.050, 0, 21790, 100
2026/09/29 09:05:38.050, 0, 21790, 100
2026/09/29 09:05:39.050, 0, 21790, 100
2026/09/29 09:05:40.050, 0, 21790, 100
2026/09/29 09:05:41.050, 0, 21790, 100
2026/09/29 09:05:42.050, 0, 21790, 100
2026/09/29 09:05:43.051, 0, 21790, 100
2026/09/29 09:05:44.051, 0, 21790, 100
2026/09/29 09:05:45.051, 0, 21790, 100
2026/09/29 09:05:46.051, 0, 21790, 100
2026/09/29 09:05:47.051, 0, 21790, 100
2026/09/29 09:05:48.052, 0, 21790, 100
2026/09/29 09:05:49.052, 0, 21790, 100
2026/09/29 09:05:50.052, 0, 21790, 100
2026/09/29 09:05:51.052, 0, 21790, 100
2026/09/29 09:05:52.052, 0, 21790, 100
2026/09/29 09:05:53.053, 0, 21790, 100
2026/09/29 09:05:54.053, 0, 21790, 100
2026/09/29 09:05:55.053, 0, 21790, 100
2026/09/29 09:05:56.053, 0, 21790, 100
2026/09/29 09:05:57.053, 0, 21790, 100
2026/09/29 09:05:58.053, 0, 21790, 100
2026/09/29 09:05:59.054, 0, 21790, 100
2026/09/29 09:06:00.054, 0, 21790, 100
2026/09/29 09:06:01.054, 0, 21790, 100
2026/09/29 09:06:02.054, 0, 21790, 100
2026/09/29 09:06:03.054, 0, 21790, 100
2026/09/29 09:06:04.055, 0, 21790, 100
2026/09/29 09:06:05.055, 0, 21790, 100
2026/09/29 09:06:06.055, 0, 21790, 100
2026/09/29 09:06:07.055, 0, 21790, 100
2026/09/29 09:06:08.055, 0, 21790, 100
2026/09/29 09:06:09.056, 0, 21790, 100
2026/09/29 09:06:10.056, 0, 21870, 100
2026/09/29 09:06:11.056, 0, 22770, 100
2026/09/29 09:06:12.056, 0, 22890, 100
2026/09/29 09:06:13.056, 0, 22890, 100
2026/09/29 09:06:14.057, 0, 22890, 100
2026/09/29 09:06:15.057, 0, 14748, 67
2026/09/29 09:06:16.057, 0, 18910, 100
2026/09/29 09:06:17.057, 0, 18910, 100
2026/09/29 09:06:18.057, 0, 21870, 97
2026/09/29 09:06:19.058, 0, 21870, 100
2026/09/29 09:06:20.058, 0, 21870, 100
2026/09/29 09:06:21.058, 0, 21870, 100
2026/09/29 09:06:22.058, 0, 21870, 100
2026/09/29 09:06:23.058, 0, 21870, 100
2026/09/29 09:06:24.059, 0, 21870, 100
2026/09/29 09:06:25.059, 0, 21870, 100
2026/09/29 09:06:26.059, 0, 21870, 100
2026/09/29 09:06:27.059, 0, 21870, 100
2026/09/29 09:06:28.059, 0, 21870, 100
2026/09/29 09:06:29.060, 0, 21870, 100
2026/09/29 09:06:30.060, 0, 21870, 100
2026/09/29 09:06:31.060, 0, 21870, 100
2026/09/29 09:06:32.060, 0, 21870, 100
2026/09/29 09:06:33.060, 0, 21870, 100
2026/09/29 09:06:34.060, 0, 21870, 100
2026/09/29 09:06:35.061, 0, 21870, 100
2026/09/29 09:06:36.061, 0, 21870, 100
2026/09/29 09:06:37.061, 0, 21870, 100
2026/09/29 09:06:38.061, 0, 21870, 100
2026/09/29 09:06:39.061, 0, 21870, 100
2026/09/29 09:06:40.062, 0, 21870, 100
2026/09/29 09:06:41.062, 0, 21870, 100
2026/09/29 09:06:42.062, 0, 21870, 100
2026/09/29 09:06:43.062, 0, 21870, 100
2026/09/29 09:06:44.062, 0, 21870, 100
2026/09/29 09:06:45.063, 0, 21870, 100
2026/09/29 09:06:46.063, 0, 21870, 100
2026/09/29 09:06:47.063, 0, 21870, 100
2026/09/29 09:06:48.063, 0, 21870, 100
2026/09/29 09:06:49.063, 0, 21870, 100
2026/09/29 09:06:50.064, 0, 21870, 100
2026/09/29 09:06:51.064, 0, 21870, 100
2026/09/29 09:06:52.064, 0, 21870, 100
2026/09/29 09:06:53.064, 0, 21870, 100
2026/09/29 09:06:54.064, 0, 21870, 100
2026/09/29 09:06:55.065, 0, 21870, 100
2026/09/29 09:06:56.065, 0, 21870, 100
2026/09/29 09:06:57.065, 0, 21870, 100
2026/09/29 09:06:58.065, 0, 21870, 100
2026/09/29 09:06:59.065, 0, 21870, 100
2026/09/29 09:07:00.066, 0, 21870, 100
2026/09/29 09:07:01.066, 0, 21870, 100
2026/09/29 09:07:02.066, 0, 21870, 100
2026/09/29 09:07:03.066, 0, 21870, 100
2026/09/29 09:07:04.066, 0, 21870, 100
2026/09/29 09:07:05.067, 0, 21870, 100
2026/09/29 09:07:06.067, 0, 21870, 100
2026/09/29 09:07:07.067, 0, 21870, 100
2026/09/29 09:07:08.067, 0, 21870, 100
2026/09/29 09:07:09.067, 0, 21870, 100
2026/09/29 09:07:10.067, 0, 21870, 100
2026/09/29 09:07:11.068, 0, 21870, 100
2026/09/29 09:07:12.068, 0, 21870, 99
2026/09/29 09:07:13.068, 0, 21870, 100
2026/09/29 09:07:14.068, 0, 21870, 100
2026/09/29 09:07:15.068, 0, 21870, 100
2026/09/29 09:07:16.069, 0, 21870, 100
2026/09/29 09:07:17.069, 0, 21870, 100
2026/09/29 09:07:18.069, 0, 21870, 100
2026/09/29 09:07:19.069, 0, 21870, 100
2026/09/29 09:07:20.069, 0, 21870, 100
2026/09/29 09:07:21.070, 0, 21870, 100
2026/09/29 09:07:22.070, 0, 21870, 100
2026/09/29 09:07:23.070, 0, 21870, 100
2026/09/29 09:07:24.070, 0, 21870, 100
2026/09/29 09:07:25.070, 0, 21870, 100
2026/09/29 09:07:26.071, 0, 21870, 100
2026/09/29 09:07:27.071, 0, 21870, 100
2026/09/29 09:07:28.071, 0, 21870, 100
2026/09/29 09:07:29.071, 0, 21870, 100
2026/09/29 09:07:30.071, 0, 21870, 100
2026/09/29 09:07:31.071, 0, 21870, 100
2026/09/29 09:07:32.072, 0, 21870, 100
2026/09/29 09:07:33.072, 0, 21870, 100
2026/09/29 09:07:34.072, 0, 21870, 100
2026/09/29 09:07:35.072, 0, 21870, 100
2026/09/29 09:07:36.072, 0, 21870, 100
2026/09/29 09:07:37.073, 0, 21870, 100
2026/09/29 09:07:38.073, 0, 21870, 100
2026/09/29 09:07:39.073, 0, 21870, 100
2026/09/29 09:07:40.073, 0, 21870, 100
2026/09/29 09:07:41.073, 0, 21870, 100
2026/09/29 09:07:42.074, 0, 21870, 100
2026/09/29 09:07:43.074, 0, 21870, 100
2026/09/29 09:07:44.074, 0, 21870, 100
2026/09/29 09:07:45.074, 0, 21870, 100
2026/09/29 09:07:46.074, 0, 21870, 100
2026/09/29 09:07:47.075, 0, 21870, 100
2026/09/29 09:07:48.075, 0, 21870, 100
2026/09/29 09:07:49.075, 0, 21870, 100
2026/09/29 09:07:50.075, 0, 21870, 100
2026/09/29 09:07:51.075, 0, 21870, 100
2026/09/29 09:07:52.075, 0, 21870, 100
2026/09/29 09:07:53.076, 0, 21870, 100
2026/09/29 09:07:54.076, 0, 21870, 100
2026/09/29 09:07:55.076, 0, 21870, 100
2026/09/29 09:07:56.076, 0, 21870, 100
2026/09/29 09:07:57.076, 0, 21870, 100
2026/09/29 09:07:58.077, 0, 21870, 100
2026/09/29 09:07:59.077, 0, 21870, 100
2026/09/29 09:08:00.077, 0, 21870, 99
2026/09/29 09:08:01.077, 0, 21870, 100
2026/09/29 09:08:02.077, 0, 21870, 100
2026/09/29 09:08:03.078, 0, 21870, 100
2026/09/29 09:08:04.078, 0, 21870, 100
2026/09/29 09:08:05.078, 0, 21870, 100
2026/09/29 09:08:06.078, 0, 21870, 95
2026/09/29 09:08:07.078, 0, 21870, 100
2026/09/29 09:08:08.079, 0, 21870, 100
2026/09/29 09:08:09.079, 0, 21870, 100
2026/09/29 09:08:10.079, 0, 21870, 100
2026/09/29 09:08:11.079, 0, 21870, 100
2026/09/29 09:08:12.079, 0, 21870, 100
2026/09/29 09:08:13.080, 0, 21870, 100
2026/09/29 09:08:14.080, 0, 21870, 100
2026/09/29 09:08:15.080, 0, 21870, 100
2026/09/29 09:08:16.080, 0, 21870, 100
2026/09/29 09:08:17.080, 0, 21870, 100
2026/09/29 09:08:18.081, 0, 21870, 100
2026/09/29 09:08:19.081, 0, 21870, 100
2026/09/29 09:08:20.081, 0, 21870, 100
2026/09/29 09:08:21.081, 0, 21870, 100
2026/09/29 09:08:22.081, 0, 21870, 100
2026/09/29 09:08:23.081, 0, 21870, 100
2026/09/29 09:08:24.082, 0, 21870, 100
2026/09/29 09:08:25.082, 0, 21870, 100
2026/09/29 09:08:26.082, 0, 21870, 100
2026/09/29 09:08:27.082, 0, 21870, 100
2026/09/29 09:08:28.082, 0, 21870, 100
2026/09/29 09:08:29.083, 0, 21870, 100
2026/09/29 09:08:30.083, 0, 21870, 99
2026/09/29 09:08:31.083, 0, 21870, 100
2026/09/29 09:08:32.083, 0, 21870, 100
2026/09/29 09:08:33.083, 0, 21870, 100
2026/09/29 09:08:34.084, 0, 21870, 100
2026/09/29 09:08:35.084, 0, 21870, 100
2026/09/29 09:08:36.084, 0, 21870, 100
2026/09/29 09:08:37.084, 0, 21870, 100
2026/09/29 09:08:38.084, 0, 21870, 100
2026/09/29 09:08:39.085, 0, 21870, 100
2026/09/29 09:08:40.085, 0, 21870, 100
2026/09/29 09:08:41.085, 0, 21870, 100
2026/09/29 09:08:42.085, 0, 21870, 100
2026/09/29 09:08:43.085, 0, 21870, 100
2026/09/29 09:08:44.085, 0, 21870, 100
2026/09/29 09:08:45.086, 0, 21870, 100
2026/09/29 09:08:46.086, 0, 21870, 100
2026/09/29 09:08:47.086, 0, 21870, 100
2026/09/29 09:08:48.086, 0, 21870, 100
2026/09/29 09:08:49.086, 0, 21870, 100
2026/09/29 09:08:50.087, 0, 21870, 100
2026/09/29 09:08:51.087, 0, 21870, 100
2026/09/29 09:08:52.087, 0, 21870, 100
2026/09/29 09:08:53.087, 0, 21870, 100
2026/09/29 09:08:54.087, 0, 21870, 100
2026/09/29 09:08:55.088, 0, 21870, 100
2026/09/29 09:08:56.088, 0, 21870, 100
2026/09/29 09:08:57.088, 0, 21870, 99
2026/09/29 09:08:58.088, 0, 21870, 100
2026/09/29 09:08:59.088, 0, 21870, 100
2026/09/29 09:09:00.089, 0, 21870, 99
2026/09/29 09:09:01.089, 0, 21870, 100
2026/09/29 09:09:02.089, 0, 21870, 100
2026/09/29 09:09:03.089, 0, 21870, 100
2026/09/29 09:09:04.089, 0, 21870, 100
2026/09/29 09:09:05.089, 0, 21870, 100
2026/09/29 09:09:06.090, 0, 21870, 100
2026/09/29 09:09:07.090, 0, 21870, 100
2026/09/29 09:09:08.090, 0, 21870, 100
2026/09/29 09:09:09.090, 0, 21870, 100
2026/09/29 09:09:10.090, 0, 21870, 99
2026/09/29 09:09:11.091, 0, 21870, 100
2026/09/29 09:09:12.091, 0, 21870, 100
2026/09/29 09:09:13.091, 0, 21870, 100
2026/09/29 09:09:14.091, 0, 21870, 100
2026/09/29 09:09:15.091, 0, 21870, 100
2026/09/29 09:09:16.092, 0, 21870, 100
2026/09/29 09:09:17.092, 0, 21870, 100
2026/09/29 09:09:18.092, 0, 21870, 100
2026/09/29 09:09:19.092, 0, 21870, 100
2026/09/29 09:09:20.092, 0, 21870, 100
2026/09/29 09:09:21.093, 0, 21870, 100
2026/09/29 09:09:22.093, 0, 21870, 100
2026/09/29 09:09:23.093, 0, 21870, 100
2026/09/29 09:09:24.093, 0, 21870, 100
2026/09/29 09:09:25.093, 0, 21870, 100
2026/09/29 09:09:26.093, 0, 21870, 100
2026/09/29 09:09:27.094, 0, 21870, 100
2026/09/29 09:09:28.094, 0, 21870, 100
2026/09/29 09:09:29.094, 0, 21870, 100
2026/09/29 09:09:30.094, 0, 21870, 100
2026/09/29 09:09:31.094, 0, 21870, 100
2026/09/29 09:09:32.095, 0, 21870, 100
2026/09/29 09:09:33.095, 0, 21870, 100
2026/09/29 09:09:34.095, 0, 21870, 100
2026/09/29 09:09:35.095, 0, 21870, 100
2026/09/29 09:09:36.095, 0, 21870, 100
2026/09/29 09:09:37.096, 0, 21870, 100
2026/09/29 09:09:38.096, 0, 21870, 100
2026/09/29 09:09:39.096, 0, 21870, 100
2026/09/29 09:09:40.096, 0, 21870, 100
2026/09/29 09:09:41.096, 0, 21870, 100
2026/09/29 09:09:42.097, 0, 21870, 100
2026/09/29 09:09:43.097, 0, 21870, 100
2026/09/29 09:09:44.097, 0, 21870, 100
2026/09/29 09:09:45.097, 0, 21870, 100
2026/09/29 09:09:46.097, 0, 21870, 100
2026/09/29 09:09:47.098, 0, 21870, 100
2026/09/29 09:09:48.098, 0, 21870, 100
2026/09/29 09:09:49.098, 0, 21870, 100
2026/09/29 09:09:50.098, 0, 21870, 100
2026/09/29 09:09:51.098, 0, 21870, 100
2026/09/29 09:09:52.099, 0, 21870, 100
2026/09/29 09:09:53.099, 0, 21870, 100
2026/09/29 09:09:54.099, 0, 21870, 95
2026/09/29 09:09:55.099, 0, 21870, 100
2026/09/29 09:09:56.099, 0, 21870, 100
2026/09/29 09:09:57.099, 0, 21870, 100
2026/09/29 09:09:58.100, 0, 21870, 100
2026/09/29 09:09:59.100, 0, 21870, 100
2026/09/29 09:10:00.100, 0, 21870, 100
2026/09/29 09:10:01.100, 0, 21870, 100
2026/09/29 09:10:02.100, 0, 21870, 100
2026/09/29 09:10:03.101, 0, 21870, 100
2026/09/29 09:10:04.101, 0, 21870, 100
2026/09/29 09:10:05.101, 0, 21870, 100
2026/09/29 09:10:06.101, 0, 21870, 100
2026/09/29 09:10:07.101, 0, 21870, 100
2026/09/29 09:10:08.102, 0, 21870, 100
2026/09/29 09:10:09.102, 0, 21870, 100
2026/09/29 09:10:10.102, 0, 21870, 100
2026/09/29 09:10:11.102, 0, 21870, 100
2026/09/29 09:10:12.102, 0, 21870, 100
2026/09/29 09:10:13.103, 0, 21870, 100
2026/09/29 09:10:14.103, 0, 21870, 100
2026/09/29 09:10:15.103, 0, 21870, 100
2026/09/29 09:10:16.103, 0, 21870, 100
2026/09/29 09:10:17.103, 0, 21870, 100
2026/09/29 09:10:18.104, 0, 21870, 100
2026/09/29 09:10:19.104, 0, 21870, 100
2026/09/29 09:10:20.104, 0, 21870, 100
2026/09/29 09:10:21.104, 0, 21870, 98
2026/09/29 09:10:22.104, 0, 21870, 100
2026/09/29 09:10:23.105, 0, 21870, 100
2026/09/29 09:10:24.105, 0, 21870, 99
2026/09/29 09:10:25.105, 0, 21870, 100
2026/09/29 09:10:26.105, 0, 21870, 100
2026/09/29 09:10:27.105, 0, 21870, 100
2026/09/29 09:10:28.105, 0, 21870, 100
2026/09/29 09:10:29.106, 0, 21870, 100
2026/09/29 09:10:30.106, 0, 21870, 100
2026/09/29 09:10:31.106, 0, 21870, 100
2026/09/29 09:10:32.106, 0, 21870, 100
2026/09/29 09:10:33.106, 0, 21870, 100
2026/09/29 09:10:34.107, 0, 21870, 100
2026/09/29 09:10:35.107, 0, 21870, 100
2026/09/29 09:10:36.107, 0, 21870, 100
2026/09/29 09:10:37.107, 0, 21870, 100
2026/09/29 09:10:38.107, 0, 21870, 100
2026/09/29 09:10:39.108, 0, 21870, 100
2026/09/29 09:10:40.108, 0, 21870, 100
2026/09/29 09:10:41.108, 0, 21870, 100
2026/09/29 09:10:42.108, 0, 21870, 99
2026/09/29 09:10:43.108, 0, 21870, 100
2026/09/29 09:10:44.109, 0, 21870, 100
2026/09/29 09:10:45.109, 0, 21870, 100
2026/09/29 09:10:46.109, 0, 21870, 100
2026/09/29 09:10:47.109, 0, 21870, 100
2026/09/29 09:10:48.109, 0, 21870, 100
2026/09/29 09:10:49.109, 0, 21870, 100
2026/09/29 09:10:50.110, 0, 21870, 100
2026/09/29 09:10:51.110, 0, 21870, 100
2026/09/29 09:10:52.110, 0, 21870, 100
2026/09/29 09:10:53.110, 0, 21870, 100
2026/09/29 09:10:54.110, 0, 21870, 100
2026/09/29 09:10:55.111, 0, 21870, 100
2026/09/29 09:10:56.111, 0, 21870, 100
2026/09/29 09:10:57.111, 0, 21870, 100
2026/09/29 09:10:58.111, 0, 21870, 100
2026/09/29 09:10:59.111, 0, 21870, 100
2026/09/29 09:11:00.112, 0, 21870, 100
2026/09/29 09:11:01.112, 0, 21870, 100
2026/09/29 09:11:02.112, 0, 21870, 100
2026/09/29 09:11:03.112, 0, 21870, 100
2026/09/29 09:11:04.112, 0, 21870, 100
2026/09/29 09:11:05.112, 0, 21870, 100
2026/09/29 09:11:06.113, 0, 21870, 100
2026/09/29 09:11:07.113, 0, 21870, 100
2026/09/29 09:11:08.113, 0, 21870, 100
2026/09/29 09:11:09.113, 0, 21870, 100
2026/09/29 09:11:10.113, 0, 21870, 100
2026/09/29 09:11:11.114, 0, 21870, 100
2026/09/29 09:11:12.114, 0, 21870, 100
2026/09/29 09:11:13.114, 0, 21870, 99
2026/09/29 09:11:14.114, 0, 21870, 100
2026/09/29 09:11:15.114, 0, 21870, 100
2026/09/29 09:11:16.115, 0, 21870, 100
2026/09/29 09:11:17.115, 0, 21870, 100
2026/09/29 09:11:18.115, 0, 21870, 100
2026/09/29 09:11:19.115, 0, 21870, 100
2026/09/29 09:11:20.115, 0, 21870, 99
2026/09/29 09:11:21.116, 0, 21870, 100
2026/09/29 09:11:22.116, 0, 21870, 100
2026/09/29 09:11:23.116, 0, 21870, 100
2026/09/29 09:11:24.116, 0, 21870, 100
2026/09/29 09:11:25.117, 0, 21870, 100
2026/09/29 09:11:26.117, 0, 21870, 100
2026/09/29 09:11:27.117, 0, 21870, 100
2026/09/29 09:11:28.117, 0, 21870, 100
2026/09/29 09:11:29.117, 0, 21870, 100
2026/09/29 09:11:30.117, 0, 21870, 100
2026/09/29 09:11:31.118, 0, 21870, 100
2026/09/29 09:11:32.118, 0, 21870, 100
2026/09/29 09:11:33.118, 0, 21870, 100
2026/09/29 09:11:34.118, 0, 21870, 100
2026/09/29 09:11:35.118, 0, 21870, 100
2026/09/29 09:11:36.119, 0, 21870, 100
2026/09/29 09:11:37.119, 0, 21870, 100
2026/09/29 09:11:38.119, 0, 21870, 100
2026/09/29 09:11:39.119, 0, 21870, 100
2026/09/29 09:11:40.119, 0, 21870, 100
2026/09/29 09:11:41.120, 0, 21870, 100
2026/09/29 09:11:42.120, 0, 21870, 100
2026/09/29 09:11:43.120, 0, 21870, 100
2026/09/29 09:11:44.120, 0, 21870, 100
2026/09/29 09:11:45.120, 0, 21870, 100
2026/09/29 09:11:46.120, 0, 21870, 100
2026/09/29 09:11:47.121, 0, 21870, 100
2026/09/29 09:11:48.121, 0, 21870, 100
2026/09/29 09:11:49.121, 0, 21870, 100
2026/09/29 09:11:50.121, 0, 21870, 100
2026/09/29 09:11:51.121, 0, 21870, 100
2026/09/29 09:11:52.122, 0, 21870, 100
2026/09/29 09:11:53.122, 0, 21870, 100
2026/09/29 09:11:54.122, 0, 21870, 100
2026/09/29 09:11:55.122, 0, 21870, 100
2026/09/29 09:11:56.122, 0, 21870, 100
2026/09/29 09:11:57.123, 0, 21870, 100
2026/09/29 09:11:58.123, 0, 21870, 100
2026/09/29 09:11:59.123, 0, 21870, 100
2026/09/29 09:12:00.123, 0, 21870, 99
2026/09/29 09:12:01.123, 0, 21870, 100
2026/09/29 09:12:02.124, 0, 21870, 100
2026/09/29 09:12:03.124, 0, 21870, 100
2026/09/29 09:12:04.124, 0, 21870, 100
2026/09/29 09:12:05.124, 0, 21870, 100
2026/09/29 09:12:06.124, 0, 21870, 100
2026/09/29 09:12:07.125, 0, 21870, 100
2026/09/29 09:12:08.125, 0, 21870, 100
2026/09/29 09:12:09.125, 0, 21870, 100
2026/09/29 09:12:10.125, 0, 21870, 100
2026/09/29 09:12:11.125, 0, 21870, 100
2026/09/29 09:12:12.126, 0, 21870, 100
2026/09/29 09:12:13.126, 0, 21870, 100
2026/09/29 09:12:14.126, 0, 21870, 100
2026/09/29 09:12:15.126, 0, 21870, 100
2026/09/29 09:12:16.126, 0, 21870, 100
2026/09/29 09:12:17.127, 0, 21870, 100
2026/09/29 09:12:18.127, 0, 21870, 100
2026/09/29 09:12:19.127, 0, 21870, 100
2026/09/29 09:12:20.127, 0, 21870, 100
2026/09/29 09:12:21.127, 0, 21870, 100
2026/09/29 09:12:22.128, 0, 21870, 100
2026/09/29 09:12:23.128, 0, 21870, 100
2026/09/29 09:12:24.128, 0, 21870, 100
2026/09/29 09:12:25.128, 0, 21870, 100
2026/09/29 09:12:26.129, 0, 21870, 100
2026/09/29 09:12:27.129, 0, 21870, 99
2026/09/29 09:12:28.129, 0, 21870, 100
2026/09/29 09:12:29.129, 0, 21870, 100
2026/09/29 09:12:30.129, 0, 21870, 99
2026/09/29 09:12:31.130, 0, 21870, 100
2026/09/29 09:12:32.130, 0, 21870, 100
2026/09/29 09:12:33.130, 0, 21870, 100
2026/09/29 09:12:34.130, 0, 21870, 100
2026/09/29 09:12:35.130, 0, 21870, 100
2026/09/29 09:12:36.131, 0, 21870, 100
2026/09/29 09:12:37.131, 0, 21870, 100
2026/09/29 09:12:38.131, 0, 21870, 100
2026/09/29 09:12:39.131, 0, 21870, 100
2026/09/29 09:12:40.131, 0, 21870, 100
2026/09/29 09:12:41.131, 0, 21870, 98
2026/09/29 09:12:42.132, 0, 21870, 100
2026/09/29 09:12:43.132, 0, 21870, 100
2026/09/29 09:12:44.132, 0, 21870, 100
2026/09/29 09:12:45.132, 0, 21870, 100
2026/09/29 09:12:46.132, 0, 21870, 100
2026/09/29 09:12:47.133, 0, 21870, 99
2026/09/29 09:12:48.133, 0, 21870, 100
2026/09/29 09:12:49.133, 0, 21870, 100
2026/09/29 09:12:50.133, 0, 21870, 100
2026/09/29 09:12:51.133, 0, 21870, 100
2026/09/29 09:12:52.134, 0, 21870, 100
2026/09/29 09:12:53.134, 0, 21870, 100
2026/09/29 09:12:54.134, 0, 21870, 100
2026/09/29 09:12:55.134, 0, 21870, 100
2026/09/29 09:12:56.134, 0, 21870, 100
2026/09/29 09:12:57.135, 0, 21870, 100
2026/09/29 09:12:58.135, 0, 21870, 100
2026/09/29 09:12:59.135, 0, 21870, 100
2026/09/29 09:13:00.135, 0, 21870, 100
2026/09/29 09:13:01.135, 0, 21870, 100
2026/09/29 09:13:02.136, 0, 21870, 100
2026/09/29 09:13:03.136, 0, 21870, 100
2026/09/29 09:13:04.136, 0, 21870, 100
2026/09/29 09:13:05.136, 0, 21870, 100
2026/09/29 09:13:06.136, 0, 21870, 100
2026/09/29 09:13:07.137, 0, 21870, 100
2026/09/29 09:13:08.137, 0, 21870, 100
2026/09/29 09:13:09.137, 0, 21870, 100
2026/09/29 09:13:10.137, 0, 21870, 99
2026/09/29 09:13:11.137, 0, 21870, 100
2026/09/29 09:13:12.138, 0, 21870, 100
2026/09/29 09:13:13.138, 0, 21870, 100
2026/09/29 09:13:14.138, 0, 21870, 100
2026/09/29 09:13:15.138, 0, 21870, 100
2026/09/29 09:13:16.138, 0, 21870, 100
2026/09/29 09:13:17.139, 0, 21870, 100
2026/09/29 09:13:18.139, 0, 21870, 100
2026/09/29 09:13:19.139, 0, 21870, 100
2026/09/29 09:13:20.139, 0, 21870, 100
2026/09/29 09:13:21.139, 0, 21870, 100
2026/09/29 09:13:22.140, 0, 21870, 100
2026/09/29 09:13:23.140, 0, 21870, 100
2026/09/29 09:13:24.140, 0, 21870, 100
2026/09/29 09:13:25.140, 0, 21870, 100
2026/09/29 09:13:26.140, 0, 21870, 100
2026/09/29 09:13:27.141, 0, 21870, 100
2026/09/29 09:13:28.141, 0, 21870, 100
2026/09/29 09:13:29.141, 0, 21870, 100
2026/09/29 09:13:30.141, 0, 21870, 99
2026/09/29 09:13:31.141, 0, 21870, 100
2026/09/29 09:13:32.142, 0, 21870, 100
2026/09/29 09:13:33.142, 0, 21870, 100
2026/09/29 09:13:34.142, 0, 21870, 100
2026/09/29 09:13:35.142, 0, 21870, 100
2026/09/29 09:13:36.142, 0, 21870, 100
2026/09/29 09:13:37.142, 0, 21870, 100
2026/09/29 09:13:38.143, 0, 21870, 100
2026/09/29 09:13:39.143, 0, 21870, 100
2026/09/29 09:13:40.143, 0, 21870, 100
2026/09/29 09:13:41.143, 0, 21870, 100
2026/09/29 09:13:42.143, 0, 21870, 100
2026/09/29 09:13:43.144, 0, 21870, 100
2026/09/29 09:13:44.144, 0, 21870, 100
2026/09/29 09:13:45.144, 0, 21870, 100
2026/09/29 09:13:46.144, 0, 21870, 100
2026/09/29 09:13:47.144, 0, 21870, 100
2026/09/29 09:13:48.145, 0, 21870, 100
2026/09/29 09:13:49.145, 0, 21870, 100
2026/09/29 09:13:50.145, 0, 21870, 100
2026/09/29 09:13:51.145, 0, 21870, 100
2026/09/29 09:13:52.145, 0, 21870, 100
2026/09/29 09:13:53.145, 0, 21870, 100
2026/09/29 09:13:54.146, 0, 21870, 100
2026/09/29 09:13:55.146, 0, 21870, 100
2026/09/29 09:13:56.146, 0, 21870, 100
2026/09/29 09:13:57.146, 0, 21870, 100
2026/09/29 09:13:58.146, 0, 21870, 100
2026/09/29 09:13:59.147, 0, 21870, 100
2026/09/29 09:14:00.147, 0, 21870, 100
2026/09/29 09:14:01.147, 0, 21870, 100
2026/09/29 09:14:02.147, 0, 21870, 100
2026/09/29 09:14:03.147, 0, 21870, 100
2026/09/29 09:14:04.148, 0, 21870, 100
2026/09/29 09:14:05.148, 0, 21870, 100
2026/09/29 09:14:06.148, 0, 21870, 100
2026/09/29 09:14:07.148, 0, 21870, 100
2026/09/29 09:14:08.148, 0, 21870, 100
2026/09/29 09:14:09.149, 0, 21870, 100
2026/09/29 09:14:10.149, 0, 21870, 100
2026/09/29 09:14:11.149, 0, 21870, 100
2026/09/29 09:14:12.149, 0, 21870, 100
2026/09/29 09:14:13.149, 0, 21870, 100
2026/09/29 09:14:14.149, 0, 21870, 100
2026/09/29 09:14:15.150, 0, 21870, 100
2026/09/29 09:14:16.150, 0, 21870, 100
2026/09/29 09:14:17.150, 0, 21870, 100
2026/09/29 09:14:18.150, 0, 21870, 100
2026/09/29 09:14:19.150, 0, 21870, 100
2026/09/29 09:14:20.151, 0, 21870, 100
2026/09/29 09:14:21.151, 0, 21870, 100
2026/09/29 09:14:22.151, 0, 21870, 100
2026/09/29 09:14:23.151, 0, 21870, 100
2026/09/29 09:14:24.151, 0, 21870, 100
2026/09/29 09:14:25.152, 0, 21870, 100
2026/09/29 09:14:26.152, 0, 21870, 100
2026/09/29 09:14:27.152, 0, 21870, 100
2026/09/29 09:14:28.152, 0, 21870, 100
2026/09/29 09:14:29.152, 0, 21870, 100
2026/09/29 09:14:30.153, 0, 21870, 100
2026/09/29 09:14:31.153, 0, 21870, 100
2026/09/29 09:14:32.153, 0, 21870, 99
2026/09/29 09:14:33.153, 0, 21870, 100
2026/09/29 09:14:34.153, 0, 21870, 100
2026/09/29 09:14:35.153, 0, 21870, 99
2026/09/29 09:14:36.154, 0, 21870, 100
2026/09/29 09:14:37.154, 0, 21870, 100
2026/09/29 09:14:38.154, 0, 21870, 100
2026/09/29 09:14:39.154, 0, 21870, 100
2026/09/29 09:14:40.154, 0, 21870, 100
2026/09/29 09:14:41.155, 0, 21870, 100
2026/09/29 09:14:42.155, 0, 21870, 100
2026/09/29 09:14:43.155, 0, 21870, 100
2026/09/29 09:14:44.155, 0, 21870, 100
2026/09/29 09:14:45.155, 0, 21870, 100
2026/09/29 09:14:46.156, 0, 21870, 100
2026/09/29 09:14:47.156, 0, 21870, 100
2026/09/29 09:14:48.156, 0, 21870, 100
2026/09/29 09:14:49.156, 0, 21870, 100
2026/09/29 09:14:50.156, 0, 21870, 100
2026/09/29 09:14:51.157, 0, 21870, 100
2026/09/29 09:14:52.157, 0, 21870, 100
2026/09/29 09:14:53.157, 0, 21870, 100
2026/09/29 09:14:54.157, 0, 21870, 100
2026/09/29 09:14:55.157, 0, 21870, 100
2026/09/29 09:14:56.158, 0, 21870, 100
2026/09/29 09:14:57.158, 0, 21870, 100
2026/09/29 09:14:58.158, 0, 21870, 100
2026/09/29 09:14:59.158, 0, 21870, 100
2026/09/29 09:15:00.158, 0, 21870, 100
2026/09/29 09:15:01.159, 0, 21870, 100
2026/09/29 09:15:02.159, 0, 21870, 100
2026/09/29 09:15:03.159, 0, 21870, 100
2026/09/29 09:15:04.159, 0, 21870, 100
2026/09/29 09:15:05.159, 0, 21870, 100
2026/09/29 09:15:06.159, 0, 21870, 100
2026/09/29 09:15:07.160, 0, 21870, 100
2026/09/29 09:15:08.160, 0, 21870, 100
2026/09/29 09:15:09.160, 0, 21870, 100
2026/09/29 09:15:10.160, 0, 21870, 100
2026/09/29 09:15:11.160, 0, 21870, 100
2026/09/29 09:15:12.161, 0, 21870, 100
2026/09/29 09:15:13.161, 0, 21870, 100
2026/09/29 09:15:14.161, 0, 21870, 100
2026/09/29 09:15:15.161, 0, 21870, 100
2026/09/29 09:15:16.161, 0, 21870, 100
2026/09/29 09:15:17.162, 0, 21870, 100
2026/09/29 09:15:18.162, 0, 21870, 99
2026/09/29 09:15:19.162, 0, 21870, 100
2026/09/29 09:15:20.162, 0, 21870, 100
2026/09/29 09:15:21.162, 0, 21870, 100
2026/09/29 09:15:22.163, 0, 21870, 100
2026/09/29 09:15:23.163, 0, 21870, 100
2026/09/29 09:15:24.163, 0, 21870, 100
2026/09/29 09:15:25.163, 0, 21870, 100
2026/09/29 09:15:26.164, 0, 21870, 100
2026/09/29 09:15:27.164, 0, 21870, 100
2026/09/29 09:15:28.164, 0, 21870, 100
2026/09/29 09:15:29.164, 0, 21870, 100
2026/09/29 09:15:30.164, 0, 21870, 100
2026/09/29 09:15:31.165, 0, 21870, 100
2026/09/29 09:15:32.165, 0, 21870, 100
2026/09/29 09:15:33.165, 0, 21870, 100
2026/09/29 09:15:34.165, 0, 21870, 100
2026/09/29 09:15:35.165, 0, 21870, 100
2026/09/29 09:15:36.166, 0, 21870, 100
2026/09/29 09:15:37.166, 0, 21870, 100
2026/09/29 09:15:38.166, 0, 21870, 100
2026/09/29 09:15:39.166, 0, 21870, 100
2026/09/29 09:15:40.166, 0, 21870, 100
2026/09/29 09:15:41.167, 0, 21870, 100
2026/09/29 09:15:42.167, 0, 21870, 100
2026/09/29 09:15:43.167, 0, 21870, 100
2026/09/29 09:15:44.167, 0, 21870, 100
2026/09/29 09:15:45.167, 0, 21870, 100
2026/09/29 09:15:46.167, 0, 21870, 100
2026/09/29 09:15:47.168, 0, 21870, 100
2026/09/29 09:15:48.168, 0, 21870, 100
2026/09/29 09:15:49.168, 0, 21870, 100
2026/09/29 09:15:50.168, 0, 21870, 100
2026/09/29 09:15:51.168, 0, 21870, 100
2026/09/29 09:15:52.169, 0, 21870, 100
2026/09/29 09:15:53.169, 0, 21870, 100
2026/09/29 09:15:54.169, 0, 21870, 100
2026/09/29 09:15:55.169, 0, 21870, 100
2026/09/29 09:15:56.169, 0, 21870, 100
2026/09/29 09:15:57.170, 0, 21870, 100
2026/09/29 09:15:58.170, 0, 21870, 100
2026/09/29 09:15:59.170, 0, 21870, 100
2026/09/29 09:16:00.170, 0, 21870, 100
2026/09/29 09:16:01.170, 0, 21870, 96
2026/09/29 09:16:02.171, 0, 21870, 100
2026/09/29 09:16:03.171, 0, 21870, 100
2026/09/29 09:16:04.171, 0, 21870, 100
2026/09/29 09:16:05.171, 0, 21870, 100
2026/09/29 09:16:06.171, 0, 21870, 100
2026/09/29 09:16:07.172, 0, 21870, 100
2026/09/29 09:16:08.172, 0, 21870, 100
2026/09/29 09:16:09.172, 0, 21870, 100
2026/09/29 09:16:10.172, 0, 21870, 100
2026/09/29 09:16:11.172, 0, 21870, 100
2026/09/29 09:16:12.172, 0, 21870, 100
2026/09/29 09:16:13.173, 0, 21870, 100
2026/09/29 09:16:14.173, 0, 21870, 100
2026/09/29 09:16:15.173, 0, 21870, 100
2026/09/29 09:16:16.173, 0, 21870, 100
2026/09/29 09:16:17.173, 0, 21870, 100
2026/09/29 09:16:18.174, 0, 21870, 99
2026/09/29 09:16:19.174, 0, 21870, 100
2026/09/29 09:16:20.174, 0, 21870, 100
2026/09/29 09:16:21.174, 0, 21870, 99
2026/09/29 09:16:22.175, 0, 21870, 100
2026/09/29 09:16:23.175, 0, 21870, 100
2026/09/29 09:16:24.175, 0, 21870, 100
2026/09/29 09:16:25.175, 0, 21870, 100
2026/09/29 09:16:26.176, 0, 21870, 100
2026/09/29 09:16:27.176, 0, 21870, 100
2026/09/29 09:16:28.176, 0, 21870, 100
2026/09/29 09:16:29.176, 0, 21870, 100
2026/09/29 09:16:30.176, 0, 21870, 100
2026/09/29 09:16:31.177, 0, 21870, 99
2026/09/29 09:16:32.177, 0, 21870, 100
2026/09/29 09:16:33.177, 0, 21870, 100
2026/09/29 09:16:34.177, 0, 21870, 100
2026/09/29 09:16:35.177, 0, 21870, 100
2026/09/29 09:16:36.178, 0, 21870, 100
2026/09/29 09:16:37.178, 0, 21870, 100
2026/09/29 09:16:38.178, 0, 21870, 100
2026/09/29 09:16:39.178, 0, 21870, 100
2026/09/29 09:16:40.178, 0, 21870, 100
2026/09/29 09:16:41.179, 0, 21870, 100
2026/09/29 09:16:42.179, 0, 21870, 100
2026/09/29 09:16:43.179, 0, 21870, 100
2026/09/29 09:16:44.179, 0, 21870, 100
2026/09/29 09:16:45.179, 0, 21870, 100
2026/09/29 09:16:46.179, 0, 21870, 100
2026/09/29 09:16:47.180, 0, 21870, 100
2026/09/29 09:16:48.180, 0, 21870, 100
2026/09/29 09:16:49.180, 0, 21870, 100
2026/09/29 09:16:50.180, 0, 21870, 100
2026/09/29 09:16:51.180, 0, 21870, 100
2026/09/29 09:16:52.181, 0, 21870, 100
2026/09/29 09:16:53.181, 0, 21870, 100
2026/09/29 09:16:54.181, 0, 21870, 100
2026/09/29 09:16:55.181, 0, 21870, 99
2026/09/29 09:16:56.181, 0, 21870, 100
2026/09/29 09:16:57.182, 0, 21870, 100
2026/09/29 09:16:58.182, 0, 21870, 100
2026/09/29 09:16:59.182, 0, 21870, 100
2026/09/29 09:17:00.182, 0, 21870, 100
2026/09/29 09:17:01.182, 0, 21870, 100
2026/09/29 09:17:02.183, 0, 21870, 100
2026/09/29 09:17:03.183, 0, 21870, 100
2026/09/29 09:17:04.183, 0, 21870, 100
2026/09/29 09:17:05.183, 0, 21870, 100
2026/09/29 09:17:06.183, 0, 21870, 100
2026/09/29 09:17:07.183, 0, 21870, 100
2026/09/29 09:17:08.184, 0, 21870, 100
2026/09/29 09:17:09.184, 0, 21870, 100
2026/09/29 09:17:10.184, 0, 21870, 100
2026/09/29 09:17:11.184, 0, 21870, 100
2026/09/29 09:17:12.184, 0, 21870, 100
2026/09/29 09:17:13.185, 0, 21870, 100
2026/09/29 09:17:14.185, 0, 21870, 100
2026/09/29 09:17:15.185, 0, 21870, 100
2026/09/29 09:17:16.185, 0, 21870, 100
2026/09/29 09:17:17.185, 0, 21870, 100
2026/09/29 09:17:18.186, 0, 21870, 100
2026/09/29 09:17:19.186, 0, 21870, 100
2026/09/29 09:17:20.186, 0, 21870, 100
2026/09/29 09:17:21.186, 0, 21870, 100
2026/09/29 09:17:22.187, 0, 21870, 100
2026/09/29 09:17:23.187, 0, 21870, 100
2026/09/29 09:17:24.187, 0, 21870, 100
2026/09/29 09:17:25.188, 0, 21870, 100
2026/09/29 09:17:26.188, 0, 21870, 100
2026/09/29 09:17:27.188, 0, 21870, 100
2026/09/29 09:17:28.188, 0, 21870, 100
2026/09/29 09:17:29.188, 0, 21870, 100
2026/09/29 09:17:30.189, 0, 21870, 100
2026/09/29 09:17:31.189, 0, 21870, 100
2026/09/29 09:17:32.189, 0, 21870, 100
2026/09/29 09:17:33.189, 0, 21870, 100
2026/09/29 09:17:34.189, 0, 21870, 100
2026/09/29 09:17:35.190, 0, 21870, 100
2026/09/29 09:17:36.190, 0, 21870, 100
2026/09/29 09:17:37.190, 0, 21870, 100
2026/09/29 09:17:38.190, 0, 21870, 100
2026/09/29 09:17:39.190, 0, 21870, 100
2026/09/29 09:17:40.190, 0, 21870, 100
2026/09/29 09:17:41.191, 0, 21870, 100
2026/09/29 09:17:42.191, 0, 21870, 100
2026/09/29 09:17:43.191, 0, 21870, 100
2026/09/29 09:17:44.191, 0, 21870, 100
2026/09/29 09:17:45.191, 0, 21870, 100
2026/09/29 09:17:46.192, 0, 21870, 100
2026/09/29 09:17:47.192, 0, 21870, 100
2026/09/29 09:17:48.192, 0, 21870, 100
2026/09/29 09:17:49.192, 0, 21870, 97
2026/09/29 09:17:50.192, 0, 21870, 100
2026/09/29 09:17:51.193, 0, 21870, 100
2026/09/29 09:17:52.193, 0, 21870, 100
2026/09/29 09:17:53.193, 0, 21870, 100
2026/09/29 09:17:54.193, 0, 21870, 100
2026/09/29 09:17:55.194, 0, 21870, 100
2026/09/29 09:17:56.194, 0, 21870, 100
2026/09/29 09:17:57.194, 0, 21870, 100
2026/09/29 09:17:58.194, 0, 21870, 100
2026/09/29 09:17:59.194, 0, 21870, 100
2026/09/29 09:18:00.195, 0, 21870, 100
2026/09/29 09:18:01.195, 0, 21870, 100
2026/09/29 09:18:02.195, 0, 21870, 100
2026/09/29 09:18:03.195, 0, 21870, 100
2026/09/29 09:18:04.195, 0, 21870, 100
2026/09/29 09:18:05.195, 0, 21870, 100
2026/09/29 09:18:06.196, 0, 21870, 100
2026/09/29 09:18:07.196, 0, 21870, 100
2026/09/29 09:18:08.196, 0, 21870, 100
2026/09/29 09:18:09.196, 0, 21870, 100
2026/09/29 09:18:10.196, 0, 21870, 100
2026/09/29 09:18:11.197, 0, 21870, 100
2026/09/29 09:18:12.197, 0, 21870, 100
2026/09/29 09:18:13.197, 0, 21870, 100
2026/09/29 09:18:14.197, 0, 21870, 100
2026/09/29 09:18:15.197, 0, 21870, 100
2026/09/29 09:18:16.198, 0, 21870, 100
2026/09/29 09:18:17.198, 0, 21870, 100
2026/09/29 09:18:18.198, 0, 21870, 100
2026/09/29 09:18:19.198, 0, 21870, 100
2026/09/29 09:18:20.198, 0, 21870, 100
2026/09/29 09:18:21.198, 0, 21870, 100
2026/09/29 09:18:22.199, 0, 21870, 100
2026/09/29 09:18:23.199, 0, 21870, 100
2026/09/29 09:18:24.199, 0, 21870, 100
2026/09/29 09:18:25.199, 0, 21870, 100
2026/09/29 09:18:26.199, 0, 21870, 100
2026/09/29 09:18:27.200, 0, 21870, 100
2026/09/29 09:18:28.200, 0, 21870, 100
2026/09/29 09:18:29.200, 0, 21870, 100
2026/09/29 09:18:30.200, 0, 21870, 100
2026/09/29 09:18:31.200, 0, 21870, 100
2026/09/29 09:18:32.201, 0, 21870, 100
2026/09/29 09:18:33.201, 0, 21870, 100
2026/09/29 09:18:34.201, 0, 21870, 100
2026/09/29 09:18:35.201, 0, 21870, 100
2026/09/29 09:18:36.201, 0, 21870, 100
2026/09/29 09:18:37.202, 0, 21870, 100
2026/09/29 09:18:38.202, 0, 21870, 100
2026/09/29 09:18:39.202, 0, 21870, 100
2026/09/29 09:18:40.202, 0, 21870, 100
2026/09/29 09:18:41.202, 0, 21870, 100
2026/09/29 09:18:42.203, 0, 21870, 100
2026/09/29 09:18:43.203, 0, 21870, 99
2026/09/29 09:18:44.203, 0, 21870, 100
2026/09/29 09:18:45.203, 0, 21870, 100
2026/09/29 09:18:46.203, 0, 21870, 100
2026/09/29 09:18:47.203, 0, 21870, 100
2026/09/29 09:18:48.204, 0, 21870, 100
2026/09/29 09:18:49.204, 0, 21870, 100
2026/09/29 09:18:50.204, 0, 21870, 100
2026/09/29 09:18:51.204, 0, 21870, 100
2026/09/29 09:18:52.204, 0, 21870, 100
2026/09/29 09:18:53.205, 0, 21870, 100
2026/09/29 09:18:54.205, 0, 21870, 100
2026/09/29 09:18:55.205, 0, 21870, 100
2026/09/29 09:18:56.205, 0, 21870, 100
2026/09/29 09:18:57.205, 0, 21870, 100
2026/09/29 09:18:58.206, 0, 21870, 100
2026/09/29 09:18:59.206, 0, 21870, 100
2026/09/29 09:19:00.206, 0, 21870, 100
2026/09/29 09:19:01.206, 0, 21870, 100
2026/09/29 09:19:02.206, 0, 21870, 100
2026/09/29 09:19:03.207, 0, 21870, 100
2026/09/29 09:19:04.207, 0, 21870, 100
2026/09/29 09:19:05.207, 0, 21870, 100
2026/09/29 09:19:06.207, 0, 21870, 100
2026/09/29 09:19:07.207, 0, 21870, 100
2026/09/29 09:19:08.207, 0, 21870, 100
2026/09/29 09:19:09.208, 0, 21870, 100
2026/09/29 09:19:10.208, 0, 21870, 100
2026/09/29 09:19:11.208, 0, 21870, 100
2026/09/29 09:19:12.208, 0, 21870, 100
2026/09/29 09:19:13.208, 0, 21870, 100
2026/09/29 09:19:14.209, 0, 21870, 100
2026/09/29 09:19:15.209, 0, 21870, 100
2026/09/29 09:19:16.209, 0, 21870, 100
2026/09/29 09:19:17.209, 0, 21870, 100
2026/09/29 09:19:18.209, 0, 21870, 100
2026/09/29 09:19:19.210, 0, 21870, 100
2026/09/29 09:19:20.210, 0, 21870, 100
2026/09/29 09:19:21.210, 0, 21870, 100
2026/09/29 09:19:22.210, 0, 21870, 100
2026/09/29 09:19:23.210, 0, 21870, 100
2026/09/29 09:19:24.211, 0, 21870, 100
2026/09/29 09:19:25.211, 0, 21870, 100
2026/09/29 09:19:26.211, 0, 21870, 100
2026/09/29 09:19:27.211, 0, 21870, 100
2026/09/29 09:19:28.211, 0, 21870, 100
2026/09/29 09:19:29.212, 0, 21870, 100
2026/09/29 09:19:30.212, 0, 21870, 100
2026/09/29 09:19:31.212, 0, 21870, 100
2026/09/29 09:19:32.212, 0, 21870, 100
2026/09/29 09:19:33.212, 0, 21870, 100
2026/09/29 09:19:34.212, 0, 21870, 100
2026/09/29 09:19:35.213, 0, 21870, 100
2026/09/29 09:19:36.213, 0, 21870, 100
2026/09/29 09:19:37.213, 0, 21870, 95
2026/09/29 09:19:38.213, 0, 21870, 100
2026/09/29 09:19:39.213, 0, 21870, 100
2026/09/29 09:19:40.214, 0, 21870, 100
2026/09/29 09:19:41.214, 0, 21870, 100
2026/09/29 09:19:42.214, 0, 21870, 100
2026/09/29 09:19:43.214, 0, 21870, 100
2026/09/29 09:19:44.214, 0, 21870, 100
2026/09/29 09:19:45.214, 0, 21870, 100
2026/09/29 09:19:46.215, 0, 21870, 100
2026/09/29 09:19:47.215, 0, 21870, 100
2026/09/29 09:19:48.215, 0, 21870, 100
2026/09/29 09:19:49.215, 0, 21870, 100
2026/09/29 09:19:50.215, 0, 21870, 100
2026/09/29 09:19:51.216, 0, 21870, 100
2026/09/29 09:19:52.216, 0, 21870, 100
2026/09/29 09:19:53.216, 0, 21870, 100
2026/09/29 09:19:54.216, 0, 21870, 100
2026/09/29 09:19:55.216, 0, 21870, 100
2026/09/29 09:19:56.217, 0, 21870, 100
2026/09/29 09:19:57.217, 0, 21870, 100
2026/09/29 09:19:58.217, 0, 21870, 100
2026/09/29 09:19:59.217, 0, 21870, 100
2026/09/29 09:20:00.218, 0, 21870, 100
2026/09/29 09:20:01.218, 0, 21870, 100
2026/09/29 09:20:02.218, 0, 21870, 100
2026/09/29 09:20:03.218, 0, 21870, 100
2026/09/29 09:20:04.218, 0, 21870, 100
2026/09/29 09:20:05.218, 0, 21870, 100
2026/09/29 09:20:06.219, 0, 21870, 100
2026/09/29 09:20:07.219, 0, 21870, 100
2026/09/29 09:20:08.219, 0, 21870, 100
2026/09/29 09:20:09.219, 0, 21870, 100
2026/09/29 09:20:10.220, 0, 21870, 100
2026/09/29 09:20:11.220, 0, 21870, 100
2026/09/29 09:20:12.220, 0, 21870, 100
2026/09/29 09:20:13.220, 0, 21870, 100
2026/09/29 09:20:14.220, 0, 21870, 100
2026/09/29 09:20:15.220, 0, 21870, 100
2026/09/29 09:20:16.221, 0, 21870, 100
2026/09/29 09:20:17.221, 0, 21870, 100
2026/09/29 09:20:18.221, 0, 21870, 100
2026/09/29 09:20:19.221, 0, 21870, 100
2026/09/29 09:20:20.221, 0, 21870, 96
2026/09/29 09:20:21.222, 0, 21870, 100
2026/09/29 09:20:22.222, 0, 21870, 100
2026/09/29 09:20:23.222, 0, 21870, 100
2026/09/29 09:20:24.222, 0, 21870, 100
2026/09/29 09:20:25.222, 0, 21870, 100
2026/09/29 09:20:26.223, 0, 21870, 100
2026/09/29 09:20:27.223, 0, 21870, 100
2026/09/29 09:20:28.223, 0, 21870, 100
2026/09/29 09:20:29.223, 0, 21870, 100
2026/09/29 09:20:30.223, 0, 21870, 100
2026/09/29 09:20:31.224, 0, 21870, 100
2026/09/29 09:20:32.224, 0, 21870, 100
2026/09/29 09:20:33.224, 0, 21870, 100
2026/09/29 09:20:34.224, 0, 21870, 100
2026/09/29 09:20:35.224, 0, 21870, 100
2026/09/29 09:20:36.224, 0, 21870, 100
2026/09/29 09:20:37.225, 0, 21870, 100
2026/09/29 09:20:38.225, 0, 21870, 100
2026/09/29 09:20:39.225, 0, 21870, 100
2026/09/29 09:20:40.225, 0, 21870, 100
2026/09/29 09:20:41.225, 0, 21870, 100
2026/09/29 09:20:42.226, 0, 22770, 100
2026/09/29 09:20:43.226, 0, 22770, 100
2026/09/29 09:20:44.226, 0, 22770, 100
2026/09/29 09:20:45.226, 0, 22770, 100
2026/09/29 09:20:46.226, 0, 22770, 0
2026/09/29 09:20:47.227, 0, 14748, 0
2026/09/29 09:20:48.227, 0, 14748, 0
2026/09/29 09:20:49.227, 0, 14748, 0
2026/09/29 09:20:50.227, 0, 14748, 0
2026/09/29 09:20:51.227, 0, 14656, 0
2026/09/29 09:20:52.228, 0, 14656, 0
2026/09/29 09:20:53.228, 0, 14656, 0
2026/09/29 09:20:54.228, 0, 14656, 0
2026/09/29 09:20:55.228, 0, 14656, 0
2026/09/29 09:20:56.228, 0, 14656, 0
2026/09/29 09:20:57.229, 0, 4, 0
2026/09/29 09:21:05.236, 0, 4, 0
2026/09/29 09:21:06.237, 0, 4, 0
2026/09/29 09:21:07.237, 0, 4, 0
2026/09/29 09:21:08.237, 0, 4, 0
2026/09/29 09:21:09.237, 0, 4, 0
2026/09/29 09:21:10.238, 0, 4, 0
2026/09/29 09:21:11.238, 0, 4, 0
2026/09/29 09:21:12.238, 0, 4, 0
2026/09/29 09:21:13.238, 0, 4, 0
2026/09/29 09:21:14.238, 0, 4, 0
2026/09/29 09:21:15.239, 0, 4, 0
2026/09/29 09:21:16.239, 0, 4, 0
2026/09/29 09:21:17.239, 0, 4, 0
2026/09/29 09:21:18.239, 0, 4, 0
2026/09/29 09:21:19.240, 0, 4, 0
2026/09/29 09:21:20.240, 0, 4, 0
