2026/09/29 10:47:21.604, 0, 1, 0
2026/09/29 10:47:21.606, 1, 1, 0
2026/09/29 10:47:21.608, 2, 1, 0
2026/09/29 10:47:21.611, 3, 1, 0
2026/09/29 10:47:21.613, 4, 1, 0
2026/09/29 10:47:21.615, 5, 1, 0
2026/09/29 10:47:21.617, 6, 1, 0
2026/09/29 10:47:21.619, 7, 1, 0
2026/09/29 10:47:22.621, 0, 1, 0
2026/09/29 10:47:22.621, 1, 1, 0
2026/09/29 10:47:22.621, 2, 1, 0
2026/09/29 10:47:22.621, 3, 1, 0
2026/09/29 10:47:22.621, 4, 1, 0
2026/09/29 10:47:22.621, 5, 1, 0
2026/09/29 10:47:22.621, 6, 1, 0
2026/09/29 10:47:22.621, 7, 1, 0
2026/09/29 10:47:23.622, 0, 4, 0
2026/09/29 10:47:23.625, 1, 1, 0
2026/09/29 10:47:23.625, 2, 1, 0
2026/09/29 10:47:23.625, 3, 1, 0
2026/09/29 10:47:23.625, 4, 1, 0
2026/09/29 10:47:23.625, 5, 1, 0
2026/09/29 10:47:23.625, 6, 1, 0
2026/09/29 10:47:23.625, 7, 1, 0
2026/09/29 10:47:24.625, 0, 4, 0
2026/09/29 10:47:24.625, 1, 4, 0
2026/09/29 10:47:24.625, 2, 4, 0
2026/09/29 10:47:24.625, 3, 4, 0
2026/09/29 10:47:24.626, 4, 4, 0
2026/09/29 10:47:24.626, 5, 4, 0
2026/09/29 10:47:24.626, 6, 4, 0
2026/09/29 10:47:24.626, 7, 4, 0
2026/09/29 10:47:25.626, 0, 4, 0
2026/09/29 10:47:25.626, 1, 4, 0
2026/09/29 10:47:25.626, 2, 4, 0
2026/09/29 10:47:25.626, 3, 4, 0
2026/09/29 10:47:25.626, 4, 4, 0
2026/09/29 10:47:25.626, 5, 4, 0
2026/09/29 10:47:25.626, 6, 4, 0
2026/09/29 10:47:25.626, 7, 4, 0
2026/09/29 10:47:26.626, 0, 4, 0
2026/09/29 10:47:26.627, 1, 4, 0
2026/09/29 10:47:26.627, 2, 4, 0
2026/09/29 10:47:26.627, 3, 4, 0
2026/09/29 10:47:26.627, 4, 4, 0
2026/09/29 10:47:26.627, 5, 4, 0
2026/09/29 10:47:26.627, 6, 4, 0
2026/09/29 10:47:26.627, 7, 4, 0
2026/09/29 10:47:27.627, 0, 4, 0
2026/09/29 10:47:27.627, 1, 4, 0
2026/09/29 10:47:27.627, 2, 4, 0
2026/09/29 10:47:27.627, 3, 4, 0
2026/09/29 10:47:27.627, 4, 4, 0
2026/09/29 10:47:27.627, 5, 4, 0
2026/09/29 10:47:27.627, 6, 4, 0
2026/09/29 10:47:27.627, 7, 4, 0
2026/09/29 10:47:28.628, 0, 4, 0
2026/09/29 10:47:28.628, 1, 4, 0
2026/09/29 10:47:28.628, 2, 4, 0
2026/09/29 10:47:28.628, 3, 4, 0
2026/09/29 10:47:28.628, 4, 4, 0
2026/09/29 10:47:28.628, 5, 4, 0
2026/09/29 10:47:28.628, 6, 4, 0
2026/09/29 10:47:28.628, 7, 4, 0
2026/09/29 10:47:29.628, 0, 4, 0
2026/09/29 10:47:29.628, 1, 4, 0
2026/09/29 10:47:29.628, 2, 4, 0
2026/09/29 10:47:29.628, 3, 4, 0
2026/09/29 10:47:29.628, 4, 4, 0
2026/09/29 10:47:29.628, 5, 4, 0
2026/09/29 10:47:29.629, 6, 4, 0
2026/09/29 10:47:29.629, 7, 4, 0
2026/09/29 10:47:30.629, 0, 4, 0
2026/09/29 10:47:30.629, 1, 4, 0
2026/09/29 10:47:30.629, 2, 4, 0
2026/09/29 10:47:30.629, 3, 4, 0
2026/09/29 10:47:30.629, 4, 4, 0
2026/09/29 10:47:30.629, 5, 4, 0
2026/09/29 10:47:30.629, 6, 4, 0
2026/09/29 10:47:30.629, 7, 4, 0
2026/09/29 10:47:31.629, 0, 4, 0
2026/09/29 10:47:31.629, 1, 4, 0
2026/09/29 10:47:31.629, 2, 4, 0
2026/09/29 10:47:31.630, 3, 4, 0
2026/09/29 10:47:31.630, 4, 4, 0
2026/09/29 10:47:31.630, 5, 4, 0
2026/09/29 10:47:31.630, 6, 4, 0
2026/09/29 10:47:31.630, 7, 4, 0
2026/09/29 10:47:32.630, 0, 4, 0
2026/09/29 10:47:32.630, 1, 4, 0
2026/09/29 10:47:32.630, 2, 4, 0
2026/09/29 10:47:32.630, 3, 4, 0
2026/09/29 10:47:32.630, 4, 4, 0
2026/09/29 10:47:32.630, 5, 4, 0
2026/09/29 10:47:32.630, 6, 4, 0
2026/09/29 10:47:32.630, 7, 4, 0
2026/09/29 10:47:33.631, 0, 4, 0
2026/09/29 10:47:33.631, 1, 4, 0
2026/09/29 10:47:33.631, 2, 4, 0
2026/09/29 10:47:33.631, 3, 4, 0
2026/09/29 10:47:33.631, 4, 4, 0
2026/09/29 10:47:33.631, 5, 4, 0
2026/09/29 10:47:33.631, 6, 4, 0
2026/09/29 10:47:33.631, 7, 4, 0
2026/09/29 10:47:34.631, 0, 4, 0
2026/09/29 10:47:34.631, 1, 4, 0
2026/09/29 10:47:34.631, 2, 4, 0
2026/09/29 10:47:34.631, 3, 4, 0
2026/09/29 10:47:34.631, 4, 4, 0
2026/09/29 10:47:34.631, 5, 4, 0
2026/09/29 10:47:34.631, 6, 4, 0
2026/09/29 10:47:34.632, 7, 4, 0
2026/09/29 10:47:35.632, 0, 4, 0
2026/09/29 10:47:35.632, 1, 4, 0
2026/09/29 10:47:35.632, 2, 4, 0
2026/09/29 10:47:35.632, 3, 4, 0
2026/09/29 10:47:35.632, 4, 4, 0
2026/09/29 10:47:35.632, 5, 4, 0
2026/09/29 10:47:35.632, 6, 4, 0
2026/09/29 10:47:35.632, 7, 4, 0
2026/09/29 10:47:36.632, 0, 4, 0
2026/09/29 10:47:36.632, 1, 4, 0
2026/09/29 10:47:36.632, 2, 4, 0
2026/09/29 10:47:36.632, 3, 4, 0
2026/09/29 10:47:36.633, 4, 4, 0
2026/09/29 10:47:36.633, 5, 4, 0
2026/09/29 10:47:36.633, 6, 4, 0
2026/09/29 10:47:36.633, 7, 4, 0
2026/09/29 10:47:37.633, 0, 4, 0
2026/09/29 10:47:37.633, 1, 4, 0
2026/09/29 10:47:37.633, 2, 4, 0
2026/09/29 10:47:37.633, 3, 4, 0
2026/09/29 10:47:37.633, 4, 4, 0
2026/09/29 10:47:37.633, 5, 4, 0
2026/09/29 10:47:37.633, 6, 4, 0
2026/09/29 10:47:37.633, 7, 4, 0
2026/09/29 10:47:38.633, 0, 4, 0
2026/09/29 10:47:38.634, 1, 4, 0
2026/09/29 10:47:38.634, 2, 4, 0
2026/09/29 10:47:38.634, 3, 4, 0
2026/09/29 10:47:38.634, 4, 4, 0
2026/09/29 10:47:38.634, 5, 4, 0
2026/09/29 10:47:38.634, 6, 4, 0
2026/09/29 10:47:38.634, 7, 4, 0
2026/09/29 10:47:39.634, 0, 4, 0
2026/09/29 10:47:39.634, 1, 4, 0
2026/09/29 10:47:39.634, 2, 4, 0
2026/09/29 10:47:39.634, 3, 4, 0
2026/09/29 10:47:39.634, 4, 4, 0
2026/09/29 10:47:39.634, 5, 4, 0
2026/09/29 10:47:39.634, 6, 4, 0
2026/09/29 10:47:39.634, 7, 4, 0
2026/09/29 10:47:40.635, 0, 4, 0
2026/09/29 10:47:40.635, 1, 4, 0
2026/09/29 10:47:40.635, 2, 4, 0
2026/09/29 10:47:40.635, 3, 4, 0
2026/09/29 10:47:40.635, 4, 4, 0
2026/09/29 10:47:40.635, 5, 4, 0
2026/09/29 10:47:40.635, 6, 4, 0
2026/09/29 10:47:40.635, 7, 4, 0
2026/09/29 10:47:41.635, 0, 4, 0
2026/09/29 10:47:41.635, 1, 4, 0
2026/09/29 10:47:41.635, 2, 4, 0
2026/09/29 10:47:41.635, 3, 4, 0
2026/09/29 10:47:41.635, 4, 4, 0
2026/09/29 10:47:41.636, 5, 4, 0
2026/09/29 10:47:41.636, 6, 4, 0
2026/09/29 10:47:41.636, 7, 4, 0
2026/09/29 10:47:42.636, 0, 4, 0
2026/09/29 10:47:42.636, 1, 4, 0
2026/09/29 10:47:42.636, 2, 4, 0
2026/09/29 10:47:42.636, 3, 4, 0
2026/09/29 10:47:42.636, 4, 4, 0
2026/09/29 10:47:42.636, 5, 4, 0
2026/09/29 10:47:42.636, 6, 4, 0
2026/09/29 10:47:42.636, 7, 4, 0
2026/09/29 10:47:43.636, 0, 4, 0
2026/09/29 10:47:43.636, 1, 4, 0
2026/09/29 10:47:43.637, 2, 4, 0
2026/09/29 10:47:43.637, 3, 4, 0
2026/09/29 10:47:43.637, 4, 4, 0
2026/09/29 10:47:43.637, 5, 4, 0
2026/09/29 10:47:43.637, 6, 4, 0
2026/09/29 10:47:43.637, 7, 4, 0
2026/09/29 10:47:44.637, 0, 4, 0
2026/09/29 10:47:44.637, 1, 4, 0
2026/09/29 10:47:44.637, 2, 4, 0
2026/09/29 10:47:44.637, 3, 4, 0
2026/09/29 10:47:44.637, 4, 4, 0
2026/09/29 10:47:44.637, 5, 4, 0
2026/09/29 10:47:44.637, 6, 4, 0
2026/09/29 10:47:44.637, 7, 4, 0
2026/09/29 10:47:45.638, 0, 396, 1
2026/09/29 10:47:45.638, 1, 396, 0
2026/09/29 10:47:45.638, 2, 396, 0
2026/09/29 10:47:45.638, 3, 396, 0
2026/09/29 10:47:45.638, 4, 4, 0
2026/09/29 10:47:45.638, 5, 4, 0
2026/09/29 10:47:45.638, 6, 4, 0
2026/09/29 10:47:45.638, 7, 4, 0
2026/09/29 10:47:46.638, 0, 396, 0
2026/09/29 10:47:46.638, 1, 396, 0
2026/09/29 10:47:46.638, 2, 396, 0
2026/09/29 10:47:46.638, 3, 396, 0
2026/09/29 10:47:46.638, 4, 396, 0
2026/09/29 10:47:46.638, 5, 396, 0
2026/09/29 10:47:46.638, 6, 396, 3
2026/09/29 10:47:46.638, 7, 396, 0
2026/09/29 10:47:47.639, 0, 396, 0
2026/09/29 10:47:47.639, 1, 396, 0
2026/09/29 10:47:47.639, 2, 396, 0
2026/09/29 10:47:47.639, 3, 396, 0
2026/09/29 10:47:47.639, 4, 396, 0
2026/09/29 10:47:47.639, 5, 396, 0
2026/09/29 10:47:47.639, 6, 396, 0
2026/09/29 10:47:47.639, 7, 396, 0
2026/09/29 10:47:48.639, 0, 396, 0
2026/09/29 10:47:48.640, 1, 396, 0
2026/09/29 10:47:48.640, 2, 396, 0
2026/09/29 10:47:48.640, 3, 396, 0
2026/09/29 10:47:48.641, 4, 396, 0
2026/09/29 10:47:48.641, 5, 396, 0
2026/09/29 10:47:48.641, 6, 396, 0
2026/09/29 10:47:48.641, 7, 396, 0
2026/09/29 10:47:49.641, 0, 396, 0
2026/09/29 10:47:49.641, 1, 396, 0
2026/09/29 10:47:49.642, 2, 396, 0
2026/09/29 10:47:49.642, 3, 396, 0
2026/09/29 10:47:49.642, 4, 396, 0
2026/09/29 10:47:49.642, 5, 396, 0
2026/09/29 10:47:49.642, 6, 396, 0
2026/09/29 10:47:49.642, 7, 396, 0
2026/09/29 10:47:50.642, 0, 396, 0
2026/09/29 10:47:50.642, 1, 396, 0
2026/09/29 10:47:50.642, 2, 396, 0
2026/09/29 10:47:50.642, 3, 396, 0
2026/09/29 10:47:50.642, 4, 396, 0
2026/09/29 10:47:50.642, 5, 396, 0
2026/09/29 10:47:50.642, 6, 396, 0
2026/09/29 10:47:50.642, 7, 396, 0
2026/09/29 10:47:51.643, 0, 396, 0
2026/09/29 10:47:51.643, 1, 396, 0
2026/09/29 10:47:51.643, 2, 396, 0
2026/09/29 10:47:51.643, 3, 396, 0
2026/09/29 10:47:51.643, 4, 396, 0
2026/09/29 10:47:51.643, 5, 396, 0
2026/09/29 10:47:51.643, 6, 396, 0
2026/09/29 10:47:51.643, 7, 396, 0
2026/09/29 10:47:52.643, 0, 396, 0
2026/09/29 10:47:52.643, 1, 396, 0
2026/09/29 10:47:52.643, 2, 396, 0
2026/09/29 10:47:52.643, 3, 396, 0
2026/09/29 10:47:52.643, 4, 396, 0
2026/09/29 10:47:52.643, 5, 396, 0
2026/09/29 10:47:52.643, 6, 396, 0
2026/09/29 10:47:52.643, 7, 396, 0
2026/09/29 10:47:53.644, 0, 396, 0
2026/09/29 10:47:53.644, 1, 396, 0
2026/09/29 10:47:53.644, 2, 396, 0
2026/09/29 10:47:53.644, 3, 396, 0
2026/09/29 10:47:53.644, 4, 396, 0
2026/09/29 10:47:53.644, 5, 396, 0
2026/09/29 10:47:53.644, 6, 396, 0
2026/09/29 10:47:53.644, 7, 396, 0
2026/09/29 10:47:54.645, 0, 396, 0
2026/09/29 10:47:54.645, 1, 396, 0
2026/09/29 10:47:54.645, 2, 396, 0
2026/09/29 10:47:54.645, 3, 396, 0
2026/09/29 10:47:54.645, 4, 396, 0
2026/09/29 10:47:54.645, 5, 396, 0
2026/09/29 10:47:54.645, 6, 396, 0
2026/09/29 10:47:54.645, 7, 396, 0
2026/09/29 10:47:55.645, 0, 396, 0
2026/09/29 10:47:55.645, 1, 396, 0
2026/09/29 10:47:55.646, 2, 396, 0
2026/09/29 10:47:55.646, 3, 396, 0
2026/09/29 10:47:55.646, 4, 396, 0
2026/09/29 10:47:55.646, 5, 396, 0
2026/09/29 10:47:55.646, 6, 396, 0
2026/09/29 10:47:55.646, 7, 396, 0
2026/09/29 10:47:56.646, 0, 396, 0
2026/09/29 10:47:56.646, 1, 396, 0
2026/09/29 10:47:56.646, 2, 396, 0
2026/09/29 10:47:56.646, 3, 396, 0
2026/09/29 10:47:56.646, 4, 396, 0
2026/09/29 10:47:56.646, 5, 396, 0
2026/09/29 10:47:56.646, 6, 396, 0
2026/09/29 10:47:56.646, 7, 396, 0
2026/09/29 10:47:57.647, 0, 396, 0
2026/09/29 10:47:57.647, 1, 396, 0
2026/09/29 10:47:57.647, 2, 396, 0
2026/09/29 10:47:57.647, 3, 396, 0
2026/09/29 10:47:57.647, 4, 396, 0
2026/09/29 10:47:57.647, 5, 396, 0
2026/09/29 10:47:57.647, 6, 396, 0
2026/09/29 10:47:57.647, 7, 396, 0
2026/09/29 10:47:58.647, 0, 396, 0
2026/09/29 10:47:58.647, 1, 396, 0
2026/09/29 10:47:58.647, 2, 396, 0
2026/09/29 10:47:58.647, 3, 396, 0
2026/09/29 10:47:58.648, 4, 396, 0
2026/09/29 10:47:58.648, 5, 396, 0
2026/09/29 10:47:58.648, 6, 396, 0
2026/09/29 10:47:58.648, 7, 396, 0
2026/09/29 10:47:59.648, 0, 396, 0
2026/09/29 10:47:59.648, 1, 396, 0
2026/09/29 10:47:59.648, 2, 396, 0
2026/09/29 10:47:59.648, 3, 396, 0
2026/09/29 10:47:59.648, 4, 396, 0
2026/09/29 10:47:59.648, 5, 396, 0
2026/09/29 10:47:59.648, 6, 396, 0
2026/09/29 10:47:59.648, 7, 396, 0
2026/09/29 10:48:00.649, 0, 396, 0
2026/09/29 10:48:00.649, 1, 396, 0
2026/09/29 10:48:00.649, 2, 396, 0
2026/09/29 10:48:00.649, 3, 396, 0
2026/09/29 10:48:00.649, 4, 396, 0
2026/09/29 10:48:00.649, 5, 396, 0
2026/09/29 10:48:00.649, 6, 396, 0
2026/09/29 10:48:00.649, 7, 396, 0
2026/09/29 10:48:01.649, 0, 396, 0
2026/09/29 10:48:01.649, 1, 396, 0
2026/09/29 10:48:01.649, 2, 396, 0
2026/09/29 10:48:01.649, 3, 396, 0
2026/09/29 10:48:01.649, 4, 396, 0
2026/09/29 10:48:01.649, 5, 396, 0
2026/09/29 10:48:01.650, 6, 396, 0
2026/09/29 10:48:01.650, 7, 396, 0
2026/09/29 10:48:02.650, 0, 787, 0
2026/09/29 10:48:02.650, 1, 787, 0
2026/09/29 10:48:02.650, 2, 787, 0
2026/09/29 10:48:02.650, 3, 487, 0
2026/09/29 10:48:02.651, 4, 427, 0
2026/09/29 10:48:02.651, 5, 787, 0
2026/09/29 10:48:02.651, 6, 787, 0
2026/09/29 10:48:02.651, 7, 787, 1
2026/09/29 10:48:03.651, 0, 1061, 0
2026/09/29 10:48:03.655, 1, 1061, 10
2026/09/29 10:48:03.655, 2, 1061, 10
2026/09/29 10:48:03.655, 3, 1061, 0
2026/09/29 10:48:03.655, 4, 1061, 0
2026/09/29 10:48:03.659, 5, 1061, 13
2026/09/29 10:48:03.660, 6, 1061, 0
2026/09/29 10:48:03.660, 7, 1061, 6
2026/09/29 10:48:04.660, 0, 1159, 0
2026/09/29 10:48:04.660, 1, 1159, 0
2026/09/29 10:48:04.660, 2, 1159, 0
2026/09/29 10:48:04.660, 3, 1159, 0
2026/09/29 10:48:04.660, 4, 1159, 0
2026/09/29 10:48:04.660, 5, 1159, 0
2026/09/29 10:48:04.661, 6, 1159, 0
2026/09/29 10:48:04.661, 7, 1159, 0
2026/09/29 10:48:05.661, 0, 1159, 0
2026/09/29 10:48:05.661, 1, 1159, 0
2026/09/29 10:48:05.661, 2, 1159, 0
2026/09/29 10:48:05.661, 3, 1159, 0
2026/09/29 10:48:05.661, 4, 1159, 0
2026/09/29 10:48:05.661, 5, 1159, 0
2026/09/29 10:48:05.661, 6, 1159, 0
2026/09/29 10:48:05.661, 7, 1159, 0
2026/09/29 10:48:06.661, 0, 1157, 0
2026/09/29 10:48:06.662, 1, 1157, 0
2026/09/29 10:48:06.662, 2, 1157, 0
2026/09/29 10:48:06.662, 3, 1157, 0
2026/09/29 10:48:06.662, 4, 1157, 0
2026/09/29 10:48:06.662, 5, 1157, 0
2026/09/29 10:48:06.662, 6, 1157, 0
2026/09/29 10:48:06.662, 7, 1157, 0
2026/09/29 10:48:07.662, 0, 1157, 0
2026/09/29 10:48:07.662, 1, 1157, 0
2026/09/29 10:48:07.662, 2, 1157, 0
2026/09/29 10:48:07.662, 3, 1157, 0
2026/09/29 10:48:07.662, 4, 1157, 0
2026/09/29 10:48:07.662, 5, 1157, 0
2026/09/29 10:48:07.662, 6, 1157, 0
2026/09/29 10:48:07.662, 7, 1157, 0
2026/09/29 10:48:08.663, 0, 1157, 0
2026/09/29 10:48:08.663, 1, 1157, 0
2026/09/29 10:48:08.663, 2, 1157, 0
2026/09/29 10:48:08.663, 3, 1157, 0
2026/09/29 10:48:08.663, 4, 1157, 0
2026/09/29 10:48:08.663, 5, 1157, 0
2026/09/29 10:48:08.663, 6, 1157, 0
2026/09/29 10:48:08.664, 7, 1157, 0
2026/09/29 10:48:09.664, 0, 1157, 0
2026/09/29 10:48:09.664, 1, 1157, 0
2026/09/29 10:48:09.664, 2, 1157, 0
2026/09/29 10:48:09.664, 3, 1157, 0
2026/09/29 10:48:09.664, 4, 1157, 0
2026/09/29 10:48:09.664, 5, 1157, 0
2026/09/29 10:48:09.664, 6, 1157, 0
2026/09/29 10:48:09.664, 7, 1157, 0
2026/09/29 10:48:10.665, 0, 1157, 0
2026/09/29 10:48:10.665, 1, 1157, 0
2026/09/29 10:48:10.665, 2, 1157, 0
2026/09/29 10:48:10.665, 3, 1157, 0
2026/09/29 10:48:10.665, 4, 1157, 0
2026/09/29 10:48:10.665, 5, 1157, 0
2026/09/29 10:48:10.665, 6, 1157, 0
2026/09/29 10:48:10.666, 7, 1157, 0
2026/09/29 10:48:11.666, 0, 1157, 0
2026/09/29 10:48:11.666, 1, 1157, 0
2026/09/29 10:48:11.666, 2, 1157, 0
2026/09/29 10:48:11.666, 3, 1157, 0
2026/09/29 10:48:11.666, 4, 1157, 0
2026/09/29 10:48:11.666, 5, 1157, 0
2026/09/29 10:48:11.666, 6, 1157, 0
2026/09/29 10:48:11.666, 7, 1157, 0
2026/09/29 10:48:12.666, 0, 1157, 0
2026/09/29 10:48:12.667, 1, 1157, 0
2026/09/29 10:48:12.667, 2, 1157, 0
2026/09/29 10:48:12.667, 3, 1157, 0
2026/09/29 10:48:12.667, 4, 1157, 0
2026/09/29 10:48:12.667, 5, 1157, 0
2026/09/29 10:48:12.667, 6, 1157, 0
2026/09/29 10:48:12.667, 7, 1157, 0
2026/09/29 10:48:13.667, 0, 1157, 0
2026/09/29 10:48:13.667, 1, 1157, 0
2026/09/29 10:48:13.667, 2, 1157, 0
2026/09/29 10:48:13.667, 3, 1157, 0
2026/09/29 10:48:13.667, 4, 1157, 0
2026/09/29 10:48:13.668, 5, 1157, 0
2026/09/29 10:48:13.668, 6, 1157, 0
2026/09/29 10:48:13.668, 7, 1157, 0
2026/09/29 10:48:14.668, 0, 1157, 0
2026/09/29 10:48:14.668, 1, 1157, 0
2026/09/29 10:48:14.668, 2, 1157, 0
2026/09/29 10:48:14.668, 3, 1157, 0
2026/09/29 10:48:14.668, 4, 1157, 0
2026/09/29 10:48:14.668, 5, 1157, 0
2026/09/29 10:48:14.668, 6, 1157, 0
2026/09/29 10:48:14.668, 7, 1157, 0
2026/09/29 10:48:15.668, 0, 1157, 0
2026/09/29 10:48:15.669, 1, 1157, 0
2026/09/29 10:48:15.669, 2, 1157, 0
2026/09/29 10:48:15.669, 3, 1157, 0
2026/09/29 10:48:15.669, 4, 1157, 0
2026/09/29 10:48:15.669, 5, 1157, 0
2026/09/29 10:48:15.669, 6, 1157, 0
2026/09/29 10:48:15.669, 7, 1157, 0
2026/09/29 10:48:16.669, 0, 1157, 0
2026/09/29 10:48:16.670, 1, 1157, 0
2026/09/29 10:48:16.670, 2, 1157, 0
2026/09/29 10:48:16.670, 3, 1157, 0
2026/09/29 10:48:16.670, 4, 1157, 0
2026/09/29 10:48:16.670, 5, 1157, 0
2026/09/29 10:48:16.670, 6, 1157, 0
2026/09/29 10:48:16.670, 7, 1157, 0
2026/09/29 10:48:17.670, 0, 1157, 0
2026/09/29 10:48:17.670, 1, 1157, 0
2026/09/29 10:48:17.670, 2, 1157, 0
2026/09/29 10:48:17.670, 3, 1157, 0
2026/09/29 10:48:17.670, 4, 1157, 0
2026/09/29 10:48:17.670, 5, 1157, 0
2026/09/29 10:48:17.671, 6, 1157, 0
2026/09/29 10:48:17.671, 7, 1157, 0
2026/09/29 10:48:18.671, 0, 1157, 0
2026/09/29 10:48:18.671, 1, 1157, 0
2026/09/29 10:48:18.671, 2, 1157, 0
2026/09/29 10:48:18.671, 3, 1157, 0
2026/09/29 10:48:18.671, 4, 1157, 0
2026/09/29 10:48:18.671, 5, 1157, 0
2026/09/29 10:48:18.671, 6, 1157, 0
2026/09/29 10:48:18.671, 7, 1157, 0
2026/09/29 10:48:19.671, 0, 1157, 0
2026/09/29 10:48:19.671, 1, 1157, 0
2026/09/29 10:48:19.671, 2, 1157, 0
2026/09/29 10:48:19.671, 3, 1157, 0
2026/09/29 10:48:19.672, 4, 1157, 0
2026/09/29 10:48:19.672, 5, 1157, 0
2026/09/29 10:48:19.672, 6, 1157, 0
2026/09/29 10:48:19.672, 7, 1157, 0
2026/09/29 10:48:20.672, 0, 1157, 0
2026/09/29 10:48:20.672, 1, 1157, 0
2026/09/29 10:48:20.672, 2, 1157, 0
2026/09/29 10:48:20.672, 3, 1157, 0
2026/09/29 10:48:20.672, 4, 1157, 0
2026/09/29 10:48:20.672, 5, 1157, 0
2026/09/29 10:48:20.672, 6, 1157, 0
2026/09/29 10:48:20.672, 7, 1157, 0
2026/09/29 10:48:21.672, 0, 1157, 0
2026/09/29 10:48:21.673, 1, 1157, 0
2026/09/29 10:48:21.673, 2, 1157, 0
2026/09/29 10:48:21.673, 3, 1161, 0
2026/09/29 10:48:21.673, 4, 1157, 0
2026/09/29 10:48:21.673, 5, 1157, 0
2026/09/29 10:48:21.673, 6, 1157, 0
2026/09/29 10:48:21.673, 7, 1163, 2
2026/09/29 10:48:22.673, 0, 1157, 0
2026/09/29 10:48:22.678, 1, 1163, 0
2026/09/29 10:48:22.678, 2, 1163, 0
2026/09/29 10:48:22.678, 3, 1163, 2
2026/09/29 10:48:22.706, 4, 1157, 0
2026/09/29 10:48:22.712, 5, 1163, 0
2026/09/29 10:48:22.712, 6, 1161, 0
2026/09/29 10:48:22.713, 7, 1165, 0
2026/09/29 10:48:23.714, 0, 1157, 0
2026/09/29 10:48:23.714, 1, 1163, 0
2026/09/29 10:48:23.714, 2, 1165, 0
2026/09/29 10:48:23.714, 3, 1165, 0
2026/09/29 10:48:23.731, 4, 1161, 0
2026/09/29 10:48:23.731, 5, 1163, 0
2026/09/29 10:48:23.731, 6, 1163, 0
2026/09/29 10:48:23.731, 7, 1167, 0
2026/09/29 10:48:24.734, 0, 1161, 0
2026/09/29 10:48:24.734, 1, 1167, 0
2026/09/29 10:48:24.734, 2, 1167, 0
2026/09/29 10:48:24.734, 3, 1169, 0
2026/09/29 10:48:24.734, 4, 1163, 0
2026/09/29 10:48:24.734, 5, 1167, 0
2026/09/29 10:48:24.734, 6, 1167, 0
2026/09/29 10:48:24.734, 7, 1169, 3
2026/09/29 10:48:25.734, 0, 1163, 0
2026/09/29 10:48:25.734, 1, 1169, 0
2026/09/29 10:48:25.734, 2, 1169, 2
2026/09/29 10:48:25.749, 3, 1171, 2
2026/09/29 10:48:25.754, 4, 1165, 1
2026/09/29 10:48:25.754, 5, 1169, 0
2026/09/29 10:48:25.755, 6, 1169, 0
2026/09/29 10:48:25.756, 7, 1173, 0
2026/09/29 10:48:26.756, 0, 1167, 0
2026/09/29 10:48:26.756, 1, 1171, 0
2026/09/29 10:48:26.757, 2, 1173, 0
2026/09/29 10:48:26.757, 3, 1175, 0
2026/09/29 10:48:26.757, 4, 1169, 0
2026/09/29 10:48:26.757, 5, 1173, 0
2026/09/29 10:48:26.757, 6, 1171, 1
2026/09/29 10:48:26.757, 7, 1175, 0
2026/09/29 10:48:27.757, 0, 1169, 0
2026/09/29 10:48:27.757, 1, 1175, 3
2026/09/29 10:48:27.757, 2, 1175, 3
2026/09/29 10:48:27.757, 3, 1177, 0
2026/09/29 10:48:27.757, 4, 1171, 0
2026/09/29 10:48:27.757, 5, 1175, 0
2026/09/29 10:48:27.775, 6, 1175, 2
2026/09/29 10:48:27.777, 7, 1177, 0
2026/09/29 10:48:28.777, 0, 1171, 0
2026/09/29 10:48:28.777, 1, 1177, 3
2026/09/29 10:48:28.778, 2, 1179, 3
2026/09/29 10:48:28.778, 3, 1179, 0
2026/09/29 10:48:28.778, 4, 1173, 3
2026/09/29 10:48:28.778, 5, 1179, 0
2026/09/29 10:48:28.778, 6, 1177, 3
2026/09/29 10:48:28.778, 7, 1181, 0
2026/09/29 10:48:29.778, 0, 1173, 0
2026/09/29 10:48:29.780, 1, 1181, 0
2026/09/29 10:48:29.781, 2, 1181, 0
2026/09/29 10:48:29.781, 3, 1181, 1
2026/09/29 10:48:29.782, 4, 1175, 0
2026/09/29 10:48:29.782, 5, 1181, 0
2026/09/29 10:48:29.783, 6, 1181, 0
2026/09/29 10:48:29.783, 7, 1183, 0
2026/09/29 10:48:30.784, 0, 1175, 0
2026/09/29 10:48:30.784, 1, 1181, 0
2026/09/29 10:48:30.784, 2, 1183, 0
2026/09/29 10:48:30.784, 3, 1185, 0
2026/09/29 10:48:30.784, 4, 1177, 0
2026/09/29 10:48:30.784, 5, 1185, 0
2026/09/29 10:48:30.785, 6, 1183, 0
2026/09/29 10:48:30.785, 7, 1185, 0
2026/09/29 10:48:31.785, 0, 1177, 0
2026/09/29 10:48:31.797, 1, 1185, 0
2026/09/29 10:48:31.800, 2, 1185, 0
2026/09/29 10:48:31.801, 3, 1187, 0
2026/09/29 10:48:31.801, 4, 1181, 0
2026/09/29 10:48:31.802, 5, 1187, 0
2026/09/29 10:48:31.802, 6, 1187, 0
2026/09/29 10:48:31.802, 7, 1187, 0
2026/09/29 10:48:32.802, 0, 1181, 0
2026/09/29 10:48:32.802, 1, 1187, 1
2026/09/29 10:48:32.802, 2, 1187, 2
2026/09/29 10:48:32.802, 3, 1189, 0
2026/09/29 10:48:32.802, 4, 1181, 0
2026/09/29 10:48:32.802, 5, 1191, 1
2026/09/29 10:48:32.802, 6, 1189, 0
2026/09/29 10:48:32.802, 7, 1189, 0
2026/09/29 10:48:33.802, 0, 1181, 0
2026/09/29 10:48:33.802, 1, 1189, 0
2026/09/29 10:48:33.802, 2, 1191, 0
2026/09/29 10:48:33.802, 3, 1193, 0
2026/09/29 10:48:33.803, 4, 1185, 0
2026/09/29 10:48:33.803, 5, 1193, 0
2026/09/29 10:48:33.803, 6, 1193, 0
2026/09/29 10:48:33.803, 7, 1193, 0
2026/09/29 10:48:34.803, 0, 1183, 0
2026/09/29 10:48:34.815, 1, 1191, 0
2026/09/29 10:48:34.821, 2, 1193, 0
2026/09/29 10:48:34.822, 3, 1195, 0
2026/09/29 10:48:34.823, 4, 1187, 0
2026/09/29 10:48:34.823, 5, 1197, 0
2026/09/29 10:48:34.824, 6, 1195, 0
2026/09/29 10:48:34.824, 7, 1195, 3
2026/09/29 10:48:35.825, 0, 1187, 0
2026/09/29 10:48:35.825, 1, 1193, 3
2026/09/29 10:48:35.825, 2, 1195, 3
2026/09/29 10:48:35.827, 3, 1199, 0
2026/09/29 10:48:35.827, 4, 1189, 1
2026/09/29 10:48:35.827, 5, 1199, 3
2026/09/29 10:48:35.827, 6, 1199, 0
2026/09/29 10:48:35.827, 7, 1199, 0
2026/09/29 10:48:36.827, 0, 1187, 0
2026/09/29 10:48:36.839, 1, 1197, 0
2026/09/29 10:48:36.866, 2, 1199, 0
2026/09/29 10:48:36.867, 3, 1201, 0
2026/09/29 10:48:36.867, 4, 1193, 0
2026/09/29 10:48:36.867, 5, 1201, 0
2026/09/29 10:48:36.868, 6, 1201, 0
2026/09/29 10:48:36.868, 7, 1201, 0
2026/09/29 10:48:37.868, 0, 1191, 0
2026/09/29 10:48:37.869, 1, 1199, 0
2026/09/29 10:48:37.872, 2, 1201, 0
2026/09/29 10:48:37.872, 3, 1205, 0
2026/09/29 10:48:37.872, 4, 1195, 0
2026/09/29 10:48:37.873, 5, 1205, 0
2026/09/29 10:48:37.873, 6, 1205, 1
2026/09/29 10:48:37.875, 7, 1205, 0
2026/09/29 10:48:38.875, 0, 1193, 0
2026/09/29 10:48:38.875, 1, 1203, 0
2026/09/29 10:48:38.875, 2, 1205, 2
2026/09/29 10:48:38.875, 3, 1205, 0
2026/09/29 10:48:38.875, 4, 1197, 0
2026/09/29 10:48:38.875, 5, 1207, 0
2026/09/29 10:48:38.875, 6, 1207, 0
2026/09/29 10:48:38.875, 7, 1207, 0
2026/09/29 10:48:39.876, 0, 1197, 0
2026/09/29 10:48:39.876, 1, 1205, 0
2026/09/29 10:48:39.876, 2, 1205, 3
2026/09/29 10:48:39.876, 3, 1209, 0
2026/09/29 10:48:39.876, 4, 1199, 0
2026/09/29 10:48:39.876, 5, 1211, 0
2026/09/29 10:48:39.876, 6, 1209, 0
2026/09/29 10:48:39.876, 7, 1209, 0
2026/09/29 10:48:40.876, 0, 1199, 0
2026/09/29 10:48:40.879, 1, 1207, 0
2026/09/29 10:48:40.880, 2, 1209, 0
2026/09/29 10:48:40.880, 3, 1211, 0
2026/09/29 10:48:40.881, 4, 1203, 3
2026/09/29 10:48:40.881, 5, 1213, 0
2026/09/29 10:48:40.881, 6, 1211, 0
2026/09/29 10:48:40.881, 7, 1213, 0
2026/09/29 10:48:41.881, 0, 1201, 0
2026/09/29 10:48:41.882, 1, 1211, 0
2026/09/29 10:48:41.882, 2, 1211, 0
2026/09/29 10:48:41.882, 3, 1215, 0
2026/09/29 10:48:41.882, 4, 1205, 3
2026/09/29 10:48:41.882, 5, 1217, 0
2026/09/29 10:48:41.882, 6, 1215, 0
2026/09/29 10:48:41.882, 7, 1217, 0
2026/09/29 10:48:42.882, 0, 1205, 0
2026/09/29 10:48:42.882, 1, 1213, 0
2026/09/29 10:48:42.882, 2, 1213, 3
2026/09/29 10:48:42.882, 3, 1217, 0
2026/09/29 10:48:42.882, 4, 1207, 1
2026/09/29 10:48:42.882, 5, 1219, 0
2026/09/29 10:48:42.882, 6, 1217, 0
2026/09/29 10:48:42.882, 7, 1219, 0
2026/09/29 10:48:43.882, 0, 1205, 0
2026/09/29 10:48:43.883, 1, 1217, 0
2026/09/29 10:48:43.883, 2, 1217, 0
2026/09/29 10:48:43.883, 3, 1239, 3
2026/09/29 10:48:43.898, 4, 1211, 0
2026/09/29 10:48:43.898, 5, 2463, 0
2026/09/29 10:48:43.899, 6, 2463, 0
2026/09/29 10:48:43.899, 7, 2461, 7
2026/09/29 10:48:44.900, 0, 1209, 0
2026/09/29 10:48:44.900, 1, 1217, 0
2026/09/29 10:48:44.900, 2, 1217, 0
2026/09/29 10:48:44.900, 3, 2461, 3
2026/09/29 10:48:44.900, 4, 1213, 0
2026/09/29 10:48:44.900, 5, 2465, 0
2026/09/29 10:48:44.900, 6, 2465, 0
2026/09/29 10:48:44.900, 7, 2465, 0
2026/09/29 10:48:45.900, 0, 1211, 0
2026/09/29 10:48:45.900, 1, 1579, 0
2026/09/29 10:48:45.900, 2, 2461, 0
2026/09/29 10:48:45.904, 3, 2465, 1
2026/09/29 10:48:45.904, 4, 1215, 0
2026/09/29 10:48:45.904, 5, 2469, 0
2026/09/29 10:48:45.907, 6, 2469, 0
2026/09/29 10:48:45.907, 7, 2467, 0
2026/09/29 10:48:46.907, 0, 1211, 0
2026/09/29 10:48:46.930, 1, 2463, 3
2026/09/29 10:48:46.934, 2, 2465, 0
2026/09/29 10:48:46.935, 3, 2467, 0
2026/09/29 10:48:46.961, 4, 1219, 0
2026/09/29 10:48:46.965, 5, 2473, 1
2026/09/29 10:48:46.965, 6, 2473, 0
2026/09/29 10:48:46.966, 7, 2471, 0
2026/09/29 10:48:47.967, 0, 1215, 2
2026/09/29 10:48:47.967, 1, 2465, 0
2026/09/29 10:48:47.968, 2, 2469, 0
2026/09/29 10:48:47.968, 3, 2471, 0
2026/09/29 10:48:47.968, 4, 1579, 3
2026/09/29 10:48:47.968, 5, 2475, 0
2026/09/29 10:48:47.969, 6, 2475, 0
2026/09/29 10:48:47.969, 7, 2473, 0
2026/09/29 10:48:48.970, 0, 1217, 0
2026/09/29 10:48:48.970, 1, 2469, 0
2026/09/29 10:48:48.970, 2, 2471, 0
2026/09/29 10:48:48.988, 3, 2473, 0
2026/09/29 10:48:48.990, 4, 2461, 2
2026/09/29 10:48:48.991, 5, 2479, 0
2026/09/29 10:48:48.991, 6, 2479, 0
2026/09/29 10:48:48.991, 7, 2475, 0
2026/09/29 10:48:49.991, 0, 1219, 0
2026/09/29 10:48:49.992, 1, 2471, 1
2026/09/29 10:48:49.992, 2, 2473, 0
2026/09/29 10:48:49.992, 3, 2475, 0
2026/09/29 10:48:49.992, 4, 2465, 0
2026/09/29 10:48:49.992, 5, 2483, 1
2026/09/29 10:48:49.992, 6, 2481, 0
2026/09/29 10:48:49.992, 7, 2479, 0
2026/09/29 10:48:50.992, 0, 1579, 0
2026/09/29 10:48:50.992, 1, 2473, 0
2026/09/29 10:48:50.992, 2, 2475, 0
2026/09/29 10:48:50.992, 3, 2479, 0
2026/09/29 10:48:50.992, 4, 2467, 1
2026/09/29 10:48:50.992, 5, 2487, 1
2026/09/29 10:48:50.992, 6, 2485, 0
2026/09/29 10:48:50.992, 7, 2481, 0
2026/09/29 10:48:51.993, 0, 2461, 2
2026/09/29 10:48:52.002, 1, 2475, 1
2026/09/29 10:48:52.040, 2, 2479, 0
2026/09/29 10:48:52.045, 3, 2481, 0
2026/09/29 10:48:52.046, 4, 2471, 0
2026/09/29 10:48:52.046, 5, 2489, 0
2026/09/29 10:48:52.047, 6, 2487, 1
2026/09/29 10:48:52.047, 7, 2485, 0
2026/09/29 10:48:53.048, 0, 2465, 0
2026/09/29 10:48:53.048, 1, 2477, 0
2026/09/29 10:48:53.048, 2, 2481, 1
2026/09/29 10:48:53.048, 3, 2483, 1
2026/09/29 10:48:53.048, 4, 2471, 0
2026/09/29 10:48:53.048, 5, 2491, 1
2026/09/29 10:48:53.049, 6, 2491, 1
2026/09/29 10:48:53.049, 7, 2487, 0
2026/09/29 10:48:54.049, 0, 2465, 0
2026/09/29 10:48:54.049, 1, 2479, 0
2026/09/29 10:48:54.050, 2, 2481, 0
2026/09/29 10:48:54.050, 3, 2485, 0
2026/09/29 10:48:54.050, 4, 2473, 0
2026/09/29 10:48:54.050, 5, 2491, 0
2026/09/29 10:48:54.050, 6, 2491, 0
2026/09/29 10:48:54.050, 7, 2487, 1
2026/09/29 10:48:55.050, 0, 2469, 0
2026/09/29 10:48:55.050, 1, 2481, 1
2026/09/29 10:48:55.050, 2, 2485, 1
2026/09/29 10:48:55.050, 3, 2487, 0
2026/09/29 10:48:55.050, 4, 2475, 0
2026/09/29 10:48:55.050, 5, 2495, 0
2026/09/29 10:48:55.050, 6, 2495, 1
2026/09/29 10:48:55.050, 7, 2491, 0
2026/09/29 10:48:56.050, 0, 2471, 1
2026/09/29 10:48:56.051, 1, 2483, 0
2026/09/29 10:48:56.051, 2, 2487, 0
2026/09/29 10:48:56.051, 3, 2489, 1
2026/09/29 10:48:56.051, 4, 2477, 0
2026/09/29 10:48:56.051, 5, 3237, 32
2026/09/29 10:48:56.051, 6, 3237, 0
2026/09/29 10:48:56.051, 7, 2491, 1
2026/09/29 10:48:57.051, 0, 2471, 0
2026/09/29 10:48:57.055, 1, 2487, 1
2026/09/29 10:48:57.060, 2, 2489, 0
2026/09/29 10:48:57.061, 3, 2491, 0
2026/09/29 10:48:57.064, 4, 2481, 1
2026/09/29 10:48:57.065, 5, 3239, 0
2026/09/29 10:48:57.065, 6, 3239, 0
2026/09/29 10:48:57.066, 7, 2495, 0
2026/09/29 10:48:58.068, 0, 2475, 0
2026/09/29 10:48:58.068, 1, 2487, 0
2026/09/29 10:48:58.069, 2, 2491, 1
2026/09/29 10:48:58.069, 3, 2493, 1
2026/09/29 10:48:58.069, 4, 2481, 0
2026/09/29 10:48:58.069, 5, 3341, 4
2026/09/29 10:48:58.069, 6, 3341, 0
2026/09/29 10:48:58.069, 7, 3237, 0
2026/09/29 10:48:59.069, 0, 2477, 0
2026/09/29 10:48:59.069, 1, 2491, 0
2026/09/29 10:48:59.070, 2, 2493, 0
2026/09/29 10:48:59.070, 3, 2497, 0
2026/09/29 10:48:59.071, 4, 2485, 0
2026/09/29 10:48:59.072, 5, 3583, 0
2026/09/29 10:48:59.072, 6, 3583, 0
2026/09/29 10:48:59.073, 7, 3239, 0
2026/09/29 10:49:00.073, 0, 2479, 0
2026/09/29 10:49:00.073, 1, 2491, 0
2026/09/29 10:49:00.074, 2, 2495, 0
2026/09/29 10:49:00.074, 3, 3239, 0
2026/09/29 10:49:00.074, 4, 2487, 0
2026/09/29 10:49:00.074, 5, 3583, 0
2026/09/29 10:49:00.074, 6, 3583, 0
2026/09/29 10:49:00.074, 7, 3341, 0
2026/09/29 10:49:01.074, 0, 2481, 0
2026/09/29 10:49:01.074, 1, 2495, 0
2026/09/29 10:49:01.074, 2, 3239, 0
2026/09/29 10:49:01.074, 3, 3341, 0
2026/09/29 10:49:01.074, 4, 2489, 0
2026/09/29 10:49:01.074, 5, 3583, 0
2026/09/29 10:49:01.074, 6, 3583, 0
2026/09/29 10:49:01.074, 7, 3583, 0
2026/09/29 10:49:02.074, 0, 2485, 0
2026/09/29 10:49:02.075, 1, 3237, 0
2026/09/29 10:49:02.075, 2, 3341, 4
2026/09/29 10:49:02.075, 3, 3583, 0
2026/09/29 10:49:02.075, 4, 2491, 1
2026/09/29 10:49:02.075, 5, 3583, 0
2026/09/29 10:49:02.075, 6, 3583, 0
2026/09/29 10:49:02.075, 7, 3583, 0
2026/09/29 10:49:03.075, 0, 2487, 1
2026/09/29 10:49:03.076, 1, 3341, 4
2026/09/29 10:49:03.076, 2, 3583, 0
2026/09/29 10:49:03.076, 3, 3583, 0
2026/09/29 10:49:03.076, 4, 2495, 0
2026/09/29 10:49:03.076, 5, 3583, 0
2026/09/29 10:49:03.076, 6, 3583, 0
2026/09/29 10:49:03.076, 7, 3583, 0
2026/09/29 10:49:04.076, 0, 2491, 1
2026/09/29 10:49:04.076, 1, 3583, 0
2026/09/29 10:49:04.077, 2, 3583, 0
2026/09/29 10:49:04.077, 3, 3583, 0
2026/09/29 10:49:04.077, 4, 3239, 33
2026/09/29 10:49:04.080, 5, 3583, 0
2026/09/29 10:49:04.080, 6, 3583, 0
2026/09/29 10:49:04.080, 7, 3583, 0
2026/09/29 10:49:05.080, 0, 2493, 1
2026/09/29 10:49:05.080, 1, 3583, 0
2026/09/29 10:49:05.081, 2, 3583, 0
2026/09/29 10:49:05.081, 3, 3583, 0
2026/09/29 10:49:05.081, 4, 3341, 0
2026/09/29 10:49:05.081, 5, 3583, 0
2026/09/29 10:49:05.081, 6, 3583, 0
2026/09/29 10:49:05.081, 7, 3583, 0
2026/09/29 10:49:06.081, 0, 2497, 0
2026/09/29 10:49:06.081, 1, 3583, 0
2026/09/29 10:49:06.082, 2, 3583, 0
2026/09/29 10:49:06.082, 3, 3583, 0
2026/09/29 10:49:06.082, 4, 3583, 0
2026/09/29 10:49:06.082, 5, 3583, 0
2026/09/29 10:49:06.082, 6, 3583, 0
2026/09/29 10:49:06.083, 7, 3583, 0
2026/09/29 10:49:07.083, 0, 3239, 0
2026/09/29 10:49:07.083, 1, 3583, 0
2026/09/29 10:49:07.083, 2, 3583, 0
2026/09/29 10:49:07.083, 3, 3583, 0
2026/09/29 10:49:07.084, 4, 3583, 0
2026/09/29 10:49:07.084, 5, 3583, 0
2026/09/29 10:49:07.084, 6, 3583, 0
2026/09/29 10:49:07.084, 7, 3583, 0
2026/09/29 10:49:08.084, 0, 3341, 0
2026/09/29 10:49:08.084, 1, 3583, 0
2026/09/29 10:49:08.084, 2, 3583, 0
2026/09/29 10:49:08.084, 3, 3583, 0
2026/09/29 10:49:08.084, 4, 3583, 0
2026/09/29 10:49:08.084, 5, 3583, 0
2026/09/29 10:49:08.084, 6, 3583, 0
2026/09/29 10:49:08.084, 7, 3583, 0
2026/09/29 10:49:09.085, 0, 3583, 0
2026/09/29 10:49:09.085, 1, 3583, 0
2026/09/29 10:49:09.085, 2, 3583, 0
2026/09/29 10:49:09.085, 3, 3583, 0
2026/09/29 10:49:09.085, 4, 3583, 0
2026/09/29 10:49:09.085, 5, 3583, 0
2026/09/29 10:49:09.085, 6, 3583, 0
2026/09/29 10:49:09.085, 7, 3583, 0
2026/09/29 10:49:10.085, 0, 4575, 100
2026/09/29 10:49:10.085, 1, 4575, 100
2026/09/29 10:49:10.085, 2, 4575, 100
2026/09/29 10:49:10.086, 3, 4575, 0
2026/09/29 10:49:10.086, 4, 4575, 0
2026/09/29 10:49:10.086, 5, 4575, 28
2026/09/29 10:49:10.086, 6, 4575, 0
2026/09/29 10:49:10.086, 7, 4575, 61
2026/09/29 10:49:11.086, 0, 4615, 100
2026/09/29 10:49:11.086, 1, 4615, 100
2026/09/29 10:49:11.086, 2, 4615, 100
2026/09/29 10:49:11.086, 3, 4575, 100
2026/09/29 10:49:11.086, 4, 4615, 100
2026/09/29 10:49:11.086, 5, 4615, 85
2026/09/29 10:49:11.086, 6, 4615, 100
2026/09/29 10:49:11.086, 7, 4615, 100
2026/09/29 10:49:12.086, 0, 4699, 6
2026/09/29 10:49:12.086, 1, 4699, 36
2026/09/29 10:49:12.086, 2, 4699, 81
2026/09/29 10:49:12.087, 3, 4615, 72
2026/09/29 10:49:12.087, 4, 4617, 100
2026/09/29 10:49:12.087, 5, 4699, 29
2026/09/29 10:49:12.087, 6, 4699, 100
2026/09/29 10:49:12.087, 7, 4615, 100
2026/09/29 10:49:13.087, 0, 6661, 78
2026/09/29 10:49:13.087, 1, 6663, 57
2026/09/29 10:49:13.087, 2, 6665, 39
2026/09/29 10:49:13.087, 3, 6663, 100
2026/09/29 10:49:13.087, 4, 6665, 0
2026/09/29 10:49:13.087, 5, 6663, 47
2026/09/29 10:49:13.087, 6, 6663, 0
2026/09/29 10:49:13.087, 7, 6661, 0
2026/09/29 10:49:14.087, 0, 7449, 0
2026/09/29 10:49:14.087, 1, 7591, 0
2026/09/29 10:49:14.088, 2, 7593, 0
2026/09/29 10:49:14.088, 3, 7591, 91
2026/09/29 10:49:14.088, 4, 7593, 42
2026/09/29 10:49:14.088, 5, 7591, 0
2026/09/29 10:49:14.088, 6, 7591, 97
2026/09/29 10:49:14.088, 7, 7449, 24
2026/09/29 10:49:15.089, 0, 7449, 0
2026/09/29 10:49:15.089, 1, 7591, 0
2026/09/29 10:49:15.089, 2, 7593, 1
2026/09/29 10:49:15.089, 3, 7591, 0
2026/09/29 10:49:15.089, 4, 7593, 0
2026/09/29 10:49:15.089, 5, 7591, 0
2026/09/29 10:49:15.089, 6, 7593, 0
2026/09/29 10:49:15.089, 7, 7449, 7
2026/09/29 10:49:16.089, 0, 7451, 0
2026/09/29 10:49:16.089, 1, 7593, 0
2026/09/29 10:49:16.089, 2, 7595, 0
2026/09/29 10:49:16.089, 3, 7593, 0
2026/09/29 10:49:16.089, 4, 7595, 0
2026/09/29 10:49:16.090, 5, 7593, 0
2026/09/29 10:49:16.090, 6, 7593, 0
2026/09/29 10:49:16.090, 7, 7451, 0
2026/09/29 10:49:17.090, 0, 7451, 100
2026/09/29 10:49:17.090, 1, 7593, 100
2026/09/29 10:49:17.090, 2, 7595, 100
2026/09/29 10:49:17.090, 3, 7593, 0
2026/09/29 10:49:17.090, 4, 7595, 0
2026/09/29 10:49:17.090, 5, 7593, 100
2026/09/29 10:49:17.090, 6, 7593, 2
2026/09/29 10:49:17.090, 7, 7451, 44
2026/09/29 10:49:18.090, 0, 7451, 100
2026/09/29 10:49:18.093, 1, 7593, 100
2026/09/29 10:49:18.093, 2, 7595, 100
2026/09/29 10:49:18.093, 3, 7593, 100
2026/09/29 10:49:18.093, 4, 7595, 100
2026/09/29 10:49:18.093, 5, 7593, 100
2026/09/29 10:49:18.093, 6, 7593, 100
2026/09/29 10:49:18.093, 7, 7451, 100
2026/09/29 10:49:19.093, 0, 7451, 100
2026/09/29 10:49:19.093, 1, 7593, 100
2026/09/29 10:49:19.093, 2, 7595, 100
2026/09/29 10:49:19.093, 3, 7593, 100
2026/09/29 10:49:19.093, 4, 7595, 100
2026/09/29 10:49:19.093, 5, 7593, 100
2026/09/29 10:49:19.093, 6, 7593, 100
2026/09/29 10:49:19.093, 7, 7451, 100
2026/09/29 10:49:20.094, 0, 7451, 100
2026/09/29 10:49:20.094, 1, 7593, 100
2026/09/29 10:49:20.094, 2, 7595, 100
2026/09/29 10:49:20.094, 3, 7593, 100
2026/09/29 10:49:20.094, 4, 7595, 100
2026/09/29 10:49:20.094, 5, 7593, 100
2026/09/29 10:49:20.094, 6, 7593, 100
2026/09/29 10:49:20.094, 7, 7451, 100
2026/09/29 10:49:21.094, 0, 7451, 0
2026/09/29 10:49:21.094, 1, 7593, 22
2026/09/29 10:49:21.094, 2, 7595, 100
2026/09/29 10:49:21.094, 3, 7593, 100
2026/09/29 10:49:21.094, 4, 7595, 100
2026/09/29 10:49:21.094, 5, 7593, 100
2026/09/29 10:49:21.094, 6, 7593, 100
2026/09/29 10:49:21.094, 7, 7451, 100
2026/09/29 10:49:22.095, 0, 7451, 100
2026/09/29 10:49:22.095, 1, 7593, 100
2026/09/29 10:49:22.095, 2, 7595, 100
2026/09/29 10:49:22.095, 3, 7593, 55
2026/09/29 10:49:22.095, 4, 7595, 100
2026/09/29 10:49:22.095, 5, 7593, 100
2026/09/29 10:49:22.095, 6, 7593, 100
2026/09/29 10:49:22.095, 7, 7451, 100
2026/09/29 10:49:23.095, 0, 7451, 100
2026/09/29 10:49:23.095, 1, 7593, 100
2026/09/29 10:49:23.095, 2, 7595, 100
2026/09/29 10:49:23.095, 3, 7593, 100
2026/09/29 10:49:23.095, 4, 7595, 100
2026/09/29 10:49:23.095, 5, 7593, 100
2026/09/29 10:49:23.095, 6, 7593, 100
2026/09/29 10:49:23.095, 7, 7451, 100
2026/09/29 10:49:24.095, 0, 7451, 100
2026/09/29 10:49:24.095, 1, 7593, 100
2026/09/29 10:49:24.095, 2, 7595, 100
2026/09/29 10:49:24.096, 3, 7593, 100
2026/09/29 10:49:24.096, 4, 7595, 100
2026/09/29 10:49:24.096, 5, 7593, 100
2026/09/29 10:49:24.096, 6, 7593, 100
2026/09/29 10:49:24.096, 7, 7451, 100
2026/09/29 10:49:25.096, 0, 7451, 100
2026/09/29 10:49:25.096, 1, 7593, 100
2026/09/29 10:49:25.096, 2, 7595, 100
2026/09/29 10:49:25.096, 3, 7593, 100
2026/09/29 10:49:25.096, 4, 7595, 100
2026/09/29 10:49:25.096, 5, 7593, 100
2026/09/29 10:49:25.096, 6, 7593, 100
2026/09/29 10:49:25.096, 7, 7451, 100
2026/09/29 10:49:26.096, 0, 7451, 100
2026/09/29 10:49:26.097, 1, 7593, 100
2026/09/29 10:49:26.097, 2, 7595, 100
2026/09/29 10:49:26.097, 3, 7593, 100
2026/09/29 10:49:26.097, 4, 7595, 100
2026/09/29 10:49:26.097, 5, 7593, 100
2026/09/29 10:49:26.097, 6, 7593, 100
2026/09/29 10:49:26.097, 7, 7451, 100
2026/09/29 10:49:27.097, 0, 7451, 100
2026/09/29 10:49:27.097, 1, 7593, 100
2026/09/29 10:49:27.097, 2, 7595, 100
2026/09/29 10:49:27.097, 3, 7593, 100
2026/09/29 10:49:27.097, 4, 7595, 100
2026/09/29 10:49:27.097, 5, 7593, 100
2026/09/29 10:49:27.098, 6, 7593, 100
2026/09/29 10:49:27.098, 7, 7451, 100
2026/09/29 10:49:28.098, 0, 7451, 100
2026/09/29 10:49:28.098, 1, 7593, 100
2026/09/29 10:49:28.098, 2, 7595, 100
2026/09/29 10:49:28.098, 3, 7593, 100
2026/09/29 10:49:28.098, 4, 7595, 100
2026/09/29 10:49:28.098, 5, 7593, 100
2026/09/29 10:49:28.098, 6, 7593, 100
2026/09/29 10:49:28.098, 7, 7451, 100
2026/09/29 10:49:29.098, 0, 7451, 100
2026/09/29 10:49:29.098, 1, 7593, 100
2026/09/29 10:49:29.098, 2, 7595, 100
2026/09/29 10:49:29.098, 3, 7593, 100
2026/09/29 10:49:29.099, 4, 7595, 100
2026/09/29 10:49:29.099, 5, 7593, 100
2026/09/29 10:49:29.099, 6, 7593, 100
2026/09/29 10:49:29.099, 7, 7451, 100
2026/09/29 10:49:30.099, 0, 7451, 100
2026/09/29 10:49:30.099, 1, 7593, 100
2026/09/29 10:49:30.099, 2, 7595, 100
2026/09/29 10:49:30.099, 3, 7593, 100
2026/09/29 10:49:30.099, 4, 7595, 100
2026/09/29 10:49:30.099, 5, 7593, 100
2026/09/29 10:49:30.099, 6, 7593, 100
2026/09/29 10:49:30.099, 7, 7451, 100
2026/09/29 10:49:31.100, 0, 7451, 100
2026/09/29 10:49:31.100, 1, 7593, 100
2026/09/29 10:49:31.100, 2, 7595, 100
2026/09/29 10:49:31.100, 3, 7593, 100
2026/09/29 10:49:31.100, 4, 7595, 100
2026/09/29 10:49:31.100, 5, 7593, 100
2026/09/29 10:49:31.100, 6, 7593, 100
2026/09/29 10:49:31.100, 7, 7451, 100
2026/09/29 10:49:32.100, 0, 7451, 100
2026/09/29 10:49:32.100, 1, 7593, 100
2026/09/29 10:49:32.100, 2, 7595, 100
2026/09/29 10:49:32.100, 3, 7593, 100
2026/09/29 10:49:32.100, 4, 7595, 100
2026/09/29 10:49:32.101, 5, 7593, 100
2026/09/29 10:49:32.101, 6, 7593, 100
2026/09/29 10:49:32.101, 7, 7451, 100
2026/09/29 10:49:33.101, 0, 7451, 100
2026/09/29 10:49:33.101, 1, 7593, 100
2026/09/29 10:49:33.101, 2, 7595, 100
2026/09/29 10:49:33.101, 3, 7593, 100
2026/09/29 10:49:33.101, 4, 7595, 100
2026/09/29 10:49:33.101, 5, 7593, 100
2026/09/29 10:49:33.101, 6, 7593, 100
2026/09/29 10:49:33.101, 7, 7451, 100
2026/09/29 10:49:34.101, 0, 7451, 100
2026/09/29 10:49:34.101, 1, 7593, 100
2026/09/29 10:49:34.102, 2, 7595, 100
2026/09/29 10:49:34.102, 3, 7593, 100
2026/09/29 10:49:34.102, 4, 7595, 100
2026/09/29 10:49:34.102, 5, 7593, 100
2026/09/29 10:49:34.102, 6, 7593, 100
2026/09/29 10:49:34.102, 7, 7451, 100
2026/09/29 10:49:35.102, 0, 4687, 23
2026/09/29 10:49:35.102, 1, 4407, 25
2026/09/29 10:49:35.102, 2, 4551, 29
2026/09/29 10:49:35.102, 3, 4551, 100
2026/09/29 10:49:35.103, 4, 4411, 100
2026/09/29 10:49:35.103, 5, 4769, 29
2026/09/29 10:49:35.105, 6, 4409, 100
2026/09/29 10:49:35.105, 7, 5047, 100
2026/09/29 10:49:36.106, 0, 12527, 100
2026/09/29 10:49:36.106, 1, 12507, 100
2026/09/29 10:49:36.106, 2, 12511, 100
2026/09/29 10:49:36.106, 3, 12511, 46
2026/09/29 10:49:36.106, 4, 12511, 92
2026/09/29 10:49:36.106, 5, 12509, 100
2026/09/29 10:49:36.106, 6, 12509, 58
2026/09/29 10:49:36.106, 7, 12527, 100
2026/09/29 10:49:37.106, 0, 3527, 27
2026/09/29 10:49:37.107, 1, 3527, 26
2026/09/29 10:49:37.107, 2, 3531, 27
2026/09/29 10:49:37.107, 3, 3531, 100
2026/09/29 10:49:37.108, 4, 3531, 100
2026/09/29 10:49:37.108, 5, 3529, 28
2026/09/29 10:49:37.108, 6, 3529, 100
2026/09/29 10:49:37.108, 7, 3527, 14
2026/09/29 10:49:38.108, 0, 5229, 100
2026/09/29 10:49:38.108, 1, 5309, 100
2026/09/29 10:49:38.108, 2, 5313, 100
2026/09/29 10:49:38.108, 3, 5313, 11
2026/09/29 10:49:38.108, 4, 5313, 93
2026/09/29 10:49:38.108, 5, 5311, 100
2026/09/29 10:49:38.109, 6, 5311, 0
2026/09/29 10:49:38.109, 7, 5229, 100
2026/09/29 10:49:39.109, 0, 7441, 98
2026/09/29 10:49:39.109, 1, 7441, 99
2026/09/29 10:49:39.110, 2, 7443, 90
2026/09/29 10:49:39.110, 3, 7281, 100
2026/09/29 10:49:39.110, 4, 7441, 100
2026/09/29 10:49:39.110, 5, 7441, 99
2026/09/29 10:49:39.110, 6, 7441, 98
2026/09/29 10:49:39.110, 7, 7437, 98
2026/09/29 10:49:40.110, 0, 8221, 100
2026/09/29 10:49:40.110, 1, 8221, 100
2026/09/29 10:49:40.110, 2, 8223, 100
2026/09/29 10:49:40.110, 3, 8181, 99
2026/09/29 10:49:40.110, 4, 8221, 81
2026/09/29 10:49:40.110, 5, 8221, 100
2026/09/29 10:49:40.110, 6, 8221, 99
2026/09/29 10:49:40.110, 7, 8217, 100
2026/09/29 10:49:41.110, 0, 8221, 100
2026/09/29 10:49:41.110, 1, 8221, 100
2026/09/29 10:49:41.111, 2, 8223, 100
2026/09/29 10:49:41.111, 3, 8181, 100
2026/09/29 10:49:41.111, 4, 8221, 100
2026/09/29 10:49:41.111, 5, 8221, 100
2026/09/29 10:49:41.111, 6, 8221, 100
2026/09/29 10:49:41.111, 7, 8217, 100
2026/09/29 10:49:42.111, 0, 8221, 100
2026/09/29 10:49:42.111, 1, 8221, 100
2026/09/29 10:49:42.111, 2, 8223, 100
2026/09/29 10:49:42.111, 3, 8181, 100
2026/09/29 10:49:42.111, 4, 8221, 100
2026/09/29 10:49:42.111, 5, 8221, 100
2026/09/29 10:49:42.111, 6, 8221, 100
2026/09/29 10:49:42.111, 7, 8217, 100
2026/09/29 10:49:43.112, 0, 8221, 100
2026/09/29 10:49:43.112, 1, 8221, 100
2026/09/29 10:49:43.112, 2, 8223, 100
2026/09/29 10:49:43.112, 3, 8181, 100
2026/09/29 10:49:43.112, 4, 8221, 100
2026/09/29 10:49:43.112, 5, 8221, 100
2026/09/29 10:49:43.112, 6, 8221, 100
2026/09/29 10:49:43.112, 7, 8217, 100
2026/09/29 10:49:44.112, 0, 8221, 100
2026/09/29 10:49:44.112, 1, 8221, 100
2026/09/29 10:49:44.113, 2, 8223, 100
2026/09/29 10:49:44.113, 3, 8181, 100
2026/09/29 10:49:44.113, 4, 8221, 100
2026/09/29 10:49:44.113, 5, 8221, 100
2026/09/29 10:49:44.113, 6, 8221, 100
2026/09/29 10:49:44.113, 7, 8217, 100
2026/09/29 10:49:45.113, 0, 8221, 100
2026/09/29 10:49:45.113, 1, 8221, 100
2026/09/29 10:49:45.113, 2, 8223, 100
2026/09/29 10:49:45.113, 3, 8181, 100
2026/09/29 10:49:45.113, 4, 8221, 100
2026/09/29 10:49:45.114, 5, 8221, 100
2026/09/29 10:49:45.114, 6, 8221, 100
2026/09/29 10:49:45.114, 7, 8217, 100
2026/09/29 10:49:46.114, 0, 8221, 100
2026/09/29 10:49:46.114, 1, 8221, 100
2026/09/29 10:49:46.114, 2, 8223, 100
2026/09/29 10:49:46.114, 3, 8181, 100
2026/09/29 10:49:46.114, 4, 8221, 100
2026/09/29 10:49:46.114, 5, 8221, 100
2026/09/29 10:49:46.114, 6, 8221, 100
2026/09/29 10:49:46.114, 7, 8217, 100
2026/09/29 10:49:47.114, 0, 8221, 100
2026/09/29 10:49:47.114, 1, 8221, 100
2026/09/29 10:49:47.114, 2, 8223, 100
2026/09/29 10:49:47.115, 3, 8181, 100
2026/09/29 10:49:47.115, 4, 8221, 100
2026/09/29 10:49:47.115, 5, 8221, 100
2026/09/29 10:49:47.115, 6, 8221, 100
2026/09/29 10:49:47.115, 7, 8217, 100
2026/09/29 10:49:48.115, 0, 8221, 100
2026/09/29 10:49:48.115, 1, 8221, 100
2026/09/29 10:49:48.115, 2, 8223, 100
2026/09/29 10:49:48.115, 3, 8181, 100
2026/09/29 10:49:48.115, 4, 8221, 100
2026/09/29 10:49:48.115, 5, 8221, 100
2026/09/29 10:49:48.115, 6, 8221, 100
2026/09/29 10:49:48.115, 7, 8217, 100
2026/09/29 10:49:49.115, 0, 8221, 100
2026/09/29 10:49:49.116, 1, 8221, 100
2026/09/29 10:49:49.116, 2, 8223, 100
2026/09/29 10:49:49.116, 3, 8181, 100
2026/09/29 10:49:49.116, 4, 8221, 100
2026/09/29 10:49:49.116, 5, 8221, 100
2026/09/29 10:49:49.116, 6, 8221, 100
2026/09/29 10:49:49.116, 7, 8217, 100
2026/09/29 10:49:50.116, 0, 8221, 100
2026/09/29 10:49:50.117, 1, 8221, 100
2026/09/29 10:49:50.117, 2, 8223, 100
2026/09/29 10:49:50.117, 3, 8181, 100
2026/09/29 10:49:50.117, 4, 8221, 100
2026/09/29 10:49:50.117, 5, 8221, 100
2026/09/29 10:49:50.117, 6, 8221, 100
2026/09/29 10:49:50.117, 7, 8217, 100
2026/09/29 10:49:51.117, 0, 8221, 100
2026/09/29 10:49:51.118, 1, 8221, 100
2026/09/29 10:49:51.118, 2, 8223, 100
2026/09/29 10:49:51.118, 3, 8181, 100
2026/09/29 10:49:51.118, 4, 8221, 100
2026/09/29 10:49:51.118, 5, 8221, 100
2026/09/29 10:49:51.118, 6, 8221, 100
2026/09/29 10:49:51.118, 7, 8217, 100
2026/09/29 10:49:52.118, 0, 8221, 100
2026/09/29 10:49:52.118, 1, 8221, 100
2026/09/29 10:49:52.118, 2, 8223, 100
2026/09/29 10:49:52.118, 3, 8181, 100
2026/09/29 10:49:52.118, 4, 8221, 100
2026/09/29 10:49:52.118, 5, 8221, 100
2026/09/29 10:49:52.118, 6, 8221, 100
2026/09/29 10:49:52.118, 7, 8217, 100
2026/09/29 10:49:53.119, 0, 8221, 100
2026/09/29 10:49:53.119, 1, 8221, 100
2026/09/29 10:49:53.119, 2, 8223, 100
2026/09/29 10:49:53.119, 3, 8181, 100
2026/09/29 10:49:53.119, 4, 8221, 100
2026/09/29 10:49:53.119, 5, 8221, 100
2026/09/29 10:49:53.119, 6, 8221, 100
2026/09/29 10:49:53.119, 7, 8217, 100
2026/09/29 10:49:54.119, 0, 8221, 100
2026/09/29 10:49:54.120, 1, 8221, 100
2026/09/29 10:49:54.120, 2, 8223, 100
2026/09/29 10:49:54.120, 3, 8181, 100
2026/09/29 10:49:54.120, 4, 8221, 100
2026/09/29 10:49:54.120, 5, 8221, 100
2026/09/29 10:49:54.120, 6, 8221, 100
2026/09/29 10:49:54.120, 7, 8217, 100
2026/09/29 10:49:55.120, 0, 8221, 100
2026/09/29 10:49:55.120, 1, 8221, 100
2026/09/29 10:49:55.120, 2, 8223, 100
2026/09/29 10:49:55.120, 3, 8181, 100
2026/09/29 10:49:55.120, 4, 8221, 100
2026/09/29 10:49:55.120, 5, 8221, 100
2026/09/29 10:49:55.120, 6, 8221, 100
2026/09/29 10:49:55.120, 7, 8217, 100
2026/09/29 10:49:56.121, 0, 8221, 100
2026/09/29 10:49:56.121, 1, 8221, 100
2026/09/29 10:49:56.121, 2, 8223, 100
2026/09/29 10:49:56.121, 3, 8181, 100
2026/09/29 10:49:56.121, 4, 8221, 100
2026/09/29 10:49:56.121, 5, 8221, 100
2026/09/29 10:49:56.121, 6, 8221, 100
2026/09/29 10:49:56.121, 7, 8217, 100
2026/09/29 10:49:57.121, 0, 8221, 100
2026/09/29 10:49:57.121, 1, 8221, 100
2026/09/29 10:49:57.121, 2, 8223, 100
2026/09/29 10:49:57.121, 3, 8181, 100
2026/09/29 10:49:57.122, 4, 8221, 100
2026/09/29 10:49:57.122, 5, 8221, 100
2026/09/29 10:49:57.122, 6, 8221, 100
2026/09/29 10:49:57.122, 7, 8217, 100
2026/09/29 10:49:58.122, 0, 8221, 100
2026/09/29 10:49:58.122, 1, 8221, 100
2026/09/29 10:49:58.122, 2, 8223, 100
2026/09/29 10:49:58.122, 3, 8181, 100
2026/09/29 10:49:58.122, 4, 8221, 100
2026/09/29 10:49:58.122, 5, 8221, 100
2026/09/29 10:49:58.122, 6, 8221, 100
2026/09/29 10:49:58.122, 7, 8217, 100
2026/09/29 10:49:59.122, 0, 8221, 100
2026/09/29 10:49:59.123, 1, 8221, 100
2026/09/29 10:49:59.123, 2, 8223, 100
2026/09/29 10:49:59.123, 3, 8181, 100
2026/09/29 10:49:59.123, 4, 8221, 100
2026/09/29 10:49:59.123, 5, 8221, 100
2026/09/29 10:49:59.123, 6, 8221, 100
2026/09/29 10:49:59.123, 7, 8217, 100
2026/09/29 10:50:00.123, 0, 8221, 100
2026/09/29 10:50:00.123, 1, 8221, 100
2026/09/29 10:50:00.123, 2, 8223, 100
2026/09/29 10:50:00.123, 3, 8181, 100
2026/09/29 10:50:00.123, 4, 8221, 100
2026/09/29 10:50:00.124, 5, 8221, 100
2026/09/29 10:50:00.124, 6, 8221, 100
2026/09/29 10:50:00.124, 7, 8217, 100
2026/09/29 10:50:01.124, 0, 8221, 100
2026/09/29 10:50:01.124, 1, 8221, 100
2026/09/29 10:50:01.124, 2, 8223, 100
2026/09/29 10:50:01.124, 3, 8181, 100
2026/09/29 10:50:01.124, 4, 8221, 100
2026/09/29 10:50:01.124, 5, 8221, 100
2026/09/29 10:50:01.124, 6, 8221, 100
2026/09/29 10:50:01.124, 7, 8217, 100
2026/09/29 10:50:02.124, 0, 8221, 100
2026/09/29 10:50:02.125, 1, 8221, 100
2026/09/29 10:50:02.125, 2, 8223, 100
2026/09/29 10:50:02.125, 3, 8181, 100
2026/09/29 10:50:02.125, 4, 8221, 100
2026/09/29 10:50:02.125, 5, 8221, 100
2026/09/29 10:50:02.125, 6, 8221, 100
2026/09/29 10:50:02.125, 7, 8217, 100
2026/09/29 10:50:03.125, 0, 4209, 99
2026/09/29 10:50:03.126, 1, 4171, 97
2026/09/29 10:50:03.126, 2, 4195, 99
2026/09/29 10:50:03.127, 3, 4213, 62
2026/09/29 10:50:03.127, 4, 4151, 29
2026/09/29 10:50:03.128, 5, 4173, 98
2026/09/29 10:50:03.128, 6, 4091, 100
2026/09/29 10:50:03.129, 7, 3909, 30
2026/09/29 10:50:04.130, 0, 4871, 100
2026/09/29 10:50:04.130, 1, 4871, 100
2026/09/29 10:50:04.130, 2, 4893, 100
2026/09/29 10:50:04.130, 3, 4935, 100
2026/09/29 10:50:04.130, 4, 4873, 100
2026/09/29 10:50:04.130, 5, 4897, 100
2026/09/29 10:50:04.130, 6, 4873, 56
2026/09/29 10:50:04.130, 7, 4909, 100
2026/09/29 10:50:05.130, 0, 6901, 99
2026/09/29 10:50:05.131, 1, 7003, 97
2026/09/29 10:50:05.131, 2, 7001, 86
2026/09/29 10:50:05.131, 3, 7003, 99
2026/09/29 10:50:05.131, 4, 6921, 98
2026/09/29 10:50:05.131, 5, 7003, 68
2026/09/29 10:50:05.131, 6, 6941, 100
2026/09/29 10:50:05.131, 7, 7059, 98
2026/09/29 10:50:06.131, 0, 7681, 100
2026/09/29 10:50:06.131, 1, 7783, 100
2026/09/29 10:50:06.131, 2, 7781, 100
2026/09/29 10:50:06.131, 3, 7783, 100
2026/09/29 10:50:06.131, 4, 7701, 100
2026/09/29 10:50:06.132, 5, 7783, 100
2026/09/29 10:50:06.132, 6, 7721, 99
2026/09/29 10:50:06.132, 7, 7839, 100
2026/09/29 10:50:07.132, 0, 7681, 100
2026/09/29 10:50:07.132, 1, 7783, 100
2026/09/29 10:50:07.132, 2, 7781, 100
2026/09/29 10:50:07.132, 3, 7783, 100
2026/09/29 10:50:07.132, 4, 7701, 100
2026/09/29 10:50:07.132, 5, 7783, 100
2026/09/29 10:50:07.132, 6, 7721, 100
2026/09/29 10:50:07.132, 7, 7839, 100
2026/09/29 10:50:08.133, 0, 7681, 100
2026/09/29 10:50:08.133, 1, 7783, 100
2026/09/29 10:50:08.133, 2, 7781, 100
2026/09/29 10:50:08.133, 3, 7783, 100
2026/09/29 10:50:08.133, 4, 7701, 100
2026/09/29 10:50:08.133, 5, 7783, 100
2026/09/29 10:50:08.133, 6, 7721, 100
2026/09/29 10:50:08.133, 7, 7839, 100
2026/09/29 10:50:09.133, 0, 7681, 100
2026/09/29 10:50:09.133, 1, 7783, 100
2026/09/29 10:50:09.133, 2, 7781, 100
2026/09/29 10:50:09.133, 3, 7783, 100
2026/09/29 10:50:09.134, 4, 7701, 100
2026/09/29 10:50:09.134, 5, 7783, 100
2026/09/29 10:50:09.134, 6, 7721, 100
2026/09/29 10:50:09.134, 7, 7839, 100
2026/09/29 10:50:10.134, 0, 7681, 100
2026/09/29 10:50:10.134, 1, 7783, 100
2026/09/29 10:50:10.134, 2, 7781, 100
2026/09/29 10:50:10.134, 3, 7783, 100
2026/09/29 10:50:10.134, 4, 7701, 100
2026/09/29 10:50:10.134, 5, 7783, 100
2026/09/29 10:50:10.134, 6, 7721, 100
2026/09/29 10:50:10.134, 7, 7839, 100
2026/09/29 10:50:11.134, 0, 7681, 100
2026/09/29 10:50:11.135, 1, 7783, 100
2026/09/29 10:50:11.135, 2, 7781, 100
2026/09/29 10:50:11.135, 3, 7783, 100
2026/09/29 10:50:11.135, 4, 7701, 100
2026/09/29 10:50:11.135, 5, 7783, 100
2026/09/29 10:50:11.135, 6, 7721, 100
2026/09/29 10:50:11.135, 7, 7839, 100
2026/09/29 10:50:12.135, 0, 7681, 100
2026/09/29 10:50:12.135, 1, 7783, 100
2026/09/29 10:50:12.135, 2, 7781, 100
2026/09/29 10:50:12.135, 3, 7783, 100
2026/09/29 10:50:12.135, 4, 7701, 100
2026/09/29 10:50:12.135, 5, 7783, 100
2026/09/29 10:50:12.135, 6, 7721, 100
2026/09/29 10:50:12.136, 7, 7839, 100
2026/09/29 10:50:13.136, 0, 7681, 100
2026/09/29 10:50:13.136, 1, 7783, 100
2026/09/29 10:50:13.136, 2, 7781, 100
2026/09/29 10:50:13.136, 3, 7783, 100
2026/09/29 10:50:13.136, 4, 7701, 100
2026/09/29 10:50:13.136, 5, 7783, 100
2026/09/29 10:50:13.136, 6, 7721, 100
2026/09/29 10:50:13.136, 7, 7839, 100
2026/09/29 10:50:14.136, 0, 7681, 100
2026/09/29 10:50:14.136, 1, 7783, 100
2026/09/29 10:50:14.136, 2, 7781, 100
2026/09/29 10:50:14.136, 3, 7783, 100
2026/09/29 10:50:14.137, 4, 7701, 100
2026/09/29 10:50:14.137, 5, 7783, 100
2026/09/29 10:50:14.137, 6, 7721, 100
2026/09/29 10:50:14.137, 7, 7839, 100
2026/09/29 10:50:15.137, 0, 7681, 100
2026/09/29 10:50:15.137, 1, 7783, 100
2026/09/29 10:50:15.137, 2, 7781, 100
2026/09/29 10:50:15.137, 3, 7783, 100
2026/09/29 10:50:15.137, 4, 7701, 100
2026/09/29 10:50:15.137, 5, 7783, 100
2026/09/29 10:50:15.137, 6, 7721, 100
2026/09/29 10:50:15.137, 7, 7839, 100
2026/09/29 10:50:16.137, 0, 7681, 100
2026/09/29 10:50:16.138, 1, 7783, 100
2026/09/29 10:50:16.138, 2, 7781, 100
2026/09/29 10:50:16.138, 3, 7783, 100
2026/09/29 10:50:16.138, 4, 7701, 100
2026/09/29 10:50:16.138, 5, 7783, 100
2026/09/29 10:50:16.138, 6, 7721, 100
2026/09/29 10:50:16.138, 7, 7839, 100
2026/09/29 10:50:17.138, 0, 7681, 100
2026/09/29 10:50:17.138, 1, 7783, 100
2026/09/29 10:50:17.138, 2, 7781, 100
2026/09/29 10:50:17.138, 3, 7783, 100
2026/09/29 10:50:17.138, 4, 7701, 100
2026/09/29 10:50:17.138, 5, 7783, 100
2026/09/29 10:50:17.138, 6, 7721, 100
2026/09/29 10:50:17.138, 7, 7839, 100
2026/09/29 10:50:18.139, 0, 7681, 100
2026/09/29 10:50:18.139, 1, 7783, 100
2026/09/29 10:50:18.139, 2, 7781, 100
2026/09/29 10:50:18.139, 3, 7783, 100
2026/09/29 10:50:18.139, 4, 7701, 100
2026/09/29 10:50:18.139, 5, 7783, 100
2026/09/29 10:50:18.139, 6, 7721, 100
2026/09/29 10:50:18.139, 7, 7839, 100
2026/09/29 10:50:19.139, 0, 7681, 100
2026/09/29 10:50:19.139, 1, 7783, 100
2026/09/29 10:50:19.140, 2, 7781, 100
2026/09/29 10:50:19.140, 3, 7783, 100
2026/09/29 10:50:19.140, 4, 7701, 100
2026/09/29 10:50:19.140, 5, 7783, 100
2026/09/29 10:50:19.140, 6, 7721, 100
2026/09/29 10:50:19.140, 7, 7839, 100
2026/09/29 10:50:20.140, 0, 7681, 100
2026/09/29 10:50:20.140, 1, 7783, 100
2026/09/29 10:50:20.140, 2, 7781, 100
2026/09/29 10:50:20.140, 3, 7783, 100
2026/09/29 10:50:20.140, 4, 7701, 100
2026/09/29 10:50:20.140, 5, 7783, 100
2026/09/29 10:50:20.140, 6, 7721, 100
2026/09/29 10:50:20.141, 7, 7839, 100
2026/09/29 10:50:21.141, 0, 7681, 100
2026/09/29 10:50:21.141, 1, 7783, 100
2026/09/29 10:50:21.141, 2, 7781, 100
2026/09/29 10:50:21.141, 3, 7783, 100
2026/09/29 10:50:21.141, 4, 7701, 100
2026/09/29 10:50:21.141, 5, 7783, 100
2026/09/29 10:50:21.141, 6, 7721, 100
2026/09/29 10:50:21.141, 7, 7839, 100
2026/09/29 10:50:22.141, 0, 7681, 100
2026/09/29 10:50:22.142, 1, 7783, 100
2026/09/29 10:50:22.142, 2, 7781, 100
2026/09/29 10:50:22.142, 3, 7783, 100
2026/09/29 10:50:22.142, 4, 7701, 100
2026/09/29 10:50:22.142, 5, 7783, 100
2026/09/29 10:50:22.142, 6, 7721, 100
2026/09/29 10:50:22.142, 7, 7839, 100
2026/09/29 10:50:23.142, 0, 7681, 100
2026/09/29 10:50:23.142, 1, 7783, 100
2026/09/29 10:50:23.142, 2, 7781, 100
2026/09/29 10:50:23.142, 3, 7783, 100
2026/09/29 10:50:23.142, 4, 7701, 100
2026/09/29 10:50:23.142, 5, 7783, 100
2026/09/29 10:50:23.142, 6, 7721, 100
2026/09/29 10:50:23.142, 7, 7839, 100
2026/09/29 10:50:24.143, 0, 10193, 63
2026/09/29 10:50:24.143, 1, 10055, 76
2026/09/29 10:50:24.144, 2, 10355, 55
2026/09/29 10:50:24.145, 3, 10331, 85
2026/09/29 10:50:24.145, 4, 10295, 85
2026/09/29 10:50:24.146, 5, 10097, 49
2026/09/29 10:50:24.146, 6, 9577, 100
2026/09/29 10:50:24.147, 7, 9689, 56
2026/09/29 10:50:25.147, 0, 12553, 100
2026/09/29 10:50:25.147, 1, 12475, 100
2026/09/29 10:50:25.147, 2, 12155, 100
2026/09/29 10:50:25.148, 3, 12671, 100
2026/09/29 10:50:25.148, 4, 12455, 100
2026/09/29 10:50:25.148, 5, 12477, 100
2026/09/29 10:50:25.148, 6, 12317, 37
2026/09/29 10:50:25.148, 7, 12349, 100
2026/09/29 10:50:26.148, 0, 3793, 0
2026/09/29 10:50:26.148, 1, 3755, 0
2026/09/29 10:50:26.148, 2, 3795, 0
2026/09/29 10:50:26.148, 3, 3751, 0
2026/09/29 10:50:26.148, 4, 3775, 30
2026/09/29 10:50:26.148, 5, 3817, 0
2026/09/29 10:50:26.148, 6, 3797, 100
2026/09/29 10:50:26.148, 7, 3769, 30
2026/09/29 10:50:27.149, 0, 3793, 0
2026/09/29 10:50:27.149, 1, 3755, 0
2026/09/29 10:50:27.149, 2, 3795, 0
2026/09/29 10:50:27.149, 3, 3751, 0
2026/09/29 10:50:27.149, 4, 3775, 0
2026/09/29 10:50:27.149, 5, 3817, 0
2026/09/29 10:50:27.149, 6, 3797, 0
2026/09/29 10:50:27.149, 7, 3769, 0
2026/09/29 10:50:28.149, 0, 5475, 58
2026/09/29 10:50:28.149, 1, 5417, 33
2026/09/29 10:50:28.149, 2, 5477, 0
2026/09/29 10:50:28.149, 3, 5453, 78
2026/09/29 10:50:28.149, 4, 5417, 0
2026/09/29 10:50:28.149, 5, 5439, 0
2026/09/29 10:50:28.150, 6, 5499, 0
2026/09/29 10:50:28.150, 7, 5431, 0
2026/09/29 10:50:29.150, 0, 5635, 100
2026/09/29 10:50:29.150, 1, 5497, 100
2026/09/29 10:50:29.150, 2, 5557, 100
2026/09/29 10:50:29.150, 3, 5453, 100
2026/09/29 10:50:29.150, 4, 5577, 100
2026/09/29 10:50:29.150, 5, 5599, 100
2026/09/29 10:50:29.150, 6, 6523, 100
2026/09/29 10:50:29.150, 7, 5431, 100
2026/09/29 10:50:30.150, 0, 7681, 98
2026/09/29 10:50:30.150, 1, 7787, 98
2026/09/29 10:50:30.151, 2, 7667, 99
2026/09/29 10:50:30.151, 3, 7827, 99
2026/09/29 10:50:30.151, 4, 7785, 68
2026/09/29 10:50:30.151, 5, 7767, 99
2026/09/29 10:50:30.151, 6, 7889, 100
2026/09/29 10:50:30.151, 7, 7803, 51
2026/09/29 10:50:31.151, 0, 7821, 99
2026/09/29 10:50:31.151, 1, 7847, 99
2026/09/29 10:50:31.151, 2, 7807, 99
2026/09/29 10:50:31.151, 3, 7827, 99
2026/09/29 10:50:31.151, 4, 7785, 97
2026/09/29 10:50:31.151, 5, 7767, 99
2026/09/29 10:50:31.151, 6, 7889, 99
2026/09/29 10:50:31.151, 7, 7803, 98
2026/09/29 10:50:32.152, 0, 8601, 100
2026/09/29 10:50:32.152, 1, 8627, 100
2026/09/29 10:50:32.152, 2, 8587, 100
2026/09/29 10:50:32.152, 3, 8607, 100
2026/09/29 10:50:32.152, 4, 8565, 34
2026/09/29 10:50:32.152, 5, 8607, 100
2026/09/29 10:50:32.152, 6, 8669, 99
2026/09/29 10:50:32.152, 7, 8583, 93
2026/09/29 10:50:33.152, 0, 8601, 100
2026/09/29 10:50:33.152, 1, 8627, 100
2026/09/29 10:50:33.152, 2, 8587, 100
2026/09/29 10:50:33.152, 3, 8607, 100
2026/09/29 10:50:33.152, 4, 8565, 100
2026/09/29 10:50:33.152, 5, 8607, 100
2026/09/29 10:50:33.152, 6, 8669, 100
2026/09/29 10:50:33.153, 7, 8583, 100
2026/09/29 10:50:34.153, 0, 8601, 100
2026/09/29 10:50:34.153, 1, 8627, 100
2026/09/29 10:50:34.153, 2, 8587, 100
2026/09/29 10:50:34.153, 3, 8607, 100
2026/09/29 10:50:34.153, 4, 8565, 100
2026/09/29 10:50:34.153, 5, 8607, 100
2026/09/29 10:50:34.153, 6, 8669, 100
2026/09/29 10:50:34.153, 7, 8583, 100
2026/09/29 10:50:35.153, 0, 8601, 100
2026/09/29 10:50:35.154, 1, 8627, 100
2026/09/29 10:50:35.154, 2, 8587, 100
2026/09/29 10:50:35.154, 3, 8607, 100
2026/09/29 10:50:35.154, 4, 8565, 100
2026/09/29 10:50:35.154, 5, 8607, 100
2026/09/29 10:50:35.154, 6, 8669, 100
2026/09/29 10:50:35.154, 7, 8583, 100
2026/09/29 10:50:36.154, 0, 8601, 100
2026/09/29 10:50:36.154, 1, 8627, 100
2026/09/29 10:50:36.154, 2, 8587, 100
2026/09/29 10:50:36.154, 3, 8607, 100
2026/09/29 10:50:36.154, 4, 8565, 100
2026/09/29 10:50:36.154, 5, 8607, 100
2026/09/29 10:50:36.154, 6, 8669, 100
2026/09/29 10:50:36.155, 7, 8583, 100
2026/09/29 10:50:37.155, 0, 8601, 100
2026/09/29 10:50:37.155, 1, 8627, 100
2026/09/29 10:50:37.155, 2, 8587, 100
2026/09/29 10:50:37.155, 3, 8607, 100
2026/09/29 10:50:37.155, 4, 8565, 100
2026/09/29 10:50:37.155, 5, 8607, 100
2026/09/29 10:50:37.155, 6, 8669, 100
2026/09/29 10:50:37.155, 7, 8583, 100
2026/09/29 10:50:38.155, 0, 8601, 100
2026/09/29 10:50:38.155, 1, 8627, 100
2026/09/29 10:50:38.156, 2, 8587, 100
2026/09/29 10:50:38.156, 3, 8607, 100
2026/09/29 10:50:38.156, 4, 8565, 100
2026/09/29 10:50:38.156, 5, 8607, 100
2026/09/29 10:50:38.156, 6, 8669, 100
2026/09/29 10:50:38.156, 7, 8583, 100
2026/09/29 10:50:39.156, 0, 8601, 100
2026/09/29 10:50:39.156, 1, 8627, 100
2026/09/29 10:50:39.156, 2, 8587, 100
2026/09/29 10:50:39.156, 3, 8607, 100
2026/09/29 10:50:39.156, 4, 8565, 100
2026/09/29 10:50:39.156, 5, 8607, 100
2026/09/29 10:50:39.157, 6, 8669, 100
2026/09/29 10:50:39.157, 7, 8583, 100
2026/09/29 10:50:40.157, 0, 8601, 100
2026/09/29 10:50:40.157, 1, 8627, 100
2026/09/29 10:50:40.157, 2, 8587, 100
2026/09/29 10:50:40.157, 3, 8607, 100
2026/09/29 10:50:40.157, 4, 8565, 100
2026/09/29 10:50:40.157, 5, 8607, 100
2026/09/29 10:50:40.157, 6, 8669, 100
2026/09/29 10:50:40.157, 7, 8583, 100
2026/09/29 10:50:41.157, 0, 8601, 100
2026/09/29 10:50:41.157, 1, 8627, 100
2026/09/29 10:50:41.157, 2, 8587, 100
2026/09/29 10:50:41.158, 3, 8607, 100
2026/09/29 10:50:41.158, 4, 8565, 100
2026/09/29 10:50:41.158, 5, 8607, 100
2026/09/29 10:50:41.158, 6, 8669, 100
2026/09/29 10:50:41.158, 7, 8583, 100
2026/09/29 10:50:42.158, 0, 8601, 100
2026/09/29 10:50:42.158, 1, 8627, 100
2026/09/29 10:50:42.158, 2, 8587, 100
2026/09/29 10:50:42.158, 3, 8607, 100
2026/09/29 10:50:42.158, 4, 8565, 100
2026/09/29 10:50:42.158, 5, 8607, 100
2026/09/29 10:50:42.158, 6, 8669, 100
2026/09/29 10:50:42.158, 7, 8583, 100
2026/09/29 10:50:43.159, 0, 8601, 100
2026/09/29 10:50:43.159, 1, 8627, 100
2026/09/29 10:50:43.159, 2, 8587, 100
2026/09/29 10:50:43.159, 3, 8607, 100
2026/09/29 10:50:43.159, 4, 8565, 100
2026/09/29 10:50:43.159, 5, 8607, 100
2026/09/29 10:50:43.159, 6, 8669, 100
2026/09/29 10:50:43.159, 7, 8583, 100
2026/09/29 10:50:44.159, 0, 8601, 100
2026/09/29 10:50:44.160, 1, 8627, 100
2026/09/29 10:50:44.160, 2, 8587, 100
2026/09/29 10:50:44.160, 3, 8607, 100
2026/09/29 10:50:44.160, 4, 8565, 100
2026/09/29 10:50:44.160, 5, 8607, 100
2026/09/29 10:50:44.160, 6, 8669, 100
2026/09/29 10:50:44.160, 7, 8583, 100
2026/09/29 10:50:45.160, 0, 8601, 100
2026/09/29 10:50:45.160, 1, 8627, 100
2026/09/29 10:50:45.160, 2, 8587, 100
2026/09/29 10:50:45.160, 3, 8607, 100
2026/09/29 10:50:45.160, 4, 8565, 100
2026/09/29 10:50:45.160, 5, 8607, 100
2026/09/29 10:50:45.160, 6, 8669, 100
2026/09/29 10:50:45.160, 7, 8583, 100
2026/09/29 10:50:46.161, 0, 4241, 31
2026/09/29 10:50:46.161, 1, 4427, 50
2026/09/29 10:50:46.162, 2, 4147, 100
2026/09/29 10:50:46.163, 3, 4427, 28
2026/09/29 10:50:46.163, 4, 4365, 100
2026/09/29 10:50:46.164, 5, 4227, 100
2026/09/29 10:50:46.165, 6, 4349, 100
2026/09/29 10:50:46.165, 7, 4283, 100
2026/09/29 10:50:47.166, 0, 4349, 98
2026/09/29 10:50:47.166, 1, 4291, 99
2026/09/29 10:50:47.166, 2, 4289, 99
2026/09/29 10:50:47.166, 3, 4311, 99
2026/09/29 10:50:47.166, 4, 4289, 97
2026/09/29 10:50:47.167, 5, 4293, 98
2026/09/29 10:50:47.167, 6, 4351, 29
2026/09/29 10:50:47.167, 7, 4389, 99
2026/09/29 10:50:48.167, 0, 3747, 4
2026/09/29 10:50:48.167, 1, 3675, 0
2026/09/29 10:50:48.167, 2, 3671, 0
2026/09/29 10:50:48.167, 3, 3649, 0
2026/09/29 10:50:48.167, 4, 3687, 97
2026/09/29 10:50:48.167, 5, 3653, 0
2026/09/29 10:50:48.167, 6, 3753, 98
2026/09/29 10:50:48.167, 7, 3669, 99
2026/09/29 10:50:49.167, 0, 5449, 100
2026/09/29 10:50:49.167, 1, 5417, 100
2026/09/29 10:50:49.167, 2, 5393, 100
2026/09/29 10:50:49.167, 3, 5391, 100
2026/09/29 10:50:49.168, 4, 5409, 78
2026/09/29 10:50:49.168, 5, 5395, 100
2026/09/29 10:50:49.168, 6, 5475, 0
2026/09/29 10:50:49.168, 7, 5411, 71
2026/09/29 10:50:50.168, 0, 7959, 67
2026/09/29 10:50:50.168, 1, 7663, 56
2026/09/29 10:50:50.168, 2, 7759, 49
2026/09/29 10:50:50.168, 3, 7743, 97
2026/09/29 10:50:50.168, 4, 7759, 100
2026/09/29 10:50:50.168, 5, 7703, 99
2026/09/29 10:50:50.168, 6, 7841, 100
2026/09/29 10:50:50.168, 7, 7839, 100
2026/09/29 10:50:51.168, 0, 7959, 98
2026/09/29 10:50:51.169, 1, 7723, 99
2026/09/29 10:50:51.169, 2, 7759, 99
2026/09/29 10:50:51.170, 3, 7883, 99
2026/09/29 10:50:51.170, 4, 7859, 98
2026/09/29 10:50:51.170, 5, 7843, 99
2026/09/29 10:50:51.170, 6, 7981, 99
2026/09/29 10:50:51.170, 7, 7839, 99
2026/09/29 10:50:52.170, 0, 8739, 100
2026/09/29 10:50:52.170, 1, 8583, 100
2026/09/29 10:50:52.170, 2, 8679, 100
2026/09/29 10:50:52.170, 3, 8663, 100
2026/09/29 10:50:52.170, 4, 8639, 98
2026/09/29 10:50:52.171, 5, 8623, 59
2026/09/29 10:50:52.171, 6, 8761, 99
2026/09/29 10:50:52.171, 7, 8759, 98
2026/09/29 10:50:53.171, 0, 8739, 100
2026/09/29 10:50:53.171, 1, 8583, 100
2026/09/29 10:50:53.171, 2, 8679, 100
2026/09/29 10:50:53.171, 3, 8663, 100
2026/09/29 10:50:53.171, 4, 8639, 100
2026/09/29 10:50:53.171, 5, 8623, 100
2026/09/29 10:50:53.171, 6, 8761, 100
2026/09/29 10:50:53.171, 7, 8759, 100
2026/09/29 10:50:54.171, 0, 8739, 100
2026/09/29 10:50:54.172, 1, 8583, 100
2026/09/29 10:50:54.172, 2, 8679, 100
2026/09/29 10:50:54.172, 3, 8663, 100
2026/09/29 10:50:54.172, 4, 8639, 100
2026/09/29 10:50:54.172, 5, 8623, 100
2026/09/29 10:50:54.172, 6, 8761, 100
2026/09/29 10:50:54.172, 7, 8759, 100
2026/09/29 10:50:55.173, 0, 8739, 100
2026/09/29 10:50:55.173, 1, 8583, 100
2026/09/29 10:50:55.173, 2, 8679, 100
2026/09/29 10:50:55.173, 3, 8663, 100
2026/09/29 10:50:55.173, 4, 8639, 100
2026/09/29 10:50:55.173, 5, 8623, 100
2026/09/29 10:50:55.173, 6, 8761, 100
2026/09/29 10:50:55.173, 7, 8759, 100
2026/09/29 10:50:56.173, 0, 8739, 100
2026/09/29 10:50:56.173, 1, 8583, 100
2026/09/29 10:50:56.173, 2, 8679, 100
2026/09/29 10:50:56.173, 3, 8663, 100
2026/09/29 10:50:56.174, 4, 8639, 100
2026/09/29 10:50:56.174, 5, 8623, 100
2026/09/29 10:50:56.174, 6, 8761, 100
2026/09/29 10:50:56.174, 7, 8759, 100
2026/09/29 10:50:57.174, 0, 8739, 100
2026/09/29 10:50:57.175, 1, 8583, 100
2026/09/29 10:50:57.175, 2, 8679, 100
2026/09/29 10:50:57.175, 3, 8663, 100
2026/09/29 10:50:57.175, 4, 8639, 100
2026/09/29 10:50:57.175, 5, 8623, 100
2026/09/29 10:50:57.175, 6, 8761, 100
2026/09/29 10:50:57.175, 7, 8759, 100
2026/09/29 10:50:58.175, 0, 8739, 100
2026/09/29 10:50:58.175, 1, 8583, 100
2026/09/29 10:50:58.175, 2, 8679, 100
2026/09/29 10:50:58.175, 3, 8663, 100
2026/09/29 10:50:58.175, 4, 8639, 100
2026/09/29 10:50:58.175, 5, 8623, 100
2026/09/29 10:50:58.175, 6, 8761, 100
2026/09/29 10:50:58.175, 7, 8759, 100
2026/09/29 10:50:59.176, 0, 8739, 100
2026/09/29 10:50:59.176, 1, 8583, 100
2026/09/29 10:50:59.176, 2, 8679, 100
2026/09/29 10:50:59.176, 3, 8663, 100
2026/09/29 10:50:59.176, 4, 8639, 100
2026/09/29 10:50:59.176, 5, 8623, 100
2026/09/29 10:50:59.176, 6, 8761, 100
2026/09/29 10:50:59.176, 7, 8759, 100
2026/09/29 10:51:00.176, 0, 8739, 100
2026/09/29 10:51:00.176, 1, 8583, 100
2026/09/29 10:51:00.177, 2, 8679, 100
2026/09/29 10:51:00.177, 3, 8663, 100
2026/09/29 10:51:00.177, 4, 8639, 100
2026/09/29 10:51:00.177, 5, 8623, 100
2026/09/29 10:51:00.177, 6, 8761, 100
2026/09/29 10:51:00.177, 7, 8759, 100
2026/09/29 10:51:01.177, 0, 8739, 100
2026/09/29 10:51:01.177, 1, 8583, 100
2026/09/29 10:51:01.177, 2, 8679, 100
2026/09/29 10:51:01.177, 3, 8663, 100
2026/09/29 10:51:01.177, 4, 8639, 100
2026/09/29 10:51:01.177, 5, 8623, 100
2026/09/29 10:51:01.177, 6, 8761, 100
2026/09/29 10:51:01.177, 7, 8759, 100
2026/09/29 10:51:02.177, 0, 8739, 100
2026/09/29 10:51:02.178, 1, 8583, 100
2026/09/29 10:51:02.178, 2, 8679, 100
2026/09/29 10:51:02.178, 3, 8663, 100
2026/09/29 10:51:02.178, 4, 8639, 100
2026/09/29 10:51:02.178, 5, 8623, 100
2026/09/29 10:51:02.178, 6, 8761, 100
2026/09/29 10:51:02.178, 7, 8759, 100
2026/09/29 10:51:03.178, 0, 8739, 100
2026/09/29 10:51:03.178, 1, 8583, 100
2026/09/29 10:51:03.178, 2, 8679, 100
2026/09/29 10:51:03.178, 3, 8663, 100
2026/09/29 10:51:03.178, 4, 8639, 100
2026/09/29 10:51:03.178, 5, 8623, 100
2026/09/29 10:51:03.178, 6, 8761, 100
2026/09/29 10:51:03.178, 7, 8759, 100
2026/09/29 10:51:04.178, 0, 8739, 100
2026/09/29 10:51:04.179, 1, 8583, 100
2026/09/29 10:51:04.179, 2, 8679, 100
2026/09/29 10:51:04.179, 3, 8663, 100
2026/09/29 10:51:04.179, 4, 8639, 100
2026/09/29 10:51:04.179, 5, 8623, 100
2026/09/29 10:51:04.179, 6, 8761, 100
2026/09/29 10:51:04.179, 7, 8759, 100
2026/09/29 10:51:05.179, 0, 8739, 100
2026/09/29 10:51:05.179, 1, 8583, 100
2026/09/29 10:51:05.179, 2, 8679, 100
2026/09/29 10:51:05.179, 3, 8663, 100
2026/09/29 10:51:05.179, 4, 8639, 100
2026/09/29 10:51:05.179, 5, 8623, 100
2026/09/29 10:51:05.179, 6, 8761, 100
2026/09/29 10:51:05.179, 7, 8759, 100
2026/09/29 10:51:06.179, 0, 8739, 100
2026/09/29 10:51:06.179, 1, 8583, 100
2026/09/29 10:51:06.179, 2, 8679, 100
2026/09/29 10:51:06.179, 3, 8663, 100
2026/09/29 10:51:06.179, 4, 8639, 100
2026/09/29 10:51:06.179, 5, 8623, 100
2026/09/29 10:51:06.179, 6, 8761, 100
2026/09/29 10:51:06.179, 7, 8759, 100
2026/09/29 10:51:07.180, 0, 4309, 98
2026/09/29 10:51:07.180, 1, 4293, 98
2026/09/29 10:51:07.180, 2, 4269, 98
2026/09/29 10:51:07.180, 3, 4251, 99
2026/09/29 10:51:07.180, 4, 4271, 13
2026/09/29 10:51:07.180, 5, 4275, 99
2026/09/29 10:51:07.180, 6, 4313, 100
2026/09/29 10:51:07.180, 7, 4249, 14
2026/09/29 10:51:08.180, 0, 5429, 99
2026/09/29 10:51:08.181, 1, 4553, 98
2026/09/29 10:51:08.181, 2, 4629, 98
2026/09/29 10:51:08.181, 3, 4991, 96
2026/09/29 10:51:08.182, 4, 4511, 97
2026/09/29 10:51:08.182, 5, 4795, 99
2026/09/29 10:51:08.183, 6, 4733, 98
2026/09/29 10:51:08.184, 7, 5389, 98
2026/09/29 10:51:09.184, 0, 5429, 100
2026/09/29 10:51:09.184, 1, 5375, 100
2026/09/29 10:51:09.184, 2, 5415, 100
2026/09/29 10:51:09.184, 3, 5413, 100
2026/09/29 10:51:09.184, 4, 5431, 0
2026/09/29 10:51:09.184, 5, 5431, 100
2026/09/29 10:51:09.184, 6, 5573, 50
2026/09/29 10:51:09.185, 7, 5377, 0
2026/09/29 10:51:10.185, 0, 7439, 91
2026/09/29 10:51:10.185, 1, 7461, 100
2026/09/29 10:51:10.186, 2, 7361, 100
2026/09/29 10:51:10.186, 3, 7399, 100
2026/09/29 10:51:10.187, 4, 7441, 100
2026/09/29 10:51:10.187, 5, 7461, 93
2026/09/29 10:51:10.188, 6, 7319, 100
2026/09/29 10:51:10.189, 7, 7059, 100
2026/09/29 10:51:11.190, 0, 7779, 99
2026/09/29 10:51:11.190, 1, 7801, 99
2026/09/29 10:51:11.190, 2, 7781, 99
2026/09/29 10:51:11.190, 3, 7979, 99
2026/09/29 10:51:11.190, 4, 7801, 98
2026/09/29 10:51:11.190, 5, 7741, 99
2026/09/29 10:51:11.190, 6, 7939, 95
2026/09/29 10:51:11.190, 7, 7979, 99
2026/09/29 10:51:12.190, 0, 8699, 97
2026/09/29 10:51:12.190, 1, 8661, 99
2026/09/29 10:51:12.191, 2, 8561, 99
2026/09/29 10:51:12.191, 3, 8759, 92
2026/09/29 10:51:12.191, 4, 8601, 99
2026/09/29 10:51:12.191, 5, 8561, 99
2026/09/29 10:51:12.191, 6, 8719, 99
2026/09/29 10:51:12.191, 7, 8759, 99
2026/09/29 10:51:13.191, 0, 8699, 100
2026/09/29 10:51:13.191, 1, 8661, 100
2026/09/29 10:51:13.191, 2, 8561, 100
2026/09/29 10:51:13.191, 3, 8759, 100
2026/09/29 10:51:13.191, 4, 8601, 100
2026/09/29 10:51:13.191, 5, 8561, 100
2026/09/29 10:51:13.191, 6, 8719, 53
2026/09/29 10:51:13.191, 7, 8759, 100
2026/09/29 10:51:14.192, 0, 8699, 100
2026/09/29 10:51:14.192, 1, 8661, 100
2026/09/29 10:51:14.192, 2, 8561, 100
2026/09/29 10:51:14.192, 3, 8759, 100
2026/09/29 10:51:14.192, 4, 8601, 100
2026/09/29 10:51:14.192, 5, 8561, 100
2026/09/29 10:51:14.192, 6, 8719, 100
2026/09/29 10:51:14.192, 7, 8759, 100
2026/09/29 10:51:15.192, 0, 8699, 100
2026/09/29 10:51:15.192, 1, 8661, 100
2026/09/29 10:51:15.192, 2, 8561, 100
2026/09/29 10:51:15.192, 3, 8759, 100
2026/09/29 10:51:15.193, 4, 8601, 100
2026/09/29 10:51:15.193, 5, 8561, 100
2026/09/29 10:51:15.193, 6, 8719, 100
2026/09/29 10:51:15.193, 7, 8759, 100
2026/09/29 10:51:16.193, 0, 8699, 100
2026/09/29 10:51:16.193, 1, 8661, 100
2026/09/29 10:51:16.193, 2, 8561, 100
2026/09/29 10:51:16.193, 3, 8759, 100
2026/09/29 10:51:16.193, 4, 8601, 100
2026/09/29 10:51:16.193, 5, 8561, 100
2026/09/29 10:51:16.193, 6, 8719, 100
2026/09/29 10:51:16.193, 7, 8759, 100
2026/09/29 10:51:17.193, 0, 8699, 100
2026/09/29 10:51:17.193, 1, 8661, 100
2026/09/29 10:51:17.194, 2, 8561, 100
2026/09/29 10:51:17.194, 3, 8759, 100
2026/09/29 10:51:17.194, 4, 8601, 100
2026/09/29 10:51:17.194, 5, 8561, 100
2026/09/29 10:51:17.194, 6, 8719, 100
2026/09/29 10:51:17.194, 7, 8759, 100
2026/09/29 10:51:18.194, 0, 8699, 100
2026/09/29 10:51:18.194, 1, 8661, 100
2026/09/29 10:51:18.194, 2, 8561, 100
2026/09/29 10:51:18.194, 3, 8759, 100
2026/09/29 10:51:18.194, 4, 8601, 100
2026/09/29 10:51:18.194, 5, 8561, 100
2026/09/29 10:51:18.194, 6, 8719, 100
2026/09/29 10:51:18.195, 7, 8759, 100
2026/09/29 10:51:19.195, 0, 8699, 100
2026/09/29 10:51:19.195, 1, 8661, 100
2026/09/29 10:51:19.195, 2, 8561, 100
2026/09/29 10:51:19.195, 3, 8759, 100
2026/09/29 10:51:19.195, 4, 8601, 100
2026/09/29 10:51:19.195, 5, 8561, 100
2026/09/29 10:51:19.195, 6, 8719, 100
2026/09/29 10:51:19.195, 7, 8759, 100
2026/09/29 10:51:20.195, 0, 8699, 100
2026/09/29 10:51:20.196, 1, 8661, 100
2026/09/29 10:51:20.196, 2, 8561, 100
2026/09/29 10:51:20.196, 3, 8759, 100
2026/09/29 10:51:20.196, 4, 8601, 100
2026/09/29 10:51:20.196, 5, 8561, 100
2026/09/29 10:51:20.196, 6, 8719, 100
2026/09/29 10:51:20.196, 7, 8759, 100
2026/09/29 10:51:21.196, 0, 8699, 100
2026/09/29 10:51:21.196, 1, 8661, 100
2026/09/29 10:51:21.196, 2, 8561, 100
2026/09/29 10:51:21.196, 3, 8759, 100
2026/09/29 10:51:21.196, 4, 8601, 100
2026/09/29 10:51:21.196, 5, 8561, 100
2026/09/29 10:51:21.197, 6, 8719, 100
2026/09/29 10:51:21.197, 7, 8759, 100
2026/09/29 10:51:22.197, 0, 8699, 100
2026/09/29 10:51:22.197, 1, 8661, 100
2026/09/29 10:51:22.197, 2, 8561, 100
2026/09/29 10:51:22.197, 3, 8759, 100
2026/09/29 10:51:22.197, 4, 8601, 100
2026/09/29 10:51:22.197, 5, 8561, 100
2026/09/29 10:51:22.197, 6, 8719, 100
2026/09/29 10:51:22.197, 7, 8759, 100
2026/09/29 10:51:23.197, 0, 8699, 100
2026/09/29 10:51:23.197, 1, 8661, 100
2026/09/29 10:51:23.198, 2, 8561, 100
2026/09/29 10:51:23.198, 3, 8759, 100
2026/09/29 10:51:23.198, 4, 8601, 100
2026/09/29 10:51:23.198, 5, 8561, 100
2026/09/29 10:51:23.198, 6, 8719, 100
2026/09/29 10:51:23.198, 7, 8759, 100
2026/09/29 10:51:24.198, 0, 8699, 100
2026/09/29 10:51:24.198, 1, 8661, 100
2026/09/29 10:51:24.198, 2, 8561, 100
2026/09/29 10:51:24.198, 3, 8759, 100
2026/09/29 10:51:24.198, 4, 8601, 100
2026/09/29 10:51:24.198, 5, 8561, 100
2026/09/29 10:51:24.198, 6, 8719, 100
2026/09/29 10:51:24.198, 7, 8759, 100
2026/09/29 10:51:25.199, 0, 8699, 100
2026/09/29 10:51:25.199, 1, 8661, 100
2026/09/29 10:51:25.199, 2, 8561, 100
2026/09/29 10:51:25.199, 3, 8759, 100
2026/09/29 10:51:25.199, 4, 8601, 100
2026/09/29 10:51:25.199, 5, 8561, 100
2026/09/29 10:51:25.199, 6, 8719, 100
2026/09/29 10:51:25.199, 7, 8759, 100
2026/09/29 10:51:26.199, 0, 8699, 100
2026/09/29 10:51:26.199, 1, 8661, 100
2026/09/29 10:51:26.199, 2, 8561, 100
2026/09/29 10:51:26.199, 3, 8759, 100
2026/09/29 10:51:26.199, 4, 8601, 100
2026/09/29 10:51:26.199, 5, 8561, 100
2026/09/29 10:51:26.200, 6, 8719, 100
2026/09/29 10:51:26.200, 7, 8759, 100
2026/09/29 10:51:27.200, 0, 4209, 56
2026/09/29 10:51:27.200, 1, 4213, 42
2026/09/29 10:51:27.200, 2, 4233, 50
2026/09/29 10:51:27.200, 3, 4251, 93
2026/09/29 10:51:27.200, 4, 4289, 100
2026/09/29 10:51:27.200, 5, 4195, 39
2026/09/29 10:51:27.200, 6, 4293, 100
2026/09/29 10:51:27.200, 7, 4249, 75
2026/09/29 10:51:28.200, 0, 4329, 99
2026/09/29 10:51:28.201, 1, 4433, 97
2026/09/29 10:51:28.201, 2, 4313, 97
2026/09/29 10:51:28.201, 3, 4371, 98
2026/09/29 10:51:28.201, 4, 4469, 99
2026/09/29 10:51:28.201, 5, 4435, 98
2026/09/29 10:51:28.201, 6, 4473, 98
2026/09/29 10:51:28.201, 7, 4449, 98
2026/09/29 10:51:29.201, 0, 5349, 50
2026/09/29 10:51:29.201, 1, 5377, 55
2026/09/29 10:51:29.201, 2, 5415, 51
2026/09/29 10:51:29.202, 3, 5431, 81
2026/09/29 10:51:29.202, 4, 5411, 7
2026/09/29 10:51:29.202, 5, 5415, 31
2026/09/29 10:51:29.202, 6, 5393, 97
2026/09/29 10:51:29.202, 7, 5399, 0
2026/09/29 10:51:30.202, 0, 6349, 100
2026/09/29 10:51:30.202, 1, 5657, 100
2026/09/29 10:51:30.202, 2, 5695, 100
2026/09/29 10:51:30.202, 3, 5511, 100
2026/09/29 10:51:30.202, 4, 5691, 100
2026/09/29 10:51:30.203, 5, 6557, 100
2026/09/29 10:51:30.203, 6, 6555, 100
2026/09/29 10:51:30.203, 7, 5679, 100
2026/09/29 10:51:31.203, 0, 7717, 99
2026/09/29 10:51:31.203, 1, 7823, 99
2026/09/29 10:51:31.203, 2, 7801, 99
2026/09/29 10:51:31.203, 3, 7899, 99
2026/09/29 10:51:31.203, 4, 7741, 58
2026/09/29 10:51:31.203, 5, 7721, 99
2026/09/29 10:51:31.203, 6, 7901, 100
2026/09/29 10:51:31.203, 7, 7841, 99
2026/09/29 10:51:32.204, 0, 7797, 97
2026/09/29 10:51:32.204, 1, 7823, 99
2026/09/29 10:51:32.204, 2, 7801, 99
2026/09/29 10:51:32.204, 3, 7899, 99
2026/09/29 10:51:32.204, 4, 7801, 99
2026/09/29 10:51:32.204, 5, 7801, 99
2026/09/29 10:51:32.204, 6, 7901, 99
2026/09/29 10:51:32.204, 7, 7841, 98
2026/09/29 10:51:33.204, 0, 8577, 100
2026/09/29 10:51:33.204, 1, 8603, 100
2026/09/29 10:51:33.205, 2, 8581, 100
2026/09/29 10:51:33.205, 3, 8679, 100
2026/09/29 10:51:33.205, 4, 8581, 100
2026/09/29 10:51:33.205, 5, 8581, 100
2026/09/29 10:51:33.205, 6, 8681, 98
2026/09/29 10:51:33.205, 7, 8621, 100
2026/09/29 10:51:34.205, 0, 8577, 100
2026/09/29 10:51:34.205, 1, 8603, 100
2026/09/29 10:51:34.205, 2, 8581, 100
2026/09/29 10:51:34.205, 3, 8679, 100
2026/09/29 10:51:34.205, 4, 8581, 100
2026/09/29 10:51:34.205, 5, 8581, 100
2026/09/29 10:51:34.206, 6, 8681, 100
2026/09/29 10:51:34.206, 7, 8621, 100
2026/09/29 10:51:35.206, 0, 8577, 100
2026/09/29 10:51:35.206, 1, 8603, 100
2026/09/29 10:51:35.206, 2, 8581, 100
2026/09/29 10:51:35.206, 3, 8679, 100
2026/09/29 10:51:35.206, 4, 8581, 100
2026/09/29 10:51:35.206, 5, 8581, 100
2026/09/29 10:51:35.206, 6, 8681, 100
2026/09/29 10:51:35.206, 7, 8621, 100
2026/09/29 10:51:36.206, 0, 8577, 100
2026/09/29 10:51:36.207, 1, 8603, 100
2026/09/29 10:51:36.207, 2, 8581, 100
2026/09/29 10:51:36.207, 3, 8679, 100
2026/09/29 10:51:36.207, 4, 8581, 100
2026/09/29 10:51:36.207, 5, 8581, 100
2026/09/29 10:51:36.207, 6, 8681, 100
2026/09/29 10:51:36.207, 7, 8621, 100
2026/09/29 10:51:37.207, 0, 8577, 100
2026/09/29 10:51:37.207, 1, 8603, 100
2026/09/29 10:51:37.207, 2, 8581, 100
2026/09/29 10:51:37.207, 3, 8679, 100
2026/09/29 10:51:37.207, 4, 8581, 100
2026/09/29 10:51:37.208, 5, 8581, 100
2026/09/29 10:51:37.208, 6, 8681, 100
2026/09/29 10:51:37.208, 7, 8621, 100
2026/09/29 10:51:38.208, 0, 8577, 100
2026/09/29 10:51:38.208, 1, 8603, 100
2026/09/29 10:51:38.208, 2, 8581, 100
2026/09/29 10:51:38.208, 3, 8679, 100
2026/09/29 10:51:38.208, 4, 8581, 100
2026/09/29 10:51:38.208, 5, 8581, 100
2026/09/29 10:51:38.208, 6, 8681, 100
2026/09/29 10:51:38.208, 7, 8621, 100
2026/09/29 10:51:39.208, 0, 8577, 100
2026/09/29 10:51:39.208, 1, 8603, 100
2026/09/29 10:51:39.209, 2, 8581, 100
2026/09/29 10:51:39.209, 3, 8679, 100
2026/09/29 10:51:39.209, 4, 8581, 100
2026/09/29 10:51:39.209, 5, 8581, 100
2026/09/29 10:51:39.209, 6, 8681, 100
2026/09/29 10:51:39.209, 7, 8621, 100
2026/09/29 10:51:40.210, 0, 8577, 100
2026/09/29 10:51:40.210, 1, 8603, 100
2026/09/29 10:51:40.210, 2, 8581, 100
2026/09/29 10:51:40.210, 3, 8679, 100
2026/09/29 10:51:40.210, 4, 8581, 100
2026/09/29 10:51:40.210, 5, 8581, 100
2026/09/29 10:51:40.210, 6, 8681, 100
2026/09/29 10:51:40.210, 7, 8621, 100
2026/09/29 10:51:41.210, 0, 8577, 100
2026/09/29 10:51:41.210, 1, 8603, 100
2026/09/29 10:51:41.210, 2, 8581, 100
2026/09/29 10:51:41.210, 3, 8679, 100
2026/09/29 10:51:41.211, 4, 8581, 100
2026/09/29 10:51:41.211, 5, 8581, 100
2026/09/29 10:51:41.211, 6, 8681, 100
2026/09/29 10:51:41.211, 7, 8621, 100
2026/09/29 10:51:42.211, 0, 8577, 100
2026/09/29 10:51:42.211, 1, 8603, 100
2026/09/29 10:51:42.211, 2, 8581, 100
2026/09/29 10:51:42.211, 3, 8679, 100
2026/09/29 10:51:42.211, 4, 8581, 100
2026/09/29 10:51:42.211, 5, 8581, 100
2026/09/29 10:51:42.211, 6, 8681, 100
2026/09/29 10:51:42.211, 7, 8621, 100
2026/09/29 10:51:43.211, 0, 8577, 100
2026/09/29 10:51:43.211, 1, 8603, 100
2026/09/29 10:51:43.212, 2, 8581, 100
2026/09/29 10:51:43.212, 3, 8679, 100
2026/09/29 10:51:43.212, 4, 8581, 100
2026/09/29 10:51:43.212, 5, 8581, 100
2026/09/29 10:51:43.212, 6, 8681, 100
2026/09/29 10:51:43.212, 7, 8621, 100
2026/09/29 10:51:44.212, 0, 8577, 100
2026/09/29 10:51:44.212, 1, 8603, 100
2026/09/29 10:51:44.212, 2, 8581, 100
2026/09/29 10:51:44.212, 3, 8679, 100
2026/09/29 10:51:44.212, 4, 8581, 100
2026/09/29 10:51:44.212, 5, 8581, 100
2026/09/29 10:51:44.213, 6, 8681, 100
2026/09/29 10:51:44.213, 7, 8621, 100
2026/09/29 10:51:45.213, 0, 8577, 100
2026/09/29 10:51:45.213, 1, 8603, 100
2026/09/29 10:51:45.213, 2, 8581, 100
2026/09/29 10:51:45.213, 3, 8679, 100
2026/09/29 10:51:45.213, 4, 8581, 100
2026/09/29 10:51:45.213, 5, 8581, 100
2026/09/29 10:51:45.213, 6, 8681, 100
2026/09/29 10:51:45.213, 7, 8621, 100
2026/09/29 10:51:46.213, 0, 8577, 100
2026/09/29 10:51:46.213, 1, 8603, 100
2026/09/29 10:51:46.214, 2, 8581, 100
2026/09/29 10:51:46.214, 3, 8679, 100
2026/09/29 10:51:46.214, 4, 8581, 100
2026/09/29 10:51:46.214, 5, 8581, 100
2026/09/29 10:51:46.214, 6, 8681, 100
2026/09/29 10:51:46.214, 7, 8621, 100
2026/09/29 10:51:47.214, 0, 8577, 100
2026/09/29 10:51:47.214, 1, 8603, 100
2026/09/29 10:51:47.214, 2, 8581, 100
2026/09/29 10:51:47.214, 3, 8679, 100
2026/09/29 10:51:47.214, 4, 8581, 100
2026/09/29 10:51:47.214, 5, 8581, 100
2026/09/29 10:51:47.214, 6, 8681, 100
2026/09/29 10:51:47.214, 7, 8621, 100
2026/09/29 10:51:48.215, 0, 8577, 100
2026/09/29 10:51:48.215, 1, 8603, 100
2026/09/29 10:51:48.215, 2, 8581, 100
2026/09/29 10:51:48.215, 3, 8679, 100
2026/09/29 10:51:48.215, 4, 8581, 100
2026/09/29 10:51:48.215, 5, 8581, 100
2026/09/29 10:51:48.215, 6, 8681, 100
2026/09/29 10:51:48.215, 7, 8621, 100
2026/09/29 10:51:49.215, 0, 8577, 100
2026/09/29 10:51:49.215, 1, 8603, 100
2026/09/29 10:51:49.215, 2, 8581, 100
2026/09/29 10:51:49.215, 3, 8679, 100
2026/09/29 10:51:49.215, 4, 8581, 100
2026/09/29 10:51:49.215, 5, 8581, 100
2026/09/29 10:51:49.215, 6, 8681, 100
2026/09/29 10:51:49.216, 7, 8621, 100
2026/09/29 10:51:50.216, 0, 8577, 100
2026/09/29 10:51:50.216, 1, 8603, 100
2026/09/29 10:51:50.216, 2, 8581, 100
2026/09/29 10:51:50.216, 3, 8679, 100
2026/09/29 10:51:50.216, 4, 8581, 100
2026/09/29 10:51:50.216, 5, 8581, 100
2026/09/29 10:51:50.216, 6, 8681, 100
2026/09/29 10:51:50.216, 7, 8621, 100
2026/09/29 10:51:51.216, 0, 8577, 100
2026/09/29 10:51:51.217, 1, 8603, 100
2026/09/29 10:51:51.218, 2, 8581, 100
2026/09/29 10:51:51.220, 3, 8679, 100
2026/09/29 10:51:51.221, 4, 8581, 100
2026/09/29 10:51:51.221, 5, 8581, 100
2026/09/29 10:51:51.221, 6, 8681, 100
2026/09/29 10:51:51.221, 7, 8621, 100
2026/09/29 10:51:52.221, 0, 8577, 100
2026/09/29 10:51:52.221, 1, 8603, 100
2026/09/29 10:51:52.221, 2, 8581, 100
2026/09/29 10:51:52.221, 3, 8679, 100
2026/09/29 10:51:52.221, 4, 8581, 100
2026/09/29 10:51:52.222, 5, 8581, 100
2026/09/29 10:51:52.222, 6, 8681, 100
2026/09/29 10:51:52.222, 7, 8621, 100
2026/09/29 10:51:53.222, 0, 8577, 100
2026/09/29 10:51:53.222, 1, 8603, 100
2026/09/29 10:51:53.222, 2, 8581, 100
2026/09/29 10:51:53.222, 3, 8679, 100
2026/09/29 10:51:53.222, 4, 8581, 100
2026/09/29 10:51:53.222, 5, 8581, 100
2026/09/29 10:51:53.222, 6, 8681, 100
2026/09/29 10:51:53.222, 7, 8621, 100
2026/09/29 10:51:54.222, 0, 8577, 100
2026/09/29 10:51:54.222, 1, 8603, 100
2026/09/29 10:51:54.223, 2, 8581, 100
2026/09/29 10:51:54.223, 3, 8679, 100
2026/09/29 10:51:54.223, 4, 8581, 100
2026/09/29 10:51:54.223, 5, 8581, 100
2026/09/29 10:51:54.223, 6, 8681, 100
2026/09/29 10:51:54.223, 7, 8621, 100
2026/09/29 10:51:55.223, 0, 8577, 100
2026/09/29 10:51:55.223, 1, 8603, 100
2026/09/29 10:51:55.223, 2, 8581, 100
2026/09/29 10:51:55.223, 3, 8679, 100
2026/09/29 10:51:55.223, 4, 8581, 100
2026/09/29 10:51:55.223, 5, 8581, 100
2026/09/29 10:51:55.223, 6, 8681, 100
2026/09/29 10:51:55.223, 7, 8621, 100
2026/09/29 10:51:56.223, 0, 8577, 100
2026/09/29 10:51:56.224, 1, 8603, 100
2026/09/29 10:51:56.224, 2, 8581, 100
2026/09/29 10:51:56.224, 3, 8679, 100
2026/09/29 10:51:56.224, 4, 8581, 100
2026/09/29 10:51:56.224, 5, 8581, 100
2026/09/29 10:51:56.224, 6, 8681, 100
2026/09/29 10:51:56.224, 7, 8621, 100
2026/09/29 10:51:57.224, 0, 8577, 100
2026/09/29 10:51:57.224, 1, 8603, 100
2026/09/29 10:51:57.224, 2, 8581, 100
2026/09/29 10:51:57.224, 3, 8679, 100
2026/09/29 10:51:57.224, 4, 8581, 100
2026/09/29 10:51:57.224, 5, 8581, 100
2026/09/29 10:51:57.224, 6, 8681, 100
2026/09/29 10:51:57.224, 7, 8621, 100
2026/09/29 10:51:58.225, 0, 8577, 100
2026/09/29 10:51:58.225, 1, 8603, 100
2026/09/29 10:51:58.225, 2, 8581, 100
2026/09/29 10:51:58.225, 3, 8679, 100
2026/09/29 10:51:58.225, 4, 8581, 100
2026/09/29 10:51:58.225, 5, 8581, 100
2026/09/29 10:51:58.225, 6, 8681, 100
2026/09/29 10:51:58.225, 7, 8621, 100
2026/09/29 10:51:59.225, 0, 8577, 100
2026/09/29 10:51:59.225, 1, 8603, 100
2026/09/29 10:51:59.225, 2, 8581, 100
2026/09/29 10:51:59.225, 3, 8679, 100
2026/09/29 10:51:59.226, 4, 8581, 100
2026/09/29 10:51:59.226, 5, 8581, 100
2026/09/29 10:51:59.226, 6, 8681, 100
2026/09/29 10:51:59.226, 7, 8621, 100
2026/09/29 10:52:00.226, 0, 8577, 100
2026/09/29 10:52:00.226, 1, 8603, 100
2026/09/29 10:52:00.226, 2, 8581, 100
2026/09/29 10:52:00.226, 3, 8679, 100
2026/09/29 10:52:00.226, 4, 8581, 100
2026/09/29 10:52:00.226, 5, 8581, 100
2026/09/29 10:52:00.226, 6, 8681, 100
2026/09/29 10:52:00.226, 7, 8621, 100
2026/09/29 10:52:01.227, 0, 8577, 100
2026/09/29 10:52:01.227, 1, 8603, 100
2026/09/29 10:52:01.227, 2, 8581, 100
2026/09/29 10:52:01.227, 3, 8679, 100
2026/09/29 10:52:01.227, 4, 8581, 100
2026/09/29 10:52:01.227, 5, 8581, 100
2026/09/29 10:52:01.227, 6, 8681, 100
2026/09/29 10:52:01.227, 7, 8621, 100
2026/09/29 10:52:02.227, 0, 8577, 100
2026/09/29 10:52:02.227, 1, 8603, 100
2026/09/29 10:52:02.227, 2, 8581, 100
2026/09/29 10:52:02.227, 3, 8679, 100
2026/09/29 10:52:02.227, 4, 8581, 100
2026/09/29 10:52:02.227, 5, 8581, 100
2026/09/29 10:52:02.227, 6, 8681, 100
2026/09/29 10:52:02.227, 7, 8621, 100
2026/09/29 10:52:03.227, 0, 8577, 100
2026/09/29 10:52:03.228, 1, 8603, 100
2026/09/29 10:52:03.228, 2, 8581, 100
2026/09/29 10:52:03.228, 3, 8679, 100
2026/09/29 10:52:03.228, 4, 8581, 100
2026/09/29 10:52:03.228, 5, 8581, 100
2026/09/29 10:52:03.228, 6, 8681, 100
2026/09/29 10:52:03.228, 7, 8621, 100
2026/09/29 10:52:04.228, 0, 8577, 100
2026/09/29 10:52:04.228, 1, 8603, 100
2026/09/29 10:52:04.228, 2, 8581, 100
2026/09/29 10:52:04.228, 3, 8679, 100
2026/09/29 10:52:04.228, 4, 8581, 100
2026/09/29 10:52:04.228, 5, 8581, 100
2026/09/29 10:52:04.228, 6, 8681, 100
2026/09/29 10:52:04.228, 7, 8621, 100
2026/09/29 10:52:05.229, 0, 8577, 100
2026/09/29 10:52:05.229, 1, 8603, 100
2026/09/29 10:52:05.229, 2, 8581, 100
2026/09/29 10:52:05.229, 3, 8679, 100
2026/09/29 10:52:05.229, 4, 8581, 100
2026/09/29 10:52:05.229, 5, 8581, 100
2026/09/29 10:52:05.229, 6, 8681, 100
2026/09/29 10:52:05.229, 7, 8621, 100
2026/09/29 10:52:06.229, 0, 8577, 100
2026/09/29 10:52:06.229, 1, 8603, 100
2026/09/29 10:52:06.229, 2, 8581, 100
2026/09/29 10:52:06.229, 3, 8679, 100
2026/09/29 10:52:06.230, 4, 8581, 100
2026/09/29 10:52:06.230, 5, 8581, 100
2026/09/29 10:52:06.230, 6, 8681, 100
2026/09/29 10:52:06.230, 7, 8621, 100
2026/09/29 10:52:07.230, 0, 8577, 100
2026/09/29 10:52:07.230, 1, 8603, 100
2026/09/29 10:52:07.230, 2, 8581, 100
2026/09/29 10:52:07.230, 3, 8679, 100
2026/09/29 10:52:07.230, 4, 8581, 100
2026/09/29 10:52:07.230, 5, 8581, 100
2026/09/29 10:52:07.230, 6, 8681, 100
2026/09/29 10:52:07.230, 7, 8621, 100
2026/09/29 10:52:08.231, 0, 8577, 100
2026/09/29 10:52:08.231, 1, 8603, 100
2026/09/29 10:52:08.231, 2, 8581, 100
2026/09/29 10:52:08.231, 3, 8679, 100
2026/09/29 10:52:08.231, 4, 8581, 100
2026/09/29 10:52:08.231, 5, 8581, 100
2026/09/29 10:52:08.231, 6, 8681, 100
2026/09/29 10:52:08.231, 7, 8621, 100
2026/09/29 10:52:09.231, 0, 8577, 100
2026/09/29 10:52:09.231, 1, 8603, 100
2026/09/29 10:52:09.231, 2, 8581, 100
2026/09/29 10:52:09.231, 3, 8679, 100
2026/09/29 10:52:09.231, 4, 8581, 100
2026/09/29 10:52:09.232, 5, 8581, 100
2026/09/29 10:52:09.232, 6, 8681, 100
2026/09/29 10:52:09.232, 7, 8621, 100
2026/09/29 10:52:10.232, 0, 8577, 100
2026/09/29 10:52:10.232, 1, 8603, 100
2026/09/29 10:52:10.232, 2, 8581, 100
2026/09/29 10:52:10.232, 3, 8679, 100
2026/09/29 10:52:10.232, 4, 8581, 100
2026/09/29 10:52:10.232, 5, 8581, 100
2026/09/29 10:52:10.232, 6, 8681, 100
2026/09/29 10:52:10.232, 7, 8621, 100
2026/09/29 10:52:11.232, 0, 8577, 100
2026/09/29 10:52:11.232, 1, 8603, 100
2026/09/29 10:52:11.233, 2, 8581, 100
2026/09/29 10:52:11.233, 3, 8679, 100
2026/09/29 10:52:11.233, 4, 8581, 100
2026/09/29 10:52:11.233, 5, 8581, 100
2026/09/29 10:52:11.233, 6, 8681, 100
2026/09/29 10:52:11.233, 7, 8621, 100
2026/09/29 10:52:12.233, 0, 8577, 100
2026/09/29 10:52:12.233, 1, 8603, 100
2026/09/29 10:52:12.233, 2, 8581, 100
2026/09/29 10:52:12.233, 3, 8679, 100
2026/09/29 10:52:12.233, 4, 8581, 100
2026/09/29 10:52:12.233, 5, 8581, 100
2026/09/29 10:52:12.233, 6, 8681, 100
2026/09/29 10:52:12.233, 7, 8621, 100
2026/09/29 10:52:13.234, 0, 8577, 100
2026/09/29 10:52:13.234, 1, 8603, 100
2026/09/29 10:52:13.234, 2, 8581, 100
2026/09/29 10:52:13.234, 3, 8679, 100
2026/09/29 10:52:13.234, 4, 8581, 100
2026/09/29 10:52:13.234, 5, 8581, 100
2026/09/29 10:52:13.234, 6, 8681, 100
2026/09/29 10:52:13.234, 7, 8621, 100
2026/09/29 10:52:14.234, 0, 8577, 100
2026/09/29 10:52:14.234, 1, 8603, 100
2026/09/29 10:52:14.234, 2, 8581, 100
2026/09/29 10:52:14.235, 3, 8679, 100
2026/09/29 10:52:14.235, 4, 8581, 100
2026/09/29 10:52:14.235, 5, 8581, 100
2026/09/29 10:52:14.235, 6, 8681, 100
2026/09/29 10:52:14.235, 7, 8621, 100
2026/09/29 10:52:15.235, 0, 8577, 100
2026/09/29 10:52:15.235, 1, 8603, 100
2026/09/29 10:52:15.235, 2, 8581, 100
2026/09/29 10:52:15.235, 3, 8679, 100
2026/09/29 10:52:15.235, 4, 8581, 100
2026/09/29 10:52:15.235, 5, 8581, 100
2026/09/29 10:52:15.235, 6, 8681, 100
2026/09/29 10:52:15.235, 7, 8621, 100
2026/09/29 10:52:16.235, 0, 8577, 100
2026/09/29 10:52:16.236, 1, 8603, 100
2026/09/29 10:52:16.236, 2, 8581, 100
2026/09/29 10:52:16.236, 3, 8679, 100
2026/09/29 10:52:16.236, 4, 8581, 100
2026/09/29 10:52:16.236, 5, 8581, 100
2026/09/29 10:52:16.236, 6, 8681, 100
2026/09/29 10:52:16.236, 7, 8621, 100
2026/09/29 10:52:17.236, 0, 8577, 100
2026/09/29 10:52:17.236, 1, 8603, 100
2026/09/29 10:52:17.236, 2, 8581, 100
2026/09/29 10:52:17.236, 3, 8679, 100
2026/09/29 10:52:17.237, 4, 8581, 100
2026/09/29 10:52:17.237, 5, 8581, 100
2026/09/29 10:52:17.237, 6, 8681, 100
2026/09/29 10:52:17.237, 7, 8621, 100
2026/09/29 10:52:18.237, 0, 8577, 100
2026/09/29 10:52:18.237, 1, 8603, 100
2026/09/29 10:52:18.237, 2, 8581, 100
2026/09/29 10:52:18.237, 3, 8679, 100
2026/09/29 10:52:18.237, 4, 8581, 100
2026/09/29 10:52:18.237, 5, 8581, 100
2026/09/29 10:52:18.237, 6, 8681, 100
2026/09/29 10:52:18.237, 7, 8621, 100
2026/09/29 10:52:19.237, 0, 8577, 100
2026/09/29 10:52:19.238, 1, 8603, 100
2026/09/29 10:52:19.238, 2, 8581, 100
2026/09/29 10:52:19.238, 3, 8679, 100
2026/09/29 10:52:19.238, 4, 8581, 100
2026/09/29 10:52:19.238, 5, 8581, 100
2026/09/29 10:52:19.238, 6, 8681, 100
2026/09/29 10:52:19.238, 7, 8621, 100
2026/09/29 10:52:20.238, 0, 8577, 100
2026/09/29 10:52:20.238, 1, 8603, 100
2026/09/29 10:52:20.238, 2, 8581, 100
2026/09/29 10:52:20.238, 3, 8679, 100
2026/09/29 10:52:20.238, 4, 8581, 100
2026/09/29 10:52:20.238, 5, 8581, 100
2026/09/29 10:52:20.238, 6, 8681, 100
2026/09/29 10:52:20.239, 7, 8621, 100
2026/09/29 10:52:21.239, 0, 8577, 100
2026/09/29 10:52:21.239, 1, 8603, 100
2026/09/29 10:52:21.239, 2, 8581, 100
2026/09/29 10:52:21.239, 3, 8679, 100
2026/09/29 10:52:21.239, 4, 8581, 100
2026/09/29 10:52:21.239, 5, 8581, 100
2026/09/29 10:52:21.239, 6, 8681, 100
2026/09/29 10:52:21.239, 7, 8621, 100
2026/09/29 10:52:22.240, 0, 8577, 100
2026/09/29 10:52:22.240, 1, 8603, 100
2026/09/29 10:52:22.240, 2, 8581, 100
2026/09/29 10:52:22.240, 3, 8679, 100
2026/09/29 10:52:22.240, 4, 8581, 100
2026/09/29 10:52:22.241, 5, 8581, 100
2026/09/29 10:52:22.241, 6, 8681, 100
2026/09/29 10:52:22.241, 7, 8621, 100
2026/09/29 10:52:23.241, 0, 8577, 100
2026/09/29 10:52:23.241, 1, 8603, 100
2026/09/29 10:52:23.241, 2, 8581, 100
2026/09/29 10:52:23.241, 3, 8679, 100
2026/09/29 10:52:23.241, 4, 8581, 100
2026/09/29 10:52:23.241, 5, 8581, 100
2026/09/29 10:52:23.241, 6, 8681, 100
2026/09/29 10:52:23.241, 7, 8621, 100
2026/09/29 10:52:24.241, 0, 8577, 100
2026/09/29 10:52:24.242, 1, 8603, 100
2026/09/29 10:52:24.242, 2, 8581, 100
2026/09/29 10:52:24.242, 3, 8679, 100
2026/09/29 10:52:24.242, 4, 8581, 100
2026/09/29 10:52:24.242, 5, 8581, 100
2026/09/29 10:52:24.242, 6, 8681, 100
2026/09/29 10:52:24.242, 7, 8621, 100
2026/09/29 10:52:25.242, 0, 8577, 100
2026/09/29 10:52:25.242, 1, 8603, 100
2026/09/29 10:52:25.242, 2, 8581, 100
2026/09/29 10:52:25.242, 3, 8679, 100
2026/09/29 10:52:25.242, 4, 8581, 100
2026/09/29 10:52:25.242, 5, 8581, 100
2026/09/29 10:52:25.243, 6, 8681, 100
2026/09/29 10:52:25.243, 7, 8621, 100
2026/09/29 10:52:26.243, 0, 8577, 100
2026/09/29 10:52:26.243, 1, 8603, 100
2026/09/29 10:52:26.243, 2, 8581, 100
2026/09/29 10:52:26.243, 3, 8679, 100
2026/09/29 10:52:26.243, 4, 8581, 100
2026/09/29 10:52:26.243, 5, 8581, 100
2026/09/29 10:52:26.243, 6, 8681, 100
2026/09/29 10:52:26.243, 7, 8621, 100
2026/09/29 10:52:27.243, 0, 8577, 100
2026/09/29 10:52:27.243, 1, 8603, 100
2026/09/29 10:52:27.244, 2, 8581, 100
2026/09/29 10:52:27.244, 3, 8679, 100
2026/09/29 10:52:27.244, 4, 8581, 100
2026/09/29 10:52:27.244, 5, 8581, 100
2026/09/29 10:52:27.244, 6, 8681, 100
2026/09/29 10:52:27.244, 7, 8621, 100
2026/09/29 10:52:28.244, 0, 8577, 100
2026/09/29 10:52:28.244, 1, 8603, 100
2026/09/29 10:52:28.244, 2, 8581, 100
2026/09/29 10:52:28.244, 3, 8679, 100
2026/09/29 10:52:28.245, 4, 8581, 100
2026/09/29 10:52:28.245, 5, 8581, 100
2026/09/29 10:52:28.245, 6, 8681, 100
2026/09/29 10:52:28.245, 7, 8621, 100
2026/09/29 10:52:29.245, 0, 8577, 100
2026/09/29 10:52:29.245, 1, 8603, 100
2026/09/29 10:52:29.245, 2, 8581, 100
2026/09/29 10:52:29.245, 3, 8679, 100
2026/09/29 10:52:29.245, 4, 8581, 100
2026/09/29 10:52:29.245, 5, 8581, 100
2026/09/29 10:52:29.245, 6, 8681, 100
2026/09/29 10:52:29.245, 7, 8621, 100
2026/09/29 10:52:30.245, 0, 8577, 100
2026/09/29 10:52:30.246, 1, 8603, 100
2026/09/29 10:52:30.246, 2, 8581, 100
2026/09/29 10:52:30.246, 3, 8679, 100
2026/09/29 10:52:30.246, 4, 8581, 100
2026/09/29 10:52:30.246, 5, 8581, 100
2026/09/29 10:52:30.246, 6, 8681, 100
2026/09/29 10:52:30.246, 7, 8621, 100
2026/09/29 10:52:31.246, 0, 8577, 100
2026/09/29 10:52:31.246, 1, 8603, 100
2026/09/29 10:52:31.246, 2, 8581, 100
2026/09/29 10:52:31.246, 3, 8679, 100
2026/09/29 10:52:31.246, 4, 8581, 100
2026/09/29 10:52:31.246, 5, 8581, 100
2026/09/29 10:52:31.246, 6, 8681, 100
2026/09/29 10:52:31.247, 7, 8621, 100
2026/09/29 10:52:32.247, 0, 8577, 100
2026/09/29 10:52:32.247, 1, 8603, 100
2026/09/29 10:52:32.247, 2, 8581, 100
2026/09/29 10:52:32.247, 3, 8679, 100
2026/09/29 10:52:32.247, 4, 8581, 100
2026/09/29 10:52:32.247, 5, 8581, 100
2026/09/29 10:52:32.247, 6, 8681, 100
2026/09/29 10:52:32.247, 7, 8621, 100
2026/09/29 10:52:33.247, 0, 8577, 100
2026/09/29 10:52:33.248, 1, 8603, 100
2026/09/29 10:52:33.248, 2, 8581, 100
2026/09/29 10:52:33.248, 3, 8679, 100
2026/09/29 10:52:33.248, 4, 8581, 100
2026/09/29 10:52:33.248, 5, 8581, 100
2026/09/29 10:52:33.248, 6, 8681, 100
2026/09/29 10:52:33.248, 7, 8621, 100
2026/09/29 10:52:34.248, 0, 8577, 100
2026/09/29 10:52:34.248, 1, 8603, 100
2026/09/29 10:52:34.248, 2, 8581, 100
2026/09/29 10:52:34.248, 3, 8679, 100
2026/09/29 10:52:34.248, 4, 8581, 100
2026/09/29 10:52:34.248, 5, 8581, 100
2026/09/29 10:52:34.248, 6, 8681, 100
2026/09/29 10:52:34.248, 7, 8621, 100
2026/09/29 10:52:35.249, 0, 8577, 100
2026/09/29 10:52:35.249, 1, 8603, 100
2026/09/29 10:52:35.249, 2, 8581, 100
2026/09/29 10:52:35.249, 3, 8679, 100
2026/09/29 10:52:35.249, 4, 8581, 100
2026/09/29 10:52:35.249, 5, 8581, 100
2026/09/29 10:52:35.249, 6, 8681, 100
2026/09/29 10:52:35.249, 7, 8621, 100
2026/09/29 10:52:36.249, 0, 8577, 100
2026/09/29 10:52:36.249, 1, 8603, 100
2026/09/29 10:52:36.249, 2, 8581, 100
2026/09/29 10:52:36.249, 3, 8679, 100
2026/09/29 10:52:36.250, 4, 8581, 100
2026/09/29 10:52:36.250, 5, 8581, 100
2026/09/29 10:52:36.250, 6, 8681, 100
2026/09/29 10:52:36.250, 7, 8621, 100
2026/09/29 10:52:37.250, 0, 8577, 100
2026/09/29 10:52:37.250, 1, 8603, 100
2026/09/29 10:52:37.250, 2, 8581, 100
2026/09/29 10:52:37.250, 3, 8679, 100
2026/09/29 10:52:37.250, 4, 8581, 100
2026/09/29 10:52:37.250, 5, 8581, 100
2026/09/29 10:52:37.250, 6, 8681, 100
2026/09/29 10:52:37.250, 7, 8621, 100
2026/09/29 10:52:38.250, 0, 8577, 100
2026/09/29 10:52:38.250, 1, 8603, 100
2026/09/29 10:52:38.250, 2, 8581, 100
2026/09/29 10:52:38.250, 3, 8679, 100
2026/09/29 10:52:38.250, 4, 8581, 100
2026/09/29 10:52:38.250, 5, 8581, 100
2026/09/29 10:52:38.251, 6, 8681, 100
2026/09/29 10:52:38.251, 7, 8621, 100
2026/09/29 10:52:39.251, 0, 8577, 100
2026/09/29 10:52:39.251, 1, 8603, 100
2026/09/29 10:52:39.251, 2, 8581, 100
2026/09/29 10:52:39.251, 3, 8679, 100
2026/09/29 10:52:39.251, 4, 8581, 100
2026/09/29 10:52:39.251, 5, 8581, 100
2026/09/29 10:52:39.251, 6, 8681, 100
2026/09/29 10:52:39.251, 7, 8621, 100
2026/09/29 10:52:40.251, 0, 8577, 100
2026/09/29 10:52:40.251, 1, 8603, 100
2026/09/29 10:52:40.251, 2, 8581, 100
2026/09/29 10:52:40.251, 3, 8679, 100
2026/09/29 10:52:40.251, 4, 8581, 100
2026/09/29 10:52:40.251, 5, 8581, 100
2026/09/29 10:52:40.252, 6, 8681, 100
2026/09/29 10:52:40.252, 7, 8621, 100
2026/09/29 10:52:41.252, 0, 8577, 100
2026/09/29 10:52:41.252, 1, 8603, 100
2026/09/29 10:52:41.252, 2, 8581, 100
2026/09/29 10:52:41.252, 3, 8679, 100
2026/09/29 10:52:41.252, 4, 8581, 100
2026/09/29 10:52:41.252, 5, 8581, 100
2026/09/29 10:52:41.252, 6, 8681, 100
2026/09/29 10:52:41.252, 7, 8621, 100
2026/09/29 10:52:42.252, 0, 8577, 100
2026/09/29 10:52:42.252, 1, 8603, 100
2026/09/29 10:52:42.252, 2, 8581, 100
2026/09/29 10:52:42.253, 3, 8679, 100
2026/09/29 10:52:42.253, 4, 8581, 100
2026/09/29 10:52:42.253, 5, 8581, 100
2026/09/29 10:52:42.253, 6, 8681, 100
2026/09/29 10:52:42.253, 7, 8621, 100
2026/09/29 10:52:43.253, 0, 8577, 100
2026/09/29 10:52:43.253, 1, 8603, 100
2026/09/29 10:52:43.253, 2, 8581, 100
2026/09/29 10:52:43.253, 3, 8679, 100
2026/09/29 10:52:43.253, 4, 8581, 100
2026/09/29 10:52:43.253, 5, 8581, 100
2026/09/29 10:52:43.253, 6, 8681, 100
2026/09/29 10:52:43.253, 7, 8621, 100
2026/09/29 10:52:44.253, 0, 8577, 100
2026/09/29 10:52:44.254, 1, 8603, 100
2026/09/29 10:52:44.254, 2, 8581, 100
2026/09/29 10:52:44.254, 3, 8679, 100
2026/09/29 10:52:44.254, 4, 8581, 100
2026/09/29 10:52:44.254, 5, 8581, 100
2026/09/29 10:52:44.254, 6, 8681, 100
2026/09/29 10:52:44.254, 7, 8621, 100
2026/09/29 10:52:45.254, 0, 8577, 100
2026/09/29 10:52:45.254, 1, 8603, 100
2026/09/29 10:52:45.254, 2, 8581, 100
2026/09/29 10:52:45.254, 3, 8679, 100
2026/09/29 10:52:45.254, 4, 8581, 100
2026/09/29 10:52:45.254, 5, 8581, 100
2026/09/29 10:52:45.255, 6, 8681, 100
2026/09/29 10:52:45.255, 7, 8621, 100
2026/09/29 10:52:46.255, 0, 8577, 100
2026/09/29 10:52:46.255, 1, 8603, 100
2026/09/29 10:52:46.255, 2, 8581, 100
2026/09/29 10:52:46.255, 3, 8679, 100
2026/09/29 10:52:46.255, 4, 8581, 100
2026/09/29 10:52:46.255, 5, 8581, 100
2026/09/29 10:52:46.255, 6, 8681, 100
2026/09/29 10:52:46.255, 7, 8621, 100
2026/09/29 10:52:47.255, 0, 8577, 100
2026/09/29 10:52:47.256, 1, 8603, 100
2026/09/29 10:52:47.256, 2, 8581, 100
2026/09/29 10:52:47.256, 3, 8679, 100
2026/09/29 10:52:47.256, 4, 8581, 100
2026/09/29 10:52:47.256, 5, 8581, 100
2026/09/29 10:52:47.256, 6, 8681, 100
2026/09/29 10:52:47.256, 7, 8621, 100
2026/09/29 10:52:48.256, 0, 8577, 100
2026/09/29 10:52:48.256, 1, 8603, 100
2026/09/29 10:52:48.256, 2, 8581, 100
2026/09/29 10:52:48.256, 3, 8679, 100
2026/09/29 10:52:48.257, 4, 8581, 100
2026/09/29 10:52:48.257, 5, 8581, 100
2026/09/29 10:52:48.257, 6, 8681, 100
2026/09/29 10:52:48.257, 7, 8621, 100
2026/09/29 10:52:49.257, 0, 8577, 100
2026/09/29 10:52:49.257, 1, 8603, 100
2026/09/29 10:52:49.257, 2, 8581, 100
2026/09/29 10:52:49.257, 3, 8679, 100
2026/09/29 10:52:49.257, 4, 8581, 100
2026/09/29 10:52:49.257, 5, 8581, 100
2026/09/29 10:52:49.257, 6, 8681, 100
2026/09/29 10:52:49.257, 7, 8621, 100
2026/09/29 10:52:50.257, 0, 8577, 100
2026/09/29 10:52:50.258, 1, 8603, 100
2026/09/29 10:52:50.258, 2, 8581, 100
2026/09/29 10:52:50.258, 3, 8679, 100
2026/09/29 10:52:50.258, 4, 8581, 100
2026/09/29 10:52:50.258, 5, 8581, 100
2026/09/29 10:52:50.258, 6, 8681, 100
2026/09/29 10:52:50.258, 7, 8621, 100
2026/09/29 10:52:51.258, 0, 8577, 100
2026/09/29 10:52:51.258, 1, 8603, 100
2026/09/29 10:52:51.258, 2, 8581, 100
2026/09/29 10:52:51.258, 3, 8679, 100
2026/09/29 10:52:51.258, 4, 8581, 100
2026/09/29 10:52:51.259, 5, 8581, 100
2026/09/29 10:52:51.259, 6, 8681, 100
2026/09/29 10:52:51.259, 7, 8621, 100
2026/09/29 10:52:52.259, 0, 8577, 100
2026/09/29 10:52:52.259, 1, 8603, 100
2026/09/29 10:52:52.259, 2, 8581, 100
2026/09/29 10:52:52.259, 3, 8679, 100
2026/09/29 10:52:52.259, 4, 8581, 100
2026/09/29 10:52:52.259, 5, 8581, 100
2026/09/29 10:52:52.259, 6, 8681, 100
2026/09/29 10:52:52.259, 7, 8621, 100
2026/09/29 10:52:53.259, 0, 8577, 100
2026/09/29 10:52:53.259, 1, 8603, 100
2026/09/29 10:52:53.259, 2, 8581, 100
2026/09/29 10:52:53.259, 3, 8679, 100
2026/09/29 10:52:53.259, 4, 8581, 100
2026/09/29 10:52:53.259, 5, 8581, 100
2026/09/29 10:52:53.260, 6, 8681, 100
2026/09/29 10:52:53.260, 7, 8621, 100
2026/09/29 10:52:54.260, 0, 8577, 100
2026/09/29 10:52:54.260, 1, 8603, 100
2026/09/29 10:52:54.260, 2, 8581, 100
2026/09/29 10:52:54.260, 3, 8679, 100
2026/09/29 10:52:54.260, 4, 8581, 100
2026/09/29 10:52:54.260, 5, 8581, 100
2026/09/29 10:52:54.260, 6, 8681, 100
2026/09/29 10:52:54.260, 7, 8621, 100
2026/09/29 10:52:55.260, 0, 8577, 100
2026/09/29 10:52:55.260, 1, 8603, 100
2026/09/29 10:52:55.260, 2, 8581, 100
2026/09/29 10:52:55.261, 3, 8679, 100
2026/09/29 10:52:55.261, 4, 8581, 100
2026/09/29 10:52:55.261, 5, 8581, 100
2026/09/29 10:52:55.261, 6, 8681, 100
2026/09/29 10:52:55.261, 7, 8621, 100
2026/09/29 10:52:56.261, 0, 8577, 100
2026/09/29 10:52:56.261, 1, 8603, 100
2026/09/29 10:52:56.261, 2, 8581, 100
2026/09/29 10:52:56.261, 3, 8679, 100
2026/09/29 10:52:56.261, 4, 8581, 100
2026/09/29 10:52:56.261, 5, 8581, 100
2026/09/29 10:52:56.261, 6, 8681, 100
2026/09/29 10:52:56.261, 7, 8621, 100
2026/09/29 10:52:57.262, 0, 8577, 100
2026/09/29 10:52:57.262, 1, 8603, 100
2026/09/29 10:52:57.262, 2, 8581, 100
2026/09/29 10:52:57.262, 3, 8679, 100
2026/09/29 10:52:57.262, 4, 8581, 100
2026/09/29 10:52:57.262, 5, 8581, 100
2026/09/29 10:52:57.262, 6, 8681, 100
2026/09/29 10:52:57.263, 7, 8621, 100
2026/09/29 10:52:58.263, 0, 8577, 100
2026/09/29 10:52:58.263, 1, 8603, 100
2026/09/29 10:52:58.263, 2, 8581, 100
2026/09/29 10:52:58.263, 3, 8679, 100
2026/09/29 10:52:58.263, 4, 8581, 100
2026/09/29 10:52:58.263, 5, 8581, 100
2026/09/29 10:52:58.263, 6, 8681, 100
2026/09/29 10:52:58.263, 7, 8621, 100
2026/09/29 10:52:59.263, 0, 8577, 100
2026/09/29 10:52:59.263, 1, 8603, 100
2026/09/29 10:52:59.263, 2, 8581, 100
2026/09/29 10:52:59.264, 3, 8679, 100
2026/09/29 10:52:59.264, 4, 8581, 100
2026/09/29 10:52:59.264, 5, 8581, 100
2026/09/29 10:52:59.264, 6, 8681, 100
2026/09/29 10:52:59.264, 7, 8621, 100
2026/09/29 10:53:00.264, 0, 8577, 100
2026/09/29 10:53:00.264, 1, 8603, 100
2026/09/29 10:53:00.264, 2, 8581, 100
2026/09/29 10:53:00.264, 3, 8679, 100
2026/09/29 10:53:00.264, 4, 8581, 100
2026/09/29 10:53:00.264, 5, 8581, 100
2026/09/29 10:53:00.264, 6, 8681, 100
2026/09/29 10:53:00.264, 7, 8621, 100
2026/09/29 10:53:01.264, 0, 8577, 100
2026/09/29 10:53:01.265, 1, 8603, 100
2026/09/29 10:53:01.265, 2, 8581, 100
2026/09/29 10:53:01.265, 3, 8679, 100
2026/09/29 10:53:01.265, 4, 8581, 100
2026/09/29 10:53:01.265, 5, 8581, 100
2026/09/29 10:53:01.265, 6, 8681, 100
2026/09/29 10:53:01.265, 7, 8621, 100
2026/09/29 10:53:02.265, 0, 8577, 100
2026/09/29 10:53:02.265, 1, 8603, 100
2026/09/29 10:53:02.265, 2, 8581, 100
2026/09/29 10:53:02.265, 3, 8679, 100
2026/09/29 10:53:02.265, 4, 8581, 100
2026/09/29 10:53:02.266, 5, 8581, 100
2026/09/29 10:53:02.266, 6, 8681, 100
2026/09/29 10:53:02.266, 7, 8621, 100
2026/09/29 10:53:03.266, 0, 8577, 100
2026/09/29 10:53:03.266, 1, 8603, 100
2026/09/29 10:53:03.266, 2, 8581, 100
2026/09/29 10:53:03.266, 3, 8679, 100
2026/09/29 10:53:03.266, 4, 8581, 100
2026/09/29 10:53:03.266, 5, 8581, 100
2026/09/29 10:53:03.266, 6, 8681, 100
2026/09/29 10:53:03.266, 7, 8621, 100
2026/09/29 10:53:04.266, 0, 8577, 100
2026/09/29 10:53:04.266, 1, 8603, 100
2026/09/29 10:53:04.266, 2, 8581, 100
2026/09/29 10:53:04.266, 3, 8679, 100
2026/09/29 10:53:04.267, 4, 8581, 100
2026/09/29 10:53:04.267, 5, 8581, 100
2026/09/29 10:53:04.267, 6, 8681, 100
2026/09/29 10:53:04.267, 7, 8621, 100
2026/09/29 10:53:05.267, 0, 8577, 100
2026/09/29 10:53:05.267, 1, 8603, 100
2026/09/29 10:53:05.267, 2, 8581, 100
2026/09/29 10:53:05.267, 3, 8679, 100
2026/09/29 10:53:05.267, 4, 8581, 100
2026/09/29 10:53:05.267, 5, 8581, 100
2026/09/29 10:53:05.267, 6, 8681, 100
2026/09/29 10:53:05.267, 7, 8621, 100
2026/09/29 10:53:06.267, 0, 8577, 100
2026/09/29 10:53:06.267, 1, 8603, 100
2026/09/29 10:53:06.267, 2, 8581, 100
2026/09/29 10:53:06.267, 3, 8679, 100
2026/09/29 10:53:06.267, 4, 8581, 100
2026/09/29 10:53:06.267, 5, 8581, 100
2026/09/29 10:53:06.267, 6, 8681, 100
2026/09/29 10:53:06.267, 7, 8621, 100
2026/09/29 10:53:07.268, 0, 8577, 100
2026/09/29 10:53:07.268, 1, 8603, 100
2026/09/29 10:53:07.268, 2, 8581, 100
2026/09/29 10:53:07.268, 3, 8679, 100
2026/09/29 10:53:07.268, 4, 8581, 100
2026/09/29 10:53:07.268, 5, 8581, 100
2026/09/29 10:53:07.268, 6, 8681, 100
2026/09/29 10:53:07.268, 7, 8621, 100
2026/09/29 10:53:08.268, 0, 8577, 100
2026/09/29 10:53:08.268, 1, 8603, 100
2026/09/29 10:53:08.268, 2, 8581, 100
2026/09/29 10:53:08.268, 3, 8679, 100
2026/09/29 10:53:08.268, 4, 8581, 100
2026/09/29 10:53:08.269, 5, 8581, 100
2026/09/29 10:53:08.269, 6, 8681, 100
2026/09/29 10:53:08.269, 7, 8621, 100
2026/09/29 10:53:09.269, 0, 8577, 100
2026/09/29 10:53:09.269, 1, 8603, 100
2026/09/29 10:53:09.269, 2, 8581, 100
2026/09/29 10:53:09.269, 3, 8679, 100
2026/09/29 10:53:09.269, 4, 8581, 100
2026/09/29 10:53:09.269, 5, 8581, 100
2026/09/29 10:53:09.269, 6, 8681, 100
2026/09/29 10:53:09.269, 7, 8621, 100
2026/09/29 10:53:10.269, 0, 8577, 100
2026/09/29 10:53:10.269, 1, 8603, 100
2026/09/29 10:53:10.269, 2, 8581, 100
2026/09/29 10:53:10.270, 3, 8679, 100
2026/09/29 10:53:10.270, 4, 8581, 100
2026/09/29 10:53:10.270, 5, 8581, 100
2026/09/29 10:53:10.270, 6, 8681, 100
2026/09/29 10:53:10.270, 7, 8621, 100
2026/09/29 10:53:11.270, 0, 8577, 100
2026/09/29 10:53:11.270, 1, 8603, 100
2026/09/29 10:53:11.270, 2, 8581, 100
2026/09/29 10:53:11.270, 3, 8679, 100
2026/09/29 10:53:11.270, 4, 8581, 100
2026/09/29 10:53:11.270, 5, 8581, 100
2026/09/29 10:53:11.270, 6, 8681, 100
2026/09/29 10:53:11.270, 7, 8621, 100
2026/09/29 10:53:12.271, 0, 8577, 100
2026/09/29 10:53:12.271, 1, 8603, 100
2026/09/29 10:53:12.271, 2, 8581, 100
2026/09/29 10:53:12.271, 3, 8679, 100
2026/09/29 10:53:12.271, 4, 8581, 100
2026/09/29 10:53:12.271, 5, 8581, 100
2026/09/29 10:53:12.271, 6, 8681, 100
2026/09/29 10:53:12.271, 7, 8621, 100
2026/09/29 10:53:13.271, 0, 8577, 100
2026/09/29 10:53:13.271, 1, 8603, 100
2026/09/29 10:53:13.271, 2, 8581, 100
2026/09/29 10:53:13.272, 3, 8679, 100
2026/09/29 10:53:13.272, 4, 8581, 100
2026/09/29 10:53:13.272, 5, 8581, 100
2026/09/29 10:53:13.272, 6, 8681, 100
2026/09/29 10:53:13.272, 7, 8621, 100
2026/09/29 10:53:14.272, 0, 8577, 100
2026/09/29 10:53:14.272, 1, 8603, 100
2026/09/29 10:53:14.272, 2, 8581, 100
2026/09/29 10:53:14.272, 3, 8679, 100
2026/09/29 10:53:14.272, 4, 8581, 100
2026/09/29 10:53:14.272, 5, 8581, 100
2026/09/29 10:53:14.272, 6, 8681, 100
2026/09/29 10:53:14.272, 7, 8621, 100
2026/09/29 10:53:15.273, 0, 8577, 100
2026/09/29 10:53:15.273, 1, 8603, 100
2026/09/29 10:53:15.273, 2, 8581, 100
2026/09/29 10:53:15.273, 3, 8679, 100
2026/09/29 10:53:15.273, 4, 8581, 100
2026/09/29 10:53:15.273, 5, 8581, 100
2026/09/29 10:53:15.273, 6, 8681, 100
2026/09/29 10:53:15.273, 7, 8621, 100
2026/09/29 10:53:16.273, 0, 8577, 100
2026/09/29 10:53:16.274, 1, 8603, 100
2026/09/29 10:53:16.274, 2, 8581, 100
2026/09/29 10:53:16.274, 3, 8679, 100
2026/09/29 10:53:16.274, 4, 8581, 100
2026/09/29 10:53:16.274, 5, 8581, 100
2026/09/29 10:53:16.274, 6, 8681, 100
2026/09/29 10:53:16.274, 7, 8621, 100
2026/09/29 10:53:17.274, 0, 8577, 100
2026/09/29 10:53:17.274, 1, 8603, 100
2026/09/29 10:53:17.274, 2, 8581, 100
2026/09/29 10:53:17.274, 3, 8679, 100
2026/09/29 10:53:17.274, 4, 8581, 100
2026/09/29 10:53:17.274, 5, 8581, 100
2026/09/29 10:53:17.275, 6, 8681, 100
2026/09/29 10:53:17.275, 7, 8621, 100
2026/09/29 10:53:18.275, 0, 8577, 100
2026/09/29 10:53:18.275, 1, 8603, 100
2026/09/29 10:53:18.275, 2, 8581, 100
2026/09/29 10:53:18.275, 3, 8679, 100
2026/09/29 10:53:18.275, 4, 8581, 100
2026/09/29 10:53:18.275, 5, 8581, 100
2026/09/29 10:53:18.275, 6, 8681, 100
2026/09/29 10:53:18.275, 7, 8621, 100
2026/09/29 10:53:19.275, 0, 8577, 100
2026/09/29 10:53:19.275, 1, 8603, 100
2026/09/29 10:53:19.275, 2, 8581, 100
2026/09/29 10:53:19.276, 3, 8679, 100
2026/09/29 10:53:19.276, 4, 8581, 100
2026/09/29 10:53:19.276, 5, 8581, 100
2026/09/29 10:53:19.276, 6, 8681, 100
2026/09/29 10:53:19.276, 7, 8621, 100
2026/09/29 10:53:20.276, 0, 8577, 100
2026/09/29 10:53:20.276, 1, 8603, 100
2026/09/29 10:53:20.276, 2, 8581, 100
2026/09/29 10:53:20.276, 3, 8679, 100
2026/09/29 10:53:20.276, 4, 8581, 100
2026/09/29 10:53:20.276, 5, 8581, 100
2026/09/29 10:53:20.276, 6, 8681, 100
2026/09/29 10:53:20.276, 7, 8621, 100
2026/09/29 10:53:21.276, 0, 8577, 100
2026/09/29 10:53:21.277, 1, 8603, 100
2026/09/29 10:53:21.277, 2, 8581, 100
2026/09/29 10:53:21.277, 3, 8679, 100
2026/09/29 10:53:21.277, 4, 8581, 100
2026/09/29 10:53:21.277, 5, 8581, 100
2026/09/29 10:53:21.277, 6, 8681, 100
2026/09/29 10:53:21.277, 7, 8621, 100
2026/09/29 10:53:22.277, 0, 8577, 100
2026/09/29 10:53:22.277, 1, 8603, 100
2026/09/29 10:53:22.277, 2, 8581, 100
2026/09/29 10:53:22.277, 3, 8679, 100
2026/09/29 10:53:22.277, 4, 8581, 100
2026/09/29 10:53:22.277, 5, 8581, 100
2026/09/29 10:53:22.278, 6, 8681, 100
2026/09/29 10:53:22.278, 7, 8621, 100
2026/09/29 10:53:23.278, 0, 8577, 100
2026/09/29 10:53:23.278, 1, 8603, 100
2026/09/29 10:53:23.278, 2, 8581, 100
2026/09/29 10:53:23.278, 3, 8679, 100
2026/09/29 10:53:23.278, 4, 8581, 100
2026/09/29 10:53:23.278, 5, 8581, 100
2026/09/29 10:53:23.278, 6, 8681, 100
2026/09/29 10:53:23.278, 7, 8621, 100
2026/09/29 10:53:24.278, 0, 8577, 100
2026/09/29 10:53:24.278, 1, 8603, 100
2026/09/29 10:53:24.279, 2, 8581, 100
2026/09/29 10:53:24.279, 3, 8679, 100
2026/09/29 10:53:24.279, 4, 8581, 100
2026/09/29 10:53:24.279, 5, 8581, 100
2026/09/29 10:53:24.279, 6, 8681, 100
2026/09/29 10:53:24.279, 7, 8621, 100
2026/09/29 10:53:25.279, 0, 8577, 100
2026/09/29 10:53:25.279, 1, 8603, 100
2026/09/29 10:53:25.279, 2, 8581, 100
2026/09/29 10:53:25.279, 3, 8679, 100
2026/09/29 10:53:25.279, 4, 8581, 100
2026/09/29 10:53:25.279, 5, 8581, 100
2026/09/29 10:53:25.279, 6, 8681, 100
2026/09/29 10:53:25.279, 7, 8621, 100
2026/09/29 10:53:26.280, 0, 8577, 100
2026/09/29 10:53:26.280, 1, 8603, 100
2026/09/29 10:53:26.280, 2, 8581, 100
2026/09/29 10:53:26.280, 3, 8679, 100
2026/09/29 10:53:26.280, 4, 8581, 100
2026/09/29 10:53:26.280, 5, 8581, 100
2026/09/29 10:53:26.280, 6, 8681, 100
2026/09/29 10:53:26.280, 7, 8621, 100
2026/09/29 10:53:27.280, 0, 8577, 100
2026/09/29 10:53:27.280, 1, 8603, 100
2026/09/29 10:53:27.280, 2, 8581, 100
2026/09/29 10:53:27.280, 3, 8679, 100
2026/09/29 10:53:27.280, 4, 8581, 100
2026/09/29 10:53:27.280, 5, 8581, 100
2026/09/29 10:53:27.280, 6, 8681, 100
2026/09/29 10:53:27.280, 7, 8621, 100
2026/09/29 10:53:28.281, 0, 8577, 100
2026/09/29 10:53:28.281, 1, 8603, 100
2026/09/29 10:53:28.281, 2, 8581, 100
2026/09/29 10:53:28.281, 3, 8679, 100
2026/09/29 10:53:28.281, 4, 8581, 100
2026/09/29 10:53:28.281, 5, 8581, 100
2026/09/29 10:53:28.281, 6, 8681, 100
2026/09/29 10:53:28.281, 7, 8621, 100
2026/09/29 10:53:29.281, 0, 8577, 100
2026/09/29 10:53:29.281, 1, 8603, 100
2026/09/29 10:53:29.281, 2, 8581, 100
2026/09/29 10:53:29.282, 3, 8679, 100
2026/09/29 10:53:29.282, 4, 8581, 100
2026/09/29 10:53:29.282, 5, 8581, 100
2026/09/29 10:53:29.282, 6, 8681, 100
2026/09/29 10:53:29.282, 7, 8621, 100
2026/09/29 10:53:30.282, 0, 8577, 100
2026/09/29 10:53:30.282, 1, 8603, 100
2026/09/29 10:53:30.282, 2, 8581, 100
2026/09/29 10:53:30.282, 3, 8679, 100
2026/09/29 10:53:30.282, 4, 8581, 100
2026/09/29 10:53:30.282, 5, 8581, 100
2026/09/29 10:53:30.282, 6, 8681, 100
2026/09/29 10:53:30.282, 7, 8621, 100
2026/09/29 10:53:31.283, 0, 8577, 100
2026/09/29 10:53:31.283, 1, 8603, 100
2026/09/29 10:53:31.283, 2, 8581, 100
2026/09/29 10:53:31.283, 3, 8679, 100
2026/09/29 10:53:31.283, 4, 8581, 100
2026/09/29 10:53:31.283, 5, 8581, 100
2026/09/29 10:53:31.283, 6, 8681, 100
2026/09/29 10:53:31.283, 7, 8621, 100
2026/09/29 10:53:32.283, 0, 8577, 100
2026/09/29 10:53:32.283, 1, 8603, 100
2026/09/29 10:53:32.283, 2, 8581, 100
2026/09/29 10:53:32.283, 3, 8679, 100
2026/09/29 10:53:32.283, 4, 8581, 100
2026/09/29 10:53:32.283, 5, 8581, 100
2026/09/29 10:53:32.283, 6, 8681, 100
2026/09/29 10:53:32.283, 7, 8621, 100
2026/09/29 10:53:33.284, 0, 8577, 100
2026/09/29 10:53:33.284, 1, 8603, 100
2026/09/29 10:53:33.284, 2, 8581, 100
2026/09/29 10:53:33.284, 3, 8679, 100
2026/09/29 10:53:33.284, 4, 8581, 100
2026/09/29 10:53:33.284, 5, 8581, 100
2026/09/29 10:53:33.284, 6, 8681, 100
2026/09/29 10:53:33.284, 7, 8621, 100
2026/09/29 10:53:34.284, 0, 8577, 100
2026/09/29 10:53:34.284, 1, 8603, 100
2026/09/29 10:53:34.284, 2, 8581, 100
2026/09/29 10:53:34.284, 3, 8679, 100
2026/09/29 10:53:34.284, 4, 8581, 100
2026/09/29 10:53:34.285, 5, 8581, 100
2026/09/29 10:53:34.285, 6, 8681, 100
2026/09/29 10:53:34.285, 7, 8621, 100
2026/09/29 10:53:35.285, 0, 8577, 100
2026/09/29 10:53:35.285, 1, 8603, 100
2026/09/29 10:53:35.285, 2, 8581, 100
2026/09/29 10:53:35.285, 3, 8679, 100
2026/09/29 10:53:35.285, 4, 8581, 100
2026/09/29 10:53:35.285, 5, 8581, 100
2026/09/29 10:53:35.285, 6, 8681, 100
2026/09/29 10:53:35.285, 7, 8621, 100
2026/09/29 10:53:36.285, 0, 8577, 100
2026/09/29 10:53:36.286, 1, 8603, 100
2026/09/29 10:53:36.286, 2, 8581, 100
2026/09/29 10:53:36.286, 3, 8679, 100
2026/09/29 10:53:36.286, 4, 8581, 100
2026/09/29 10:53:36.286, 5, 8581, 100
2026/09/29 10:53:36.286, 6, 8681, 100
2026/09/29 10:53:36.286, 7, 8621, 100
2026/09/29 10:53:37.286, 0, 8577, 100
2026/09/29 10:53:37.286, 1, 8603, 100
2026/09/29 10:53:37.286, 2, 8581, 100
2026/09/29 10:53:37.286, 3, 8679, 100
2026/09/29 10:53:37.287, 4, 8581, 100
2026/09/29 10:53:37.287, 5, 8581, 100
2026/09/29 10:53:37.287, 6, 8681, 100
2026/09/29 10:53:37.287, 7, 8621, 100
2026/09/29 10:53:38.287, 0, 8577, 100
2026/09/29 10:53:38.287, 1, 8603, 100
2026/09/29 10:53:38.287, 2, 8581, 100
2026/09/29 10:53:38.287, 3, 8679, 100
2026/09/29 10:53:38.287, 4, 8581, 100
2026/09/29 10:53:38.287, 5, 8581, 100
2026/09/29 10:53:38.287, 6, 8681, 100
2026/09/29 10:53:38.287, 7, 8621, 100
2026/09/29 10:53:39.287, 0, 8577, 100
2026/09/29 10:53:39.287, 1, 8603, 100
2026/09/29 10:53:39.288, 2, 8581, 100
2026/09/29 10:53:39.288, 3, 8679, 100
2026/09/29 10:53:39.288, 4, 8581, 100
2026/09/29 10:53:39.288, 5, 8581, 100
2026/09/29 10:53:39.288, 6, 8681, 100
2026/09/29 10:53:39.288, 7, 8621, 100
2026/09/29 10:53:40.288, 0, 8577, 100
2026/09/29 10:53:40.288, 1, 8603, 100
2026/09/29 10:53:40.288, 2, 8581, 100
2026/09/29 10:53:40.288, 3, 8679, 100
2026/09/29 10:53:40.288, 4, 8581, 100
2026/09/29 10:53:40.288, 5, 8581, 100
2026/09/29 10:53:40.288, 6, 8681, 100
2026/09/29 10:53:40.288, 7, 8621, 100
2026/09/29 10:53:41.289, 0, 8577, 100
2026/09/29 10:53:41.289, 1, 8603, 100
2026/09/29 10:53:41.289, 2, 8581, 100
2026/09/29 10:53:41.289, 3, 8679, 100
2026/09/29 10:53:41.289, 4, 8581, 100
2026/09/29 10:53:41.289, 5, 8581, 100
2026/09/29 10:53:41.289, 6, 8681, 100
2026/09/29 10:53:41.289, 7, 8621, 100
2026/09/29 10:53:42.289, 0, 8577, 100
2026/09/29 10:53:42.289, 1, 8603, 100
2026/09/29 10:53:42.289, 2, 8581, 100
2026/09/29 10:53:42.289, 3, 8679, 100
2026/09/29 10:53:42.290, 4, 8581, 100
2026/09/29 10:53:42.290, 5, 8581, 100
2026/09/29 10:53:42.290, 6, 8681, 100
2026/09/29 10:53:42.290, 7, 8621, 100
2026/09/29 10:53:43.290, 0, 8577, 100
2026/09/29 10:53:43.290, 1, 8603, 100
2026/09/29 10:53:43.290, 2, 8581, 100
2026/09/29 10:53:43.290, 3, 8679, 100
2026/09/29 10:53:43.290, 4, 8581, 100
2026/09/29 10:53:43.290, 5, 8581, 100
2026/09/29 10:53:43.290, 6, 8681, 100
2026/09/29 10:53:43.290, 7, 8621, 100
2026/09/29 10:53:44.290, 0, 8577, 100
2026/09/29 10:53:44.291, 1, 8603, 100
2026/09/29 10:53:44.291, 2, 8581, 100
2026/09/29 10:53:44.291, 3, 8679, 100
2026/09/29 10:53:44.291, 4, 8581, 100
2026/09/29 10:53:44.291, 5, 8581, 100
2026/09/29 10:53:44.291, 6, 8681, 100
2026/09/29 10:53:44.291, 7, 8621, 100
2026/09/29 10:53:45.291, 0, 8577, 100
2026/09/29 10:53:45.291, 1, 8603, 100
2026/09/29 10:53:45.291, 2, 8581, 100
2026/09/29 10:53:45.291, 3, 8679, 100
2026/09/29 10:53:45.291, 4, 8581, 100
2026/09/29 10:53:45.291, 5, 8581, 100
2026/09/29 10:53:45.291, 6, 8681, 100
2026/09/29 10:53:45.292, 7, 8621, 100
2026/09/29 10:53:46.292, 0, 8577, 100
2026/09/29 10:53:46.292, 1, 8603, 100
2026/09/29 10:53:46.292, 2, 8581, 100
2026/09/29 10:53:46.292, 3, 8679, 100
2026/09/29 10:53:46.292, 4, 8581, 100
2026/09/29 10:53:46.292, 5, 8581, 100
2026/09/29 10:53:46.292, 6, 8681, 100
2026/09/29 10:53:46.292, 7, 8621, 100
2026/09/29 10:53:47.292, 0, 8577, 100
2026/09/29 10:53:47.292, 1, 8603, 100
2026/09/29 10:53:47.293, 2, 8581, 100
2026/09/29 10:53:47.293, 3, 8679, 100
2026/09/29 10:53:47.293, 4, 8581, 100
2026/09/29 10:53:47.293, 5, 8581, 100
2026/09/29 10:53:47.293, 6, 8681, 100
2026/09/29 10:53:47.293, 7, 8621, 100
2026/09/29 10:53:48.293, 0, 8577, 100
2026/09/29 10:53:48.293, 1, 8603, 100
2026/09/29 10:53:48.293, 2, 8581, 100
2026/09/29 10:53:48.293, 3, 8679, 100
2026/09/29 10:53:48.293, 4, 8581, 100
2026/09/29 10:53:48.293, 5, 8581, 100
2026/09/29 10:53:48.293, 6, 8681, 100
2026/09/29 10:53:48.293, 7, 8621, 100
2026/09/29 10:53:49.294, 0, 8577, 100
2026/09/29 10:53:49.294, 1, 8603, 100
2026/09/29 10:53:49.294, 2, 8581, 100
2026/09/29 10:53:49.294, 3, 8679, 100
2026/09/29 10:53:49.294, 4, 8581, 100
2026/09/29 10:53:49.294, 5, 8581, 100
2026/09/29 10:53:49.294, 6, 8681, 100
2026/09/29 10:53:49.294, 7, 8621, 100
2026/09/29 10:53:50.294, 0, 8577, 100
2026/09/29 10:53:50.294, 1, 8603, 100
2026/09/29 10:53:50.294, 2, 8581, 100
2026/09/29 10:53:50.295, 3, 8679, 100
2026/09/29 10:53:50.295, 4, 8581, 100
2026/09/29 10:53:50.295, 5, 8581, 100
2026/09/29 10:53:50.295, 6, 8681, 100
2026/09/29 10:53:50.295, 7, 8621, 100
2026/09/29 10:53:51.295, 0, 8577, 100
2026/09/29 10:53:51.295, 1, 8603, 100
2026/09/29 10:53:51.295, 2, 8581, 100
2026/09/29 10:53:51.295, 3, 8679, 100
2026/09/29 10:53:51.295, 4, 8581, 100
2026/09/29 10:53:51.295, 5, 8581, 100
2026/09/29 10:53:51.295, 6, 8681, 100
2026/09/29 10:53:51.295, 7, 8621, 100
2026/09/29 10:53:52.296, 0, 8577, 100
2026/09/29 10:53:52.296, 1, 8603, 100
2026/09/29 10:53:52.296, 2, 8581, 100
2026/09/29 10:53:52.296, 3, 8679, 100
2026/09/29 10:53:52.296, 4, 8581, 100
2026/09/29 10:53:52.296, 5, 8581, 100
2026/09/29 10:53:52.296, 6, 8681, 100
2026/09/29 10:53:52.296, 7, 8621, 100
2026/09/29 10:53:53.296, 0, 8577, 100
2026/09/29 10:53:53.296, 1, 8603, 100
2026/09/29 10:53:53.296, 2, 8581, 100
2026/09/29 10:53:53.297, 3, 8679, 100
2026/09/29 10:53:53.297, 4, 8581, 100
2026/09/29 10:53:53.297, 5, 8581, 100
2026/09/29 10:53:53.297, 6, 8681, 100
2026/09/29 10:53:53.297, 7, 8621, 100
2026/09/29 10:53:54.297, 0, 8577, 100
2026/09/29 10:53:54.297, 1, 8603, 100
2026/09/29 10:53:54.297, 2, 8581, 100
2026/09/29 10:53:54.297, 3, 8679, 100
2026/09/29 10:53:54.297, 4, 8581, 100
2026/09/29 10:53:54.297, 5, 8581, 100
2026/09/29 10:53:54.297, 6, 8681, 100
2026/09/29 10:53:54.297, 7, 8621, 100
2026/09/29 10:53:55.297, 0, 8577, 100
2026/09/29 10:53:55.298, 1, 8603, 100
2026/09/29 10:53:55.298, 2, 8581, 100
2026/09/29 10:53:55.298, 3, 8679, 100
2026/09/29 10:53:55.298, 4, 8581, 100
2026/09/29 10:53:55.298, 5, 8581, 100
2026/09/29 10:53:55.298, 6, 8681, 100
2026/09/29 10:53:55.298, 7, 8621, 100
2026/09/29 10:53:56.298, 0, 8577, 100
2026/09/29 10:53:56.298, 1, 8603, 100
2026/09/29 10:53:56.298, 2, 8581, 100
2026/09/29 10:53:56.298, 3, 8679, 100
2026/09/29 10:53:56.298, 4, 8581, 100
2026/09/29 10:53:56.298, 5, 8581, 100
2026/09/29 10:53:56.299, 6, 8681, 100
2026/09/29 10:53:56.299, 7, 8621, 100
2026/09/29 10:53:57.299, 0, 8577, 100
2026/09/29 10:53:57.299, 1, 8603, 100
2026/09/29 10:53:57.299, 2, 8581, 100
2026/09/29 10:53:57.299, 3, 8679, 100
2026/09/29 10:53:57.299, 4, 8581, 100
2026/09/29 10:53:57.299, 5, 8581, 100
2026/09/29 10:53:57.299, 6, 8681, 100
2026/09/29 10:53:57.299, 7, 8621, 100
2026/09/29 10:53:58.299, 0, 8577, 100
2026/09/29 10:53:58.299, 1, 8603, 100
2026/09/29 10:53:58.300, 2, 8581, 100
2026/09/29 10:53:58.300, 3, 8679, 100
2026/09/29 10:53:58.300, 4, 8581, 100
2026/09/29 10:53:58.300, 5, 8581, 100
2026/09/29 10:53:58.300, 6, 8681, 100
2026/09/29 10:53:58.300, 7, 8621, 100
2026/09/29 10:53:59.300, 0, 8577, 100
2026/09/29 10:53:59.300, 1, 8603, 100
2026/09/29 10:53:59.300, 2, 8581, 100
2026/09/29 10:53:59.300, 3, 8679, 100
2026/09/29 10:53:59.300, 4, 8581, 100
2026/09/29 10:53:59.300, 5, 8581, 100
2026/09/29 10:53:59.300, 6, 8681, 100
2026/09/29 10:53:59.300, 7, 8621, 100
2026/09/29 10:54:00.300, 0, 8577, 100
2026/09/29 10:54:00.301, 1, 8603, 100
2026/09/29 10:54:00.301, 2, 8581, 100
2026/09/29 10:54:00.301, 3, 8679, 100
2026/09/29 10:54:00.301, 4, 8581, 100
2026/09/29 10:54:00.301, 5, 8581, 100
2026/09/29 10:54:00.301, 6, 8681, 100
2026/09/29 10:54:00.301, 7, 8621, 100
2026/09/29 10:54:01.301, 0, 8577, 100
2026/09/29 10:54:01.301, 1, 8603, 100
2026/09/29 10:54:01.301, 2, 8581, 100
2026/09/29 10:54:01.301, 3, 8679, 100
2026/09/29 10:54:01.301, 4, 8581, 100
2026/09/29 10:54:01.301, 5, 8581, 100
2026/09/29 10:54:01.301, 6, 8681, 100
2026/09/29 10:54:01.302, 7, 8621, 100
2026/09/29 10:54:02.302, 0, 8577, 100
2026/09/29 10:54:02.302, 1, 8603, 100
2026/09/29 10:54:02.302, 2, 8581, 100
2026/09/29 10:54:02.302, 3, 8679, 100
2026/09/29 10:54:02.302, 4, 8581, 100
2026/09/29 10:54:02.302, 5, 8581, 100
2026/09/29 10:54:02.302, 6, 8681, 100
2026/09/29 10:54:02.302, 7, 8621, 100
2026/09/29 10:54:03.302, 0, 8577, 100
2026/09/29 10:54:03.302, 1, 8603, 100
2026/09/29 10:54:03.303, 2, 8581, 100
2026/09/29 10:54:03.303, 3, 8679, 100
2026/09/29 10:54:03.303, 4, 8581, 100
2026/09/29 10:54:03.303, 5, 8581, 100
2026/09/29 10:54:03.303, 6, 8681, 100
2026/09/29 10:54:03.303, 7, 8621, 100
2026/09/29 10:54:04.303, 0, 8577, 100
2026/09/29 10:54:04.303, 1, 8603, 100
2026/09/29 10:54:04.303, 2, 8581, 100
2026/09/29 10:54:04.303, 3, 8679, 100
2026/09/29 10:54:04.303, 4, 8581, 100
2026/09/29 10:54:04.303, 5, 8581, 100
2026/09/29 10:54:04.303, 6, 8681, 100
2026/09/29 10:54:04.303, 7, 8621, 100
2026/09/29 10:54:05.303, 0, 8577, 100
2026/09/29 10:54:05.303, 1, 8603, 100
2026/09/29 10:54:05.303, 2, 8581, 100
2026/09/29 10:54:05.304, 3, 8679, 100
2026/09/29 10:54:05.304, 4, 8581, 100
2026/09/29 10:54:05.304, 5, 8581, 100
2026/09/29 10:54:05.304, 6, 8681, 100
2026/09/29 10:54:05.304, 7, 8621, 100
2026/09/29 10:54:06.304, 0, 8577, 100
2026/09/29 10:54:06.304, 1, 8603, 100
2026/09/29 10:54:06.304, 2, 8581, 100
2026/09/29 10:54:06.304, 3, 8679, 100
2026/09/29 10:54:06.304, 4, 8581, 100
2026/09/29 10:54:06.304, 5, 8581, 100
2026/09/29 10:54:06.304, 6, 8681, 100
2026/09/29 10:54:06.304, 7, 8621, 100
2026/09/29 10:54:07.304, 0, 8577, 100
2026/09/29 10:54:07.305, 1, 8603, 100
2026/09/29 10:54:07.305, 2, 8581, 100
2026/09/29 10:54:07.305, 3, 8679, 100
2026/09/29 10:54:07.305, 4, 8581, 100
2026/09/29 10:54:07.305, 5, 8581, 100
2026/09/29 10:54:07.305, 6, 8681, 100
2026/09/29 10:54:07.305, 7, 8621, 100
2026/09/29 10:54:08.305, 0, 8577, 100
2026/09/29 10:54:08.305, 1, 8603, 100
2026/09/29 10:54:08.305, 2, 8581, 100
2026/09/29 10:54:08.305, 3, 8679, 100
2026/09/29 10:54:08.305, 4, 8581, 100
2026/09/29 10:54:08.305, 5, 8581, 100
2026/09/29 10:54:08.305, 6, 8681, 100
2026/09/29 10:54:08.305, 7, 8621, 100
2026/09/29 10:54:09.305, 0, 8577, 100
2026/09/29 10:54:09.305, 1, 8603, 100
2026/09/29 10:54:09.305, 2, 8581, 100
2026/09/29 10:54:09.306, 3, 8679, 100
2026/09/29 10:54:09.306, 4, 8581, 100
2026/09/29 10:54:09.306, 5, 8581, 100
2026/09/29 10:54:09.306, 6, 8681, 100
2026/09/29 10:54:09.306, 7, 8621, 100
2026/09/29 10:54:10.306, 0, 8577, 100
2026/09/29 10:54:10.306, 1, 8603, 100
2026/09/29 10:54:10.306, 2, 8581, 100
2026/09/29 10:54:10.306, 3, 8679, 100
2026/09/29 10:54:10.306, 4, 8581, 100
2026/09/29 10:54:10.306, 5, 8581, 100
2026/09/29 10:54:10.306, 6, 8681, 100
2026/09/29 10:54:10.306, 7, 8621, 100
2026/09/29 10:54:11.306, 0, 8577, 100
2026/09/29 10:54:11.307, 1, 8603, 100
2026/09/29 10:54:11.307, 2, 8581, 100
2026/09/29 10:54:11.307, 3, 8679, 100
2026/09/29 10:54:11.307, 4, 8581, 100
2026/09/29 10:54:11.307, 5, 8581, 100
2026/09/29 10:54:11.307, 6, 8681, 100
2026/09/29 10:54:11.307, 7, 8621, 100
2026/09/29 10:54:12.307, 0, 8577, 100
2026/09/29 10:54:12.307, 1, 8603, 100
2026/09/29 10:54:12.307, 2, 8581, 100
2026/09/29 10:54:12.307, 3, 8679, 100
2026/09/29 10:54:12.307, 4, 8581, 100
2026/09/29 10:54:12.307, 5, 8581, 100
2026/09/29 10:54:12.307, 6, 8681, 100
2026/09/29 10:54:12.307, 7, 8621, 100
2026/09/29 10:54:13.308, 0, 8577, 100
2026/09/29 10:54:13.308, 1, 8603, 100
2026/09/29 10:54:13.308, 2, 8581, 100
2026/09/29 10:54:13.308, 3, 8679, 100
2026/09/29 10:54:13.308, 4, 8581, 100
2026/09/29 10:54:13.308, 5, 8581, 100
2026/09/29 10:54:13.308, 6, 8681, 100
2026/09/29 10:54:13.308, 7, 8621, 100
2026/09/29 10:54:14.308, 0, 8577, 100
2026/09/29 10:54:14.308, 1, 8603, 100
2026/09/29 10:54:14.308, 2, 8581, 100
2026/09/29 10:54:14.309, 3, 8679, 100
2026/09/29 10:54:14.309, 4, 8581, 100
2026/09/29 10:54:14.309, 5, 8581, 100
2026/09/29 10:54:14.309, 6, 8681, 100
2026/09/29 10:54:14.309, 7, 8621, 100
2026/09/29 10:54:15.309, 0, 8577, 100
2026/09/29 10:54:15.309, 1, 8603, 100
2026/09/29 10:54:15.309, 2, 8581, 100
2026/09/29 10:54:15.309, 3, 8679, 100
2026/09/29 10:54:15.309, 4, 8581, 100
2026/09/29 10:54:15.309, 5, 8581, 100
2026/09/29 10:54:15.310, 6, 8681, 100
2026/09/29 10:54:15.310, 7, 8621, 100
2026/09/29 10:54:16.310, 0, 8577, 100
2026/09/29 10:54:16.310, 1, 8603, 100
2026/09/29 10:54:16.310, 2, 8581, 100
2026/09/29 10:54:16.310, 3, 8679, 100
2026/09/29 10:54:16.310, 4, 8581, 100
2026/09/29 10:54:16.310, 5, 8581, 100
2026/09/29 10:54:16.310, 6, 8681, 100
2026/09/29 10:54:16.310, 7, 8621, 100
2026/09/29 10:54:17.310, 0, 8577, 100
2026/09/29 10:54:17.310, 1, 8603, 100
2026/09/29 10:54:17.311, 2, 8581, 100
2026/09/29 10:54:17.311, 3, 8679, 100
2026/09/29 10:54:17.311, 4, 8581, 100
2026/09/29 10:54:17.311, 5, 8581, 100
2026/09/29 10:54:17.311, 6, 8681, 100
2026/09/29 10:54:17.311, 7, 8621, 100
2026/09/29 10:54:18.311, 0, 8577, 100
2026/09/29 10:54:18.311, 1, 8603, 100
2026/09/29 10:54:18.311, 2, 8581, 100
2026/09/29 10:54:18.311, 3, 8679, 100
2026/09/29 10:54:18.311, 4, 8581, 100
2026/09/29 10:54:18.311, 5, 8581, 100
2026/09/29 10:54:18.311, 6, 8681, 100
2026/09/29 10:54:18.311, 7, 8621, 100
2026/09/29 10:54:19.312, 0, 8577, 100
2026/09/29 10:54:19.312, 1, 8603, 100
2026/09/29 10:54:19.312, 2, 8581, 100
2026/09/29 10:54:19.312, 3, 8679, 100
2026/09/29 10:54:19.312, 4, 8581, 100
2026/09/29 10:54:19.312, 5, 8581, 100
2026/09/29 10:54:19.312, 6, 8681, 100
2026/09/29 10:54:19.312, 7, 8621, 100
2026/09/29 10:54:20.312, 0, 8577, 100
2026/09/29 10:54:20.312, 1, 8603, 100
2026/09/29 10:54:20.312, 2, 8581, 100
2026/09/29 10:54:20.313, 3, 8679, 100
2026/09/29 10:54:20.313, 4, 8581, 100
2026/09/29 10:54:20.313, 5, 8581, 100
2026/09/29 10:54:20.313, 6, 8681, 100
2026/09/29 10:54:20.313, 7, 8621, 100
2026/09/29 10:54:21.313, 0, 8577, 100
2026/09/29 10:54:21.313, 1, 8603, 100
2026/09/29 10:54:21.313, 2, 8581, 100
2026/09/29 10:54:21.313, 3, 8679, 100
2026/09/29 10:54:21.313, 4, 8581, 100
2026/09/29 10:54:21.313, 5, 8581, 100
2026/09/29 10:54:21.313, 6, 8681, 100
2026/09/29 10:54:21.313, 7, 8621, 100
2026/09/29 10:54:22.314, 0, 8577, 100
2026/09/29 10:54:22.314, 1, 8603, 100
2026/09/29 10:54:22.314, 2, 8581, 100
2026/09/29 10:54:22.314, 3, 8679, 100
2026/09/29 10:54:22.314, 4, 8581, 100
2026/09/29 10:54:22.314, 5, 8581, 100
2026/09/29 10:54:22.314, 6, 8681, 100
2026/09/29 10:54:22.314, 7, 8621, 100
2026/09/29 10:54:23.314, 0, 8577, 100
2026/09/29 10:54:23.314, 1, 8603, 100
2026/09/29 10:54:23.314, 2, 8581, 100
2026/09/29 10:54:23.314, 3, 8679, 100
2026/09/29 10:54:23.315, 4, 8581, 100
2026/09/29 10:54:23.315, 5, 8581, 100
2026/09/29 10:54:23.315, 6, 8681, 100
2026/09/29 10:54:23.315, 7, 8621, 100
2026/09/29 10:54:24.315, 0, 8577, 100
2026/09/29 10:54:24.315, 1, 8603, 100
2026/09/29 10:54:24.315, 2, 8581, 100
2026/09/29 10:54:24.315, 3, 8679, 100
2026/09/29 10:54:24.315, 4, 8581, 100
2026/09/29 10:54:24.315, 5, 8581, 100
2026/09/29 10:54:24.315, 6, 8681, 100
2026/09/29 10:54:24.315, 7, 8621, 100
2026/09/29 10:54:25.315, 0, 8577, 100
2026/09/29 10:54:25.316, 1, 8603, 100
2026/09/29 10:54:25.316, 2, 8581, 100
2026/09/29 10:54:25.316, 3, 8679, 100
2026/09/29 10:54:25.316, 4, 8581, 100
2026/09/29 10:54:25.316, 5, 8581, 100
2026/09/29 10:54:25.316, 6, 8681, 100
2026/09/29 10:54:25.316, 7, 8621, 100
2026/09/29 10:54:26.316, 0, 8577, 100
2026/09/29 10:54:26.316, 1, 8603, 100
2026/09/29 10:54:26.316, 2, 8581, 100
2026/09/29 10:54:26.316, 3, 8679, 100
2026/09/29 10:54:26.316, 4, 8581, 100
2026/09/29 10:54:26.317, 5, 8581, 100
2026/09/29 10:54:26.317, 6, 8681, 100
2026/09/29 10:54:26.317, 7, 8621, 100
2026/09/29 10:54:27.317, 0, 8577, 100
2026/09/29 10:54:27.317, 1, 8603, 100
2026/09/29 10:54:27.317, 2, 8581, 100
2026/09/29 10:54:27.317, 3, 8679, 100
2026/09/29 10:54:27.317, 4, 8581, 100
2026/09/29 10:54:27.317, 5, 8581, 100
2026/09/29 10:54:27.317, 6, 8681, 100
2026/09/29 10:54:27.317, 7, 8621, 100
2026/09/29 10:54:28.317, 0, 8577, 100
2026/09/29 10:54:28.318, 1, 8603, 100
2026/09/29 10:54:28.318, 2, 8581, 100
2026/09/29 10:54:28.318, 3, 8679, 100
2026/09/29 10:54:28.318, 4, 8581, 100
2026/09/29 10:54:28.318, 5, 8581, 100
2026/09/29 10:54:28.318, 6, 8681, 100
2026/09/29 10:54:28.318, 7, 8621, 100
2026/09/29 10:54:29.318, 0, 8577, 100
2026/09/29 10:54:29.318, 1, 8603, 100
2026/09/29 10:54:29.318, 2, 8581, 100
2026/09/29 10:54:29.318, 3, 8679, 100
2026/09/29 10:54:29.318, 4, 8581, 100
2026/09/29 10:54:29.318, 5, 8581, 100
2026/09/29 10:54:29.319, 6, 8681, 100
2026/09/29 10:54:29.319, 7, 8621, 100
2026/09/29 10:54:30.319, 0, 8577, 100
2026/09/29 10:54:30.319, 1, 8603, 100
2026/09/29 10:54:30.319, 2, 8581, 100
2026/09/29 10:54:30.319, 3, 8679, 100
2026/09/29 10:54:30.319, 4, 8581, 100
2026/09/29 10:54:30.319, 5, 8581, 100
2026/09/29 10:54:30.319, 6, 8681, 100
2026/09/29 10:54:30.319, 7, 8621, 100
2026/09/29 10:54:31.319, 0, 8577, 100
2026/09/29 10:54:31.319, 1, 8603, 100
2026/09/29 10:54:31.320, 2, 8581, 100
2026/09/29 10:54:31.320, 3, 8679, 100
2026/09/29 10:54:31.320, 4, 8581, 100
2026/09/29 10:54:31.320, 5, 8581, 100
2026/09/29 10:54:31.320, 6, 8681, 100
2026/09/29 10:54:31.320, 7, 8621, 100
2026/09/29 10:54:32.320, 0, 8577, 100
2026/09/29 10:54:32.320, 1, 8603, 100
2026/09/29 10:54:32.320, 2, 8581, 100
2026/09/29 10:54:32.320, 3, 8679, 100
2026/09/29 10:54:32.320, 4, 8581, 100
2026/09/29 10:54:32.320, 5, 8581, 100
2026/09/29 10:54:32.320, 6, 8681, 100
2026/09/29 10:54:32.320, 7, 8621, 100
2026/09/29 10:54:33.321, 0, 8577, 100
2026/09/29 10:54:33.321, 1, 8603, 100
2026/09/29 10:54:33.321, 2, 8581, 100
2026/09/29 10:54:33.321, 3, 8679, 100
2026/09/29 10:54:33.321, 4, 8581, 100
2026/09/29 10:54:33.321, 5, 8581, 100
2026/09/29 10:54:33.321, 6, 8681, 100
2026/09/29 10:54:33.321, 7, 8621, 100
2026/09/29 10:54:34.321, 0, 8577, 100
2026/09/29 10:54:34.321, 1, 8603, 100
2026/09/29 10:54:34.321, 2, 8581, 100
2026/09/29 10:54:34.322, 3, 8679, 100
2026/09/29 10:54:34.322, 4, 8581, 100
2026/09/29 10:54:34.322, 5, 8581, 100
2026/09/29 10:54:34.322, 6, 8681, 100
2026/09/29 10:54:34.322, 7, 8621, 100
2026/09/29 10:54:35.322, 0, 8577, 100
2026/09/29 10:54:35.322, 1, 8603, 100
2026/09/29 10:54:35.322, 2, 8581, 100
2026/09/29 10:54:35.322, 3, 8679, 100
2026/09/29 10:54:35.322, 4, 8581, 100
2026/09/29 10:54:35.322, 5, 8581, 100
2026/09/29 10:54:35.322, 6, 8681, 100
2026/09/29 10:54:35.322, 7, 8621, 100
2026/09/29 10:54:36.323, 0, 8577, 100
2026/09/29 10:54:36.323, 1, 8603, 100
2026/09/29 10:54:36.323, 2, 8581, 100
2026/09/29 10:54:36.323, 3, 8679, 100
2026/09/29 10:54:36.323, 4, 8581, 100
2026/09/29 10:54:36.323, 5, 8581, 100
2026/09/29 10:54:36.323, 6, 8681, 100
2026/09/29 10:54:36.323, 7, 8621, 100
2026/09/29 10:54:37.323, 0, 8577, 100
2026/09/29 10:54:37.323, 1, 8603, 100
2026/09/29 10:54:37.323, 2, 8581, 100
2026/09/29 10:54:37.324, 3, 8679, 100
2026/09/29 10:54:37.324, 4, 8581, 100
2026/09/29 10:54:37.324, 5, 8581, 100
2026/09/29 10:54:37.324, 6, 8681, 100
2026/09/29 10:54:37.324, 7, 8621, 100
2026/09/29 10:54:38.324, 0, 8577, 100
2026/09/29 10:54:38.324, 1, 8603, 100
2026/09/29 10:54:38.324, 2, 8581, 100
2026/09/29 10:54:38.324, 3, 8679, 100
2026/09/29 10:54:38.324, 4, 8581, 100
2026/09/29 10:54:38.324, 5, 8581, 100
2026/09/29 10:54:38.324, 6, 8681, 100
2026/09/29 10:54:38.324, 7, 8621, 100
2026/09/29 10:54:39.325, 0, 8577, 100
2026/09/29 10:54:39.325, 1, 8603, 100
2026/09/29 10:54:39.325, 2, 8581, 100
2026/09/29 10:54:39.325, 3, 8679, 100
2026/09/29 10:54:39.325, 4, 8581, 100
2026/09/29 10:54:39.325, 5, 8581, 100
2026/09/29 10:54:39.325, 6, 8681, 100
2026/09/29 10:54:39.325, 7, 8621, 100
2026/09/29 10:54:40.325, 0, 8577, 100
2026/09/29 10:54:40.325, 1, 8603, 100
2026/09/29 10:54:40.325, 2, 8581, 100
2026/09/29 10:54:40.325, 3, 8679, 100
2026/09/29 10:54:40.325, 4, 8581, 100
2026/09/29 10:54:40.325, 5, 8581, 100
2026/09/29 10:54:40.326, 6, 8681, 100
2026/09/29 10:54:40.326, 7, 8621, 100
2026/09/29 10:54:41.326, 0, 8577, 100
2026/09/29 10:54:41.326, 1, 8603, 100
2026/09/29 10:54:41.326, 2, 8581, 100
2026/09/29 10:54:41.326, 3, 8679, 100
2026/09/29 10:54:41.326, 4, 8581, 100
2026/09/29 10:54:41.326, 5, 8581, 100
2026/09/29 10:54:41.326, 6, 8681, 100
2026/09/29 10:54:41.326, 7, 8621, 100
2026/09/29 10:54:42.326, 0, 8577, 100
2026/09/29 10:54:42.327, 1, 8603, 100
2026/09/29 10:54:42.327, 2, 8581, 100
2026/09/29 10:54:42.327, 3, 8679, 100
2026/09/29 10:54:42.327, 4, 8581, 100
2026/09/29 10:54:42.327, 5, 8581, 100
2026/09/29 10:54:42.327, 6, 8681, 100
2026/09/29 10:54:42.327, 7, 8621, 100
2026/09/29 10:54:43.327, 0, 8577, 100
2026/09/29 10:54:43.327, 1, 8603, 100
2026/09/29 10:54:43.327, 2, 8581, 100
2026/09/29 10:54:43.328, 3, 8679, 100
2026/09/29 10:54:43.328, 4, 8581, 100
2026/09/29 10:54:43.328, 5, 8581, 100
2026/09/29 10:54:43.328, 6, 8681, 100
2026/09/29 10:54:43.328, 7, 8621, 100
2026/09/29 10:54:44.328, 0, 8577, 100
2026/09/29 10:54:44.328, 1, 8603, 100
2026/09/29 10:54:44.328, 2, 8581, 100
2026/09/29 10:54:44.328, 3, 8679, 100
2026/09/29 10:54:44.328, 4, 8581, 100
2026/09/29 10:54:44.328, 5, 8581, 100
2026/09/29 10:54:44.328, 6, 8681, 100
2026/09/29 10:54:44.328, 7, 8621, 100
2026/09/29 10:54:45.329, 0, 8577, 100
2026/09/29 10:54:45.329, 1, 8603, 100
2026/09/29 10:54:45.329, 2, 8581, 100
2026/09/29 10:54:45.329, 3, 8679, 100
2026/09/29 10:54:45.329, 4, 8581, 100
2026/09/29 10:54:45.329, 5, 8581, 100
2026/09/29 10:54:45.329, 6, 8681, 100
2026/09/29 10:54:45.329, 7, 8621, 100
2026/09/29 10:54:46.329, 0, 4269, 99
2026/09/29 10:54:46.329, 1, 4289, 98
2026/09/29 10:54:46.329, 2, 4389, 99
2026/09/29 10:54:46.329, 3, 4271, 97
2026/09/29 10:54:46.330, 4, 4269, 28
2026/09/29 10:54:46.330, 5, 4291, 95
2026/09/29 10:54:46.330, 6, 4333, 97
2026/09/29 10:54:46.330, 7, 4349, 30
2026/09/29 10:54:47.330, 0, 4169, 99
2026/09/29 10:54:47.330, 1, 3695, 98
2026/09/29 10:54:47.330, 2, 3669, 99
2026/09/29 10:54:47.330, 3, 3691, 41
2026/09/29 10:54:47.330, 4, 3691, 99
2026/09/29 10:54:47.330, 5, 3675, 98
2026/09/29 10:54:47.330, 6, 3715, 61
2026/09/29 10:54:47.330, 7, 3651, 98
2026/09/29 10:54:48.331, 0, 5451, 100
2026/09/29 10:54:48.331, 1, 5417, 100
2026/09/29 10:54:48.331, 2, 5391, 87
2026/09/29 10:54:48.331, 3, 5433, 100
2026/09/29 10:54:48.331, 4, 5413, 0
2026/09/29 10:54:48.331, 5, 5437, 69
2026/09/29 10:54:48.331, 6, 5477, 100
2026/09/29 10:54:48.331, 7, 5393, 0
2026/09/29 10:54:49.331, 0, 7677, 92
2026/09/29 10:54:49.331, 1, 7541, 98
2026/09/29 10:54:49.331, 2, 7521, 100
2026/09/29 10:54:49.332, 3, 7503, 100
2026/09/29 10:54:49.332, 4, 7521, 100
2026/09/29 10:54:49.332, 5, 7585, 98
2026/09/29 10:54:49.332, 6, 7621, 99
2026/09/29 10:54:49.332, 7, 7599, 100
2026/09/29 10:54:50.332, 0, 7897, 98
2026/09/29 10:54:50.332, 1, 7761, 99
2026/09/29 10:54:50.332, 2, 7801, 99
2026/09/29 10:54:50.332, 3, 7943, 98
2026/09/29 10:54:50.332, 4, 7841, 99
2026/09/29 10:54:50.332, 5, 7945, 99
2026/09/29 10:54:50.332, 6, 7901, 99
2026/09/29 10:54:50.332, 7, 7819, 98
2026/09/29 10:54:51.333, 0, 8737, 99
2026/09/29 10:54:51.334, 1, 8541, 99
2026/09/29 10:54:51.334, 2, 8641, 99
2026/09/29 10:54:51.334, 3, 8723, 99
2026/09/29 10:54:51.334, 4, 8621, 98
2026/09/29 10:54:51.334, 5, 8725, 99
2026/09/29 10:54:51.334, 6, 8681, 56
2026/09/29 10:54:51.334, 7, 8599, 98
2026/09/29 10:54:52.334, 0, 8737, 100
2026/09/29 10:54:52.335, 1, 8541, 100
2026/09/29 10:54:52.335, 2, 8641, 100
2026/09/29 10:54:52.335, 3, 8723, 100
2026/09/29 10:54:52.335, 4, 8621, 100
2026/09/29 10:54:52.335, 5, 8725, 100
2026/09/29 10:54:52.335, 6, 8681, 100
2026/09/29 10:54:52.335, 7, 8599, 100
2026/09/29 10:54:53.335, 0, 8737, 100
2026/09/29 10:54:53.335, 1, 8541, 100
2026/09/29 10:54:53.335, 2, 8641, 100
2026/09/29 10:54:53.336, 3, 8723, 100
2026/09/29 10:54:53.336, 4, 8621, 100
2026/09/29 10:54:53.336, 5, 8725, 100
2026/09/29 10:54:53.336, 6, 8681, 100
2026/09/29 10:54:53.336, 7, 8599, 100
2026/09/29 10:54:54.336, 0, 8737, 100
2026/09/29 10:54:54.336, 1, 8541, 100
2026/09/29 10:54:54.336, 2, 8641, 100
2026/09/29 10:54:54.336, 3, 8723, 100
2026/09/29 10:54:54.336, 4, 8621, 100
2026/09/29 10:54:54.336, 5, 8725, 100
2026/09/29 10:54:54.336, 6, 8681, 100
2026/09/29 10:54:54.336, 7, 8599, 100
2026/09/29 10:54:55.337, 0, 8737, 100
2026/09/29 10:54:55.337, 1, 8541, 100
2026/09/29 10:54:55.337, 2, 8641, 100
2026/09/29 10:54:55.337, 3, 8723, 100
2026/09/29 10:54:55.337, 4, 8621, 100
2026/09/29 10:54:55.337, 5, 8725, 100
2026/09/29 10:54:55.337, 6, 8681, 100
2026/09/29 10:54:55.337, 7, 8599, 100
2026/09/29 10:54:56.337, 0, 8737, 100
2026/09/29 10:54:56.337, 1, 8541, 100
2026/09/29 10:54:56.337, 2, 8641, 100
2026/09/29 10:54:56.337, 3, 8723, 100
2026/09/29 10:54:56.337, 4, 8621, 100
2026/09/29 10:54:56.337, 5, 8725, 100
2026/09/29 10:54:56.338, 6, 8681, 100
2026/09/29 10:54:56.338, 7, 8599, 100
2026/09/29 10:54:57.338, 0, 8737, 100
2026/09/29 10:54:57.338, 1, 8541, 100
2026/09/29 10:54:57.338, 2, 8641, 100
2026/09/29 10:54:57.338, 3, 8723, 100
2026/09/29 10:54:57.338, 4, 8621, 100
2026/09/29 10:54:57.338, 5, 8725, 100
2026/09/29 10:54:57.338, 6, 8681, 100
2026/09/29 10:54:57.338, 7, 8599, 100
2026/09/29 10:54:58.338, 0, 8737, 100
2026/09/29 10:54:58.339, 1, 8541, 100
2026/09/29 10:54:58.339, 2, 8641, 100
2026/09/29 10:54:58.339, 3, 8723, 100
2026/09/29 10:54:58.339, 4, 8621, 100
2026/09/29 10:54:58.339, 5, 8725, 100
2026/09/29 10:54:58.339, 6, 8681, 100
2026/09/29 10:54:58.339, 7, 8599, 100
2026/09/29 10:54:59.339, 0, 8737, 100
2026/09/29 10:54:59.339, 1, 8541, 100
2026/09/29 10:54:59.339, 2, 8641, 100
2026/09/29 10:54:59.339, 3, 8723, 100
2026/09/29 10:54:59.339, 4, 8621, 100
2026/09/29 10:54:59.339, 5, 8725, 100
2026/09/29 10:54:59.340, 6, 8681, 100
2026/09/29 10:54:59.340, 7, 8599, 100
2026/09/29 10:55:00.340, 0, 8737, 100
2026/09/29 10:55:00.340, 1, 8541, 100
2026/09/29 10:55:00.340, 2, 8641, 100
2026/09/29 10:55:00.340, 3, 8723, 100
2026/09/29 10:55:00.340, 4, 8621, 100
2026/09/29 10:55:00.340, 5, 8725, 100
2026/09/29 10:55:00.340, 6, 8681, 100
2026/09/29 10:55:00.340, 7, 8599, 100
2026/09/29 10:55:01.340, 0, 8737, 100
2026/09/29 10:55:01.341, 1, 8541, 100
2026/09/29 10:55:01.341, 2, 8641, 100
2026/09/29 10:55:01.341, 3, 8723, 100
2026/09/29 10:55:01.341, 4, 8621, 100
2026/09/29 10:55:01.341, 5, 8725, 100
2026/09/29 10:55:01.341, 6, 8681, 100
2026/09/29 10:55:01.341, 7, 8599, 100
2026/09/29 10:55:02.341, 0, 8737, 100
2026/09/29 10:55:02.341, 1, 8541, 100
2026/09/29 10:55:02.341, 2, 8641, 100
2026/09/29 10:55:02.341, 3, 8723, 100
2026/09/29 10:55:02.341, 4, 8621, 100
2026/09/29 10:55:02.341, 5, 8725, 100
2026/09/29 10:55:02.342, 6, 8681, 100
2026/09/29 10:55:02.342, 7, 8599, 100
2026/09/29 10:55:03.342, 0, 8737, 100
2026/09/29 10:55:03.342, 1, 8541, 100
2026/09/29 10:55:03.342, 2, 8641, 100
2026/09/29 10:55:03.342, 3, 8723, 100
2026/09/29 10:55:03.342, 4, 8621, 100
2026/09/29 10:55:03.342, 5, 8725, 100
2026/09/29 10:55:03.342, 6, 8681, 100
2026/09/29 10:55:03.342, 7, 8599, 100
2026/09/29 10:55:04.342, 0, 8737, 100
2026/09/29 10:55:04.343, 1, 8541, 100
2026/09/29 10:55:04.343, 2, 8641, 100
2026/09/29 10:55:04.343, 3, 8723, 100
2026/09/29 10:55:04.343, 4, 8621, 100
2026/09/29 10:55:04.343, 5, 8725, 100
2026/09/29 10:55:04.343, 6, 8681, 100
2026/09/29 10:55:04.343, 7, 8599, 100
2026/09/29 10:55:05.343, 0, 8737, 100
2026/09/29 10:55:05.343, 1, 8541, 100
2026/09/29 10:55:05.343, 2, 8641, 100
2026/09/29 10:55:05.343, 3, 8723, 100
2026/09/29 10:55:05.343, 4, 8621, 100
2026/09/29 10:55:05.343, 5, 8725, 100
2026/09/29 10:55:05.343, 6, 8681, 100
2026/09/29 10:55:05.343, 7, 8599, 100
2026/09/29 10:55:06.344, 0, 8737, 100
2026/09/29 10:55:06.347, 1, 8541, 100
2026/09/29 10:55:06.347, 2, 8641, 100
2026/09/29 10:55:06.347, 3, 8723, 100
2026/09/29 10:55:06.347, 4, 8621, 100
2026/09/29 10:55:06.347, 5, 8725, 100
2026/09/29 10:55:06.347, 6, 8681, 100
2026/09/29 10:55:06.347, 7, 8599, 100
2026/09/29 10:55:07.347, 0, 8737, 100
2026/09/29 10:55:07.347, 1, 8541, 100
2026/09/29 10:55:07.347, 2, 8641, 100
2026/09/29 10:55:07.347, 3, 8723, 100
2026/09/29 10:55:07.347, 4, 8621, 100
2026/09/29 10:55:07.347, 5, 8725, 100
2026/09/29 10:55:07.348, 6, 8681, 100
2026/09/29 10:55:07.348, 7, 8599, 100
2026/09/29 10:55:08.348, 0, 8737, 100
2026/09/29 10:55:08.348, 1, 8541, 100
2026/09/29 10:55:08.348, 2, 8641, 100
2026/09/29 10:55:08.348, 3, 8723, 100
2026/09/29 10:55:08.348, 4, 8621, 100
2026/09/29 10:55:08.348, 5, 8725, 100
2026/09/29 10:55:08.348, 6, 8681, 100
2026/09/29 10:55:08.348, 7, 8599, 100
2026/09/29 10:55:09.348, 0, 8737, 100
2026/09/29 10:55:09.349, 1, 8541, 100
2026/09/29 10:55:09.349, 2, 8641, 100
2026/09/29 10:55:09.349, 3, 8723, 100
2026/09/29 10:55:09.349, 4, 8621, 100
2026/09/29 10:55:09.349, 5, 8725, 100
2026/09/29 10:55:09.349, 6, 8681, 100
2026/09/29 10:55:09.349, 7, 8599, 100
2026/09/29 10:55:10.349, 0, 8737, 100
2026/09/29 10:55:10.349, 1, 8541, 100
2026/09/29 10:55:10.349, 2, 8641, 100
2026/09/29 10:55:10.349, 3, 8723, 100
2026/09/29 10:55:10.349, 4, 8621, 100
2026/09/29 10:55:10.349, 5, 8725, 100
2026/09/29 10:55:10.349, 6, 8681, 100
2026/09/29 10:55:10.350, 7, 8599, 100
2026/09/29 10:55:11.350, 0, 8737, 100
2026/09/29 10:55:11.350, 1, 8541, 100
2026/09/29 10:55:11.350, 2, 8641, 100
2026/09/29 10:55:11.350, 3, 8723, 100
2026/09/29 10:55:11.350, 4, 8621, 100
2026/09/29 10:55:11.350, 5, 8725, 100
2026/09/29 10:55:11.350, 6, 8681, 100
2026/09/29 10:55:11.350, 7, 8599, 100
2026/09/29 10:55:12.350, 0, 8737, 100
2026/09/29 10:55:12.350, 1, 8541, 100
2026/09/29 10:55:12.350, 2, 8641, 100
2026/09/29 10:55:12.350, 3, 8723, 100
2026/09/29 10:55:12.350, 4, 8621, 100
2026/09/29 10:55:12.350, 5, 8725, 100
2026/09/29 10:55:12.350, 6, 8681, 100
2026/09/29 10:55:12.350, 7, 8599, 100
2026/09/29 10:55:13.351, 0, 8737, 100
2026/09/29 10:55:13.351, 1, 8541, 100
2026/09/29 10:55:13.351, 2, 8641, 100
2026/09/29 10:55:13.351, 3, 8723, 100
2026/09/29 10:55:13.351, 4, 8621, 100
2026/09/29 10:55:13.351, 5, 8725, 100
2026/09/29 10:55:13.351, 6, 8681, 100
2026/09/29 10:55:13.351, 7, 8599, 100
2026/09/29 10:55:14.351, 0, 8737, 100
2026/09/29 10:55:14.351, 1, 8541, 100
2026/09/29 10:55:14.351, 2, 8641, 100
2026/09/29 10:55:14.351, 3, 8723, 100
2026/09/29 10:55:14.351, 4, 8621, 100
2026/09/29 10:55:14.351, 5, 8725, 100
2026/09/29 10:55:14.351, 6, 8681, 100
2026/09/29 10:55:14.351, 7, 8599, 100
2026/09/29 10:55:15.351, 0, 8737, 100
2026/09/29 10:55:15.351, 1, 8541, 100
2026/09/29 10:55:15.352, 2, 8641, 100
2026/09/29 10:55:15.352, 3, 8723, 100
2026/09/29 10:55:15.352, 4, 8621, 100
2026/09/29 10:55:15.352, 5, 8725, 100
2026/09/29 10:55:15.352, 6, 8681, 100
2026/09/29 10:55:15.352, 7, 8599, 100
2026/09/29 10:55:16.352, 0, 8737, 100
2026/09/29 10:55:16.352, 1, 8541, 100
2026/09/29 10:55:16.352, 2, 8641, 100
2026/09/29 10:55:16.352, 3, 8723, 100
2026/09/29 10:55:16.352, 4, 8621, 100
2026/09/29 10:55:16.352, 5, 8725, 100
2026/09/29 10:55:16.352, 6, 8681, 100
2026/09/29 10:55:16.352, 7, 8599, 100
2026/09/29 10:55:17.353, 0, 8737, 100
2026/09/29 10:55:17.353, 1, 8541, 100
2026/09/29 10:55:17.353, 2, 8641, 100
2026/09/29 10:55:17.353, 3, 8723, 100
2026/09/29 10:55:17.353, 4, 8621, 100
2026/09/29 10:55:17.353, 5, 8725, 100
2026/09/29 10:55:17.353, 6, 8681, 100
2026/09/29 10:55:17.353, 7, 8599, 100
2026/09/29 10:55:18.353, 0, 8737, 100
2026/09/29 10:55:18.353, 1, 8541, 100
2026/09/29 10:55:18.353, 2, 8641, 100
2026/09/29 10:55:18.353, 3, 8723, 100
2026/09/29 10:55:18.353, 4, 8621, 100
2026/09/29 10:55:18.353, 5, 8725, 100
2026/09/29 10:55:18.353, 6, 8681, 100
2026/09/29 10:55:18.353, 7, 8599, 100
2026/09/29 10:55:19.354, 0, 8737, 100
2026/09/29 10:55:19.354, 1, 8541, 100
2026/09/29 10:55:19.354, 2, 8641, 100
2026/09/29 10:55:19.354, 3, 8723, 100
2026/09/29 10:55:19.354, 4, 8621, 100
2026/09/29 10:55:19.354, 5, 8725, 100
2026/09/29 10:55:19.354, 6, 8681, 100
2026/09/29 10:55:19.354, 7, 8599, 100
2026/09/29 10:55:20.354, 0, 8737, 100
2026/09/29 10:55:20.354, 1, 8541, 100
2026/09/29 10:55:20.355, 2, 8641, 100
2026/09/29 10:55:20.355, 3, 8723, 100
2026/09/29 10:55:20.355, 4, 8621, 100
2026/09/29 10:55:20.355, 5, 8725, 100
2026/09/29 10:55:20.355, 6, 8681, 100
2026/09/29 10:55:20.355, 7, 8599, 100
2026/09/29 10:55:21.355, 0, 8737, 100
2026/09/29 10:55:21.356, 1, 8541, 100
2026/09/29 10:55:21.356, 2, 8641, 100
2026/09/29 10:55:21.356, 3, 8723, 100
2026/09/29 10:55:21.356, 4, 8621, 100
2026/09/29 10:55:21.360, 5, 8725, 100
2026/09/29 10:55:21.360, 6, 8681, 100
2026/09/29 10:55:21.360, 7, 8599, 100
2026/09/29 10:55:22.361, 0, 8737, 100
2026/09/29 10:55:22.361, 1, 8541, 100
2026/09/29 10:55:22.361, 2, 8641, 100
2026/09/29 10:55:22.361, 3, 8723, 100
2026/09/29 10:55:22.361, 4, 8621, 100
2026/09/29 10:55:22.361, 5, 8725, 100
2026/09/29 10:55:22.361, 6, 8681, 100
2026/09/29 10:55:22.361, 7, 8599, 100
2026/09/29 10:55:23.361, 0, 8737, 100
2026/09/29 10:55:23.361, 1, 8541, 100
2026/09/29 10:55:23.361, 2, 8641, 100
2026/09/29 10:55:23.361, 3, 8723, 100
2026/09/29 10:55:23.361, 4, 8621, 100
2026/09/29 10:55:23.361, 5, 8725, 100
2026/09/29 10:55:23.362, 6, 8681, 100
2026/09/29 10:55:23.362, 7, 8599, 100
2026/09/29 10:55:24.362, 0, 8737, 100
2026/09/29 10:55:24.362, 1, 8541, 100
2026/09/29 10:55:24.362, 2, 8641, 100
2026/09/29 10:55:24.362, 3, 8723, 100
2026/09/29 10:55:24.362, 4, 8621, 100
2026/09/29 10:55:24.362, 5, 8725, 100
2026/09/29 10:55:24.362, 6, 8681, 100
2026/09/29 10:55:24.362, 7, 8599, 100
2026/09/29 10:55:25.362, 0, 8737, 100
2026/09/29 10:55:25.362, 1, 8541, 100
2026/09/29 10:55:25.362, 2, 8641, 100
2026/09/29 10:55:25.362, 3, 8723, 100
2026/09/29 10:55:25.363, 4, 8621, 100
2026/09/29 10:55:25.363, 5, 8725, 100
2026/09/29 10:55:25.363, 6, 8681, 100
2026/09/29 10:55:25.363, 7, 8599, 100
2026/09/29 10:55:26.363, 0, 8737, 100
2026/09/29 10:55:26.363, 1, 8541, 100
2026/09/29 10:55:26.363, 2, 8641, 100
2026/09/29 10:55:26.363, 3, 8723, 100
2026/09/29 10:55:26.363, 4, 8621, 100
2026/09/29 10:55:26.363, 5, 8725, 100
2026/09/29 10:55:26.363, 6, 8681, 100
2026/09/29 10:55:26.363, 7, 8599, 100
2026/09/29 10:55:27.363, 0, 8737, 100
2026/09/29 10:55:27.364, 1, 8541, 100
2026/09/29 10:55:27.364, 2, 8641, 100
2026/09/29 10:55:27.364, 3, 8723, 100
2026/09/29 10:55:27.364, 4, 8621, 100
2026/09/29 10:55:27.364, 5, 8725, 100
2026/09/29 10:55:27.364, 6, 8681, 100
2026/09/29 10:55:27.364, 7, 8599, 100
2026/09/29 10:55:28.364, 0, 8737, 100
2026/09/29 10:55:28.364, 1, 8541, 100
2026/09/29 10:55:28.364, 2, 8641, 100
2026/09/29 10:55:28.364, 3, 8723, 100
2026/09/29 10:55:28.364, 4, 8621, 100
2026/09/29 10:55:28.364, 5, 8725, 100
2026/09/29 10:55:28.364, 6, 8681, 100
2026/09/29 10:55:28.364, 7, 8599, 100
2026/09/29 10:55:29.364, 0, 8737, 100
2026/09/29 10:55:29.365, 1, 8541, 100
2026/09/29 10:55:29.365, 2, 8641, 100
2026/09/29 10:55:29.365, 3, 8723, 100
2026/09/29 10:55:29.365, 4, 8621, 100
2026/09/29 10:55:29.365, 5, 8725, 100
2026/09/29 10:55:29.365, 6, 8681, 100
2026/09/29 10:55:29.365, 7, 8599, 100
2026/09/29 10:55:30.365, 0, 8737, 100
2026/09/29 10:55:30.365, 1, 8541, 100
2026/09/29 10:55:30.365, 2, 8641, 100
2026/09/29 10:55:30.365, 3, 8723, 100
2026/09/29 10:55:30.365, 4, 8621, 100
2026/09/29 10:55:30.365, 5, 8725, 100
2026/09/29 10:55:30.365, 6, 8681, 100
2026/09/29 10:55:30.366, 7, 8599, 100
2026/09/29 10:55:31.366, 0, 8737, 100
2026/09/29 10:55:31.366, 1, 8541, 100
2026/09/29 10:55:31.366, 2, 8641, 100
2026/09/29 10:55:31.366, 3, 8723, 100
2026/09/29 10:55:31.366, 4, 8621, 100
2026/09/29 10:55:31.366, 5, 8725, 100
2026/09/29 10:55:31.366, 6, 8681, 100
2026/09/29 10:55:31.366, 7, 8599, 100
2026/09/29 10:55:32.366, 0, 8737, 100
2026/09/29 10:55:32.366, 1, 8541, 100
2026/09/29 10:55:32.367, 2, 8641, 100
2026/09/29 10:55:32.367, 3, 8723, 100
2026/09/29 10:55:32.367, 4, 8621, 100
2026/09/29 10:55:32.367, 5, 8725, 100
2026/09/29 10:55:32.367, 6, 8681, 100
2026/09/29 10:55:32.367, 7, 8599, 100
2026/09/29 10:55:33.367, 0, 8737, 100
2026/09/29 10:55:33.367, 1, 8541, 100
2026/09/29 10:55:33.367, 2, 8641, 100
2026/09/29 10:55:33.367, 3, 8723, 100
2026/09/29 10:55:33.367, 4, 8621, 100
2026/09/29 10:55:33.367, 5, 8725, 100
2026/09/29 10:55:33.367, 6, 8681, 100
2026/09/29 10:55:33.367, 7, 8599, 100
2026/09/29 10:55:34.367, 0, 8737, 100
2026/09/29 10:55:34.367, 1, 8541, 100
2026/09/29 10:55:34.367, 2, 8641, 100
2026/09/29 10:55:34.367, 3, 8723, 100
2026/09/29 10:55:34.368, 4, 8621, 100
2026/09/29 10:55:34.368, 5, 8725, 100
2026/09/29 10:55:34.368, 6, 8681, 100
2026/09/29 10:55:34.368, 7, 8599, 100
2026/09/29 10:55:35.368, 0, 8737, 100
2026/09/29 10:55:35.368, 1, 8541, 100
2026/09/29 10:55:35.368, 2, 8641, 100
2026/09/29 10:55:35.368, 3, 8723, 100
2026/09/29 10:55:35.368, 4, 8621, 100
2026/09/29 10:55:35.368, 5, 8725, 100
2026/09/29 10:55:35.368, 6, 8681, 100
2026/09/29 10:55:35.368, 7, 8599, 100
2026/09/29 10:55:36.368, 0, 8737, 100
2026/09/29 10:55:36.368, 1, 8541, 100
2026/09/29 10:55:36.368, 2, 8641, 100
2026/09/29 10:55:36.368, 3, 8723, 100
2026/09/29 10:55:36.368, 4, 8621, 100
2026/09/29 10:55:36.369, 5, 8725, 100
2026/09/29 10:55:36.369, 6, 8681, 100
2026/09/29 10:55:36.369, 7, 8599, 100
2026/09/29 10:55:37.369, 0, 8737, 100
2026/09/29 10:55:37.369, 1, 8541, 100
2026/09/29 10:55:37.369, 2, 8641, 100
2026/09/29 10:55:37.369, 3, 8723, 100
2026/09/29 10:55:37.369, 4, 8621, 100
2026/09/29 10:55:37.369, 5, 8725, 100
2026/09/29 10:55:37.369, 6, 8681, 100
2026/09/29 10:55:37.369, 7, 8599, 100
2026/09/29 10:55:38.369, 0, 8737, 100
2026/09/29 10:55:38.369, 1, 8541, 100
2026/09/29 10:55:38.369, 2, 8641, 100
2026/09/29 10:55:38.369, 3, 8723, 100
2026/09/29 10:55:38.369, 4, 8621, 100
2026/09/29 10:55:38.369, 5, 8725, 100
2026/09/29 10:55:38.369, 6, 8681, 100
2026/09/29 10:55:38.370, 7, 8599, 100
2026/09/29 10:55:39.370, 0, 8737, 100
2026/09/29 10:55:39.370, 1, 8541, 100
2026/09/29 10:55:39.370, 2, 8641, 100
2026/09/29 10:55:39.370, 3, 8723, 100
2026/09/29 10:55:39.370, 4, 8621, 100
2026/09/29 10:55:39.370, 5, 8725, 100
2026/09/29 10:55:39.370, 6, 8681, 100
2026/09/29 10:55:39.370, 7, 8599, 100
2026/09/29 10:55:40.370, 0, 8737, 100
2026/09/29 10:55:40.371, 1, 8541, 100
2026/09/29 10:55:40.371, 2, 8641, 100
2026/09/29 10:55:40.371, 3, 8723, 100
2026/09/29 10:55:40.371, 4, 8621, 100
2026/09/29 10:55:40.371, 5, 8725, 100
2026/09/29 10:55:40.371, 6, 8681, 100
2026/09/29 10:55:40.371, 7, 8599, 100
2026/09/29 10:55:41.371, 0, 8737, 100
2026/09/29 10:55:41.371, 1, 8541, 100
2026/09/29 10:55:41.371, 2, 8641, 100
2026/09/29 10:55:41.371, 3, 8723, 100
2026/09/29 10:55:41.371, 4, 8621, 100
2026/09/29 10:55:41.371, 5, 8725, 100
2026/09/29 10:55:41.371, 6, 8681, 100
2026/09/29 10:55:41.371, 7, 8599, 100
2026/09/29 10:55:42.372, 0, 8737, 100
2026/09/29 10:55:42.372, 1, 8541, 100
2026/09/29 10:55:42.372, 2, 8641, 100
2026/09/29 10:55:42.372, 3, 8723, 100
2026/09/29 10:55:42.372, 4, 8621, 100
2026/09/29 10:55:42.372, 5, 8725, 100
2026/09/29 10:55:42.372, 6, 8681, 100
2026/09/29 10:55:42.372, 7, 8599, 100
2026/09/29 10:55:43.372, 0, 8737, 100
2026/09/29 10:55:43.372, 1, 8541, 100
2026/09/29 10:55:43.372, 2, 8641, 100
2026/09/29 10:55:43.372, 3, 8723, 100
2026/09/29 10:55:43.372, 4, 8621, 100
2026/09/29 10:55:43.372, 5, 8725, 100
2026/09/29 10:55:43.372, 6, 8681, 100
2026/09/29 10:55:43.372, 7, 8599, 100
2026/09/29 10:55:44.372, 0, 8737, 100
2026/09/29 10:55:44.373, 1, 8541, 100
2026/09/29 10:55:44.373, 2, 8641, 100
2026/09/29 10:55:44.373, 3, 8723, 100
2026/09/29 10:55:44.373, 4, 8621, 100
2026/09/29 10:55:44.373, 5, 8725, 100
2026/09/29 10:55:44.373, 6, 8681, 100
2026/09/29 10:55:44.373, 7, 8599, 100
2026/09/29 10:55:45.373, 0, 8737, 100
2026/09/29 10:55:45.373, 1, 8541, 100
2026/09/29 10:55:45.373, 2, 8641, 100
2026/09/29 10:55:45.373, 3, 8723, 100
2026/09/29 10:55:45.373, 4, 8621, 100
2026/09/29 10:55:45.373, 5, 8725, 100
2026/09/29 10:55:45.373, 6, 8681, 100
2026/09/29 10:55:45.373, 7, 8599, 100
2026/09/29 10:55:46.374, 0, 8737, 100
2026/09/29 10:55:46.374, 1, 8541, 100
2026/09/29 10:55:46.374, 2, 8641, 100
2026/09/29 10:55:46.374, 3, 8723, 100
2026/09/29 10:55:46.374, 4, 8621, 100
2026/09/29 10:55:46.374, 5, 8725, 100
2026/09/29 10:55:46.374, 6, 8681, 100
2026/09/29 10:55:46.374, 7, 8599, 100
2026/09/29 10:55:47.374, 0, 8737, 100
2026/09/29 10:55:47.374, 1, 8541, 100
2026/09/29 10:55:47.374, 2, 8641, 100
2026/09/29 10:55:47.375, 3, 8723, 100
2026/09/29 10:55:47.375, 4, 8621, 100
2026/09/29 10:55:47.375, 5, 8725, 100
2026/09/29 10:55:47.375, 6, 8681, 100
2026/09/29 10:55:47.375, 7, 8599, 100
2026/09/29 10:55:48.375, 0, 8737, 100
2026/09/29 10:55:48.375, 1, 8541, 100
2026/09/29 10:55:48.375, 2, 8641, 100
2026/09/29 10:55:48.375, 3, 8723, 100
2026/09/29 10:55:48.375, 4, 8621, 100
2026/09/29 10:55:48.375, 5, 8725, 100
2026/09/29 10:55:48.375, 6, 8681, 100
2026/09/29 10:55:48.375, 7, 8599, 100
2026/09/29 10:55:49.376, 0, 8737, 100
2026/09/29 10:55:49.376, 1, 8541, 100
2026/09/29 10:55:49.376, 2, 8641, 100
2026/09/29 10:55:49.376, 3, 8723, 100
2026/09/29 10:55:49.376, 4, 8621, 100
2026/09/29 10:55:49.376, 5, 8725, 100
2026/09/29 10:55:49.376, 6, 8681, 100
2026/09/29 10:55:49.376, 7, 8599, 100
2026/09/29 10:55:50.376, 0, 8737, 100
2026/09/29 10:55:50.376, 1, 8541, 100
2026/09/29 10:55:50.376, 2, 8641, 100
2026/09/29 10:55:50.376, 3, 8723, 100
2026/09/29 10:55:50.376, 4, 8621, 100
2026/09/29 10:55:50.376, 5, 8725, 100
2026/09/29 10:55:50.376, 6, 8681, 100
2026/09/29 10:55:50.376, 7, 8599, 100
2026/09/29 10:55:51.376, 0, 8737, 100
2026/09/29 10:55:51.377, 1, 8541, 100
2026/09/29 10:55:51.377, 2, 8641, 100
2026/09/29 10:55:51.377, 3, 8723, 100
2026/09/29 10:55:51.377, 4, 8621, 100
2026/09/29 10:55:51.378, 5, 8725, 100
2026/09/29 10:55:51.378, 6, 8681, 100
2026/09/29 10:55:51.378, 7, 8599, 100
2026/09/29 10:55:52.378, 0, 8737, 100
2026/09/29 10:55:52.378, 1, 8541, 100
2026/09/29 10:55:52.378, 2, 8641, 100
2026/09/29 10:55:52.378, 3, 8723, 100
2026/09/29 10:55:52.378, 4, 8621, 100
2026/09/29 10:55:52.378, 5, 8725, 100
2026/09/29 10:55:52.378, 6, 8681, 100
2026/09/29 10:55:52.378, 7, 8599, 100
2026/09/29 10:55:53.378, 0, 8737, 100
2026/09/29 10:55:53.378, 1, 8541, 100
2026/09/29 10:55:53.378, 2, 8641, 100
2026/09/29 10:55:53.379, 3, 8723, 100
2026/09/29 10:55:53.379, 4, 8621, 100
2026/09/29 10:55:53.379, 5, 8725, 100
2026/09/29 10:55:53.379, 6, 8681, 100
2026/09/29 10:55:53.379, 7, 8599, 100
2026/09/29 10:55:54.379, 0, 8737, 100
2026/09/29 10:55:54.379, 1, 8541, 100
2026/09/29 10:55:54.379, 2, 8641, 100
2026/09/29 10:55:54.379, 3, 8723, 100
2026/09/29 10:55:54.379, 4, 8621, 100
2026/09/29 10:55:54.379, 5, 8725, 100
2026/09/29 10:55:54.379, 6, 8681, 100
2026/09/29 10:55:54.379, 7, 8599, 100
2026/09/29 10:55:55.379, 0, 8737, 100
2026/09/29 10:55:55.379, 1, 8541, 100
2026/09/29 10:55:55.379, 2, 8641, 100
2026/09/29 10:55:55.379, 3, 8723, 100
2026/09/29 10:55:55.379, 4, 8621, 100
2026/09/29 10:55:55.380, 5, 8725, 100
2026/09/29 10:55:55.380, 6, 8681, 100
2026/09/29 10:55:55.380, 7, 8599, 100
2026/09/29 10:55:56.380, 0, 8737, 100
2026/09/29 10:55:56.380, 1, 8541, 100
2026/09/29 10:55:56.380, 2, 8641, 100
2026/09/29 10:55:56.380, 3, 8723, 100
2026/09/29 10:55:56.380, 4, 8621, 100
2026/09/29 10:55:56.380, 5, 8725, 100
2026/09/29 10:55:56.380, 6, 8681, 100
2026/09/29 10:55:56.380, 7, 8599, 100
2026/09/29 10:55:57.380, 0, 8737, 100
2026/09/29 10:55:57.380, 1, 8541, 100
2026/09/29 10:55:57.380, 2, 8641, 100
2026/09/29 10:55:57.381, 3, 8723, 100
2026/09/29 10:55:57.381, 4, 8621, 100
2026/09/29 10:55:57.381, 5, 8725, 100
2026/09/29 10:55:57.381, 6, 8681, 100
2026/09/29 10:55:57.381, 7, 8599, 100
2026/09/29 10:55:58.381, 0, 8737, 100
2026/09/29 10:55:58.381, 1, 8541, 100
2026/09/29 10:55:58.381, 2, 8641, 100
2026/09/29 10:55:58.381, 3, 8723, 100
2026/09/29 10:55:58.381, 4, 8621, 100
2026/09/29 10:55:58.381, 5, 8725, 100
2026/09/29 10:55:58.381, 6, 8681, 100
2026/09/29 10:55:58.381, 7, 8599, 100
2026/09/29 10:55:59.381, 0, 8737, 100
2026/09/29 10:55:59.382, 1, 8541, 100
2026/09/29 10:55:59.382, 2, 8641, 100
2026/09/29 10:55:59.382, 3, 8723, 100
2026/09/29 10:55:59.382, 4, 8621, 100
2026/09/29 10:55:59.382, 5, 8725, 100
2026/09/29 10:55:59.382, 6, 8681, 100
2026/09/29 10:55:59.382, 7, 8599, 100
2026/09/29 10:56:00.382, 0, 8737, 100
2026/09/29 10:56:00.382, 1, 8541, 100
2026/09/29 10:56:00.382, 2, 8641, 100
2026/09/29 10:56:00.382, 3, 8723, 100
2026/09/29 10:56:00.382, 4, 8621, 100
2026/09/29 10:56:00.382, 5, 8725, 100
2026/09/29 10:56:00.382, 6, 8681, 100
2026/09/29 10:56:00.382, 7, 8599, 100
2026/09/29 10:56:01.382, 0, 8737, 100
2026/09/29 10:56:01.383, 1, 8541, 100
2026/09/29 10:56:01.383, 2, 8641, 100
2026/09/29 10:56:01.383, 3, 8723, 100
2026/09/29 10:56:01.383, 4, 8621, 100
2026/09/29 10:56:01.383, 5, 8725, 100
2026/09/29 10:56:01.383, 6, 8681, 100
2026/09/29 10:56:01.383, 7, 8599, 100
2026/09/29 10:56:02.383, 0, 8737, 100
2026/09/29 10:56:02.383, 1, 8541, 100
2026/09/29 10:56:02.383, 2, 8641, 100
2026/09/29 10:56:02.383, 3, 8723, 100
2026/09/29 10:56:02.383, 4, 8621, 100
2026/09/29 10:56:02.383, 5, 8725, 100
2026/09/29 10:56:02.383, 6, 8681, 100
2026/09/29 10:56:02.383, 7, 8599, 100
2026/09/29 10:56:03.384, 0, 8737, 100
2026/09/29 10:56:03.384, 1, 8541, 100
2026/09/29 10:56:03.384, 2, 8641, 100
2026/09/29 10:56:03.384, 3, 8723, 100
2026/09/29 10:56:03.384, 4, 8621, 100
2026/09/29 10:56:03.384, 5, 8725, 100
2026/09/29 10:56:03.384, 6, 8681, 100
2026/09/29 10:56:03.384, 7, 8599, 100
2026/09/29 10:56:04.384, 0, 8737, 100
2026/09/29 10:56:04.384, 1, 8541, 100
2026/09/29 10:56:04.384, 2, 8641, 100
2026/09/29 10:56:04.384, 3, 8723, 100
2026/09/29 10:56:04.384, 4, 8621, 100
2026/09/29 10:56:04.384, 5, 8725, 100
2026/09/29 10:56:04.384, 6, 8681, 100
2026/09/29 10:56:04.384, 7, 8599, 100
2026/09/29 10:56:05.385, 0, 8737, 100
2026/09/29 10:56:05.385, 1, 8541, 100
2026/09/29 10:56:05.385, 2, 8641, 100
2026/09/29 10:56:05.385, 3, 8723, 100
2026/09/29 10:56:05.385, 4, 8621, 100
2026/09/29 10:56:05.385, 5, 8725, 100
2026/09/29 10:56:05.385, 6, 8681, 100
2026/09/29 10:56:05.385, 7, 8599, 100
2026/09/29 10:56:06.385, 0, 8737, 100
2026/09/29 10:56:06.387, 1, 8541, 100
2026/09/29 10:56:06.387, 2, 8641, 100
2026/09/29 10:56:06.387, 3, 8723, 100
2026/09/29 10:56:06.387, 4, 8621, 100
2026/09/29 10:56:06.387, 5, 8725, 100
2026/09/29 10:56:06.387, 6, 8681, 100
2026/09/29 10:56:06.387, 7, 8599, 100
2026/09/29 10:56:07.388, 0, 8737, 100
2026/09/29 10:56:07.388, 1, 8541, 100
2026/09/29 10:56:07.388, 2, 8641, 100
2026/09/29 10:56:07.388, 3, 8723, 100
2026/09/29 10:56:07.388, 4, 8621, 100
2026/09/29 10:56:07.388, 5, 8725, 100
2026/09/29 10:56:07.388, 6, 8681, 100
2026/09/29 10:56:07.388, 7, 8599, 100
2026/09/29 10:56:08.388, 0, 8737, 100
2026/09/29 10:56:08.388, 1, 8541, 100
2026/09/29 10:56:08.388, 2, 8641, 100
2026/09/29 10:56:08.388, 3, 8723, 100
2026/09/29 10:56:08.388, 4, 8621, 100
2026/09/29 10:56:08.388, 5, 8725, 100
2026/09/29 10:56:08.388, 6, 8681, 100
2026/09/29 10:56:08.389, 7, 8599, 100
2026/09/29 10:56:09.389, 0, 8737, 100
2026/09/29 10:56:09.389, 1, 8541, 100
2026/09/29 10:56:09.389, 2, 8641, 100
2026/09/29 10:56:09.389, 3, 8723, 100
2026/09/29 10:56:09.389, 4, 8621, 100
2026/09/29 10:56:09.389, 5, 8725, 100
2026/09/29 10:56:09.389, 6, 8681, 100
2026/09/29 10:56:09.389, 7, 8599, 100
2026/09/29 10:56:10.390, 0, 8737, 100
2026/09/29 10:56:10.390, 1, 8541, 100
2026/09/29 10:56:10.390, 2, 8641, 100
2026/09/29 10:56:10.390, 3, 8723, 100
2026/09/29 10:56:10.390, 4, 8621, 100
2026/09/29 10:56:10.390, 5, 8725, 100
2026/09/29 10:56:10.390, 6, 8681, 100
2026/09/29 10:56:10.390, 7, 8599, 100
2026/09/29 10:56:11.390, 0, 8737, 100
2026/09/29 10:56:11.390, 1, 8541, 100
2026/09/29 10:56:11.390, 2, 8641, 100
2026/09/29 10:56:11.390, 3, 8723, 100
2026/09/29 10:56:11.390, 4, 8621, 100
2026/09/29 10:56:11.390, 5, 8725, 100
2026/09/29 10:56:11.390, 6, 8681, 100
2026/09/29 10:56:11.391, 7, 8599, 100
2026/09/29 10:56:12.391, 0, 8737, 100
2026/09/29 10:56:12.391, 1, 8541, 100
2026/09/29 10:56:12.391, 2, 8641, 100
2026/09/29 10:56:12.391, 3, 8723, 100
2026/09/29 10:56:12.391, 4, 8621, 100
2026/09/29 10:56:12.391, 5, 8725, 100
2026/09/29 10:56:12.391, 6, 8681, 100
2026/09/29 10:56:12.391, 7, 8599, 100
2026/09/29 10:56:13.391, 0, 8737, 100
2026/09/29 10:56:13.391, 1, 8541, 100
2026/09/29 10:56:13.391, 2, 8641, 100
2026/09/29 10:56:13.391, 3, 8723, 100
2026/09/29 10:56:13.392, 4, 8621, 100
2026/09/29 10:56:13.392, 5, 8725, 100
2026/09/29 10:56:13.392, 6, 8681, 100
2026/09/29 10:56:13.392, 7, 8599, 100
2026/09/29 10:56:14.392, 0, 8737, 100
2026/09/29 10:56:14.392, 1, 8541, 100
2026/09/29 10:56:14.392, 2, 8641, 100
2026/09/29 10:56:14.392, 3, 8723, 100
2026/09/29 10:56:14.392, 4, 8621, 100
2026/09/29 10:56:14.392, 5, 8725, 100
2026/09/29 10:56:14.392, 6, 8681, 100
2026/09/29 10:56:14.392, 7, 8599, 100
2026/09/29 10:56:15.392, 0, 8737, 100
2026/09/29 10:56:15.393, 1, 8541, 100
2026/09/29 10:56:15.393, 2, 8641, 100
2026/09/29 10:56:15.393, 3, 8723, 100
2026/09/29 10:56:15.393, 4, 8621, 100
2026/09/29 10:56:15.393, 5, 8725, 100
2026/09/29 10:56:15.393, 6, 8681, 100
2026/09/29 10:56:15.393, 7, 8599, 100
2026/09/29 10:56:16.393, 0, 8737, 100
2026/09/29 10:56:16.393, 1, 8541, 100
2026/09/29 10:56:16.393, 2, 8641, 100
2026/09/29 10:56:16.393, 3, 8723, 100
2026/09/29 10:56:16.393, 4, 8621, 100
2026/09/29 10:56:16.393, 5, 8725, 100
2026/09/29 10:56:16.393, 6, 8681, 100
2026/09/29 10:56:16.393, 7, 8599, 100
2026/09/29 10:56:17.394, 0, 8737, 100
2026/09/29 10:56:17.394, 1, 8541, 100
2026/09/29 10:56:17.394, 2, 8641, 100
2026/09/29 10:56:17.394, 3, 8723, 100
2026/09/29 10:56:17.394, 4, 8621, 100
2026/09/29 10:56:17.394, 5, 8725, 100
2026/09/29 10:56:17.394, 6, 8681, 100
2026/09/29 10:56:17.394, 7, 8599, 100
2026/09/29 10:56:18.394, 0, 8737, 100
2026/09/29 10:56:18.394, 1, 8541, 100
2026/09/29 10:56:18.394, 2, 8641, 100
2026/09/29 10:56:18.394, 3, 8723, 100
2026/09/29 10:56:18.394, 4, 8621, 100
2026/09/29 10:56:18.394, 5, 8725, 100
2026/09/29 10:56:18.394, 6, 8681, 100
2026/09/29 10:56:18.394, 7, 8599, 100
2026/09/29 10:56:19.395, 0, 8737, 100
2026/09/29 10:56:19.395, 1, 8541, 100
2026/09/29 10:56:19.395, 2, 8641, 100
2026/09/29 10:56:19.395, 3, 8723, 100
2026/09/29 10:56:19.395, 4, 8621, 100
2026/09/29 10:56:19.395, 5, 8725, 100
2026/09/29 10:56:19.395, 6, 8681, 100
2026/09/29 10:56:19.395, 7, 8599, 100
2026/09/29 10:56:20.395, 0, 8737, 100
2026/09/29 10:56:20.395, 1, 8541, 100
2026/09/29 10:56:20.395, 2, 8641, 100
2026/09/29 10:56:20.395, 3, 8723, 100
2026/09/29 10:56:20.395, 4, 8621, 100
2026/09/29 10:56:20.395, 5, 8725, 100
2026/09/29 10:56:20.395, 6, 8681, 100
2026/09/29 10:56:20.395, 7, 8599, 100
2026/09/29 10:56:21.395, 0, 8737, 100
2026/09/29 10:56:21.399, 1, 8541, 100
2026/09/29 10:56:21.403, 2, 8641, 100
2026/09/29 10:56:21.403, 3, 8723, 100
2026/09/29 10:56:21.403, 4, 8621, 100
2026/09/29 10:56:21.403, 5, 8725, 100
2026/09/29 10:56:21.403, 6, 8681, 100
2026/09/29 10:56:21.403, 7, 8599, 100
2026/09/29 10:56:22.403, 0, 8737, 100
2026/09/29 10:56:22.403, 1, 8541, 100
2026/09/29 10:56:22.403, 2, 8641, 100
2026/09/29 10:56:22.403, 3, 8723, 100
2026/09/29 10:56:22.404, 4, 8621, 100
2026/09/29 10:56:22.404, 5, 8725, 100
2026/09/29 10:56:22.404, 6, 8681, 100
2026/09/29 10:56:22.404, 7, 8599, 100
2026/09/29 10:56:23.404, 0, 8737, 100
2026/09/29 10:56:23.404, 1, 8541, 100
2026/09/29 10:56:23.404, 2, 8641, 100
2026/09/29 10:56:23.404, 3, 8723, 100
2026/09/29 10:56:23.404, 4, 8621, 100
2026/09/29 10:56:23.404, 5, 8725, 100
2026/09/29 10:56:23.404, 6, 8681, 100
2026/09/29 10:56:23.404, 7, 8599, 100
2026/09/29 10:56:24.404, 0, 8737, 100
2026/09/29 10:56:24.404, 1, 8541, 100
2026/09/29 10:56:24.405, 2, 8641, 100
2026/09/29 10:56:24.405, 3, 8723, 100
2026/09/29 10:56:24.405, 4, 8621, 100
2026/09/29 10:56:24.405, 5, 8725, 100
2026/09/29 10:56:24.405, 6, 8681, 100
2026/09/29 10:56:24.405, 7, 8599, 100
2026/09/29 10:56:25.405, 0, 8737, 100
2026/09/29 10:56:25.405, 1, 8541, 100
2026/09/29 10:56:25.405, 2, 8641, 100
2026/09/29 10:56:25.405, 3, 8723, 100
2026/09/29 10:56:25.405, 4, 8621, 100
2026/09/29 10:56:25.405, 5, 8725, 100
2026/09/29 10:56:25.405, 6, 8681, 100
2026/09/29 10:56:25.405, 7, 8599, 100
2026/09/29 10:56:26.406, 0, 8737, 100
2026/09/29 10:56:26.406, 1, 8541, 100
2026/09/29 10:56:26.406, 2, 8641, 100
2026/09/29 10:56:26.406, 3, 8723, 100
2026/09/29 10:56:26.406, 4, 8621, 100
2026/09/29 10:56:26.406, 5, 8725, 100
2026/09/29 10:56:26.406, 6, 8681, 100
2026/09/29 10:56:26.406, 7, 8599, 100
2026/09/29 10:56:27.406, 0, 8737, 100
2026/09/29 10:56:27.406, 1, 8541, 100
2026/09/29 10:56:27.406, 2, 8641, 100
2026/09/29 10:56:27.406, 3, 8723, 100
2026/09/29 10:56:27.406, 4, 8621, 100
2026/09/29 10:56:27.406, 5, 8725, 100
2026/09/29 10:56:27.406, 6, 8681, 100
2026/09/29 10:56:27.406, 7, 8599, 100
2026/09/29 10:56:28.407, 0, 8737, 100
2026/09/29 10:56:28.407, 1, 8541, 100
2026/09/29 10:56:28.407, 2, 8641, 100
2026/09/29 10:56:28.407, 3, 8723, 100
2026/09/29 10:56:28.407, 4, 8621, 100
2026/09/29 10:56:28.407, 5, 8725, 100
2026/09/29 10:56:28.407, 6, 8681, 100
2026/09/29 10:56:28.407, 7, 8599, 100
2026/09/29 10:56:29.407, 0, 8737, 100
2026/09/29 10:56:29.407, 1, 8541, 100
2026/09/29 10:56:29.407, 2, 8641, 100
2026/09/29 10:56:29.407, 3, 8723, 100
2026/09/29 10:56:29.407, 4, 8621, 100
2026/09/29 10:56:29.407, 5, 8725, 100
2026/09/29 10:56:29.407, 6, 8681, 100
2026/09/29 10:56:29.407, 7, 8599, 100
2026/09/29 10:56:30.408, 0, 8737, 100
2026/09/29 10:56:30.408, 1, 8541, 100
2026/09/29 10:56:30.408, 2, 8641, 100
2026/09/29 10:56:30.408, 3, 8723, 100
2026/09/29 10:56:30.408, 4, 8621, 100
2026/09/29 10:56:30.408, 5, 8725, 100
2026/09/29 10:56:30.408, 6, 8681, 100
2026/09/29 10:56:30.408, 7, 8599, 100
2026/09/29 10:56:31.408, 0, 8737, 100
2026/09/29 10:56:31.408, 1, 8541, 100
2026/09/29 10:56:31.408, 2, 8641, 100
2026/09/29 10:56:31.408, 3, 8723, 100
2026/09/29 10:56:31.409, 4, 8621, 100
2026/09/29 10:56:31.409, 5, 8725, 100
2026/09/29 10:56:31.409, 6, 8681, 100
2026/09/29 10:56:31.409, 7, 8599, 100
2026/09/29 10:56:32.409, 0, 8737, 100
2026/09/29 10:56:32.409, 1, 8541, 100
2026/09/29 10:56:32.409, 2, 8641, 100
2026/09/29 10:56:32.409, 3, 8723, 100
2026/09/29 10:56:32.409, 4, 8621, 100
2026/09/29 10:56:32.409, 5, 8725, 100
2026/09/29 10:56:32.409, 6, 8681, 100
2026/09/29 10:56:32.409, 7, 8599, 100
2026/09/29 10:56:33.409, 0, 8737, 100
2026/09/29 10:56:33.409, 1, 8541, 100
2026/09/29 10:56:33.410, 2, 8641, 100
2026/09/29 10:56:33.410, 3, 8723, 100
2026/09/29 10:56:33.410, 4, 8621, 100
2026/09/29 10:56:33.410, 5, 8725, 100
2026/09/29 10:56:33.410, 6, 8681, 100
2026/09/29 10:56:33.410, 7, 8599, 100
2026/09/29 10:56:34.410, 0, 8737, 100
2026/09/29 10:56:34.410, 1, 8541, 100
2026/09/29 10:56:34.410, 2, 8641, 100
2026/09/29 10:56:34.410, 3, 8723, 100
2026/09/29 10:56:34.410, 4, 8621, 100
2026/09/29 10:56:34.410, 5, 8725, 100
2026/09/29 10:56:34.410, 6, 8681, 100
2026/09/29 10:56:34.410, 7, 8599, 100
2026/09/29 10:56:35.410, 0, 8737, 100
2026/09/29 10:56:35.411, 1, 8541, 100
2026/09/29 10:56:35.411, 2, 8641, 100
2026/09/29 10:56:35.411, 3, 8723, 100
2026/09/29 10:56:35.411, 4, 8621, 100
2026/09/29 10:56:35.411, 5, 8725, 100
2026/09/29 10:56:35.411, 6, 8681, 100
2026/09/29 10:56:35.411, 7, 8599, 100
2026/09/29 10:56:36.411, 0, 8737, 100
2026/09/29 10:56:36.413, 1, 8541, 100
2026/09/29 10:56:36.413, 2, 8641, 100
2026/09/29 10:56:36.413, 3, 8723, 100
2026/09/29 10:56:36.413, 4, 8621, 100
2026/09/29 10:56:36.413, 5, 8725, 100
2026/09/29 10:56:36.413, 6, 8681, 100
2026/09/29 10:56:36.413, 7, 8599, 100
2026/09/29 10:56:37.413, 0, 8737, 100
2026/09/29 10:56:37.413, 1, 8541, 100
2026/09/29 10:56:37.414, 2, 8641, 100
2026/09/29 10:56:37.414, 3, 8723, 100
2026/09/29 10:56:37.414, 4, 8621, 100
2026/09/29 10:56:37.414, 5, 8725, 100
2026/09/29 10:56:37.414, 6, 8681, 100
2026/09/29 10:56:37.414, 7, 8599, 100
2026/09/29 10:56:38.414, 0, 8737, 100
2026/09/29 10:56:38.414, 1, 8541, 100
2026/09/29 10:56:38.414, 2, 8641, 100
2026/09/29 10:56:38.414, 3, 8723, 100
2026/09/29 10:56:38.414, 4, 8621, 100
2026/09/29 10:56:38.414, 5, 8725, 100
2026/09/29 10:56:38.414, 6, 8681, 100
2026/09/29 10:56:38.414, 7, 8599, 100
2026/09/29 10:56:39.415, 0, 8737, 100
2026/09/29 10:56:39.415, 1, 8541, 100
2026/09/29 10:56:39.415, 2, 8641, 100
2026/09/29 10:56:39.415, 3, 8723, 100
2026/09/29 10:56:39.415, 4, 8621, 100
2026/09/29 10:56:39.415, 5, 8725, 100
2026/09/29 10:56:39.415, 6, 8681, 100
2026/09/29 10:56:39.415, 7, 8599, 100
2026/09/29 10:56:40.415, 0, 8737, 100
2026/09/29 10:56:40.415, 1, 8541, 100
2026/09/29 10:56:40.415, 2, 8641, 100
2026/09/29 10:56:40.416, 3, 8723, 100
2026/09/29 10:56:40.416, 4, 8621, 100
2026/09/29 10:56:40.416, 5, 8725, 100
2026/09/29 10:56:40.416, 6, 8681, 100
2026/09/29 10:56:40.416, 7, 8599, 100
2026/09/29 10:56:41.416, 0, 8737, 100
2026/09/29 10:56:41.416, 1, 8541, 100
2026/09/29 10:56:41.416, 2, 8641, 100
2026/09/29 10:56:41.416, 3, 8723, 100
2026/09/29 10:56:41.416, 4, 8621, 100
2026/09/29 10:56:41.416, 5, 8725, 100
2026/09/29 10:56:41.416, 6, 8681, 100
2026/09/29 10:56:41.416, 7, 8599, 100
2026/09/29 10:56:42.416, 0, 8737, 100
2026/09/29 10:56:42.417, 1, 8541, 100
2026/09/29 10:56:42.417, 2, 8641, 100
2026/09/29 10:56:42.417, 3, 8723, 100
2026/09/29 10:56:42.417, 4, 8621, 100
2026/09/29 10:56:42.417, 5, 8725, 100
2026/09/29 10:56:42.417, 6, 8681, 100
2026/09/29 10:56:42.417, 7, 8599, 100
2026/09/29 10:56:43.417, 0, 8737, 100
2026/09/29 10:56:43.417, 1, 8541, 100
2026/09/29 10:56:43.417, 2, 8641, 100
2026/09/29 10:56:43.417, 3, 8723, 100
2026/09/29 10:56:43.417, 4, 8621, 100
2026/09/29 10:56:43.417, 5, 8725, 100
2026/09/29 10:56:43.418, 6, 8681, 100
2026/09/29 10:56:43.418, 7, 8599, 100
2026/09/29 10:56:44.418, 0, 8737, 100
2026/09/29 10:56:44.418, 1, 8541, 100
2026/09/29 10:56:44.419, 2, 8641, 100
2026/09/29 10:56:44.419, 3, 8723, 100
2026/09/29 10:56:44.419, 4, 8621, 100
2026/09/29 10:56:44.419, 5, 8725, 100
2026/09/29 10:56:44.419, 6, 8681, 100
2026/09/29 10:56:44.419, 7, 8599, 100
2026/09/29 10:56:45.419, 0, 8737, 100
2026/09/29 10:56:45.419, 1, 8541, 100
2026/09/29 10:56:45.419, 2, 8641, 100
2026/09/29 10:56:45.419, 3, 8723, 100
2026/09/29 10:56:45.419, 4, 8621, 100
2026/09/29 10:56:45.419, 5, 8725, 100
2026/09/29 10:56:45.419, 6, 8681, 100
2026/09/29 10:56:45.419, 7, 8599, 100
2026/09/29 10:56:46.419, 0, 8737, 100
2026/09/29 10:56:46.420, 1, 8541, 100
2026/09/29 10:56:46.420, 2, 8641, 100
2026/09/29 10:56:46.420, 3, 8723, 100
2026/09/29 10:56:46.420, 4, 8621, 100
2026/09/29 10:56:46.420, 5, 8725, 100
2026/09/29 10:56:46.420, 6, 8681, 100
2026/09/29 10:56:46.420, 7, 8599, 100
2026/09/29 10:56:47.420, 0, 8737, 100
2026/09/29 10:56:47.420, 1, 8541, 100
2026/09/29 10:56:47.420, 2, 8641, 100
2026/09/29 10:56:47.420, 3, 8723, 100
2026/09/29 10:56:47.420, 4, 8621, 100
2026/09/29 10:56:47.420, 5, 8725, 100
2026/09/29 10:56:47.420, 6, 8681, 100
2026/09/29 10:56:47.420, 7, 8599, 100
2026/09/29 10:56:48.421, 0, 8737, 100
2026/09/29 10:56:48.421, 1, 8541, 100
2026/09/29 10:56:48.421, 2, 8641, 100
2026/09/29 10:56:48.421, 3, 8723, 100
2026/09/29 10:56:48.421, 4, 8621, 100
2026/09/29 10:56:48.421, 5, 8725, 100
2026/09/29 10:56:48.421, 6, 8681, 100
2026/09/29 10:56:48.421, 7, 8599, 100
2026/09/29 10:56:49.421, 0, 8737, 100
2026/09/29 10:56:49.421, 1, 8541, 100
2026/09/29 10:56:49.421, 2, 8641, 100
2026/09/29 10:56:49.421, 3, 8723, 100
2026/09/29 10:56:49.421, 4, 8621, 100
2026/09/29 10:56:49.421, 5, 8725, 100
2026/09/29 10:56:49.422, 6, 8681, 100
2026/09/29 10:56:49.422, 7, 8599, 100
2026/09/29 10:56:50.422, 0, 8737, 100
2026/09/29 10:56:50.422, 1, 8541, 100
2026/09/29 10:56:50.422, 2, 8641, 100
2026/09/29 10:56:50.422, 3, 8723, 100
2026/09/29 10:56:50.422, 4, 8621, 100
2026/09/29 10:56:50.422, 5, 8725, 100
2026/09/29 10:56:50.422, 6, 8681, 100
2026/09/29 10:56:50.422, 7, 8599, 100
2026/09/29 10:56:51.422, 0, 8737, 100
2026/09/29 10:56:51.425, 1, 8541, 100
2026/09/29 10:56:51.425, 2, 8641, 100
2026/09/29 10:56:51.425, 3, 8723, 100
2026/09/29 10:56:51.425, 4, 8621, 100
2026/09/29 10:56:51.425, 5, 8725, 100
2026/09/29 10:56:51.425, 6, 8681, 100
2026/09/29 10:56:51.426, 7, 8599, 100
2026/09/29 10:56:52.427, 0, 8737, 100
2026/09/29 10:56:52.427, 1, 8541, 100
2026/09/29 10:56:52.427, 2, 8641, 100
2026/09/29 10:56:52.427, 3, 8723, 100
2026/09/29 10:56:52.427, 4, 8621, 100
2026/09/29 10:56:52.427, 5, 8725, 100
2026/09/29 10:56:52.427, 6, 8681, 100
2026/09/29 10:56:52.427, 7, 8599, 100
2026/09/29 10:56:53.427, 0, 8737, 100
2026/09/29 10:56:53.427, 1, 8541, 100
2026/09/29 10:56:53.427, 2, 8641, 100
2026/09/29 10:56:53.427, 3, 8723, 100
2026/09/29 10:56:53.427, 4, 8621, 100
2026/09/29 10:56:53.427, 5, 8725, 100
2026/09/29 10:56:53.428, 6, 8681, 100
2026/09/29 10:56:53.428, 7, 8599, 100
2026/09/29 10:56:54.428, 0, 8737, 100
2026/09/29 10:56:54.428, 1, 8541, 100
2026/09/29 10:56:54.428, 2, 8641, 100
2026/09/29 10:56:54.428, 3, 8723, 100
2026/09/29 10:56:54.428, 4, 8621, 100
2026/09/29 10:56:54.428, 5, 8725, 100
2026/09/29 10:56:54.428, 6, 8681, 100
2026/09/29 10:56:54.428, 7, 8599, 100
2026/09/29 10:56:55.429, 0, 8737, 100
2026/09/29 10:56:55.429, 1, 8541, 100
2026/09/29 10:56:55.429, 2, 8641, 100
2026/09/29 10:56:55.429, 3, 8723, 100
2026/09/29 10:56:55.429, 4, 8621, 100
2026/09/29 10:56:55.429, 5, 8725, 100
2026/09/29 10:56:55.429, 6, 8681, 100
2026/09/29 10:56:55.429, 7, 8599, 100
2026/09/29 10:56:56.429, 0, 8737, 100
2026/09/29 10:56:56.429, 1, 8541, 100
2026/09/29 10:56:56.430, 2, 8641, 100
2026/09/29 10:56:56.430, 3, 8723, 100
2026/09/29 10:56:56.430, 4, 8621, 100
2026/09/29 10:56:56.430, 5, 8725, 100
2026/09/29 10:56:56.430, 6, 8681, 100
2026/09/29 10:56:56.430, 7, 8599, 100
2026/09/29 10:56:57.430, 0, 8737, 100
2026/09/29 10:56:57.430, 1, 8541, 100
2026/09/29 10:56:57.430, 2, 8641, 100
2026/09/29 10:56:57.430, 3, 8723, 100
2026/09/29 10:56:57.430, 4, 8621, 100
2026/09/29 10:56:57.430, 5, 8725, 100
2026/09/29 10:56:57.430, 6, 8681, 100
2026/09/29 10:56:57.430, 7, 8599, 100
2026/09/29 10:56:58.431, 0, 8737, 100
2026/09/29 10:56:58.431, 1, 8541, 100
2026/09/29 10:56:58.431, 2, 8641, 100
2026/09/29 10:56:58.431, 3, 8723, 100
2026/09/29 10:56:58.431, 4, 8621, 100
2026/09/29 10:56:58.431, 5, 8725, 100
2026/09/29 10:56:58.431, 6, 8681, 100
2026/09/29 10:56:58.431, 7, 8599, 100
2026/09/29 10:56:59.431, 0, 8737, 100
2026/09/29 10:56:59.431, 1, 8541, 100
2026/09/29 10:56:59.431, 2, 8641, 100
2026/09/29 10:56:59.431, 3, 8723, 100
2026/09/29 10:56:59.431, 4, 8621, 100
2026/09/29 10:56:59.432, 5, 8725, 100
2026/09/29 10:56:59.432, 6, 8681, 100
2026/09/29 10:56:59.432, 7, 8599, 100
2026/09/29 10:57:00.432, 0, 8737, 100
2026/09/29 10:57:00.432, 1, 8541, 100
2026/09/29 10:57:00.432, 2, 8641, 100
2026/09/29 10:57:00.432, 3, 8723, 100
2026/09/29 10:57:00.432, 4, 8621, 100
2026/09/29 10:57:00.432, 5, 8725, 100
2026/09/29 10:57:00.432, 6, 8681, 100
2026/09/29 10:57:00.432, 7, 8599, 100
2026/09/29 10:57:01.432, 0, 8737, 100
2026/09/29 10:57:01.432, 1, 8541, 100
2026/09/29 10:57:01.433, 2, 8641, 100
2026/09/29 10:57:01.433, 3, 8723, 100
2026/09/29 10:57:01.433, 4, 8621, 100
2026/09/29 10:57:01.433, 5, 8725, 100
2026/09/29 10:57:01.433, 6, 8681, 100
2026/09/29 10:57:01.433, 7, 8599, 100
2026/09/29 10:57:02.433, 0, 8737, 100
2026/09/29 10:57:02.433, 1, 8541, 100
2026/09/29 10:57:02.433, 2, 8641, 100
2026/09/29 10:57:02.433, 3, 8723, 100
2026/09/29 10:57:02.433, 4, 8621, 100
2026/09/29 10:57:02.433, 5, 8725, 100
2026/09/29 10:57:02.433, 6, 8681, 100
2026/09/29 10:57:02.433, 7, 8599, 100
2026/09/29 10:57:03.434, 0, 8737, 100
2026/09/29 10:57:03.434, 1, 8541, 100
2026/09/29 10:57:03.434, 2, 8641, 100
2026/09/29 10:57:03.434, 3, 8723, 100
2026/09/29 10:57:03.434, 4, 8621, 100
2026/09/29 10:57:03.434, 5, 8725, 100
2026/09/29 10:57:03.434, 6, 8681, 100
2026/09/29 10:57:03.434, 7, 8599, 100
2026/09/29 10:57:04.434, 0, 8737, 100
2026/09/29 10:57:04.435, 1, 8541, 100
2026/09/29 10:57:04.435, 2, 8641, 100
2026/09/29 10:57:04.435, 3, 8723, 100
2026/09/29 10:57:04.435, 4, 8621, 100
2026/09/29 10:57:04.435, 5, 8725, 100
2026/09/29 10:57:04.435, 6, 8681, 100
2026/09/29 10:57:04.435, 7, 8599, 100
2026/09/29 10:57:05.435, 0, 8737, 100
2026/09/29 10:57:05.435, 1, 8541, 100
2026/09/29 10:57:05.435, 2, 8641, 100
2026/09/29 10:57:05.435, 3, 8723, 100
2026/09/29 10:57:05.435, 4, 8621, 100
2026/09/29 10:57:05.435, 5, 8725, 100
2026/09/29 10:57:05.435, 6, 8681, 100
2026/09/29 10:57:05.435, 7, 8599, 100
2026/09/29 10:57:06.436, 0, 8737, 100
2026/09/29 10:57:06.440, 1, 8541, 100
2026/09/29 10:57:06.442, 2, 8641, 100
2026/09/29 10:57:06.446, 3, 8723, 100
2026/09/29 10:57:06.447, 4, 8621, 100
2026/09/29 10:57:06.450, 5, 8725, 100
2026/09/29 10:57:06.451, 6, 8681, 100
2026/09/29 10:57:06.455, 7, 8599, 100
2026/09/29 10:57:07.456, 0, 8737, 100
2026/09/29 10:57:07.456, 1, 8541, 100
2026/09/29 10:57:07.456, 2, 8641, 100
2026/09/29 10:57:07.456, 3, 8723, 100
2026/09/29 10:57:07.456, 4, 8621, 100
2026/09/29 10:57:07.456, 5, 8725, 100
2026/09/29 10:57:07.456, 6, 8681, 100
2026/09/29 10:57:07.456, 7, 8599, 100
2026/09/29 10:57:08.456, 0, 8737, 100
2026/09/29 10:57:08.456, 1, 8541, 100
2026/09/29 10:57:08.457, 2, 8641, 100
2026/09/29 10:57:08.457, 3, 8723, 100
2026/09/29 10:57:08.457, 4, 8621, 100
2026/09/29 10:57:08.457, 5, 8725, 100
2026/09/29 10:57:08.457, 6, 8681, 100
2026/09/29 10:57:08.457, 7, 8599, 100
2026/09/29 10:57:09.457, 0, 8737, 100
2026/09/29 10:57:09.457, 1, 8541, 100
2026/09/29 10:57:09.457, 2, 8641, 100
2026/09/29 10:57:09.457, 3, 8723, 100
2026/09/29 10:57:09.457, 4, 8621, 100
2026/09/29 10:57:09.457, 5, 8725, 100
2026/09/29 10:57:09.457, 6, 8681, 100
2026/09/29 10:57:09.457, 7, 8599, 100
2026/09/29 10:57:10.458, 0, 8737, 100
2026/09/29 10:57:10.458, 1, 8541, 100
2026/09/29 10:57:10.458, 2, 8641, 100
2026/09/29 10:57:10.458, 3, 8723, 100
2026/09/29 10:57:10.458, 4, 8621, 100
2026/09/29 10:57:10.458, 5, 8725, 100
2026/09/29 10:57:10.458, 6, 8681, 100
2026/09/29 10:57:10.458, 7, 8599, 100
2026/09/29 10:57:11.458, 0, 8737, 100
2026/09/29 10:57:11.459, 1, 8541, 100
2026/09/29 10:57:11.459, 2, 8641, 100
2026/09/29 10:57:11.459, 3, 8723, 100
2026/09/29 10:57:11.459, 4, 8621, 100
2026/09/29 10:57:11.459, 5, 8725, 100
2026/09/29 10:57:11.459, 6, 8681, 100
2026/09/29 10:57:11.459, 7, 8599, 100
2026/09/29 10:57:12.459, 0, 8737, 100
2026/09/29 10:57:12.459, 1, 8541, 100
2026/09/29 10:57:12.459, 2, 8641, 100
2026/09/29 10:57:12.459, 3, 8723, 100
2026/09/29 10:57:12.459, 4, 8621, 100
2026/09/29 10:57:12.459, 5, 8725, 100
2026/09/29 10:57:12.459, 6, 8681, 100
2026/09/29 10:57:12.459, 7, 8599, 100
2026/09/29 10:57:13.459, 0, 8737, 100
2026/09/29 10:57:13.460, 1, 8541, 100
2026/09/29 10:57:13.460, 2, 8641, 100
2026/09/29 10:57:13.460, 3, 8723, 100
2026/09/29 10:57:13.460, 4, 8621, 100
2026/09/29 10:57:13.460, 5, 8725, 100
2026/09/29 10:57:13.460, 6, 8681, 100
2026/09/29 10:57:13.460, 7, 8599, 100
2026/09/29 10:57:14.460, 0, 8737, 100
2026/09/29 10:57:14.460, 1, 8541, 100
2026/09/29 10:57:14.460, 2, 8641, 100
2026/09/29 10:57:14.460, 3, 8723, 100
2026/09/29 10:57:14.460, 4, 8621, 100
2026/09/29 10:57:14.460, 5, 8725, 100
2026/09/29 10:57:14.460, 6, 8681, 100
2026/09/29 10:57:14.460, 7, 8599, 100
2026/09/29 10:57:15.461, 0, 8737, 100
2026/09/29 10:57:15.461, 1, 8541, 100
2026/09/29 10:57:15.461, 2, 8641, 100
2026/09/29 10:57:15.461, 3, 8723, 100
2026/09/29 10:57:15.461, 4, 8621, 100
2026/09/29 10:57:15.461, 5, 8725, 100
2026/09/29 10:57:15.461, 6, 8681, 100
2026/09/29 10:57:15.461, 7, 8599, 100
2026/09/29 10:57:16.461, 0, 8737, 100
2026/09/29 10:57:16.461, 1, 8541, 100
2026/09/29 10:57:16.461, 2, 8641, 100
2026/09/29 10:57:16.461, 3, 8723, 100
2026/09/29 10:57:16.461, 4, 8621, 100
2026/09/29 10:57:16.461, 5, 8725, 100
2026/09/29 10:57:16.461, 6, 8681, 100
2026/09/29 10:57:16.462, 7, 8599, 100
2026/09/29 10:57:17.462, 0, 8737, 100
2026/09/29 10:57:17.462, 1, 8541, 100
2026/09/29 10:57:17.462, 2, 8641, 100
2026/09/29 10:57:17.462, 3, 8723, 100
2026/09/29 10:57:17.462, 4, 8621, 100
2026/09/29 10:57:17.462, 5, 8725, 100
2026/09/29 10:57:17.462, 6, 8681, 100
2026/09/29 10:57:17.462, 7, 8599, 100
2026/09/29 10:57:18.462, 0, 8737, 100
2026/09/29 10:57:18.462, 1, 8541, 100
2026/09/29 10:57:18.462, 2, 8641, 100
2026/09/29 10:57:18.462, 3, 8723, 100
2026/09/29 10:57:18.463, 4, 8621, 100
2026/09/29 10:57:18.463, 5, 8725, 100
2026/09/29 10:57:18.463, 6, 8681, 100
2026/09/29 10:57:18.463, 7, 8599, 100
2026/09/29 10:57:19.463, 0, 8737, 100
2026/09/29 10:57:19.463, 1, 8541, 100
2026/09/29 10:57:19.463, 2, 8641, 100
2026/09/29 10:57:19.463, 3, 8723, 100
2026/09/29 10:57:19.463, 4, 8621, 100
2026/09/29 10:57:19.463, 5, 8725, 100
2026/09/29 10:57:19.463, 6, 8681, 100
2026/09/29 10:57:19.463, 7, 8599, 100
2026/09/29 10:57:20.463, 0, 8737, 100
2026/09/29 10:57:20.463, 1, 8541, 100
2026/09/29 10:57:20.463, 2, 8641, 100
2026/09/29 10:57:20.463, 3, 8723, 100
2026/09/29 10:57:20.464, 4, 8621, 100
2026/09/29 10:57:20.464, 5, 8725, 100
2026/09/29 10:57:20.464, 6, 8681, 100
2026/09/29 10:57:20.464, 7, 8599, 100
2026/09/29 10:57:21.464, 0, 8737, 100
2026/09/29 10:57:21.471, 1, 8541, 100
2026/09/29 10:57:21.473, 2, 8641, 100
2026/09/29 10:57:21.477, 3, 8723, 100
2026/09/29 10:57:21.479, 4, 8621, 100
2026/09/29 10:57:21.479, 5, 8725, 100
2026/09/29 10:57:21.479, 6, 8681, 100
2026/09/29 10:57:21.479, 7, 8599, 100
2026/09/29 10:57:22.480, 0, 8737, 100
2026/09/29 10:57:22.480, 1, 8541, 100
2026/09/29 10:57:22.480, 2, 8641, 100
2026/09/29 10:57:22.480, 3, 8723, 100
2026/09/29 10:57:22.480, 4, 8621, 100
2026/09/29 10:57:22.480, 5, 8725, 100
2026/09/29 10:57:22.480, 6, 8681, 100
2026/09/29 10:57:22.480, 7, 8599, 100
2026/09/29 10:57:23.480, 0, 8737, 100
2026/09/29 10:57:23.480, 1, 8541, 100
2026/09/29 10:57:23.480, 2, 8641, 100
2026/09/29 10:57:23.481, 3, 8723, 100
2026/09/29 10:57:23.481, 4, 8621, 100
2026/09/29 10:57:23.481, 5, 8725, 100
2026/09/29 10:57:23.481, 6, 8681, 100
2026/09/29 10:57:23.481, 7, 8599, 100
2026/09/29 10:57:24.481, 0, 8737, 100
2026/09/29 10:57:24.481, 1, 8541, 100
2026/09/29 10:57:24.481, 2, 8641, 100
2026/09/29 10:57:24.481, 3, 8723, 100
2026/09/29 10:57:24.481, 4, 8621, 100
2026/09/29 10:57:24.481, 5, 8725, 100
2026/09/29 10:57:24.481, 6, 8681, 100
2026/09/29 10:57:24.481, 7, 8599, 100
2026/09/29 10:57:25.482, 0, 8737, 100
2026/09/29 10:57:25.482, 1, 8541, 100
2026/09/29 10:57:25.482, 2, 8641, 100
2026/09/29 10:57:25.482, 3, 8723, 100
2026/09/29 10:57:25.482, 4, 8621, 100
2026/09/29 10:57:25.482, 5, 8725, 100
2026/09/29 10:57:25.482, 6, 8681, 100
2026/09/29 10:57:25.482, 7, 8599, 100
2026/09/29 10:57:26.482, 0, 8737, 100
2026/09/29 10:57:26.483, 1, 8541, 100
2026/09/29 10:57:26.483, 2, 8641, 100
2026/09/29 10:57:26.483, 3, 8723, 100
2026/09/29 10:57:26.483, 4, 8621, 100
2026/09/29 10:57:26.483, 5, 8725, 100
2026/09/29 10:57:26.483, 6, 8681, 100
2026/09/29 10:57:26.483, 7, 8599, 100
2026/09/29 10:57:27.483, 0, 8737, 100
2026/09/29 10:57:27.483, 1, 8541, 100
2026/09/29 10:57:27.484, 2, 8641, 100
2026/09/29 10:57:27.484, 3, 8723, 100
2026/09/29 10:57:27.484, 4, 8621, 100
2026/09/29 10:57:27.484, 5, 8725, 100
2026/09/29 10:57:27.484, 6, 8681, 100
2026/09/29 10:57:27.484, 7, 8599, 100
2026/09/29 10:57:28.484, 0, 8737, 100
2026/09/29 10:57:28.484, 1, 8541, 100
2026/09/29 10:57:28.484, 2, 8641, 100
2026/09/29 10:57:28.484, 3, 8723, 100
2026/09/29 10:57:28.484, 4, 8621, 100
2026/09/29 10:57:28.484, 5, 8725, 100
2026/09/29 10:57:28.484, 6, 8681, 100
2026/09/29 10:57:28.484, 7, 8599, 100
2026/09/29 10:57:29.484, 0, 8737, 100
2026/09/29 10:57:29.485, 1, 8541, 100
2026/09/29 10:57:29.485, 2, 8641, 100
2026/09/29 10:57:29.485, 3, 8723, 100
2026/09/29 10:57:29.485, 4, 8621, 100
2026/09/29 10:57:29.485, 5, 8725, 100
2026/09/29 10:57:29.485, 6, 8681, 100
2026/09/29 10:57:29.485, 7, 8599, 100
2026/09/29 10:57:30.485, 0, 8737, 100
2026/09/29 10:57:30.485, 1, 8541, 100
2026/09/29 10:57:30.485, 2, 8641, 100
2026/09/29 10:57:30.485, 3, 8723, 100
2026/09/29 10:57:30.485, 4, 8621, 100
2026/09/29 10:57:30.485, 5, 8725, 100
2026/09/29 10:57:30.485, 6, 8681, 100
2026/09/29 10:57:30.485, 7, 8599, 100
2026/09/29 10:57:31.486, 0, 8737, 100
2026/09/29 10:57:31.486, 1, 8541, 100
2026/09/29 10:57:31.486, 2, 8641, 100
2026/09/29 10:57:31.486, 3, 8723, 100
2026/09/29 10:57:31.486, 4, 8621, 100
2026/09/29 10:57:31.486, 5, 8725, 100
2026/09/29 10:57:31.486, 6, 8681, 100
2026/09/29 10:57:31.486, 7, 8599, 100
2026/09/29 10:57:32.486, 0, 8737, 100
2026/09/29 10:57:32.486, 1, 8541, 100
2026/09/29 10:57:32.487, 2, 8641, 100
2026/09/29 10:57:32.487, 3, 8723, 100
2026/09/29 10:57:32.487, 4, 8621, 100
2026/09/29 10:57:32.487, 5, 8725, 100
2026/09/29 10:57:32.487, 6, 8681, 100
2026/09/29 10:57:32.487, 7, 8599, 100
2026/09/29 10:57:33.487, 0, 8737, 100
2026/09/29 10:57:33.487, 1, 8541, 100
2026/09/29 10:57:33.487, 2, 8641, 100
2026/09/29 10:57:33.487, 3, 8723, 100
2026/09/29 10:57:33.487, 4, 8621, 100
2026/09/29 10:57:33.488, 5, 8725, 100
2026/09/29 10:57:33.488, 6, 8681, 100
2026/09/29 10:57:33.488, 7, 8599, 100
2026/09/29 10:57:34.488, 0, 8737, 100
2026/09/29 10:57:34.488, 1, 8541, 100
2026/09/29 10:57:34.488, 2, 8641, 100
2026/09/29 10:57:34.488, 3, 8723, 100
2026/09/29 10:57:34.488, 4, 8621, 100
2026/09/29 10:57:34.488, 5, 8725, 100
2026/09/29 10:57:34.488, 6, 8681, 100
2026/09/29 10:57:34.488, 7, 8599, 100
2026/09/29 10:57:35.488, 0, 8737, 100
2026/09/29 10:57:35.488, 1, 8541, 100
2026/09/29 10:57:35.489, 2, 8641, 100
2026/09/29 10:57:35.489, 3, 8723, 100
2026/09/29 10:57:35.489, 4, 8621, 100
2026/09/29 10:57:35.489, 5, 8725, 100
2026/09/29 10:57:35.489, 6, 8681, 100
2026/09/29 10:57:35.489, 7, 8599, 100
2026/09/29 10:57:36.489, 0, 8737, 100
2026/09/29 10:57:36.489, 1, 8541, 100
2026/09/29 10:57:36.489, 2, 8641, 100
2026/09/29 10:57:36.489, 3, 8723, 100
2026/09/29 10:57:36.489, 4, 8621, 100
2026/09/29 10:57:36.489, 5, 8725, 100
2026/09/29 10:57:36.489, 6, 8681, 100
2026/09/29 10:57:36.490, 7, 8599, 100
2026/09/29 10:57:37.490, 0, 8737, 100
2026/09/29 10:57:37.490, 1, 8541, 100
2026/09/29 10:57:37.490, 2, 8641, 100
2026/09/29 10:57:37.490, 3, 8723, 100
2026/09/29 10:57:37.490, 4, 8621, 100
2026/09/29 10:57:37.490, 5, 8725, 100
2026/09/29 10:57:37.490, 6, 8681, 100
2026/09/29 10:57:37.490, 7, 8599, 100
2026/09/29 10:57:38.490, 0, 8737, 100
2026/09/29 10:57:38.490, 1, 8541, 100
2026/09/29 10:57:38.490, 2, 8641, 100
2026/09/29 10:57:38.491, 3, 8723, 100
2026/09/29 10:57:38.491, 4, 8621, 100
2026/09/29 10:57:38.491, 5, 8725, 100
2026/09/29 10:57:38.491, 6, 8681, 100
2026/09/29 10:57:38.491, 7, 8599, 100
2026/09/29 10:57:39.491, 0, 8737, 100
2026/09/29 10:57:39.491, 1, 8541, 100
2026/09/29 10:57:39.491, 2, 8641, 100
2026/09/29 10:57:39.491, 3, 8723, 100
2026/09/29 10:57:39.491, 4, 8621, 100
2026/09/29 10:57:39.491, 5, 8725, 100
2026/09/29 10:57:39.491, 6, 8681, 100
2026/09/29 10:57:39.491, 7, 8599, 100
2026/09/29 10:57:40.491, 0, 8737, 100
2026/09/29 10:57:40.492, 1, 8541, 100
2026/09/29 10:57:40.492, 2, 8641, 100
2026/09/29 10:57:40.492, 3, 8723, 100
2026/09/29 10:57:40.492, 4, 8621, 100
2026/09/29 10:57:40.492, 5, 8725, 100
2026/09/29 10:57:40.492, 6, 8681, 100
2026/09/29 10:57:40.492, 7, 8599, 100
2026/09/29 10:57:41.492, 0, 8737, 100
2026/09/29 10:57:41.492, 1, 8541, 100
2026/09/29 10:57:41.492, 2, 8641, 100
2026/09/29 10:57:41.492, 3, 8723, 100
2026/09/29 10:57:41.492, 4, 8621, 100
2026/09/29 10:57:41.492, 5, 8725, 100
2026/09/29 10:57:41.492, 6, 8681, 100
2026/09/29 10:57:41.492, 7, 8599, 100
2026/09/29 10:57:42.493, 0, 8737, 100
2026/09/29 10:57:42.493, 1, 8541, 100
2026/09/29 10:57:42.493, 2, 8641, 100
2026/09/29 10:57:42.493, 3, 8723, 100
2026/09/29 10:57:42.493, 4, 8621, 100
2026/09/29 10:57:42.493, 5, 8725, 100
2026/09/29 10:57:42.493, 6, 8681, 100
2026/09/29 10:57:42.493, 7, 8599, 100
2026/09/29 10:57:43.493, 0, 8737, 100
2026/09/29 10:57:43.493, 1, 8541, 100
2026/09/29 10:57:43.493, 2, 8641, 100
2026/09/29 10:57:43.493, 3, 8723, 100
2026/09/29 10:57:43.494, 4, 8621, 100
2026/09/29 10:57:43.494, 5, 8725, 100
2026/09/29 10:57:43.494, 6, 8681, 100
2026/09/29 10:57:43.494, 7, 8599, 100
2026/09/29 10:57:44.494, 0, 8737, 100
2026/09/29 10:57:44.494, 1, 8541, 100
2026/09/29 10:57:44.494, 2, 8641, 100
2026/09/29 10:57:44.494, 3, 8723, 100
2026/09/29 10:57:44.494, 4, 8621, 100
2026/09/29 10:57:44.494, 5, 8725, 100
2026/09/29 10:57:44.494, 6, 8681, 100
2026/09/29 10:57:44.494, 7, 8599, 100
2026/09/29 10:57:45.494, 0, 8737, 100
2026/09/29 10:57:45.495, 1, 8541, 100
2026/09/29 10:57:45.495, 2, 8641, 100
2026/09/29 10:57:45.495, 3, 8723, 100
2026/09/29 10:57:45.495, 4, 8621, 100
2026/09/29 10:57:45.495, 5, 8725, 100
2026/09/29 10:57:45.495, 6, 8681, 100
2026/09/29 10:57:45.495, 7, 8599, 100
2026/09/29 10:57:46.495, 0, 8737, 100
2026/09/29 10:57:46.495, 1, 8541, 100
2026/09/29 10:57:46.495, 2, 8641, 100
2026/09/29 10:57:46.495, 3, 8723, 100
2026/09/29 10:57:46.495, 4, 8621, 100
2026/09/29 10:57:46.495, 5, 8725, 100
2026/09/29 10:57:46.495, 6, 8681, 100
2026/09/29 10:57:46.496, 7, 8599, 100
2026/09/29 10:57:47.496, 0, 8737, 100
2026/09/29 10:57:47.496, 1, 8541, 100
2026/09/29 10:57:47.496, 2, 8641, 100
2026/09/29 10:57:47.496, 3, 8723, 100
2026/09/29 10:57:47.496, 4, 8621, 100
2026/09/29 10:57:47.496, 5, 8725, 100
2026/09/29 10:57:47.496, 6, 8681, 100
2026/09/29 10:57:47.496, 7, 8599, 100
2026/09/29 10:57:48.496, 0, 8737, 100
2026/09/29 10:57:48.497, 1, 8541, 100
2026/09/29 10:57:48.497, 2, 8641, 100
2026/09/29 10:57:48.497, 3, 8723, 100
2026/09/29 10:57:48.497, 4, 8621, 100
2026/09/29 10:57:48.497, 5, 8725, 100
2026/09/29 10:57:48.497, 6, 8681, 100
2026/09/29 10:57:48.497, 7, 8599, 100
2026/09/29 10:57:49.497, 0, 8737, 100
2026/09/29 10:57:49.497, 1, 8541, 100
2026/09/29 10:57:49.497, 2, 8641, 100
2026/09/29 10:57:49.497, 3, 8723, 100
2026/09/29 10:57:49.497, 4, 8621, 100
2026/09/29 10:57:49.497, 5, 8725, 100
2026/09/29 10:57:49.497, 6, 8681, 100
2026/09/29 10:57:49.498, 7, 8599, 100
2026/09/29 10:57:50.498, 0, 8737, 100
2026/09/29 10:57:50.498, 1, 8541, 100
2026/09/29 10:57:50.498, 2, 8641, 100
2026/09/29 10:57:50.498, 3, 8723, 100
2026/09/29 10:57:50.498, 4, 8621, 100
2026/09/29 10:57:50.498, 5, 8725, 100
2026/09/29 10:57:50.498, 6, 8681, 100
2026/09/29 10:57:50.498, 7, 8599, 100
2026/09/29 10:57:51.498, 0, 8737, 100
2026/09/29 10:57:51.499, 1, 8541, 100
2026/09/29 10:57:51.499, 2, 8641, 100
2026/09/29 10:57:51.499, 3, 8723, 100
2026/09/29 10:57:51.499, 4, 8621, 100
2026/09/29 10:57:51.499, 5, 8725, 100
2026/09/29 10:57:51.499, 6, 8681, 100
2026/09/29 10:57:51.499, 7, 8599, 100
2026/09/29 10:57:52.499, 0, 8737, 100
2026/09/29 10:57:52.499, 1, 8541, 100
2026/09/29 10:57:52.499, 2, 8641, 100
2026/09/29 10:57:52.499, 3, 8723, 100
2026/09/29 10:57:52.499, 4, 8621, 100
2026/09/29 10:57:52.499, 5, 8725, 100
2026/09/29 10:57:52.499, 6, 8681, 100
2026/09/29 10:57:52.499, 7, 8599, 100
2026/09/29 10:57:53.500, 0, 8737, 100
2026/09/29 10:57:53.500, 1, 8541, 100
2026/09/29 10:57:53.500, 2, 8641, 100
2026/09/29 10:57:53.500, 3, 8723, 100
2026/09/29 10:57:53.500, 4, 8621, 100
2026/09/29 10:57:53.500, 5, 8725, 100
2026/09/29 10:57:53.500, 6, 8681, 100
2026/09/29 10:57:53.500, 7, 8599, 100
2026/09/29 10:57:54.500, 0, 8737, 100
2026/09/29 10:57:54.500, 1, 8541, 100
2026/09/29 10:57:54.500, 2, 8641, 100
2026/09/29 10:57:54.500, 3, 8723, 100
2026/09/29 10:57:54.500, 4, 8621, 100
2026/09/29 10:57:54.501, 5, 8725, 100
2026/09/29 10:57:54.501, 6, 8681, 100
2026/09/29 10:57:54.501, 7, 8599, 100
2026/09/29 10:57:55.501, 0, 8737, 100
2026/09/29 10:57:55.501, 1, 8541, 100
2026/09/29 10:57:55.501, 2, 8641, 100
2026/09/29 10:57:55.501, 3, 8723, 100
2026/09/29 10:57:55.501, 4, 8621, 100
2026/09/29 10:57:55.501, 5, 8725, 100
2026/09/29 10:57:55.501, 6, 8681, 100
2026/09/29 10:57:55.501, 7, 8599, 100
2026/09/29 10:57:56.501, 0, 8737, 100
2026/09/29 10:57:56.501, 1, 8541, 100
2026/09/29 10:57:56.501, 2, 8641, 100
2026/09/29 10:57:56.502, 3, 8723, 100
2026/09/29 10:57:56.502, 4, 8621, 100
2026/09/29 10:57:56.502, 5, 8725, 100
2026/09/29 10:57:56.502, 6, 8681, 100
2026/09/29 10:57:56.502, 7, 8599, 100
2026/09/29 10:57:57.502, 0, 8737, 100
2026/09/29 10:57:57.502, 1, 8541, 100
2026/09/29 10:57:57.502, 2, 8641, 100
2026/09/29 10:57:57.502, 3, 8723, 100
2026/09/29 10:57:57.503, 4, 8621, 100
2026/09/29 10:57:57.503, 5, 8725, 100
2026/09/29 10:57:57.503, 6, 8681, 100
2026/09/29 10:57:57.503, 7, 8599, 100
2026/09/29 10:57:58.503, 0, 8737, 100
2026/09/29 10:57:58.503, 1, 8541, 100
2026/09/29 10:57:58.503, 2, 8641, 100
2026/09/29 10:57:58.503, 3, 8723, 100
2026/09/29 10:57:58.503, 4, 8621, 100
2026/09/29 10:57:58.503, 5, 8725, 100
2026/09/29 10:57:58.503, 6, 8681, 100
2026/09/29 10:57:58.503, 7, 8599, 100
2026/09/29 10:57:59.503, 0, 8737, 100
2026/09/29 10:57:59.504, 1, 8541, 100
2026/09/29 10:57:59.504, 2, 8641, 100
2026/09/29 10:57:59.504, 3, 8723, 100
2026/09/29 10:57:59.504, 4, 8621, 100
2026/09/29 10:57:59.504, 5, 8725, 100
2026/09/29 10:57:59.504, 6, 8681, 100
2026/09/29 10:57:59.504, 7, 8599, 100
2026/09/29 10:58:00.504, 0, 8737, 100
2026/09/29 10:58:00.504, 1, 8541, 100
2026/09/29 10:58:00.504, 2, 8641, 100
2026/09/29 10:58:00.504, 3, 8723, 100
2026/09/29 10:58:00.504, 4, 8621, 100
2026/09/29 10:58:00.504, 5, 8725, 100
2026/09/29 10:58:00.504, 6, 8681, 100
2026/09/29 10:58:00.504, 7, 8599, 100
2026/09/29 10:58:01.505, 0, 8737, 100
2026/09/29 10:58:01.505, 1, 8541, 100
2026/09/29 10:58:01.505, 2, 8641, 100
2026/09/29 10:58:01.505, 3, 8723, 100
2026/09/29 10:58:01.505, 4, 8621, 100
2026/09/29 10:58:01.505, 5, 8725, 100
2026/09/29 10:58:01.505, 6, 8681, 100
2026/09/29 10:58:01.505, 7, 8599, 100
2026/09/29 10:58:02.505, 0, 8737, 100
2026/09/29 10:58:02.505, 1, 8541, 100
2026/09/29 10:58:02.506, 2, 8641, 100
2026/09/29 10:58:02.506, 3, 8723, 100
2026/09/29 10:58:02.506, 4, 8621, 100
2026/09/29 10:58:02.506, 5, 8725, 100
2026/09/29 10:58:02.506, 6, 8681, 100
2026/09/29 10:58:02.506, 7, 8599, 100
2026/09/29 10:58:03.507, 0, 8737, 100
2026/09/29 10:58:03.507, 1, 8541, 100
2026/09/29 10:58:03.507, 2, 8641, 100
2026/09/29 10:58:03.507, 3, 8723, 100
2026/09/29 10:58:03.507, 4, 8621, 100
2026/09/29 10:58:03.507, 5, 8725, 100
2026/09/29 10:58:03.507, 6, 8681, 100
2026/09/29 10:58:03.507, 7, 8599, 100
2026/09/29 10:58:04.507, 0, 3469, 100
2026/09/29 10:58:04.507, 1, 3475, 100
2026/09/29 10:58:04.507, 2, 3491, 100
2026/09/29 10:58:04.507, 3, 3475, 100
2026/09/29 10:58:04.507, 4, 3509, 100
2026/09/29 10:58:04.507, 5, 3497, 100
2026/09/29 10:58:04.508, 6, 3533, 29
2026/09/29 10:58:04.508, 7, 3449, 100
2026/09/29 10:58:05.508, 0, 4349, 99
2026/09/29 10:58:05.508, 1, 4375, 98
2026/09/29 10:58:05.508, 2, 4351, 99
2026/09/29 10:58:05.508, 3, 4335, 98
2026/09/29 10:58:05.508, 4, 4389, 31
2026/09/29 10:58:05.508, 5, 4337, 98
2026/09/29 10:58:05.508, 6, 4353, 98
2026/09/29 10:58:05.508, 7, 4449, 95
2026/09/29 10:58:06.508, 0, 5409, 3
2026/09/29 10:58:06.509, 1, 5437, 4
2026/09/29 10:58:06.512, 2, 5395, 63
2026/09/29 10:58:06.513, 3, 5411, 6
2026/09/29 10:58:06.513, 4, 5409, 98
2026/09/29 10:58:06.513, 5, 5433, 60
2026/09/29 10:58:06.516, 6, 5515, 0
2026/09/29 10:58:06.517, 7, 5353, 98
2026/09/29 10:58:07.520, 0, 5569, 100
2026/09/29 10:58:07.520, 1, 5437, 100
2026/09/29 10:58:07.521, 2, 5395, 100
2026/09/29 10:58:07.521, 3, 5411, 100
2026/09/29 10:58:07.521, 4, 5409, 50
2026/09/29 10:58:07.521, 5, 5713, 100
2026/09/29 10:58:07.521, 6, 6597, 100
2026/09/29 10:58:07.521, 7, 5353, 100
2026/09/29 10:58:08.521, 0, 7877, 96
2026/09/29 10:58:08.521, 1, 7841, 97
2026/09/29 10:58:08.521, 2, 7761, 55
2026/09/29 10:58:08.521, 3, 7701, 99
2026/09/29 10:58:08.521, 4, 7719, 100
2026/09/29 10:58:08.521, 5, 7941, 57
2026/09/29 10:58:08.521, 6, 7941, 99
2026/09/29 10:58:08.522, 7, 7939, 100
2026/09/29 10:58:09.522, 0, 7877, 98
2026/09/29 10:58:09.522, 1, 7921, 99
2026/09/29 10:58:09.522, 2, 7901, 99
2026/09/29 10:58:09.522, 3, 7921, 99
2026/09/29 10:58:09.522, 4, 7859, 99
2026/09/29 10:58:09.522, 5, 7941, 98
2026/09/29 10:58:09.522, 6, 7941, 99
2026/09/29 10:58:09.522, 7, 7939, 99
2026/09/29 10:58:10.522, 0, 8657, 100
2026/09/29 10:58:10.522, 1, 8701, 100
2026/09/29 10:58:10.522, 2, 8681, 100
2026/09/29 10:58:10.522, 3, 8701, 100
2026/09/29 10:58:10.522, 4, 8639, 99
2026/09/29 10:58:10.522, 5, 8721, 100
2026/09/29 10:58:10.522, 6, 8721, 100
2026/09/29 10:58:10.522, 7, 8719, 99
2026/09/29 10:58:11.523, 0, 8657, 100
2026/09/29 10:58:11.523, 1, 8701, 100
2026/09/29 10:58:11.523, 2, 8681, 100
2026/09/29 10:58:11.523, 3, 8701, 100
2026/09/29 10:58:11.523, 4, 8639, 100
2026/09/29 10:58:11.523, 5, 8721, 100
2026/09/29 10:58:11.523, 6, 8721, 100
2026/09/29 10:58:11.523, 7, 8719, 100
2026/09/29 10:58:12.523, 0, 8657, 100
2026/09/29 10:58:12.523, 1, 8701, 100
2026/09/29 10:58:12.523, 2, 8681, 100
2026/09/29 10:58:12.523, 3, 8701, 100
2026/09/29 10:58:12.523, 4, 8639, 100
2026/09/29 10:58:12.523, 5, 8721, 100
2026/09/29 10:58:12.523, 6, 8721, 100
2026/09/29 10:58:12.523, 7, 8719, 100
2026/09/29 10:58:13.523, 0, 8657, 100
2026/09/29 10:58:13.523, 1, 8701, 100
2026/09/29 10:58:13.524, 2, 8681, 100
2026/09/29 10:58:13.524, 3, 8701, 100
2026/09/29 10:58:13.524, 4, 8639, 100
2026/09/29 10:58:13.524, 5, 8721, 100
2026/09/29 10:58:13.524, 6, 8721, 100
2026/09/29 10:58:13.524, 7, 8719, 100
2026/09/29 10:58:14.524, 0, 8657, 100
2026/09/29 10:58:14.524, 1, 8701, 100
2026/09/29 10:58:14.524, 2, 8681, 100
2026/09/29 10:58:14.524, 3, 8701, 100
2026/09/29 10:58:14.524, 4, 8639, 100
2026/09/29 10:58:14.524, 5, 8721, 100
2026/09/29 10:58:14.524, 6, 8721, 100
2026/09/29 10:58:14.524, 7, 8719, 100
2026/09/29 10:58:15.524, 0, 8657, 100
2026/09/29 10:58:15.524, 1, 8701, 100
2026/09/29 10:58:15.524, 2, 8681, 100
2026/09/29 10:58:15.525, 3, 8701, 100
2026/09/29 10:58:15.525, 4, 8639, 100
2026/09/29 10:58:15.525, 5, 8721, 100
2026/09/29 10:58:15.525, 6, 8721, 100
2026/09/29 10:58:15.525, 7, 8719, 100
2026/09/29 10:58:16.525, 0, 8657, 100
2026/09/29 10:58:16.525, 1, 8701, 100
2026/09/29 10:58:16.525, 2, 8681, 100
2026/09/29 10:58:16.525, 3, 8701, 100
2026/09/29 10:58:16.525, 4, 8639, 100
2026/09/29 10:58:16.525, 5, 8721, 100
2026/09/29 10:58:16.525, 6, 8721, 100
2026/09/29 10:58:16.525, 7, 8719, 100
2026/09/29 10:58:17.525, 0, 8657, 100
2026/09/29 10:58:17.526, 1, 8701, 100
2026/09/29 10:58:17.526, 2, 8681, 100
2026/09/29 10:58:17.526, 3, 8701, 100
2026/09/29 10:58:17.526, 4, 8639, 100
2026/09/29 10:58:17.526, 5, 8721, 100
2026/09/29 10:58:17.526, 6, 8721, 100
2026/09/29 10:58:17.526, 7, 8719, 100
2026/09/29 10:58:18.526, 0, 8657, 100
2026/09/29 10:58:18.526, 1, 8701, 100
2026/09/29 10:58:18.526, 2, 8681, 100
2026/09/29 10:58:18.526, 3, 8701, 100
2026/09/29 10:58:18.526, 4, 8639, 100
2026/09/29 10:58:18.526, 5, 8721, 100
2026/09/29 10:58:18.526, 6, 8721, 100
2026/09/29 10:58:18.526, 7, 8719, 100
2026/09/29 10:58:19.526, 0, 8657, 100
2026/09/29 10:58:19.527, 1, 8701, 100
2026/09/29 10:58:19.527, 2, 8681, 100
2026/09/29 10:58:19.527, 3, 8701, 100
2026/09/29 10:58:19.527, 4, 8639, 100
2026/09/29 10:58:19.527, 5, 8721, 100
2026/09/29 10:58:19.527, 6, 8721, 100
2026/09/29 10:58:19.527, 7, 8719, 100
2026/09/29 10:58:20.527, 0, 8657, 100
2026/09/29 10:58:20.527, 1, 8701, 100
2026/09/29 10:58:20.527, 2, 8681, 100
2026/09/29 10:58:20.527, 3, 8701, 100
2026/09/29 10:58:20.527, 4, 8639, 100
2026/09/29 10:58:20.527, 5, 8721, 100
2026/09/29 10:58:20.527, 6, 8721, 100
2026/09/29 10:58:20.527, 7, 8719, 100
2026/09/29 10:58:21.528, 0, 8657, 100
2026/09/29 10:58:21.528, 1, 8701, 100
2026/09/29 10:58:21.532, 2, 8681, 100
2026/09/29 10:58:21.533, 3, 8701, 100
2026/09/29 10:58:21.537, 4, 8639, 100
2026/09/29 10:58:21.538, 5, 8721, 100
2026/09/29 10:58:21.538, 6, 8721, 100
2026/09/29 10:58:21.538, 7, 8719, 100
2026/09/29 10:58:22.538, 0, 8657, 100
2026/09/29 10:58:22.538, 1, 8701, 100
2026/09/29 10:58:22.538, 2, 8681, 100
2026/09/29 10:58:22.538, 3, 8701, 100
2026/09/29 10:58:22.538, 4, 8639, 100
2026/09/29 10:58:22.538, 5, 8721, 100
2026/09/29 10:58:22.538, 6, 8721, 100
2026/09/29 10:58:22.538, 7, 8719, 100
2026/09/29 10:58:23.539, 0, 8657, 100
2026/09/29 10:58:23.539, 1, 8701, 100
2026/09/29 10:58:23.539, 2, 8681, 100
2026/09/29 10:58:23.539, 3, 8701, 100
2026/09/29 10:58:23.539, 4, 8639, 100
2026/09/29 10:58:23.539, 5, 8721, 100
2026/09/29 10:58:23.539, 6, 8721, 100
2026/09/29 10:58:23.539, 7, 8719, 100
2026/09/29 10:58:24.539, 0, 8657, 100
2026/09/29 10:58:24.539, 1, 8701, 100
2026/09/29 10:58:24.539, 2, 8681, 100
2026/09/29 10:58:24.539, 3, 8701, 100
2026/09/29 10:58:24.539, 4, 8639, 100
2026/09/29 10:58:24.539, 5, 8721, 100
2026/09/29 10:58:24.539, 6, 8721, 100
2026/09/29 10:58:24.540, 7, 8719, 100
2026/09/29 10:58:25.540, 0, 8657, 100
2026/09/29 10:58:25.540, 1, 8701, 100
2026/09/29 10:58:25.540, 2, 8681, 100
2026/09/29 10:58:25.540, 3, 8701, 100
2026/09/29 10:58:25.540, 4, 8639, 100
2026/09/29 10:58:25.540, 5, 8721, 100
2026/09/29 10:58:25.540, 6, 8721, 100
2026/09/29 10:58:25.540, 7, 8719, 100
2026/09/29 10:58:26.540, 0, 8657, 100
2026/09/29 10:58:26.540, 1, 8701, 100
2026/09/29 10:58:26.540, 2, 8681, 100
2026/09/29 10:58:26.540, 3, 8701, 100
2026/09/29 10:58:26.540, 4, 8639, 100
2026/09/29 10:58:26.541, 5, 8721, 100
2026/09/29 10:58:26.541, 6, 8721, 100
2026/09/29 10:58:26.541, 7, 8719, 100
2026/09/29 10:58:27.541, 0, 8657, 100
2026/09/29 10:58:27.541, 1, 8701, 100
2026/09/29 10:58:27.541, 2, 8681, 100
2026/09/29 10:58:27.541, 3, 8701, 100
2026/09/29 10:58:27.541, 4, 8639, 100
2026/09/29 10:58:27.541, 5, 8721, 100
2026/09/29 10:58:27.541, 6, 8721, 100
2026/09/29 10:58:27.541, 7, 8719, 100
2026/09/29 10:58:28.541, 0, 8657, 100
2026/09/29 10:58:28.542, 1, 8701, 100
2026/09/29 10:58:28.542, 2, 8681, 100
2026/09/29 10:58:28.542, 3, 8701, 100
2026/09/29 10:58:28.542, 4, 8639, 100
2026/09/29 10:58:28.542, 5, 8721, 100
2026/09/29 10:58:28.542, 6, 8721, 100
2026/09/29 10:58:28.542, 7, 8719, 100
2026/09/29 10:58:29.542, 0, 8657, 100
2026/09/29 10:58:29.542, 1, 8701, 100
2026/09/29 10:58:29.542, 2, 8681, 100
2026/09/29 10:58:29.542, 3, 8701, 100
2026/09/29 10:58:29.542, 4, 8639, 100
2026/09/29 10:58:29.542, 5, 8721, 100
2026/09/29 10:58:29.542, 6, 8721, 100
2026/09/29 10:58:29.542, 7, 8719, 100
2026/09/29 10:58:30.543, 0, 8657, 100
2026/09/29 10:58:30.543, 1, 8701, 100
2026/09/29 10:58:30.543, 2, 8681, 100
2026/09/29 10:58:30.543, 3, 8701, 100
2026/09/29 10:58:30.543, 4, 8639, 100
2026/09/29 10:58:30.543, 5, 8721, 100
2026/09/29 10:58:30.543, 6, 8721, 100
2026/09/29 10:58:30.543, 7, 8719, 100
2026/09/29 10:58:31.543, 0, 8657, 100
2026/09/29 10:58:31.543, 1, 8701, 100
2026/09/29 10:58:31.543, 2, 8681, 100
2026/09/29 10:58:31.543, 3, 8701, 100
2026/09/29 10:58:31.543, 4, 8639, 100
2026/09/29 10:58:31.543, 5, 8721, 100
2026/09/29 10:58:31.544, 6, 8721, 100
2026/09/29 10:58:31.544, 7, 8719, 100
2026/09/29 10:58:32.544, 0, 8657, 100
2026/09/29 10:58:32.544, 1, 8701, 100
2026/09/29 10:58:32.544, 2, 8681, 100
2026/09/29 10:58:32.544, 3, 8701, 100
2026/09/29 10:58:32.544, 4, 8639, 100
2026/09/29 10:58:32.544, 5, 8721, 100
2026/09/29 10:58:32.545, 6, 8721, 100
2026/09/29 10:58:32.545, 7, 8719, 100
2026/09/29 10:58:33.545, 0, 8657, 100
2026/09/29 10:58:33.545, 1, 8701, 100
2026/09/29 10:58:33.545, 2, 8681, 100
2026/09/29 10:58:33.545, 3, 8701, 100
2026/09/29 10:58:33.545, 4, 8639, 100
2026/09/29 10:58:33.545, 5, 8721, 100
2026/09/29 10:58:33.545, 6, 8721, 100
2026/09/29 10:58:33.545, 7, 8719, 100
2026/09/29 10:58:34.545, 0, 8657, 100
2026/09/29 10:58:34.545, 1, 8701, 100
2026/09/29 10:58:34.545, 2, 8681, 100
2026/09/29 10:58:34.545, 3, 8701, 100
2026/09/29 10:58:34.545, 4, 8639, 100
2026/09/29 10:58:34.545, 5, 8721, 100
2026/09/29 10:58:34.545, 6, 8721, 100
2026/09/29 10:58:34.545, 7, 8719, 100
2026/09/29 10:58:35.546, 0, 8657, 100
2026/09/29 10:58:35.546, 1, 8701, 100
2026/09/29 10:58:35.546, 2, 8681, 100
2026/09/29 10:58:35.546, 3, 8701, 100
2026/09/29 10:58:35.546, 4, 8639, 100
2026/09/29 10:58:35.546, 5, 8721, 100
2026/09/29 10:58:35.546, 6, 8721, 100
2026/09/29 10:58:35.546, 7, 8719, 100
2026/09/29 10:58:36.546, 0, 8657, 100
2026/09/29 10:58:36.546, 1, 8701, 100
2026/09/29 10:58:36.546, 2, 8681, 100
2026/09/29 10:58:36.546, 3, 8701, 100
2026/09/29 10:58:36.546, 4, 8639, 100
2026/09/29 10:58:36.547, 5, 8721, 100
2026/09/29 10:58:36.547, 6, 8721, 100
2026/09/29 10:58:36.547, 7, 8719, 100
2026/09/29 10:58:37.547, 0, 8657, 100
2026/09/29 10:58:37.547, 1, 8701, 100
2026/09/29 10:58:37.547, 2, 8681, 100
2026/09/29 10:58:37.547, 3, 8701, 100
2026/09/29 10:58:37.547, 4, 8639, 100
2026/09/29 10:58:37.547, 5, 8721, 100
2026/09/29 10:58:37.547, 6, 8721, 100
2026/09/29 10:58:37.547, 7, 8719, 100
2026/09/29 10:58:38.548, 0, 8657, 100
2026/09/29 10:58:38.548, 1, 8701, 100
2026/09/29 10:58:38.548, 2, 8681, 100
2026/09/29 10:58:38.548, 3, 8701, 100
2026/09/29 10:58:38.548, 4, 8639, 100
2026/09/29 10:58:38.548, 5, 8721, 100
2026/09/29 10:58:38.548, 6, 8721, 100
2026/09/29 10:58:38.548, 7, 8719, 100
2026/09/29 10:58:39.548, 0, 8657, 100
2026/09/29 10:58:39.548, 1, 8701, 100
2026/09/29 10:58:39.548, 2, 8681, 100
2026/09/29 10:58:39.548, 3, 8701, 100
2026/09/29 10:58:39.548, 4, 8639, 100
2026/09/29 10:58:39.548, 5, 8721, 100
2026/09/29 10:58:39.548, 6, 8721, 100
2026/09/29 10:58:39.548, 7, 8719, 100
2026/09/29 10:58:40.548, 0, 8657, 100
2026/09/29 10:58:40.549, 1, 8701, 100
2026/09/29 10:58:40.549, 2, 8681, 100
2026/09/29 10:58:40.549, 3, 8701, 100
2026/09/29 10:58:40.549, 4, 8639, 100
2026/09/29 10:58:40.549, 5, 8721, 100
2026/09/29 10:58:40.549, 6, 8721, 100
2026/09/29 10:58:40.549, 7, 8719, 100
2026/09/29 10:58:41.549, 0, 8657, 100
2026/09/29 10:58:41.549, 1, 8701, 100
2026/09/29 10:58:41.549, 2, 8681, 100
2026/09/29 10:58:41.549, 3, 8701, 100
2026/09/29 10:58:41.549, 4, 8639, 100
2026/09/29 10:58:41.549, 5, 8721, 100
2026/09/29 10:58:41.549, 6, 8721, 100
2026/09/29 10:58:41.550, 7, 8719, 100
2026/09/29 10:58:42.550, 0, 8657, 100
2026/09/29 10:58:42.550, 1, 8701, 100
2026/09/29 10:58:42.550, 2, 8681, 100
2026/09/29 10:58:42.550, 3, 8701, 100
2026/09/29 10:58:42.551, 4, 8639, 100
2026/09/29 10:58:42.551, 5, 8721, 100
2026/09/29 10:58:42.551, 6, 8721, 100
2026/09/29 10:58:42.551, 7, 8719, 100
2026/09/29 10:58:43.551, 0, 8657, 100
2026/09/29 10:58:43.551, 1, 8701, 100
2026/09/29 10:58:43.551, 2, 8681, 100
2026/09/29 10:58:43.551, 3, 8701, 100
2026/09/29 10:58:43.551, 4, 8639, 100
2026/09/29 10:58:43.551, 5, 8721, 100
2026/09/29 10:58:43.551, 6, 8721, 100
2026/09/29 10:58:43.551, 7, 8719, 100
2026/09/29 10:58:44.551, 0, 8657, 100
2026/09/29 10:58:44.551, 1, 8701, 100
2026/09/29 10:58:44.551, 2, 8681, 100
2026/09/29 10:58:44.551, 3, 8701, 100
2026/09/29 10:58:44.551, 4, 8639, 100
2026/09/29 10:58:44.551, 5, 8721, 100
2026/09/29 10:58:44.551, 6, 8721, 100
2026/09/29 10:58:44.551, 7, 8719, 100
2026/09/29 10:58:45.552, 0, 8657, 100
2026/09/29 10:58:45.552, 1, 8701, 100
2026/09/29 10:58:45.552, 2, 8681, 100
2026/09/29 10:58:45.552, 3, 8701, 100
2026/09/29 10:58:45.552, 4, 8639, 100
2026/09/29 10:58:45.552, 5, 8721, 100
2026/09/29 10:58:45.552, 6, 8721, 100
2026/09/29 10:58:45.552, 7, 8719, 100
2026/09/29 10:58:46.552, 0, 8657, 100
2026/09/29 10:58:46.552, 1, 8701, 100
2026/09/29 10:58:46.552, 2, 8681, 100
2026/09/29 10:58:46.552, 3, 8701, 100
2026/09/29 10:58:46.552, 4, 8639, 100
2026/09/29 10:58:46.552, 5, 8721, 100
2026/09/29 10:58:46.552, 6, 8721, 100
2026/09/29 10:58:46.552, 7, 8719, 100
2026/09/29 10:58:47.552, 0, 8657, 100
2026/09/29 10:58:47.553, 1, 8701, 100
2026/09/29 10:58:47.553, 2, 8681, 100
2026/09/29 10:58:47.553, 3, 8701, 100
2026/09/29 10:58:47.553, 4, 8639, 100
2026/09/29 10:58:47.553, 5, 8721, 100
2026/09/29 10:58:47.553, 6, 8721, 100
2026/09/29 10:58:47.553, 7, 8719, 100
2026/09/29 10:58:48.553, 0, 8657, 100
2026/09/29 10:58:48.553, 1, 8701, 100
2026/09/29 10:58:48.553, 2, 8681, 100
2026/09/29 10:58:48.553, 3, 8701, 100
2026/09/29 10:58:48.553, 4, 8639, 100
2026/09/29 10:58:48.553, 5, 8721, 100
2026/09/29 10:58:48.553, 6, 8721, 100
2026/09/29 10:58:48.553, 7, 8719, 100
2026/09/29 10:58:49.553, 0, 8657, 100
2026/09/29 10:58:49.554, 1, 8701, 100
2026/09/29 10:58:49.554, 2, 8681, 100
2026/09/29 10:58:49.554, 3, 8701, 100
2026/09/29 10:58:49.554, 4, 8639, 100
2026/09/29 10:58:49.554, 5, 8721, 100
2026/09/29 10:58:49.554, 6, 8721, 100
2026/09/29 10:58:49.554, 7, 8719, 100
2026/09/29 10:58:50.554, 0, 8657, 100
2026/09/29 10:58:50.554, 1, 8701, 100
2026/09/29 10:58:50.554, 2, 8681, 100
2026/09/29 10:58:50.554, 3, 8701, 100
2026/09/29 10:58:50.554, 4, 8639, 100
2026/09/29 10:58:50.554, 5, 8721, 100
2026/09/29 10:58:50.555, 6, 8721, 100
2026/09/29 10:58:50.555, 7, 8719, 100
2026/09/29 10:58:51.555, 0, 8657, 100
2026/09/29 10:58:51.555, 1, 8701, 100
2026/09/29 10:58:51.555, 2, 8681, 100
2026/09/29 10:58:51.555, 3, 8701, 100
2026/09/29 10:58:51.555, 4, 8639, 100
2026/09/29 10:58:51.555, 5, 8721, 100
2026/09/29 10:58:51.555, 6, 8721, 100
2026/09/29 10:58:51.555, 7, 8719, 100
2026/09/29 10:58:52.555, 0, 8657, 100
2026/09/29 10:58:52.555, 1, 8701, 100
2026/09/29 10:58:52.555, 2, 8681, 100
2026/09/29 10:58:52.555, 3, 8701, 100
2026/09/29 10:58:52.555, 4, 8639, 100
2026/09/29 10:58:52.556, 5, 8721, 100
2026/09/29 10:58:52.556, 6, 8721, 100
2026/09/29 10:58:52.556, 7, 8719, 100
2026/09/29 10:58:53.556, 0, 8657, 100
2026/09/29 10:58:53.556, 1, 8701, 100
2026/09/29 10:58:53.556, 2, 8681, 100
2026/09/29 10:58:53.556, 3, 8701, 100
2026/09/29 10:58:53.556, 4, 8639, 100
2026/09/29 10:58:53.556, 5, 8721, 100
2026/09/29 10:58:53.556, 6, 8721, 100
2026/09/29 10:58:53.556, 7, 8719, 100
2026/09/29 10:58:54.556, 0, 8657, 100
2026/09/29 10:58:54.556, 1, 8701, 100
2026/09/29 10:58:54.556, 2, 8681, 100
2026/09/29 10:58:54.556, 3, 8701, 100
2026/09/29 10:58:54.556, 4, 8639, 100
2026/09/29 10:58:54.556, 5, 8721, 100
2026/09/29 10:58:54.556, 6, 8721, 100
2026/09/29 10:58:54.557, 7, 8719, 100
2026/09/29 10:58:55.557, 0, 8657, 100
2026/09/29 10:58:55.557, 1, 8701, 100
2026/09/29 10:58:55.557, 2, 8681, 100
2026/09/29 10:58:55.557, 3, 8701, 100
2026/09/29 10:58:55.557, 4, 8639, 100
2026/09/29 10:58:55.558, 5, 8721, 100
2026/09/29 10:58:55.558, 6, 8721, 100
2026/09/29 10:58:55.558, 7, 8719, 100
2026/09/29 10:58:56.558, 0, 8657, 100
2026/09/29 10:58:56.558, 1, 8701, 100
2026/09/29 10:58:56.558, 2, 8681, 100
2026/09/29 10:58:56.559, 3, 8701, 100
2026/09/29 10:58:56.559, 4, 8639, 100
2026/09/29 10:58:56.559, 5, 8721, 100
2026/09/29 10:58:56.559, 6, 8721, 100
2026/09/29 10:58:56.559, 7, 8719, 100
2026/09/29 10:58:57.559, 0, 8657, 100
2026/09/29 10:58:57.559, 1, 8701, 100
2026/09/29 10:58:57.559, 2, 8681, 100
2026/09/29 10:58:57.559, 3, 8701, 100
2026/09/29 10:58:57.559, 4, 8639, 100
2026/09/29 10:58:57.559, 5, 8721, 100
2026/09/29 10:58:57.559, 6, 8721, 100
2026/09/29 10:58:57.559, 7, 8719, 100
2026/09/29 10:58:58.559, 0, 8657, 100
2026/09/29 10:58:58.559, 1, 8701, 100
2026/09/29 10:58:58.559, 2, 8681, 100
2026/09/29 10:58:58.559, 3, 8701, 100
2026/09/29 10:58:58.559, 4, 8639, 100
2026/09/29 10:58:58.559, 5, 8721, 100
2026/09/29 10:58:58.559, 6, 8721, 100
2026/09/29 10:58:58.559, 7, 8719, 100
2026/09/29 10:58:59.560, 0, 8657, 100
2026/09/29 10:58:59.560, 1, 8701, 100
2026/09/29 10:58:59.560, 2, 8681, 100
2026/09/29 10:58:59.560, 3, 8701, 100
2026/09/29 10:58:59.560, 4, 8639, 100
2026/09/29 10:58:59.560, 5, 8721, 100
2026/09/29 10:58:59.560, 6, 8721, 100
2026/09/29 10:58:59.560, 7, 8719, 100
2026/09/29 10:59:00.560, 0, 8657, 100
2026/09/29 10:59:00.560, 1, 8701, 100
2026/09/29 10:59:00.560, 2, 8681, 100
2026/09/29 10:59:00.560, 3, 8701, 100
2026/09/29 10:59:00.560, 4, 8639, 100
2026/09/29 10:59:00.560, 5, 8721, 100
2026/09/29 10:59:00.560, 6, 8721, 100
2026/09/29 10:59:00.560, 7, 8719, 100
2026/09/29 10:59:01.561, 0, 8657, 100
2026/09/29 10:59:01.561, 1, 8701, 100
2026/09/29 10:59:01.561, 2, 8681, 100
2026/09/29 10:59:01.561, 3, 8701, 100
2026/09/29 10:59:01.561, 4, 8639, 100
2026/09/29 10:59:01.561, 5, 8721, 100
2026/09/29 10:59:01.561, 6, 8721, 100
2026/09/29 10:59:01.561, 7, 8719, 100
2026/09/29 10:59:02.561, 0, 8657, 100
2026/09/29 10:59:02.561, 1, 8701, 100
2026/09/29 10:59:02.561, 2, 8681, 100
2026/09/29 10:59:02.561, 3, 8701, 100
2026/09/29 10:59:02.561, 4, 8639, 100
2026/09/29 10:59:02.561, 5, 8721, 100
2026/09/29 10:59:02.561, 6, 8721, 100
2026/09/29 10:59:02.561, 7, 8719, 100
2026/09/29 10:59:03.562, 0, 8657, 100
2026/09/29 10:59:03.562, 1, 8701, 100
2026/09/29 10:59:03.562, 2, 8681, 100
2026/09/29 10:59:03.562, 3, 8701, 100
2026/09/29 10:59:03.562, 4, 8639, 100
2026/09/29 10:59:03.562, 5, 8721, 100
2026/09/29 10:59:03.562, 6, 8721, 100
2026/09/29 10:59:03.562, 7, 8719, 100
2026/09/29 10:59:04.562, 0, 8657, 100
2026/09/29 10:59:04.562, 1, 8701, 100
2026/09/29 10:59:04.562, 2, 8681, 100
2026/09/29 10:59:04.562, 3, 8701, 100
2026/09/29 10:59:04.562, 4, 8639, 100
2026/09/29 10:59:04.562, 5, 8721, 100
2026/09/29 10:59:04.562, 6, 8721, 100
2026/09/29 10:59:04.562, 7, 8719, 100
2026/09/29 10:59:05.563, 0, 8657, 100
2026/09/29 10:59:05.563, 1, 8701, 100
2026/09/29 10:59:05.563, 2, 8681, 100
2026/09/29 10:59:05.563, 3, 8701, 100
2026/09/29 10:59:05.563, 4, 8639, 100
2026/09/29 10:59:05.563, 5, 8721, 100
2026/09/29 10:59:05.563, 6, 8721, 100
2026/09/29 10:59:05.563, 7, 8719, 100
2026/09/29 10:59:06.563, 0, 8657, 100
2026/09/29 10:59:06.563, 1, 8701, 100
2026/09/29 10:59:06.563, 2, 8681, 100
2026/09/29 10:59:06.563, 3, 8701, 100
2026/09/29 10:59:06.563, 4, 8639, 100
2026/09/29 10:59:06.563, 5, 8721, 100
2026/09/29 10:59:06.563, 6, 8721, 100
2026/09/29 10:59:06.564, 7, 8719, 100
2026/09/29 10:59:07.564, 0, 8657, 100
2026/09/29 10:59:07.564, 1, 8701, 100
2026/09/29 10:59:07.564, 2, 8681, 100
2026/09/29 10:59:07.564, 3, 8701, 100
2026/09/29 10:59:07.564, 4, 8639, 100
2026/09/29 10:59:07.564, 5, 8721, 100
2026/09/29 10:59:07.564, 6, 8721, 100
2026/09/29 10:59:07.564, 7, 8719, 100
2026/09/29 10:59:08.564, 0, 8657, 100
2026/09/29 10:59:08.564, 1, 8701, 100
2026/09/29 10:59:08.564, 2, 8681, 100
2026/09/29 10:59:08.564, 3, 8701, 100
2026/09/29 10:59:08.565, 4, 8639, 100
2026/09/29 10:59:08.565, 5, 8721, 100
2026/09/29 10:59:08.565, 6, 8721, 100
2026/09/29 10:59:08.565, 7, 8719, 100
2026/09/29 10:59:09.565, 0, 8657, 100
2026/09/29 10:59:09.565, 1, 8701, 100
2026/09/29 10:59:09.565, 2, 8681, 100
2026/09/29 10:59:09.565, 3, 8701, 100
2026/09/29 10:59:09.565, 4, 8639, 100
2026/09/29 10:59:09.565, 5, 8721, 100
2026/09/29 10:59:09.565, 6, 8721, 100
2026/09/29 10:59:09.565, 7, 8719, 100
2026/09/29 10:59:10.565, 0, 8657, 100
2026/09/29 10:59:10.566, 1, 8701, 100
2026/09/29 10:59:10.566, 2, 8681, 100
2026/09/29 10:59:10.566, 3, 8701, 100
2026/09/29 10:59:10.566, 4, 8639, 100
2026/09/29 10:59:10.566, 5, 8721, 100
2026/09/29 10:59:10.566, 6, 8721, 100
2026/09/29 10:59:10.566, 7, 8719, 100
2026/09/29 10:59:11.566, 0, 8657, 100
2026/09/29 10:59:11.566, 1, 8701, 100
2026/09/29 10:59:11.566, 2, 8681, 100
2026/09/29 10:59:11.566, 3, 8701, 100
2026/09/29 10:59:11.566, 4, 8639, 100
2026/09/29 10:59:11.566, 5, 8721, 100
2026/09/29 10:59:11.566, 6, 8721, 100
2026/09/29 10:59:11.566, 7, 8719, 100
2026/09/29 10:59:12.567, 0, 8657, 100
2026/09/29 10:59:12.567, 1, 8701, 100
2026/09/29 10:59:12.567, 2, 8681, 100
2026/09/29 10:59:12.567, 3, 8701, 100
2026/09/29 10:59:12.567, 4, 8639, 100
2026/09/29 10:59:12.567, 5, 8721, 100
2026/09/29 10:59:12.567, 6, 8721, 100
2026/09/29 10:59:12.567, 7, 8719, 100
2026/09/29 10:59:13.567, 0, 8657, 100
2026/09/29 10:59:13.567, 1, 8701, 100
2026/09/29 10:59:13.567, 2, 8681, 100
2026/09/29 10:59:13.567, 3, 8701, 100
2026/09/29 10:59:13.568, 4, 8639, 100
2026/09/29 10:59:13.568, 5, 8721, 100
2026/09/29 10:59:13.568, 6, 8721, 100
2026/09/29 10:59:13.568, 7, 8719, 100
2026/09/29 10:59:14.568, 0, 8657, 100
2026/09/29 10:59:14.568, 1, 8701, 100
2026/09/29 10:59:14.568, 2, 8681, 100
2026/09/29 10:59:14.568, 3, 8701, 100
2026/09/29 10:59:14.568, 4, 8639, 100
2026/09/29 10:59:14.568, 5, 8721, 100
2026/09/29 10:59:14.568, 6, 8721, 100
2026/09/29 10:59:14.568, 7, 8719, 100
2026/09/29 10:59:15.568, 0, 8657, 100
2026/09/29 10:59:15.568, 1, 8701, 100
2026/09/29 10:59:15.568, 2, 8681, 100
2026/09/29 10:59:15.568, 3, 8701, 100
2026/09/29 10:59:15.569, 4, 8639, 100
2026/09/29 10:59:15.569, 5, 8721, 100
2026/09/29 10:59:15.569, 6, 8721, 100
2026/09/29 10:59:15.569, 7, 8719, 100
2026/09/29 10:59:16.569, 0, 8657, 100
2026/09/29 10:59:16.569, 1, 8701, 100
2026/09/29 10:59:16.569, 2, 8681, 100
2026/09/29 10:59:16.569, 3, 8701, 100
2026/09/29 10:59:16.569, 4, 8639, 100
2026/09/29 10:59:16.569, 5, 8721, 100
2026/09/29 10:59:16.569, 6, 8721, 100
2026/09/29 10:59:16.569, 7, 8719, 100
2026/09/29 10:59:17.569, 0, 8657, 100
2026/09/29 10:59:17.570, 1, 8701, 100
2026/09/29 10:59:17.570, 2, 8681, 100
2026/09/29 10:59:17.570, 3, 8701, 100
2026/09/29 10:59:17.570, 4, 8639, 100
2026/09/29 10:59:17.570, 5, 8721, 100
2026/09/29 10:59:17.570, 6, 8721, 100
2026/09/29 10:59:17.570, 7, 8719, 100
2026/09/29 10:59:18.570, 0, 8657, 100
2026/09/29 10:59:18.570, 1, 8701, 100
2026/09/29 10:59:18.570, 2, 8681, 100
2026/09/29 10:59:18.570, 3, 8701, 100
2026/09/29 10:59:18.570, 4, 8639, 100
2026/09/29 10:59:18.570, 5, 8721, 100
2026/09/29 10:59:18.570, 6, 8721, 100
2026/09/29 10:59:18.571, 7, 8719, 100
2026/09/29 10:59:19.571, 0, 8657, 100
2026/09/29 10:59:19.571, 1, 8701, 100
2026/09/29 10:59:19.571, 2, 8681, 100
2026/09/29 10:59:19.571, 3, 8701, 100
2026/09/29 10:59:19.571, 4, 8639, 100
2026/09/29 10:59:19.571, 5, 8721, 100
2026/09/29 10:59:19.571, 6, 8721, 100
2026/09/29 10:59:19.571, 7, 8719, 100
2026/09/29 10:59:20.571, 0, 8657, 100
2026/09/29 10:59:20.571, 1, 8701, 100
2026/09/29 10:59:20.571, 2, 8681, 100
2026/09/29 10:59:20.571, 3, 8701, 100
2026/09/29 10:59:20.571, 4, 8639, 100
2026/09/29 10:59:20.571, 5, 8721, 100
2026/09/29 10:59:20.571, 6, 8721, 100
2026/09/29 10:59:20.572, 7, 8719, 100
2026/09/29 10:59:21.572, 0, 8657, 100
2026/09/29 10:59:21.572, 1, 8701, 100
2026/09/29 10:59:21.572, 2, 8681, 100
2026/09/29 10:59:21.572, 3, 8701, 100
2026/09/29 10:59:21.572, 4, 8639, 100
2026/09/29 10:59:21.572, 5, 8721, 100
2026/09/29 10:59:21.572, 6, 8721, 100
2026/09/29 10:59:21.572, 7, 8719, 100
2026/09/29 10:59:22.572, 0, 8657, 100
2026/09/29 10:59:22.572, 1, 8701, 100
2026/09/29 10:59:22.573, 2, 8681, 100
2026/09/29 10:59:22.573, 3, 8701, 100
2026/09/29 10:59:22.573, 4, 8639, 100
2026/09/29 10:59:22.573, 5, 8721, 100
2026/09/29 10:59:22.573, 6, 8721, 100
2026/09/29 10:59:22.573, 7, 8719, 100
2026/09/29 10:59:23.573, 0, 8657, 100
2026/09/29 10:59:23.573, 1, 8701, 100
2026/09/29 10:59:23.573, 2, 8681, 100
2026/09/29 10:59:23.573, 3, 8701, 100
2026/09/29 10:59:23.573, 4, 8639, 100
2026/09/29 10:59:23.573, 5, 8721, 100
2026/09/29 10:59:23.573, 6, 8721, 100
2026/09/29 10:59:23.573, 7, 8719, 100
2026/09/29 10:59:24.574, 0, 8657, 100
2026/09/29 10:59:24.574, 1, 8701, 100
2026/09/29 10:59:24.574, 2, 8681, 100
2026/09/29 10:59:24.574, 3, 8701, 100
2026/09/29 10:59:24.574, 4, 8639, 100
2026/09/29 10:59:24.574, 5, 8721, 100
2026/09/29 10:59:24.574, 6, 8721, 100
2026/09/29 10:59:24.574, 7, 8719, 100
2026/09/29 10:59:25.574, 0, 8657, 100
2026/09/29 10:59:25.574, 1, 8701, 100
2026/09/29 10:59:25.574, 2, 8681, 100
2026/09/29 10:59:25.575, 3, 8701, 100
2026/09/29 10:59:25.575, 4, 8639, 100
2026/09/29 10:59:25.575, 5, 8721, 100
2026/09/29 10:59:25.575, 6, 8721, 100
2026/09/29 10:59:25.575, 7, 8719, 100
2026/09/29 10:59:26.575, 0, 8657, 100
2026/09/29 10:59:26.575, 1, 8701, 100
2026/09/29 10:59:26.575, 2, 8681, 100
2026/09/29 10:59:26.575, 3, 8701, 100
2026/09/29 10:59:26.575, 4, 8639, 100
2026/09/29 10:59:26.575, 5, 8721, 100
2026/09/29 10:59:26.575, 6, 8721, 100
2026/09/29 10:59:26.575, 7, 8719, 100
2026/09/29 10:59:27.575, 0, 8657, 100
2026/09/29 10:59:27.576, 1, 8701, 100
2026/09/29 10:59:27.576, 2, 8681, 100
2026/09/29 10:59:27.576, 3, 8701, 100
2026/09/29 10:59:27.576, 4, 8639, 100
2026/09/29 10:59:27.576, 5, 8721, 100
2026/09/29 10:59:27.576, 6, 8721, 100
2026/09/29 10:59:27.576, 7, 8719, 100
2026/09/29 10:59:28.576, 0, 8657, 100
2026/09/29 10:59:28.576, 1, 8701, 100
2026/09/29 10:59:28.576, 2, 8681, 100
2026/09/29 10:59:28.576, 3, 8701, 100
2026/09/29 10:59:28.576, 4, 8639, 100
2026/09/29 10:59:28.576, 5, 8721, 100
2026/09/29 10:59:28.576, 6, 8721, 100
2026/09/29 10:59:28.576, 7, 8719, 100
2026/09/29 10:59:29.577, 0, 8657, 100
2026/09/29 10:59:29.577, 1, 8701, 100
2026/09/29 10:59:29.577, 2, 8681, 100
2026/09/29 10:59:29.577, 3, 8701, 100
2026/09/29 10:59:29.577, 4, 8639, 100
2026/09/29 10:59:29.577, 5, 8721, 100
2026/09/29 10:59:29.577, 6, 8721, 100
2026/09/29 10:59:29.577, 7, 8719, 100
2026/09/29 10:59:30.577, 0, 8657, 100
2026/09/29 10:59:30.577, 1, 8701, 100
2026/09/29 10:59:30.577, 2, 8681, 100
2026/09/29 10:59:30.578, 3, 8701, 100
2026/09/29 10:59:30.578, 4, 8639, 100
2026/09/29 10:59:30.578, 5, 8721, 100
2026/09/29 10:59:30.578, 6, 8721, 100
2026/09/29 10:59:30.578, 7, 8719, 100
2026/09/29 10:59:31.578, 0, 8657, 100
2026/09/29 10:59:31.578, 1, 8701, 100
2026/09/29 10:59:31.578, 2, 8681, 100
2026/09/29 10:59:31.578, 3, 8701, 100
2026/09/29 10:59:31.578, 4, 8639, 100
2026/09/29 10:59:31.578, 5, 8721, 100
2026/09/29 10:59:31.578, 6, 8721, 100
2026/09/29 10:59:31.578, 7, 8719, 100
2026/09/29 10:59:32.579, 0, 8657, 100
2026/09/29 10:59:32.579, 1, 8701, 100
2026/09/29 10:59:32.579, 2, 8681, 100
2026/09/29 10:59:32.579, 3, 8701, 100
2026/09/29 10:59:32.579, 4, 8639, 100
2026/09/29 10:59:32.579, 5, 8721, 100
2026/09/29 10:59:32.579, 6, 8721, 100
2026/09/29 10:59:32.579, 7, 8719, 100
2026/09/29 10:59:33.579, 0, 8657, 100
2026/09/29 10:59:33.580, 1, 8701, 100
2026/09/29 10:59:33.580, 2, 8681, 100
2026/09/29 10:59:33.580, 3, 8701, 100
2026/09/29 10:59:33.580, 4, 8639, 100
2026/09/29 10:59:33.580, 5, 8721, 100
2026/09/29 10:59:33.580, 6, 8721, 100
2026/09/29 10:59:33.580, 7, 8719, 100
2026/09/29 10:59:34.580, 0, 8657, 100
2026/09/29 10:59:34.580, 1, 8701, 100
2026/09/29 10:59:34.580, 2, 8681, 100
2026/09/29 10:59:34.580, 3, 8701, 100
2026/09/29 10:59:34.580, 4, 8639, 100
2026/09/29 10:59:34.580, 5, 8721, 100
2026/09/29 10:59:34.580, 6, 8721, 100
2026/09/29 10:59:34.580, 7, 8719, 100
2026/09/29 10:59:35.581, 0, 8657, 100
2026/09/29 10:59:35.581, 1, 8701, 100
2026/09/29 10:59:35.581, 2, 8681, 100
2026/09/29 10:59:35.581, 3, 8701, 100
2026/09/29 10:59:35.581, 4, 8639, 100
2026/09/29 10:59:35.581, 5, 8721, 100
2026/09/29 10:59:35.581, 6, 8721, 100
2026/09/29 10:59:35.581, 7, 8719, 100
2026/09/29 10:59:36.581, 0, 8657, 100
2026/09/29 10:59:36.581, 1, 8701, 100
2026/09/29 10:59:36.581, 2, 8681, 100
2026/09/29 10:59:36.581, 3, 8701, 100
2026/09/29 10:59:36.581, 4, 8639, 100
2026/09/29 10:59:36.582, 5, 8721, 100
2026/09/29 10:59:36.582, 6, 8721, 100
2026/09/29 10:59:36.582, 7, 8719, 100
2026/09/29 10:59:37.582, 0, 8657, 100
2026/09/29 10:59:37.582, 1, 8701, 100
2026/09/29 10:59:37.582, 2, 8681, 100
2026/09/29 10:59:37.582, 3, 8701, 100
2026/09/29 10:59:37.582, 4, 8639, 100
2026/09/29 10:59:37.583, 5, 8721, 100
2026/09/29 10:59:37.583, 6, 8721, 100
2026/09/29 10:59:37.583, 7, 8719, 100
2026/09/29 10:59:38.583, 0, 8657, 100
2026/09/29 10:59:38.583, 1, 8701, 100
2026/09/29 10:59:38.583, 2, 8681, 100
2026/09/29 10:59:38.583, 3, 8701, 100
2026/09/29 10:59:38.583, 4, 8639, 100
2026/09/29 10:59:38.583, 5, 8721, 100
2026/09/29 10:59:38.583, 6, 8721, 100
2026/09/29 10:59:38.583, 7, 8719, 100
2026/09/29 10:59:39.583, 0, 8657, 100
2026/09/29 10:59:39.584, 1, 8701, 100
2026/09/29 10:59:39.584, 2, 8681, 100
2026/09/29 10:59:39.584, 3, 8701, 100
2026/09/29 10:59:39.584, 4, 8639, 100
2026/09/29 10:59:39.584, 5, 8721, 100
2026/09/29 10:59:39.584, 6, 8721, 100
2026/09/29 10:59:39.584, 7, 8719, 100
2026/09/29 10:59:40.584, 0, 8657, 100
2026/09/29 10:59:40.584, 1, 8701, 100
2026/09/29 10:59:40.584, 2, 8681, 100
2026/09/29 10:59:40.584, 3, 8701, 100
2026/09/29 10:59:40.584, 4, 8639, 100
2026/09/29 10:59:40.584, 5, 8721, 100
2026/09/29 10:59:40.584, 6, 8721, 100
2026/09/29 10:59:40.584, 7, 8719, 100
2026/09/29 10:59:41.585, 0, 8657, 100
2026/09/29 10:59:41.585, 1, 8701, 100
2026/09/29 10:59:41.585, 2, 8681, 100
2026/09/29 10:59:41.585, 3, 8701, 100
2026/09/29 10:59:41.585, 4, 8639, 100
2026/09/29 10:59:41.585, 5, 8721, 100
2026/09/29 10:59:41.585, 6, 8721, 100
2026/09/29 10:59:41.585, 7, 8719, 100
2026/09/29 10:59:42.585, 0, 8657, 100
2026/09/29 10:59:42.585, 1, 8701, 100
2026/09/29 10:59:42.586, 2, 8681, 100
2026/09/29 10:59:42.586, 3, 8701, 100
2026/09/29 10:59:42.586, 4, 8639, 100
2026/09/29 10:59:42.586, 5, 8721, 100
2026/09/29 10:59:42.586, 6, 8721, 100
2026/09/29 10:59:42.586, 7, 8719, 100
2026/09/29 10:59:43.586, 0, 8657, 100
2026/09/29 10:59:43.586, 1, 8701, 100
2026/09/29 10:59:43.586, 2, 8681, 100
2026/09/29 10:59:43.586, 3, 8701, 100
2026/09/29 10:59:43.586, 4, 8639, 100
2026/09/29 10:59:43.586, 5, 8721, 100
2026/09/29 10:59:43.586, 6, 8721, 100
2026/09/29 10:59:43.586, 7, 8719, 100
2026/09/29 10:59:44.586, 0, 8657, 100
2026/09/29 10:59:44.586, 1, 8701, 100
2026/09/29 10:59:44.587, 2, 8681, 100
2026/09/29 10:59:44.587, 3, 8701, 100
2026/09/29 10:59:44.587, 4, 8639, 100
2026/09/29 10:59:44.587, 5, 8721, 100
2026/09/29 10:59:44.587, 6, 8721, 100
2026/09/29 10:59:44.587, 7, 8719, 100
2026/09/29 10:59:45.587, 0, 8657, 100
2026/09/29 10:59:45.587, 1, 8701, 100
2026/09/29 10:59:45.587, 2, 8681, 100
2026/09/29 10:59:45.587, 3, 8701, 100
2026/09/29 10:59:45.587, 4, 8639, 100
2026/09/29 10:59:45.587, 5, 8721, 100
2026/09/29 10:59:45.587, 6, 8721, 100
2026/09/29 10:59:45.587, 7, 8719, 100
2026/09/29 10:59:46.588, 0, 8657, 100
2026/09/29 10:59:46.588, 1, 8701, 100
2026/09/29 10:59:46.588, 2, 8681, 100
2026/09/29 10:59:46.588, 3, 8701, 100
2026/09/29 10:59:46.588, 4, 8639, 100
2026/09/29 10:59:46.588, 5, 8721, 100
2026/09/29 10:59:46.588, 6, 8721, 100
2026/09/29 10:59:46.588, 7, 8719, 100
2026/09/29 10:59:47.588, 0, 8657, 100
2026/09/29 10:59:47.588, 1, 8701, 100
2026/09/29 10:59:47.588, 2, 8681, 100
2026/09/29 10:59:47.588, 3, 8701, 100
2026/09/29 10:59:47.588, 4, 8639, 100
2026/09/29 10:59:47.588, 5, 8721, 100
2026/09/29 10:59:47.588, 6, 8721, 100
2026/09/29 10:59:47.588, 7, 8719, 100
2026/09/29 10:59:48.589, 0, 8657, 100
2026/09/29 10:59:48.589, 1, 8701, 100
2026/09/29 10:59:48.589, 2, 8681, 100
2026/09/29 10:59:48.589, 3, 8701, 100
2026/09/29 10:59:48.589, 4, 8639, 100
2026/09/29 10:59:48.589, 5, 8721, 100
2026/09/29 10:59:48.589, 6, 8721, 100
2026/09/29 10:59:48.589, 7, 8719, 100
2026/09/29 10:59:49.589, 0, 8657, 100
2026/09/29 10:59:49.589, 1, 8701, 100
2026/09/29 10:59:49.589, 2, 8681, 100
2026/09/29 10:59:49.589, 3, 8701, 100
2026/09/29 10:59:49.589, 4, 8639, 100
2026/09/29 10:59:49.589, 5, 8721, 100
2026/09/29 10:59:49.589, 6, 8721, 100
2026/09/29 10:59:49.590, 7, 8719, 100
2026/09/29 10:59:50.590, 0, 8657, 100
2026/09/29 10:59:50.590, 1, 8701, 100
2026/09/29 10:59:50.590, 2, 8681, 100
2026/09/29 10:59:50.590, 3, 8701, 100
2026/09/29 10:59:50.590, 4, 8639, 100
2026/09/29 10:59:50.590, 5, 8721, 100
2026/09/29 10:59:50.590, 6, 8721, 100
2026/09/29 10:59:50.590, 7, 8719, 100
2026/09/29 10:59:51.590, 0, 8657, 100
2026/09/29 10:59:51.590, 1, 8701, 100
2026/09/29 10:59:51.590, 2, 8681, 100
2026/09/29 10:59:51.590, 3, 8701, 100
2026/09/29 10:59:51.590, 4, 8639, 100
2026/09/29 10:59:51.591, 5, 8721, 100
2026/09/29 10:59:51.591, 6, 8721, 100
2026/09/29 10:59:51.591, 7, 8719, 100
2026/09/29 10:59:52.591, 0, 8657, 100
2026/09/29 10:59:52.591, 1, 8701, 100
2026/09/29 10:59:52.591, 2, 8681, 100
2026/09/29 10:59:52.591, 3, 8701, 100
2026/09/29 10:59:52.591, 4, 8639, 100
2026/09/29 10:59:52.591, 5, 8721, 100
2026/09/29 10:59:52.591, 6, 8721, 100
2026/09/29 10:59:52.591, 7, 8719, 100
2026/09/29 10:59:53.591, 0, 8657, 100
2026/09/29 10:59:53.591, 1, 8701, 100
2026/09/29 10:59:53.591, 2, 8681, 100
2026/09/29 10:59:53.591, 3, 8701, 100
2026/09/29 10:59:53.591, 4, 8639, 100
2026/09/29 10:59:53.591, 5, 8721, 100
2026/09/29 10:59:53.591, 6, 8721, 100
2026/09/29 10:59:53.591, 7, 8719, 100
2026/09/29 10:59:54.592, 0, 8657, 100
2026/09/29 10:59:54.592, 1, 8701, 100
2026/09/29 10:59:54.592, 2, 8681, 100
2026/09/29 10:59:54.592, 3, 8701, 100
2026/09/29 10:59:54.592, 4, 8639, 100
2026/09/29 10:59:54.592, 5, 8721, 100
2026/09/29 10:59:54.592, 6, 8721, 100
2026/09/29 10:59:54.592, 7, 8719, 100
2026/09/29 10:59:55.592, 0, 8657, 100
2026/09/29 10:59:55.592, 1, 8701, 100
2026/09/29 10:59:55.592, 2, 8681, 100
2026/09/29 10:59:55.592, 3, 8701, 100
2026/09/29 10:59:55.592, 4, 8639, 100
2026/09/29 10:59:55.592, 5, 8721, 100
2026/09/29 10:59:55.592, 6, 8721, 100
2026/09/29 10:59:55.593, 7, 8719, 100
2026/09/29 10:59:56.593, 0, 8657, 100
2026/09/29 10:59:56.593, 1, 8701, 100
2026/09/29 10:59:56.593, 2, 8681, 100
2026/09/29 10:59:56.593, 3, 8701, 100
2026/09/29 10:59:56.593, 4, 8639, 100
2026/09/29 10:59:56.593, 5, 8721, 100
2026/09/29 10:59:56.593, 6, 8721, 100
2026/09/29 10:59:56.593, 7, 8719, 100
2026/09/29 10:59:57.593, 0, 8657, 100
2026/09/29 10:59:57.593, 1, 8701, 100
2026/09/29 10:59:57.593, 2, 8681, 100
2026/09/29 10:59:57.593, 3, 8701, 100
2026/09/29 10:59:57.593, 4, 8639, 100
2026/09/29 10:59:57.593, 5, 8721, 100
2026/09/29 10:59:57.593, 6, 8721, 100
2026/09/29 10:59:57.593, 7, 8719, 100
2026/09/29 10:59:58.594, 0, 8657, 100
2026/09/29 10:59:58.594, 1, 8701, 100
2026/09/29 10:59:58.594, 2, 8681, 100
2026/09/29 10:59:58.594, 3, 8701, 100
2026/09/29 10:59:58.594, 4, 8639, 100
2026/09/29 10:59:58.594, 5, 8721, 100
2026/09/29 10:59:58.594, 6, 8721, 100
2026/09/29 10:59:58.594, 7, 8719, 100
2026/09/29 10:59:59.594, 0, 8657, 100
2026/09/29 10:59:59.594, 1, 8701, 100
2026/09/29 10:59:59.594, 2, 8681, 100
2026/09/29 10:59:59.594, 3, 8701, 100
2026/09/29 10:59:59.595, 4, 8639, 100
2026/09/29 10:59:59.595, 5, 8721, 100
2026/09/29 10:59:59.595, 6, 8721, 100
2026/09/29 10:59:59.595, 7, 8719, 100
2026/09/29 11:00:00.595, 0, 8657, 100
2026/09/29 11:00:00.595, 1, 8701, 100
2026/09/29 11:00:00.595, 2, 8681, 100
2026/09/29 11:00:00.595, 3, 8701, 100
2026/09/29 11:00:00.595, 4, 8639, 100
2026/09/29 11:00:00.595, 5, 8721, 100
2026/09/29 11:00:00.595, 6, 8721, 100
2026/09/29 11:00:00.595, 7, 8719, 100
2026/09/29 11:00:01.596, 0, 8657, 100
2026/09/29 11:00:01.596, 1, 8701, 100
2026/09/29 11:00:01.596, 2, 8681, 100
2026/09/29 11:00:01.596, 3, 8701, 100
2026/09/29 11:00:01.596, 4, 8639, 100
2026/09/29 11:00:01.596, 5, 8721, 100
2026/09/29 11:00:01.596, 6, 8721, 100
2026/09/29 11:00:01.596, 7, 8719, 100
2026/09/29 11:00:02.596, 0, 8657, 100
2026/09/29 11:00:02.597, 1, 8701, 100
2026/09/29 11:00:02.597, 2, 8681, 100
2026/09/29 11:00:02.597, 3, 8701, 100
2026/09/29 11:00:02.597, 4, 8639, 100
2026/09/29 11:00:02.597, 5, 8721, 100
2026/09/29 11:00:02.597, 6, 8721, 100
2026/09/29 11:00:02.597, 7, 8719, 100
2026/09/29 11:00:03.597, 0, 8657, 100
2026/09/29 11:00:03.597, 1, 8701, 100
2026/09/29 11:00:03.597, 2, 8681, 100
2026/09/29 11:00:03.598, 3, 8701, 100
2026/09/29 11:00:03.598, 4, 8639, 100
2026/09/29 11:00:03.598, 5, 8721, 100
2026/09/29 11:00:03.598, 6, 8721, 100
2026/09/29 11:00:03.598, 7, 8719, 100
2026/09/29 11:00:04.598, 0, 8657, 100
2026/09/29 11:00:04.598, 1, 8701, 100
2026/09/29 11:00:04.598, 2, 8681, 100
2026/09/29 11:00:04.598, 3, 8701, 100
2026/09/29 11:00:04.598, 4, 8639, 100
2026/09/29 11:00:04.598, 5, 8721, 100
2026/09/29 11:00:04.598, 6, 8721, 100
2026/09/29 11:00:04.598, 7, 8719, 100
2026/09/29 11:00:05.599, 0, 8657, 100
2026/09/29 11:00:05.599, 1, 8701, 100
2026/09/29 11:00:05.599, 2, 8681, 100
2026/09/29 11:00:05.599, 3, 8701, 100
2026/09/29 11:00:05.599, 4, 8639, 100
2026/09/29 11:00:05.599, 5, 8721, 100
2026/09/29 11:00:05.599, 6, 8721, 100
2026/09/29 11:00:05.599, 7, 8719, 100
2026/09/29 11:00:06.599, 0, 8657, 100
2026/09/29 11:00:06.599, 1, 8701, 100
2026/09/29 11:00:06.599, 2, 8681, 100
2026/09/29 11:00:06.599, 3, 8701, 100
2026/09/29 11:00:06.599, 4, 8639, 100
2026/09/29 11:00:06.599, 5, 8721, 100
2026/09/29 11:00:06.599, 6, 8721, 100
2026/09/29 11:00:06.600, 7, 8719, 100
2026/09/29 11:00:07.600, 0, 8657, 100
2026/09/29 11:00:07.600, 1, 8701, 100
2026/09/29 11:00:07.600, 2, 8681, 100
2026/09/29 11:00:07.600, 3, 8701, 100
2026/09/29 11:00:07.600, 4, 8639, 100
2026/09/29 11:00:07.600, 5, 8721, 100
2026/09/29 11:00:07.600, 6, 8721, 100
2026/09/29 11:00:07.600, 7, 8719, 100
2026/09/29 11:00:08.600, 0, 8657, 100
2026/09/29 11:00:08.600, 1, 8701, 100
2026/09/29 11:00:08.600, 2, 8681, 100
2026/09/29 11:00:08.600, 3, 8701, 100
2026/09/29 11:00:08.600, 4, 8639, 100
2026/09/29 11:00:08.600, 5, 8721, 100
2026/09/29 11:00:08.601, 6, 8721, 100
2026/09/29 11:00:08.601, 7, 8719, 100
2026/09/29 11:00:09.601, 0, 8657, 100
2026/09/29 11:00:09.601, 1, 8701, 100
2026/09/29 11:00:09.601, 2, 8681, 100
2026/09/29 11:00:09.601, 3, 8701, 100
2026/09/29 11:00:09.601, 4, 8639, 100
2026/09/29 11:00:09.601, 5, 8721, 100
2026/09/29 11:00:09.601, 6, 8721, 100
2026/09/29 11:00:09.601, 7, 8719, 100
2026/09/29 11:00:10.601, 0, 8657, 100
2026/09/29 11:00:10.602, 1, 8701, 100
2026/09/29 11:00:10.602, 2, 8681, 100
2026/09/29 11:00:10.602, 3, 8701, 100
2026/09/29 11:00:10.602, 4, 8639, 100
2026/09/29 11:00:10.602, 5, 8721, 100
2026/09/29 11:00:10.602, 6, 8721, 100
2026/09/29 11:00:10.602, 7, 8719, 100
2026/09/29 11:00:11.602, 0, 8657, 100
2026/09/29 11:00:11.602, 1, 8701, 100
2026/09/29 11:00:11.602, 2, 8681, 100
2026/09/29 11:00:11.602, 3, 8701, 100
2026/09/29 11:00:11.602, 4, 8639, 100
2026/09/29 11:00:11.602, 5, 8721, 100
2026/09/29 11:00:11.602, 6, 8721, 100
2026/09/29 11:00:11.602, 7, 8719, 100
2026/09/29 11:00:12.603, 0, 8657, 100
2026/09/29 11:00:12.603, 1, 8701, 100
2026/09/29 11:00:12.603, 2, 8681, 100
2026/09/29 11:00:12.603, 3, 8701, 100
2026/09/29 11:00:12.603, 4, 8639, 100
2026/09/29 11:00:12.603, 5, 8721, 100
2026/09/29 11:00:12.603, 6, 8721, 100
2026/09/29 11:00:12.603, 7, 8719, 100
2026/09/29 11:00:13.603, 0, 8657, 100
2026/09/29 11:00:13.603, 1, 8701, 100
2026/09/29 11:00:13.603, 2, 8681, 100
2026/09/29 11:00:13.603, 3, 8701, 100
2026/09/29 11:00:13.603, 4, 8639, 100
2026/09/29 11:00:13.603, 5, 8721, 100
2026/09/29 11:00:13.603, 6, 8721, 100
2026/09/29 11:00:13.604, 7, 8719, 100
2026/09/29 11:00:14.604, 0, 8657, 100
2026/09/29 11:00:14.604, 1, 8701, 100
2026/09/29 11:00:14.604, 2, 8681, 100
2026/09/29 11:00:14.604, 3, 8701, 100
2026/09/29 11:00:14.604, 4, 8639, 100
2026/09/29 11:00:14.604, 5, 8721, 100
2026/09/29 11:00:14.604, 6, 8721, 100
2026/09/29 11:00:14.604, 7, 8719, 100
2026/09/29 11:00:15.604, 0, 8657, 100
2026/09/29 11:00:15.604, 1, 8701, 100
2026/09/29 11:00:15.604, 2, 8681, 100
2026/09/29 11:00:15.604, 3, 8701, 100
2026/09/29 11:00:15.604, 4, 8639, 100
2026/09/29 11:00:15.605, 5, 8721, 100
2026/09/29 11:00:15.605, 6, 8721, 100
2026/09/29 11:00:15.605, 7, 8719, 100
2026/09/29 11:00:16.605, 0, 8657, 100
2026/09/29 11:00:16.605, 1, 8701, 100
2026/09/29 11:00:16.605, 2, 8681, 100
2026/09/29 11:00:16.605, 3, 8701, 100
2026/09/29 11:00:16.605, 4, 8639, 100
2026/09/29 11:00:16.605, 5, 8721, 100
2026/09/29 11:00:16.605, 6, 8721, 100
2026/09/29 11:00:16.605, 7, 8719, 100
2026/09/29 11:00:17.605, 0, 8657, 100
2026/09/29 11:00:17.605, 1, 8701, 100
2026/09/29 11:00:17.606, 2, 8681, 100
2026/09/29 11:00:17.606, 3, 8701, 100
2026/09/29 11:00:17.606, 4, 8639, 100
2026/09/29 11:00:17.606, 5, 8721, 100
2026/09/29 11:00:17.606, 6, 8721, 100
2026/09/29 11:00:17.606, 7, 8719, 100
2026/09/29 11:00:18.606, 0, 8657, 100
2026/09/29 11:00:18.607, 1, 8701, 100
2026/09/29 11:00:18.607, 2, 8681, 100
2026/09/29 11:00:18.607, 3, 8701, 100
2026/09/29 11:00:18.607, 4, 8639, 100
2026/09/29 11:00:18.607, 5, 8721, 100
2026/09/29 11:00:18.607, 6, 8721, 100
2026/09/29 11:00:18.607, 7, 8719, 100
2026/09/29 11:00:19.607, 0, 8657, 100
2026/09/29 11:00:19.607, 1, 8701, 100
2026/09/29 11:00:19.607, 2, 8681, 100
2026/09/29 11:00:19.607, 3, 8701, 100
2026/09/29 11:00:19.607, 4, 8639, 100
2026/09/29 11:00:19.607, 5, 8721, 100
2026/09/29 11:00:19.607, 6, 8721, 100
2026/09/29 11:00:19.607, 7, 8719, 100
2026/09/29 11:00:20.608, 0, 8657, 100
2026/09/29 11:00:20.608, 1, 8701, 100
2026/09/29 11:00:20.608, 2, 8681, 100
2026/09/29 11:00:20.608, 3, 8701, 100
2026/09/29 11:00:20.608, 4, 8639, 100
2026/09/29 11:00:20.608, 5, 8721, 100
2026/09/29 11:00:20.608, 6, 8721, 100
2026/09/29 11:00:20.608, 7, 8719, 100
2026/09/29 11:00:21.608, 0, 8657, 100
2026/09/29 11:00:21.608, 1, 8701, 100
2026/09/29 11:00:21.608, 2, 8681, 100
2026/09/29 11:00:21.608, 3, 8701, 100
2026/09/29 11:00:21.608, 4, 8639, 100
2026/09/29 11:00:21.609, 5, 8721, 100
2026/09/29 11:00:21.609, 6, 8721, 100
2026/09/29 11:00:21.609, 7, 8719, 100
2026/09/29 11:00:22.609, 0, 8657, 100
2026/09/29 11:00:22.609, 1, 8701, 100
2026/09/29 11:00:22.610, 2, 8681, 100
2026/09/29 11:00:22.610, 3, 8701, 100
2026/09/29 11:00:22.610, 4, 8639, 100
2026/09/29 11:00:22.610, 5, 8721, 100
2026/09/29 11:00:22.610, 6, 8721, 100
2026/09/29 11:00:22.610, 7, 8719, 100
2026/09/29 11:00:23.610, 0, 8657, 100
2026/09/29 11:00:23.610, 1, 8701, 100
2026/09/29 11:00:23.610, 2, 8681, 100
2026/09/29 11:00:23.610, 3, 8701, 100
2026/09/29 11:00:23.610, 4, 8639, 100
2026/09/29 11:00:23.610, 5, 8721, 100
2026/09/29 11:00:23.610, 6, 8721, 100
2026/09/29 11:00:23.610, 7, 8719, 100
2026/09/29 11:00:24.610, 0, 8657, 100
2026/09/29 11:00:24.610, 1, 8701, 100
2026/09/29 11:00:24.610, 2, 8681, 100
2026/09/29 11:00:24.611, 3, 8701, 100
2026/09/29 11:00:24.611, 4, 8639, 100
2026/09/29 11:00:24.611, 5, 8721, 100
2026/09/29 11:00:24.611, 6, 8721, 100
2026/09/29 11:00:24.611, 7, 8719, 100
2026/09/29 11:00:25.611, 0, 8657, 100
2026/09/29 11:00:25.611, 1, 8701, 100
2026/09/29 11:00:25.611, 2, 8681, 100
2026/09/29 11:00:25.611, 3, 8701, 100
2026/09/29 11:00:25.611, 4, 8639, 100
2026/09/29 11:00:25.611, 5, 8721, 100
2026/09/29 11:00:25.611, 6, 8721, 100
2026/09/29 11:00:25.611, 7, 8719, 100
2026/09/29 11:00:26.611, 0, 8657, 100
2026/09/29 11:00:26.611, 1, 8701, 100
2026/09/29 11:00:26.612, 2, 8681, 100
2026/09/29 11:00:26.612, 3, 8701, 100
2026/09/29 11:00:26.612, 4, 8639, 100
2026/09/29 11:00:26.612, 5, 8721, 100
2026/09/29 11:00:26.612, 6, 8721, 100
2026/09/29 11:00:26.612, 7, 8719, 100
2026/09/29 11:00:27.612, 0, 8657, 100
2026/09/29 11:00:27.612, 1, 8701, 100
2026/09/29 11:00:27.612, 2, 8681, 100
2026/09/29 11:00:27.612, 3, 8701, 100
2026/09/29 11:00:27.612, 4, 8639, 100
2026/09/29 11:00:27.613, 5, 8721, 100
2026/09/29 11:00:27.613, 6, 8721, 100
2026/09/29 11:00:27.613, 7, 8719, 100
2026/09/29 11:00:28.613, 0, 8657, 100
2026/09/29 11:00:28.613, 1, 8701, 100
2026/09/29 11:00:28.613, 2, 8681, 100
2026/09/29 11:00:28.613, 3, 8701, 100
2026/09/29 11:00:28.613, 4, 8639, 100
2026/09/29 11:00:28.613, 5, 8721, 100
2026/09/29 11:00:28.613, 6, 8721, 100
2026/09/29 11:00:28.613, 7, 8719, 100
2026/09/29 11:00:29.613, 0, 8657, 100
2026/09/29 11:00:29.613, 1, 8701, 100
2026/09/29 11:00:29.613, 2, 8681, 100
2026/09/29 11:00:29.613, 3, 8701, 100
2026/09/29 11:00:29.614, 4, 8639, 100
2026/09/29 11:00:29.614, 5, 8721, 100
2026/09/29 11:00:29.614, 6, 8721, 100
2026/09/29 11:00:29.614, 7, 8719, 100
2026/09/29 11:00:30.614, 0, 8657, 100
2026/09/29 11:00:30.614, 1, 8701, 100
2026/09/29 11:00:30.614, 2, 8681, 100
2026/09/29 11:00:30.614, 3, 8701, 100
2026/09/29 11:00:30.614, 4, 8639, 100
2026/09/29 11:00:30.614, 5, 8721, 100
2026/09/29 11:00:30.614, 6, 8721, 100
2026/09/29 11:00:30.614, 7, 8719, 100
2026/09/29 11:00:31.614, 0, 8657, 100
2026/09/29 11:00:31.614, 1, 8701, 100
2026/09/29 11:00:31.614, 2, 8681, 100
2026/09/29 11:00:31.615, 3, 8701, 100
2026/09/29 11:00:31.615, 4, 8639, 100
2026/09/29 11:00:31.615, 5, 8721, 100
2026/09/29 11:00:31.615, 6, 8721, 100
2026/09/29 11:00:31.615, 7, 8719, 100
2026/09/29 11:00:32.615, 0, 8657, 100
2026/09/29 11:00:32.615, 1, 8701, 100
2026/09/29 11:00:32.615, 2, 8681, 100
2026/09/29 11:00:32.615, 3, 8701, 100
2026/09/29 11:00:32.615, 4, 8639, 100
2026/09/29 11:00:32.615, 5, 8721, 100
2026/09/29 11:00:32.615, 6, 8721, 100
2026/09/29 11:00:32.615, 7, 8719, 100
2026/09/29 11:00:33.615, 0, 8657, 100
2026/09/29 11:00:33.615, 1, 8701, 100
2026/09/29 11:00:33.615, 2, 8681, 100
2026/09/29 11:00:33.615, 3, 8701, 100
2026/09/29 11:00:33.615, 4, 8639, 100
2026/09/29 11:00:33.615, 5, 8721, 100
2026/09/29 11:00:33.615, 6, 8721, 100
2026/09/29 11:00:33.615, 7, 8719, 100
2026/09/29 11:00:34.616, 0, 8657, 100
2026/09/29 11:00:34.616, 1, 8701, 100
2026/09/29 11:00:34.616, 2, 8681, 100
2026/09/29 11:00:34.616, 3, 8701, 100
2026/09/29 11:00:34.616, 4, 8639, 100
2026/09/29 11:00:34.616, 5, 8721, 100
2026/09/29 11:00:34.616, 6, 8721, 100
2026/09/29 11:00:34.616, 7, 8719, 100
2026/09/29 11:00:35.616, 0, 8657, 100
2026/09/29 11:00:35.616, 1, 8701, 100
2026/09/29 11:00:35.616, 2, 8681, 100
2026/09/29 11:00:35.616, 3, 8701, 100
2026/09/29 11:00:35.616, 4, 8639, 100
2026/09/29 11:00:35.616, 5, 8721, 100
2026/09/29 11:00:35.617, 6, 8721, 100
2026/09/29 11:00:35.617, 7, 8719, 100
2026/09/29 11:00:36.617, 0, 8657, 100
2026/09/29 11:00:36.617, 1, 8701, 100
2026/09/29 11:00:36.617, 2, 8681, 100
2026/09/29 11:00:36.617, 3, 8701, 100
2026/09/29 11:00:36.617, 4, 8639, 100
2026/09/29 11:00:36.617, 5, 8721, 100
2026/09/29 11:00:36.617, 6, 8721, 100
2026/09/29 11:00:36.617, 7, 8719, 100
2026/09/29 11:00:37.617, 0, 8657, 100
2026/09/29 11:00:37.617, 1, 8701, 100
2026/09/29 11:00:37.618, 2, 8681, 100
2026/09/29 11:00:37.618, 3, 8701, 100
2026/09/29 11:00:37.618, 4, 8639, 100
2026/09/29 11:00:37.618, 5, 8721, 100
2026/09/29 11:00:37.618, 6, 8721, 100
2026/09/29 11:00:37.618, 7, 8719, 100
2026/09/29 11:00:38.618, 0, 8657, 100
2026/09/29 11:00:38.618, 1, 8701, 100
2026/09/29 11:00:38.618, 2, 8681, 100
2026/09/29 11:00:38.618, 3, 8701, 100
2026/09/29 11:00:38.618, 4, 8639, 100
2026/09/29 11:00:38.619, 5, 8721, 100
2026/09/29 11:00:38.619, 6, 8721, 100
2026/09/29 11:00:38.619, 7, 8719, 100
2026/09/29 11:00:39.619, 0, 8657, 100
2026/09/29 11:00:39.619, 1, 8701, 100
2026/09/29 11:00:39.619, 2, 8681, 100
2026/09/29 11:00:39.619, 3, 8701, 100
2026/09/29 11:00:39.619, 4, 8639, 100
2026/09/29 11:00:39.619, 5, 8721, 100
2026/09/29 11:00:39.619, 6, 8721, 100
2026/09/29 11:00:39.619, 7, 8719, 100
2026/09/29 11:00:40.619, 0, 8657, 100
2026/09/29 11:00:40.619, 1, 8701, 100
2026/09/29 11:00:40.619, 2, 8681, 100
2026/09/29 11:00:40.619, 3, 8701, 100
2026/09/29 11:00:40.619, 4, 8639, 100
2026/09/29 11:00:40.619, 5, 8721, 100
2026/09/29 11:00:40.619, 6, 8721, 100
2026/09/29 11:00:40.620, 7, 8719, 100
2026/09/29 11:00:41.620, 0, 8657, 100
2026/09/29 11:00:41.620, 1, 8701, 100
2026/09/29 11:00:41.620, 2, 8681, 100
2026/09/29 11:00:41.620, 3, 8701, 100
2026/09/29 11:00:41.620, 4, 8639, 100
2026/09/29 11:00:41.620, 5, 8721, 100
2026/09/29 11:00:41.620, 6, 8721, 100
2026/09/29 11:00:41.620, 7, 8719, 100
2026/09/29 11:00:42.620, 0, 8657, 100
2026/09/29 11:00:42.620, 1, 8701, 100
2026/09/29 11:00:42.620, 2, 8681, 100
2026/09/29 11:00:42.621, 3, 8701, 100
2026/09/29 11:00:42.621, 4, 8639, 100
2026/09/29 11:00:42.621, 5, 8721, 100
2026/09/29 11:00:42.621, 6, 8721, 100
2026/09/29 11:00:42.621, 7, 8719, 100
2026/09/29 11:00:43.621, 0, 8657, 100
2026/09/29 11:00:43.621, 1, 8701, 100
2026/09/29 11:00:43.621, 2, 8681, 100
2026/09/29 11:00:43.621, 3, 8701, 100
2026/09/29 11:00:43.621, 4, 8639, 100
2026/09/29 11:00:43.621, 5, 8721, 100
2026/09/29 11:00:43.621, 6, 8721, 100
2026/09/29 11:00:43.621, 7, 8719, 100
2026/09/29 11:00:44.622, 0, 8657, 100
2026/09/29 11:00:44.622, 1, 8701, 100
2026/09/29 11:00:44.622, 2, 8681, 100
2026/09/29 11:00:44.622, 3, 8701, 100
2026/09/29 11:00:44.622, 4, 8639, 100
2026/09/29 11:00:44.622, 5, 8721, 100
2026/09/29 11:00:44.622, 6, 8721, 100
2026/09/29 11:00:44.622, 7, 8719, 100
2026/09/29 11:00:45.622, 0, 8657, 100
2026/09/29 11:00:45.622, 1, 8701, 100
2026/09/29 11:00:45.622, 2, 8681, 100
2026/09/29 11:00:45.622, 3, 8701, 100
2026/09/29 11:00:45.622, 4, 8639, 100
2026/09/29 11:00:45.622, 5, 8721, 100
2026/09/29 11:00:45.622, 6, 8721, 100
2026/09/29 11:00:45.622, 7, 8719, 100
2026/09/29 11:00:46.623, 0, 8657, 100
2026/09/29 11:00:46.623, 1, 8701, 100
2026/09/29 11:00:46.623, 2, 8681, 100
2026/09/29 11:00:46.623, 3, 8701, 100
2026/09/29 11:00:46.623, 4, 8639, 100
2026/09/29 11:00:46.623, 5, 8721, 100
2026/09/29 11:00:46.623, 6, 8721, 100
2026/09/29 11:00:46.623, 7, 8719, 100
2026/09/29 11:00:47.623, 0, 8657, 100
2026/09/29 11:00:47.623, 1, 8701, 100
2026/09/29 11:00:47.623, 2, 8681, 100
2026/09/29 11:00:47.623, 3, 8701, 100
2026/09/29 11:00:47.623, 4, 8639, 100
2026/09/29 11:00:47.623, 5, 8721, 100
2026/09/29 11:00:47.623, 6, 8721, 100
2026/09/29 11:00:47.623, 7, 8719, 100
2026/09/29 11:00:48.624, 0, 8657, 100
2026/09/29 11:00:48.624, 1, 8701, 100
2026/09/29 11:00:48.624, 2, 8681, 100
2026/09/29 11:00:48.624, 3, 8701, 100
2026/09/29 11:00:48.624, 4, 8639, 100
2026/09/29 11:00:48.624, 5, 8721, 100
2026/09/29 11:00:48.624, 6, 8721, 100
2026/09/29 11:00:48.624, 7, 8719, 100
2026/09/29 11:00:49.624, 0, 8657, 100
2026/09/29 11:00:49.624, 1, 8701, 100
2026/09/29 11:00:49.624, 2, 8681, 100
2026/09/29 11:00:49.624, 3, 8701, 100
2026/09/29 11:00:49.624, 4, 8639, 100
2026/09/29 11:00:49.624, 5, 8721, 100
2026/09/29 11:00:49.625, 6, 8721, 100
2026/09/29 11:00:49.625, 7, 8719, 100
2026/09/29 11:00:50.625, 0, 8657, 100
2026/09/29 11:00:50.625, 1, 8701, 100
2026/09/29 11:00:50.625, 2, 8681, 100
2026/09/29 11:00:50.625, 3, 8701, 100
2026/09/29 11:00:50.625, 4, 8639, 100
2026/09/29 11:00:50.625, 5, 8721, 100
2026/09/29 11:00:50.625, 6, 8721, 100
2026/09/29 11:00:50.625, 7, 8719, 100
2026/09/29 11:00:51.625, 0, 8657, 100
2026/09/29 11:00:51.626, 1, 8701, 100
2026/09/29 11:00:51.626, 2, 8681, 100
2026/09/29 11:00:51.626, 3, 8701, 100
2026/09/29 11:00:51.626, 4, 8639, 100
2026/09/29 11:00:51.626, 5, 8721, 100
2026/09/29 11:00:51.626, 6, 8721, 100
2026/09/29 11:00:51.626, 7, 8719, 100
2026/09/29 11:00:52.626, 0, 8657, 100
2026/09/29 11:00:52.626, 1, 8701, 100
2026/09/29 11:00:52.626, 2, 8681, 100
2026/09/29 11:00:52.626, 3, 8701, 100
2026/09/29 11:00:52.626, 4, 8639, 100
2026/09/29 11:00:52.626, 5, 8721, 100
2026/09/29 11:00:52.626, 6, 8721, 100
2026/09/29 11:00:52.627, 7, 8719, 100
2026/09/29 11:00:53.627, 0, 8657, 100
2026/09/29 11:00:53.627, 1, 8701, 100
2026/09/29 11:00:53.627, 2, 8681, 100
2026/09/29 11:00:53.627, 3, 8701, 100
2026/09/29 11:00:53.627, 4, 8639, 100
2026/09/29 11:00:53.627, 5, 8721, 100
2026/09/29 11:00:53.627, 6, 8721, 100
2026/09/29 11:00:53.627, 7, 8719, 100
2026/09/29 11:00:54.627, 0, 8657, 100
2026/09/29 11:00:54.628, 1, 8701, 100
2026/09/29 11:00:54.628, 2, 8681, 100
2026/09/29 11:00:54.628, 3, 8701, 100
2026/09/29 11:00:54.628, 4, 8639, 100
2026/09/29 11:00:54.628, 5, 8721, 100
2026/09/29 11:00:54.628, 6, 8721, 100
2026/09/29 11:00:54.628, 7, 8719, 100
2026/09/29 11:00:55.628, 0, 8657, 100
2026/09/29 11:00:55.628, 1, 8701, 100
2026/09/29 11:00:55.628, 2, 8681, 100
2026/09/29 11:00:55.628, 3, 8701, 100
2026/09/29 11:00:55.628, 4, 8639, 100
2026/09/29 11:00:55.628, 5, 8721, 100
2026/09/29 11:00:55.628, 6, 8721, 100
2026/09/29 11:00:55.629, 7, 8719, 100
2026/09/29 11:00:56.629, 0, 8657, 100
2026/09/29 11:00:56.629, 1, 8701, 100
2026/09/29 11:00:56.629, 2, 8681, 100
2026/09/29 11:00:56.629, 3, 8701, 100
2026/09/29 11:00:56.629, 4, 8639, 100
2026/09/29 11:00:56.629, 5, 8721, 100
2026/09/29 11:00:56.629, 6, 8721, 100
2026/09/29 11:00:56.629, 7, 8719, 100
2026/09/29 11:00:57.629, 0, 8657, 100
2026/09/29 11:00:57.629, 1, 8701, 100
2026/09/29 11:00:57.629, 2, 8681, 100
2026/09/29 11:00:57.630, 3, 8701, 100
2026/09/29 11:00:57.630, 4, 8639, 100
2026/09/29 11:00:57.630, 5, 8721, 100
2026/09/29 11:00:57.630, 6, 8721, 100
2026/09/29 11:00:57.630, 7, 8719, 100
2026/09/29 11:00:58.630, 0, 8657, 100
2026/09/29 11:00:58.630, 1, 8701, 100
2026/09/29 11:00:58.630, 2, 8681, 100
2026/09/29 11:00:58.630, 3, 8701, 100
2026/09/29 11:00:58.630, 4, 8639, 100
2026/09/29 11:00:58.630, 5, 8721, 100
2026/09/29 11:00:58.630, 6, 8721, 100
2026/09/29 11:00:58.630, 7, 8719, 100
2026/09/29 11:00:59.630, 0, 8657, 100
2026/09/29 11:00:59.631, 1, 8701, 100
2026/09/29 11:00:59.631, 2, 8681, 100
2026/09/29 11:00:59.631, 3, 8701, 100
2026/09/29 11:00:59.631, 4, 8639, 100
2026/09/29 11:00:59.631, 5, 8721, 100
2026/09/29 11:00:59.631, 6, 8721, 100
2026/09/29 11:00:59.631, 7, 8719, 100
2026/09/29 11:01:00.631, 0, 8657, 100
2026/09/29 11:01:00.631, 1, 8701, 100
2026/09/29 11:01:00.631, 2, 8681, 100
2026/09/29 11:01:00.631, 3, 8701, 100
2026/09/29 11:01:00.631, 4, 8639, 100
2026/09/29 11:01:00.631, 5, 8721, 100
2026/09/29 11:01:00.631, 6, 8721, 100
2026/09/29 11:01:00.632, 7, 8719, 100
2026/09/29 11:01:01.632, 0, 8657, 100
2026/09/29 11:01:01.632, 1, 8701, 100
2026/09/29 11:01:01.632, 2, 8681, 100
2026/09/29 11:01:01.632, 3, 8701, 100
2026/09/29 11:01:01.632, 4, 8639, 100
2026/09/29 11:01:01.632, 5, 8721, 100
2026/09/29 11:01:01.632, 6, 8721, 100
2026/09/29 11:01:01.632, 7, 8719, 100
2026/09/29 11:01:02.632, 0, 8657, 100
2026/09/29 11:01:02.633, 1, 8701, 100
2026/09/29 11:01:02.633, 2, 8681, 100
2026/09/29 11:01:02.633, 3, 8701, 100
2026/09/29 11:01:02.633, 4, 8639, 100
2026/09/29 11:01:02.633, 5, 8721, 100
2026/09/29 11:01:02.633, 6, 8721, 100
2026/09/29 11:01:02.633, 7, 8719, 100
2026/09/29 11:01:03.633, 0, 8657, 100
2026/09/29 11:01:03.633, 1, 8701, 100
2026/09/29 11:01:03.633, 2, 8681, 100
2026/09/29 11:01:03.633, 3, 8701, 100
2026/09/29 11:01:03.633, 4, 8639, 100
2026/09/29 11:01:03.633, 5, 8721, 100
2026/09/29 11:01:03.633, 6, 8721, 100
2026/09/29 11:01:03.633, 7, 8719, 100
2026/09/29 11:01:04.634, 0, 8657, 100
2026/09/29 11:01:04.634, 1, 8701, 100
2026/09/29 11:01:04.634, 2, 8681, 100
2026/09/29 11:01:04.634, 3, 8701, 100
2026/09/29 11:01:04.634, 4, 8639, 100
2026/09/29 11:01:04.634, 5, 8721, 100
2026/09/29 11:01:04.634, 6, 8721, 100
2026/09/29 11:01:04.634, 7, 8719, 100
2026/09/29 11:01:05.634, 0, 8657, 100
2026/09/29 11:01:05.634, 1, 8701, 100
2026/09/29 11:01:05.634, 2, 8681, 100
2026/09/29 11:01:05.634, 3, 8701, 100
2026/09/29 11:01:05.634, 4, 8639, 100
2026/09/29 11:01:05.635, 5, 8721, 100
2026/09/29 11:01:05.635, 6, 8721, 100
2026/09/29 11:01:05.635, 7, 8719, 100
2026/09/29 11:01:06.635, 0, 8657, 100
2026/09/29 11:01:06.635, 1, 8701, 100
2026/09/29 11:01:06.635, 2, 8681, 100
2026/09/29 11:01:06.635, 3, 8701, 100
2026/09/29 11:01:06.635, 4, 8639, 100
2026/09/29 11:01:06.635, 5, 8721, 100
2026/09/29 11:01:06.635, 6, 8721, 100
2026/09/29 11:01:06.635, 7, 8719, 100
2026/09/29 11:01:07.635, 0, 8657, 100
2026/09/29 11:01:07.635, 1, 8701, 100
2026/09/29 11:01:07.636, 2, 8681, 100
2026/09/29 11:01:07.636, 3, 8701, 100
2026/09/29 11:01:07.636, 4, 8639, 100
2026/09/29 11:01:07.636, 5, 8721, 100
2026/09/29 11:01:07.636, 6, 8721, 100
2026/09/29 11:01:07.636, 7, 8719, 100
2026/09/29 11:01:08.636, 0, 8657, 100
2026/09/29 11:01:08.636, 1, 8701, 100
2026/09/29 11:01:08.636, 2, 8681, 100
2026/09/29 11:01:08.636, 3, 8701, 100
2026/09/29 11:01:08.637, 4, 8639, 100
2026/09/29 11:01:08.637, 5, 8721, 100
2026/09/29 11:01:08.637, 6, 8721, 100
2026/09/29 11:01:08.637, 7, 8719, 100
2026/09/29 11:01:09.637, 0, 8657, 100
2026/09/29 11:01:09.637, 1, 8701, 100
2026/09/29 11:01:09.637, 2, 8681, 100
2026/09/29 11:01:09.637, 3, 8701, 100
2026/09/29 11:01:09.637, 4, 8639, 100
2026/09/29 11:01:09.637, 5, 8721, 100
2026/09/29 11:01:09.637, 6, 8721, 100
2026/09/29 11:01:09.637, 7, 8719, 100
2026/09/29 11:01:10.637, 0, 8657, 100
2026/09/29 11:01:10.637, 1, 8701, 100
2026/09/29 11:01:10.637, 2, 8681, 100
2026/09/29 11:01:10.638, 3, 8701, 100
2026/09/29 11:01:10.638, 4, 8639, 100
2026/09/29 11:01:10.638, 5, 8721, 100
2026/09/29 11:01:10.638, 6, 8721, 100
2026/09/29 11:01:10.638, 7, 8719, 100
2026/09/29 11:01:11.638, 0, 8657, 100
2026/09/29 11:01:11.638, 1, 8701, 100
2026/09/29 11:01:11.638, 2, 8681, 100
2026/09/29 11:01:11.638, 3, 8701, 100
2026/09/29 11:01:11.638, 4, 8639, 100
2026/09/29 11:01:11.638, 5, 8721, 100
2026/09/29 11:01:11.638, 6, 8721, 100
2026/09/29 11:01:11.638, 7, 8719, 100
2026/09/29 11:01:12.638, 0, 8657, 100
2026/09/29 11:01:12.638, 1, 8701, 100
2026/09/29 11:01:12.639, 2, 8681, 100
2026/09/29 11:01:12.639, 3, 8701, 100
2026/09/29 11:01:12.639, 4, 8639, 100
2026/09/29 11:01:12.639, 5, 8721, 100
2026/09/29 11:01:12.639, 6, 8721, 100
2026/09/29 11:01:12.639, 7, 8719, 100
2026/09/29 11:01:13.640, 0, 8657, 100
2026/09/29 11:01:13.640, 1, 8701, 100
2026/09/29 11:01:13.640, 2, 8681, 100
2026/09/29 11:01:13.640, 3, 8701, 100
2026/09/29 11:01:13.640, 4, 8639, 100
2026/09/29 11:01:13.640, 5, 8721, 100
2026/09/29 11:01:13.640, 6, 8721, 100
2026/09/29 11:01:13.640, 7, 8719, 100
2026/09/29 11:01:14.640, 0, 8657, 100
2026/09/29 11:01:14.640, 1, 8701, 100
2026/09/29 11:01:14.640, 2, 8681, 100
2026/09/29 11:01:14.640, 3, 8701, 100
2026/09/29 11:01:14.640, 4, 8639, 100
2026/09/29 11:01:14.640, 5, 8721, 100
2026/09/29 11:01:14.640, 6, 8721, 100
2026/09/29 11:01:14.640, 7, 8719, 100
2026/09/29 11:01:15.640, 0, 8657, 100
2026/09/29 11:01:15.641, 1, 8701, 100
2026/09/29 11:01:15.641, 2, 8681, 100
2026/09/29 11:01:15.641, 3, 8701, 100
2026/09/29 11:01:15.641, 4, 8639, 100
2026/09/29 11:01:15.641, 5, 8721, 100
2026/09/29 11:01:15.641, 6, 8721, 100
2026/09/29 11:01:15.641, 7, 8719, 100
2026/09/29 11:01:16.641, 0, 8657, 100
2026/09/29 11:01:16.641, 1, 8701, 100
2026/09/29 11:01:16.641, 2, 8681, 100
2026/09/29 11:01:16.641, 3, 8701, 100
2026/09/29 11:01:16.641, 4, 8639, 100
2026/09/29 11:01:16.641, 5, 8721, 100
2026/09/29 11:01:16.641, 6, 8721, 100
2026/09/29 11:01:16.641, 7, 8719, 100
2026/09/29 11:01:17.642, 0, 8657, 100
2026/09/29 11:01:17.642, 1, 8701, 100
2026/09/29 11:01:17.642, 2, 8681, 100
2026/09/29 11:01:17.642, 3, 8701, 100
2026/09/29 11:01:17.642, 4, 8639, 100
2026/09/29 11:01:17.642, 5, 8721, 100
2026/09/29 11:01:17.642, 6, 8721, 100
2026/09/29 11:01:17.642, 7, 8719, 100
2026/09/29 11:01:18.643, 0, 8657, 100
2026/09/29 11:01:18.643, 1, 8701, 100
2026/09/29 11:01:18.643, 2, 8681, 100
2026/09/29 11:01:18.643, 3, 8701, 100
2026/09/29 11:01:18.643, 4, 8639, 100
2026/09/29 11:01:18.643, 5, 8721, 100
2026/09/29 11:01:18.643, 6, 8721, 100
2026/09/29 11:01:18.643, 7, 8719, 100
2026/09/29 11:01:19.643, 0, 8657, 100
2026/09/29 11:01:19.643, 1, 8701, 100
2026/09/29 11:01:19.643, 2, 8681, 100
2026/09/29 11:01:19.643, 3, 8701, 100
2026/09/29 11:01:19.643, 4, 8639, 100
2026/09/29 11:01:19.644, 5, 8721, 100
2026/09/29 11:01:19.644, 6, 8721, 100
2026/09/29 11:01:19.644, 7, 8719, 100
2026/09/29 11:01:20.644, 0, 8657, 100
2026/09/29 11:01:20.644, 1, 8701, 100
2026/09/29 11:01:20.644, 2, 8681, 100
2026/09/29 11:01:20.644, 3, 8701, 100
2026/09/29 11:01:20.644, 4, 8639, 100
2026/09/29 11:01:20.644, 5, 8721, 100
2026/09/29 11:01:20.644, 6, 8721, 100
2026/09/29 11:01:20.644, 7, 8719, 100
2026/09/29 11:01:21.644, 0, 8657, 100
2026/09/29 11:01:21.646, 1, 8701, 100
2026/09/29 11:01:21.646, 2, 8681, 100
2026/09/29 11:01:21.646, 3, 8701, 100
2026/09/29 11:01:21.646, 4, 8639, 100
2026/09/29 11:01:21.646, 5, 8721, 100
2026/09/29 11:01:21.646, 6, 8721, 100
2026/09/29 11:01:21.646, 7, 8719, 100
2026/09/29 11:01:22.646, 0, 8657, 100
2026/09/29 11:01:22.646, 1, 8701, 100
2026/09/29 11:01:22.646, 2, 8681, 100
2026/09/29 11:01:22.646, 3, 8701, 100
2026/09/29 11:01:22.646, 4, 8639, 100
2026/09/29 11:01:22.647, 5, 8721, 100
2026/09/29 11:01:22.647, 6, 8721, 100
2026/09/29 11:01:22.647, 7, 8719, 100
2026/09/29 11:01:23.647, 0, 4307, 28
2026/09/29 11:01:23.647, 1, 4291, 27
2026/09/29 11:01:23.647, 2, 4273, 28
2026/09/29 11:01:23.647, 3, 4253, 29
2026/09/29 11:01:23.647, 4, 4231, 98
2026/09/29 11:01:23.647, 5, 4275, 30
2026/09/29 11:01:23.647, 6, 4291, 29
2026/09/29 11:01:23.647, 7, 4329, 98
2026/09/29 11:01:24.647, 0, 4227, 99
2026/09/29 11:01:24.648, 1, 3713, 99
2026/09/29 11:01:24.648, 2, 3793, 99
2026/09/29 11:01:24.648, 3, 3713, 99
2026/09/29 11:01:24.648, 4, 3709, 92
2026/09/29 11:01:24.649, 5, 4113, 98
2026/09/29 11:01:24.649, 6, 3751, 99
2026/09/29 11:01:24.649, 7, 4269, 57
2026/09/29 11:01:25.649, 0, 3685, 0
2026/09/29 11:01:25.649, 1, 3713, 0
2026/09/29 11:01:25.649, 2, 3673, 0
2026/09/29 11:01:25.649, 3, 3713, 0
2026/09/29 11:01:25.649, 4, 3709, 0
2026/09/29 11:01:25.650, 5, 3751, 0
2026/09/29 11:01:25.650, 6, 3751, 0
2026/09/29 11:01:25.650, 7, 3697, 0
2026/09/29 11:01:26.650, 0, 3294, 7
2026/09/29 11:01:26.650, 1, 3322, 0
2026/09/29 11:01:26.650, 2, 3282, 0
2026/09/29 11:01:26.650, 3, 3322, 0
2026/09/29 11:01:26.650, 4, 3318, 0
2026/09/29 11:01:26.650, 5, 3360, 7
2026/09/29 11:01:26.650, 6, 3360, 0
2026/09/29 11:01:26.650, 7, 3306, 0
2026/09/29 11:01:27.650, 0, 3294, 0
2026/09/29 11:01:27.651, 1, 3322, 0
2026/09/29 11:01:27.651, 2, 3282, 0
2026/09/29 11:01:27.652, 3, 3322, 0
2026/09/29 11:01:27.652, 4, 3318, 0
2026/09/29 11:01:27.652, 5, 3360, 0
2026/09/29 11:01:27.652, 6, 3360, 0
2026/09/29 11:01:27.652, 7, 3306, 0
2026/09/29 11:01:28.652, 0, 3294, 0
2026/09/29 11:01:28.652, 1, 3322, 0
2026/09/29 11:01:28.652, 2, 3282, 0
2026/09/29 11:01:28.652, 3, 3322, 0
2026/09/29 11:01:28.652, 4, 3318, 0
2026/09/29 11:01:28.652, 5, 3360, 0
2026/09/29 11:01:28.652, 6, 3360, 0
2026/09/29 11:01:28.652, 7, 3306, 0
2026/09/29 11:01:29.652, 0, 3294, 0
2026/09/29 11:01:29.652, 1, 3322, 0
2026/09/29 11:01:29.653, 2, 3282, 0
2026/09/29 11:01:29.653, 3, 3322, 0
2026/09/29 11:01:29.653, 4, 3318, 0
2026/09/29 11:01:29.653, 5, 3360, 0
2026/09/29 11:01:29.653, 6, 3360, 0
2026/09/29 11:01:29.653, 7, 3306, 0
2026/09/29 11:01:30.653, 0, 3192, 0
2026/09/29 11:01:30.653, 1, 3220, 0
2026/09/29 11:01:30.653, 2, 3180, 0
2026/09/29 11:01:30.653, 3, 3220, 0
2026/09/29 11:01:30.653, 4, 3216, 0
2026/09/29 11:01:30.653, 5, 3258, 9
2026/09/29 11:01:30.653, 6, 3258, 13
2026/09/29 11:01:30.653, 7, 3204, 0
2026/09/29 11:01:31.654, 0, 3192, 0
2026/09/29 11:01:31.654, 1, 3220, 0
2026/09/29 11:01:31.654, 2, 3180, 0
2026/09/29 11:01:31.654, 3, 3220, 0
2026/09/29 11:01:31.654, 4, 3216, 0
2026/09/29 11:01:31.654, 5, 3258, 0
2026/09/29 11:01:31.654, 6, 3258, 0
2026/09/29 11:01:31.654, 7, 3204, 0
2026/09/29 11:01:32.654, 0, 3192, 0
2026/09/29 11:01:32.654, 1, 3220, 0
2026/09/29 11:01:32.655, 2, 3180, 0
2026/09/29 11:01:32.655, 3, 3220, 0
2026/09/29 11:01:32.655, 4, 3216, 0
2026/09/29 11:01:32.655, 5, 3258, 0
2026/09/29 11:01:32.655, 6, 3258, 0
2026/09/29 11:01:32.655, 7, 3204, 0
2026/09/29 11:01:33.656, 0, 3192, 0
2026/09/29 11:01:33.656, 1, 3220, 0
2026/09/29 11:01:33.656, 2, 3180, 0
2026/09/29 11:01:33.656, 3, 3220, 0
2026/09/29 11:01:33.656, 4, 3216, 0
2026/09/29 11:01:33.656, 5, 3258, 0
2026/09/29 11:01:33.656, 6, 3258, 0
2026/09/29 11:01:33.656, 7, 3204, 0
2026/09/29 11:01:34.656, 0, 3192, 0
2026/09/29 11:01:34.656, 1, 3220, 0
2026/09/29 11:01:34.656, 2, 3180, 0
2026/09/29 11:01:34.656, 3, 3220, 0
2026/09/29 11:01:34.656, 4, 3216, 0
2026/09/29 11:01:34.656, 5, 3258, 0
2026/09/29 11:01:34.656, 6, 3258, 0
2026/09/29 11:01:34.657, 7, 3204, 0
2026/09/29 11:01:35.657, 0, 3192, 0
2026/09/29 11:01:35.657, 1, 3220, 0
2026/09/29 11:01:35.657, 2, 3180, 0
2026/09/29 11:01:35.657, 3, 3220, 0
2026/09/29 11:01:35.657, 4, 3216, 0
2026/09/29 11:01:35.657, 5, 3258, 0
2026/09/29 11:01:35.657, 6, 3258, 0
2026/09/29 11:01:35.657, 7, 3204, 0
2026/09/29 11:01:36.657, 0, 3192, 0
2026/09/29 11:01:36.657, 1, 3220, 0
2026/09/29 11:01:36.657, 2, 3180, 0
2026/09/29 11:01:36.657, 3, 3220, 0
2026/09/29 11:01:36.657, 4, 3216, 0
2026/09/29 11:01:36.658, 5, 3258, 0
2026/09/29 11:01:36.658, 6, 3258, 0
2026/09/29 11:01:36.658, 7, 3204, 0
2026/09/29 11:01:37.658, 0, 3192, 0
2026/09/29 11:02:03.828, 1, 4, 0
2026/09/29 11:02:50.859, 2, 4, 0
2026/09/29 11:02:50.903, 3, 4, 0
2026/09/29 11:02:50.903, 4, 4, 0
2026/09/29 11:02:50.903, 5, 4, 0
2026/09/29 11:02:50.903, 6, 4, 0
2026/09/29 11:02:50.903, 7, 4, 0
