2026/09/29 11:02:51.547, 0, 1, 0
2026/09/29 11:02:51.549, 1, 1, 0
2026/09/29 11:02:51.551, 2, 1, 0
2026/09/29 11:02:51.553, 3, 1, 0
2026/09/29 11:02:51.555, 4, 1, 0
2026/09/29 11:02:51.557, 5, 1, 0
2026/09/29 11:02:51.559, 6, 1, 0
2026/09/29 11:02:51.561, 7, 1, 0
2026/09/29 11:02:52.563, 0, 1, 0
2026/09/29 11:02:52.563, 1, 1, 0
2026/09/29 11:02:52.563, 2, 1, 0
2026/09/29 11:02:52.563, 3, 1, 0
2026/09/29 11:02:52.563, 4, 1, 0
2026/09/29 11:02:52.563, 5, 1, 0
2026/09/29 11:02:52.563, 6, 1, 0
2026/09/29 11:02:52.564, 7, 1, 0
2026/09/29 11:02:53.564, 0, 4, 0
2026/09/29 11:02:53.591, 1, 1, 0
2026/09/29 11:02:53.591, 2, 1, 0
2026/09/29 11:02:53.591, 3, 1, 0
2026/09/29 11:02:53.591, 4, 1, 0
2026/09/29 11:02:53.591, 5, 1, 0
2026/09/29 11:02:53.592, 6, 1, 0
2026/09/29 11:02:53.592, 7, 1, 0
2026/09/29 11:02:54.592, 0, 4, 0
2026/09/29 11:02:54.592, 1, 4, 0
2026/09/29 11:02:54.592, 2, 4, 0
2026/09/29 11:02:54.592, 3, 4, 0
2026/09/29 11:02:54.592, 4, 4, 0
2026/09/29 11:02:54.592, 5, 4, 0
2026/09/29 11:02:54.592, 6, 4, 0
2026/09/29 11:02:54.592, 7, 4, 0
2026/09/29 11:02:55.592, 0, 4, 0
2026/09/29 11:02:55.592, 1, 4, 0
2026/09/29 11:02:55.592, 2, 4, 0
2026/09/29 11:02:55.593, 3, 4, 0
2026/09/29 11:02:55.593, 4, 4, 0
2026/09/29 11:02:55.593, 5, 4, 0
2026/09/29 11:02:55.593, 6, 4, 0
2026/09/29 11:02:55.593, 7, 4, 0
2026/09/29 11:02:56.593, 0, 4, 0
2026/09/29 11:02:56.593, 1, 4, 0
2026/09/29 11:02:56.593, 2, 4, 0
2026/09/29 11:02:56.593, 3, 4, 0
2026/09/29 11:02:56.593, 4, 4, 0
2026/09/29 11:02:56.593, 5, 4, 0
2026/09/29 11:02:56.593, 6, 4, 0
2026/09/29 11:02:56.593, 7, 4, 0
2026/09/29 11:02:57.593, 0, 4, 0
2026/09/29 11:02:57.594, 1, 4, 0
2026/09/29 11:02:57.594, 2, 4, 0
2026/09/29 11:02:57.594, 3, 4, 0
2026/09/29 11:02:57.594, 4, 4, 0
2026/09/29 11:02:57.594, 5, 4, 0
2026/09/29 11:02:57.594, 6, 4, 0
2026/09/29 11:02:57.594, 7, 4, 0
2026/09/29 11:02:58.594, 0, 4, 0
2026/09/29 11:02:58.594, 1, 4, 0
2026/09/29 11:02:58.594, 2, 4, 0
2026/09/29 11:02:58.594, 3, 4, 0
2026/09/29 11:02:58.594, 4, 4, 0
2026/09/29 11:02:58.594, 5, 4, 0
2026/09/29 11:02:58.594, 6, 4, 0
2026/09/29 11:02:58.594, 7, 4, 0
2026/09/29 11:02:59.595, 0, 4, 0
2026/09/29 11:02:59.595, 1, 4, 0
2026/09/29 11:02:59.595, 2, 4, 0
2026/09/29 11:02:59.595, 3, 4, 0
2026/09/29 11:02:59.595, 4, 4, 0
2026/09/29 11:02:59.595, 5, 4, 0
2026/09/29 11:02:59.595, 6, 4, 0
2026/09/29 11:02:59.595, 7, 4, 0
2026/09/29 11:03:00.595, 0, 4, 0
2026/09/29 11:03:00.595, 1, 4, 0
2026/09/29 11:03:00.595, 2, 4, 0
2026/09/29 11:03:00.595, 3, 4, 0
2026/09/29 11:03:00.595, 4, 4, 0
2026/09/29 11:03:00.596, 5, 4, 0
2026/09/29 11:03:00.596, 6, 4, 0
2026/09/29 11:03:00.596, 7, 4, 0
2026/09/29 11:03:01.596, 0, 4, 0
2026/09/29 11:03:01.596, 1, 4, 0
2026/09/29 11:03:01.596, 2, 4, 0
2026/09/29 11:03:01.596, 3, 4, 0
2026/09/29 11:03:01.596, 4, 4, 0
2026/09/29 11:03:01.596, 5, 4, 0
2026/09/29 11:03:01.596, 6, 4, 0
2026/09/29 11:03:01.596, 7, 4, 0
2026/09/29 11:03:02.596, 0, 4, 0
2026/09/29 11:03:02.597, 1, 4, 0
2026/09/29 11:03:02.597, 2, 4, 0
2026/09/29 11:03:02.597, 3, 4, 0
2026/09/29 11:03:02.597, 4, 4, 0
2026/09/29 11:03:02.597, 5, 4, 0
2026/09/29 11:03:02.597, 6, 4, 0
2026/09/29 11:03:02.597, 7, 4, 0
2026/09/29 11:03:03.597, 0, 4, 0
2026/09/29 11:03:03.597, 1, 4, 0
2026/09/29 11:03:03.597, 2, 4, 0
2026/09/29 11:03:03.597, 3, 4, 0
2026/09/29 11:03:03.597, 4, 4, 0
2026/09/29 11:03:03.597, 5, 4, 0
2026/09/29 11:03:03.598, 6, 4, 0
2026/09/29 11:03:03.598, 7, 4, 0
2026/09/29 11:03:04.598, 0, 14, 0
2026/09/29 11:03:04.606, 1, 21, 0
2026/09/29 11:03:04.613, 2, 36, 0
2026/09/29 11:03:04.617, 3, 396, 0
2026/09/29 11:03:04.622, 4, 8, 0
2026/09/29 11:03:04.628, 5, 396, 0
2026/09/29 11:03:04.635, 6, 21, 0
2026/09/29 11:03:04.667, 7, 396, 0
2026/09/29 11:03:05.668, 0, 606, 0
2026/09/29 11:03:05.668, 1, 606, 6
2026/09/29 11:03:05.668, 2, 606, 0
2026/09/29 11:03:05.668, 3, 606, 6
2026/09/29 11:03:05.668, 4, 606, 7
2026/09/29 11:03:05.668, 5, 606, 0
2026/09/29 11:03:05.668, 6, 606, 5
2026/09/29 11:03:05.669, 7, 606, 0
2026/09/29 11:03:06.669, 0, 606, 0
2026/09/29 11:03:06.669, 1, 606, 0
2026/09/29 11:03:06.669, 2, 606, 0
2026/09/29 11:03:06.669, 3, 606, 0
2026/09/29 11:03:06.669, 4, 606, 0
2026/09/29 11:03:06.669, 5, 606, 0
2026/09/29 11:03:06.669, 6, 606, 0
2026/09/29 11:03:06.669, 7, 606, 0
2026/09/29 11:03:07.669, 0, 606, 0
2026/09/29 11:03:07.670, 1, 606, 0
2026/09/29 11:03:07.670, 2, 606, 0
2026/09/29 11:03:07.670, 3, 606, 0
2026/09/29 11:03:07.670, 4, 606, 0
2026/09/29 11:03:07.670, 5, 606, 0
2026/09/29 11:03:07.670, 6, 606, 0
2026/09/29 11:03:07.670, 7, 606, 0
2026/09/29 11:03:08.670, 0, 606, 0
2026/09/29 11:03:08.670, 1, 606, 0
2026/09/29 11:03:08.670, 2, 606, 0
2026/09/29 11:03:08.670, 3, 606, 0
2026/09/29 11:03:08.670, 4, 606, 0
2026/09/29 11:03:08.670, 5, 606, 0
2026/09/29 11:03:08.670, 6, 606, 0
2026/09/29 11:03:08.670, 7, 606, 0
2026/09/29 11:03:09.671, 0, 606, 0
2026/09/29 11:03:09.671, 1, 606, 0
2026/09/29 11:03:09.671, 2, 606, 0
2026/09/29 11:03:09.671, 3, 606, 0
2026/09/29 11:03:09.671, 4, 606, 0
2026/09/29 11:03:09.671, 5, 606, 0
2026/09/29 11:03:09.671, 6, 606, 0
2026/09/29 11:03:09.671, 7, 606, 0
2026/09/29 11:03:10.671, 0, 606, 0
2026/09/29 11:03:10.671, 1, 606, 0
2026/09/29 11:03:10.671, 2, 606, 0
2026/09/29 11:03:10.672, 3, 606, 0
2026/09/29 11:03:10.672, 4, 606, 0
2026/09/29 11:03:10.672, 5, 606, 0
2026/09/29 11:03:10.672, 6, 606, 0
2026/09/29 11:03:10.672, 7, 606, 0
2026/09/29 11:03:11.672, 0, 606, 0
2026/09/29 11:03:11.672, 1, 606, 0
2026/09/29 11:03:11.672, 2, 606, 0
2026/09/29 11:03:11.672, 3, 606, 0
2026/09/29 11:03:11.672, 4, 606, 0
2026/09/29 11:03:11.672, 5, 606, 0
2026/09/29 11:03:11.672, 6, 606, 0
2026/09/29 11:03:11.672, 7, 606, 0
2026/09/29 11:03:12.672, 0, 606, 0
2026/09/29 11:03:12.673, 1, 606, 0
2026/09/29 11:03:12.673, 2, 606, 0
2026/09/29 11:03:12.673, 3, 606, 0
2026/09/29 11:03:12.673, 4, 606, 0
2026/09/29 11:03:12.673, 5, 606, 0
2026/09/29 11:03:12.673, 6, 606, 0
2026/09/29 11:03:12.673, 7, 606, 0
2026/09/29 11:03:13.673, 0, 606, 0
2026/09/29 11:03:13.673, 1, 606, 0
2026/09/29 11:03:13.673, 2, 606, 0
2026/09/29 11:03:13.673, 3, 606, 0
2026/09/29 11:03:13.673, 4, 606, 0
2026/09/29 11:03:13.673, 5, 606, 0
2026/09/29 11:03:13.673, 6, 606, 0
2026/09/29 11:03:13.673, 7, 606, 0
2026/09/29 11:03:14.674, 0, 606, 0
2026/09/29 11:03:14.674, 1, 606, 0
2026/09/29 11:03:14.674, 2, 606, 0
2026/09/29 11:03:14.674, 3, 606, 0
2026/09/29 11:03:14.674, 4, 606, 0
2026/09/29 11:03:14.674, 5, 606, 0
2026/09/29 11:03:14.674, 6, 606, 0
2026/09/29 11:03:14.674, 7, 606, 0
2026/09/29 11:03:15.674, 0, 606, 0
2026/09/29 11:03:15.674, 1, 606, 0
2026/09/29 11:03:15.674, 2, 606, 0
2026/09/29 11:03:15.674, 3, 606, 0
2026/09/29 11:03:15.675, 4, 606, 0
2026/09/29 11:03:15.675, 5, 606, 0
2026/09/29 11:03:15.675, 6, 606, 0
2026/09/29 11:03:15.675, 7, 606, 0
2026/09/29 11:03:16.675, 0, 606, 0
2026/09/29 11:03:16.675, 1, 606, 0
2026/09/29 11:03:16.675, 2, 606, 0
2026/09/29 11:03:16.675, 3, 606, 0
2026/09/29 11:03:16.675, 4, 606, 0
2026/09/29 11:03:16.675, 5, 606, 0
2026/09/29 11:03:16.675, 6, 606, 0
2026/09/29 11:03:16.675, 7, 606, 0
2026/09/29 11:03:17.675, 0, 606, 0
2026/09/29 11:03:17.675, 1, 606, 0
2026/09/29 11:03:17.676, 2, 606, 0
2026/09/29 11:03:17.676, 3, 606, 0
2026/09/29 11:03:17.676, 4, 606, 0
2026/09/29 11:03:17.676, 5, 606, 0
2026/09/29 11:03:17.676, 6, 606, 0
2026/09/29 11:03:17.676, 7, 606, 0
2026/09/29 11:03:18.676, 0, 606, 0
2026/09/29 11:03:18.676, 1, 606, 0
2026/09/29 11:03:18.676, 2, 606, 0
2026/09/29 11:03:18.676, 3, 606, 0
2026/09/29 11:03:18.676, 4, 606, 0
2026/09/29 11:03:18.676, 5, 606, 0
2026/09/29 11:03:18.676, 6, 606, 0
2026/09/29 11:03:18.676, 7, 606, 0
2026/09/29 11:03:19.677, 0, 606, 0
2026/09/29 11:03:19.677, 1, 606, 0
2026/09/29 11:03:19.677, 2, 606, 0
2026/09/29 11:03:19.677, 3, 606, 0
2026/09/29 11:03:19.677, 4, 606, 0
2026/09/29 11:03:19.677, 5, 606, 0
2026/09/29 11:03:19.677, 6, 606, 0
2026/09/29 11:03:19.677, 7, 606, 0
2026/09/29 11:03:20.677, 0, 606, 0
2026/09/29 11:03:20.677, 1, 606, 0
2026/09/29 11:03:20.677, 2, 606, 0
2026/09/29 11:03:20.677, 3, 606, 0
2026/09/29 11:03:20.677, 4, 606, 0
2026/09/29 11:03:20.678, 5, 606, 0
2026/09/29 11:03:20.678, 6, 606, 0
2026/09/29 11:03:20.678, 7, 606, 0
2026/09/29 11:03:21.678, 0, 606, 0
2026/09/29 11:03:21.678, 1, 606, 0
2026/09/29 11:03:21.678, 2, 606, 0
2026/09/29 11:03:21.678, 3, 606, 0
2026/09/29 11:03:21.678, 4, 606, 0
2026/09/29 11:03:21.678, 5, 606, 0
2026/09/29 11:03:21.678, 6, 606, 0
2026/09/29 11:03:21.678, 7, 606, 0
2026/09/29 11:03:22.678, 0, 606, 0
2026/09/29 11:03:22.678, 1, 606, 0
2026/09/29 11:03:22.678, 2, 606, 0
2026/09/29 11:03:22.678, 3, 606, 0
2026/09/29 11:03:22.679, 4, 606, 0
2026/09/29 11:03:22.679, 5, 606, 0
2026/09/29 11:03:22.679, 6, 606, 0
2026/09/29 11:03:22.679, 7, 606, 0
2026/09/29 11:03:23.679, 0, 606, 0
2026/09/29 11:03:23.679, 1, 606, 0
2026/09/29 11:03:23.679, 2, 606, 0
2026/09/29 11:03:23.679, 3, 606, 0
2026/09/29 11:03:23.679, 4, 606, 0
2026/09/29 11:03:23.679, 5, 606, 0
2026/09/29 11:03:23.679, 6, 606, 0
2026/09/29 11:03:23.679, 7, 606, 0
2026/09/29 11:03:24.679, 0, 606, 0
2026/09/29 11:03:24.680, 1, 606, 0
2026/09/29 11:03:24.680, 2, 606, 0
2026/09/29 11:03:24.680, 3, 606, 0
2026/09/29 11:03:24.680, 4, 606, 0
2026/09/29 11:03:24.680, 5, 606, 0
2026/09/29 11:03:24.680, 6, 606, 0
2026/09/29 11:03:24.680, 7, 606, 0
2026/09/29 11:03:25.680, 0, 606, 0
2026/09/29 11:03:25.680, 1, 606, 0
2026/09/29 11:03:25.680, 2, 606, 0
2026/09/29 11:03:25.680, 3, 606, 0
2026/09/29 11:03:25.680, 4, 606, 0
2026/09/29 11:03:25.680, 5, 606, 0
2026/09/29 11:03:25.680, 6, 606, 0
2026/09/29 11:03:25.680, 7, 606, 0
2026/09/29 11:03:26.681, 0, 606, 0
2026/09/29 11:03:26.681, 1, 606, 0
2026/09/29 11:03:26.681, 2, 606, 0
2026/09/29 11:03:26.681, 3, 606, 0
2026/09/29 11:03:26.681, 4, 606, 0
2026/09/29 11:03:26.681, 5, 606, 0
2026/09/29 11:03:26.681, 6, 606, 0
2026/09/29 11:03:26.681, 7, 606, 0
2026/09/29 11:03:27.681, 0, 606, 0
2026/09/29 11:03:27.681, 1, 606, 0
2026/09/29 11:03:27.681, 2, 606, 0
2026/09/29 11:03:27.681, 3, 606, 0
2026/09/29 11:03:27.681, 4, 606, 0
2026/09/29 11:03:27.681, 5, 606, 0
2026/09/29 11:03:27.682, 6, 606, 0
2026/09/29 11:03:27.682, 7, 606, 0
2026/09/29 11:03:28.682, 0, 606, 0
2026/09/29 11:03:28.682, 1, 606, 0
2026/09/29 11:03:28.682, 2, 606, 0
2026/09/29 11:03:28.682, 3, 606, 0
2026/09/29 11:03:28.682, 4, 606, 0
2026/09/29 11:03:28.683, 5, 606, 0
2026/09/29 11:03:28.683, 6, 606, 0
2026/09/29 11:03:28.683, 7, 606, 0
2026/09/29 11:03:29.683, 0, 606, 0
2026/09/29 11:03:29.683, 1, 606, 0
2026/09/29 11:03:29.683, 2, 606, 0
2026/09/29 11:03:29.683, 3, 606, 0
2026/09/29 11:03:29.683, 4, 606, 0
2026/09/29 11:03:29.683, 5, 606, 0
2026/09/29 11:03:29.683, 6, 606, 0
2026/09/29 11:03:29.683, 7, 606, 0
2026/09/29 11:03:30.683, 0, 606, 0
2026/09/29 11:03:30.684, 1, 606, 0
2026/09/29 11:03:30.684, 2, 606, 0
2026/09/29 11:03:30.684, 3, 606, 0
2026/09/29 11:03:30.684, 4, 606, 0
2026/09/29 11:03:30.684, 5, 606, 0
2026/09/29 11:03:30.684, 6, 606, 0
2026/09/29 11:03:30.684, 7, 606, 0
2026/09/29 11:03:31.684, 0, 606, 0
2026/09/29 11:03:31.684, 1, 606, 0
2026/09/29 11:03:31.684, 2, 606, 0
2026/09/29 11:03:31.684, 3, 606, 0
2026/09/29 11:03:31.684, 4, 606, 0
2026/09/29 11:03:31.684, 5, 606, 0
2026/09/29 11:03:31.684, 6, 606, 0
2026/09/29 11:03:31.684, 7, 606, 0
2026/09/29 11:03:32.685, 0, 606, 0
2026/09/29 11:03:32.685, 1, 606, 0
2026/09/29 11:03:32.685, 2, 606, 0
2026/09/29 11:03:32.685, 3, 606, 0
2026/09/29 11:03:32.685, 4, 606, 0
2026/09/29 11:03:32.685, 5, 606, 0
2026/09/29 11:03:32.685, 6, 606, 0
2026/09/29 11:03:32.685, 7, 606, 0
2026/09/29 11:03:33.685, 0, 606, 0
2026/09/29 11:03:33.685, 1, 606, 0
2026/09/29 11:03:33.686, 2, 606, 0
2026/09/29 11:03:33.686, 3, 606, 0
2026/09/29 11:03:33.686, 4, 606, 0
2026/09/29 11:03:33.686, 5, 606, 0
2026/09/29 11:03:33.686, 6, 606, 0
2026/09/29 11:03:33.686, 7, 606, 0
2026/09/29 11:03:34.686, 0, 606, 0
2026/09/29 11:03:34.686, 1, 606, 0
2026/09/29 11:03:34.686, 2, 606, 0
2026/09/29 11:03:34.686, 3, 606, 0
2026/09/29 11:03:34.686, 4, 606, 0
2026/09/29 11:03:34.686, 5, 606, 0
2026/09/29 11:03:34.686, 6, 606, 0
2026/09/29 11:03:34.687, 7, 606, 0
2026/09/29 11:03:35.687, 0, 606, 0
2026/09/29 11:03:35.687, 1, 606, 0
2026/09/29 11:03:35.687, 2, 606, 0
2026/09/29 11:03:35.687, 3, 606, 0
2026/09/29 11:03:35.687, 4, 606, 0
2026/09/29 11:03:35.687, 5, 606, 0
2026/09/29 11:03:35.687, 6, 606, 0
2026/09/29 11:03:35.687, 7, 606, 0
2026/09/29 11:03:36.687, 0, 606, 0
2026/09/29 11:03:36.687, 1, 606, 0
2026/09/29 11:03:36.687, 2, 606, 0
2026/09/29 11:03:36.687, 3, 606, 0
2026/09/29 11:03:36.688, 4, 606, 0
2026/09/29 11:03:36.688, 5, 606, 0
2026/09/29 11:03:36.688, 6, 606, 0
2026/09/29 11:03:36.688, 7, 606, 0
2026/09/29 11:03:37.688, 0, 606, 0
2026/09/29 11:03:37.688, 1, 606, 0
2026/09/29 11:03:37.688, 2, 606, 0
2026/09/29 11:03:37.688, 3, 606, 0
2026/09/29 11:03:37.688, 4, 606, 0
2026/09/29 11:03:37.688, 5, 606, 0
2026/09/29 11:03:37.688, 6, 606, 0
2026/09/29 11:03:37.688, 7, 606, 0
2026/09/29 11:03:38.688, 0, 606, 0
2026/09/29 11:03:38.689, 1, 606, 0
2026/09/29 11:03:38.689, 2, 606, 0
2026/09/29 11:03:38.689, 3, 606, 0
2026/09/29 11:03:38.689, 4, 606, 0
2026/09/29 11:03:38.689, 5, 606, 0
2026/09/29 11:03:38.689, 6, 606, 0
2026/09/29 11:03:38.689, 7, 606, 0
2026/09/29 11:03:39.689, 0, 606, 0
2026/09/29 11:03:39.689, 1, 606, 0
2026/09/29 11:03:39.689, 2, 606, 0
2026/09/29 11:03:39.689, 3, 606, 0
2026/09/29 11:03:39.690, 4, 606, 0
2026/09/29 11:03:39.690, 5, 606, 0
2026/09/29 11:03:39.690, 6, 606, 0
2026/09/29 11:03:39.690, 7, 606, 0
2026/09/29 11:03:40.690, 0, 606, 0
2026/09/29 11:03:40.690, 1, 606, 0
2026/09/29 11:03:40.690, 2, 606, 0
2026/09/29 11:03:40.690, 3, 606, 0
2026/09/29 11:03:40.690, 4, 606, 0
2026/09/29 11:03:40.690, 5, 606, 0
2026/09/29 11:03:40.690, 6, 606, 0
2026/09/29 11:03:40.690, 7, 606, 0
2026/09/29 11:03:41.690, 0, 606, 0
2026/09/29 11:03:41.691, 1, 606, 0
2026/09/29 11:03:41.691, 2, 606, 0
2026/09/29 11:03:41.691, 3, 606, 0
2026/09/29 11:03:41.691, 4, 606, 0
2026/09/29 11:03:41.691, 5, 606, 0
2026/09/29 11:03:41.691, 6, 606, 0
2026/09/29 11:03:41.691, 7, 606, 0
2026/09/29 11:03:42.691, 0, 606, 0
2026/09/29 11:03:42.691, 1, 606, 0
2026/09/29 11:03:42.691, 2, 606, 0
2026/09/29 11:03:42.691, 3, 606, 0
2026/09/29 11:03:42.691, 4, 606, 0
2026/09/29 11:03:42.691, 5, 606, 0
2026/09/29 11:03:42.691, 6, 606, 0
2026/09/29 11:03:42.692, 7, 606, 0
2026/09/29 11:03:43.692, 0, 606, 0
2026/09/29 11:03:43.692, 1, 606, 0
2026/09/29 11:03:43.692, 2, 606, 0
2026/09/29 11:03:43.692, 3, 606, 0
2026/09/29 11:03:43.692, 4, 606, 0
2026/09/29 11:03:43.692, 5, 606, 0
2026/09/29 11:03:43.692, 6, 606, 0
2026/09/29 11:03:43.692, 7, 606, 1
2026/09/29 11:03:44.692, 0, 1786, 0
2026/09/29 11:03:44.692, 1, 2146, 1
2026/09/29 11:03:44.692, 2, 2146, 0
2026/09/29 11:03:44.692, 3, 1526, 0
2026/09/29 11:03:44.693, 4, 2148, 56
2026/09/29 11:03:44.693, 5, 1726, 0
2026/09/29 11:03:44.693, 6, 2148, 20
2026/09/29 11:03:44.693, 7, 2148, 63
2026/09/29 11:03:45.693, 0, 2148, 0
2026/09/29 11:03:45.693, 1, 2150, 0
2026/09/29 11:03:45.693, 2, 2150, 0
2026/09/29 11:03:45.693, 3, 2148, 0
2026/09/29 11:03:45.693, 4, 2150, 0
2026/09/29 11:03:45.693, 5, 2148, 0
2026/09/29 11:03:45.693, 6, 2150, 1
2026/09/29 11:03:45.693, 7, 2150, 0
2026/09/29 11:03:46.693, 0, 2150, 0
2026/09/29 11:03:46.694, 1, 2150, 0
2026/09/29 11:03:46.694, 2, 2150, 0
2026/09/29 11:03:46.694, 3, 2150, 0
2026/09/29 11:03:46.694, 4, 2152, 1
2026/09/29 11:03:46.694, 5, 2150, 0
2026/09/29 11:03:46.694, 6, 2152, 0
2026/09/29 11:03:46.694, 7, 2152, 0
2026/09/29 11:03:47.694, 0, 2154, 0
2026/09/29 11:03:47.694, 1, 2154, 0
2026/09/29 11:03:47.694, 2, 2154, 0
2026/09/29 11:03:47.694, 3, 2152, 0
2026/09/29 11:03:47.694, 4, 2154, 1
2026/09/29 11:03:47.694, 5, 2154, 0
2026/09/29 11:03:47.694, 6, 2154, 0
2026/09/29 11:03:47.694, 7, 2154, 0
2026/09/29 11:03:48.695, 0, 2154, 0
2026/09/29 11:03:48.695, 1, 2156, 0
2026/09/29 11:03:48.695, 2, 2156, 0
2026/09/29 11:03:48.696, 3, 2154, 0
2026/09/29 11:03:48.696, 4, 2156, 1
2026/09/29 11:03:48.696, 5, 2156, 0
2026/09/29 11:03:48.696, 6, 2156, 0
2026/09/29 11:03:48.696, 7, 2156, 0
2026/09/29 11:03:49.696, 0, 2158, 0
2026/09/29 11:03:49.696, 1, 2158, 0
2026/09/29 11:03:49.696, 2, 2158, 0
2026/09/29 11:03:49.697, 3, 2156, 0
2026/09/29 11:03:49.697, 4, 2158, 0
2026/09/29 11:03:49.697, 5, 2158, 0
2026/09/29 11:03:49.698, 6, 2160, 0
2026/09/29 11:03:49.698, 7, 2158, 0
2026/09/29 11:03:50.699, 0, 2160, 1
2026/09/29 11:03:50.699, 1, 2160, 1
2026/09/29 11:03:50.699, 2, 2160, 0
2026/09/29 11:03:50.699, 3, 2158, 0
2026/09/29 11:03:50.699, 4, 2160, 0
2026/09/29 11:03:50.699, 5, 2160, 0
2026/09/29 11:03:50.699, 6, 2162, 0
2026/09/29 11:03:50.699, 7, 2160, 0
2026/09/29 11:03:51.699, 0, 2162, 0
2026/09/29 11:03:51.699, 1, 2162, 0
2026/09/29 11:03:51.700, 2, 2162, 0
2026/09/29 11:03:51.700, 3, 2160, 0
2026/09/29 11:03:51.700, 4, 2162, 0
2026/09/29 11:03:51.700, 5, 2162, 0
2026/09/29 11:03:51.700, 6, 2164, 0
2026/09/29 11:03:51.700, 7, 2162, 0
2026/09/29 11:03:52.701, 0, 2164, 0
2026/09/29 11:03:52.701, 1, 2164, 0
2026/09/29 11:03:52.701, 2, 2164, 0
2026/09/29 11:03:52.701, 3, 2162, 0
2026/09/29 11:03:52.701, 4, 2164, 0
2026/09/29 11:03:52.701, 5, 2164, 0
2026/09/29 11:03:52.701, 6, 2166, 0
2026/09/29 11:03:52.701, 7, 2164, 0
2026/09/29 11:03:53.701, 0, 2166, 0
2026/09/29 11:03:53.701, 1, 2166, 0
2026/09/29 11:03:53.701, 2, 2166, 1
2026/09/29 11:03:53.701, 3, 2164, 0
2026/09/29 11:03:53.701, 4, 2166, 0
2026/09/29 11:03:53.701, 5, 2166, 0
2026/09/29 11:03:53.702, 6, 2168, 0
2026/09/29 11:03:53.702, 7, 2166, 0
2026/09/29 11:03:54.702, 0, 2168, 0
2026/09/29 11:03:54.703, 1, 2168, 0
2026/09/29 11:03:54.703, 2, 2168, 0
2026/09/29 11:03:54.704, 3, 2166, 0
2026/09/29 11:03:54.705, 4, 2168, 0
2026/09/29 11:03:54.706, 5, 2168, 0
2026/09/29 11:03:54.706, 6, 2170, 0
2026/09/29 11:03:54.706, 7, 2168, 0
2026/09/29 11:03:55.706, 0, 2170, 0
2026/09/29 11:03:55.706, 1, 2170, 0
2026/09/29 11:03:55.706, 2, 2170, 0
2026/09/29 11:03:55.706, 3, 2168, 0
2026/09/29 11:03:55.706, 4, 2170, 0
2026/09/29 11:03:55.706, 5, 2170, 0
2026/09/29 11:03:55.706, 6, 2172, 0
2026/09/29 11:03:55.706, 7, 2172, 0
2026/09/29 11:03:56.707, 0, 2172, 0
2026/09/29 11:03:56.707, 1, 2172, 0
2026/09/29 11:03:56.707, 2, 2172, 0
2026/09/29 11:03:56.707, 3, 2170, 0
2026/09/29 11:03:56.707, 4, 2172, 1
2026/09/29 11:03:56.707, 5, 2172, 0
2026/09/29 11:03:56.707, 6, 2174, 0
2026/09/29 11:03:56.707, 7, 2172, 0
2026/09/29 11:03:57.707, 0, 2174, 0
2026/09/29 11:03:57.707, 1, 2174, 0
2026/09/29 11:03:57.707, 2, 2174, 0
2026/09/29 11:03:57.707, 3, 2172, 0
2026/09/29 11:03:57.708, 4, 2174, 0
2026/09/29 11:03:57.708, 5, 2176, 0
2026/09/29 11:03:57.708, 6, 2178, 0
2026/09/29 11:03:57.708, 7, 2176, 0
2026/09/29 11:03:58.709, 0, 2176, 0
2026/09/29 11:03:58.709, 1, 2176, 0
2026/09/29 11:03:58.709, 2, 2176, 0
2026/09/29 11:03:58.709, 3, 2174, 0
2026/09/29 11:03:58.709, 4, 2176, 0
2026/09/29 11:03:58.709, 5, 2178, 0
2026/09/29 11:03:58.709, 6, 2180, 0
2026/09/29 11:03:58.709, 7, 2178, 0
2026/09/29 11:03:59.709, 0, 2178, 0
2026/09/29 11:03:59.709, 1, 2178, 0
2026/09/29 11:03:59.709, 2, 2178, 0
2026/09/29 11:03:59.709, 3, 2176, 0
2026/09/29 11:03:59.710, 4, 2178, 1
2026/09/29 11:03:59.710, 5, 2180, 0
2026/09/29 11:03:59.710, 6, 2182, 0
2026/09/29 11:03:59.710, 7, 2180, 0
2026/09/29 11:04:00.711, 0, 2180, 0
2026/09/29 11:04:00.711, 1, 2180, 0
2026/09/29 11:04:00.711, 2, 2180, 0
2026/09/29 11:04:00.712, 3, 2178, 0
2026/09/29 11:04:00.712, 4, 2180, 1
2026/09/29 11:04:00.712, 5, 2182, 0
2026/09/29 11:04:00.712, 6, 2184, 0
2026/09/29 11:04:00.712, 7, 2182, 0
2026/09/29 11:04:01.713, 0, 2182, 0
2026/09/29 11:04:01.716, 1, 2182, 0
2026/09/29 11:04:01.717, 2, 2182, 0
2026/09/29 11:04:01.717, 3, 2180, 0
2026/09/29 11:04:01.717, 4, 2182, 0
2026/09/29 11:04:01.717, 5, 2184, 0
2026/09/29 11:04:01.717, 6, 2186, 0
2026/09/29 11:04:01.718, 7, 2184, 0
2026/09/29 11:04:02.718, 0, 2184, 0
2026/09/29 11:04:02.720, 1, 2184, 0
2026/09/29 11:04:02.720, 2, 2184, 0
2026/09/29 11:04:02.720, 3, 2182, 0
2026/09/29 11:04:02.720, 4, 2186, 0
2026/09/29 11:04:02.720, 5, 2186, 0
2026/09/29 11:04:02.721, 6, 2188, 0
2026/09/29 11:04:02.721, 7, 2186, 1
2026/09/29 11:04:03.722, 0, 2188, 0
2026/09/29 11:04:03.722, 1, 2186, 0
2026/09/29 11:04:03.722, 2, 2186, 1
2026/09/29 11:04:03.722, 3, 2184, 0
2026/09/29 11:04:03.723, 4, 2188, 0
2026/09/29 11:04:03.723, 5, 2188, 0
2026/09/29 11:04:03.723, 6, 2190, 0
2026/09/29 11:04:03.723, 7, 2188, 0
2026/09/29 11:04:04.723, 0, 2188, 0
2026/09/29 11:04:04.723, 1, 2188, 0
2026/09/29 11:04:04.723, 2, 2188, 0
2026/09/29 11:04:04.723, 3, 2188, 0
2026/09/29 11:04:04.723, 4, 2188, 0
2026/09/29 11:04:04.723, 5, 2190, 0
2026/09/29 11:04:04.724, 6, 2192, 0
2026/09/29 11:04:04.724, 7, 2190, 0
2026/09/29 11:04:05.724, 0, 2190, 0
2026/09/29 11:04:05.724, 1, 2190, 0
2026/09/29 11:04:05.724, 2, 2190, 0
2026/09/29 11:04:05.725, 3, 2188, 0
2026/09/29 11:04:05.725, 4, 2190, 0
2026/09/29 11:04:05.725, 5, 2192, 0
2026/09/29 11:04:05.725, 6, 2194, 0
2026/09/29 11:04:05.725, 7, 2190, 0
2026/09/29 11:04:06.725, 0, 2192, 0
2026/09/29 11:04:06.725, 1, 2190, 0
2026/09/29 11:04:06.725, 2, 2190, 1
2026/09/29 11:04:06.725, 3, 2190, 0
2026/09/29 11:04:06.725, 4, 2192, 0
2026/09/29 11:04:06.725, 5, 2194, 1
2026/09/29 11:04:06.725, 6, 2196, 0
2026/09/29 11:04:06.725, 7, 2192, 0
2026/09/29 11:04:07.725, 0, 2194, 0
2026/09/29 11:04:07.726, 1, 2192, 1
2026/09/29 11:04:07.726, 2, 2192, 0
2026/09/29 11:04:07.726, 3, 2192, 0
2026/09/29 11:04:07.726, 4, 2194, 0
2026/09/29 11:04:07.726, 5, 2196, 0
2026/09/29 11:04:07.726, 6, 2198, 0
2026/09/29 11:04:07.726, 7, 2194, 0
2026/09/29 11:04:08.726, 0, 2196, 0
2026/09/29 11:04:08.727, 1, 2194, 0
2026/09/29 11:04:08.727, 2, 2194, 0
2026/09/29 11:04:08.727, 3, 2194, 0
2026/09/29 11:04:08.727, 4, 2196, 0
2026/09/29 11:04:08.727, 5, 2198, 0
2026/09/29 11:04:08.727, 6, 2200, 0
2026/09/29 11:04:08.727, 7, 2196, 0
2026/09/29 11:04:09.728, 0, 2198, 0
2026/09/29 11:04:09.728, 1, 2196, 0
2026/09/29 11:04:09.728, 2, 2196, 0
2026/09/29 11:04:09.728, 3, 2196, 0
2026/09/29 11:04:09.728, 4, 2198, 0
2026/09/29 11:04:09.728, 5, 2200, 0
2026/09/29 11:04:09.728, 6, 2202, 0
2026/09/29 11:04:09.728, 7, 2196, 1
2026/09/29 11:04:10.728, 0, 2200, 1
2026/09/29 11:04:10.729, 1, 2198, 0
2026/09/29 11:04:10.729, 2, 2198, 0
2026/09/29 11:04:10.729, 3, 2198, 1
2026/09/29 11:04:10.729, 4, 2200, 0
2026/09/29 11:04:10.729, 5, 2202, 0
2026/09/29 11:04:10.729, 6, 2204, 0
2026/09/29 11:04:10.729, 7, 2198, 0
2026/09/29 11:04:11.729, 0, 2202, 1
2026/09/29 11:04:11.729, 1, 2200, 1
2026/09/29 11:04:11.729, 2, 2200, 0
2026/09/29 11:04:11.729, 3, 2200, 1
2026/09/29 11:04:11.729, 4, 2202, 0
2026/09/29 11:04:11.730, 5, 2202, 0
2026/09/29 11:04:11.730, 6, 2206, 0
2026/09/29 11:04:11.730, 7, 2200, 0
2026/09/29 11:04:12.730, 0, 2204, 0
2026/09/29 11:04:12.730, 1, 2202, 0
2026/09/29 11:04:12.730, 2, 2202, 0
2026/09/29 11:04:12.730, 3, 2202, 0
2026/09/29 11:04:12.730, 4, 2204, 0
2026/09/29 11:04:12.730, 5, 2206, 0
2026/09/29 11:04:12.730, 6, 2206, 0
2026/09/29 11:04:12.730, 7, 2200, 0
2026/09/29 11:04:13.731, 0, 2206, 0
2026/09/29 11:04:13.731, 1, 2204, 0
2026/09/29 11:04:13.731, 2, 2204, 0
2026/09/29 11:04:13.731, 3, 2202, 0
2026/09/29 11:04:13.731, 4, 2206, 1
2026/09/29 11:04:13.731, 5, 2206, 0
2026/09/29 11:04:13.731, 6, 2208, 0
2026/09/29 11:04:13.731, 7, 2202, 0
2026/09/29 11:04:14.731, 0, 2208, 0
2026/09/29 11:04:14.731, 1, 2206, 0
2026/09/29 11:04:14.731, 2, 2206, 0
2026/09/29 11:04:14.732, 3, 2204, 0
2026/09/29 11:04:14.732, 4, 2206, 0
2026/09/29 11:04:14.732, 5, 2208, 1
2026/09/29 11:04:14.732, 6, 2208, 0
2026/09/29 11:04:14.732, 7, 2202, 0
2026/09/29 11:04:15.732, 0, 2210, 0
2026/09/29 11:04:15.732, 1, 2208, 0
2026/09/29 11:04:15.732, 2, 2208, 0
2026/09/29 11:04:15.732, 3, 2206, 1
2026/09/29 11:04:15.732, 4, 2208, 0
2026/09/29 11:04:15.732, 5, 2210, 0
2026/09/29 11:04:15.732, 6, 2210, 0
2026/09/29 11:04:15.733, 7, 2204, 0
2026/09/29 11:04:16.733, 0, 2212, 0
2026/09/29 11:04:16.733, 1, 2210, 0
2026/09/29 11:04:16.734, 2, 2210, 1
2026/09/29 11:04:16.734, 3, 2208, 0
2026/09/29 11:04:16.735, 4, 2210, 0
2026/09/29 11:04:16.735, 5, 2212, 0
2026/09/29 11:04:16.735, 6, 2212, 0
2026/09/29 11:04:16.735, 7, 2206, 1
2026/09/29 11:04:17.736, 0, 2214, 1
2026/09/29 11:04:17.737, 1, 2212, 1
2026/09/29 11:04:17.739, 2, 2212, 1
2026/09/29 11:04:17.739, 3, 2210, 0
2026/09/29 11:04:17.740, 4, 2212, 1
2026/09/29 11:04:17.740, 5, 2214, 0
2026/09/29 11:04:17.740, 6, 2214, 0
2026/09/29 11:04:17.741, 7, 2206, 0
2026/09/29 11:04:18.741, 0, 2216, 0
2026/09/29 11:04:18.741, 1, 2214, 1
2026/09/29 11:04:18.742, 2, 2212, 0
2026/09/29 11:04:18.744, 3, 2212, 0
2026/09/29 11:04:18.746, 4, 2214, 0
2026/09/29 11:04:18.748, 5, 2216, 0
2026/09/29 11:04:18.748, 6, 2216, 0
2026/09/29 11:04:18.749, 7, 2208, 0
2026/09/29 11:04:19.749, 0, 2216, 0
2026/09/29 11:04:19.749, 1, 2216, 0
2026/09/29 11:04:19.749, 2, 2214, 0
2026/09/29 11:04:19.750, 3, 2214, 0
2026/09/29 11:04:19.750, 4, 2216, 0
2026/09/29 11:04:19.750, 5, 2216, 0
2026/09/29 11:04:19.750, 6, 2218, 0
2026/09/29 11:04:19.750, 7, 2208, 0
2026/09/29 11:04:20.750, 0, 2218, 0
2026/09/29 11:04:20.750, 1, 2216, 0
2026/09/29 11:04:20.750, 2, 2216, 0
2026/09/29 11:04:20.750, 3, 2216, 0
2026/09/29 11:04:20.750, 4, 2218, 0
2026/09/29 11:04:20.750, 5, 2218, 0
2026/09/29 11:04:20.751, 6, 2220, 0
2026/09/29 11:04:20.751, 7, 2210, 0
2026/09/29 11:04:21.751, 0, 2220, 0
2026/09/29 11:04:21.751, 1, 2218, 0
2026/09/29 11:04:21.751, 2, 2218, 1
2026/09/29 11:04:21.751, 3, 2218, 0
2026/09/29 11:04:21.751, 4, 2220, 0
2026/09/29 11:04:21.751, 5, 2220, 0
2026/09/29 11:04:21.751, 6, 2220, 0
2026/09/29 11:04:21.751, 7, 2210, 0
2026/09/29 11:04:22.752, 0, 2222, 0
2026/09/29 11:04:22.753, 1, 2220, 0
2026/09/29 11:04:22.754, 2, 2220, 1
2026/09/29 11:04:22.756, 3, 2220, 0
2026/09/29 11:04:22.757, 4, 2222, 0
2026/09/29 11:04:22.758, 5, 2220, 0
2026/09/29 11:04:22.759, 6, 2222, 0
2026/09/29 11:04:22.759, 7, 2212, 0
2026/09/29 11:04:23.759, 0, 2224, 0
2026/09/29 11:04:23.760, 1, 2222, 0
2026/09/29 11:04:23.760, 2, 2222, 0
2026/09/29 11:04:23.760, 3, 2222, 0
2026/09/29 11:04:23.760, 4, 2224, 1
2026/09/29 11:04:23.760, 5, 2222, 0
2026/09/29 11:04:23.760, 6, 2224, 0
2026/09/29 11:04:23.760, 7, 2212, 0
2026/09/29 11:04:24.760, 0, 2226, 0
2026/09/29 11:04:24.760, 1, 2224, 0
2026/09/29 11:04:24.760, 2, 2224, 0
2026/09/29 11:04:24.761, 3, 2224, 0
2026/09/29 11:04:24.761, 4, 2226, 0
2026/09/29 11:04:24.761, 5, 2224, 0
2026/09/29 11:04:24.761, 6, 2226, 1
2026/09/29 11:04:24.761, 7, 2214, 0
2026/09/29 11:04:25.761, 0, 2228, 0
2026/09/29 11:04:25.761, 1, 2226, 0
2026/09/29 11:04:25.761, 2, 2226, 0
2026/09/29 11:04:25.761, 3, 2224, 0
2026/09/29 11:04:25.761, 4, 2228, 0
2026/09/29 11:04:25.761, 5, 2226, 0
2026/09/29 11:04:25.761, 6, 2228, 0
2026/09/29 11:04:25.761, 7, 2216, 0
2026/09/29 11:04:26.761, 0, 2230, 0
2026/09/29 11:04:26.762, 1, 2228, 0
2026/09/29 11:04:26.762, 2, 2228, 0
2026/09/29 11:04:26.762, 3, 2226, 0
2026/09/29 11:04:26.762, 4, 2230, 0
2026/09/29 11:04:26.762, 5, 2228, 0
2026/09/29 11:04:26.762, 6, 2230, 0
2026/09/29 11:04:26.762, 7, 2216, 0
2026/09/29 11:04:27.764, 0, 2230, 0
2026/09/29 11:04:27.764, 1, 2230, 0
2026/09/29 11:04:27.764, 2, 2230, 0
2026/09/29 11:04:27.764, 3, 2228, 1
2026/09/29 11:04:27.764, 4, 2232, 0
2026/09/29 11:04:27.764, 5, 2228, 0
2026/09/29 11:04:27.764, 6, 2232, 0
2026/09/29 11:04:27.764, 7, 2218, 0
2026/09/29 11:04:28.764, 0, 2232, 0
2026/09/29 11:04:28.765, 1, 2232, 0
2026/09/29 11:04:28.765, 2, 2232, 0
2026/09/29 11:04:28.765, 3, 2230, 0
2026/09/29 11:04:28.765, 4, 2232, 0
2026/09/29 11:04:28.765, 5, 2230, 0
2026/09/29 11:04:28.765, 6, 2234, 0
2026/09/29 11:04:28.765, 7, 2220, 0
2026/09/29 11:04:29.765, 0, 2234, 1
2026/09/29 11:04:29.765, 1, 2234, 1
2026/09/29 11:04:29.765, 2, 2232, 0
2026/09/29 11:04:29.765, 3, 2232, 0
2026/09/29 11:04:29.765, 4, 2234, 0
2026/09/29 11:04:29.765, 5, 2232, 1
2026/09/29 11:04:29.765, 6, 2234, 1
2026/09/29 11:04:29.766, 7, 2222, 1
2026/09/29 11:04:30.766, 0, 2236, 0
2026/09/29 11:04:30.766, 1, 2236, 0
2026/09/29 11:04:30.766, 2, 2234, 0
2026/09/29 11:04:30.766, 3, 2234, 0
2026/09/29 11:04:30.766, 4, 2236, 0
2026/09/29 11:04:30.766, 5, 2234, 0
2026/09/29 11:04:30.767, 6, 2236, 0
2026/09/29 11:04:30.767, 7, 2222, 0
2026/09/29 11:04:31.768, 0, 2236, 0
2026/09/29 11:04:31.768, 1, 2238, 0
2026/09/29 11:04:31.768, 2, 2236, 0
2026/09/29 11:04:31.768, 3, 2236, 0
2026/09/29 11:04:31.768, 4, 13078, 0
2026/09/29 11:04:31.768, 5, 2234, 0
2026/09/29 11:04:31.768, 6, 2238, 1
2026/09/29 11:04:31.768, 7, 2224, 0
2026/09/29 11:04:32.768, 0, 8658, 0
2026/09/29 11:04:32.768, 1, 13078, 0
2026/09/29 11:04:32.768, 2, 13078, 1
2026/09/29 11:04:32.768, 3, 13078, 0
2026/09/29 11:04:32.769, 4, 13078, 0
2026/09/29 11:04:32.769, 5, 2236, 0
2026/09/29 11:04:32.769, 6, 13078, 0
2026/09/29 11:04:32.769, 7, 2226, 0
2026/09/29 11:04:33.769, 0, 13078, 0
2026/09/29 11:04:33.769, 1, 13078, 0
2026/09/29 11:04:33.769, 2, 13078, 0
2026/09/29 11:04:33.769, 3, 13078, 0
2026/09/29 11:04:33.770, 4, 13078, 0
2026/09/29 11:04:33.770, 5, 7198, 0
2026/09/29 11:04:33.770, 6, 13078, 0
2026/09/29 11:04:33.770, 7, 2228, 0
2026/09/29 11:04:34.770, 0, 13078, 0
2026/09/29 11:04:34.770, 1, 13078, 0
2026/09/29 11:04:34.770, 2, 13078, 0
2026/09/29 11:04:34.770, 3, 13078, 0
2026/09/29 11:04:34.770, 4, 13078, 0
2026/09/29 11:04:34.770, 5, 13078, 6
2026/09/29 11:04:34.770, 6, 13078, 0
2026/09/29 11:04:34.770, 7, 2228, 0
2026/09/29 11:04:35.771, 0, 13078, 0
2026/09/29 11:04:35.771, 1, 13078, 0
2026/09/29 11:04:35.771, 2, 13078, 0
2026/09/29 11:04:35.771, 3, 13078, 0
2026/09/29 11:04:35.771, 4, 13078, 0
2026/09/29 11:04:35.771, 5, 13078, 0
2026/09/29 11:04:35.771, 6, 13078, 0
2026/09/29 11:04:35.771, 7, 2230, 1
2026/09/29 11:04:36.771, 0, 13078, 0
2026/09/29 11:04:36.771, 1, 13078, 0
2026/09/29 11:04:36.771, 2, 13078, 0
2026/09/29 11:04:36.772, 3, 13078, 0
2026/09/29 11:04:36.772, 4, 13078, 0
2026/09/29 11:04:36.772, 5, 13078, 0
2026/09/29 11:04:36.772, 6, 13078, 0
2026/09/29 11:04:36.772, 7, 2232, 0
2026/09/29 11:04:37.772, 0, 13078, 0
2026/09/29 11:04:37.772, 1, 13078, 0
2026/09/29 11:04:37.772, 2, 13078, 0
2026/09/29 11:04:37.772, 3, 13078, 0
2026/09/29 11:04:37.772, 4, 13078, 0
2026/09/29 11:04:37.772, 5, 13078, 0
2026/09/29 11:04:37.772, 6, 13078, 0
2026/09/29 11:04:37.772, 7, 2232, 0
2026/09/29 11:04:38.773, 0, 13078, 0
2026/09/29 11:04:38.773, 1, 13078, 0
2026/09/29 11:04:38.773, 2, 13078, 0
2026/09/29 11:04:38.773, 3, 13078, 0
2026/09/29 11:04:38.773, 4, 13078, 0
2026/09/29 11:04:38.773, 5, 13078, 0
2026/09/29 11:04:38.773, 6, 13078, 0
2026/09/29 11:04:38.773, 7, 2234, 0
2026/09/29 11:04:39.773, 0, 13078, 0
2026/09/29 11:04:39.773, 1, 13078, 12
2026/09/29 11:04:39.773, 2, 13078, 0
2026/09/29 11:04:39.773, 3, 13078, 0
2026/09/29 11:04:39.773, 4, 13078, 12
2026/09/29 11:04:39.773, 5, 13078, 0
2026/09/29 11:04:39.774, 6, 13078, 0
2026/09/29 11:04:39.774, 7, 2234, 0
2026/09/29 11:04:40.774, 0, 13078, 0
2026/09/29 11:04:40.774, 1, 13078, 19
2026/09/29 11:04:40.774, 2, 13078, 28
2026/09/29 11:04:40.774, 3, 13078, 16
2026/09/29 11:04:40.774, 4, 13078, 14
2026/09/29 11:04:40.774, 5, 13078, 0
2026/09/29 11:04:40.774, 6, 13078, 0
2026/09/29 11:04:40.774, 7, 2236, 0
2026/09/29 11:04:41.774, 0, 13078, 0
2026/09/29 11:04:41.774, 1, 13078, 49
2026/09/29 11:04:41.775, 2, 13078, 76
2026/09/29 11:04:41.775, 3, 13078, 90
2026/09/29 11:04:41.775, 4, 13078, 9
2026/09/29 11:04:41.775, 5, 13078, 0
2026/09/29 11:04:41.775, 6, 13078, 0
2026/09/29 11:04:41.775, 7, 4618, 0
2026/09/29 11:04:42.775, 0, 13078, 0
2026/09/29 11:04:42.775, 1, 13078, 0
2026/09/29 11:04:42.775, 2, 13078, 0
2026/09/29 11:04:42.776, 3, 13078, 0
2026/09/29 11:04:42.776, 4, 13078, 0
2026/09/29 11:04:42.776, 5, 13078, 0
2026/09/29 11:04:42.776, 6, 13078, 0
2026/09/29 11:04:42.776, 7, 13078, 0
2026/09/29 11:04:43.776, 0, 13078, 9
2026/09/29 11:04:43.776, 1, 13078, 0
2026/09/29 11:04:43.776, 2, 13078, 0
2026/09/29 11:04:43.776, 3, 13078, 0
2026/09/29 11:04:43.776, 4, 13078, 0
2026/09/29 11:04:43.776, 5, 13078, 9
2026/09/29 11:04:43.776, 6, 13078, 0
2026/09/29 11:04:43.776, 7, 13078, 0
2026/09/29 11:04:44.777, 0, 13078, 20
2026/09/29 11:04:44.777, 1, 13078, 0
2026/09/29 11:04:44.777, 2, 13078, 0
2026/09/29 11:04:44.777, 3, 13078, 0
2026/09/29 11:04:44.777, 4, 13078, 0
2026/09/29 11:04:44.777, 5, 13078, 18
2026/09/29 11:04:44.777, 6, 13078, 0
2026/09/29 11:04:44.777, 7, 13078, 0
2026/09/29 11:04:45.777, 0, 13078, 8
2026/09/29 11:04:45.777, 1, 14300, 0
2026/09/29 11:04:45.777, 2, 14300, 0
2026/09/29 11:04:45.777, 3, 14300, 0
2026/09/29 11:04:45.777, 4, 14300, 0
2026/09/29 11:04:45.777, 5, 13078, 10
2026/09/29 11:04:45.777, 6, 13078, 8
2026/09/29 11:04:45.777, 7, 13078, 0
2026/09/29 11:04:46.777, 0, 13078, 0
2026/09/29 11:04:46.779, 1, 14300, 0
2026/09/29 11:04:46.779, 2, 14300, 0
2026/09/29 11:04:46.779, 3, 14300, 0
2026/09/29 11:04:46.779, 4, 14300, 0
2026/09/29 11:04:46.779, 5, 13078, 0
2026/09/29 11:04:46.779, 6, 13078, 8
2026/09/29 11:04:46.779, 7, 13078, 0
2026/09/29 11:04:47.779, 0, 13078, 0
2026/09/29 11:04:47.780, 1, 14300, 0
2026/09/29 11:04:47.780, 2, 14300, 0
2026/09/29 11:04:47.780, 3, 14300, 0
2026/09/29 11:04:47.780, 4, 14300, 0
2026/09/29 11:04:47.780, 5, 13078, 0
2026/09/29 11:04:47.780, 6, 13078, 40
2026/09/29 11:04:47.780, 7, 13078, 0
2026/09/29 11:04:48.780, 0, 13078, 0
2026/09/29 11:04:48.780, 1, 14300, 0
2026/09/29 11:04:48.780, 2, 14300, 0
2026/09/29 11:04:48.780, 3, 14300, 0
2026/09/29 11:04:48.780, 4, 14300, 0
2026/09/29 11:04:48.780, 5, 14300, 0
2026/09/29 11:04:48.780, 6, 13078, 8
2026/09/29 11:04:48.780, 7, 13078, 0
2026/09/29 11:04:49.781, 0, 14300, 0
2026/09/29 11:04:49.781, 1, 14300, 0
2026/09/29 11:04:49.781, 2, 14300, 0
2026/09/29 11:04:49.781, 3, 14300, 0
2026/09/29 11:04:49.781, 4, 14300, 0
2026/09/29 11:04:49.781, 5, 14300, 0
2026/09/29 11:04:49.781, 6, 13078, 0
2026/09/29 11:04:49.781, 7, 13078, 10
2026/09/29 11:04:50.781, 0, 14300, 0
2026/09/29 11:04:50.781, 1, 14300, 0
2026/09/29 11:04:50.781, 2, 14300, 0
2026/09/29 11:04:50.781, 3, 14300, 0
2026/09/29 11:04:50.781, 4, 14300, 0
2026/09/29 11:04:50.782, 5, 14300, 0
2026/09/29 11:04:50.782, 6, 13078, 0
2026/09/29 11:04:50.782, 7, 13078, 22
2026/09/29 11:04:51.782, 0, 14300, 0
2026/09/29 11:04:51.782, 1, 14300, 0
2026/09/29 11:04:51.782, 2, 14300, 0
2026/09/29 11:04:51.782, 3, 14300, 0
2026/09/29 11:04:51.782, 4, 14300, 0
2026/09/29 11:04:51.782, 5, 14300, 0
2026/09/29 11:04:51.782, 6, 13078, 0
2026/09/29 11:04:51.782, 7, 13078, 6
2026/09/29 11:04:52.782, 0, 14300, 0
2026/09/29 11:04:52.783, 1, 14300, 0
2026/09/29 11:04:52.783, 2, 14300, 0
2026/09/29 11:04:52.783, 3, 14300, 0
2026/09/29 11:04:52.783, 4, 14300, 0
2026/09/29 11:04:52.783, 5, 14300, 0
2026/09/29 11:04:52.783, 6, 13078, 0
2026/09/29 11:04:52.783, 7, 13078, 0
2026/09/29 11:04:53.783, 0, 14300, 0
2026/09/29 11:04:53.783, 1, 14300, 0
2026/09/29 11:04:53.783, 2, 14300, 0
2026/09/29 11:04:53.783, 3, 14300, 0
2026/09/29 11:04:53.783, 4, 14300, 0
2026/09/29 11:04:53.783, 5, 14300, 0
2026/09/29 11:04:53.783, 6, 14300, 0
2026/09/29 11:04:53.784, 7, 13078, 0
2026/09/29 11:04:54.784, 0, 14300, 0
2026/09/29 11:04:54.784, 1, 14300, 0
2026/09/29 11:04:54.784, 2, 14300, 0
2026/09/29 11:04:54.784, 3, 14300, 0
2026/09/29 11:04:54.784, 4, 14300, 0
2026/09/29 11:04:54.784, 5, 14300, 0
2026/09/29 11:04:54.784, 6, 14300, 0
2026/09/29 11:04:54.784, 7, 13078, 0
2026/09/29 11:04:55.784, 0, 14532, 12
2026/09/29 11:04:55.784, 1, 14300, 7
2026/09/29 11:04:55.784, 2, 14532, 11
2026/09/29 11:04:55.785, 3, 14300, 7
2026/09/29 11:04:55.785, 4, 14300, 6
2026/09/29 11:04:55.785, 5, 14300, 6
2026/09/29 11:04:55.785, 6, 14300, 0
2026/09/29 11:04:55.785, 7, 14300, 0
2026/09/29 11:04:56.785, 0, 14532, 0
2026/09/29 11:04:56.785, 1, 14532, 0
2026/09/29 11:04:56.785, 2, 14532, 0
2026/09/29 11:04:56.785, 3, 14532, 0
2026/09/29 11:04:56.785, 4, 14532, 0
2026/09/29 11:04:56.785, 5, 14532, 0
2026/09/29 11:04:56.785, 6, 14300, 0
2026/09/29 11:04:56.785, 7, 14300, 0
2026/09/29 11:04:57.785, 0, 14532, 0
2026/09/29 11:04:57.786, 1, 14532, 0
2026/09/29 11:04:57.786, 2, 14532, 0
2026/09/29 11:04:57.786, 3, 14532, 0
2026/09/29 11:04:57.786, 4, 14532, 0
2026/09/29 11:04:57.786, 5, 14532, 0
2026/09/29 11:04:57.786, 6, 14300, 0
2026/09/29 11:04:57.786, 7, 14300, 0
2026/09/29 11:04:58.786, 0, 14532, 0
2026/09/29 11:04:58.787, 1, 14532, 0
2026/09/29 11:04:58.787, 2, 14532, 0
2026/09/29 11:04:58.787, 3, 14532, 0
2026/09/29 11:04:58.787, 4, 14532, 0
2026/09/29 11:04:58.787, 5, 14532, 0
2026/09/29 11:04:58.787, 6, 14300, 0
2026/09/29 11:04:58.787, 7, 14300, 0
2026/09/29 11:04:59.787, 0, 14532, 0
2026/09/29 11:04:59.787, 1, 14532, 0
2026/09/29 11:04:59.787, 2, 14532, 0
2026/09/29 11:04:59.787, 3, 14532, 0
2026/09/29 11:04:59.787, 4, 14532, 0
2026/09/29 11:04:59.787, 5, 14532, 0
2026/09/29 11:04:59.788, 6, 14300, 4
2026/09/29 11:04:59.788, 7, 14300, 4
2026/09/29 11:05:00.788, 0, 14532, 0
2026/09/29 11:05:00.788, 1, 14532, 0
2026/09/29 11:05:00.788, 2, 14532, 0
2026/09/29 11:05:00.788, 3, 14532, 0
2026/09/29 11:05:00.788, 4, 14532, 0
2026/09/29 11:05:00.788, 5, 14532, 0
2026/09/29 11:05:00.788, 6, 14300, 10
2026/09/29 11:05:00.788, 7, 14508, 0
2026/09/29 11:05:01.789, 0, 14742, 0
2026/09/29 11:05:01.789, 1, 15170, 0
2026/09/29 11:05:01.789, 2, 15170, 0
2026/09/29 11:05:01.789, 3, 15170, 0
2026/09/29 11:05:01.789, 4, 15170, 74
2026/09/29 11:05:01.789, 5, 15050, 0
2026/09/29 11:05:01.789, 6, 15170, 0
2026/09/29 11:05:01.789, 7, 15170, 76
2026/09/29 11:05:02.789, 0, 15854, 94
2026/09/29 11:05:02.789, 1, 15692, 100
2026/09/29 11:05:02.789, 2, 15692, 100
2026/09/29 11:05:02.789, 3, 15692, 100
2026/09/29 11:05:02.790, 4, 15692, 98
2026/09/29 11:05:02.790, 5, 15692, 93
2026/09/29 11:05:02.790, 6, 15854, 100
2026/09/29 11:05:02.790, 7, 15692, 89
2026/09/29 11:05:03.790, 0, 16350, 0
2026/09/29 11:05:03.793, 1, 16350, 19
2026/09/29 11:05:03.798, 2, 16350, 35
2026/09/29 11:05:03.798, 3, 16350, 0
2026/09/29 11:05:03.799, 4, 16350, 0
2026/09/29 11:05:03.799, 5, 16350, 100
2026/09/29 11:05:03.799, 6, 16350, 0
2026/09/29 11:05:03.799, 7, 16350, 10
2026/09/29 11:05:04.799, 0, 16842, 0
2026/09/29 11:05:04.800, 1, 16842, 0
2026/09/29 11:05:04.800, 2, 16842, 0
2026/09/29 11:05:04.800, 3, 16842, 12
2026/09/29 11:05:04.800, 4, 16842, 99
2026/09/29 11:05:04.800, 5, 16842, 0
2026/09/29 11:05:04.800, 6, 16842, 60
2026/09/29 11:05:04.800, 7, 16842, 100
2026/09/29 11:05:05.800, 0, 16842, 100
2026/09/29 11:05:05.800, 1, 16842, 100
2026/09/29 11:05:05.800, 2, 16842, 100
2026/09/29 11:05:05.800, 3, 16842, 100
2026/09/29 11:05:05.801, 4, 16842, 100
2026/09/29 11:05:05.801, 5, 16842, 100
2026/09/29 11:05:05.801, 6, 16842, 99
2026/09/29 11:05:05.801, 7, 16842, 100
2026/09/29 11:05:06.801, 0, 16842, 100
2026/09/29 11:05:06.801, 1, 16842, 100
2026/09/29 11:05:06.801, 2, 16842, 100
2026/09/29 11:05:06.801, 3, 16842, 100
2026/09/29 11:05:06.801, 4, 16842, 100
2026/09/29 11:05:06.801, 5, 16842, 100
2026/09/29 11:05:06.801, 6, 16842, 100
2026/09/29 11:05:06.801, 7, 16842, 99
2026/09/29 11:05:07.801, 0, 16842, 100
2026/09/29 11:05:07.802, 1, 16842, 100
2026/09/29 11:05:07.802, 2, 16842, 100
2026/09/29 11:05:07.802, 3, 16842, 100
2026/09/29 11:05:07.802, 4, 16842, 99
2026/09/29 11:05:07.802, 5, 16842, 100
2026/09/29 11:05:07.802, 6, 16842, 99
2026/09/29 11:05:07.802, 7, 16842, 100
2026/09/29 11:05:08.802, 0, 16842, 100
2026/09/29 11:05:08.802, 1, 16842, 100
2026/09/29 11:05:08.802, 2, 16842, 100
2026/09/29 11:05:08.802, 3, 16842, 100
2026/09/29 11:05:08.802, 4, 16842, 100
2026/09/29 11:05:08.803, 5, 16842, 100
2026/09/29 11:05:08.803, 6, 16842, 99
2026/09/29 11:05:08.803, 7, 16842, 99
2026/09/29 11:05:09.803, 0, 16918, 100
2026/09/29 11:05:09.803, 1, 16918, 100
2026/09/29 11:05:09.803, 2, 16918, 100
2026/09/29 11:05:09.803, 3, 16918, 96
2026/09/29 11:05:09.803, 4, 16918, 0
2026/09/29 11:05:09.803, 5, 16918, 100
2026/09/29 11:05:09.803, 6, 16918, 100
2026/09/29 11:05:09.803, 7, 16918, 11
2026/09/29 11:05:10.803, 0, 16918, 100
2026/09/29 11:05:10.804, 1, 16918, 100
2026/09/29 11:05:10.804, 2, 16918, 99
2026/09/29 11:05:10.804, 3, 16918, 100
2026/09/29 11:05:10.804, 4, 16918, 99
2026/09/29 11:05:10.804, 5, 16918, 100
2026/09/29 11:05:10.804, 6, 16918, 99
2026/09/29 11:05:10.804, 7, 16918, 99
2026/09/29 11:05:11.804, 0, 16918, 100
2026/09/29 11:05:11.804, 1, 16918, 100
2026/09/29 11:05:11.804, 2, 16918, 100
2026/09/29 11:05:11.804, 3, 16918, 100
2026/09/29 11:05:11.804, 4, 16918, 100
2026/09/29 11:05:11.804, 5, 16918, 100
2026/09/29 11:05:11.804, 6, 16918, 100
2026/09/29 11:05:11.804, 7, 16918, 100
2026/09/29 11:05:12.805, 0, 16918, 100
2026/09/29 11:05:12.805, 1, 16918, 100
2026/09/29 11:05:12.805, 2, 16918, 100
2026/09/29 11:05:12.805, 3, 16918, 99
2026/09/29 11:05:12.805, 4, 16918, 100
2026/09/29 11:05:12.805, 5, 16918, 100
2026/09/29 11:05:12.805, 6, 16918, 99
2026/09/29 11:05:12.805, 7, 16918, 100
2026/09/29 11:05:13.805, 0, 16918, 100
2026/09/29 11:05:13.806, 1, 16918, 100
2026/09/29 11:05:13.806, 2, 16918, 100
2026/09/29 11:05:13.806, 3, 16918, 100
2026/09/29 11:05:13.806, 4, 16918, 99
2026/09/29 11:05:13.806, 5, 16918, 100
2026/09/29 11:05:13.806, 6, 16918, 100
2026/09/29 11:05:13.806, 7, 16918, 100
2026/09/29 11:05:14.806, 0, 16918, 100
2026/09/29 11:05:14.806, 1, 16918, 100
2026/09/29 11:05:14.806, 2, 16918, 100
2026/09/29 11:05:14.806, 3, 16918, 100
2026/09/29 11:05:14.806, 4, 16918, 100
2026/09/29 11:05:14.806, 5, 16918, 100
2026/09/29 11:05:14.807, 6, 16918, 99
2026/09/29 11:05:14.807, 7, 16918, 100
2026/09/29 11:05:15.807, 0, 16938, 92
2026/09/29 11:05:15.807, 1, 16938, 95
2026/09/29 11:05:15.807, 2, 16938, 95
2026/09/29 11:05:15.807, 3, 16938, 97
2026/09/29 11:05:15.807, 4, 16938, 99
2026/09/29 11:05:15.807, 5, 16938, 100
2026/09/29 11:05:15.807, 6, 16938, 100
2026/09/29 11:05:15.807, 7, 16938, 100
2026/09/29 11:05:16.808, 0, 16938, 100
2026/09/29 11:05:16.808, 1, 16938, 100
2026/09/29 11:05:16.808, 2, 16938, 100
2026/09/29 11:05:16.808, 3, 16938, 100
2026/09/29 11:05:16.808, 4, 16938, 100
2026/09/29 11:05:16.808, 5, 16938, 100
2026/09/29 11:05:16.808, 6, 16938, 99
2026/09/29 11:05:16.808, 7, 16938, 100
2026/09/29 11:05:17.808, 0, 16938, 100
2026/09/29 11:05:17.808, 1, 16938, 100
2026/09/29 11:05:17.809, 2, 16938, 99
2026/09/29 11:05:17.809, 3, 16938, 100
2026/09/29 11:05:17.809, 4, 16938, 100
2026/09/29 11:05:17.809, 5, 16938, 100
2026/09/29 11:05:17.809, 6, 16938, 100
2026/09/29 11:05:17.809, 7, 16938, 100
2026/09/29 11:05:18.809, 0, 16938, 100
2026/09/29 11:05:18.809, 1, 16938, 100
2026/09/29 11:05:18.809, 2, 16938, 100
2026/09/29 11:05:18.809, 3, 16938, 100
2026/09/29 11:05:18.809, 4, 16938, 100
2026/09/29 11:05:18.809, 5, 16938, 100
2026/09/29 11:05:18.809, 6, 16938, 100
2026/09/29 11:05:18.809, 7, 16938, 100
2026/09/29 11:05:19.810, 0, 16938, 100
2026/09/29 11:05:19.810, 1, 16938, 100
2026/09/29 11:05:19.810, 2, 16938, 100
2026/09/29 11:05:19.810, 3, 16938, 100
2026/09/29 11:05:19.810, 4, 16938, 100
2026/09/29 11:05:19.810, 5, 16938, 100
2026/09/29 11:05:19.810, 6, 16938, 100
2026/09/29 11:05:19.810, 7, 16938, 100
2026/09/29 11:05:20.810, 0, 16970, 100
2026/09/29 11:05:20.811, 1, 16970, 100
2026/09/29 11:05:20.811, 2, 16970, 100
2026/09/29 11:05:20.811, 3, 16970, 100
2026/09/29 11:05:20.811, 4, 16970, 100
2026/09/29 11:05:20.811, 5, 16970, 100
2026/09/29 11:05:20.811, 6, 16970, 100
2026/09/29 11:05:20.811, 7, 16970, 100
2026/09/29 11:05:21.811, 0, 16970, 100
2026/09/29 11:05:21.811, 1, 16970, 100
2026/09/29 11:05:21.811, 2, 16970, 100
2026/09/29 11:05:21.811, 3, 16970, 100
2026/09/29 11:05:21.811, 4, 16970, 100
2026/09/29 11:05:21.811, 5, 16970, 100
2026/09/29 11:05:21.811, 6, 16970, 100
2026/09/29 11:05:21.811, 7, 16970, 100
2026/09/29 11:05:22.811, 0, 16970, 100
2026/09/29 11:05:22.811, 1, 16970, 99
2026/09/29 11:05:22.811, 2, 16970, 100
2026/09/29 11:05:22.811, 3, 16970, 100
2026/09/29 11:05:22.811, 4, 16970, 100
2026/09/29 11:05:22.812, 5, 16970, 100
2026/09/29 11:05:22.812, 6, 16970, 100
2026/09/29 11:05:22.812, 7, 16970, 100
2026/09/29 11:05:23.812, 0, 16970, 100
2026/09/29 11:05:23.812, 1, 16970, 100
2026/09/29 11:05:23.812, 2, 16970, 100
2026/09/29 11:05:23.812, 3, 16970, 100
2026/09/29 11:05:23.812, 4, 16970, 100
2026/09/29 11:05:23.812, 5, 16970, 100
2026/09/29 11:05:23.813, 6, 16970, 100
2026/09/29 11:05:23.813, 7, 16970, 100
2026/09/29 11:05:24.813, 0, 16970, 100
2026/09/29 11:05:24.813, 1, 16970, 100
2026/09/29 11:05:24.813, 2, 16970, 100
2026/09/29 11:05:24.813, 3, 16970, 100
2026/09/29 11:05:24.813, 4, 16970, 100
2026/09/29 11:05:24.813, 5, 16970, 100
2026/09/29 11:05:24.813, 6, 16970, 100
2026/09/29 11:05:24.813, 7, 16970, 100
2026/09/29 11:05:25.813, 0, 16970, 100
2026/09/29 11:05:25.813, 1, 16970, 100
2026/09/29 11:05:25.814, 2, 16970, 100
2026/09/29 11:05:25.814, 3, 16970, 100
2026/09/29 11:05:25.814, 4, 16970, 100
2026/09/29 11:05:25.814, 5, 16970, 100
2026/09/29 11:05:25.814, 6, 16970, 100
2026/09/29 11:05:25.814, 7, 16970, 100
2026/09/29 11:05:26.814, 0, 16970, 100
2026/09/29 11:05:26.814, 1, 16970, 100
2026/09/29 11:05:26.814, 2, 16970, 100
2026/09/29 11:05:26.814, 3, 16970, 100
2026/09/29 11:05:26.814, 4, 16970, 99
2026/09/29 11:05:26.814, 5, 16970, 100
2026/09/29 11:05:26.814, 6, 16970, 100
2026/09/29 11:05:26.814, 7, 16970, 100
2026/09/29 11:05:27.815, 0, 16970, 100
2026/09/29 11:05:27.815, 1, 16970, 100
2026/09/29 11:05:27.815, 2, 16970, 100
2026/09/29 11:05:27.815, 3, 16970, 100
2026/09/29 11:05:27.815, 4, 16970, 100
2026/09/29 11:05:27.815, 5, 16970, 100
2026/09/29 11:05:27.815, 6, 16970, 100
2026/09/29 11:05:27.815, 7, 16970, 100
2026/09/29 11:05:28.815, 0, 16970, 100
2026/09/29 11:05:28.815, 1, 16970, 100
2026/09/29 11:05:28.816, 2, 16970, 100
2026/09/29 11:05:28.816, 3, 16970, 100
2026/09/29 11:05:28.816, 4, 16970, 100
2026/09/29 11:05:28.816, 5, 16970, 100
2026/09/29 11:05:28.816, 6, 16970, 100
2026/09/29 11:05:28.816, 7, 16970, 100
2026/09/29 11:05:29.816, 0, 16970, 100
2026/09/29 11:05:29.816, 1, 16970, 100
2026/09/29 11:05:29.816, 2, 16970, 100
2026/09/29 11:05:29.816, 3, 16970, 100
2026/09/29 11:05:29.816, 4, 16970, 100
2026/09/29 11:05:29.816, 5, 16970, 100
2026/09/29 11:05:29.816, 6, 16970, 100
2026/09/29 11:05:29.816, 7, 16970, 100
2026/09/29 11:05:30.817, 0, 16970, 100
2026/09/29 11:05:30.817, 1, 16970, 100
2026/09/29 11:05:30.817, 2, 16970, 100
2026/09/29 11:05:30.817, 3, 16970, 100
2026/09/29 11:05:30.817, 4, 16970, 100
2026/09/29 11:05:30.817, 5, 16970, 100
2026/09/29 11:05:30.817, 6, 16970, 100
2026/09/29 11:05:30.817, 7, 16970, 100
2026/09/29 11:05:31.817, 0, 16970, 100
2026/09/29 11:05:31.817, 1, 16970, 95
2026/09/29 11:05:31.817, 2, 16970, 94
2026/09/29 11:05:31.817, 3, 16970, 100
2026/09/29 11:05:31.817, 4, 16970, 100
2026/09/29 11:05:31.817, 5, 16970, 97
2026/09/29 11:05:31.818, 6, 16970, 100
2026/09/29 11:05:31.818, 7, 16970, 100
2026/09/29 11:05:32.818, 0, 16970, 100
2026/09/29 11:05:32.818, 1, 16970, 100
2026/09/29 11:05:32.818, 2, 16970, 100
2026/09/29 11:05:32.818, 3, 16970, 100
2026/09/29 11:05:32.818, 4, 16970, 100
2026/09/29 11:05:32.818, 5, 16970, 100
2026/09/29 11:05:32.818, 6, 16970, 100
2026/09/29 11:05:32.818, 7, 16970, 100
2026/09/29 11:05:33.818, 0, 16970, 100
2026/09/29 11:05:33.818, 1, 16970, 100
2026/09/29 11:05:33.819, 2, 16970, 100
2026/09/29 11:05:33.819, 3, 16970, 100
2026/09/29 11:05:33.819, 4, 16970, 100
2026/09/29 11:05:33.819, 5, 16970, 100
2026/09/29 11:05:33.819, 6, 16970, 100
2026/09/29 11:05:33.819, 7, 16970, 100
2026/09/29 11:05:34.819, 0, 16970, 100
2026/09/29 11:05:34.819, 1, 16970, 100
2026/09/29 11:05:34.819, 2, 16970, 100
2026/09/29 11:05:34.819, 3, 16970, 100
2026/09/29 11:05:34.819, 4, 16970, 100
2026/09/29 11:05:34.819, 5, 16970, 100
2026/09/29 11:05:34.819, 6, 16970, 100
2026/09/29 11:05:34.819, 7, 16970, 100
2026/09/29 11:05:35.820, 0, 16970, 100
2026/09/29 11:05:35.820, 1, 16970, 100
2026/09/29 11:05:35.820, 2, 16970, 100
2026/09/29 11:05:35.820, 3, 16970, 100
2026/09/29 11:05:35.820, 4, 16970, 100
2026/09/29 11:05:35.820, 5, 16970, 100
2026/09/29 11:05:35.820, 6, 16970, 100
2026/09/29 11:05:35.820, 7, 16970, 100
2026/09/29 11:05:36.820, 0, 17250, 100
2026/09/29 11:05:36.820, 1, 17250, 100
2026/09/29 11:05:36.820, 2, 17250, 100
2026/09/29 11:05:36.820, 3, 17250, 100
2026/09/29 11:05:36.820, 4, 17250, 100
2026/09/29 11:05:36.821, 5, 17250, 100
2026/09/29 11:05:36.821, 6, 17250, 99
2026/09/29 11:05:36.821, 7, 17250, 100
2026/09/29 11:05:37.821, 0, 17250, 100
2026/09/29 11:05:37.821, 1, 17250, 100
2026/09/29 11:05:37.821, 2, 17250, 100
2026/09/29 11:05:37.821, 3, 17250, 100
2026/09/29 11:05:37.821, 4, 17250, 100
2026/09/29 11:05:37.821, 5, 17250, 100
2026/09/29 11:05:37.821, 6, 17250, 100
2026/09/29 11:05:37.821, 7, 17250, 100
2026/09/29 11:05:38.822, 0, 17250, 100
2026/09/29 11:05:38.822, 1, 17250, 100
2026/09/29 11:05:38.822, 2, 17250, 100
2026/09/29 11:05:38.822, 3, 17250, 100
2026/09/29 11:05:38.822, 4, 17250, 100
2026/09/29 11:05:38.822, 5, 17250, 100
2026/09/29 11:05:38.822, 6, 17250, 100
2026/09/29 11:05:38.822, 7, 17250, 100
2026/09/29 11:05:39.822, 0, 17250, 100
2026/09/29 11:05:39.823, 1, 17250, 100
2026/09/29 11:05:39.823, 2, 17250, 100
2026/09/29 11:05:39.823, 3, 17250, 100
2026/09/29 11:05:39.823, 4, 17250, 100
2026/09/29 11:05:39.823, 5, 17250, 100
2026/09/29 11:05:39.823, 6, 17250, 100
2026/09/29 11:05:39.823, 7, 17250, 100
2026/09/29 11:05:40.823, 0, 17250, 100
2026/09/29 11:05:40.823, 1, 17250, 100
2026/09/29 11:05:40.823, 2, 17250, 100
2026/09/29 11:05:40.823, 3, 17250, 100
2026/09/29 11:05:40.823, 4, 17250, 100
2026/09/29 11:05:40.823, 5, 17250, 100
2026/09/29 11:05:40.823, 6, 17250, 100
2026/09/29 11:05:40.823, 7, 17250, 100
2026/09/29 11:05:41.823, 0, 17250, 100
2026/09/29 11:05:41.824, 1, 17250, 100
2026/09/29 11:05:41.824, 2, 17250, 100
2026/09/29 11:05:41.824, 3, 17250, 100
2026/09/29 11:05:41.824, 4, 17250, 99
2026/09/29 11:05:41.824, 5, 17250, 100
2026/09/29 11:05:41.824, 6, 17250, 100
2026/09/29 11:05:41.824, 7, 17250, 93
2026/09/29 11:05:42.824, 0, 17250, 100
2026/09/29 11:05:42.824, 1, 17250, 100
2026/09/29 11:05:42.824, 2, 17250, 100
2026/09/29 11:05:42.824, 3, 17250, 100
2026/09/29 11:05:42.824, 4, 17250, 100
2026/09/29 11:05:42.824, 5, 17250, 100
2026/09/29 11:05:42.824, 6, 17250, 100
2026/09/29 11:05:42.824, 7, 17250, 100
2026/09/29 11:05:43.825, 0, 17250, 100
2026/09/29 11:05:43.825, 1, 17250, 100
2026/09/29 11:05:43.825, 2, 17250, 100
2026/09/29 11:05:43.825, 3, 17250, 100
2026/09/29 11:05:43.825, 4, 17250, 100
2026/09/29 11:05:43.825, 5, 17250, 100
2026/09/29 11:05:43.825, 6, 17250, 100
2026/09/29 11:05:43.825, 7, 17250, 100
2026/09/29 11:05:44.825, 0, 17250, 100
2026/09/29 11:05:44.825, 1, 17250, 100
2026/09/29 11:05:44.825, 2, 17250, 100
2026/09/29 11:05:44.825, 3, 17250, 100
2026/09/29 11:05:44.825, 4, 17250, 100
2026/09/29 11:05:44.826, 5, 17250, 100
2026/09/29 11:05:44.826, 6, 17250, 100
2026/09/29 11:05:44.826, 7, 17250, 100
2026/09/29 11:05:45.826, 0, 17250, 100
2026/09/29 11:05:45.826, 1, 17250, 100
2026/09/29 11:05:45.826, 2, 17250, 100
2026/09/29 11:05:45.826, 3, 17250, 100
2026/09/29 11:05:45.826, 4, 17250, 100
2026/09/29 11:05:45.826, 5, 17250, 100
2026/09/29 11:05:45.826, 6, 17250, 99
2026/09/29 11:05:45.826, 7, 17250, 100
2026/09/29 11:05:46.826, 0, 17250, 100
2026/09/29 11:05:46.826, 1, 17250, 100
2026/09/29 11:05:46.826, 2, 17250, 100
2026/09/29 11:05:46.826, 3, 17250, 100
2026/09/29 11:05:46.826, 4, 17250, 100
2026/09/29 11:05:46.826, 5, 17250, 100
2026/09/29 11:05:46.826, 6, 17250, 100
2026/09/29 11:05:46.826, 7, 17250, 100
2026/09/29 11:05:47.827, 0, 17250, 100
2026/09/29 11:05:47.827, 1, 17250, 98
2026/09/29 11:05:47.827, 2, 17250, 99
2026/09/29 11:05:47.827, 3, 17250, 100
2026/09/29 11:05:47.827, 4, 17250, 100
2026/09/29 11:05:47.827, 5, 17250, 98
2026/09/29 11:05:47.827, 6, 17250, 100
2026/09/29 11:05:47.827, 7, 17250, 100
2026/09/29 11:05:48.827, 0, 17250, 100
2026/09/29 11:05:48.827, 1, 17250, 100
2026/09/29 11:05:48.827, 2, 17250, 100
2026/09/29 11:05:48.827, 3, 17250, 100
2026/09/29 11:05:48.827, 4, 17250, 100
2026/09/29 11:05:48.827, 5, 17250, 100
2026/09/29 11:05:48.827, 6, 17250, 99
2026/09/29 11:05:48.827, 7, 17250, 100
2026/09/29 11:05:49.827, 0, 17250, 100
2026/09/29 11:05:49.828, 1, 17250, 100
2026/09/29 11:05:49.828, 2, 17250, 100
2026/09/29 11:05:49.828, 3, 17250, 100
2026/09/29 11:05:49.828, 4, 17250, 100
2026/09/29 11:05:49.828, 5, 17250, 100
2026/09/29 11:05:49.828, 6, 17250, 100
2026/09/29 11:05:49.828, 7, 17250, 100
2026/09/29 11:05:50.828, 0, 17250, 100
2026/09/29 11:05:50.828, 1, 17250, 100
2026/09/29 11:05:50.828, 2, 17250, 99
2026/09/29 11:05:50.828, 3, 17250, 100
2026/09/29 11:05:50.828, 4, 17250, 100
2026/09/29 11:05:50.829, 5, 17250, 100
2026/09/29 11:05:50.829, 6, 17250, 100
2026/09/29 11:05:50.829, 7, 17250, 100
2026/09/29 11:05:51.829, 0, 17250, 100
2026/09/29 11:05:51.829, 1, 17250, 100
2026/09/29 11:05:51.829, 2, 17250, 100
2026/09/29 11:05:51.829, 3, 17250, 100
2026/09/29 11:05:51.829, 4, 17250, 100
2026/09/29 11:05:51.829, 5, 17250, 100
2026/09/29 11:05:51.829, 6, 17250, 100
2026/09/29 11:05:51.829, 7, 17250, 100
2026/09/29 11:05:52.830, 0, 17250, 95
2026/09/29 11:05:52.830, 1, 17250, 100
2026/09/29 11:05:52.830, 2, 17250, 99
2026/09/29 11:05:52.830, 3, 17250, 99
2026/09/29 11:05:52.830, 4, 17250, 100
2026/09/29 11:05:52.830, 5, 17250, 100
2026/09/29 11:05:52.830, 6, 17250, 93
2026/09/29 11:05:52.830, 7, 17250, 100
2026/09/29 11:05:53.830, 0, 17250, 100
2026/09/29 11:05:53.830, 1, 17250, 100
2026/09/29 11:05:53.830, 2, 17250, 100
2026/09/29 11:05:53.830, 3, 17250, 100
2026/09/29 11:05:53.830, 4, 17250, 100
2026/09/29 11:05:53.831, 5, 17250, 100
2026/09/29 11:05:53.831, 6, 17250, 100
2026/09/29 11:05:53.831, 7, 17250, 100
2026/09/29 11:05:54.831, 0, 17250, 100
2026/09/29 11:05:54.831, 1, 17250, 100
2026/09/29 11:05:54.831, 2, 17250, 100
2026/09/29 11:05:54.831, 3, 17250, 100
2026/09/29 11:05:54.831, 4, 17250, 100
2026/09/29 11:05:54.831, 5, 17250, 100
2026/09/29 11:05:54.831, 6, 17250, 100
2026/09/29 11:05:54.831, 7, 17250, 100
2026/09/29 11:05:55.831, 0, 17250, 100
2026/09/29 11:05:55.831, 1, 17250, 99
2026/09/29 11:05:55.831, 2, 17250, 100
2026/09/29 11:05:55.831, 3, 17250, 100
2026/09/29 11:05:55.832, 4, 17250, 100
2026/09/29 11:05:55.832, 5, 17250, 100
2026/09/29 11:05:55.832, 6, 17250, 100
2026/09/29 11:05:55.832, 7, 17250, 99
2026/09/29 11:05:56.832, 0, 17250, 100
2026/09/29 11:05:56.832, 1, 17250, 100
2026/09/29 11:05:56.832, 2, 17250, 100
2026/09/29 11:05:56.832, 3, 17250, 100
2026/09/29 11:05:56.832, 4, 17250, 100
2026/09/29 11:05:56.832, 5, 17250, 100
2026/09/29 11:05:56.832, 6, 17250, 100
2026/09/29 11:05:56.832, 7, 17250, 100
2026/09/29 11:05:57.833, 0, 17250, 100
2026/09/29 11:05:57.833, 1, 17250, 100
2026/09/29 11:05:57.833, 2, 17250, 100
2026/09/29 11:05:57.833, 3, 17250, 100
2026/09/29 11:05:57.833, 4, 17250, 94
2026/09/29 11:05:57.833, 5, 17250, 100
2026/09/29 11:05:57.833, 6, 17250, 100
2026/09/29 11:05:57.833, 7, 17250, 98
2026/09/29 11:05:58.834, 0, 17250, 100
2026/09/29 11:05:58.834, 1, 17250, 100
2026/09/29 11:05:58.834, 2, 17250, 100
2026/09/29 11:05:58.834, 3, 17250, 100
2026/09/29 11:05:58.834, 4, 17250, 100
2026/09/29 11:05:58.834, 5, 17250, 100
2026/09/29 11:05:58.834, 6, 17250, 100
2026/09/29 11:05:58.834, 7, 17250, 100
2026/09/29 11:05:59.834, 0, 17250, 100
2026/09/29 11:05:59.834, 1, 17250, 100
2026/09/29 11:05:59.834, 2, 17250, 100
2026/09/29 11:05:59.834, 3, 17250, 100
2026/09/29 11:05:59.834, 4, 17250, 100
2026/09/29 11:05:59.835, 5, 17250, 100
2026/09/29 11:05:59.835, 6, 17250, 100
2026/09/29 11:05:59.835, 7, 17250, 100
2026/09/29 11:06:00.835, 0, 17250, 100
2026/09/29 11:06:00.835, 1, 17250, 100
2026/09/29 11:06:00.835, 2, 17250, 100
2026/09/29 11:06:00.835, 3, 17250, 100
2026/09/29 11:06:00.835, 4, 17250, 100
2026/09/29 11:06:00.835, 5, 17250, 100
2026/09/29 11:06:00.835, 6, 17250, 100
2026/09/29 11:06:00.835, 7, 17250, 100
2026/09/29 11:06:01.835, 0, 17250, 100
2026/09/29 11:06:01.835, 1, 17250, 100
2026/09/29 11:06:01.835, 2, 17250, 100
2026/09/29 11:06:01.835, 3, 17250, 100
2026/09/29 11:06:01.835, 4, 17250, 100
2026/09/29 11:06:01.835, 5, 17250, 100
2026/09/29 11:06:01.835, 6, 17250, 100
2026/09/29 11:06:01.835, 7, 17250, 100
2026/09/29 11:06:02.836, 0, 17250, 100
2026/09/29 11:06:02.836, 1, 17250, 100
2026/09/29 11:06:02.836, 2, 17250, 100
2026/09/29 11:06:02.836, 3, 17250, 100
2026/09/29 11:06:02.836, 4, 17250, 100
2026/09/29 11:06:02.836, 5, 17250, 100
2026/09/29 11:06:02.836, 6, 17250, 100
2026/09/29 11:06:02.836, 7, 17250, 100
2026/09/29 11:06:03.836, 0, 17250, 100
2026/09/29 11:06:03.836, 1, 17250, 100
2026/09/29 11:06:03.836, 2, 17250, 100
2026/09/29 11:06:03.836, 3, 17250, 100
2026/09/29 11:06:03.836, 4, 17250, 100
2026/09/29 11:06:03.836, 5, 17250, 98
2026/09/29 11:06:03.836, 6, 17250, 100
2026/09/29 11:06:03.837, 7, 17250, 100
2026/09/29 11:06:04.837, 0, 17250, 100
2026/09/29 11:06:04.837, 1, 17250, 100
2026/09/29 11:06:04.837, 2, 17250, 100
2026/09/29 11:06:04.837, 3, 17250, 100
2026/09/29 11:06:04.837, 4, 17250, 100
2026/09/29 11:06:04.837, 5, 17250, 100
2026/09/29 11:06:04.837, 6, 17250, 100
2026/09/29 11:06:04.837, 7, 17250, 100
2026/09/29 11:06:05.837, 0, 17250, 100
2026/09/29 11:06:05.837, 1, 17250, 100
2026/09/29 11:06:05.837, 2, 17250, 100
2026/09/29 11:06:05.837, 3, 17250, 100
2026/09/29 11:06:05.837, 4, 17250, 100
2026/09/29 11:06:05.837, 5, 17250, 100
2026/09/29 11:06:05.837, 6, 17250, 100
2026/09/29 11:06:05.838, 7, 17250, 100
2026/09/29 11:06:06.838, 0, 17250, 100
2026/09/29 11:06:06.838, 1, 17250, 100
2026/09/29 11:06:06.838, 2, 17250, 100
2026/09/29 11:06:06.838, 3, 17250, 100
2026/09/29 11:06:06.838, 4, 17250, 100
2026/09/29 11:06:06.838, 5, 17250, 100
2026/09/29 11:06:06.838, 6, 17250, 100
2026/09/29 11:06:06.838, 7, 17250, 100
2026/09/29 11:06:07.838, 0, 17250, 100
2026/09/29 11:06:07.838, 1, 17250, 100
2026/09/29 11:06:07.839, 2, 17250, 100
2026/09/29 11:06:07.839, 3, 17250, 100
2026/09/29 11:06:07.839, 4, 17250, 100
2026/09/29 11:06:07.839, 5, 17250, 100
2026/09/29 11:06:07.839, 6, 17250, 100
2026/09/29 11:06:07.839, 7, 17250, 100
2026/09/29 11:06:08.839, 0, 17250, 94
2026/09/29 11:06:08.839, 1, 17250, 100
2026/09/29 11:06:08.839, 2, 17250, 100
2026/09/29 11:06:08.839, 3, 17250, 99
2026/09/29 11:06:08.839, 4, 17250, 100
2026/09/29 11:06:08.839, 5, 17250, 100
2026/09/29 11:06:08.839, 6, 17250, 93
2026/09/29 11:06:08.839, 7, 17250, 100
2026/09/29 11:06:09.840, 0, 17250, 100
2026/09/29 11:06:09.840, 1, 17250, 100
2026/09/29 11:06:09.840, 2, 17250, 100
2026/09/29 11:06:09.840, 3, 17250, 100
2026/09/29 11:06:09.840, 4, 17250, 100
2026/09/29 11:06:09.840, 5, 17250, 100
2026/09/29 11:06:09.840, 6, 17250, 100
2026/09/29 11:06:09.840, 7, 17250, 100
2026/09/29 11:06:10.840, 0, 17250, 100
2026/09/29 11:06:10.840, 1, 17250, 100
2026/09/29 11:06:10.840, 2, 17250, 100
2026/09/29 11:06:10.840, 3, 17250, 100
2026/09/29 11:06:10.840, 4, 17250, 100
2026/09/29 11:06:10.840, 5, 17250, 100
2026/09/29 11:06:10.840, 6, 17250, 100
2026/09/29 11:06:10.841, 7, 17250, 100
2026/09/29 11:06:11.841, 0, 17250, 100
2026/09/29 11:06:11.841, 1, 17250, 100
2026/09/29 11:06:11.841, 2, 17250, 100
2026/09/29 11:06:11.841, 3, 17250, 100
2026/09/29 11:06:11.841, 4, 17250, 100
2026/09/29 11:06:11.841, 5, 17250, 100
2026/09/29 11:06:11.841, 6, 17250, 99
2026/09/29 11:06:11.841, 7, 17250, 100
2026/09/29 11:06:12.842, 0, 17250, 100
2026/09/29 11:06:12.842, 1, 17250, 100
2026/09/29 11:06:12.842, 2, 17250, 100
2026/09/29 11:06:12.842, 3, 17250, 100
2026/09/29 11:06:12.842, 4, 17250, 100
2026/09/29 11:06:12.842, 5, 17250, 100
2026/09/29 11:06:12.842, 6, 17250, 100
2026/09/29 11:06:12.842, 7, 17250, 100
2026/09/29 11:06:13.842, 0, 17250, 100
2026/09/29 11:06:13.842, 1, 17250, 100
2026/09/29 11:06:13.842, 2, 17250, 100
2026/09/29 11:06:13.842, 3, 17250, 100
2026/09/29 11:06:13.842, 4, 17250, 94
2026/09/29 11:06:13.843, 5, 17250, 100
2026/09/29 11:06:13.843, 6, 17250, 100
2026/09/29 11:06:13.843, 7, 17250, 98
2026/09/29 11:06:14.843, 0, 17250, 100
2026/09/29 11:06:14.843, 1, 17250, 100
2026/09/29 11:06:14.843, 2, 17250, 100
2026/09/29 11:06:14.843, 3, 17250, 100
2026/09/29 11:06:14.843, 4, 17250, 100
2026/09/29 11:06:14.843, 5, 17250, 100
2026/09/29 11:06:14.843, 6, 17250, 100
2026/09/29 11:06:14.843, 7, 17250, 100
2026/09/29 11:06:15.843, 0, 17250, 100
2026/09/29 11:06:15.843, 1, 17250, 100
2026/09/29 11:06:15.843, 2, 17250, 100
2026/09/29 11:06:15.843, 3, 17250, 100
2026/09/29 11:06:15.843, 4, 17250, 100
2026/09/29 11:06:15.843, 5, 17250, 100
2026/09/29 11:06:15.844, 6, 17250, 100
2026/09/29 11:06:15.844, 7, 17250, 100
2026/09/29 11:06:16.844, 0, 17250, 100
2026/09/29 11:06:16.844, 1, 17250, 100
2026/09/29 11:06:16.844, 2, 17250, 100
2026/09/29 11:06:16.844, 3, 17250, 100
2026/09/29 11:06:16.844, 4, 17250, 100
2026/09/29 11:06:16.844, 5, 17250, 100
2026/09/29 11:06:16.844, 6, 17250, 100
2026/09/29 11:06:16.844, 7, 17250, 100
2026/09/29 11:06:17.844, 0, 17250, 100
2026/09/29 11:06:17.844, 1, 17250, 100
2026/09/29 11:06:17.844, 2, 17250, 100
2026/09/29 11:06:17.844, 3, 17250, 100
2026/09/29 11:06:17.844, 4, 17250, 99
2026/09/29 11:06:17.844, 5, 17250, 100
2026/09/29 11:06:17.844, 6, 17250, 100
2026/09/29 11:06:17.844, 7, 17250, 100
2026/09/29 11:06:18.845, 0, 17250, 100
2026/09/29 11:06:18.845, 1, 17250, 100
2026/09/29 11:06:18.845, 2, 17250, 100
2026/09/29 11:06:18.845, 3, 17250, 100
2026/09/29 11:06:18.845, 4, 17250, 100
2026/09/29 11:06:18.845, 5, 17250, 100
2026/09/29 11:06:18.845, 6, 17250, 100
2026/09/29 11:06:18.845, 7, 17250, 100
2026/09/29 11:06:19.845, 0, 17250, 100
2026/09/29 11:06:19.845, 1, 17250, 100
2026/09/29 11:06:19.845, 2, 17250, 100
2026/09/29 11:06:19.845, 3, 17250, 100
2026/09/29 11:06:19.845, 4, 17250, 100
2026/09/29 11:06:19.845, 5, 17250, 98
2026/09/29 11:06:19.845, 6, 17250, 100
2026/09/29 11:06:19.845, 7, 17250, 100
2026/09/29 11:06:20.845, 0, 17250, 100
2026/09/29 11:06:20.846, 1, 17250, 100
2026/09/29 11:06:20.846, 2, 17250, 100
2026/09/29 11:06:20.846, 3, 17250, 100
2026/09/29 11:06:20.846, 4, 17250, 100
2026/09/29 11:06:20.846, 5, 17250, 100
2026/09/29 11:06:20.846, 6, 17250, 100
2026/09/29 11:06:20.846, 7, 17250, 100
2026/09/29 11:06:21.846, 0, 17250, 100
2026/09/29 11:06:21.851, 1, 17250, 100
2026/09/29 11:06:21.851, 2, 17250, 100
2026/09/29 11:06:21.851, 3, 17250, 100
2026/09/29 11:06:21.851, 4, 17250, 100
2026/09/29 11:06:21.851, 5, 17250, 100
2026/09/29 11:06:21.851, 6, 17250, 100
2026/09/29 11:06:21.851, 7, 17250, 100
2026/09/29 11:06:22.851, 0, 17250, 99
2026/09/29 11:06:22.851, 1, 17250, 100
2026/09/29 11:06:22.851, 2, 17250, 100
2026/09/29 11:06:22.851, 3, 17250, 100
2026/09/29 11:06:22.852, 4, 17250, 100
2026/09/29 11:06:22.852, 5, 17250, 100
2026/09/29 11:06:22.852, 6, 17250, 99
2026/09/29 11:06:22.852, 7, 17250, 100
2026/09/29 11:06:23.852, 0, 17250, 100
2026/09/29 11:06:23.852, 1, 17250, 100
2026/09/29 11:06:23.852, 2, 17250, 100
2026/09/29 11:06:23.852, 3, 17250, 100
2026/09/29 11:06:23.852, 4, 17250, 100
2026/09/29 11:06:23.852, 5, 17250, 100
2026/09/29 11:06:23.852, 6, 17250, 100
2026/09/29 11:06:23.853, 7, 17250, 100
2026/09/29 11:06:24.853, 0, 17250, 94
2026/09/29 11:06:24.853, 1, 17250, 100
2026/09/29 11:06:24.853, 2, 17250, 100
2026/09/29 11:06:24.853, 3, 17250, 98
2026/09/29 11:06:24.853, 4, 17250, 100
2026/09/29 11:06:24.853, 5, 17250, 100
2026/09/29 11:06:24.853, 6, 17250, 94
2026/09/29 11:06:24.853, 7, 17250, 100
2026/09/29 11:06:25.854, 0, 17250, 100
2026/09/29 11:06:25.854, 1, 17250, 100
2026/09/29 11:06:25.854, 2, 17250, 100
2026/09/29 11:06:25.854, 3, 17250, 100
2026/09/29 11:06:25.854, 4, 17250, 100
2026/09/29 11:06:25.854, 5, 17250, 100
2026/09/29 11:06:25.854, 6, 17250, 99
2026/09/29 11:06:25.855, 7, 17250, 100
2026/09/29 11:06:26.855, 0, 17250, 100
2026/09/29 11:06:26.855, 1, 17250, 100
2026/09/29 11:06:26.855, 2, 17250, 100
2026/09/29 11:06:26.855, 3, 17250, 100
2026/09/29 11:06:26.855, 4, 17250, 100
2026/09/29 11:06:26.855, 5, 17250, 100
2026/09/29 11:06:26.855, 6, 17250, 100
2026/09/29 11:06:26.855, 7, 17250, 100
2026/09/29 11:06:27.855, 0, 17250, 100
2026/09/29 11:06:27.855, 1, 17250, 100
2026/09/29 11:06:27.855, 2, 17250, 100
2026/09/29 11:06:27.856, 3, 17250, 100
2026/09/29 11:06:27.856, 4, 17250, 100
2026/09/29 11:06:27.856, 5, 17250, 100
2026/09/29 11:06:27.856, 6, 17250, 100
2026/09/29 11:06:27.856, 7, 17250, 100
2026/09/29 11:06:28.856, 0, 17250, 100
2026/09/29 11:06:28.856, 1, 17250, 100
2026/09/29 11:06:28.856, 2, 17250, 100
2026/09/29 11:06:28.856, 3, 17250, 100
2026/09/29 11:06:28.856, 4, 17250, 100
2026/09/29 11:06:28.856, 5, 17250, 99
2026/09/29 11:06:28.856, 6, 17250, 100
2026/09/29 11:06:28.856, 7, 17250, 100
2026/09/29 11:06:29.856, 0, 17250, 100
2026/09/29 11:06:29.856, 1, 17250, 100
2026/09/29 11:06:29.856, 2, 17250, 100
2026/09/29 11:06:29.856, 3, 17250, 100
2026/09/29 11:06:29.856, 4, 17250, 92
2026/09/29 11:06:29.857, 5, 17250, 100
2026/09/29 11:06:29.857, 6, 17250, 99
2026/09/29 11:06:29.857, 7, 17250, 100
2026/09/29 11:06:30.857, 0, 17250, 100
2026/09/29 11:06:30.857, 1, 17250, 100
2026/09/29 11:06:30.857, 2, 17250, 100
2026/09/29 11:06:30.857, 3, 17250, 100
2026/09/29 11:06:30.857, 4, 17250, 100
2026/09/29 11:06:30.857, 5, 17250, 100
2026/09/29 11:06:30.857, 6, 17250, 100
2026/09/29 11:06:30.857, 7, 17250, 100
2026/09/29 11:06:31.858, 0, 17250, 100
2026/09/29 11:06:31.858, 1, 17250, 100
2026/09/29 11:06:31.858, 2, 17250, 100
2026/09/29 11:06:31.858, 3, 17250, 100
2026/09/29 11:06:31.858, 4, 17250, 100
2026/09/29 11:06:31.858, 5, 17250, 100
2026/09/29 11:06:31.858, 6, 17250, 100
2026/09/29 11:06:31.858, 7, 17250, 100
2026/09/29 11:06:32.858, 0, 17250, 100
2026/09/29 11:06:32.859, 1, 17250, 100
2026/09/29 11:06:32.859, 2, 17250, 100
2026/09/29 11:06:32.859, 3, 17250, 100
2026/09/29 11:06:32.859, 4, 17250, 100
2026/09/29 11:06:32.859, 5, 17250, 100
2026/09/29 11:06:32.859, 6, 17250, 100
2026/09/29 11:06:32.859, 7, 17250, 100
2026/09/29 11:06:33.859, 0, 17250, 100
2026/09/29 11:06:33.859, 1, 17250, 100
2026/09/29 11:06:33.859, 2, 17250, 100
2026/09/29 11:06:33.859, 3, 17250, 100
2026/09/29 11:06:33.859, 4, 17250, 100
2026/09/29 11:06:33.859, 5, 17250, 100
2026/09/29 11:06:33.859, 6, 17250, 99
2026/09/29 11:06:33.859, 7, 17250, 100
2026/09/29 11:06:34.860, 0, 17250, 100
2026/09/29 11:06:34.860, 1, 17250, 100
2026/09/29 11:06:34.860, 2, 17250, 100
2026/09/29 11:06:34.860, 3, 17250, 100
2026/09/29 11:06:34.860, 4, 17250, 100
2026/09/29 11:06:34.860, 5, 17250, 100
2026/09/29 11:06:34.860, 6, 17250, 100
2026/09/29 11:06:34.860, 7, 17250, 100
2026/09/29 11:06:35.860, 0, 17250, 100
2026/09/29 11:06:35.861, 1, 17250, 100
2026/09/29 11:06:35.861, 2, 17250, 100
2026/09/29 11:06:35.861, 3, 17250, 100
2026/09/29 11:06:35.861, 4, 17250, 100
2026/09/29 11:06:35.861, 5, 17250, 100
2026/09/29 11:06:35.861, 6, 17250, 100
2026/09/29 11:06:35.861, 7, 17250, 100
2026/09/29 11:06:36.861, 0, 17250, 100
2026/09/29 11:06:36.861, 1, 17250, 100
2026/09/29 11:06:36.861, 2, 17250, 100
2026/09/29 11:06:36.861, 3, 17250, 100
2026/09/29 11:06:36.861, 4, 17250, 100
2026/09/29 11:06:36.861, 5, 17250, 100
2026/09/29 11:06:36.861, 6, 17250, 100
2026/09/29 11:06:36.861, 7, 17250, 100
2026/09/29 11:06:37.862, 0, 17250, 100
2026/09/29 11:06:37.863, 1, 17250, 100
2026/09/29 11:06:37.863, 2, 17250, 100
2026/09/29 11:06:37.863, 3, 17250, 100
2026/09/29 11:06:37.863, 4, 17250, 100
2026/09/29 11:06:37.863, 5, 17250, 100
2026/09/29 11:06:37.863, 6, 17250, 99
2026/09/29 11:06:37.863, 7, 17250, 100
2026/09/29 11:06:38.863, 0, 17250, 100
2026/09/29 11:06:38.863, 1, 17250, 100
2026/09/29 11:06:38.863, 2, 17250, 100
2026/09/29 11:06:38.863, 3, 17250, 100
2026/09/29 11:06:38.863, 4, 17250, 99
2026/09/29 11:06:38.863, 5, 17250, 100
2026/09/29 11:06:38.863, 6, 17250, 100
2026/09/29 11:06:38.864, 7, 17250, 100
2026/09/29 11:06:39.864, 0, 17250, 100
2026/09/29 11:06:39.864, 1, 17250, 100
2026/09/29 11:06:39.864, 2, 17250, 100
2026/09/29 11:06:39.864, 3, 17250, 100
2026/09/29 11:06:39.864, 4, 17250, 100
2026/09/29 11:06:39.864, 5, 17250, 100
2026/09/29 11:06:39.864, 6, 17250, 100
2026/09/29 11:06:39.864, 7, 17250, 100
2026/09/29 11:06:40.864, 0, 17250, 98
2026/09/29 11:06:40.865, 1, 17250, 100
2026/09/29 11:06:40.865, 2, 17250, 100
2026/09/29 11:06:40.865, 3, 17250, 95
2026/09/29 11:06:40.865, 4, 17250, 100
2026/09/29 11:06:40.865, 5, 17250, 100
2026/09/29 11:06:40.865, 6, 17250, 100
2026/09/29 11:06:40.865, 7, 17250, 100
2026/09/29 11:06:41.865, 0, 17250, 100
2026/09/29 11:06:41.865, 1, 17250, 100
2026/09/29 11:06:41.865, 2, 17250, 100
2026/09/29 11:06:41.865, 3, 17250, 100
2026/09/29 11:06:41.865, 4, 17250, 100
2026/09/29 11:06:41.866, 5, 17250, 100
2026/09/29 11:06:41.866, 6, 17250, 100
2026/09/29 11:06:41.866, 7, 17250, 100
2026/09/29 11:06:42.866, 0, 17250, 100
2026/09/29 11:06:42.866, 1, 17250, 100
2026/09/29 11:06:42.866, 2, 17250, 100
2026/09/29 11:06:42.866, 3, 17250, 100
2026/09/29 11:06:42.866, 4, 17250, 100
2026/09/29 11:06:42.866, 5, 17250, 100
2026/09/29 11:06:42.867, 6, 17250, 100
2026/09/29 11:06:42.867, 7, 17250, 100
2026/09/29 11:06:43.867, 0, 17250, 100
2026/09/29 11:06:43.867, 1, 17250, 100
2026/09/29 11:06:43.867, 2, 17250, 100
2026/09/29 11:06:43.867, 3, 17250, 100
2026/09/29 11:06:43.867, 4, 17250, 100
2026/09/29 11:06:43.867, 5, 17250, 100
2026/09/29 11:06:43.867, 6, 17250, 100
2026/09/29 11:06:43.867, 7, 17250, 100
2026/09/29 11:06:44.867, 0, 17250, 100
2026/09/29 11:06:44.867, 1, 17250, 100
2026/09/29 11:06:44.867, 2, 17250, 100
2026/09/29 11:06:44.868, 3, 17250, 100
2026/09/29 11:06:44.868, 4, 17250, 100
2026/09/29 11:06:44.868, 5, 17250, 100
2026/09/29 11:06:44.868, 6, 17250, 100
2026/09/29 11:06:44.868, 7, 17250, 100
2026/09/29 11:06:45.868, 0, 17250, 100
2026/09/29 11:06:45.868, 1, 17250, 100
2026/09/29 11:06:45.868, 2, 17250, 100
2026/09/29 11:06:45.868, 3, 17250, 100
2026/09/29 11:06:45.868, 4, 17250, 98
2026/09/29 11:06:45.868, 5, 17250, 100
2026/09/29 11:06:45.868, 6, 17250, 100
2026/09/29 11:06:45.868, 7, 17250, 100
2026/09/29 11:06:46.869, 0, 17250, 100
2026/09/29 11:06:46.869, 1, 17250, 100
2026/09/29 11:06:46.869, 2, 17250, 100
2026/09/29 11:06:46.869, 3, 17250, 100
2026/09/29 11:06:46.869, 4, 17250, 100
2026/09/29 11:06:46.869, 5, 17250, 100
2026/09/29 11:06:46.869, 6, 17250, 100
2026/09/29 11:06:46.869, 7, 17250, 100
2026/09/29 11:06:47.870, 0, 17250, 100
2026/09/29 11:06:47.870, 1, 17250, 100
2026/09/29 11:06:47.870, 2, 17250, 100
2026/09/29 11:06:47.870, 3, 17250, 100
2026/09/29 11:06:47.870, 4, 17250, 100
2026/09/29 11:06:47.870, 5, 17250, 100
2026/09/29 11:06:47.870, 6, 17250, 100
2026/09/29 11:06:47.870, 7, 17250, 100
2026/09/29 11:06:48.870, 0, 17250, 100
2026/09/29 11:06:48.870, 1, 17250, 100
2026/09/29 11:06:48.871, 2, 17250, 100
2026/09/29 11:06:48.871, 3, 17250, 100
2026/09/29 11:06:48.871, 4, 17250, 100
2026/09/29 11:06:48.871, 5, 17250, 100
2026/09/29 11:06:48.871, 6, 17250, 100
2026/09/29 11:06:48.871, 7, 17250, 100
2026/09/29 11:06:49.871, 0, 17250, 100
2026/09/29 11:06:49.871, 1, 17250, 100
2026/09/29 11:06:49.871, 2, 17250, 100
2026/09/29 11:06:49.871, 3, 17250, 100
2026/09/29 11:06:49.871, 4, 17250, 100
2026/09/29 11:06:49.871, 5, 17250, 100
2026/09/29 11:06:49.871, 6, 17250, 100
2026/09/29 11:06:49.871, 7, 17250, 100
2026/09/29 11:06:50.872, 0, 17250, 100
2026/09/29 11:06:50.872, 1, 17250, 100
2026/09/29 11:06:50.872, 2, 17250, 100
2026/09/29 11:06:50.872, 3, 17250, 100
2026/09/29 11:06:50.872, 4, 17250, 100
2026/09/29 11:06:50.872, 5, 17250, 99
2026/09/29 11:06:50.872, 6, 17250, 100
2026/09/29 11:06:50.872, 7, 17250, 99
2026/09/29 11:06:51.873, 0, 17250, 100
2026/09/29 11:06:51.873, 1, 17250, 100
2026/09/29 11:06:51.873, 2, 17250, 100
2026/09/29 11:06:51.873, 3, 17250, 100
2026/09/29 11:06:51.873, 4, 17250, 100
2026/09/29 11:06:51.873, 5, 17250, 100
2026/09/29 11:06:51.873, 6, 17250, 100
2026/09/29 11:06:51.873, 7, 17250, 100
2026/09/29 11:06:52.874, 0, 17250, 100
2026/09/29 11:06:52.874, 1, 17250, 100
2026/09/29 11:06:52.874, 2, 17250, 100
2026/09/29 11:06:52.874, 3, 17250, 100
2026/09/29 11:06:52.874, 4, 17250, 100
2026/09/29 11:06:52.874, 5, 17250, 100
2026/09/29 11:06:52.874, 6, 17250, 100
2026/09/29 11:06:52.874, 7, 17250, 100
2026/09/29 11:06:53.874, 0, 17250, 100
2026/09/29 11:06:53.874, 1, 17250, 100
2026/09/29 11:06:53.874, 2, 17250, 100
2026/09/29 11:06:53.874, 3, 17250, 100
2026/09/29 11:06:53.875, 4, 17250, 100
2026/09/29 11:06:53.875, 5, 17250, 100
2026/09/29 11:06:53.875, 6, 17250, 100
2026/09/29 11:06:53.875, 7, 17250, 100
2026/09/29 11:06:54.875, 0, 17250, 100
2026/09/29 11:06:54.875, 1, 17250, 100
2026/09/29 11:06:54.875, 2, 17250, 100
2026/09/29 11:06:54.875, 3, 17250, 100
2026/09/29 11:06:54.875, 4, 17250, 100
2026/09/29 11:06:54.875, 5, 17250, 100
2026/09/29 11:06:54.875, 6, 17250, 100
2026/09/29 11:06:54.875, 7, 17250, 100
2026/09/29 11:06:55.875, 0, 17250, 100
2026/09/29 11:06:55.875, 1, 17250, 100
2026/09/29 11:06:55.876, 2, 17250, 100
2026/09/29 11:06:55.876, 3, 17250, 100
2026/09/29 11:06:55.876, 4, 17250, 100
2026/09/29 11:06:55.876, 5, 17250, 100
2026/09/29 11:06:55.876, 6, 17250, 99
2026/09/29 11:06:55.876, 7, 17250, 100
2026/09/29 11:06:56.876, 0, 17250, 100
2026/09/29 11:06:56.876, 1, 17250, 95
2026/09/29 11:06:56.876, 2, 17250, 96
2026/09/29 11:06:56.877, 3, 17250, 100
2026/09/29 11:06:56.877, 4, 17250, 100
2026/09/29 11:06:56.877, 5, 17250, 96
2026/09/29 11:06:56.877, 6, 17250, 100
2026/09/29 11:06:56.877, 7, 17250, 100
2026/09/29 11:06:57.877, 0, 17250, 100
2026/09/29 11:06:57.877, 1, 17250, 100
2026/09/29 11:06:57.877, 2, 17250, 100
2026/09/29 11:06:57.877, 3, 17250, 100
2026/09/29 11:06:57.878, 4, 17250, 100
2026/09/29 11:06:57.878, 5, 17250, 100
2026/09/29 11:06:57.878, 6, 17250, 100
2026/09/29 11:06:57.878, 7, 17250, 100
2026/09/29 11:06:58.878, 0, 17250, 100
2026/09/29 11:06:58.878, 1, 17250, 100
2026/09/29 11:06:58.878, 2, 17250, 100
2026/09/29 11:06:58.878, 3, 17250, 100
2026/09/29 11:06:58.878, 4, 17250, 100
2026/09/29 11:06:58.878, 5, 17250, 100
2026/09/29 11:06:58.878, 6, 17250, 100
2026/09/29 11:06:58.878, 7, 17250, 100
2026/09/29 11:06:59.879, 0, 17250, 100
2026/09/29 11:06:59.879, 1, 17250, 100
2026/09/29 11:06:59.879, 2, 17250, 100
2026/09/29 11:06:59.879, 3, 17250, 100
2026/09/29 11:06:59.879, 4, 17250, 100
2026/09/29 11:06:59.879, 5, 17250, 100
2026/09/29 11:06:59.879, 6, 17250, 100
2026/09/29 11:06:59.879, 7, 17250, 100
2026/09/29 11:07:00.879, 0, 17250, 100
2026/09/29 11:07:00.879, 1, 17250, 100
2026/09/29 11:07:00.879, 2, 17250, 100
2026/09/29 11:07:00.879, 3, 17250, 100
2026/09/29 11:07:00.879, 4, 17250, 100
2026/09/29 11:07:00.880, 5, 17250, 100
2026/09/29 11:07:00.880, 6, 17250, 100
2026/09/29 11:07:00.880, 7, 17250, 100
2026/09/29 11:07:01.880, 0, 17250, 100
2026/09/29 11:07:01.880, 1, 17250, 100
2026/09/29 11:07:01.880, 2, 17250, 100
2026/09/29 11:07:01.880, 3, 17250, 100
2026/09/29 11:07:01.880, 4, 17250, 100
2026/09/29 11:07:01.880, 5, 17250, 100
2026/09/29 11:07:01.880, 6, 17250, 97
2026/09/29 11:07:01.880, 7, 17250, 100
2026/09/29 11:07:02.880, 0, 17250, 100
2026/09/29 11:07:02.880, 1, 17250, 100
2026/09/29 11:07:02.881, 2, 17250, 100
2026/09/29 11:07:02.881, 3, 17250, 100
2026/09/29 11:07:02.881, 4, 17250, 100
2026/09/29 11:07:02.881, 5, 17250, 100
2026/09/29 11:07:02.881, 6, 17250, 100
2026/09/29 11:07:02.881, 7, 17250, 100
2026/09/29 11:07:03.881, 0, 17250, 100
2026/09/29 11:07:03.881, 1, 17250, 100
2026/09/29 11:07:03.881, 2, 17250, 100
2026/09/29 11:07:03.881, 3, 17250, 100
2026/09/29 11:07:03.881, 4, 17250, 100
2026/09/29 11:07:03.881, 5, 17250, 100
2026/09/29 11:07:03.881, 6, 17250, 100
2026/09/29 11:07:03.881, 7, 17250, 100
2026/09/29 11:07:04.882, 0, 17250, 100
2026/09/29 11:07:04.882, 1, 17250, 100
2026/09/29 11:07:04.882, 2, 17250, 100
2026/09/29 11:07:04.882, 3, 17250, 100
2026/09/29 11:07:04.882, 4, 17250, 100
2026/09/29 11:07:04.882, 5, 17250, 100
2026/09/29 11:07:04.882, 6, 17250, 100
2026/09/29 11:07:04.882, 7, 17250, 100
2026/09/29 11:07:05.882, 0, 17250, 100
2026/09/29 11:07:05.882, 1, 17250, 100
2026/09/29 11:07:05.882, 2, 17250, 100
2026/09/29 11:07:05.882, 3, 17250, 100
2026/09/29 11:07:05.882, 4, 17250, 100
2026/09/29 11:07:05.882, 5, 17250, 100
2026/09/29 11:07:05.882, 6, 17250, 100
2026/09/29 11:07:05.883, 7, 17250, 100
2026/09/29 11:07:06.883, 0, 17250, 100
2026/09/29 11:07:06.883, 1, 17250, 100
2026/09/29 11:07:06.883, 2, 17250, 100
2026/09/29 11:07:06.883, 3, 17250, 100
2026/09/29 11:07:06.883, 4, 17250, 100
2026/09/29 11:07:06.883, 5, 17250, 100
2026/09/29 11:07:06.883, 6, 17250, 100
2026/09/29 11:07:06.883, 7, 17250, 95
2026/09/29 11:07:07.883, 0, 17250, 100
2026/09/29 11:07:07.883, 1, 17250, 100
2026/09/29 11:07:07.883, 2, 17250, 100
2026/09/29 11:07:07.883, 3, 17250, 100
2026/09/29 11:07:07.883, 4, 17250, 100
2026/09/29 11:07:07.883, 5, 17250, 100
2026/09/29 11:07:07.883, 6, 17250, 100
2026/09/29 11:07:07.884, 7, 17250, 100
2026/09/29 11:07:08.884, 0, 17250, 100
2026/09/29 11:07:08.884, 1, 17250, 100
2026/09/29 11:07:08.884, 2, 17250, 100
2026/09/29 11:07:08.884, 3, 17250, 100
2026/09/29 11:07:08.884, 4, 17250, 100
2026/09/29 11:07:08.884, 5, 17250, 100
2026/09/29 11:07:08.884, 6, 17250, 100
2026/09/29 11:07:08.884, 7, 17250, 100
2026/09/29 11:07:09.884, 0, 17250, 100
2026/09/29 11:07:09.884, 1, 17250, 100
2026/09/29 11:07:09.884, 2, 17250, 100
2026/09/29 11:07:09.885, 3, 17250, 100
2026/09/29 11:07:09.885, 4, 17250, 100
2026/09/29 11:07:09.885, 5, 17250, 100
2026/09/29 11:07:09.885, 6, 17250, 100
2026/09/29 11:07:09.885, 7, 17250, 100
2026/09/29 11:07:10.885, 0, 17250, 100
2026/09/29 11:07:10.885, 1, 17250, 100
2026/09/29 11:07:10.885, 2, 17250, 100
2026/09/29 11:07:10.885, 3, 17250, 100
2026/09/29 11:07:10.885, 4, 17250, 100
2026/09/29 11:07:10.885, 5, 17250, 100
2026/09/29 11:07:10.885, 6, 17250, 100
2026/09/29 11:07:10.885, 7, 17250, 100
2026/09/29 11:07:11.885, 0, 17250, 100
2026/09/29 11:07:11.886, 1, 17250, 100
2026/09/29 11:07:11.886, 2, 17250, 100
2026/09/29 11:07:11.886, 3, 17250, 100
2026/09/29 11:07:11.886, 4, 17250, 100
2026/09/29 11:07:11.886, 5, 17250, 100
2026/09/29 11:07:11.886, 6, 17250, 100
2026/09/29 11:07:11.886, 7, 17250, 100
2026/09/29 11:07:12.886, 0, 17250, 100
2026/09/29 11:07:12.886, 1, 17250, 99
2026/09/29 11:07:12.886, 2, 17250, 96
2026/09/29 11:07:12.886, 3, 17250, 99
2026/09/29 11:07:12.886, 4, 17250, 100
2026/09/29 11:07:12.886, 5, 17250, 100
2026/09/29 11:07:12.886, 6, 17250, 100
2026/09/29 11:07:12.887, 7, 17250, 100
2026/09/29 11:07:13.887, 0, 17250, 100
2026/09/29 11:07:13.887, 1, 17250, 100
2026/09/29 11:07:13.887, 2, 17250, 100
2026/09/29 11:07:13.887, 3, 17250, 100
2026/09/29 11:07:13.887, 4, 17250, 100
2026/09/29 11:07:13.887, 5, 17250, 100
2026/09/29 11:07:13.887, 6, 17250, 100
2026/09/29 11:07:13.887, 7, 17250, 100
2026/09/29 11:07:14.887, 0, 17250, 100
2026/09/29 11:07:14.887, 1, 17250, 100
2026/09/29 11:07:14.887, 2, 17250, 100
2026/09/29 11:07:14.887, 3, 17250, 100
2026/09/29 11:07:14.887, 4, 17250, 100
2026/09/29 11:07:14.888, 5, 17250, 100
2026/09/29 11:07:14.888, 6, 17250, 100
2026/09/29 11:07:14.888, 7, 17250, 100
2026/09/29 11:07:15.888, 0, 17250, 100
2026/09/29 11:07:15.888, 1, 17250, 100
2026/09/29 11:07:15.888, 2, 17250, 100
2026/09/29 11:07:15.888, 3, 17250, 100
2026/09/29 11:07:15.888, 4, 17250, 100
2026/09/29 11:07:15.888, 5, 17250, 100
2026/09/29 11:07:15.888, 6, 17250, 100
2026/09/29 11:07:15.888, 7, 17250, 100
2026/09/29 11:07:16.888, 0, 17250, 100
2026/09/29 11:07:16.888, 1, 17250, 100
2026/09/29 11:07:16.889, 2, 17250, 100
2026/09/29 11:07:16.889, 3, 17250, 100
2026/09/29 11:07:16.889, 4, 17250, 100
2026/09/29 11:07:16.889, 5, 17250, 100
2026/09/29 11:07:16.889, 6, 17250, 100
2026/09/29 11:07:16.889, 7, 17250, 100
2026/09/29 11:07:17.889, 0, 17250, 100
2026/09/29 11:07:17.889, 1, 17250, 100
2026/09/29 11:07:17.889, 2, 17250, 100
2026/09/29 11:07:17.889, 3, 17250, 100
2026/09/29 11:07:17.889, 4, 17250, 100
2026/09/29 11:07:17.889, 5, 17250, 100
2026/09/29 11:07:17.889, 6, 17250, 97
2026/09/29 11:07:17.889, 7, 17250, 100
2026/09/29 11:07:18.889, 0, 17250, 100
2026/09/29 11:07:18.890, 1, 17250, 100
2026/09/29 11:07:18.890, 2, 17250, 100
2026/09/29 11:07:18.890, 3, 17250, 100
2026/09/29 11:07:18.890, 4, 17250, 100
2026/09/29 11:07:18.890, 5, 17250, 100
2026/09/29 11:07:18.890, 6, 17250, 100
2026/09/29 11:07:18.890, 7, 17250, 100
2026/09/29 11:07:19.890, 0, 17250, 100
2026/09/29 11:07:19.890, 1, 17250, 100
2026/09/29 11:07:19.890, 2, 17250, 100
2026/09/29 11:07:19.890, 3, 17250, 100
2026/09/29 11:07:19.890, 4, 17250, 100
2026/09/29 11:07:19.890, 5, 17250, 100
2026/09/29 11:07:19.890, 6, 17250, 100
2026/09/29 11:07:19.891, 7, 17250, 100
2026/09/29 11:07:20.891, 0, 17250, 100
2026/09/29 11:07:20.891, 1, 17250, 100
2026/09/29 11:07:20.891, 2, 17250, 100
2026/09/29 11:07:20.891, 3, 17250, 100
2026/09/29 11:07:20.891, 4, 17250, 100
2026/09/29 11:07:20.891, 5, 17250, 100
2026/09/29 11:07:20.891, 6, 17250, 100
2026/09/29 11:07:20.891, 7, 17250, 100
2026/09/29 11:07:21.891, 0, 17250, 100
2026/09/29 11:07:21.892, 1, 17250, 100
2026/09/29 11:07:21.897, 2, 17250, 100
2026/09/29 11:07:21.898, 3, 17250, 100
2026/09/29 11:07:21.903, 4, 17250, 100
2026/09/29 11:07:21.903, 5, 17250, 100
2026/09/29 11:07:21.911, 6, 17250, 100
2026/09/29 11:07:21.912, 7, 17250, 100
2026/09/29 11:07:22.919, 0, 17250, 100
2026/09/29 11:07:22.919, 1, 17250, 100
2026/09/29 11:07:22.919, 2, 17250, 100
2026/09/29 11:07:22.919, 3, 17250, 100
2026/09/29 11:07:22.919, 4, 17250, 100
2026/09/29 11:07:22.919, 5, 17250, 100
2026/09/29 11:07:22.919, 6, 17250, 100
2026/09/29 11:07:22.919, 7, 17250, 94
2026/09/29 11:07:23.919, 0, 17250, 100
2026/09/29 11:07:23.919, 1, 17250, 100
2026/09/29 11:07:23.919, 2, 17250, 100
2026/09/29 11:07:23.919, 3, 17250, 100
2026/09/29 11:07:23.920, 4, 17250, 100
2026/09/29 11:07:23.920, 5, 17250, 100
2026/09/29 11:07:23.920, 6, 17250, 100
2026/09/29 11:07:23.920, 7, 17250, 100
2026/09/29 11:07:24.920, 0, 17250, 100
2026/09/29 11:07:24.920, 1, 17250, 100
2026/09/29 11:07:24.920, 2, 17250, 100
2026/09/29 11:07:24.920, 3, 17250, 100
2026/09/29 11:07:24.920, 4, 17250, 100
2026/09/29 11:07:24.920, 5, 17250, 100
2026/09/29 11:07:24.920, 6, 17250, 100
2026/09/29 11:07:24.920, 7, 17250, 100
2026/09/29 11:07:25.920, 0, 17250, 100
2026/09/29 11:07:25.921, 1, 17250, 100
2026/09/29 11:07:25.921, 2, 17250, 100
2026/09/29 11:07:25.921, 3, 17250, 100
2026/09/29 11:07:25.921, 4, 17250, 100
2026/09/29 11:07:25.921, 5, 17250, 100
2026/09/29 11:07:25.921, 6, 17250, 100
2026/09/29 11:07:25.921, 7, 17250, 100
2026/09/29 11:07:26.921, 0, 17250, 100
2026/09/29 11:07:26.921, 1, 17250, 100
2026/09/29 11:07:26.921, 2, 17250, 100
2026/09/29 11:07:26.921, 3, 17250, 100
2026/09/29 11:07:26.921, 4, 17250, 100
2026/09/29 11:07:26.922, 5, 17250, 100
2026/09/29 11:07:26.922, 6, 17250, 100
2026/09/29 11:07:26.922, 7, 17250, 100
2026/09/29 11:07:27.922, 0, 17250, 100
2026/09/29 11:07:27.922, 1, 17250, 100
2026/09/29 11:07:27.922, 2, 17250, 100
2026/09/29 11:07:27.922, 3, 17250, 100
2026/09/29 11:07:27.922, 4, 17250, 100
2026/09/29 11:07:27.922, 5, 17250, 100
2026/09/29 11:07:27.922, 6, 17250, 100
2026/09/29 11:07:27.922, 7, 17250, 100
2026/09/29 11:07:28.922, 0, 17250, 100
2026/09/29 11:07:28.923, 1, 17250, 100
2026/09/29 11:07:28.923, 2, 17250, 95
2026/09/29 11:07:28.923, 3, 17250, 100
2026/09/29 11:07:28.923, 4, 17250, 100
2026/09/29 11:07:28.923, 5, 17250, 96
2026/09/29 11:07:28.923, 6, 17250, 100
2026/09/29 11:07:28.923, 7, 17250, 100
2026/09/29 11:07:29.923, 0, 17250, 100
2026/09/29 11:07:29.923, 1, 17250, 100
2026/09/29 11:07:29.923, 2, 17250, 100
2026/09/29 11:07:29.923, 3, 17250, 100
2026/09/29 11:07:29.923, 4, 17250, 100
2026/09/29 11:07:29.924, 5, 17250, 100
2026/09/29 11:07:29.924, 6, 17250, 100
2026/09/29 11:07:29.924, 7, 17250, 100
2026/09/29 11:07:30.924, 0, 17250, 100
2026/09/29 11:07:30.924, 1, 17250, 100
2026/09/29 11:07:30.924, 2, 17250, 100
2026/09/29 11:07:30.924, 3, 17250, 100
2026/09/29 11:07:30.924, 4, 17250, 100
2026/09/29 11:07:30.924, 5, 17250, 100
2026/09/29 11:07:30.924, 6, 17250, 100
2026/09/29 11:07:30.924, 7, 17250, 100
2026/09/29 11:07:31.924, 0, 17250, 100
2026/09/29 11:07:31.925, 1, 17250, 100
2026/09/29 11:07:31.925, 2, 17250, 100
2026/09/29 11:07:31.925, 3, 17250, 100
2026/09/29 11:07:31.925, 4, 17250, 100
2026/09/29 11:07:31.925, 5, 17250, 100
2026/09/29 11:07:31.925, 6, 17250, 100
2026/09/29 11:07:31.925, 7, 17250, 100
2026/09/29 11:07:32.925, 0, 17250, 100
2026/09/29 11:07:32.925, 1, 17250, 100
2026/09/29 11:07:32.925, 2, 17250, 100
2026/09/29 11:07:32.925, 3, 17250, 100
2026/09/29 11:07:32.925, 4, 17250, 100
2026/09/29 11:07:32.925, 5, 17250, 100
2026/09/29 11:07:32.926, 6, 17250, 100
2026/09/29 11:07:32.926, 7, 17250, 100
2026/09/29 11:07:33.926, 0, 17250, 100
2026/09/29 11:07:33.926, 1, 17250, 100
2026/09/29 11:07:33.926, 2, 17250, 100
2026/09/29 11:07:33.926, 3, 17250, 100
2026/09/29 11:07:33.926, 4, 17250, 100
2026/09/29 11:07:33.926, 5, 17250, 100
2026/09/29 11:07:33.926, 6, 17250, 98
2026/09/29 11:07:33.926, 7, 17250, 100
2026/09/29 11:07:34.926, 0, 17250, 100
2026/09/29 11:07:34.927, 1, 17250, 100
2026/09/29 11:07:34.927, 2, 17250, 100
2026/09/29 11:07:34.927, 3, 17250, 100
2026/09/29 11:07:34.927, 4, 17250, 100
2026/09/29 11:07:34.927, 5, 17250, 100
2026/09/29 11:07:34.927, 6, 17250, 100
2026/09/29 11:07:34.927, 7, 17250, 100
2026/09/29 11:07:35.927, 0, 17250, 100
2026/09/29 11:07:35.927, 1, 17250, 100
2026/09/29 11:07:35.927, 2, 17250, 100
2026/09/29 11:07:35.927, 3, 17250, 100
2026/09/29 11:07:35.927, 4, 17250, 100
2026/09/29 11:07:35.927, 5, 17250, 100
2026/09/29 11:07:35.927, 6, 17250, 100
2026/09/29 11:07:35.927, 7, 17250, 100
2026/09/29 11:07:36.928, 0, 17250, 100
2026/09/29 11:07:36.928, 1, 17250, 100
2026/09/29 11:07:36.928, 2, 17250, 100
2026/09/29 11:07:36.928, 3, 17250, 100
2026/09/29 11:07:36.928, 4, 17250, 100
2026/09/29 11:07:36.928, 5, 17250, 100
2026/09/29 11:07:36.928, 6, 17250, 99
2026/09/29 11:07:36.928, 7, 17250, 100
2026/09/29 11:07:37.928, 0, 17250, 100
2026/09/29 11:07:37.928, 1, 17250, 100
2026/09/29 11:07:37.928, 2, 17250, 100
2026/09/29 11:07:37.928, 3, 17250, 100
2026/09/29 11:07:37.928, 4, 17250, 100
2026/09/29 11:07:37.929, 5, 17250, 100
2026/09/29 11:07:37.929, 6, 17250, 100
2026/09/29 11:07:37.929, 7, 17250, 100
2026/09/29 11:07:38.929, 0, 17250, 100
2026/09/29 11:07:38.929, 1, 17250, 100
2026/09/29 11:07:38.929, 2, 17250, 100
2026/09/29 11:07:38.929, 3, 17250, 100
2026/09/29 11:07:38.929, 4, 17250, 99
2026/09/29 11:07:38.929, 5, 17250, 100
2026/09/29 11:07:38.929, 6, 17250, 100
2026/09/29 11:07:38.929, 7, 17250, 98
2026/09/29 11:07:39.930, 0, 17250, 100
2026/09/29 11:07:39.930, 1, 17250, 100
2026/09/29 11:07:39.930, 2, 17250, 100
2026/09/29 11:07:39.930, 3, 17250, 100
2026/09/29 11:07:39.930, 4, 17250, 100
2026/09/29 11:07:39.930, 5, 17250, 100
2026/09/29 11:07:39.930, 6, 17250, 100
2026/09/29 11:07:39.930, 7, 17250, 100
2026/09/29 11:07:40.930, 0, 17250, 100
2026/09/29 11:07:40.930, 1, 17250, 100
2026/09/29 11:07:40.930, 2, 17250, 100
2026/09/29 11:07:40.930, 3, 17250, 100
2026/09/29 11:07:40.931, 4, 17250, 100
2026/09/29 11:07:40.931, 5, 17250, 100
2026/09/29 11:07:40.931, 6, 17250, 100
2026/09/29 11:07:40.931, 7, 17250, 100
2026/09/29 11:07:41.931, 0, 17250, 100
2026/09/29 11:07:41.931, 1, 17250, 100
2026/09/29 11:07:41.931, 2, 17250, 100
2026/09/29 11:07:41.931, 3, 17250, 100
2026/09/29 11:07:41.931, 4, 17250, 100
2026/09/29 11:07:41.931, 5, 17250, 100
2026/09/29 11:07:41.931, 6, 17250, 100
2026/09/29 11:07:41.931, 7, 17250, 100
2026/09/29 11:07:42.931, 0, 17250, 100
2026/09/29 11:07:42.931, 1, 17250, 99
2026/09/29 11:07:42.931, 2, 17250, 100
2026/09/29 11:07:42.932, 3, 17250, 100
2026/09/29 11:07:42.932, 4, 17250, 100
2026/09/29 11:07:42.932, 5, 17250, 100
2026/09/29 11:07:42.932, 6, 17250, 100
2026/09/29 11:07:42.932, 7, 17250, 100
2026/09/29 11:07:43.932, 0, 17250, 100
2026/09/29 11:07:43.932, 1, 17250, 100
2026/09/29 11:07:43.932, 2, 17250, 100
2026/09/29 11:07:43.932, 3, 17250, 100
2026/09/29 11:07:43.932, 4, 17250, 100
2026/09/29 11:07:43.932, 5, 17250, 100
2026/09/29 11:07:43.932, 6, 17250, 100
2026/09/29 11:07:43.932, 7, 17250, 100
2026/09/29 11:07:44.932, 0, 17250, 100
2026/09/29 11:07:44.932, 1, 17250, 100
2026/09/29 11:07:44.932, 2, 17250, 98
2026/09/29 11:07:44.932, 3, 17250, 100
2026/09/29 11:07:44.932, 4, 17250, 100
2026/09/29 11:07:44.932, 5, 17250, 97
2026/09/29 11:07:44.932, 6, 17250, 100
2026/09/29 11:07:44.933, 7, 17250, 99
2026/09/29 11:07:45.933, 0, 17250, 100
2026/09/29 11:07:45.933, 1, 17250, 100
2026/09/29 11:07:45.933, 2, 17250, 100
2026/09/29 11:07:45.933, 3, 17250, 100
2026/09/29 11:07:45.933, 4, 17250, 100
2026/09/29 11:07:45.933, 5, 17250, 100
2026/09/29 11:07:45.933, 6, 17250, 100
2026/09/29 11:07:45.933, 7, 17250, 100
2026/09/29 11:07:46.933, 0, 17250, 100
2026/09/29 11:07:46.934, 1, 17250, 100
2026/09/29 11:07:46.934, 2, 17250, 100
2026/09/29 11:07:46.934, 3, 17250, 100
2026/09/29 11:07:46.934, 4, 17250, 100
2026/09/29 11:07:46.934, 5, 17250, 100
2026/09/29 11:07:46.934, 6, 17250, 100
2026/09/29 11:07:46.934, 7, 17250, 100
2026/09/29 11:07:47.934, 0, 17250, 100
2026/09/29 11:07:47.934, 1, 17250, 100
2026/09/29 11:07:47.934, 2, 17250, 100
2026/09/29 11:07:47.934, 3, 17250, 100
2026/09/29 11:07:47.934, 4, 17250, 100
2026/09/29 11:07:47.934, 5, 17250, 100
2026/09/29 11:07:47.934, 6, 17250, 100
2026/09/29 11:07:47.935, 7, 17250, 100
2026/09/29 11:07:48.935, 0, 17250, 100
2026/09/29 11:07:48.935, 1, 17250, 100
2026/09/29 11:07:48.935, 2, 17250, 100
2026/09/29 11:07:48.935, 3, 17250, 100
2026/09/29 11:07:48.935, 4, 17250, 100
2026/09/29 11:07:48.935, 5, 17250, 100
2026/09/29 11:07:48.935, 6, 17250, 100
2026/09/29 11:07:48.935, 7, 17250, 100
2026/09/29 11:07:49.935, 0, 17250, 100
2026/09/29 11:07:49.935, 1, 17250, 100
2026/09/29 11:07:49.936, 2, 17250, 100
2026/09/29 11:07:49.936, 3, 17250, 100
2026/09/29 11:07:49.936, 4, 17250, 100
2026/09/29 11:07:49.936, 5, 17250, 100
2026/09/29 11:07:49.936, 6, 17250, 98
2026/09/29 11:07:49.936, 7, 17250, 100
2026/09/29 11:07:50.936, 0, 17250, 100
2026/09/29 11:07:50.936, 1, 17250, 100
2026/09/29 11:07:50.936, 2, 17250, 100
2026/09/29 11:07:50.936, 3, 17250, 100
2026/09/29 11:07:50.936, 4, 17250, 100
2026/09/29 11:07:50.936, 5, 17250, 100
2026/09/29 11:07:50.936, 6, 17250, 100
2026/09/29 11:07:50.936, 7, 17250, 100
2026/09/29 11:07:51.936, 0, 17250, 100
2026/09/29 11:07:51.937, 1, 17250, 100
2026/09/29 11:07:51.937, 2, 17250, 100
2026/09/29 11:07:51.937, 3, 17250, 100
2026/09/29 11:07:51.937, 4, 17250, 100
2026/09/29 11:07:51.937, 5, 17250, 100
2026/09/29 11:07:51.937, 6, 17250, 100
2026/09/29 11:07:51.937, 7, 17250, 100
2026/09/29 11:07:52.937, 0, 17250, 100
2026/09/29 11:07:52.937, 1, 17250, 100
2026/09/29 11:07:52.937, 2, 17250, 100
2026/09/29 11:07:52.937, 3, 17250, 100
2026/09/29 11:07:52.937, 4, 17250, 100
2026/09/29 11:07:52.937, 5, 17250, 100
2026/09/29 11:07:52.938, 6, 17250, 100
2026/09/29 11:07:52.938, 7, 17250, 100
2026/09/29 11:07:53.938, 0, 17250, 100
2026/09/29 11:07:53.938, 1, 17250, 100
2026/09/29 11:07:53.938, 2, 17250, 100
2026/09/29 11:07:53.938, 3, 17250, 100
2026/09/29 11:07:53.938, 4, 17250, 100
2026/09/29 11:07:53.938, 5, 17250, 100
2026/09/29 11:07:53.938, 6, 17250, 100
2026/09/29 11:07:53.938, 7, 17250, 100
2026/09/29 11:07:54.938, 0, 17250, 100
2026/09/29 11:07:54.939, 1, 17250, 100
2026/09/29 11:07:54.939, 2, 17250, 100
2026/09/29 11:07:54.939, 3, 17250, 100
2026/09/29 11:07:54.939, 4, 17250, 99
2026/09/29 11:07:54.939, 5, 17250, 100
2026/09/29 11:07:54.939, 6, 17250, 100
2026/09/29 11:07:54.939, 7, 17250, 97
2026/09/29 11:07:55.939, 0, 17250, 100
2026/09/29 11:07:55.939, 1, 17250, 100
2026/09/29 11:07:55.939, 2, 17250, 100
2026/09/29 11:07:55.939, 3, 17250, 100
2026/09/29 11:07:55.939, 4, 17250, 100
2026/09/29 11:07:55.939, 5, 17250, 100
2026/09/29 11:07:55.939, 6, 17250, 100
2026/09/29 11:07:55.939, 7, 17250, 100
2026/09/29 11:07:56.940, 0, 17250, 100
2026/09/29 11:07:56.940, 1, 17250, 100
2026/09/29 11:07:56.940, 2, 17250, 100
2026/09/29 11:07:56.940, 3, 17250, 100
2026/09/29 11:07:56.940, 4, 17250, 100
2026/09/29 11:07:56.940, 5, 17250, 100
2026/09/29 11:07:56.940, 6, 17250, 100
2026/09/29 11:07:56.940, 7, 17250, 100
2026/09/29 11:07:57.940, 0, 17250, 100
2026/09/29 11:07:57.940, 1, 17250, 100
2026/09/29 11:07:57.940, 2, 17250, 100
2026/09/29 11:07:57.940, 3, 17250, 100
2026/09/29 11:07:57.940, 4, 17250, 100
2026/09/29 11:07:57.941, 5, 17250, 100
2026/09/29 11:07:57.941, 6, 17250, 100
2026/09/29 11:07:57.941, 7, 17250, 100
2026/09/29 11:07:58.941, 0, 17250, 100
2026/09/29 11:07:58.941, 1, 17250, 100
2026/09/29 11:07:58.941, 2, 17250, 100
2026/09/29 11:07:58.941, 3, 17250, 100
2026/09/29 11:07:58.941, 4, 17250, 100
2026/09/29 11:07:58.941, 5, 17250, 100
2026/09/29 11:07:58.941, 6, 17250, 100
2026/09/29 11:07:58.941, 7, 17250, 100
2026/09/29 11:07:59.941, 0, 17250, 100
2026/09/29 11:07:59.941, 1, 17250, 100
2026/09/29 11:07:59.941, 2, 17250, 100
2026/09/29 11:07:59.942, 3, 17250, 100
2026/09/29 11:07:59.942, 4, 17250, 100
2026/09/29 11:07:59.942, 5, 17250, 100
2026/09/29 11:07:59.942, 6, 17250, 100
2026/09/29 11:07:59.942, 7, 17250, 100
2026/09/29 11:08:00.942, 0, 17250, 100
2026/09/29 11:08:00.942, 1, 17250, 100
2026/09/29 11:08:00.942, 2, 17250, 98
2026/09/29 11:08:00.942, 3, 17250, 100
2026/09/29 11:08:00.942, 4, 17250, 100
2026/09/29 11:08:00.942, 5, 17250, 97
2026/09/29 11:08:00.942, 6, 17250, 100
2026/09/29 11:08:00.942, 7, 17250, 100
2026/09/29 11:08:01.942, 0, 17250, 100
2026/09/29 11:08:01.942, 1, 17250, 100
2026/09/29 11:08:01.942, 2, 17250, 100
2026/09/29 11:08:01.942, 3, 17250, 100
2026/09/29 11:08:01.943, 4, 17250, 100
2026/09/29 11:08:01.943, 5, 17250, 100
2026/09/29 11:08:01.943, 6, 17250, 100
2026/09/29 11:08:01.943, 7, 17250, 100
2026/09/29 11:08:02.943, 0, 17250, 100
2026/09/29 11:08:02.943, 1, 17250, 100
2026/09/29 11:08:02.943, 2, 17250, 100
2026/09/29 11:08:02.943, 3, 17250, 100
2026/09/29 11:08:02.943, 4, 17250, 100
2026/09/29 11:08:02.943, 5, 17250, 100
2026/09/29 11:08:02.943, 6, 17250, 100
2026/09/29 11:08:02.943, 7, 17250, 100
2026/09/29 11:08:03.943, 0, 17250, 100
2026/09/29 11:08:03.943, 1, 17250, 100
2026/09/29 11:08:03.943, 2, 17250, 100
2026/09/29 11:08:03.944, 3, 17250, 100
2026/09/29 11:08:03.944, 4, 17250, 100
2026/09/29 11:08:03.944, 5, 17250, 100
2026/09/29 11:08:03.944, 6, 17250, 100
2026/09/29 11:08:03.944, 7, 17250, 100
2026/09/29 11:08:04.944, 0, 17250, 100
2026/09/29 11:08:04.944, 1, 17250, 100
2026/09/29 11:08:04.944, 2, 17250, 100
2026/09/29 11:08:04.944, 3, 17250, 100
2026/09/29 11:08:04.944, 4, 17250, 100
2026/09/29 11:08:04.944, 5, 17250, 100
2026/09/29 11:08:04.944, 6, 17250, 100
2026/09/29 11:08:04.944, 7, 17250, 100
2026/09/29 11:08:05.945, 0, 17250, 98
2026/09/29 11:08:05.945, 1, 17250, 100
2026/09/29 11:08:05.945, 2, 17250, 100
2026/09/29 11:08:05.945, 3, 17250, 100
2026/09/29 11:08:05.945, 4, 17250, 100
2026/09/29 11:08:05.945, 5, 17250, 100
2026/09/29 11:08:05.945, 6, 17250, 98
2026/09/29 11:08:05.945, 7, 17250, 100
2026/09/29 11:08:06.945, 0, 17250, 100
2026/09/29 11:08:06.945, 1, 17250, 99
2026/09/29 11:08:06.945, 2, 17250, 100
2026/09/29 11:08:06.945, 3, 17250, 100
2026/09/29 11:08:06.945, 4, 17250, 100
2026/09/29 11:08:06.945, 5, 17250, 100
2026/09/29 11:08:06.945, 6, 17250, 100
2026/09/29 11:08:06.946, 7, 17250, 100
2026/09/29 11:08:07.946, 0, 17250, 100
2026/09/29 11:08:07.946, 1, 17250, 100
2026/09/29 11:08:07.946, 2, 17250, 100
2026/09/29 11:08:07.946, 3, 17250, 100
2026/09/29 11:08:07.946, 4, 17250, 100
2026/09/29 11:08:07.946, 5, 17250, 100
2026/09/29 11:08:07.946, 6, 17250, 100
2026/09/29 11:08:07.946, 7, 17250, 100
2026/09/29 11:08:08.946, 0, 17250, 100
2026/09/29 11:08:08.946, 1, 17250, 100
2026/09/29 11:08:08.946, 2, 17250, 100
2026/09/29 11:08:08.946, 3, 17250, 100
2026/09/29 11:08:08.946, 4, 17250, 100
2026/09/29 11:08:08.946, 5, 17250, 100
2026/09/29 11:08:08.947, 6, 17250, 100
2026/09/29 11:08:08.947, 7, 17250, 100
2026/09/29 11:08:09.947, 0, 17250, 100
2026/09/29 11:08:09.947, 1, 17250, 100
2026/09/29 11:08:09.947, 2, 17250, 100
2026/09/29 11:08:09.947, 3, 17250, 100
2026/09/29 11:08:09.947, 4, 17250, 100
2026/09/29 11:08:09.947, 5, 17250, 100
2026/09/29 11:08:09.947, 6, 17250, 100
2026/09/29 11:08:09.947, 7, 17250, 100
2026/09/29 11:08:10.947, 0, 17250, 100
2026/09/29 11:08:10.947, 1, 17250, 100
2026/09/29 11:08:10.947, 2, 17250, 100
2026/09/29 11:08:10.947, 3, 17250, 100
2026/09/29 11:08:10.947, 4, 17250, 94
2026/09/29 11:08:10.947, 5, 17250, 100
2026/09/29 11:08:10.947, 6, 17250, 100
2026/09/29 11:08:10.947, 7, 17250, 100
2026/09/29 11:08:11.947, 0, 17250, 99
2026/09/29 11:08:11.947, 1, 17250, 100
2026/09/29 11:08:11.947, 2, 17250, 100
2026/09/29 11:08:11.948, 3, 17250, 100
2026/09/29 11:08:11.948, 4, 17250, 100
2026/09/29 11:08:11.948, 5, 17250, 100
2026/09/29 11:08:11.948, 6, 17250, 100
2026/09/29 11:08:11.948, 7, 17250, 100
2026/09/29 11:08:12.948, 0, 17250, 100
2026/09/29 11:08:12.948, 1, 17250, 100
2026/09/29 11:08:12.948, 2, 17250, 100
2026/09/29 11:08:12.948, 3, 17250, 100
2026/09/29 11:08:12.948, 4, 17250, 100
2026/09/29 11:08:12.948, 5, 17250, 100
2026/09/29 11:08:12.948, 6, 17250, 100
2026/09/29 11:08:12.948, 7, 17250, 100
2026/09/29 11:08:13.948, 0, 17250, 100
2026/09/29 11:08:13.948, 1, 17250, 100
2026/09/29 11:08:13.948, 2, 17250, 100
2026/09/29 11:08:13.948, 3, 17250, 100
2026/09/29 11:08:13.948, 4, 17250, 100
2026/09/29 11:08:13.949, 5, 17250, 100
2026/09/29 11:08:13.949, 6, 17250, 100
2026/09/29 11:08:13.949, 7, 17250, 100
2026/09/29 11:08:14.949, 0, 17250, 100
2026/09/29 11:08:14.949, 1, 17250, 100
2026/09/29 11:08:14.949, 2, 17250, 100
2026/09/29 11:08:14.949, 3, 17250, 100
2026/09/29 11:08:14.949, 4, 17250, 100
2026/09/29 11:08:14.949, 5, 17250, 100
2026/09/29 11:08:14.949, 6, 17250, 100
2026/09/29 11:08:14.949, 7, 17250, 100
2026/09/29 11:08:15.949, 0, 17250, 100
2026/09/29 11:08:15.950, 1, 17250, 100
2026/09/29 11:08:15.950, 2, 17250, 100
2026/09/29 11:08:15.950, 3, 17250, 100
2026/09/29 11:08:15.950, 4, 17250, 100
2026/09/29 11:08:15.950, 5, 17250, 100
2026/09/29 11:08:15.950, 6, 17250, 100
2026/09/29 11:08:15.950, 7, 17250, 100
2026/09/29 11:08:16.950, 0, 17250, 100
2026/09/29 11:08:16.950, 1, 17250, 100
2026/09/29 11:08:16.950, 2, 17250, 100
2026/09/29 11:08:16.950, 3, 17250, 100
2026/09/29 11:08:16.950, 4, 17250, 100
2026/09/29 11:08:16.950, 5, 17250, 100
2026/09/29 11:08:16.950, 6, 17250, 100
2026/09/29 11:08:16.950, 7, 17250, 100
2026/09/29 11:08:17.951, 0, 17250, 100
2026/09/29 11:08:17.951, 1, 17250, 100
2026/09/29 11:08:17.951, 2, 17250, 100
2026/09/29 11:08:17.951, 3, 17250, 100
2026/09/29 11:08:17.951, 4, 17250, 100
2026/09/29 11:08:17.951, 5, 17250, 100
2026/09/29 11:08:17.951, 6, 17250, 100
2026/09/29 11:08:17.951, 7, 17250, 100
2026/09/29 11:08:18.951, 0, 17250, 100
2026/09/29 11:08:18.951, 1, 17250, 100
2026/09/29 11:08:18.951, 2, 17250, 100
2026/09/29 11:08:18.951, 3, 17250, 100
2026/09/29 11:08:18.951, 4, 17250, 100
2026/09/29 11:08:18.951, 5, 17250, 100
2026/09/29 11:08:18.951, 6, 17250, 100
2026/09/29 11:08:18.951, 7, 17250, 100
2026/09/29 11:08:19.952, 0, 17250, 100
2026/09/29 11:08:19.952, 1, 17250, 100
2026/09/29 11:08:19.952, 2, 17250, 100
2026/09/29 11:08:19.952, 3, 17250, 100
2026/09/29 11:08:19.952, 4, 17250, 100
2026/09/29 11:08:19.952, 5, 17250, 100
2026/09/29 11:08:19.952, 6, 17250, 100
2026/09/29 11:08:19.952, 7, 17250, 100
2026/09/29 11:08:20.953, 0, 17250, 100
2026/09/29 11:08:20.956, 1, 17250, 100
2026/09/29 11:08:20.956, 2, 17250, 100
2026/09/29 11:08:20.956, 3, 17250, 100
2026/09/29 11:08:20.956, 4, 17250, 100
2026/09/29 11:08:20.956, 5, 17250, 100
2026/09/29 11:08:20.956, 6, 17250, 100
2026/09/29 11:08:20.956, 7, 17250, 100
2026/09/29 11:08:21.956, 0, 17250, 94
2026/09/29 11:08:21.957, 1, 17250, 100
2026/09/29 11:08:21.957, 2, 17250, 100
2026/09/29 11:08:21.957, 3, 17250, 98
2026/09/29 11:08:21.957, 4, 17250, 100
2026/09/29 11:08:21.957, 5, 17250, 100
2026/09/29 11:08:21.957, 6, 17250, 100
2026/09/29 11:08:21.957, 7, 17250, 100
2026/09/29 11:08:22.957, 0, 17250, 100
2026/09/29 11:08:22.957, 1, 17250, 100
2026/09/29 11:08:22.957, 2, 17250, 100
2026/09/29 11:08:22.957, 3, 17250, 100
2026/09/29 11:08:22.957, 4, 17250, 100
2026/09/29 11:08:22.957, 5, 17250, 100
2026/09/29 11:08:22.957, 6, 17250, 100
2026/09/29 11:08:22.957, 7, 17250, 100
2026/09/29 11:08:23.958, 0, 17250, 100
2026/09/29 11:08:23.958, 1, 17250, 100
2026/09/29 11:08:23.958, 2, 17250, 100
2026/09/29 11:08:23.958, 3, 17250, 100
2026/09/29 11:08:23.958, 4, 17250, 100
2026/09/29 11:08:23.958, 5, 17250, 100
2026/09/29 11:08:23.958, 6, 17250, 100
2026/09/29 11:08:23.958, 7, 17250, 100
2026/09/29 11:08:24.958, 0, 17250, 100
2026/09/29 11:08:24.958, 1, 17250, 100
2026/09/29 11:08:24.958, 2, 17250, 100
2026/09/29 11:08:24.958, 3, 17250, 100
2026/09/29 11:08:24.959, 4, 17250, 100
2026/09/29 11:08:24.959, 5, 17250, 100
2026/09/29 11:08:24.959, 6, 17250, 100
2026/09/29 11:08:24.959, 7, 17250, 100
2026/09/29 11:08:25.959, 0, 17250, 100
2026/09/29 11:08:25.959, 1, 17250, 100
2026/09/29 11:08:25.959, 2, 17250, 100
2026/09/29 11:08:25.959, 3, 17250, 100
2026/09/29 11:08:25.959, 4, 17250, 100
2026/09/29 11:08:25.959, 5, 17250, 100
2026/09/29 11:08:25.959, 6, 17250, 100
2026/09/29 11:08:25.959, 7, 17250, 100
2026/09/29 11:08:26.959, 0, 17250, 100
2026/09/29 11:08:26.960, 1, 17250, 100
2026/09/29 11:08:26.960, 2, 17250, 100
2026/09/29 11:08:26.960, 3, 17250, 100
2026/09/29 11:08:26.960, 4, 17250, 93
2026/09/29 11:08:26.960, 5, 17250, 100
2026/09/29 11:08:26.960, 6, 17250, 100
2026/09/29 11:08:26.960, 7, 17250, 100
2026/09/29 11:08:27.960, 0, 17250, 100
2026/09/29 11:08:27.960, 1, 17250, 100
2026/09/29 11:08:27.960, 2, 17250, 100
2026/09/29 11:08:27.960, 3, 17250, 100
2026/09/29 11:08:27.960, 4, 17250, 100
2026/09/29 11:08:27.960, 5, 17250, 100
2026/09/29 11:08:27.960, 6, 17250, 100
2026/09/29 11:08:27.960, 7, 17250, 100
2026/09/29 11:08:28.960, 0, 17250, 100
2026/09/29 11:08:28.960, 1, 17250, 100
2026/09/29 11:08:28.961, 2, 17250, 100
2026/09/29 11:08:28.961, 3, 17250, 100
2026/09/29 11:08:28.961, 4, 17250, 100
2026/09/29 11:08:28.961, 5, 17250, 100
2026/09/29 11:08:28.961, 6, 17250, 100
2026/09/29 11:08:28.961, 7, 17250, 100
2026/09/29 11:08:29.961, 0, 17250, 100
2026/09/29 11:08:29.961, 1, 17250, 100
2026/09/29 11:08:29.961, 2, 17250, 100
2026/09/29 11:08:29.961, 3, 17250, 100
2026/09/29 11:08:29.961, 4, 17250, 100
2026/09/29 11:08:29.961, 5, 17250, 100
2026/09/29 11:08:29.961, 6, 17250, 100
2026/09/29 11:08:29.961, 7, 17250, 100
2026/09/29 11:08:30.961, 0, 17250, 100
2026/09/29 11:08:30.961, 1, 17250, 100
2026/09/29 11:08:30.961, 2, 17250, 100
2026/09/29 11:08:30.962, 3, 17250, 100
2026/09/29 11:08:30.962, 4, 17250, 100
2026/09/29 11:08:30.962, 5, 17250, 100
2026/09/29 11:08:30.962, 6, 17250, 100
2026/09/29 11:08:30.962, 7, 17250, 100
2026/09/29 11:08:31.962, 0, 17250, 100
2026/09/29 11:08:31.962, 1, 17250, 100
2026/09/29 11:08:31.962, 2, 17250, 100
2026/09/29 11:08:31.962, 3, 17250, 100
2026/09/29 11:08:31.962, 4, 17250, 100
2026/09/29 11:08:31.962, 5, 17250, 100
2026/09/29 11:08:31.962, 6, 17250, 100
2026/09/29 11:08:31.962, 7, 17250, 100
2026/09/29 11:08:32.962, 0, 17250, 100
2026/09/29 11:08:32.963, 1, 17250, 100
2026/09/29 11:08:32.963, 2, 17250, 100
2026/09/29 11:08:32.963, 3, 17250, 100
2026/09/29 11:08:32.963, 4, 17250, 100
2026/09/29 11:08:32.963, 5, 17250, 100
2026/09/29 11:08:32.963, 6, 17250, 100
2026/09/29 11:08:32.963, 7, 17250, 100
2026/09/29 11:08:33.963, 0, 17250, 100
2026/09/29 11:08:33.963, 1, 17250, 100
2026/09/29 11:08:33.963, 2, 17250, 100
2026/09/29 11:08:33.963, 3, 17250, 100
2026/09/29 11:08:33.963, 4, 17250, 100
2026/09/29 11:08:33.963, 5, 17250, 100
2026/09/29 11:08:33.963, 6, 17250, 100
2026/09/29 11:08:33.963, 7, 17250, 100
2026/09/29 11:08:34.964, 0, 17250, 100
2026/09/29 11:08:34.964, 1, 17250, 100
2026/09/29 11:08:34.964, 2, 17250, 100
2026/09/29 11:08:34.964, 3, 17250, 100
2026/09/29 11:08:34.964, 4, 17250, 100
2026/09/29 11:08:34.964, 5, 17250, 100
2026/09/29 11:08:34.964, 6, 17250, 100
2026/09/29 11:08:34.964, 7, 17250, 100
2026/09/29 11:08:35.964, 0, 17250, 100
2026/09/29 11:08:35.964, 1, 17250, 100
2026/09/29 11:08:35.964, 2, 17250, 100
2026/09/29 11:08:35.964, 3, 17250, 100
2026/09/29 11:08:35.964, 4, 17250, 100
2026/09/29 11:08:35.964, 5, 17250, 100
2026/09/29 11:08:35.964, 6, 17250, 100
2026/09/29 11:08:35.964, 7, 17250, 100
2026/09/29 11:08:36.965, 0, 17250, 100
2026/09/29 11:08:36.965, 1, 17250, 100
2026/09/29 11:08:36.965, 2, 17250, 100
2026/09/29 11:08:36.965, 3, 17250, 100
2026/09/29 11:08:36.965, 4, 17250, 100
2026/09/29 11:08:36.965, 5, 17250, 100
2026/09/29 11:08:36.965, 6, 17250, 100
2026/09/29 11:08:36.965, 7, 17250, 100
2026/09/29 11:08:37.965, 0, 17254, 33
2026/09/29 11:08:37.965, 1, 17254, 77
2026/09/29 11:08:37.965, 2, 17254, 84
2026/09/29 11:08:37.965, 3, 17254, 22
2026/09/29 11:08:37.965, 4, 17254, 100
2026/09/29 11:08:37.966, 5, 17254, 100
2026/09/29 11:08:37.966, 6, 17254, 100
2026/09/29 11:08:37.966, 7, 17254, 100
2026/09/29 11:08:38.966, 0, 17254, 4
2026/09/29 11:08:38.966, 1, 17254, 0
2026/09/29 11:08:38.966, 2, 17254, 0
2026/09/29 11:08:38.966, 3, 17254, 0
2026/09/29 11:08:38.966, 4, 17254, 0
2026/09/29 11:08:38.966, 5, 17254, 100
2026/09/29 11:08:38.966, 6, 17254, 0
2026/09/29 11:08:38.966, 7, 17254, 100
2026/09/29 11:08:39.966, 0, 17254, 0
2026/09/29 11:08:39.967, 1, 17254, 36
2026/09/29 11:08:39.967, 2, 17254, 42
2026/09/29 11:08:39.967, 3, 17254, 0
2026/09/29 11:08:39.967, 4, 17254, 100
2026/09/29 11:08:39.967, 5, 17254, 100
2026/09/29 11:08:39.967, 6, 17254, 0
2026/09/29 11:08:39.967, 7, 17254, 100
2026/09/29 11:08:40.967, 0, 17254, 100
2026/09/29 11:08:40.967, 1, 17254, 100
2026/09/29 11:08:40.967, 2, 17254, 100
2026/09/29 11:08:40.967, 3, 17254, 100
2026/09/29 11:08:40.967, 4, 17254, 100
2026/09/29 11:08:40.967, 5, 17254, 100
2026/09/29 11:08:40.967, 6, 17254, 100
2026/09/29 11:08:40.967, 7, 17254, 100
2026/09/29 11:08:41.967, 0, 17254, 100
2026/09/29 11:08:41.967, 1, 17254, 100
2026/09/29 11:08:41.967, 2, 17254, 100
2026/09/29 11:08:41.967, 3, 17254, 100
2026/09/29 11:08:41.967, 4, 17254, 100
2026/09/29 11:08:41.968, 5, 17254, 100
2026/09/29 11:08:41.968, 6, 17254, 100
2026/09/29 11:08:41.968, 7, 17254, 100
2026/09/29 11:08:42.968, 0, 17254, 100
2026/09/29 11:08:42.968, 1, 17254, 100
2026/09/29 11:08:42.968, 2, 17254, 100
2026/09/29 11:08:42.968, 3, 17254, 100
2026/09/29 11:08:42.968, 4, 17254, 100
2026/09/29 11:08:42.968, 5, 17254, 100
2026/09/29 11:08:42.968, 6, 17254, 100
2026/09/29 11:08:42.968, 7, 17254, 100
2026/09/29 11:08:43.968, 0, 17254, 100
2026/09/29 11:08:43.968, 1, 17254, 100
2026/09/29 11:08:43.968, 2, 17254, 100
2026/09/29 11:08:43.969, 3, 17254, 100
2026/09/29 11:08:43.969, 4, 17254, 100
2026/09/29 11:08:43.969, 5, 17254, 100
2026/09/29 11:08:43.969, 6, 17254, 100
2026/09/29 11:08:43.969, 7, 17254, 100
2026/09/29 11:08:44.969, 0, 17254, 100
2026/09/29 11:08:44.969, 1, 17254, 100
2026/09/29 11:08:44.969, 2, 17254, 100
2026/09/29 11:08:44.969, 3, 17254, 100
2026/09/29 11:08:44.969, 4, 17254, 100
2026/09/29 11:08:44.969, 5, 17254, 100
2026/09/29 11:08:44.969, 6, 17254, 100
2026/09/29 11:08:44.969, 7, 17254, 100
2026/09/29 11:08:45.969, 0, 17254, 95
2026/09/29 11:08:45.970, 1, 17254, 97
2026/09/29 11:08:45.970, 2, 17254, 99
2026/09/29 11:08:45.970, 3, 17254, 98
2026/09/29 11:08:45.970, 4, 17254, 100
2026/09/29 11:08:45.970, 5, 17254, 100
2026/09/29 11:08:45.970, 6, 17254, 100
2026/09/29 11:08:45.970, 7, 17254, 100
2026/09/29 11:08:46.970, 0, 17254, 100
2026/09/29 11:08:46.970, 1, 17254, 100
2026/09/29 11:08:46.970, 2, 17254, 100
2026/09/29 11:08:46.970, 3, 17254, 100
2026/09/29 11:08:46.970, 4, 17254, 100
2026/09/29 11:08:46.970, 5, 17254, 100
2026/09/29 11:08:46.970, 6, 17254, 100
2026/09/29 11:08:46.971, 7, 17254, 100
2026/09/29 11:08:47.971, 0, 17254, 100
2026/09/29 11:08:47.971, 1, 17254, 100
2026/09/29 11:08:47.971, 2, 17254, 100
2026/09/29 11:08:47.971, 3, 17254, 100
2026/09/29 11:08:47.971, 4, 17254, 100
2026/09/29 11:08:47.971, 5, 17254, 100
2026/09/29 11:08:47.971, 6, 17254, 100
2026/09/29 11:08:47.971, 7, 17254, 100
2026/09/29 11:08:48.971, 0, 17254, 100
2026/09/29 11:08:48.971, 1, 17254, 100
2026/09/29 11:08:48.971, 2, 17254, 100
2026/09/29 11:08:48.971, 3, 17254, 100
2026/09/29 11:08:48.971, 4, 17254, 100
2026/09/29 11:08:48.972, 5, 17254, 100
2026/09/29 11:08:48.972, 6, 17254, 100
2026/09/29 11:08:48.972, 7, 17254, 100
2026/09/29 11:08:49.972, 0, 17254, 100
2026/09/29 11:08:49.972, 1, 17254, 100
2026/09/29 11:08:49.972, 2, 17254, 100
2026/09/29 11:08:49.972, 3, 17254, 100
2026/09/29 11:08:49.972, 4, 17254, 100
2026/09/29 11:08:49.972, 5, 17254, 100
2026/09/29 11:08:49.972, 6, 17254, 100
2026/09/29 11:08:49.972, 7, 17254, 100
2026/09/29 11:08:50.972, 0, 17254, 100
2026/09/29 11:08:50.972, 1, 17254, 100
2026/09/29 11:08:50.972, 2, 17254, 100
2026/09/29 11:08:50.972, 3, 17254, 100
2026/09/29 11:08:50.973, 4, 17254, 99
2026/09/29 11:08:50.973, 5, 17254, 100
2026/09/29 11:08:50.973, 6, 17254, 100
2026/09/29 11:08:50.973, 7, 17254, 100
2026/09/29 11:08:51.973, 0, 17254, 100
2026/09/29 11:08:51.973, 1, 17254, 100
2026/09/29 11:08:51.973, 2, 17254, 100
2026/09/29 11:08:51.973, 3, 17254, 100
2026/09/29 11:08:51.973, 4, 17254, 100
2026/09/29 11:08:51.973, 5, 17254, 100
2026/09/29 11:08:51.973, 6, 17254, 100
2026/09/29 11:08:51.973, 7, 17254, 100
2026/09/29 11:08:52.973, 0, 17254, 100
2026/09/29 11:08:52.974, 1, 17254, 100
2026/09/29 11:08:52.974, 2, 17254, 100
2026/09/29 11:08:52.974, 3, 17254, 100
2026/09/29 11:08:52.974, 4, 17254, 100
2026/09/29 11:08:52.974, 5, 17254, 100
2026/09/29 11:08:52.974, 6, 17254, 100
2026/09/29 11:08:52.974, 7, 17254, 100
2026/09/29 11:08:53.974, 0, 17254, 100
2026/09/29 11:08:53.974, 1, 17254, 100
2026/09/29 11:08:53.974, 2, 17254, 100
2026/09/29 11:08:53.974, 3, 17254, 100
2026/09/29 11:08:53.974, 4, 17254, 100
2026/09/29 11:08:53.974, 5, 17254, 100
2026/09/29 11:08:53.974, 6, 17254, 100
2026/09/29 11:08:53.974, 7, 17254, 100
2026/09/29 11:08:54.975, 0, 17254, 100
2026/09/29 11:08:54.975, 1, 17254, 100
2026/09/29 11:08:54.975, 2, 17254, 100
2026/09/29 11:08:54.975, 3, 17254, 100
2026/09/29 11:08:54.975, 4, 17254, 100
2026/09/29 11:08:54.975, 5, 17254, 100
2026/09/29 11:08:54.975, 6, 17254, 100
2026/09/29 11:08:54.975, 7, 17254, 100
2026/09/29 11:08:55.975, 0, 17434, 100
2026/09/29 11:08:55.975, 1, 17434, 100
2026/09/29 11:08:55.975, 2, 17434, 100
2026/09/29 11:08:55.975, 3, 17434, 100
2026/09/29 11:08:55.975, 4, 17434, 100
2026/09/29 11:08:55.975, 5, 17434, 100
2026/09/29 11:08:55.976, 6, 17434, 100
2026/09/29 11:08:55.976, 7, 17434, 100
2026/09/29 11:08:56.976, 0, 17434, 100
2026/09/29 11:08:56.976, 1, 17434, 100
2026/09/29 11:08:56.976, 2, 17434, 100
2026/09/29 11:08:56.976, 3, 17434, 100
2026/09/29 11:08:56.976, 4, 17434, 100
2026/09/29 11:08:56.976, 5, 17434, 100
2026/09/29 11:08:56.976, 6, 17434, 100
2026/09/29 11:08:56.976, 7, 17434, 100
2026/09/29 11:08:57.976, 0, 17434, 100
2026/09/29 11:08:57.976, 1, 17434, 100
2026/09/29 11:08:57.976, 2, 17434, 100
2026/09/29 11:08:57.977, 3, 17434, 100
2026/09/29 11:08:57.977, 4, 17434, 100
2026/09/29 11:08:57.977, 5, 17434, 100
2026/09/29 11:08:57.977, 6, 17434, 100
2026/09/29 11:08:57.977, 7, 17434, 100
2026/09/29 11:08:58.977, 0, 17434, 100
2026/09/29 11:08:58.977, 1, 17434, 100
2026/09/29 11:08:58.977, 2, 17434, 100
2026/09/29 11:08:58.977, 3, 17434, 100
2026/09/29 11:08:58.977, 4, 17434, 100
2026/09/29 11:08:58.977, 5, 17434, 100
2026/09/29 11:08:58.977, 6, 17434, 100
2026/09/29 11:08:58.977, 7, 17434, 100
2026/09/29 11:08:59.977, 0, 17434, 100
2026/09/29 11:08:59.978, 1, 17434, 100
2026/09/29 11:08:59.978, 2, 17434, 100
2026/09/29 11:08:59.978, 3, 17434, 100
2026/09/29 11:08:59.978, 4, 17434, 100
2026/09/29 11:08:59.978, 5, 17434, 100
2026/09/29 11:08:59.978, 6, 17434, 100
2026/09/29 11:08:59.978, 7, 17434, 100
2026/09/29 11:09:00.978, 0, 17434, 100
2026/09/29 11:09:00.978, 1, 17434, 100
2026/09/29 11:09:00.978, 2, 17434, 100
2026/09/29 11:09:00.978, 3, 17434, 100
2026/09/29 11:09:00.978, 4, 17434, 100
2026/09/29 11:09:00.978, 5, 17434, 100
2026/09/29 11:09:00.978, 6, 17434, 100
2026/09/29 11:09:00.978, 7, 17434, 100
2026/09/29 11:09:01.979, 0, 17434, 98
2026/09/29 11:09:01.979, 1, 17434, 96
2026/09/29 11:09:01.979, 2, 17434, 96
2026/09/29 11:09:01.979, 3, 17434, 100
2026/09/29 11:09:01.979, 4, 17434, 100
2026/09/29 11:09:01.979, 5, 17434, 100
2026/09/29 11:09:01.979, 6, 17434, 100
2026/09/29 11:09:01.979, 7, 17434, 100
2026/09/29 11:09:02.979, 0, 17434, 100
2026/09/29 11:09:02.979, 1, 17434, 100
2026/09/29 11:09:02.979, 2, 17434, 100
2026/09/29 11:09:02.980, 3, 17434, 100
2026/09/29 11:09:02.980, 4, 17434, 100
2026/09/29 11:09:02.980, 5, 17434, 100
2026/09/29 11:09:02.980, 6, 17434, 100
2026/09/29 11:09:02.980, 7, 17434, 100
2026/09/29 11:09:03.980, 0, 17434, 100
2026/09/29 11:09:03.980, 1, 17434, 100
2026/09/29 11:09:03.980, 2, 17434, 100
2026/09/29 11:09:03.980, 3, 17434, 100
2026/09/29 11:09:03.980, 4, 17434, 100
2026/09/29 11:09:03.980, 5, 17434, 100
2026/09/29 11:09:03.980, 6, 17434, 100
2026/09/29 11:09:03.980, 7, 17434, 100
2026/09/29 11:09:04.980, 0, 17434, 100
2026/09/29 11:09:04.981, 1, 17434, 100
2026/09/29 11:09:04.981, 2, 17434, 100
2026/09/29 11:09:04.981, 3, 17434, 100
2026/09/29 11:09:04.981, 4, 17434, 100
2026/09/29 11:09:04.981, 5, 17434, 100
2026/09/29 11:09:04.981, 6, 17434, 100
2026/09/29 11:09:04.981, 7, 17434, 100
2026/09/29 11:09:05.981, 0, 17434, 100
2026/09/29 11:09:05.981, 1, 17434, 100
2026/09/29 11:09:05.981, 2, 17434, 100
2026/09/29 11:09:05.981, 3, 17434, 100
2026/09/29 11:09:05.981, 4, 17434, 100
2026/09/29 11:09:05.981, 5, 17434, 100
2026/09/29 11:09:05.981, 6, 17434, 100
2026/09/29 11:09:05.981, 7, 17434, 100
2026/09/29 11:09:06.982, 0, 17434, 100
2026/09/29 11:09:06.982, 1, 17434, 100
2026/09/29 11:09:06.982, 2, 17434, 100
2026/09/29 11:09:06.982, 3, 17434, 100
2026/09/29 11:09:06.982, 4, 17434, 100
2026/09/29 11:09:06.982, 5, 17434, 100
2026/09/29 11:09:06.982, 6, 17434, 100
2026/09/29 11:09:06.982, 7, 17434, 100
2026/09/29 11:09:07.982, 0, 17434, 100
2026/09/29 11:09:07.982, 1, 17434, 100
2026/09/29 11:09:07.982, 2, 17434, 100
2026/09/29 11:09:07.982, 3, 17434, 100
2026/09/29 11:09:07.982, 4, 17434, 100
2026/09/29 11:09:07.982, 5, 17434, 100
2026/09/29 11:09:07.983, 6, 17434, 100
2026/09/29 11:09:07.983, 7, 17434, 100
2026/09/29 11:09:08.983, 0, 17434, 100
2026/09/29 11:09:08.983, 1, 17434, 100
2026/09/29 11:09:08.983, 2, 17434, 100
2026/09/29 11:09:08.983, 3, 17434, 100
2026/09/29 11:09:08.983, 4, 17434, 100
2026/09/29 11:09:08.983, 5, 17434, 100
2026/09/29 11:09:08.983, 6, 17434, 100
2026/09/29 11:09:08.983, 7, 17434, 100
2026/09/29 11:09:09.983, 0, 17434, 100
2026/09/29 11:09:09.983, 1, 17434, 100
2026/09/29 11:09:09.983, 2, 17434, 100
2026/09/29 11:09:09.983, 3, 17434, 100
2026/09/29 11:09:09.984, 4, 17434, 100
2026/09/29 11:09:09.984, 5, 17434, 99
2026/09/29 11:09:09.984, 6, 17434, 100
2026/09/29 11:09:09.984, 7, 17434, 100
2026/09/29 11:09:10.984, 0, 17434, 100
2026/09/29 11:09:10.984, 1, 17434, 100
2026/09/29 11:09:10.984, 2, 17434, 100
2026/09/29 11:09:10.984, 3, 17434, 100
2026/09/29 11:09:10.984, 4, 17434, 100
2026/09/29 11:09:10.984, 5, 17434, 100
2026/09/29 11:09:10.984, 6, 17434, 100
2026/09/29 11:09:10.984, 7, 17434, 100
2026/09/29 11:09:11.984, 0, 17434, 100
2026/09/29 11:09:11.985, 1, 17434, 100
2026/09/29 11:09:11.985, 2, 17434, 100
2026/09/29 11:09:11.985, 3, 17434, 100
2026/09/29 11:09:11.985, 4, 17434, 100
2026/09/29 11:09:11.985, 5, 17434, 100
2026/09/29 11:09:11.985, 6, 17434, 100
2026/09/29 11:09:11.985, 7, 17434, 100
2026/09/29 11:09:12.985, 0, 17434, 100
2026/09/29 11:09:12.985, 1, 17434, 100
2026/09/29 11:09:12.985, 2, 17434, 100
2026/09/29 11:09:12.985, 3, 17434, 100
2026/09/29 11:09:12.985, 4, 17434, 100
2026/09/29 11:09:12.985, 5, 17434, 100
2026/09/29 11:09:12.985, 6, 17434, 100
2026/09/29 11:09:12.985, 7, 17434, 100
2026/09/29 11:09:13.986, 0, 17434, 100
2026/09/29 11:09:13.986, 1, 17434, 100
2026/09/29 11:09:13.986, 2, 17434, 100
2026/09/29 11:09:13.986, 3, 17434, 100
2026/09/29 11:09:13.986, 4, 17434, 100
2026/09/29 11:09:13.986, 5, 17434, 100
2026/09/29 11:09:13.986, 6, 17434, 100
2026/09/29 11:09:13.986, 7, 17434, 100
2026/09/29 11:09:14.986, 0, 17434, 100
2026/09/29 11:09:14.986, 1, 17434, 100
2026/09/29 11:09:14.986, 2, 17434, 100
2026/09/29 11:09:14.986, 3, 17434, 100
2026/09/29 11:09:14.986, 4, 17434, 100
2026/09/29 11:09:14.986, 5, 17434, 100
2026/09/29 11:09:14.987, 6, 17434, 100
2026/09/29 11:09:14.987, 7, 17434, 100
2026/09/29 11:09:15.987, 0, 17434, 100
2026/09/29 11:09:15.987, 1, 17434, 100
2026/09/29 11:09:15.987, 2, 17434, 100
2026/09/29 11:09:15.987, 3, 17434, 100
2026/09/29 11:09:15.987, 4, 17434, 100
2026/09/29 11:09:15.987, 5, 17434, 100
2026/09/29 11:09:15.987, 6, 17434, 100
2026/09/29 11:09:15.987, 7, 17434, 100
2026/09/29 11:09:16.987, 0, 17434, 100
2026/09/29 11:09:16.987, 1, 17434, 100
2026/09/29 11:09:16.987, 2, 17434, 100
2026/09/29 11:09:16.988, 3, 17434, 100
2026/09/29 11:09:16.988, 4, 17434, 100
2026/09/29 11:09:16.988, 5, 17434, 100
2026/09/29 11:09:16.988, 6, 17434, 100
2026/09/29 11:09:16.988, 7, 17434, 100
2026/09/29 11:09:17.988, 0, 17434, 100
2026/09/29 11:09:17.988, 1, 17434, 95
2026/09/29 11:09:17.988, 2, 17434, 96
2026/09/29 11:09:17.988, 3, 17434, 100
2026/09/29 11:09:17.988, 4, 17434, 100
2026/09/29 11:09:17.988, 5, 17434, 100
2026/09/29 11:09:17.988, 6, 17434, 100
2026/09/29 11:09:17.988, 7, 17434, 100
2026/09/29 11:09:18.988, 0, 17434, 100
2026/09/29 11:09:18.989, 1, 17434, 100
2026/09/29 11:09:18.989, 2, 17434, 100
2026/09/29 11:09:18.989, 3, 17434, 100
2026/09/29 11:09:18.989, 4, 17434, 100
2026/09/29 11:09:18.989, 5, 17434, 100
2026/09/29 11:09:18.989, 6, 17434, 100
2026/09/29 11:09:18.989, 7, 17434, 100
2026/09/29 11:09:19.989, 0, 17434, 99
2026/09/29 11:09:19.989, 1, 17434, 100
2026/09/29 11:09:19.989, 2, 17434, 100
2026/09/29 11:09:19.989, 3, 17434, 100
2026/09/29 11:09:19.989, 4, 17434, 100
2026/09/29 11:09:19.989, 5, 17434, 100
2026/09/29 11:09:19.990, 6, 17434, 100
2026/09/29 11:09:19.990, 7, 17434, 100
2026/09/29 11:09:20.990, 0, 17434, 100
2026/09/29 11:09:20.990, 1, 17434, 100
2026/09/29 11:09:20.990, 2, 17434, 100
2026/09/29 11:09:20.990, 3, 17434, 100
2026/09/29 11:09:20.990, 4, 17434, 100
2026/09/29 11:09:20.991, 5, 17434, 100
2026/09/29 11:09:20.991, 6, 17434, 100
2026/09/29 11:09:20.991, 7, 17434, 100
2026/09/29 11:09:21.991, 0, 17434, 100
2026/09/29 11:09:21.991, 1, 17434, 100
2026/09/29 11:09:21.991, 2, 17434, 100
2026/09/29 11:09:21.991, 3, 17434, 100
2026/09/29 11:09:21.991, 4, 17434, 100
2026/09/29 11:09:21.991, 5, 17434, 100
2026/09/29 11:09:21.991, 6, 17434, 100
2026/09/29 11:09:21.992, 7, 17434, 100
2026/09/29 11:09:22.992, 0, 17434, 100
2026/09/29 11:09:22.992, 1, 17434, 100
2026/09/29 11:09:22.992, 2, 17434, 100
2026/09/29 11:09:22.992, 3, 17434, 100
2026/09/29 11:09:22.992, 4, 17434, 100
2026/09/29 11:09:22.992, 5, 17434, 100
2026/09/29 11:09:22.992, 6, 17434, 100
2026/09/29 11:09:22.992, 7, 17434, 100
2026/09/29 11:09:23.992, 0, 17434, 100
2026/09/29 11:09:23.992, 1, 17434, 100
2026/09/29 11:09:23.992, 2, 17434, 100
2026/09/29 11:09:23.992, 3, 17434, 100
2026/09/29 11:09:23.992, 4, 17434, 100
2026/09/29 11:09:23.993, 5, 17434, 100
2026/09/29 11:09:23.993, 6, 17434, 100
2026/09/29 11:09:23.993, 7, 17434, 100
2026/09/29 11:09:24.993, 0, 17434, 100
2026/09/29 11:09:24.993, 1, 17434, 100
2026/09/29 11:09:24.993, 2, 17434, 100
2026/09/29 11:09:24.993, 3, 17434, 100
2026/09/29 11:09:24.993, 4, 17434, 100
2026/09/29 11:09:24.993, 5, 17434, 100
2026/09/29 11:09:24.993, 6, 17434, 100
2026/09/29 11:09:24.993, 7, 17434, 100
2026/09/29 11:09:25.993, 0, 17434, 100
2026/09/29 11:09:25.994, 1, 17434, 100
2026/09/29 11:09:25.994, 2, 17434, 100
2026/09/29 11:09:25.994, 3, 17434, 100
2026/09/29 11:09:25.994, 4, 17434, 100
2026/09/29 11:09:25.994, 5, 17434, 100
2026/09/29 11:09:25.994, 6, 17434, 100
2026/09/29 11:09:25.994, 7, 17434, 100
2026/09/29 11:09:26.994, 0, 17434, 100
2026/09/29 11:09:26.994, 1, 17434, 100
2026/09/29 11:09:26.994, 2, 17434, 100
2026/09/29 11:09:26.994, 3, 17434, 100
2026/09/29 11:09:26.994, 4, 17434, 100
2026/09/29 11:09:26.994, 5, 17434, 100
2026/09/29 11:09:26.994, 6, 17434, 100
2026/09/29 11:09:26.995, 7, 17434, 100
2026/09/29 11:09:27.995, 0, 17434, 100
2026/09/29 11:09:27.995, 1, 17434, 100
2026/09/29 11:09:27.995, 2, 17434, 100
2026/09/29 11:09:27.995, 3, 17434, 100
2026/09/29 11:09:27.995, 4, 17434, 100
2026/09/29 11:09:27.995, 5, 17434, 100
2026/09/29 11:09:27.995, 6, 17434, 100
2026/09/29 11:09:27.995, 7, 17434, 100
2026/09/29 11:09:28.995, 0, 17434, 100
2026/09/29 11:09:28.995, 1, 17434, 100
2026/09/29 11:09:28.995, 2, 17434, 100
2026/09/29 11:09:28.995, 3, 17434, 100
2026/09/29 11:09:28.996, 4, 17434, 100
2026/09/29 11:09:28.996, 5, 17434, 100
2026/09/29 11:09:28.996, 6, 17434, 100
2026/09/29 11:09:28.996, 7, 17434, 100
2026/09/29 11:09:29.996, 0, 17434, 100
2026/09/29 11:09:29.996, 1, 17434, 100
2026/09/29 11:09:29.996, 2, 17434, 100
2026/09/29 11:09:29.996, 3, 17434, 100
2026/09/29 11:09:29.996, 4, 17434, 100
2026/09/29 11:09:29.996, 5, 17434, 100
2026/09/29 11:09:29.996, 6, 17434, 100
2026/09/29 11:09:29.996, 7, 17434, 100
2026/09/29 11:09:30.996, 0, 17434, 100
2026/09/29 11:09:30.996, 1, 17434, 100
2026/09/29 11:09:30.997, 2, 17434, 100
2026/09/29 11:09:30.997, 3, 17434, 100
2026/09/29 11:09:30.997, 4, 17434, 100
2026/09/29 11:09:30.997, 5, 17434, 100
2026/09/29 11:09:30.997, 6, 17434, 100
2026/09/29 11:09:30.997, 7, 17434, 100
2026/09/29 11:09:31.997, 0, 17434, 100
2026/09/29 11:09:31.997, 1, 17434, 100
2026/09/29 11:09:31.997, 2, 17434, 100
2026/09/29 11:09:31.997, 3, 17434, 100
2026/09/29 11:09:31.997, 4, 17434, 100
2026/09/29 11:09:31.997, 5, 17434, 100
2026/09/29 11:09:31.997, 6, 17434, 100
2026/09/29 11:09:31.997, 7, 17434, 100
2026/09/29 11:09:32.998, 0, 17434, 100
2026/09/29 11:09:32.998, 1, 17434, 100
2026/09/29 11:09:32.998, 2, 17434, 100
2026/09/29 11:09:32.998, 3, 17434, 100
2026/09/29 11:09:32.998, 4, 17434, 100
2026/09/29 11:09:32.998, 5, 17434, 100
2026/09/29 11:09:32.998, 6, 17434, 100
2026/09/29 11:09:32.998, 7, 17434, 100
2026/09/29 11:09:33.998, 0, 17434, 100
2026/09/29 11:09:33.998, 1, 17434, 95
2026/09/29 11:09:33.998, 2, 17434, 95
2026/09/29 11:09:33.998, 3, 17434, 100
2026/09/29 11:09:33.998, 4, 17434, 100
2026/09/29 11:09:33.998, 5, 17434, 100
2026/09/29 11:09:33.998, 6, 17434, 100
2026/09/29 11:09:33.998, 7, 17434, 100
2026/09/29 11:09:34.999, 0, 17434, 100
2026/09/29 11:09:34.999, 1, 17434, 100
2026/09/29 11:09:34.999, 2, 17434, 100
2026/09/29 11:09:34.999, 3, 17434, 100
2026/09/29 11:09:34.999, 4, 17434, 100
2026/09/29 11:09:34.999, 5, 17434, 100
2026/09/29 11:09:34.999, 6, 17434, 100
2026/09/29 11:09:34.999, 7, 17434, 100
2026/09/29 11:09:35.999, 0, 17434, 100
2026/09/29 11:09:35.999, 1, 17434, 100
2026/09/29 11:09:35.999, 2, 17434, 100
2026/09/29 11:09:35.999, 3, 17434, 100
2026/09/29 11:09:35.999, 4, 17434, 100
2026/09/29 11:09:35.999, 5, 17434, 100
2026/09/29 11:09:36.000, 6, 17434, 100
2026/09/29 11:09:36.000, 7, 17434, 100
2026/09/29 11:09:37.000, 0, 17434, 100
2026/09/29 11:09:37.000, 1, 17434, 100
2026/09/29 11:09:37.000, 2, 17434, 100
2026/09/29 11:09:37.000, 3, 17434, 100
2026/09/29 11:09:37.000, 4, 17434, 100
2026/09/29 11:09:37.000, 5, 17434, 100
2026/09/29 11:09:37.000, 6, 17434, 100
2026/09/29 11:09:37.000, 7, 17434, 100
2026/09/29 11:09:38.000, 0, 17434, 100
2026/09/29 11:09:38.001, 1, 17434, 100
2026/09/29 11:09:38.001, 2, 17434, 100
2026/09/29 11:09:38.001, 3, 17434, 100
2026/09/29 11:09:38.001, 4, 17434, 100
2026/09/29 11:09:38.001, 5, 17434, 100
2026/09/29 11:09:38.001, 6, 17434, 100
2026/09/29 11:09:38.001, 7, 17434, 100
2026/09/29 11:09:39.001, 0, 17434, 100
2026/09/29 11:09:39.001, 1, 17434, 100
2026/09/29 11:09:39.001, 2, 17434, 100
2026/09/29 11:09:39.001, 3, 17434, 100
2026/09/29 11:09:39.001, 4, 17434, 100
2026/09/29 11:09:39.001, 5, 17434, 100
2026/09/29 11:09:39.001, 6, 17434, 100
2026/09/29 11:09:39.001, 7, 17434, 100
2026/09/29 11:09:40.002, 0, 17434, 100
2026/09/29 11:09:40.002, 1, 17434, 100
2026/09/29 11:09:40.002, 2, 17434, 100
2026/09/29 11:09:40.002, 3, 17434, 100
2026/09/29 11:09:40.002, 4, 17434, 100
2026/09/29 11:09:40.002, 5, 17434, 100
2026/09/29 11:09:40.002, 6, 17434, 100
2026/09/29 11:09:40.002, 7, 17434, 100
2026/09/29 11:09:41.002, 0, 17434, 100
2026/09/29 11:09:41.003, 1, 17434, 100
2026/09/29 11:09:41.003, 2, 17434, 100
2026/09/29 11:09:41.003, 3, 17434, 100
2026/09/29 11:09:41.003, 4, 17434, 100
2026/09/29 11:09:41.003, 5, 17434, 100
2026/09/29 11:09:41.003, 6, 17434, 100
2026/09/29 11:09:41.003, 7, 17434, 100
2026/09/29 11:09:42.003, 0, 17434, 100
2026/09/29 11:09:42.003, 1, 17434, 100
2026/09/29 11:09:42.003, 2, 17434, 100
2026/09/29 11:09:42.003, 3, 17434, 100
2026/09/29 11:09:42.003, 4, 17434, 100
2026/09/29 11:09:42.003, 5, 17434, 100
2026/09/29 11:09:42.003, 6, 17434, 100
2026/09/29 11:09:42.003, 7, 17434, 100
2026/09/29 11:09:43.003, 0, 17434, 100
2026/09/29 11:09:43.003, 1, 17434, 100
2026/09/29 11:09:43.004, 2, 17434, 100
2026/09/29 11:09:43.004, 3, 17434, 100
2026/09/29 11:09:43.004, 4, 17434, 100
2026/09/29 11:09:43.004, 5, 17434, 100
2026/09/29 11:09:43.004, 6, 17434, 100
2026/09/29 11:09:43.004, 7, 17434, 100
2026/09/29 11:09:44.004, 0, 17434, 100
2026/09/29 11:09:44.004, 1, 17434, 100
2026/09/29 11:09:44.004, 2, 17434, 100
2026/09/29 11:09:44.004, 3, 17434, 100
2026/09/29 11:09:44.004, 4, 17434, 100
2026/09/29 11:09:44.004, 5, 17434, 100
2026/09/29 11:09:44.004, 6, 17434, 100
2026/09/29 11:09:44.004, 7, 17434, 100
2026/09/29 11:09:45.005, 0, 17434, 100
2026/09/29 11:09:45.005, 1, 17434, 100
2026/09/29 11:09:45.005, 2, 17434, 100
2026/09/29 11:09:45.005, 3, 17434, 100
2026/09/29 11:09:45.005, 4, 17434, 100
2026/09/29 11:09:45.005, 5, 17434, 100
2026/09/29 11:09:45.005, 6, 17434, 100
2026/09/29 11:09:45.005, 7, 17434, 100
2026/09/29 11:09:46.005, 0, 17434, 100
2026/09/29 11:09:46.005, 1, 17434, 100
2026/09/29 11:09:46.005, 2, 17434, 100
2026/09/29 11:09:46.005, 3, 17434, 100
2026/09/29 11:09:46.006, 4, 17434, 100
2026/09/29 11:09:46.006, 5, 17434, 100
2026/09/29 11:09:46.006, 6, 17434, 100
2026/09/29 11:09:46.006, 7, 17434, 100
2026/09/29 11:09:47.006, 0, 17434, 100
2026/09/29 11:09:47.006, 1, 17434, 100
2026/09/29 11:09:47.006, 2, 17434, 100
2026/09/29 11:09:47.006, 3, 17434, 100
2026/09/29 11:09:47.006, 4, 17434, 100
2026/09/29 11:09:47.006, 5, 17434, 100
2026/09/29 11:09:47.006, 6, 17434, 100
2026/09/29 11:09:47.006, 7, 17434, 100
2026/09/29 11:09:48.006, 0, 17434, 100
2026/09/29 11:09:48.007, 1, 17434, 100
2026/09/29 11:09:48.007, 2, 17434, 100
2026/09/29 11:09:48.007, 3, 17434, 100
2026/09/29 11:09:48.007, 4, 17434, 100
2026/09/29 11:09:48.007, 5, 17434, 100
2026/09/29 11:09:48.007, 6, 17434, 100
2026/09/29 11:09:48.007, 7, 17434, 100
2026/09/29 11:09:49.007, 0, 17434, 100
2026/09/29 11:09:49.007, 1, 17434, 100
2026/09/29 11:09:49.007, 2, 17434, 100
2026/09/29 11:09:49.007, 3, 17434, 100
2026/09/29 11:09:49.007, 4, 17434, 100
2026/09/29 11:09:49.007, 5, 17434, 100
2026/09/29 11:09:49.007, 6, 17434, 100
2026/09/29 11:09:49.007, 7, 17434, 100
2026/09/29 11:09:50.007, 0, 17434, 100
2026/09/29 11:09:50.007, 1, 17434, 94
2026/09/29 11:09:50.007, 2, 17434, 94
2026/09/29 11:09:50.007, 3, 17434, 100
2026/09/29 11:09:50.007, 4, 17434, 100
2026/09/29 11:09:50.007, 5, 17434, 100
2026/09/29 11:09:50.008, 6, 17434, 100
2026/09/29 11:09:50.008, 7, 17434, 100
2026/09/29 11:09:51.008, 0, 17434, 100
2026/09/29 11:09:51.008, 1, 17434, 100
2026/09/29 11:09:51.008, 2, 17434, 100
2026/09/29 11:09:51.008, 3, 17434, 100
2026/09/29 11:09:51.008, 4, 17434, 100
2026/09/29 11:09:51.008, 5, 17434, 100
2026/09/29 11:09:51.008, 6, 17434, 100
2026/09/29 11:09:51.008, 7, 17434, 100
2026/09/29 11:09:52.008, 0, 17434, 100
2026/09/29 11:09:52.009, 1, 17434, 100
2026/09/29 11:09:52.009, 2, 17434, 100
2026/09/29 11:09:52.009, 3, 17434, 100
2026/09/29 11:09:52.009, 4, 17434, 100
2026/09/29 11:09:52.009, 5, 17434, 100
2026/09/29 11:09:52.009, 6, 17434, 100
2026/09/29 11:09:52.009, 7, 17434, 100
2026/09/29 11:09:53.009, 0, 17434, 100
2026/09/29 11:09:53.009, 1, 17434, 100
2026/09/29 11:09:53.009, 2, 17434, 100
2026/09/29 11:09:53.009, 3, 17434, 100
2026/09/29 11:09:53.009, 4, 17434, 100
2026/09/29 11:09:53.010, 5, 17434, 100
2026/09/29 11:09:53.010, 6, 17434, 100
2026/09/29 11:09:53.010, 7, 17434, 100
2026/09/29 11:09:54.010, 0, 17434, 100
2026/09/29 11:09:54.010, 1, 17434, 100
2026/09/29 11:09:54.010, 2, 17434, 100
2026/09/29 11:09:54.010, 3, 17434, 100
2026/09/29 11:09:54.010, 4, 17434, 100
2026/09/29 11:09:54.010, 5, 17434, 100
2026/09/29 11:09:54.010, 6, 17434, 100
2026/09/29 11:09:54.010, 7, 17434, 100
2026/09/29 11:09:55.010, 0, 17434, 100
2026/09/29 11:09:55.010, 1, 17434, 100
2026/09/29 11:09:55.011, 2, 17434, 100
2026/09/29 11:09:55.011, 3, 17434, 100
2026/09/29 11:09:55.011, 4, 17434, 100
2026/09/29 11:09:55.011, 5, 17434, 100
2026/09/29 11:09:55.011, 6, 17434, 100
2026/09/29 11:09:55.011, 7, 17434, 100
2026/09/29 11:09:56.011, 0, 17434, 100
2026/09/29 11:09:56.011, 1, 17434, 100
2026/09/29 11:09:56.011, 2, 17434, 100
2026/09/29 11:09:56.011, 3, 17434, 100
2026/09/29 11:09:56.011, 4, 17434, 100
2026/09/29 11:09:56.011, 5, 17434, 100
2026/09/29 11:09:56.011, 6, 17434, 100
2026/09/29 11:09:56.011, 7, 17434, 100
2026/09/29 11:09:57.011, 0, 17434, 100
2026/09/29 11:09:57.012, 1, 17434, 100
2026/09/29 11:09:57.012, 2, 17434, 100
2026/09/29 11:09:57.012, 3, 17434, 100
2026/09/29 11:09:57.012, 4, 17434, 100
2026/09/29 11:09:57.012, 5, 17434, 100
2026/09/29 11:09:57.012, 6, 17434, 100
2026/09/29 11:09:57.012, 7, 17434, 100
2026/09/29 11:09:58.012, 0, 17434, 100
2026/09/29 11:09:58.012, 1, 17434, 100
2026/09/29 11:09:58.012, 2, 17434, 100
2026/09/29 11:09:58.012, 3, 17434, 100
2026/09/29 11:09:58.012, 4, 17434, 100
2026/09/29 11:09:58.012, 5, 17434, 100
2026/09/29 11:09:58.013, 6, 17434, 100
2026/09/29 11:09:58.013, 7, 17434, 100
2026/09/29 11:09:59.013, 0, 17434, 100
2026/09/29 11:09:59.013, 1, 17434, 100
2026/09/29 11:09:59.013, 2, 17434, 100
2026/09/29 11:09:59.013, 3, 17434, 100
2026/09/29 11:09:59.013, 4, 17434, 100
2026/09/29 11:09:59.013, 5, 17434, 100
2026/09/29 11:09:59.013, 6, 17434, 100
2026/09/29 11:09:59.013, 7, 17434, 100
2026/09/29 11:10:00.013, 0, 17434, 100
2026/09/29 11:10:00.013, 1, 17434, 100
2026/09/29 11:10:00.013, 2, 17434, 100
2026/09/29 11:10:00.013, 3, 17434, 100
2026/09/29 11:10:00.014, 4, 17434, 99
2026/09/29 11:10:00.014, 5, 17434, 100
2026/09/29 11:10:00.014, 6, 17434, 100
2026/09/29 11:10:00.014, 7, 17434, 100
2026/09/29 11:10:01.014, 0, 17434, 100
2026/09/29 11:10:01.014, 1, 17434, 100
2026/09/29 11:10:01.014, 2, 17434, 100
2026/09/29 11:10:01.014, 3, 17434, 100
2026/09/29 11:10:01.014, 4, 17434, 100
2026/09/29 11:10:01.014, 5, 17434, 100
2026/09/29 11:10:01.014, 6, 17434, 100
2026/09/29 11:10:01.014, 7, 17434, 100
2026/09/29 11:10:02.014, 0, 17434, 100
2026/09/29 11:10:02.015, 1, 17434, 100
2026/09/29 11:10:02.015, 2, 17434, 100
2026/09/29 11:10:02.015, 3, 17434, 100
2026/09/29 11:10:02.015, 4, 17434, 100
2026/09/29 11:10:02.015, 5, 17434, 100
2026/09/29 11:10:02.015, 6, 17434, 100
2026/09/29 11:10:02.015, 7, 17434, 100
2026/09/29 11:10:03.015, 0, 17434, 100
2026/09/29 11:10:03.015, 1, 17434, 100
2026/09/29 11:10:03.015, 2, 17434, 100
2026/09/29 11:10:03.015, 3, 17434, 100
2026/09/29 11:10:03.015, 4, 17434, 100
2026/09/29 11:10:03.015, 5, 17434, 100
2026/09/29 11:10:03.015, 6, 17434, 100
2026/09/29 11:10:03.015, 7, 17434, 100
2026/09/29 11:10:04.016, 0, 17434, 100
2026/09/29 11:10:04.016, 1, 17434, 100
2026/09/29 11:10:04.016, 2, 17434, 100
2026/09/29 11:10:04.016, 3, 17434, 100
2026/09/29 11:10:04.016, 4, 17434, 100
2026/09/29 11:10:04.016, 5, 17434, 100
2026/09/29 11:10:04.016, 6, 17434, 100
2026/09/29 11:10:04.016, 7, 17434, 100
2026/09/29 11:10:05.016, 0, 17434, 100
2026/09/29 11:10:05.016, 1, 17434, 100
2026/09/29 11:10:05.016, 2, 17434, 100
2026/09/29 11:10:05.016, 3, 17434, 100
2026/09/29 11:10:05.016, 4, 17434, 100
2026/09/29 11:10:05.016, 5, 17434, 100
2026/09/29 11:10:05.016, 6, 17434, 100
2026/09/29 11:10:05.017, 7, 17434, 100
2026/09/29 11:10:06.017, 0, 17434, 100
2026/09/29 11:10:06.017, 1, 17434, 94
2026/09/29 11:10:06.017, 2, 17434, 94
2026/09/29 11:10:06.017, 3, 17434, 100
2026/09/29 11:10:06.017, 4, 17434, 100
2026/09/29 11:10:06.017, 5, 17434, 100
2026/09/29 11:10:06.017, 6, 17434, 100
2026/09/29 11:10:06.017, 7, 17434, 100
2026/09/29 11:10:07.017, 0, 17434, 100
2026/09/29 11:10:07.017, 1, 17434, 100
2026/09/29 11:10:07.017, 2, 17434, 100
2026/09/29 11:10:07.017, 3, 17434, 100
2026/09/29 11:10:07.018, 4, 17434, 100
2026/09/29 11:10:07.018, 5, 17434, 100
2026/09/29 11:10:07.018, 6, 17434, 100
2026/09/29 11:10:07.019, 7, 17434, 100
2026/09/29 11:10:08.019, 0, 17434, 100
2026/09/29 11:10:08.019, 1, 17434, 100
2026/09/29 11:10:08.019, 2, 17434, 100
2026/09/29 11:10:08.019, 3, 17434, 100
2026/09/29 11:10:08.019, 4, 17434, 100
2026/09/29 11:10:08.019, 5, 17434, 100
2026/09/29 11:10:08.019, 6, 17434, 100
2026/09/29 11:10:08.019, 7, 17434, 100
2026/09/29 11:10:09.020, 0, 17434, 100
2026/09/29 11:10:09.020, 1, 17434, 100
2026/09/29 11:10:09.020, 2, 17434, 100
2026/09/29 11:10:09.020, 3, 17434, 100
2026/09/29 11:10:09.020, 4, 17434, 100
2026/09/29 11:10:09.020, 5, 17434, 100
2026/09/29 11:10:09.020, 6, 17434, 100
2026/09/29 11:10:09.020, 7, 17434, 100
2026/09/29 11:10:10.020, 0, 17434, 100
2026/09/29 11:10:10.020, 1, 17434, 100
2026/09/29 11:10:10.020, 2, 17434, 100
2026/09/29 11:10:10.020, 3, 17434, 100
2026/09/29 11:10:10.020, 4, 17434, 100
2026/09/29 11:10:10.020, 5, 17434, 100
2026/09/29 11:10:10.020, 6, 17434, 100
2026/09/29 11:10:10.021, 7, 17434, 100
2026/09/29 11:10:11.021, 0, 17434, 100
2026/09/29 11:10:11.021, 1, 17434, 100
2026/09/29 11:10:11.021, 2, 17434, 100
2026/09/29 11:10:11.021, 3, 17434, 100
2026/09/29 11:10:11.021, 4, 17434, 100
2026/09/29 11:10:11.021, 5, 17434, 100
2026/09/29 11:10:11.021, 6, 17434, 100
2026/09/29 11:10:11.021, 7, 17434, 100
2026/09/29 11:10:12.021, 0, 17434, 100
2026/09/29 11:10:12.022, 1, 17434, 100
2026/09/29 11:10:12.022, 2, 17434, 100
2026/09/29 11:10:12.022, 3, 17434, 100
2026/09/29 11:10:12.022, 4, 17434, 100
2026/09/29 11:10:12.022, 5, 17434, 100
2026/09/29 11:10:12.022, 6, 17434, 100
2026/09/29 11:10:12.022, 7, 17434, 100
2026/09/29 11:10:13.022, 0, 17434, 100
2026/09/29 11:10:13.022, 1, 17434, 100
2026/09/29 11:10:13.022, 2, 17434, 100
2026/09/29 11:10:13.022, 3, 17434, 100
2026/09/29 11:10:13.022, 4, 17434, 100
2026/09/29 11:10:13.022, 5, 17434, 100
2026/09/29 11:10:13.022, 6, 17434, 100
2026/09/29 11:10:13.023, 7, 17434, 100
2026/09/29 11:10:14.023, 0, 17434, 100
2026/09/29 11:10:14.023, 1, 17434, 100
2026/09/29 11:10:14.023, 2, 17434, 100
2026/09/29 11:10:14.023, 3, 17434, 100
2026/09/29 11:10:14.023, 4, 17434, 100
2026/09/29 11:10:14.023, 5, 17434, 100
2026/09/29 11:10:14.023, 6, 17434, 100
2026/09/29 11:10:14.023, 7, 17434, 100
2026/09/29 11:10:15.023, 0, 17434, 100
2026/09/29 11:10:15.024, 1, 17434, 100
2026/09/29 11:10:15.024, 2, 17434, 100
2026/09/29 11:10:15.024, 3, 17434, 100
2026/09/29 11:10:15.024, 4, 17434, 100
2026/09/29 11:10:15.024, 5, 17434, 100
2026/09/29 11:10:15.024, 6, 17434, 100
2026/09/29 11:10:15.024, 7, 17434, 100
2026/09/29 11:10:16.024, 0, 17434, 100
2026/09/29 11:10:16.024, 1, 17434, 100
2026/09/29 11:10:16.024, 2, 17434, 100
2026/09/29 11:10:16.024, 3, 17434, 100
2026/09/29 11:10:16.024, 4, 17434, 100
2026/09/29 11:10:16.024, 5, 17434, 100
2026/09/29 11:10:16.024, 6, 17434, 100
2026/09/29 11:10:16.024, 7, 17434, 100
2026/09/29 11:10:17.025, 0, 17434, 100
2026/09/29 11:10:17.025, 1, 17434, 100
2026/09/29 11:10:17.025, 2, 17434, 100
2026/09/29 11:10:17.025, 3, 17434, 100
2026/09/29 11:10:17.025, 4, 17434, 100
2026/09/29 11:10:17.025, 5, 17434, 100
2026/09/29 11:10:17.025, 6, 17434, 100
2026/09/29 11:10:17.025, 7, 17434, 100
2026/09/29 11:10:18.025, 0, 17434, 100
2026/09/29 11:10:18.025, 1, 17434, 100
2026/09/29 11:10:18.025, 2, 17434, 100
2026/09/29 11:10:18.025, 3, 17434, 100
2026/09/29 11:10:18.025, 4, 17434, 100
2026/09/29 11:10:18.025, 5, 17434, 100
2026/09/29 11:10:18.026, 6, 17434, 100
2026/09/29 11:10:18.026, 7, 17434, 100
2026/09/29 11:10:19.026, 0, 17434, 100
2026/09/29 11:10:19.026, 1, 17434, 100
2026/09/29 11:10:19.026, 2, 17434, 100
2026/09/29 11:10:19.026, 3, 17434, 100
2026/09/29 11:10:19.026, 4, 17434, 100
2026/09/29 11:10:19.026, 5, 17434, 100
2026/09/29 11:10:19.026, 6, 17434, 100
2026/09/29 11:10:19.026, 7, 17434, 100
2026/09/29 11:10:20.026, 0, 17434, 100
2026/09/29 11:10:20.027, 1, 17434, 100
2026/09/29 11:10:20.027, 2, 17434, 100
2026/09/29 11:10:20.027, 3, 17434, 100
2026/09/29 11:10:20.027, 4, 17434, 100
2026/09/29 11:10:20.027, 5, 17434, 100
2026/09/29 11:10:20.027, 6, 17434, 100
2026/09/29 11:10:20.027, 7, 17434, 100
2026/09/29 11:10:21.027, 0, 17434, 100
2026/09/29 11:10:21.027, 1, 17434, 100
2026/09/29 11:10:21.027, 2, 17434, 100
2026/09/29 11:10:21.027, 3, 17434, 100
2026/09/29 11:10:21.027, 4, 17434, 100
2026/09/29 11:10:21.027, 5, 17434, 96
2026/09/29 11:10:21.027, 6, 17434, 100
2026/09/29 11:10:21.027, 7, 17434, 100
2026/09/29 11:10:22.028, 0, 17434, 100
2026/09/29 11:10:22.028, 1, 17434, 94
2026/09/29 11:10:22.028, 2, 17434, 95
2026/09/29 11:10:22.028, 3, 17434, 100
2026/09/29 11:10:22.028, 4, 17434, 100
2026/09/29 11:10:22.028, 5, 17434, 100
2026/09/29 11:10:22.028, 6, 17434, 100
2026/09/29 11:10:22.028, 7, 17434, 100
2026/09/29 11:10:23.028, 0, 17434, 100
2026/09/29 11:10:23.028, 1, 17434, 100
2026/09/29 11:10:23.028, 2, 17434, 100
2026/09/29 11:10:23.028, 3, 17434, 100
2026/09/29 11:10:23.029, 4, 17434, 100
2026/09/29 11:10:23.029, 5, 17434, 100
2026/09/29 11:10:23.029, 6, 17434, 100
2026/09/29 11:10:23.029, 7, 17434, 100
2026/09/29 11:10:24.029, 0, 17434, 100
2026/09/29 11:10:24.029, 1, 17434, 100
2026/09/29 11:10:24.029, 2, 17434, 100
2026/09/29 11:10:24.029, 3, 17434, 100
2026/09/29 11:10:24.029, 4, 17434, 100
2026/09/29 11:10:24.029, 5, 17434, 100
2026/09/29 11:10:24.029, 6, 17434, 100
2026/09/29 11:10:24.029, 7, 17434, 100
2026/09/29 11:10:25.029, 0, 17434, 100
2026/09/29 11:10:25.030, 1, 17434, 100
2026/09/29 11:10:25.030, 2, 17434, 100
2026/09/29 11:10:25.030, 3, 17434, 100
2026/09/29 11:10:25.030, 4, 17434, 100
2026/09/29 11:10:25.030, 5, 17434, 100
2026/09/29 11:10:25.030, 6, 17434, 100
2026/09/29 11:10:25.030, 7, 17434, 100
2026/09/29 11:10:26.030, 0, 17434, 100
2026/09/29 11:10:26.030, 1, 17434, 100
2026/09/29 11:10:26.030, 2, 17434, 100
2026/09/29 11:10:26.030, 3, 17434, 100
2026/09/29 11:10:26.030, 4, 17434, 100
2026/09/29 11:10:26.030, 5, 17434, 100
2026/09/29 11:10:26.031, 6, 17434, 100
2026/09/29 11:10:26.031, 7, 17434, 100
2026/09/29 11:10:27.031, 0, 17434, 100
2026/09/29 11:10:27.031, 1, 17434, 100
2026/09/29 11:10:27.031, 2, 17434, 100
2026/09/29 11:10:27.031, 3, 17434, 100
2026/09/29 11:10:27.031, 4, 17434, 100
2026/09/29 11:10:27.031, 5, 17434, 100
2026/09/29 11:10:27.031, 6, 17434, 100
2026/09/29 11:10:27.031, 7, 17434, 100
2026/09/29 11:10:28.031, 0, 17434, 100
2026/09/29 11:10:28.031, 1, 17434, 100
2026/09/29 11:10:28.031, 2, 17434, 100
2026/09/29 11:10:28.032, 3, 17434, 100
2026/09/29 11:10:28.032, 4, 17434, 100
2026/09/29 11:10:28.032, 5, 17434, 100
2026/09/29 11:10:28.032, 6, 17434, 100
2026/09/29 11:10:28.032, 7, 17434, 100
2026/09/29 11:10:29.032, 0, 17434, 100
2026/09/29 11:10:29.032, 1, 17434, 100
2026/09/29 11:10:29.032, 2, 17434, 100
2026/09/29 11:10:29.032, 3, 17434, 100
2026/09/29 11:10:29.032, 4, 17434, 100
2026/09/29 11:10:29.032, 5, 17434, 100
2026/09/29 11:10:29.032, 6, 17434, 100
2026/09/29 11:10:29.032, 7, 17434, 100
2026/09/29 11:10:30.032, 0, 17434, 100
2026/09/29 11:10:30.033, 1, 17434, 100
2026/09/29 11:10:30.033, 2, 17434, 100
2026/09/29 11:10:30.033, 3, 17434, 100
2026/09/29 11:10:30.033, 4, 17434, 100
2026/09/29 11:10:30.033, 5, 17434, 100
2026/09/29 11:10:30.033, 6, 17434, 100
2026/09/29 11:10:30.033, 7, 17434, 100
2026/09/29 11:10:31.033, 0, 17434, 100
2026/09/29 11:10:31.033, 1, 17434, 100
2026/09/29 11:10:31.033, 2, 17434, 100
2026/09/29 11:10:31.033, 3, 17434, 100
2026/09/29 11:10:31.033, 4, 17434, 100
2026/09/29 11:10:31.033, 5, 17434, 100
2026/09/29 11:10:31.033, 6, 17434, 100
2026/09/29 11:10:31.034, 7, 17434, 100
2026/09/29 11:10:32.034, 0, 17434, 100
2026/09/29 11:10:32.034, 1, 17434, 100
2026/09/29 11:10:32.035, 2, 17434, 100
2026/09/29 11:10:32.035, 3, 17434, 100
2026/09/29 11:10:32.035, 4, 17434, 100
2026/09/29 11:10:32.035, 5, 17434, 100
2026/09/29 11:10:32.035, 6, 17434, 100
2026/09/29 11:10:32.035, 7, 17434, 96
2026/09/29 11:10:33.035, 0, 17434, 99
2026/09/29 11:10:33.035, 1, 17434, 100
2026/09/29 11:10:33.035, 2, 17434, 100
2026/09/29 11:10:33.035, 3, 17434, 100
2026/09/29 11:10:33.035, 4, 17434, 100
2026/09/29 11:10:33.035, 5, 17434, 100
2026/09/29 11:10:33.035, 6, 17434, 100
2026/09/29 11:10:33.035, 7, 17434, 100
2026/09/29 11:10:34.036, 0, 17434, 100
2026/09/29 11:10:34.036, 1, 17434, 100
2026/09/29 11:10:34.036, 2, 17434, 100
2026/09/29 11:10:34.036, 3, 17434, 100
2026/09/29 11:10:34.036, 4, 17434, 100
2026/09/29 11:10:34.036, 5, 17434, 100
2026/09/29 11:10:34.036, 6, 17434, 100
2026/09/29 11:10:34.036, 7, 17434, 100
2026/09/29 11:10:35.036, 0, 17434, 100
2026/09/29 11:10:35.036, 1, 17434, 100
2026/09/29 11:10:35.036, 2, 17434, 100
2026/09/29 11:10:35.036, 3, 17434, 100
2026/09/29 11:10:35.036, 4, 17434, 100
2026/09/29 11:10:35.036, 5, 17434, 100
2026/09/29 11:10:35.036, 6, 17434, 100
2026/09/29 11:10:35.036, 7, 17434, 100
2026/09/29 11:10:36.037, 0, 17434, 100
2026/09/29 11:10:36.037, 1, 17434, 100
2026/09/29 11:10:36.037, 2, 17434, 100
2026/09/29 11:10:36.037, 3, 17434, 100
2026/09/29 11:10:36.037, 4, 17434, 100
2026/09/29 11:10:36.037, 5, 17434, 100
2026/09/29 11:10:36.037, 6, 17434, 100
2026/09/29 11:10:36.037, 7, 17434, 100
2026/09/29 11:10:37.037, 0, 17434, 100
2026/09/29 11:10:37.037, 1, 17434, 100
2026/09/29 11:10:37.037, 2, 17434, 100
2026/09/29 11:10:37.038, 3, 17434, 100
2026/09/29 11:10:37.038, 4, 17434, 100
2026/09/29 11:10:37.038, 5, 17434, 96
2026/09/29 11:10:37.038, 6, 17434, 100
2026/09/29 11:10:37.038, 7, 17434, 100
2026/09/29 11:10:38.038, 0, 17434, 100
2026/09/29 11:10:38.038, 1, 17434, 94
2026/09/29 11:10:38.038, 2, 17434, 95
2026/09/29 11:10:38.038, 3, 17434, 100
2026/09/29 11:10:38.038, 4, 17434, 100
2026/09/29 11:10:38.038, 5, 17434, 100
2026/09/29 11:10:38.038, 6, 17434, 100
2026/09/29 11:10:38.038, 7, 17434, 100
2026/09/29 11:10:39.039, 0, 17434, 100
2026/09/29 11:10:39.039, 1, 17434, 100
2026/09/29 11:10:39.039, 2, 17434, 100
2026/09/29 11:10:39.039, 3, 17434, 100
2026/09/29 11:10:39.039, 4, 17434, 100
2026/09/29 11:10:39.039, 5, 17434, 100
2026/09/29 11:10:39.039, 6, 17434, 100
2026/09/29 11:10:39.039, 7, 17434, 100
2026/09/29 11:10:40.039, 0, 17434, 100
2026/09/29 11:10:40.039, 1, 17434, 100
2026/09/29 11:10:40.039, 2, 17434, 100
2026/09/29 11:10:40.039, 3, 17434, 100
2026/09/29 11:10:40.039, 4, 17434, 100
2026/09/29 11:10:40.039, 5, 17434, 100
2026/09/29 11:10:40.039, 6, 17434, 100
2026/09/29 11:10:40.039, 7, 17434, 100
2026/09/29 11:10:41.040, 0, 17434, 100
2026/09/29 11:10:41.040, 1, 17434, 100
2026/09/29 11:10:41.040, 2, 17434, 100
2026/09/29 11:10:41.040, 3, 17434, 100
2026/09/29 11:10:41.040, 4, 17434, 100
2026/09/29 11:10:41.040, 5, 17434, 100
2026/09/29 11:10:41.040, 6, 17434, 100
2026/09/29 11:10:41.040, 7, 17434, 100
2026/09/29 11:10:42.040, 0, 17434, 100
2026/09/29 11:10:42.040, 1, 17434, 100
2026/09/29 11:10:42.040, 2, 17434, 100
2026/09/29 11:10:42.041, 3, 17434, 100
2026/09/29 11:10:42.041, 4, 17434, 100
2026/09/29 11:10:42.041, 5, 17434, 100
2026/09/29 11:10:42.041, 6, 17434, 100
2026/09/29 11:10:42.041, 7, 17434, 100
2026/09/29 11:10:43.041, 0, 17434, 100
2026/09/29 11:10:43.041, 1, 17434, 100
2026/09/29 11:10:43.041, 2, 17434, 100
2026/09/29 11:10:43.041, 3, 17434, 100
2026/09/29 11:10:43.041, 4, 17434, 100
2026/09/29 11:10:43.041, 5, 17434, 100
2026/09/29 11:10:43.041, 6, 17434, 100
2026/09/29 11:10:43.041, 7, 17434, 100
2026/09/29 11:10:44.041, 0, 17434, 100
2026/09/29 11:10:44.042, 1, 17434, 100
2026/09/29 11:10:44.042, 2, 17434, 100
2026/09/29 11:10:44.044, 3, 17434, 100
2026/09/29 11:10:44.044, 4, 17434, 100
2026/09/29 11:10:44.044, 5, 17434, 100
2026/09/29 11:10:44.044, 6, 17434, 100
2026/09/29 11:10:44.044, 7, 17434, 100
2026/09/29 11:10:45.044, 0, 17434, 100
2026/09/29 11:10:45.044, 1, 17434, 100
2026/09/29 11:10:45.044, 2, 17434, 100
2026/09/29 11:10:45.045, 3, 17434, 100
2026/09/29 11:10:45.045, 4, 17434, 100
2026/09/29 11:10:45.045, 5, 17434, 100
2026/09/29 11:10:45.045, 6, 17434, 100
2026/09/29 11:10:45.045, 7, 17434, 99
2026/09/29 11:10:46.045, 0, 17434, 100
2026/09/29 11:10:46.045, 1, 17434, 100
2026/09/29 11:10:46.045, 2, 17434, 100
2026/09/29 11:10:46.045, 3, 17434, 100
2026/09/29 11:10:46.045, 4, 17434, 100
2026/09/29 11:10:46.045, 5, 17434, 100
2026/09/29 11:10:46.045, 6, 17434, 100
2026/09/29 11:10:46.045, 7, 17434, 100
2026/09/29 11:10:47.045, 0, 17434, 100
2026/09/29 11:10:47.046, 1, 17434, 100
2026/09/29 11:10:47.046, 2, 17434, 100
2026/09/29 11:10:47.046, 3, 17434, 100
2026/09/29 11:10:47.046, 4, 17434, 100
2026/09/29 11:10:47.046, 5, 17434, 100
2026/09/29 11:10:47.046, 6, 17434, 100
2026/09/29 11:10:47.046, 7, 17434, 100
2026/09/29 11:10:48.046, 0, 17434, 100
2026/09/29 11:10:48.046, 1, 17434, 100
2026/09/29 11:10:48.046, 2, 17434, 100
2026/09/29 11:10:48.046, 3, 17434, 100
2026/09/29 11:10:48.046, 4, 17434, 100
2026/09/29 11:10:48.046, 5, 17434, 100
2026/09/29 11:10:48.046, 6, 17434, 100
2026/09/29 11:10:48.047, 7, 17434, 97
2026/09/29 11:10:49.047, 0, 17434, 100
2026/09/29 11:10:49.047, 1, 17434, 100
2026/09/29 11:10:49.047, 2, 17434, 100
2026/09/29 11:10:49.047, 3, 17434, 100
2026/09/29 11:10:49.047, 4, 17434, 100
2026/09/29 11:10:49.047, 5, 17434, 100
2026/09/29 11:10:49.047, 6, 17434, 100
2026/09/29 11:10:49.047, 7, 17434, 100
2026/09/29 11:10:50.047, 0, 17434, 100
2026/09/29 11:10:50.047, 1, 17434, 100
2026/09/29 11:10:50.047, 2, 17434, 100
2026/09/29 11:10:50.048, 3, 17434, 100
2026/09/29 11:10:50.048, 4, 17434, 100
2026/09/29 11:10:50.048, 5, 17434, 100
2026/09/29 11:10:50.048, 6, 17434, 100
2026/09/29 11:10:50.048, 7, 17434, 100
2026/09/29 11:10:51.048, 0, 17434, 100
2026/09/29 11:10:51.048, 1, 17434, 100
2026/09/29 11:10:51.048, 2, 17434, 100
2026/09/29 11:10:51.048, 3, 17434, 100
2026/09/29 11:10:51.048, 4, 17434, 100
2026/09/29 11:10:51.048, 5, 17434, 100
2026/09/29 11:10:51.048, 6, 17434, 100
2026/09/29 11:10:51.048, 7, 17434, 100
2026/09/29 11:10:52.055, 0, 17434, 100
2026/09/29 11:10:52.055, 1, 17434, 100
2026/09/29 11:10:52.055, 2, 17434, 100
2026/09/29 11:10:52.055, 3, 17434, 100
2026/09/29 11:10:52.055, 4, 17434, 100
2026/09/29 11:10:52.055, 5, 17434, 100
2026/09/29 11:10:52.055, 6, 17434, 100
2026/09/29 11:10:52.055, 7, 17434, 100
2026/09/29 11:10:53.055, 0, 17434, 100
2026/09/29 11:10:53.056, 1, 17434, 100
2026/09/29 11:10:53.056, 2, 17434, 95
2026/09/29 11:10:53.056, 3, 17434, 100
2026/09/29 11:10:53.056, 4, 17434, 100
2026/09/29 11:10:53.056, 5, 17434, 97
2026/09/29 11:10:53.056, 6, 17434, 100
2026/09/29 11:10:53.056, 7, 17434, 100
2026/09/29 11:10:54.056, 0, 17434, 100
2026/09/29 11:10:54.056, 1, 17434, 98
2026/09/29 11:10:54.056, 2, 17434, 100
2026/09/29 11:10:54.056, 3, 17434, 100
2026/09/29 11:10:54.056, 4, 17434, 100
2026/09/29 11:10:54.056, 5, 17434, 100
2026/09/29 11:10:54.057, 6, 17434, 100
2026/09/29 11:10:54.057, 7, 17434, 100
2026/09/29 11:10:55.057, 0, 17434, 100
2026/09/29 11:10:55.057, 1, 17434, 100
2026/09/29 11:10:55.057, 2, 17434, 100
2026/09/29 11:10:55.057, 3, 17434, 100
2026/09/29 11:10:55.057, 4, 17434, 100
2026/09/29 11:10:55.057, 5, 17434, 100
2026/09/29 11:10:55.057, 6, 17434, 100
2026/09/29 11:10:55.057, 7, 17434, 100
2026/09/29 11:10:56.057, 0, 17434, 100
2026/09/29 11:10:56.058, 1, 17434, 100
2026/09/29 11:10:56.058, 2, 17434, 100
2026/09/29 11:10:56.058, 3, 17434, 100
2026/09/29 11:10:56.058, 4, 17434, 100
2026/09/29 11:10:56.058, 5, 17434, 100
2026/09/29 11:10:56.058, 6, 17434, 100
2026/09/29 11:10:56.058, 7, 17434, 100
2026/09/29 11:10:57.058, 0, 17434, 100
2026/09/29 11:10:57.058, 1, 17434, 100
2026/09/29 11:10:57.059, 2, 17434, 100
2026/09/29 11:10:57.059, 3, 17434, 100
2026/09/29 11:10:57.059, 4, 17434, 100
2026/09/29 11:10:57.059, 5, 17434, 100
2026/09/29 11:10:57.059, 6, 17434, 100
2026/09/29 11:10:57.059, 7, 17434, 100
2026/09/29 11:10:58.059, 0, 17434, 100
2026/09/29 11:10:58.059, 1, 17434, 100
2026/09/29 11:10:58.059, 2, 17434, 100
2026/09/29 11:10:58.059, 3, 17434, 100
2026/09/29 11:10:58.059, 4, 17434, 100
2026/09/29 11:10:58.059, 5, 17434, 100
2026/09/29 11:10:58.059, 6, 17434, 100
2026/09/29 11:10:58.059, 7, 17434, 100
2026/09/29 11:10:59.059, 0, 17434, 100
2026/09/29 11:10:59.059, 1, 17434, 100
2026/09/29 11:10:59.059, 2, 17434, 100
2026/09/29 11:10:59.059, 3, 17434, 100
2026/09/29 11:10:59.059, 4, 17434, 100
2026/09/29 11:10:59.060, 5, 17434, 100
2026/09/29 11:10:59.060, 6, 17434, 100
2026/09/29 11:10:59.060, 7, 17434, 100
2026/09/29 11:11:00.060, 0, 17434, 100
2026/09/29 11:11:00.060, 1, 17434, 100
2026/09/29 11:11:00.060, 2, 17434, 100
2026/09/29 11:11:00.060, 3, 17434, 100
2026/09/29 11:11:00.060, 4, 17434, 100
2026/09/29 11:11:00.060, 5, 17434, 100
2026/09/29 11:11:00.060, 6, 17434, 100
2026/09/29 11:11:00.060, 7, 17434, 100
2026/09/29 11:11:01.061, 0, 17434, 100
2026/09/29 11:11:01.061, 1, 17434, 100
2026/09/29 11:11:01.061, 2, 17434, 100
2026/09/29 11:11:01.061, 3, 17434, 100
2026/09/29 11:11:01.061, 4, 17434, 100
2026/09/29 11:11:01.061, 5, 17434, 100
2026/09/29 11:11:01.061, 6, 17434, 100
2026/09/29 11:11:01.061, 7, 17434, 100
2026/09/29 11:11:02.061, 0, 17434, 100
2026/09/29 11:11:02.062, 1, 17434, 100
2026/09/29 11:11:02.062, 2, 17434, 100
2026/09/29 11:11:02.062, 3, 17434, 100
2026/09/29 11:11:02.062, 4, 17434, 100
2026/09/29 11:11:02.062, 5, 17434, 100
2026/09/29 11:11:02.062, 6, 17434, 100
2026/09/29 11:11:02.062, 7, 17434, 100
2026/09/29 11:11:03.062, 0, 17434, 100
2026/09/29 11:11:03.062, 1, 17434, 100
2026/09/29 11:11:03.062, 2, 17434, 100
2026/09/29 11:11:03.063, 3, 17434, 100
2026/09/29 11:11:03.063, 4, 17434, 100
2026/09/29 11:11:03.063, 5, 17434, 100
2026/09/29 11:11:03.063, 6, 17434, 100
2026/09/29 11:11:03.063, 7, 17434, 100
2026/09/29 11:11:04.063, 0, 17434, 100
2026/09/29 11:11:04.063, 1, 17434, 100
2026/09/29 11:11:04.063, 2, 17434, 100
2026/09/29 11:11:04.063, 3, 17434, 100
2026/09/29 11:11:04.063, 4, 17434, 99
2026/09/29 11:11:04.063, 5, 17434, 100
2026/09/29 11:11:04.063, 6, 17434, 100
2026/09/29 11:11:04.063, 7, 17434, 98
2026/09/29 11:11:05.064, 0, 17434, 100
2026/09/29 11:11:05.064, 1, 17434, 100
2026/09/29 11:11:05.064, 2, 17434, 100
2026/09/29 11:11:05.064, 3, 17434, 100
2026/09/29 11:11:05.064, 4, 17434, 100
2026/09/29 11:11:05.064, 5, 17434, 100
2026/09/29 11:11:05.064, 6, 17434, 100
2026/09/29 11:11:05.064, 7, 17434, 100
2026/09/29 11:11:06.064, 0, 17434, 100
2026/09/29 11:11:06.064, 1, 17434, 100
2026/09/29 11:11:06.064, 2, 17434, 100
2026/09/29 11:11:06.064, 3, 17434, 100
2026/09/29 11:11:06.064, 4, 17434, 100
2026/09/29 11:11:06.064, 5, 17434, 100
2026/09/29 11:11:06.065, 6, 17434, 100
2026/09/29 11:11:06.065, 7, 17434, 100
2026/09/29 11:11:07.065, 0, 17434, 100
2026/09/29 11:11:07.065, 1, 17434, 100
2026/09/29 11:11:07.065, 2, 17434, 100
2026/09/29 11:11:07.065, 3, 17434, 100
2026/09/29 11:11:07.065, 4, 17434, 100
2026/09/29 11:11:07.065, 5, 17434, 100
2026/09/29 11:11:07.065, 6, 17434, 100
2026/09/29 11:11:07.065, 7, 17434, 100
2026/09/29 11:11:08.065, 0, 17434, 100
2026/09/29 11:11:08.066, 1, 17434, 100
2026/09/29 11:11:08.066, 2, 17434, 100
2026/09/29 11:11:08.066, 3, 17434, 100
2026/09/29 11:11:08.066, 4, 17434, 100
2026/09/29 11:11:08.066, 5, 17434, 100
2026/09/29 11:11:08.066, 6, 17434, 100
2026/09/29 11:11:08.066, 7, 17434, 100
2026/09/29 11:11:09.066, 0, 17434, 100
2026/09/29 11:11:09.066, 1, 17434, 100
2026/09/29 11:11:09.066, 2, 17434, 99
2026/09/29 11:11:09.066, 3, 17434, 100
2026/09/29 11:11:09.066, 4, 17434, 100
2026/09/29 11:11:09.066, 5, 17434, 99
2026/09/29 11:11:09.067, 6, 17434, 100
2026/09/29 11:11:09.067, 7, 17434, 100
2026/09/29 11:11:10.067, 0, 17434, 100
2026/09/29 11:11:10.067, 1, 17434, 100
2026/09/29 11:11:10.067, 2, 17434, 100
2026/09/29 11:11:10.067, 3, 17434, 100
2026/09/29 11:11:10.067, 4, 17434, 100
2026/09/29 11:11:10.067, 5, 17434, 100
2026/09/29 11:11:10.067, 6, 17434, 100
2026/09/29 11:11:10.067, 7, 17434, 100
2026/09/29 11:11:11.067, 0, 17434, 100
2026/09/29 11:11:11.067, 1, 17434, 100
2026/09/29 11:11:11.067, 2, 17434, 100
2026/09/29 11:11:11.068, 3, 17434, 100
2026/09/29 11:11:11.068, 4, 17434, 100
2026/09/29 11:11:11.068, 5, 17434, 100
2026/09/29 11:11:11.068, 6, 17434, 100
2026/09/29 11:11:11.068, 7, 17434, 100
2026/09/29 11:11:12.068, 0, 17434, 100
2026/09/29 11:11:12.068, 1, 17434, 100
2026/09/29 11:11:12.068, 2, 17434, 100
2026/09/29 11:11:12.068, 3, 17434, 100
2026/09/29 11:11:12.068, 4, 17434, 100
2026/09/29 11:11:12.068, 5, 17434, 100
2026/09/29 11:11:12.068, 6, 17434, 100
2026/09/29 11:11:12.068, 7, 17434, 100
2026/09/29 11:11:13.069, 0, 17434, 100
2026/09/29 11:11:13.069, 1, 17434, 100
2026/09/29 11:11:13.069, 2, 17434, 100
2026/09/29 11:11:13.069, 3, 17434, 100
2026/09/29 11:11:13.069, 4, 17434, 100
2026/09/29 11:11:13.069, 5, 17434, 100
2026/09/29 11:11:13.069, 6, 17434, 100
2026/09/29 11:11:13.069, 7, 17434, 100
2026/09/29 11:11:14.069, 0, 17434, 100
2026/09/29 11:11:14.069, 1, 17434, 100
2026/09/29 11:11:14.069, 2, 17434, 100
2026/09/29 11:11:14.069, 3, 17434, 100
2026/09/29 11:11:14.070, 4, 17434, 100
2026/09/29 11:11:14.070, 5, 17434, 100
2026/09/29 11:11:14.070, 6, 17434, 100
2026/09/29 11:11:14.070, 7, 17434, 100
2026/09/29 11:11:15.070, 0, 17434, 95
2026/09/29 11:11:15.070, 1, 17434, 100
2026/09/29 11:11:15.070, 2, 17434, 100
2026/09/29 11:11:15.070, 3, 17434, 100
2026/09/29 11:11:15.070, 4, 17434, 100
2026/09/29 11:11:15.070, 5, 17434, 100
2026/09/29 11:11:15.070, 6, 17434, 99
2026/09/29 11:11:15.070, 7, 17434, 100
2026/09/29 11:11:16.070, 0, 17434, 100
2026/09/29 11:11:16.070, 1, 17434, 100
2026/09/29 11:11:16.071, 2, 17434, 100
2026/09/29 11:11:16.071, 3, 17434, 100
2026/09/29 11:11:16.071, 4, 17434, 100
2026/09/29 11:11:16.071, 5, 17434, 100
2026/09/29 11:11:16.071, 6, 17434, 100
2026/09/29 11:11:16.071, 7, 17434, 100
2026/09/29 11:11:17.071, 0, 17434, 100
2026/09/29 11:11:17.071, 1, 17434, 100
2026/09/29 11:11:17.071, 2, 17434, 100
2026/09/29 11:11:17.072, 3, 17434, 100
2026/09/29 11:11:17.072, 4, 17434, 100
2026/09/29 11:11:17.072, 5, 17434, 100
2026/09/29 11:11:17.072, 6, 17434, 100
2026/09/29 11:11:17.072, 7, 17434, 100
2026/09/29 11:11:18.072, 0, 17434, 100
2026/09/29 11:11:18.072, 1, 17434, 100
2026/09/29 11:11:18.072, 2, 17434, 100
2026/09/29 11:11:18.072, 3, 17434, 100
2026/09/29 11:11:18.072, 4, 17434, 100
2026/09/29 11:11:18.072, 5, 17434, 100
2026/09/29 11:11:18.072, 6, 17434, 100
2026/09/29 11:11:18.073, 7, 17434, 100
2026/09/29 11:11:19.073, 0, 17434, 100
2026/09/29 11:11:19.073, 1, 17434, 100
2026/09/29 11:11:19.073, 2, 17434, 100
2026/09/29 11:11:19.073, 3, 17434, 100
2026/09/29 11:11:19.073, 4, 17434, 100
2026/09/29 11:11:19.073, 5, 17434, 100
2026/09/29 11:11:19.073, 6, 17434, 100
2026/09/29 11:11:19.073, 7, 17434, 100
2026/09/29 11:11:20.073, 0, 17434, 100
2026/09/29 11:11:20.074, 1, 17434, 100
2026/09/29 11:11:20.074, 2, 17434, 100
2026/09/29 11:11:20.074, 3, 17434, 100
2026/09/29 11:11:20.074, 4, 17434, 94
2026/09/29 11:11:20.074, 5, 17434, 100
2026/09/29 11:11:20.074, 6, 17434, 100
2026/09/29 11:11:20.074, 7, 17434, 99
2026/09/29 11:11:21.074, 0, 17434, 100
2026/09/29 11:11:21.074, 1, 17434, 100
2026/09/29 11:11:21.075, 2, 17434, 100
2026/09/29 11:11:21.075, 3, 17434, 100
2026/09/29 11:11:21.075, 4, 17434, 100
2026/09/29 11:11:21.075, 5, 17434, 100
2026/09/29 11:11:21.075, 6, 17434, 100
2026/09/29 11:11:21.075, 7, 17434, 100
2026/09/29 11:11:22.075, 0, 17434, 100
2026/09/29 11:11:22.075, 1, 17434, 100
2026/09/29 11:11:22.075, 2, 17434, 100
2026/09/29 11:11:22.075, 3, 17434, 100
2026/09/29 11:11:22.075, 4, 17434, 100
2026/09/29 11:11:22.075, 5, 17434, 100
2026/09/29 11:11:22.075, 6, 17434, 100
2026/09/29 11:11:22.076, 7, 17434, 100
2026/09/29 11:11:23.076, 0, 17434, 100
2026/09/29 11:11:23.076, 1, 17434, 100
2026/09/29 11:11:23.076, 2, 17434, 100
2026/09/29 11:11:23.076, 3, 17434, 100
2026/09/29 11:11:23.076, 4, 17434, 100
2026/09/29 11:11:23.076, 5, 17434, 100
2026/09/29 11:11:23.076, 6, 17434, 100
2026/09/29 11:11:23.076, 7, 17434, 100
2026/09/29 11:11:24.076, 0, 17434, 98
2026/09/29 11:11:24.076, 1, 17434, 100
2026/09/29 11:11:24.077, 2, 17434, 100
2026/09/29 11:11:24.077, 3, 17434, 100
2026/09/29 11:11:24.077, 4, 17434, 100
2026/09/29 11:11:24.077, 5, 17434, 100
2026/09/29 11:11:24.077, 6, 17434, 100
2026/09/29 11:11:24.077, 7, 17434, 100
2026/09/29 11:11:25.077, 0, 17434, 100
2026/09/29 11:11:25.077, 1, 17434, 100
2026/09/29 11:11:25.077, 2, 17434, 100
2026/09/29 11:11:25.077, 3, 17434, 100
2026/09/29 11:11:25.077, 4, 17434, 100
2026/09/29 11:11:25.077, 5, 17434, 100
2026/09/29 11:11:25.077, 6, 17434, 100
2026/09/29 11:11:25.077, 7, 17434, 100
2026/09/29 11:11:26.078, 0, 17434, 100
2026/09/29 11:11:26.078, 1, 17434, 100
2026/09/29 11:11:26.078, 2, 17434, 100
2026/09/29 11:11:26.078, 3, 17434, 100
2026/09/29 11:11:26.078, 4, 17434, 100
2026/09/29 11:11:26.078, 5, 17434, 100
2026/09/29 11:11:26.078, 6, 17434, 100
2026/09/29 11:11:26.078, 7, 17434, 100
2026/09/29 11:11:27.078, 0, 17434, 100
2026/09/29 11:11:27.078, 1, 17434, 100
2026/09/29 11:11:27.079, 2, 17434, 100
2026/09/29 11:11:27.079, 3, 17434, 100
2026/09/29 11:11:27.079, 4, 17434, 100
2026/09/29 11:11:27.079, 5, 17434, 100
2026/09/29 11:11:27.079, 6, 17434, 100
2026/09/29 11:11:27.079, 7, 17434, 100
2026/09/29 11:11:28.079, 0, 17434, 100
2026/09/29 11:11:28.079, 1, 17434, 100
2026/09/29 11:11:28.079, 2, 17434, 100
2026/09/29 11:11:28.079, 3, 17434, 100
2026/09/29 11:11:28.079, 4, 17434, 100
2026/09/29 11:11:28.079, 5, 17434, 100
2026/09/29 11:11:28.079, 6, 17434, 100
2026/09/29 11:11:28.079, 7, 17434, 100
2026/09/29 11:11:29.080, 0, 17434, 100
2026/09/29 11:11:29.080, 1, 17434, 100
2026/09/29 11:11:29.080, 2, 17434, 100
2026/09/29 11:11:29.080, 3, 17434, 100
2026/09/29 11:11:29.080, 4, 17434, 100
2026/09/29 11:11:29.080, 5, 17434, 100
2026/09/29 11:11:29.080, 6, 17434, 100
2026/09/29 11:11:29.080, 7, 17434, 100
2026/09/29 11:11:30.080, 0, 17434, 100
2026/09/29 11:11:30.080, 1, 17434, 100
2026/09/29 11:11:30.080, 2, 17434, 100
2026/09/29 11:11:30.081, 3, 17434, 100
2026/09/29 11:11:30.081, 4, 17434, 100
2026/09/29 11:11:30.081, 5, 17434, 100
2026/09/29 11:11:30.081, 6, 17434, 100
2026/09/29 11:11:30.081, 7, 17434, 100
2026/09/29 11:11:31.081, 0, 17434, 98
2026/09/29 11:11:31.081, 1, 17434, 100
2026/09/29 11:11:31.081, 2, 17434, 100
2026/09/29 11:11:31.081, 3, 17434, 97
2026/09/29 11:11:31.081, 4, 17434, 100
2026/09/29 11:11:31.081, 5, 17434, 100
2026/09/29 11:11:31.081, 6, 17434, 100
2026/09/29 11:11:31.081, 7, 17434, 100
2026/09/29 11:11:32.082, 0, 17434, 100
2026/09/29 11:11:32.082, 1, 17434, 100
2026/09/29 11:11:32.082, 2, 17434, 100
2026/09/29 11:11:32.082, 3, 17434, 100
2026/09/29 11:11:32.082, 4, 17434, 100
2026/09/29 11:11:32.082, 5, 17434, 100
2026/09/29 11:11:32.082, 6, 17434, 100
2026/09/29 11:11:32.082, 7, 17434, 100
2026/09/29 11:11:33.082, 0, 17434, 100
2026/09/29 11:11:33.083, 1, 17434, 100
2026/09/29 11:11:33.083, 2, 17434, 100
2026/09/29 11:11:33.083, 3, 17434, 100
2026/09/29 11:11:33.083, 4, 17434, 100
2026/09/29 11:11:33.083, 5, 17434, 100
2026/09/29 11:11:33.083, 6, 17434, 100
2026/09/29 11:11:33.083, 7, 17434, 100
2026/09/29 11:11:34.083, 0, 17434, 100
2026/09/29 11:11:34.083, 1, 17434, 100
2026/09/29 11:11:34.083, 2, 17434, 100
2026/09/29 11:11:34.083, 3, 17434, 100
2026/09/29 11:11:34.083, 4, 17434, 100
2026/09/29 11:11:34.083, 5, 17434, 100
2026/09/29 11:11:34.083, 6, 17434, 100
2026/09/29 11:11:34.084, 7, 17434, 100
2026/09/29 11:11:35.084, 0, 17434, 100
2026/09/29 11:11:35.084, 1, 17434, 100
2026/09/29 11:11:35.084, 2, 17434, 100
2026/09/29 11:11:35.084, 3, 17434, 100
2026/09/29 11:11:35.084, 4, 17434, 100
2026/09/29 11:11:35.084, 5, 17434, 100
2026/09/29 11:11:35.084, 6, 17434, 100
2026/09/29 11:11:35.084, 7, 17434, 100
2026/09/29 11:11:36.084, 0, 17434, 100
2026/09/29 11:11:36.084, 1, 17434, 100
2026/09/29 11:11:36.084, 2, 17434, 100
2026/09/29 11:11:36.084, 3, 17434, 100
2026/09/29 11:11:36.084, 4, 17434, 98
2026/09/29 11:11:36.084, 5, 17434, 100
2026/09/29 11:11:36.084, 6, 17434, 100
2026/09/29 11:11:36.085, 7, 17434, 100
2026/09/29 11:11:37.085, 0, 17434, 100
2026/09/29 11:11:37.085, 1, 17434, 100
2026/09/29 11:11:37.085, 2, 17434, 100
2026/09/29 11:11:37.085, 3, 17434, 100
2026/09/29 11:11:37.085, 4, 17434, 100
2026/09/29 11:11:37.085, 5, 17434, 100
2026/09/29 11:11:37.085, 6, 17434, 100
2026/09/29 11:11:37.085, 7, 17434, 100
2026/09/29 11:11:38.085, 0, 17434, 100
2026/09/29 11:11:38.085, 1, 17434, 100
2026/09/29 11:11:38.085, 2, 17434, 100
2026/09/29 11:11:38.085, 3, 17434, 100
2026/09/29 11:11:38.086, 4, 17434, 100
2026/09/29 11:11:38.086, 5, 17434, 100
2026/09/29 11:11:38.086, 6, 17434, 100
2026/09/29 11:11:38.086, 7, 17434, 100
2026/09/29 11:11:39.086, 0, 17434, 100
2026/09/29 11:11:39.086, 1, 17434, 100
2026/09/29 11:11:39.086, 2, 17434, 100
2026/09/29 11:11:39.086, 3, 17434, 100
2026/09/29 11:11:39.086, 4, 17434, 100
2026/09/29 11:11:39.086, 5, 17434, 100
2026/09/29 11:11:39.086, 6, 17434, 100
2026/09/29 11:11:39.086, 7, 17434, 100
2026/09/29 11:11:40.087, 0, 17434, 100
2026/09/29 11:11:40.087, 1, 17434, 100
2026/09/29 11:11:40.087, 2, 17434, 100
2026/09/29 11:11:40.087, 3, 17434, 100
2026/09/29 11:11:40.087, 4, 17434, 100
2026/09/29 11:11:40.087, 5, 17434, 100
2026/09/29 11:11:40.087, 6, 17434, 100
2026/09/29 11:11:40.087, 7, 17434, 100
2026/09/29 11:11:41.087, 0, 17434, 100
2026/09/29 11:11:41.087, 1, 17434, 100
2026/09/29 11:11:41.087, 2, 17434, 100
2026/09/29 11:11:41.087, 3, 17434, 100
2026/09/29 11:11:41.087, 4, 17434, 100
2026/09/29 11:11:41.088, 5, 17434, 100
2026/09/29 11:11:41.088, 6, 17434, 100
2026/09/29 11:11:41.088, 7, 17434, 100
2026/09/29 11:11:42.088, 0, 17434, 100
2026/09/29 11:11:42.088, 1, 17434, 100
2026/09/29 11:11:42.088, 2, 17434, 100
2026/09/29 11:11:42.088, 3, 17434, 100
2026/09/29 11:11:42.088, 4, 17434, 100
2026/09/29 11:11:42.088, 5, 17434, 100
2026/09/29 11:11:42.088, 6, 17434, 100
2026/09/29 11:11:42.088, 7, 17434, 100
2026/09/29 11:11:43.088, 0, 17434, 100
2026/09/29 11:11:43.089, 1, 17434, 100
2026/09/29 11:11:43.089, 2, 17434, 100
2026/09/29 11:11:43.089, 3, 17434, 100
2026/09/29 11:11:43.089, 4, 17434, 100
2026/09/29 11:11:43.089, 5, 17434, 100
2026/09/29 11:11:43.089, 6, 17434, 100
2026/09/29 11:11:43.089, 7, 17434, 100
2026/09/29 11:11:44.089, 0, 17434, 99
2026/09/29 11:11:44.089, 1, 17434, 100
2026/09/29 11:11:44.089, 2, 17434, 100
2026/09/29 11:11:44.089, 3, 17434, 100
2026/09/29 11:11:44.089, 4, 17434, 100
2026/09/29 11:11:44.089, 5, 17434, 100
2026/09/29 11:11:44.089, 6, 17434, 100
2026/09/29 11:11:44.089, 7, 17434, 100
2026/09/29 11:11:45.090, 0, 17434, 100
2026/09/29 11:11:45.090, 1, 17434, 100
2026/09/29 11:11:45.090, 2, 17434, 100
2026/09/29 11:11:45.090, 3, 17434, 100
2026/09/29 11:11:45.090, 4, 17434, 100
2026/09/29 11:11:45.090, 5, 17434, 100
2026/09/29 11:11:45.090, 6, 17434, 100
2026/09/29 11:11:45.090, 7, 17434, 100
2026/09/29 11:11:46.090, 0, 17434, 100
2026/09/29 11:11:46.090, 1, 17434, 100
2026/09/29 11:11:46.090, 2, 17434, 100
2026/09/29 11:11:46.090, 3, 17434, 100
2026/09/29 11:11:46.090, 4, 17434, 100
2026/09/29 11:11:46.091, 5, 17434, 100
2026/09/29 11:11:46.091, 6, 17434, 100
2026/09/29 11:11:46.091, 7, 17434, 100
2026/09/29 11:11:47.091, 0, 17434, 100
2026/09/29 11:11:47.091, 1, 17434, 100
2026/09/29 11:11:47.091, 2, 17434, 100
2026/09/29 11:11:47.091, 3, 17434, 98
2026/09/29 11:11:47.091, 4, 17434, 100
2026/09/29 11:11:47.091, 5, 17434, 100
2026/09/29 11:11:47.091, 6, 17434, 100
2026/09/29 11:11:47.091, 7, 17434, 100
2026/09/29 11:11:48.091, 0, 17434, 100
2026/09/29 11:11:48.092, 1, 17434, 100
2026/09/29 11:11:48.092, 2, 17434, 100
2026/09/29 11:11:48.092, 3, 17434, 100
2026/09/29 11:11:48.092, 4, 17434, 100
2026/09/29 11:11:48.092, 5, 17434, 100
2026/09/29 11:11:48.092, 6, 17434, 100
2026/09/29 11:11:48.092, 7, 17434, 100
2026/09/29 11:11:49.092, 0, 17434, 100
2026/09/29 11:11:49.092, 1, 17434, 100
2026/09/29 11:11:49.092, 2, 17434, 100
2026/09/29 11:11:49.092, 3, 17434, 100
2026/09/29 11:11:49.092, 4, 17434, 100
2026/09/29 11:11:49.092, 5, 17434, 100
2026/09/29 11:11:49.092, 6, 17434, 100
2026/09/29 11:11:49.092, 7, 17434, 100
2026/09/29 11:11:50.093, 0, 17434, 100
2026/09/29 11:11:50.093, 1, 17434, 100
2026/09/29 11:11:50.093, 2, 17434, 100
2026/09/29 11:11:50.093, 3, 17434, 100
2026/09/29 11:11:50.093, 4, 17434, 100
2026/09/29 11:11:50.093, 5, 17434, 100
2026/09/29 11:11:50.093, 6, 17434, 100
2026/09/29 11:11:50.093, 7, 17434, 100
2026/09/29 11:11:51.093, 0, 17434, 100
2026/09/29 11:11:51.093, 1, 17434, 100
2026/09/29 11:11:51.093, 2, 17434, 100
2026/09/29 11:11:51.093, 3, 17434, 100
2026/09/29 11:11:51.093, 4, 17434, 100
2026/09/29 11:11:51.093, 5, 17434, 100
2026/09/29 11:11:51.093, 6, 17434, 100
2026/09/29 11:11:51.093, 7, 17434, 100
2026/09/29 11:11:52.094, 0, 17434, 100
2026/09/29 11:11:52.094, 1, 17434, 100
2026/09/29 11:11:52.094, 2, 17434, 100
2026/09/29 11:11:52.094, 3, 17434, 100
2026/09/29 11:11:52.094, 4, 17434, 98
2026/09/29 11:11:52.094, 5, 17434, 100
2026/09/29 11:11:52.094, 6, 17434, 100
2026/09/29 11:11:52.094, 7, 17434, 100
2026/09/29 11:11:53.094, 0, 17434, 100
2026/09/29 11:11:53.094, 1, 17434, 100
2026/09/29 11:11:53.094, 2, 17434, 100
2026/09/29 11:11:53.095, 3, 17434, 100
2026/09/29 11:11:53.095, 4, 17434, 100
2026/09/29 11:11:53.095, 5, 17434, 100
2026/09/29 11:11:53.095, 6, 17434, 100
2026/09/29 11:11:53.095, 7, 17434, 100
2026/09/29 11:11:54.095, 0, 17434, 100
2026/09/29 11:11:54.095, 1, 17434, 100
2026/09/29 11:11:54.095, 2, 17434, 100
2026/09/29 11:11:54.095, 3, 17434, 100
2026/09/29 11:11:54.095, 4, 17434, 100
2026/09/29 11:11:54.095, 5, 17434, 100
2026/09/29 11:11:54.095, 6, 17434, 100
2026/09/29 11:11:54.095, 7, 17434, 100
2026/09/29 11:11:55.096, 0, 17434, 100
2026/09/29 11:11:55.096, 1, 17434, 100
2026/09/29 11:11:55.096, 2, 17434, 100
2026/09/29 11:11:55.096, 3, 17434, 100
2026/09/29 11:11:55.096, 4, 17434, 100
2026/09/29 11:11:55.096, 5, 17434, 100
2026/09/29 11:11:55.096, 6, 17434, 100
2026/09/29 11:11:55.096, 7, 17434, 100
2026/09/29 11:11:56.096, 0, 17434, 100
2026/09/29 11:11:56.096, 1, 17434, 100
2026/09/29 11:11:56.096, 2, 17434, 100
2026/09/29 11:11:56.096, 3, 17434, 100
2026/09/29 11:11:56.096, 4, 17434, 100
2026/09/29 11:11:56.096, 5, 17434, 100
2026/09/29 11:11:56.096, 6, 17434, 100
2026/09/29 11:11:56.097, 7, 17434, 100
2026/09/29 11:11:57.097, 0, 17434, 100
2026/09/29 11:11:57.097, 1, 17434, 100
2026/09/29 11:11:57.097, 2, 17434, 100
2026/09/29 11:11:57.097, 3, 17434, 100
2026/09/29 11:11:57.097, 4, 17434, 100
2026/09/29 11:11:57.097, 5, 17434, 100
2026/09/29 11:11:57.097, 6, 17434, 100
2026/09/29 11:11:57.097, 7, 17434, 100
2026/09/29 11:11:58.097, 0, 17434, 100
2026/09/29 11:11:58.098, 1, 17434, 100
2026/09/29 11:11:58.098, 2, 17434, 100
2026/09/29 11:11:58.098, 3, 17434, 100
2026/09/29 11:11:58.098, 4, 17434, 100
2026/09/29 11:11:58.098, 5, 17434, 100
2026/09/29 11:11:58.098, 6, 17434, 100
2026/09/29 11:11:58.098, 7, 17434, 100
2026/09/29 11:11:59.098, 0, 17434, 100
2026/09/29 11:11:59.098, 1, 17434, 100
2026/09/29 11:11:59.098, 2, 17434, 100
2026/09/29 11:11:59.098, 3, 17434, 100
2026/09/29 11:11:59.098, 4, 17434, 100
2026/09/29 11:11:59.098, 5, 17434, 100
2026/09/29 11:11:59.098, 6, 17434, 100
2026/09/29 11:11:59.099, 7, 17434, 100
2026/09/29 11:12:00.099, 0, 17434, 100
2026/09/29 11:12:00.099, 1, 17434, 100
2026/09/29 11:12:00.099, 2, 17434, 100
2026/09/29 11:12:00.099, 3, 17434, 100
2026/09/29 11:12:00.099, 4, 17434, 100
2026/09/29 11:12:00.099, 5, 17434, 100
2026/09/29 11:12:00.099, 6, 17434, 100
2026/09/29 11:12:00.099, 7, 17434, 100
2026/09/29 11:12:01.099, 0, 17434, 100
2026/09/29 11:12:01.099, 1, 17434, 100
2026/09/29 11:12:01.099, 2, 17434, 100
2026/09/29 11:12:01.099, 3, 17434, 100
2026/09/29 11:12:01.099, 4, 17434, 100
2026/09/29 11:12:01.100, 5, 17434, 100
2026/09/29 11:12:01.100, 6, 17434, 100
2026/09/29 11:12:01.100, 7, 17434, 100
2026/09/29 11:12:02.100, 0, 17434, 100
2026/09/29 11:12:02.100, 1, 17434, 98
2026/09/29 11:12:02.100, 2, 17434, 95
2026/09/29 11:12:02.100, 3, 17434, 100
2026/09/29 11:12:02.100, 4, 17434, 100
2026/09/29 11:12:02.100, 5, 17434, 100
2026/09/29 11:12:02.100, 6, 17434, 100
2026/09/29 11:12:02.100, 7, 17434, 100
2026/09/29 11:12:03.100, 0, 17434, 100
2026/09/29 11:12:03.101, 1, 17434, 100
2026/09/29 11:12:03.101, 2, 17434, 100
2026/09/29 11:12:03.101, 3, 17434, 98
2026/09/29 11:12:03.101, 4, 17434, 100
2026/09/29 11:12:03.101, 5, 17434, 100
2026/09/29 11:12:03.101, 6, 17434, 100
2026/09/29 11:12:03.101, 7, 17434, 100
2026/09/29 11:12:04.101, 0, 17434, 100
2026/09/29 11:12:04.101, 1, 17434, 100
2026/09/29 11:12:04.101, 2, 17434, 100
2026/09/29 11:12:04.101, 3, 17434, 100
2026/09/29 11:12:04.101, 4, 17434, 100
2026/09/29 11:12:04.101, 5, 17434, 100
2026/09/29 11:12:04.102, 6, 17434, 100
2026/09/29 11:12:04.102, 7, 17434, 100
2026/09/29 11:12:05.102, 0, 17434, 100
2026/09/29 11:12:05.102, 1, 17434, 100
2026/09/29 11:12:05.102, 2, 17434, 100
2026/09/29 11:12:05.102, 3, 17434, 100
2026/09/29 11:12:05.102, 4, 17434, 100
2026/09/29 11:12:05.102, 5, 17434, 100
2026/09/29 11:12:05.103, 6, 17434, 100
2026/09/29 11:12:05.103, 7, 17434, 100
2026/09/29 11:12:06.103, 0, 17434, 100
2026/09/29 11:12:06.103, 1, 17434, 100
2026/09/29 11:12:06.103, 2, 17434, 100
2026/09/29 11:12:06.103, 3, 17434, 100
2026/09/29 11:12:06.103, 4, 17434, 100
2026/09/29 11:12:06.103, 5, 17434, 100
2026/09/29 11:12:06.103, 6, 17434, 100
2026/09/29 11:12:06.103, 7, 17434, 100
2026/09/29 11:12:07.103, 0, 17434, 100
2026/09/29 11:12:07.103, 1, 17434, 100
2026/09/29 11:12:07.103, 2, 17434, 100
2026/09/29 11:12:07.103, 3, 17434, 100
2026/09/29 11:12:07.103, 4, 17434, 100
2026/09/29 11:12:07.103, 5, 17434, 100
2026/09/29 11:12:07.103, 6, 17434, 100
2026/09/29 11:12:07.103, 7, 17434, 100
2026/09/29 11:12:08.104, 0, 17434, 100
2026/09/29 11:12:08.104, 1, 17434, 100
2026/09/29 11:12:08.104, 2, 17434, 100
2026/09/29 11:12:08.104, 3, 17434, 100
2026/09/29 11:12:08.104, 4, 17434, 100
2026/09/29 11:12:08.104, 5, 17434, 100
2026/09/29 11:12:08.104, 6, 17434, 97
2026/09/29 11:12:08.104, 7, 17434, 100
2026/09/29 11:12:09.104, 0, 17434, 100
2026/09/29 11:12:09.104, 1, 17434, 100
2026/09/29 11:12:09.104, 2, 17434, 100
2026/09/29 11:12:09.104, 3, 17434, 100
2026/09/29 11:12:09.104, 4, 17434, 100
2026/09/29 11:12:09.104, 5, 17434, 100
2026/09/29 11:12:09.104, 6, 17434, 100
2026/09/29 11:12:09.105, 7, 17434, 100
2026/09/29 11:12:10.105, 0, 17434, 100
2026/09/29 11:12:10.105, 1, 17434, 100
2026/09/29 11:12:10.105, 2, 17434, 100
2026/09/29 11:12:10.105, 3, 17434, 100
2026/09/29 11:12:10.105, 4, 17434, 100
2026/09/29 11:12:10.105, 5, 17434, 100
2026/09/29 11:12:10.105, 6, 17434, 100
2026/09/29 11:12:10.105, 7, 17434, 100
2026/09/29 11:12:11.105, 0, 17434, 100
2026/09/29 11:12:11.105, 1, 17434, 100
2026/09/29 11:12:11.105, 2, 17434, 100
2026/09/29 11:12:11.106, 3, 17434, 100
2026/09/29 11:12:11.106, 4, 17434, 100
2026/09/29 11:12:11.106, 5, 17434, 100
2026/09/29 11:12:11.106, 6, 17434, 100
2026/09/29 11:12:11.106, 7, 17434, 100
2026/09/29 11:12:12.106, 0, 17434, 100
2026/09/29 11:12:12.106, 1, 17434, 100
2026/09/29 11:12:12.106, 2, 17434, 100
2026/09/29 11:12:12.106, 3, 17434, 100
2026/09/29 11:12:12.106, 4, 17434, 100
2026/09/29 11:12:12.106, 5, 17434, 100
2026/09/29 11:12:12.106, 6, 17434, 100
2026/09/29 11:12:12.106, 7, 17434, 100
2026/09/29 11:12:13.106, 0, 17434, 100
2026/09/29 11:12:13.107, 1, 17434, 100
2026/09/29 11:12:13.107, 2, 17434, 100
2026/09/29 11:12:13.107, 3, 17434, 100
2026/09/29 11:12:13.107, 4, 17434, 100
2026/09/29 11:12:13.107, 5, 17434, 100
2026/09/29 11:12:13.107, 6, 17434, 100
2026/09/29 11:12:13.107, 7, 17434, 93
2026/09/29 11:12:14.107, 0, 17434, 100
2026/09/29 11:12:14.107, 1, 17434, 0
2026/09/29 11:12:14.107, 2, 17434, 96
2026/09/29 11:12:14.107, 3, 17434, 100
2026/09/29 11:12:14.107, 4, 17434, 100
2026/09/29 11:12:14.107, 5, 17434, 100
2026/09/29 11:12:14.107, 6, 17434, 100
2026/09/29 11:12:14.107, 7, 17434, 100
2026/09/29 11:12:15.107, 0, 17434, 0
2026/09/29 11:12:15.108, 1, 17434, 100
2026/09/29 11:12:15.108, 2, 17434, 100
2026/09/29 11:12:15.108, 3, 17434, 0
2026/09/29 11:12:15.108, 4, 17434, 100
2026/09/29 11:12:15.108, 5, 17434, 100
2026/09/29 11:12:15.108, 6, 17434, 99
2026/09/29 11:12:15.108, 7, 17434, 95
2026/09/29 11:12:16.108, 0, 17434, 100
2026/09/29 11:12:16.108, 1, 17434, 100
2026/09/29 11:12:16.108, 2, 17434, 100
2026/09/29 11:12:16.108, 3, 17434, 100
2026/09/29 11:12:16.108, 4, 17434, 100
2026/09/29 11:12:16.108, 5, 17434, 100
2026/09/29 11:12:16.108, 6, 17434, 100
2026/09/29 11:12:16.108, 7, 17434, 100
2026/09/29 11:12:17.108, 0, 17434, 100
2026/09/29 11:12:17.109, 1, 17434, 100
2026/09/29 11:12:17.109, 2, 17434, 100
2026/09/29 11:12:17.109, 3, 17434, 100
2026/09/29 11:12:17.109, 4, 17434, 100
2026/09/29 11:12:17.109, 5, 17434, 100
2026/09/29 11:12:17.109, 6, 17434, 100
2026/09/29 11:12:17.109, 7, 17434, 100
2026/09/29 11:12:18.109, 0, 17434, 100
2026/09/29 11:12:18.109, 1, 17434, 100
2026/09/29 11:12:18.109, 2, 17434, 100
2026/09/29 11:12:18.109, 3, 17434, 100
2026/09/29 11:12:18.109, 4, 17434, 100
2026/09/29 11:12:18.110, 5, 17434, 100
2026/09/29 11:12:18.110, 6, 17434, 100
2026/09/29 11:12:18.110, 7, 17434, 100
2026/09/29 11:12:19.110, 0, 17434, 100
2026/09/29 11:12:19.110, 1, 17434, 100
2026/09/29 11:12:19.110, 2, 17434, 100
2026/09/29 11:12:19.110, 3, 17434, 100
2026/09/29 11:12:19.110, 4, 17434, 100
2026/09/29 11:12:19.110, 5, 17434, 100
2026/09/29 11:12:19.111, 6, 17434, 100
2026/09/29 11:12:19.111, 7, 17434, 100
2026/09/29 11:12:20.111, 0, 17434, 100
2026/09/29 11:12:20.111, 1, 17434, 98
2026/09/29 11:12:20.111, 2, 17434, 97
2026/09/29 11:12:20.111, 3, 17434, 100
2026/09/29 11:12:20.111, 4, 17434, 100
2026/09/29 11:12:20.111, 5, 17434, 97
2026/09/29 11:12:20.111, 6, 17434, 100
2026/09/29 11:12:20.111, 7, 17434, 100
2026/09/29 11:12:21.112, 0, 17434, 100
2026/09/29 11:12:21.112, 1, 17434, 100
2026/09/29 11:12:21.112, 2, 17434, 100
2026/09/29 11:12:21.112, 3, 17434, 98
2026/09/29 11:12:21.112, 4, 17434, 100
2026/09/29 11:12:21.112, 5, 17434, 100
2026/09/29 11:12:21.112, 6, 17434, 100
2026/09/29 11:12:21.112, 7, 17434, 100
2026/09/29 11:12:22.112, 0, 17434, 100
2026/09/29 11:12:22.112, 1, 17434, 100
2026/09/29 11:12:22.112, 2, 17434, 100
2026/09/29 11:12:22.112, 3, 17434, 100
2026/09/29 11:12:22.112, 4, 17434, 100
2026/09/29 11:12:22.112, 5, 17434, 100
2026/09/29 11:12:22.112, 6, 17434, 100
2026/09/29 11:12:22.113, 7, 17434, 100
2026/09/29 11:12:23.113, 0, 17434, 100
2026/09/29 11:12:23.113, 1, 17434, 100
2026/09/29 11:12:23.113, 2, 17434, 100
2026/09/29 11:12:23.113, 3, 17434, 100
2026/09/29 11:12:23.113, 4, 17434, 100
2026/09/29 11:12:23.113, 5, 17434, 100
2026/09/29 11:12:23.113, 6, 17434, 100
2026/09/29 11:12:23.113, 7, 17434, 100
2026/09/29 11:12:24.113, 0, 17434, 100
2026/09/29 11:12:24.113, 1, 17434, 100
2026/09/29 11:12:24.113, 2, 17434, 100
2026/09/29 11:12:24.113, 3, 17434, 100
2026/09/29 11:12:24.114, 4, 17434, 100
2026/09/29 11:12:24.114, 5, 17434, 100
2026/09/29 11:12:24.114, 6, 17434, 100
2026/09/29 11:12:24.114, 7, 17434, 100
2026/09/29 11:12:25.114, 0, 17434, 100
2026/09/29 11:12:25.114, 1, 17434, 100
2026/09/29 11:12:25.114, 2, 17434, 100
2026/09/29 11:12:25.114, 3, 17434, 100
2026/09/29 11:12:25.114, 4, 17434, 100
2026/09/29 11:12:25.114, 5, 17434, 100
2026/09/29 11:12:25.114, 6, 17434, 100
2026/09/29 11:12:25.114, 7, 17434, 100
2026/09/29 11:12:26.114, 0, 17434, 100
2026/09/29 11:12:26.115, 1, 17434, 100
2026/09/29 11:12:26.115, 2, 17434, 100
2026/09/29 11:12:26.115, 3, 17434, 100
2026/09/29 11:12:26.115, 4, 17434, 100
2026/09/29 11:12:26.115, 5, 17434, 100
2026/09/29 11:12:26.115, 6, 17434, 97
2026/09/29 11:12:26.115, 7, 17434, 100
2026/09/29 11:12:27.115, 0, 17434, 100
2026/09/29 11:12:27.115, 1, 17434, 100
2026/09/29 11:12:27.115, 2, 17434, 100
2026/09/29 11:12:27.115, 3, 17434, 100
2026/09/29 11:12:27.115, 4, 17434, 100
2026/09/29 11:12:27.115, 5, 17434, 100
2026/09/29 11:12:27.115, 6, 17434, 100
2026/09/29 11:12:27.115, 7, 17434, 100
2026/09/29 11:12:28.116, 0, 17434, 100
2026/09/29 11:12:28.116, 1, 17434, 100
2026/09/29 11:12:28.116, 2, 17434, 100
2026/09/29 11:12:28.116, 3, 17434, 100
2026/09/29 11:12:28.116, 4, 17434, 100
2026/09/29 11:12:28.116, 5, 17434, 100
2026/09/29 11:12:28.116, 6, 17434, 100
2026/09/29 11:12:28.116, 7, 17434, 100
2026/09/29 11:12:29.116, 0, 17434, 100
2026/09/29 11:12:29.116, 1, 17434, 100
2026/09/29 11:12:29.116, 2, 17434, 100
2026/09/29 11:12:29.116, 3, 17434, 100
2026/09/29 11:12:29.116, 4, 17434, 100
2026/09/29 11:12:29.116, 5, 17434, 100
2026/09/29 11:12:29.117, 6, 17434, 100
2026/09/29 11:12:29.117, 7, 17434, 100
2026/09/29 11:12:30.117, 0, 17434, 100
2026/09/29 11:12:30.117, 1, 17434, 100
2026/09/29 11:12:30.117, 2, 17434, 100
2026/09/29 11:12:30.117, 3, 17434, 100
2026/09/29 11:12:30.117, 4, 17434, 100
2026/09/29 11:12:30.117, 5, 17434, 100
2026/09/29 11:12:30.117, 6, 17434, 100
2026/09/29 11:12:30.117, 7, 17434, 100
2026/09/29 11:12:31.117, 0, 17434, 100
2026/09/29 11:12:31.118, 1, 17434, 100
2026/09/29 11:12:31.118, 2, 17434, 100
2026/09/29 11:12:31.118, 3, 17434, 100
2026/09/29 11:12:31.118, 4, 17434, 100
2026/09/29 11:12:31.118, 5, 17434, 100
2026/09/29 11:12:31.118, 6, 17434, 100
2026/09/29 11:12:31.118, 7, 17434, 96
2026/09/29 11:12:32.118, 0, 17434, 100
2026/09/29 11:12:32.118, 1, 17434, 100
2026/09/29 11:12:32.118, 2, 17434, 100
2026/09/29 11:12:32.118, 3, 17434, 100
2026/09/29 11:12:32.118, 4, 17434, 100
2026/09/29 11:12:32.118, 5, 17434, 100
2026/09/29 11:12:32.118, 6, 17434, 100
2026/09/29 11:12:32.118, 7, 17434, 100
2026/09/29 11:12:33.119, 0, 17434, 100
2026/09/29 11:12:33.119, 1, 17434, 100
2026/09/29 11:12:33.119, 2, 17434, 100
2026/09/29 11:12:33.119, 3, 17434, 100
2026/09/29 11:12:33.119, 4, 17434, 100
2026/09/29 11:12:33.119, 5, 17434, 100
2026/09/29 11:12:33.119, 6, 17434, 100
2026/09/29 11:12:33.119, 7, 17434, 100
2026/09/29 11:12:34.119, 0, 17434, 100
2026/09/29 11:12:34.119, 1, 17434, 100
2026/09/29 11:12:34.119, 2, 17434, 100
2026/09/29 11:12:34.119, 3, 17434, 100
2026/09/29 11:12:34.120, 4, 17434, 100
2026/09/29 11:12:34.120, 5, 17434, 100
2026/09/29 11:12:34.120, 6, 17434, 100
2026/09/29 11:12:34.120, 7, 17434, 100
2026/09/29 11:12:35.120, 0, 17434, 100
2026/09/29 11:12:35.120, 1, 17434, 100
2026/09/29 11:12:35.120, 2, 17434, 100
2026/09/29 11:12:35.120, 3, 17434, 100
2026/09/29 11:12:35.120, 4, 17434, 100
2026/09/29 11:12:35.120, 5, 17434, 100
2026/09/29 11:12:35.120, 6, 17434, 100
2026/09/29 11:12:35.120, 7, 17434, 100
2026/09/29 11:12:36.120, 0, 17434, 100
2026/09/29 11:12:36.121, 1, 17434, 100
2026/09/29 11:12:36.121, 2, 17434, 98
2026/09/29 11:12:36.121, 3, 17434, 100
2026/09/29 11:12:36.121, 4, 17434, 100
2026/09/29 11:12:36.121, 5, 17434, 95
2026/09/29 11:12:36.121, 6, 17434, 100
2026/09/29 11:12:36.121, 7, 17434, 100
2026/09/29 11:12:37.121, 0, 17434, 100
2026/09/29 11:12:37.121, 1, 17434, 100
2026/09/29 11:12:37.121, 2, 17434, 100
2026/09/29 11:12:37.122, 3, 17434, 100
2026/09/29 11:12:37.122, 4, 17434, 100
2026/09/29 11:12:37.122, 5, 17434, 100
2026/09/29 11:12:37.122, 6, 17434, 100
2026/09/29 11:12:37.122, 7, 17434, 100
2026/09/29 11:12:38.122, 0, 17434, 100
2026/09/29 11:12:38.122, 1, 17434, 100
2026/09/29 11:12:38.122, 2, 17434, 100
2026/09/29 11:12:38.122, 3, 17434, 100
2026/09/29 11:12:38.122, 4, 17434, 100
2026/09/29 11:12:38.122, 5, 17434, 100
2026/09/29 11:12:38.122, 6, 17434, 100
2026/09/29 11:12:38.123, 7, 17434, 100
2026/09/29 11:12:39.123, 0, 17434, 100
2026/09/29 11:12:39.123, 1, 17434, 100
2026/09/29 11:12:39.123, 2, 17434, 100
2026/09/29 11:12:39.123, 3, 17434, 100
2026/09/29 11:12:39.123, 4, 17434, 100
2026/09/29 11:12:39.123, 5, 17434, 100
2026/09/29 11:12:39.123, 6, 17434, 100
2026/09/29 11:12:39.123, 7, 17434, 100
2026/09/29 11:12:40.123, 0, 17434, 100
2026/09/29 11:12:40.123, 1, 17434, 100
2026/09/29 11:12:40.124, 2, 17434, 100
2026/09/29 11:12:40.124, 3, 17434, 100
2026/09/29 11:12:40.124, 4, 17434, 100
2026/09/29 11:12:40.124, 5, 17434, 100
2026/09/29 11:12:40.124, 6, 17434, 100
2026/09/29 11:12:40.124, 7, 17434, 100
2026/09/29 11:12:41.124, 0, 17434, 100
2026/09/29 11:12:41.124, 1, 17434, 100
2026/09/29 11:12:41.124, 2, 17434, 100
2026/09/29 11:12:41.124, 3, 17434, 100
2026/09/29 11:12:41.124, 4, 17434, 100
2026/09/29 11:12:41.124, 5, 17434, 100
2026/09/29 11:12:41.124, 6, 17434, 100
2026/09/29 11:12:41.124, 7, 17434, 100
2026/09/29 11:12:42.125, 0, 17434, 100
2026/09/29 11:12:42.125, 1, 17434, 100
2026/09/29 11:12:42.125, 2, 17434, 100
2026/09/29 11:12:42.125, 3, 17434, 100
2026/09/29 11:12:42.125, 4, 17434, 100
2026/09/29 11:12:42.125, 5, 17434, 100
2026/09/29 11:12:42.125, 6, 17434, 98
2026/09/29 11:12:42.125, 7, 17434, 100
2026/09/29 11:12:43.125, 0, 17434, 100
2026/09/29 11:12:43.125, 1, 17434, 100
2026/09/29 11:12:43.125, 2, 17434, 100
2026/09/29 11:12:43.125, 3, 17434, 100
2026/09/29 11:12:43.125, 4, 17434, 100
2026/09/29 11:12:43.125, 5, 17434, 100
2026/09/29 11:12:43.126, 6, 17434, 100
2026/09/29 11:12:43.126, 7, 17434, 100
2026/09/29 11:12:44.126, 0, 17434, 100
2026/09/29 11:12:44.126, 1, 17434, 100
2026/09/29 11:12:44.126, 2, 17434, 100
2026/09/29 11:12:44.126, 3, 17434, 100
2026/09/29 11:12:44.126, 4, 17434, 100
2026/09/29 11:12:44.126, 5, 17434, 100
2026/09/29 11:12:44.126, 6, 17434, 100
2026/09/29 11:12:44.126, 7, 17434, 100
2026/09/29 11:12:45.126, 0, 17434, 100
2026/09/29 11:12:45.127, 1, 17434, 100
2026/09/29 11:12:45.127, 2, 17434, 100
2026/09/29 11:12:45.127, 3, 17434, 100
2026/09/29 11:12:45.127, 4, 17434, 100
2026/09/29 11:12:45.127, 5, 17434, 100
2026/09/29 11:12:45.127, 6, 17434, 100
2026/09/29 11:12:45.127, 7, 17434, 100
2026/09/29 11:12:46.127, 0, 17434, 100
2026/09/29 11:12:46.127, 1, 17434, 100
2026/09/29 11:12:46.127, 2, 17434, 100
2026/09/29 11:12:46.127, 3, 17434, 100
2026/09/29 11:12:46.127, 4, 17434, 100
2026/09/29 11:12:46.127, 5, 17434, 100
2026/09/29 11:12:46.127, 6, 17434, 100
2026/09/29 11:12:46.127, 7, 17434, 100
2026/09/29 11:12:47.128, 0, 17434, 100
2026/09/29 11:12:47.128, 1, 17434, 100
2026/09/29 11:12:47.128, 2, 17434, 100
2026/09/29 11:12:47.128, 3, 17434, 100
2026/09/29 11:12:47.128, 4, 17434, 99
2026/09/29 11:12:47.128, 5, 17434, 100
2026/09/29 11:12:47.128, 6, 17434, 100
2026/09/29 11:12:47.128, 7, 17434, 98
2026/09/29 11:12:48.129, 0, 17434, 100
2026/09/29 11:12:48.129, 1, 17434, 100
2026/09/29 11:12:48.129, 2, 17434, 100
2026/09/29 11:12:48.129, 3, 17434, 100
2026/09/29 11:12:48.129, 4, 17434, 100
2026/09/29 11:12:48.129, 5, 17434, 100
2026/09/29 11:12:48.129, 6, 17434, 100
2026/09/29 11:12:48.129, 7, 17434, 100
2026/09/29 11:12:49.129, 0, 17434, 100
2026/09/29 11:12:49.129, 1, 17434, 100
2026/09/29 11:12:49.130, 2, 17434, 100
2026/09/29 11:12:49.130, 3, 17434, 100
2026/09/29 11:12:49.130, 4, 17434, 100
2026/09/29 11:12:49.130, 5, 17434, 100
2026/09/29 11:12:49.130, 6, 17434, 100
2026/09/29 11:12:49.130, 7, 17434, 100
2026/09/29 11:12:50.131, 0, 17434, 100
2026/09/29 11:12:50.131, 1, 17434, 100
2026/09/29 11:12:50.131, 2, 17434, 100
2026/09/29 11:12:50.131, 3, 17434, 100
2026/09/29 11:12:50.131, 4, 17434, 100
2026/09/29 11:12:50.131, 5, 17434, 100
2026/09/29 11:12:50.131, 6, 17434, 100
2026/09/29 11:12:50.131, 7, 17434, 100
2026/09/29 11:12:51.131, 0, 17434, 100
2026/09/29 11:12:51.131, 1, 17434, 100
2026/09/29 11:12:51.131, 2, 17434, 100
2026/09/29 11:12:51.131, 3, 17434, 100
2026/09/29 11:12:51.132, 4, 17434, 100
2026/09/29 11:12:51.132, 5, 17434, 100
2026/09/29 11:12:51.132, 6, 17434, 100
2026/09/29 11:12:51.132, 7, 17434, 100
2026/09/29 11:12:52.132, 0, 17434, 100
2026/09/29 11:12:52.132, 1, 17434, 100
2026/09/29 11:12:52.132, 2, 17434, 98
2026/09/29 11:12:52.132, 3, 17434, 100
2026/09/29 11:12:52.132, 4, 17434, 100
2026/09/29 11:12:52.133, 5, 17434, 95
2026/09/29 11:12:52.133, 6, 17434, 100
2026/09/29 11:12:52.133, 7, 17434, 100
2026/09/29 11:12:53.133, 0, 17434, 100
2026/09/29 11:12:53.133, 1, 17434, 100
2026/09/29 11:12:53.133, 2, 17434, 100
2026/09/29 11:12:53.133, 3, 17434, 100
2026/09/29 11:12:53.133, 4, 17434, 100
2026/09/29 11:12:53.133, 5, 17434, 100
2026/09/29 11:12:53.133, 6, 17434, 100
2026/09/29 11:12:53.133, 7, 17434, 100
2026/09/29 11:12:54.134, 0, 17434, 100
2026/09/29 11:12:54.134, 1, 17434, 100
2026/09/29 11:12:54.134, 2, 17434, 100
2026/09/29 11:12:54.134, 3, 17434, 100
2026/09/29 11:12:54.134, 4, 17434, 100
2026/09/29 11:12:54.134, 5, 17434, 100
2026/09/29 11:12:54.134, 6, 17434, 100
2026/09/29 11:12:54.134, 7, 17434, 100
2026/09/29 11:12:55.134, 0, 17434, 100
2026/09/29 11:12:55.134, 1, 17434, 100
2026/09/29 11:12:55.134, 2, 17434, 100
2026/09/29 11:12:55.134, 3, 17434, 100
2026/09/29 11:12:55.135, 4, 17434, 100
2026/09/29 11:12:55.135, 5, 17434, 100
2026/09/29 11:12:55.135, 6, 17434, 100
2026/09/29 11:12:55.135, 7, 17434, 100
2026/09/29 11:12:56.135, 0, 17434, 100
2026/09/29 11:12:56.135, 1, 17434, 100
2026/09/29 11:12:56.135, 2, 17434, 100
2026/09/29 11:12:56.135, 3, 17434, 100
2026/09/29 11:12:56.135, 4, 17434, 100
2026/09/29 11:12:56.135, 5, 17434, 100
2026/09/29 11:12:56.135, 6, 17434, 100
2026/09/29 11:12:56.135, 7, 17434, 100
2026/09/29 11:12:57.136, 0, 17434, 100
2026/09/29 11:12:57.136, 1, 17434, 100
2026/09/29 11:12:57.136, 2, 17434, 100
2026/09/29 11:12:57.136, 3, 17434, 100
2026/09/29 11:12:57.136, 4, 17434, 100
2026/09/29 11:12:57.136, 5, 17434, 100
2026/09/29 11:12:57.136, 6, 17434, 100
2026/09/29 11:12:57.136, 7, 17434, 100
2026/09/29 11:12:58.137, 0, 17434, 100
2026/09/29 11:12:58.137, 1, 17434, 100
2026/09/29 11:12:58.137, 2, 17434, 100
2026/09/29 11:12:58.137, 3, 17434, 100
2026/09/29 11:12:58.137, 4, 17434, 100
2026/09/29 11:12:58.137, 5, 17434, 100
2026/09/29 11:12:58.137, 6, 17434, 98
2026/09/29 11:12:58.137, 7, 17434, 100
2026/09/29 11:12:59.138, 0, 17434, 100
2026/09/29 11:12:59.138, 1, 17434, 100
2026/09/29 11:12:59.138, 2, 17434, 100
2026/09/29 11:12:59.138, 3, 17434, 100
2026/09/29 11:12:59.138, 4, 17434, 100
2026/09/29 11:12:59.138, 5, 17434, 100
2026/09/29 11:12:59.138, 6, 17434, 100
2026/09/29 11:12:59.138, 7, 17434, 100
2026/09/29 11:13:00.138, 0, 17434, 100
2026/09/29 11:13:00.139, 1, 17434, 100
2026/09/29 11:13:00.139, 2, 17434, 100
2026/09/29 11:13:00.139, 3, 17434, 100
2026/09/29 11:13:00.139, 4, 17434, 100
2026/09/29 11:13:00.139, 5, 17434, 100
2026/09/29 11:13:00.139, 6, 17434, 100
2026/09/29 11:13:00.139, 7, 17434, 100
2026/09/29 11:13:01.139, 0, 17434, 100
2026/09/29 11:13:01.139, 1, 17434, 100
2026/09/29 11:13:01.139, 2, 17434, 100
2026/09/29 11:13:01.139, 3, 17434, 100
2026/09/29 11:13:01.139, 4, 17434, 100
2026/09/29 11:13:01.139, 5, 17434, 100
2026/09/29 11:13:01.139, 6, 17434, 100
2026/09/29 11:13:01.139, 7, 17434, 100
2026/09/29 11:13:02.139, 0, 17434, 100
2026/09/29 11:13:02.140, 1, 17434, 100
2026/09/29 11:13:02.140, 2, 17434, 100
2026/09/29 11:13:02.140, 3, 17434, 100
2026/09/29 11:13:02.140, 4, 17434, 100
2026/09/29 11:13:02.140, 5, 17434, 100
2026/09/29 11:13:02.140, 6, 17434, 100
2026/09/29 11:13:02.140, 7, 17434, 100
2026/09/29 11:13:03.140, 0, 17434, 100
2026/09/29 11:13:03.140, 1, 17434, 100
2026/09/29 11:13:03.140, 2, 17434, 100
2026/09/29 11:13:03.140, 3, 17434, 100
2026/09/29 11:13:03.140, 4, 17434, 99
2026/09/29 11:13:03.140, 5, 17434, 100
2026/09/29 11:13:03.140, 6, 17434, 100
2026/09/29 11:13:03.141, 7, 17434, 98
2026/09/29 11:13:04.141, 0, 17434, 100
2026/09/29 11:13:04.141, 1, 17434, 100
2026/09/29 11:13:04.141, 2, 17434, 100
2026/09/29 11:13:04.141, 3, 17434, 100
2026/09/29 11:13:04.141, 4, 17434, 100
2026/09/29 11:13:04.141, 5, 17434, 100
2026/09/29 11:13:04.141, 6, 17434, 100
2026/09/29 11:13:04.141, 7, 17434, 100
2026/09/29 11:13:05.141, 0, 17434, 100
2026/09/29 11:13:05.141, 1, 17434, 100
2026/09/29 11:13:05.141, 2, 17434, 100
2026/09/29 11:13:05.141, 3, 17434, 100
2026/09/29 11:13:05.142, 4, 17434, 100
2026/09/29 11:13:05.142, 5, 17434, 100
2026/09/29 11:13:05.142, 6, 17434, 100
2026/09/29 11:13:05.142, 7, 17434, 100
2026/09/29 11:13:06.142, 0, 17434, 100
2026/09/29 11:13:06.142, 1, 17434, 100
2026/09/29 11:13:06.142, 2, 17434, 100
2026/09/29 11:13:06.142, 3, 17434, 100
2026/09/29 11:13:06.142, 4, 17434, 100
2026/09/29 11:13:06.142, 5, 17434, 100
2026/09/29 11:13:06.142, 6, 17434, 100
2026/09/29 11:13:06.142, 7, 17434, 100
2026/09/29 11:13:07.143, 0, 17434, 100
2026/09/29 11:13:07.143, 1, 17434, 100
2026/09/29 11:13:07.143, 2, 17434, 100
2026/09/29 11:13:07.143, 3, 17434, 100
2026/09/29 11:13:07.143, 4, 17434, 100
2026/09/29 11:13:07.143, 5, 17434, 100
2026/09/29 11:13:07.143, 6, 17434, 100
2026/09/29 11:13:07.143, 7, 17434, 100
2026/09/29 11:13:08.143, 0, 17434, 100
2026/09/29 11:13:08.143, 1, 17434, 100
2026/09/29 11:13:08.143, 2, 17434, 100
2026/09/29 11:13:08.143, 3, 17434, 100
2026/09/29 11:13:08.143, 4, 17434, 100
2026/09/29 11:13:08.144, 5, 17434, 98
2026/09/29 11:13:08.144, 6, 17434, 100
2026/09/29 11:13:08.144, 7, 17434, 100
2026/09/29 11:13:09.144, 0, 17434, 100
2026/09/29 11:13:09.144, 1, 17434, 100
2026/09/29 11:13:09.144, 2, 17434, 100
2026/09/29 11:13:09.144, 3, 17434, 100
2026/09/29 11:13:09.144, 4, 17434, 100
2026/09/29 11:13:09.144, 5, 17434, 100
2026/09/29 11:13:09.145, 6, 17434, 100
2026/09/29 11:13:09.145, 7, 17434, 100
2026/09/29 11:13:10.146, 0, 17434, 100
2026/09/29 11:13:10.146, 1, 17434, 100
2026/09/29 11:13:10.146, 2, 17434, 100
2026/09/29 11:13:10.146, 3, 17434, 100
2026/09/29 11:13:10.146, 4, 17434, 100
2026/09/29 11:13:10.146, 5, 17434, 100
2026/09/29 11:13:10.146, 6, 17434, 100
2026/09/29 11:13:10.146, 7, 17434, 100
2026/09/29 11:13:11.147, 0, 17434, 100
2026/09/29 11:13:11.147, 1, 17434, 100
2026/09/29 11:13:11.147, 2, 17434, 100
2026/09/29 11:13:11.147, 3, 17434, 100
2026/09/29 11:13:11.147, 4, 17434, 100
2026/09/29 11:13:11.147, 5, 17434, 100
2026/09/29 11:13:11.147, 6, 17434, 100
2026/09/29 11:13:11.147, 7, 17434, 100
2026/09/29 11:13:12.148, 0, 17434, 100
2026/09/29 11:13:12.148, 1, 17434, 100
2026/09/29 11:13:12.148, 2, 17434, 100
2026/09/29 11:13:12.148, 3, 17434, 100
2026/09/29 11:13:12.148, 4, 17434, 100
2026/09/29 11:13:12.148, 5, 17434, 100
2026/09/29 11:13:12.148, 6, 17434, 100
2026/09/29 11:13:12.148, 7, 17434, 100
2026/09/29 11:13:13.149, 0, 17434, 100
2026/09/29 11:13:13.149, 1, 17434, 100
2026/09/29 11:13:13.149, 2, 17434, 100
2026/09/29 11:13:13.149, 3, 17434, 100
2026/09/29 11:13:13.149, 4, 17434, 100
2026/09/29 11:13:13.149, 5, 17434, 100
2026/09/29 11:13:13.149, 6, 17434, 100
2026/09/29 11:13:13.149, 7, 17434, 100
2026/09/29 11:13:14.149, 0, 17434, 100
2026/09/29 11:13:14.149, 1, 17434, 100
2026/09/29 11:13:14.150, 2, 17434, 100
2026/09/29 11:13:14.150, 3, 17434, 96
2026/09/29 11:13:14.150, 4, 17434, 100
2026/09/29 11:13:14.150, 5, 17434, 100
2026/09/29 11:13:14.150, 6, 17434, 98
2026/09/29 11:13:14.150, 7, 17434, 100
2026/09/29 11:13:15.150, 0, 17434, 100
2026/09/29 11:13:15.150, 1, 17434, 100
2026/09/29 11:13:15.150, 2, 17434, 100
2026/09/29 11:13:15.150, 3, 17434, 100
2026/09/29 11:13:15.150, 4, 17434, 100
2026/09/29 11:13:15.150, 5, 17434, 100
2026/09/29 11:13:15.150, 6, 17434, 100
2026/09/29 11:13:15.150, 7, 17434, 100
2026/09/29 11:13:16.151, 0, 17434, 100
2026/09/29 11:13:16.151, 1, 17434, 100
2026/09/29 11:13:16.151, 2, 17434, 100
2026/09/29 11:13:16.151, 3, 17434, 100
2026/09/29 11:13:16.151, 4, 17434, 100
2026/09/29 11:13:16.151, 5, 17434, 99
2026/09/29 11:13:16.151, 6, 17434, 100
2026/09/29 11:13:16.151, 7, 17434, 100
2026/09/29 11:13:17.151, 0, 17434, 100
2026/09/29 11:13:17.151, 1, 17434, 100
2026/09/29 11:13:17.151, 2, 17434, 100
2026/09/29 11:13:17.151, 3, 17434, 100
2026/09/29 11:13:17.151, 4, 17434, 100
2026/09/29 11:13:17.151, 5, 17434, 100
2026/09/29 11:13:17.151, 6, 17434, 100
2026/09/29 11:13:17.151, 7, 17434, 100
2026/09/29 11:13:18.152, 0, 17434, 100
2026/09/29 11:13:18.152, 1, 17434, 100
2026/09/29 11:13:18.152, 2, 17434, 100
2026/09/29 11:13:18.152, 3, 17434, 100
2026/09/29 11:13:18.152, 4, 17434, 100
2026/09/29 11:13:18.152, 5, 17434, 100
2026/09/29 11:13:18.152, 6, 17434, 100
2026/09/29 11:13:18.152, 7, 17434, 100
2026/09/29 11:13:19.152, 0, 17434, 100
2026/09/29 11:13:19.152, 1, 17434, 100
2026/09/29 11:13:19.153, 2, 17434, 100
2026/09/29 11:13:19.153, 3, 17434, 100
2026/09/29 11:13:19.153, 4, 17434, 99
2026/09/29 11:13:19.153, 5, 17434, 100
2026/09/29 11:13:19.153, 6, 17434, 100
2026/09/29 11:13:19.153, 7, 17434, 99
2026/09/29 11:13:20.153, 0, 17434, 100
2026/09/29 11:13:20.153, 1, 17434, 100
2026/09/29 11:13:20.153, 2, 17434, 100
2026/09/29 11:13:20.153, 3, 17434, 100
2026/09/29 11:13:20.153, 4, 17434, 100
2026/09/29 11:13:20.153, 5, 17434, 100
2026/09/29 11:13:20.153, 6, 17434, 100
2026/09/29 11:13:20.153, 7, 17434, 100
2026/09/29 11:13:21.153, 0, 17434, 100
2026/09/29 11:13:21.154, 1, 17434, 100
2026/09/29 11:13:21.154, 2, 17434, 100
2026/09/29 11:13:21.154, 3, 17434, 100
2026/09/29 11:13:21.155, 4, 17434, 100
2026/09/29 11:13:21.155, 5, 17434, 100
2026/09/29 11:13:21.155, 6, 17434, 100
2026/09/29 11:13:21.155, 7, 17434, 100
2026/09/29 11:13:22.155, 0, 17434, 100
2026/09/29 11:13:22.155, 1, 17434, 100
2026/09/29 11:13:22.155, 2, 17434, 100
2026/09/29 11:13:22.155, 3, 17434, 100
2026/09/29 11:13:22.155, 4, 17434, 100
2026/09/29 11:13:22.156, 5, 17434, 100
2026/09/29 11:13:22.156, 6, 17434, 100
2026/09/29 11:13:22.156, 7, 17434, 100
2026/09/29 11:13:23.156, 0, 17434, 100
2026/09/29 11:13:23.156, 1, 17434, 100
2026/09/29 11:13:23.156, 2, 17434, 100
2026/09/29 11:13:23.156, 3, 17434, 100
2026/09/29 11:13:23.156, 4, 17434, 100
2026/09/29 11:13:23.156, 5, 17434, 100
2026/09/29 11:13:23.156, 6, 17434, 100
2026/09/29 11:13:23.156, 7, 17434, 100
2026/09/29 11:13:24.156, 0, 17434, 100
2026/09/29 11:13:24.157, 1, 17434, 100
2026/09/29 11:13:24.157, 2, 17434, 100
2026/09/29 11:13:24.157, 3, 17434, 100
2026/09/29 11:13:24.157, 4, 17434, 100
2026/09/29 11:13:24.157, 5, 17434, 99
2026/09/29 11:13:24.157, 6, 17434, 100
2026/09/29 11:13:24.157, 7, 17434, 100
2026/09/29 11:13:25.157, 0, 17434, 100
2026/09/29 11:13:25.158, 1, 17434, 100
2026/09/29 11:13:25.158, 2, 17434, 100
2026/09/29 11:13:25.158, 3, 17434, 100
2026/09/29 11:13:25.158, 4, 17434, 100
2026/09/29 11:13:25.158, 5, 17434, 100
2026/09/29 11:13:25.158, 6, 17434, 100
2026/09/29 11:13:25.158, 7, 17434, 100
2026/09/29 11:13:26.158, 0, 17434, 100
2026/09/29 11:13:26.158, 1, 17434, 100
2026/09/29 11:13:26.158, 2, 17434, 100
2026/09/29 11:13:26.158, 3, 17434, 100
2026/09/29 11:13:26.158, 4, 17434, 100
2026/09/29 11:13:26.158, 5, 17434, 100
2026/09/29 11:13:26.158, 6, 17434, 100
2026/09/29 11:13:26.159, 7, 17434, 100
2026/09/29 11:13:27.159, 0, 17434, 100
2026/09/29 11:13:27.159, 1, 17434, 100
2026/09/29 11:13:27.159, 2, 17434, 100
2026/09/29 11:13:27.159, 3, 17434, 100
2026/09/29 11:13:27.159, 4, 17434, 100
2026/09/29 11:13:27.159, 5, 17434, 100
2026/09/29 11:13:27.159, 6, 17434, 100
2026/09/29 11:13:27.159, 7, 17434, 100
2026/09/29 11:13:28.159, 0, 17434, 100
2026/09/29 11:13:28.159, 1, 17434, 100
2026/09/29 11:13:28.159, 2, 17434, 100
2026/09/29 11:13:28.159, 3, 17434, 100
2026/09/29 11:13:28.160, 4, 17434, 100
2026/09/29 11:13:28.160, 5, 17434, 100
2026/09/29 11:13:28.160, 6, 17434, 100
2026/09/29 11:13:28.160, 7, 17434, 100
2026/09/29 11:13:29.160, 0, 17434, 94
2026/09/29 11:13:29.160, 1, 17434, 96
2026/09/29 11:13:29.160, 2, 17434, 100
2026/09/29 11:13:29.160, 3, 17434, 98
2026/09/29 11:13:29.160, 4, 17434, 100
2026/09/29 11:13:29.160, 5, 17434, 100
2026/09/29 11:13:29.160, 6, 17434, 100
2026/09/29 11:13:29.160, 7, 17434, 100
2026/09/29 11:13:30.160, 0, 17434, 100
2026/09/29 11:13:30.161, 1, 17434, 100
2026/09/29 11:13:30.161, 2, 17434, 100
2026/09/29 11:13:30.161, 3, 17434, 100
2026/09/29 11:13:30.161, 4, 17434, 100
2026/09/29 11:13:30.161, 5, 17434, 100
2026/09/29 11:13:30.161, 6, 17434, 100
2026/09/29 11:13:30.161, 7, 17434, 100
2026/09/29 11:13:31.161, 0, 17434, 100
2026/09/29 11:13:31.161, 1, 17434, 100
2026/09/29 11:13:31.161, 2, 17434, 100
2026/09/29 11:13:31.161, 3, 17434, 100
2026/09/29 11:13:31.161, 4, 17434, 100
2026/09/29 11:13:31.161, 5, 17434, 100
2026/09/29 11:13:31.161, 6, 17434, 100
2026/09/29 11:13:31.161, 7, 17434, 100
2026/09/29 11:13:32.162, 0, 17434, 100
2026/09/29 11:13:32.162, 1, 17434, 100
2026/09/29 11:13:32.162, 2, 17434, 100
2026/09/29 11:13:32.162, 3, 17434, 100
2026/09/29 11:13:32.162, 4, 17434, 100
2026/09/29 11:13:32.162, 5, 17434, 100
2026/09/29 11:13:32.162, 6, 17434, 100
2026/09/29 11:13:32.162, 7, 17434, 100
2026/09/29 11:13:33.162, 0, 17434, 100
2026/09/29 11:13:33.162, 1, 17434, 100
2026/09/29 11:13:33.162, 2, 17434, 100
2026/09/29 11:13:33.162, 3, 17434, 100
2026/09/29 11:13:33.162, 4, 17434, 100
2026/09/29 11:13:33.162, 5, 17434, 100
2026/09/29 11:13:33.163, 6, 17434, 100
2026/09/29 11:13:33.163, 7, 17434, 100
2026/09/29 11:13:34.163, 0, 17434, 100
2026/09/29 11:13:34.163, 1, 17434, 100
2026/09/29 11:13:34.163, 2, 17434, 100
2026/09/29 11:13:34.163, 3, 17434, 100
2026/09/29 11:13:34.163, 4, 17434, 100
2026/09/29 11:13:34.164, 5, 17434, 100
2026/09/29 11:13:34.164, 6, 17434, 100
2026/09/29 11:13:34.164, 7, 17434, 100
2026/09/29 11:13:35.164, 0, 17434, 100
2026/09/29 11:13:35.164, 1, 17434, 100
2026/09/29 11:13:35.164, 2, 17434, 100
2026/09/29 11:13:35.164, 3, 17434, 100
2026/09/29 11:13:35.164, 4, 17434, 100
2026/09/29 11:13:35.164, 5, 17434, 100
2026/09/29 11:13:35.164, 6, 17434, 100
2026/09/29 11:13:35.164, 7, 17434, 100
2026/09/29 11:13:36.164, 0, 17434, 100
2026/09/29 11:13:36.164, 1, 17434, 100
2026/09/29 11:13:36.164, 2, 17434, 100
2026/09/29 11:13:36.164, 3, 17434, 100
2026/09/29 11:13:36.165, 4, 17434, 100
2026/09/29 11:13:36.165, 5, 17434, 100
2026/09/29 11:13:36.165, 6, 17434, 100
2026/09/29 11:13:36.165, 7, 17434, 100
2026/09/29 11:13:37.165, 0, 17434, 100
2026/09/29 11:13:37.165, 1, 17434, 100
2026/09/29 11:13:37.165, 2, 17434, 100
2026/09/29 11:13:37.165, 3, 17434, 100
2026/09/29 11:13:37.165, 4, 17434, 100
2026/09/29 11:13:37.165, 5, 17434, 100
2026/09/29 11:13:37.165, 6, 17434, 100
2026/09/29 11:13:37.165, 7, 17434, 100
2026/09/29 11:13:38.165, 0, 17434, 100
2026/09/29 11:13:38.165, 1, 17434, 100
2026/09/29 11:13:38.166, 2, 17434, 100
2026/09/29 11:13:38.166, 3, 17434, 100
2026/09/29 11:13:38.166, 4, 17434, 100
2026/09/29 11:13:38.166, 5, 17434, 100
2026/09/29 11:13:38.166, 6, 17434, 100
2026/09/29 11:13:38.166, 7, 17434, 100
2026/09/29 11:13:39.166, 0, 17434, 100
2026/09/29 11:13:39.166, 1, 17434, 100
2026/09/29 11:13:39.166, 2, 17434, 100
2026/09/29 11:13:39.166, 3, 17434, 100
2026/09/29 11:13:39.166, 4, 17434, 100
2026/09/29 11:13:39.166, 5, 17434, 100
2026/09/29 11:13:39.166, 6, 17434, 100
2026/09/29 11:13:39.167, 7, 17434, 100
2026/09/29 11:13:40.167, 0, 17434, 100
2026/09/29 11:13:40.167, 1, 17434, 100
2026/09/29 11:13:40.167, 2, 17434, 100
2026/09/29 11:13:40.167, 3, 17434, 100
2026/09/29 11:13:40.167, 4, 17434, 100
2026/09/29 11:13:40.167, 5, 17434, 100
2026/09/29 11:13:40.167, 6, 17434, 100
2026/09/29 11:13:40.167, 7, 17434, 100
2026/09/29 11:13:41.167, 0, 17434, 100
2026/09/29 11:13:41.167, 1, 17434, 100
2026/09/29 11:13:41.168, 2, 17434, 100
2026/09/29 11:13:41.168, 3, 17434, 100
2026/09/29 11:13:41.168, 4, 17434, 100
2026/09/29 11:13:41.168, 5, 17434, 100
2026/09/29 11:13:41.168, 6, 17434, 100
2026/09/29 11:13:41.168, 7, 17434, 100
2026/09/29 11:13:42.168, 0, 17434, 100
2026/09/29 11:13:42.168, 1, 17434, 100
2026/09/29 11:13:42.168, 2, 17434, 100
2026/09/29 11:13:42.168, 3, 17434, 100
2026/09/29 11:13:42.168, 4, 17434, 100
2026/09/29 11:13:42.168, 5, 17434, 100
2026/09/29 11:13:42.168, 6, 17434, 100
2026/09/29 11:13:42.168, 7, 17434, 100
2026/09/29 11:13:43.169, 0, 17434, 100
2026/09/29 11:13:43.169, 1, 17434, 100
2026/09/29 11:13:43.169, 2, 17434, 100
2026/09/29 11:13:43.169, 3, 17434, 100
2026/09/29 11:13:43.169, 4, 17434, 100
2026/09/29 11:13:43.169, 5, 17434, 100
2026/09/29 11:13:43.169, 6, 17434, 100
2026/09/29 11:13:43.169, 7, 17434, 100
2026/09/29 11:13:44.169, 0, 17434, 100
2026/09/29 11:13:44.169, 1, 17434, 100
2026/09/29 11:13:44.169, 2, 17434, 100
2026/09/29 11:13:44.169, 3, 17434, 100
2026/09/29 11:13:44.170, 4, 17434, 100
2026/09/29 11:13:44.170, 5, 17434, 100
2026/09/29 11:13:44.170, 6, 17434, 100
2026/09/29 11:13:44.170, 7, 17434, 100
2026/09/29 11:13:45.170, 0, 17434, 100
2026/09/29 11:13:45.170, 1, 17434, 95
2026/09/29 11:13:45.170, 2, 17434, 95
2026/09/29 11:13:45.170, 3, 17434, 100
2026/09/29 11:13:45.170, 4, 17434, 100
2026/09/29 11:13:45.170, 5, 17434, 100
2026/09/29 11:13:45.170, 6, 17434, 100
2026/09/29 11:13:45.170, 7, 17434, 100
2026/09/29 11:13:46.170, 0, 17434, 100
2026/09/29 11:13:46.171, 1, 17434, 100
2026/09/29 11:13:46.171, 2, 17434, 100
2026/09/29 11:13:46.171, 3, 17434, 100
2026/09/29 11:13:46.171, 4, 17434, 100
2026/09/29 11:13:46.171, 5, 17434, 100
2026/09/29 11:13:46.171, 6, 17434, 100
2026/09/29 11:13:46.171, 7, 17434, 100
2026/09/29 11:13:47.171, 0, 17434, 100
2026/09/29 11:13:47.171, 1, 17434, 100
2026/09/29 11:13:47.171, 2, 17434, 100
2026/09/29 11:13:47.171, 3, 17434, 100
2026/09/29 11:13:47.171, 4, 17434, 100
2026/09/29 11:13:47.171, 5, 17434, 100
2026/09/29 11:13:47.171, 6, 17434, 100
2026/09/29 11:13:47.171, 7, 17434, 100
2026/09/29 11:13:48.171, 0, 17434, 100
2026/09/29 11:13:48.172, 1, 17434, 100
2026/09/29 11:13:48.172, 2, 17434, 100
2026/09/29 11:13:48.172, 3, 17434, 100
2026/09/29 11:13:48.172, 4, 17434, 100
2026/09/29 11:13:48.172, 5, 17434, 100
2026/09/29 11:13:48.172, 6, 17434, 100
2026/09/29 11:13:48.172, 7, 17434, 100
2026/09/29 11:13:49.172, 0, 17434, 100
2026/09/29 11:13:49.172, 1, 17434, 100
2026/09/29 11:13:49.172, 2, 17434, 100
2026/09/29 11:13:49.172, 3, 17434, 100
2026/09/29 11:13:49.172, 4, 17434, 100
2026/09/29 11:13:49.172, 5, 17434, 100
2026/09/29 11:13:49.172, 6, 17434, 100
2026/09/29 11:13:49.173, 7, 17434, 100
2026/09/29 11:13:50.173, 0, 17434, 100
2026/09/29 11:13:50.173, 1, 17434, 100
2026/09/29 11:13:50.173, 2, 17434, 100
2026/09/29 11:13:50.173, 3, 17434, 100
2026/09/29 11:13:50.173, 4, 17434, 100
2026/09/29 11:13:50.173, 5, 17434, 100
2026/09/29 11:13:50.173, 6, 17434, 100
2026/09/29 11:13:50.173, 7, 17434, 100
2026/09/29 11:13:51.173, 0, 17434, 100
2026/09/29 11:13:51.173, 1, 17434, 100
2026/09/29 11:13:51.173, 2, 17434, 100
2026/09/29 11:13:51.173, 3, 17434, 100
2026/09/29 11:13:51.174, 4, 17434, 100
2026/09/29 11:13:51.174, 5, 17434, 100
2026/09/29 11:13:51.174, 6, 17434, 100
2026/09/29 11:13:51.174, 7, 17434, 100
2026/09/29 11:13:52.174, 0, 17434, 100
2026/09/29 11:13:52.174, 1, 17434, 100
2026/09/29 11:13:52.174, 2, 17434, 100
2026/09/29 11:13:52.174, 3, 17434, 100
2026/09/29 11:13:52.174, 4, 17434, 100
2026/09/29 11:13:52.174, 5, 17434, 100
2026/09/29 11:13:52.174, 6, 17434, 100
2026/09/29 11:13:52.174, 7, 17434, 100
2026/09/29 11:13:53.174, 0, 17434, 100
2026/09/29 11:13:53.174, 1, 17434, 100
2026/09/29 11:13:53.175, 2, 17434, 100
2026/09/29 11:13:53.175, 3, 17434, 100
2026/09/29 11:13:53.175, 4, 17434, 100
2026/09/29 11:13:53.175, 5, 17434, 100
2026/09/29 11:13:53.175, 6, 17434, 100
2026/09/29 11:13:53.175, 7, 17434, 100
2026/09/29 11:13:54.175, 0, 17434, 100
2026/09/29 11:13:54.175, 1, 17434, 100
2026/09/29 11:13:54.175, 2, 17434, 100
2026/09/29 11:13:54.175, 3, 17434, 100
2026/09/29 11:13:54.175, 4, 17434, 100
2026/09/29 11:13:54.175, 5, 17434, 100
2026/09/29 11:13:54.175, 6, 17434, 100
2026/09/29 11:13:54.175, 7, 17434, 100
2026/09/29 11:13:55.176, 0, 17434, 100
2026/09/29 11:13:55.176, 1, 17434, 100
2026/09/29 11:13:55.176, 2, 17434, 100
2026/09/29 11:13:55.176, 3, 17434, 100
2026/09/29 11:13:55.176, 4, 17434, 100
2026/09/29 11:13:55.176, 5, 17434, 100
2026/09/29 11:13:55.176, 6, 17434, 100
2026/09/29 11:13:55.176, 7, 17434, 100
2026/09/29 11:13:56.176, 0, 17434, 100
2026/09/29 11:13:56.176, 1, 17434, 100
2026/09/29 11:13:56.176, 2, 17434, 100
2026/09/29 11:13:56.176, 3, 17434, 100
2026/09/29 11:13:56.176, 4, 17434, 100
2026/09/29 11:13:56.176, 5, 17434, 100
2026/09/29 11:13:56.177, 6, 17434, 100
2026/09/29 11:13:56.177, 7, 17434, 99
2026/09/29 11:13:57.177, 0, 17434, 100
2026/09/29 11:13:57.177, 1, 17434, 100
2026/09/29 11:13:57.177, 2, 17434, 100
2026/09/29 11:13:57.177, 3, 17434, 100
2026/09/29 11:13:57.177, 4, 17434, 100
2026/09/29 11:13:57.177, 5, 17434, 100
2026/09/29 11:13:57.177, 6, 17434, 100
2026/09/29 11:13:57.177, 7, 17434, 100
2026/09/29 11:13:58.177, 0, 17434, 100
2026/09/29 11:13:58.177, 1, 17434, 100
2026/09/29 11:13:58.177, 2, 17434, 100
2026/09/29 11:13:58.178, 3, 17434, 100
2026/09/29 11:13:58.178, 4, 17434, 100
2026/09/29 11:13:58.178, 5, 17434, 100
2026/09/29 11:13:58.178, 6, 17434, 100
2026/09/29 11:13:58.178, 7, 17434, 100
2026/09/29 11:13:59.178, 0, 17434, 100
2026/09/29 11:13:59.178, 1, 17434, 100
2026/09/29 11:13:59.178, 2, 17434, 100
2026/09/29 11:13:59.178, 3, 17434, 100
2026/09/29 11:13:59.179, 4, 17434, 100
2026/09/29 11:13:59.179, 5, 17434, 100
2026/09/29 11:13:59.179, 6, 17434, 100
2026/09/29 11:13:59.179, 7, 17434, 100
2026/09/29 11:14:00.179, 0, 17434, 100
2026/09/29 11:14:00.179, 1, 17434, 100
2026/09/29 11:14:00.179, 2, 17434, 100
2026/09/29 11:14:00.179, 3, 17434, 100
2026/09/29 11:14:00.179, 4, 17434, 100
2026/09/29 11:14:00.179, 5, 17434, 100
2026/09/29 11:14:00.179, 6, 17434, 100
2026/09/29 11:14:00.179, 7, 17434, 100
2026/09/29 11:14:01.179, 0, 17434, 100
2026/09/29 11:14:01.179, 1, 17434, 99
2026/09/29 11:14:01.179, 2, 17434, 99
2026/09/29 11:14:01.179, 3, 17434, 100
2026/09/29 11:14:01.179, 4, 17434, 100
2026/09/29 11:14:01.180, 5, 17434, 98
2026/09/29 11:14:01.180, 6, 17434, 100
2026/09/29 11:14:01.180, 7, 17434, 100
2026/09/29 11:14:02.180, 0, 17434, 100
2026/09/29 11:14:02.180, 1, 17434, 100
2026/09/29 11:14:02.180, 2, 17434, 100
2026/09/29 11:14:02.180, 3, 17434, 100
2026/09/29 11:14:02.180, 4, 17434, 100
2026/09/29 11:14:02.180, 5, 17434, 100
2026/09/29 11:14:02.180, 6, 17434, 100
2026/09/29 11:14:02.180, 7, 17434, 100
2026/09/29 11:14:03.180, 0, 17434, 100
2026/09/29 11:14:03.181, 1, 17434, 100
2026/09/29 11:14:03.181, 2, 17434, 100
2026/09/29 11:14:03.181, 3, 17434, 100
2026/09/29 11:14:03.181, 4, 17434, 100
2026/09/29 11:14:03.181, 5, 17434, 100
2026/09/29 11:14:03.181, 6, 17434, 100
2026/09/29 11:14:03.181, 7, 17434, 100
2026/09/29 11:14:04.181, 0, 17434, 100
2026/09/29 11:14:04.181, 1, 17434, 100
2026/09/29 11:14:04.181, 2, 17434, 100
2026/09/29 11:14:04.181, 3, 17434, 100
2026/09/29 11:14:04.181, 4, 17434, 100
2026/09/29 11:14:04.181, 5, 17434, 100
2026/09/29 11:14:04.181, 6, 17434, 100
2026/09/29 11:14:04.181, 7, 17434, 100
2026/09/29 11:14:05.182, 0, 17434, 100
2026/09/29 11:14:05.182, 1, 17434, 100
2026/09/29 11:14:05.182, 2, 17434, 100
2026/09/29 11:14:05.182, 3, 17434, 100
2026/09/29 11:14:05.182, 4, 17434, 100
2026/09/29 11:14:05.182, 5, 17434, 100
2026/09/29 11:14:05.182, 6, 17434, 100
2026/09/29 11:14:05.182, 7, 17434, 100
2026/09/29 11:14:06.182, 0, 17434, 100
2026/09/29 11:14:06.182, 1, 17434, 100
2026/09/29 11:14:06.182, 2, 17434, 100
2026/09/29 11:14:06.182, 3, 17434, 100
2026/09/29 11:14:06.182, 4, 17434, 100
2026/09/29 11:14:06.183, 5, 17434, 100
2026/09/29 11:14:06.183, 6, 17434, 100
2026/09/29 11:14:06.183, 7, 17434, 100
2026/09/29 11:14:07.183, 0, 17434, 100
2026/09/29 11:14:07.183, 1, 17434, 100
2026/09/29 11:14:07.183, 2, 17434, 100
2026/09/29 11:14:07.183, 3, 17434, 100
2026/09/29 11:14:07.183, 4, 17434, 100
2026/09/29 11:14:07.183, 5, 17434, 100
2026/09/29 11:14:07.183, 6, 17434, 97
2026/09/29 11:14:07.183, 7, 17434, 100
2026/09/29 11:14:08.183, 0, 17434, 100
2026/09/29 11:14:08.183, 1, 17434, 100
2026/09/29 11:14:08.183, 2, 17434, 100
2026/09/29 11:14:08.183, 3, 17434, 100
2026/09/29 11:14:08.183, 4, 17434, 100
2026/09/29 11:14:08.183, 5, 17434, 100
2026/09/29 11:14:08.183, 6, 17434, 100
2026/09/29 11:14:08.183, 7, 17434, 100
2026/09/29 11:14:09.183, 0, 17434, 100
2026/09/29 11:14:09.184, 1, 17434, 100
2026/09/29 11:14:09.184, 2, 17434, 100
2026/09/29 11:14:09.184, 3, 17434, 100
2026/09/29 11:14:09.184, 4, 17434, 100
2026/09/29 11:14:09.184, 5, 17434, 100
2026/09/29 11:14:09.184, 6, 17434, 100
2026/09/29 11:14:09.184, 7, 17434, 100
2026/09/29 11:14:10.184, 0, 17434, 100
2026/09/29 11:14:10.184, 1, 17434, 100
2026/09/29 11:14:10.184, 2, 17434, 100
2026/09/29 11:14:10.184, 3, 17434, 100
2026/09/29 11:14:10.184, 4, 17434, 100
2026/09/29 11:14:10.184, 5, 17434, 100
2026/09/29 11:14:10.184, 6, 17434, 100
2026/09/29 11:14:10.184, 7, 17434, 100
2026/09/29 11:14:11.185, 0, 17434, 100
2026/09/29 11:14:11.185, 1, 17434, 100
2026/09/29 11:14:11.185, 2, 17434, 100
2026/09/29 11:14:11.185, 3, 17434, 100
2026/09/29 11:14:11.185, 4, 17434, 100
2026/09/29 11:14:11.185, 5, 17434, 100
2026/09/29 11:14:11.185, 6, 17434, 100
2026/09/29 11:14:11.185, 7, 17434, 100
2026/09/29 11:14:12.185, 0, 17434, 100
2026/09/29 11:14:12.185, 1, 17434, 100
2026/09/29 11:14:12.186, 2, 17434, 100
2026/09/29 11:14:12.186, 3, 17434, 100
2026/09/29 11:14:12.186, 4, 17434, 99
2026/09/29 11:14:12.186, 5, 17434, 100
2026/09/29 11:14:12.186, 6, 17434, 100
2026/09/29 11:14:12.186, 7, 17434, 96
2026/09/29 11:14:13.186, 0, 17434, 100
2026/09/29 11:14:13.186, 1, 17434, 100
2026/09/29 11:14:13.186, 2, 17434, 100
2026/09/29 11:14:13.186, 3, 17434, 100
2026/09/29 11:14:13.186, 4, 17434, 100
2026/09/29 11:14:13.186, 5, 17434, 100
2026/09/29 11:14:13.186, 6, 17434, 100
2026/09/29 11:14:13.187, 7, 17434, 100
2026/09/29 11:14:14.187, 0, 17434, 100
2026/09/29 11:14:14.187, 1, 17434, 100
2026/09/29 11:14:14.187, 2, 17434, 100
2026/09/29 11:14:14.187, 3, 17434, 100
2026/09/29 11:14:14.187, 4, 17434, 100
2026/09/29 11:14:14.187, 5, 17434, 100
2026/09/29 11:14:14.187, 6, 17434, 100
2026/09/29 11:14:14.187, 7, 17434, 100
2026/09/29 11:14:15.187, 0, 17434, 100
2026/09/29 11:14:15.187, 1, 17434, 100
2026/09/29 11:14:15.187, 2, 17434, 100
2026/09/29 11:14:15.187, 3, 17434, 100
2026/09/29 11:14:15.187, 4, 17434, 100
2026/09/29 11:14:15.187, 5, 17434, 100
2026/09/29 11:14:15.187, 6, 17434, 100
2026/09/29 11:14:15.187, 7, 17434, 100
2026/09/29 11:14:16.187, 0, 17434, 100
2026/09/29 11:14:16.187, 1, 17434, 100
2026/09/29 11:14:16.188, 2, 17434, 100
2026/09/29 11:14:16.188, 3, 17434, 100
2026/09/29 11:14:16.188, 4, 17434, 100
2026/09/29 11:14:16.188, 5, 17434, 100
2026/09/29 11:14:16.188, 6, 17434, 100
2026/09/29 11:14:16.188, 7, 17434, 100
2026/09/29 11:14:17.188, 0, 17434, 100
2026/09/29 11:14:17.188, 1, 17434, 100
2026/09/29 11:14:17.188, 2, 17434, 100
2026/09/29 11:14:17.188, 3, 17434, 100
2026/09/29 11:14:17.188, 4, 17434, 100
2026/09/29 11:14:17.188, 5, 17434, 97
2026/09/29 11:14:17.188, 6, 17434, 100
2026/09/29 11:14:17.188, 7, 17434, 100
2026/09/29 11:14:18.189, 0, 17434, 100
2026/09/29 11:14:18.189, 1, 17434, 100
2026/09/29 11:14:18.189, 2, 17434, 100
2026/09/29 11:14:18.189, 3, 17434, 100
2026/09/29 11:14:18.189, 4, 17434, 100
2026/09/29 11:14:18.189, 5, 17434, 100
2026/09/29 11:14:18.189, 6, 17434, 100
2026/09/29 11:14:18.189, 7, 17434, 100
2026/09/29 11:14:19.189, 0, 17434, 100
2026/09/29 11:14:19.189, 1, 17434, 100
2026/09/29 11:14:19.189, 2, 17434, 100
2026/09/29 11:14:19.189, 3, 17434, 100
2026/09/29 11:14:19.189, 4, 17434, 100
2026/09/29 11:14:19.189, 5, 17434, 100
2026/09/29 11:14:19.189, 6, 17434, 100
2026/09/29 11:14:19.190, 7, 17434, 100
2026/09/29 11:14:20.190, 0, 17434, 100
2026/09/29 11:14:20.190, 1, 17434, 100
2026/09/29 11:14:20.190, 2, 17434, 100
2026/09/29 11:14:20.190, 3, 17434, 100
2026/09/29 11:14:20.190, 4, 17434, 100
2026/09/29 11:14:20.190, 5, 17434, 100
2026/09/29 11:14:20.190, 6, 17434, 100
2026/09/29 11:14:20.190, 7, 17434, 100
2026/09/29 11:14:21.190, 0, 17434, 100
2026/09/29 11:14:21.191, 1, 17434, 100
2026/09/29 11:14:21.192, 2, 17434, 100
2026/09/29 11:14:21.192, 3, 17434, 100
2026/09/29 11:14:21.192, 4, 17434, 100
2026/09/29 11:14:21.192, 5, 17434, 100
2026/09/29 11:14:21.192, 6, 17434, 100
2026/09/29 11:14:21.192, 7, 17434, 100
2026/09/29 11:14:22.192, 0, 17434, 100
2026/09/29 11:14:22.193, 1, 17434, 100
2026/09/29 11:14:22.193, 2, 17434, 100
2026/09/29 11:14:22.193, 3, 17434, 96
2026/09/29 11:14:22.193, 4, 17434, 100
2026/09/29 11:14:22.193, 5, 17434, 100
2026/09/29 11:14:22.193, 6, 17434, 100
2026/09/29 11:14:22.193, 7, 17434, 100
2026/09/29 11:14:23.193, 0, 17434, 100
2026/09/29 11:14:23.193, 1, 17434, 100
2026/09/29 11:14:23.193, 2, 17434, 100
2026/09/29 11:14:23.193, 3, 17434, 100
2026/09/29 11:14:23.193, 4, 17434, 100
2026/09/29 11:14:23.193, 5, 17434, 100
2026/09/29 11:14:23.193, 6, 17434, 96
2026/09/29 11:14:23.193, 7, 17434, 100
2026/09/29 11:14:24.193, 0, 17434, 100
2026/09/29 11:14:24.194, 1, 17434, 100
2026/09/29 11:14:24.194, 2, 17434, 100
2026/09/29 11:14:24.194, 3, 17434, 100
2026/09/29 11:14:24.194, 4, 17434, 100
2026/09/29 11:14:24.194, 5, 17434, 100
2026/09/29 11:14:24.194, 6, 17434, 100
2026/09/29 11:14:24.194, 7, 17434, 100
2026/09/29 11:14:25.194, 0, 17434, 100
2026/09/29 11:14:25.194, 1, 17434, 100
2026/09/29 11:14:25.194, 2, 17434, 100
2026/09/29 11:14:25.194, 3, 17434, 100
2026/09/29 11:14:25.194, 4, 17434, 100
2026/09/29 11:14:25.194, 5, 17434, 100
2026/09/29 11:14:25.194, 6, 17434, 100
2026/09/29 11:14:25.195, 7, 17434, 100
2026/09/29 11:14:26.195, 0, 17434, 100
2026/09/29 11:14:26.195, 1, 17434, 100
2026/09/29 11:14:26.195, 2, 17434, 100
2026/09/29 11:14:26.195, 3, 17434, 100
2026/09/29 11:14:26.195, 4, 17434, 100
2026/09/29 11:14:26.195, 5, 17434, 100
2026/09/29 11:14:26.195, 6, 17434, 100
2026/09/29 11:14:26.195, 7, 17434, 100
2026/09/29 11:14:27.195, 0, 17434, 100
2026/09/29 11:14:27.195, 1, 17434, 100
2026/09/29 11:14:27.195, 2, 17434, 100
2026/09/29 11:14:27.195, 3, 17434, 100
2026/09/29 11:14:27.195, 4, 17434, 100
2026/09/29 11:14:27.195, 5, 17434, 100
2026/09/29 11:14:27.195, 6, 17434, 100
2026/09/29 11:14:27.195, 7, 17434, 100
2026/09/29 11:14:28.195, 0, 17434, 100
2026/09/29 11:14:28.195, 1, 17434, 100
2026/09/29 11:14:28.195, 2, 17434, 100
2026/09/29 11:14:28.196, 3, 17434, 100
2026/09/29 11:14:28.196, 4, 17434, 96
2026/09/29 11:14:28.196, 5, 17434, 100
2026/09/29 11:14:28.196, 6, 17434, 100
2026/09/29 11:14:28.196, 7, 17434, 95
2026/09/29 11:14:29.196, 0, 17434, 100
2026/09/29 11:14:29.196, 1, 17434, 100
2026/09/29 11:14:29.197, 2, 17434, 100
2026/09/29 11:14:29.197, 3, 17434, 100
2026/09/29 11:14:29.197, 4, 17434, 100
2026/09/29 11:14:29.197, 5, 17434, 100
2026/09/29 11:14:29.197, 6, 17434, 100
2026/09/29 11:14:29.197, 7, 17434, 100
2026/09/29 11:14:30.197, 0, 17434, 100
2026/09/29 11:14:30.197, 1, 17434, 100
2026/09/29 11:14:30.197, 2, 17434, 100
2026/09/29 11:14:30.197, 3, 17434, 100
2026/09/29 11:14:30.197, 4, 17434, 100
2026/09/29 11:14:30.197, 5, 17434, 100
2026/09/29 11:14:30.197, 6, 17434, 100
2026/09/29 11:14:30.197, 7, 17434, 100
2026/09/29 11:14:31.197, 0, 17434, 100
2026/09/29 11:14:31.198, 1, 17434, 100
2026/09/29 11:14:31.198, 2, 17434, 100
2026/09/29 11:14:31.198, 3, 17434, 100
2026/09/29 11:14:31.198, 4, 17434, 100
2026/09/29 11:14:31.198, 5, 17434, 100
2026/09/29 11:14:31.198, 6, 17434, 100
2026/09/29 11:14:31.198, 7, 17434, 100
2026/09/29 11:14:32.198, 0, 17434, 100
2026/09/29 11:14:32.198, 1, 17434, 100
2026/09/29 11:14:32.198, 2, 17434, 100
2026/09/29 11:14:32.198, 3, 17434, 100
2026/09/29 11:14:32.198, 4, 17434, 100
2026/09/29 11:14:32.198, 5, 17434, 100
2026/09/29 11:14:32.198, 6, 17434, 100
2026/09/29 11:14:32.198, 7, 17434, 100
2026/09/29 11:14:33.199, 0, 17434, 100
2026/09/29 11:14:33.199, 1, 17434, 100
2026/09/29 11:14:33.199, 2, 17434, 100
2026/09/29 11:14:33.199, 3, 17434, 100
2026/09/29 11:14:33.199, 4, 17434, 100
2026/09/29 11:14:33.199, 5, 17434, 95
2026/09/29 11:14:33.199, 6, 17434, 100
2026/09/29 11:14:33.199, 7, 17434, 100
2026/09/29 11:14:34.199, 0, 17434, 100
2026/09/29 11:14:34.199, 1, 17434, 100
2026/09/29 11:14:34.199, 2, 17434, 100
2026/09/29 11:14:34.199, 3, 17434, 100
2026/09/29 11:14:34.199, 4, 17434, 100
2026/09/29 11:14:34.199, 5, 17434, 100
2026/09/29 11:14:34.199, 6, 17434, 100
2026/09/29 11:14:34.200, 7, 17434, 100
2026/09/29 11:14:35.200, 0, 17434, 100
2026/09/29 11:14:35.200, 1, 17434, 100
2026/09/29 11:14:35.200, 2, 17434, 100
2026/09/29 11:14:35.200, 3, 17434, 100
2026/09/29 11:14:35.200, 4, 17434, 100
2026/09/29 11:14:35.200, 5, 17434, 100
2026/09/29 11:14:35.200, 6, 17434, 100
2026/09/29 11:14:35.200, 7, 17434, 100
2026/09/29 11:14:36.200, 0, 17434, 100
2026/09/29 11:14:36.200, 1, 17434, 100
2026/09/29 11:14:36.200, 2, 17434, 100
2026/09/29 11:14:36.200, 3, 17434, 100
2026/09/29 11:14:36.201, 4, 17434, 100
2026/09/29 11:14:36.201, 5, 17434, 100
2026/09/29 11:14:36.201, 6, 17434, 100
2026/09/29 11:14:36.201, 7, 17434, 100
2026/09/29 11:14:37.201, 0, 17434, 100
2026/09/29 11:14:37.201, 1, 17434, 100
2026/09/29 11:14:37.201, 2, 17434, 100
2026/09/29 11:14:37.201, 3, 17434, 100
2026/09/29 11:14:37.201, 4, 17434, 100
2026/09/29 11:14:37.201, 5, 17434, 100
2026/09/29 11:14:37.201, 6, 17434, 100
2026/09/29 11:14:37.201, 7, 17434, 100
2026/09/29 11:14:38.201, 0, 17434, 100
2026/09/29 11:14:38.201, 1, 17434, 100
2026/09/29 11:14:38.202, 2, 17434, 100
2026/09/29 11:14:38.202, 3, 17434, 95
2026/09/29 11:14:38.202, 4, 17434, 100
2026/09/29 11:14:38.202, 5, 17434, 100
2026/09/29 11:14:38.202, 6, 17434, 100
2026/09/29 11:14:38.202, 7, 17434, 100
2026/09/29 11:14:39.202, 0, 17434, 100
2026/09/29 11:14:39.202, 1, 17434, 100
2026/09/29 11:14:39.202, 2, 17434, 100
2026/09/29 11:14:39.202, 3, 17434, 100
2026/09/29 11:14:39.202, 4, 17434, 100
2026/09/29 11:14:39.202, 5, 17434, 100
2026/09/29 11:14:39.202, 6, 17434, 98
2026/09/29 11:14:39.202, 7, 17434, 100
2026/09/29 11:14:40.203, 0, 17434, 100
2026/09/29 11:14:40.203, 1, 17434, 100
2026/09/29 11:14:40.203, 2, 17434, 100
2026/09/29 11:14:40.203, 3, 17434, 100
2026/09/29 11:14:40.203, 4, 17434, 100
2026/09/29 11:14:40.203, 5, 17434, 100
2026/09/29 11:14:40.203, 6, 17434, 100
2026/09/29 11:14:40.203, 7, 17434, 100
2026/09/29 11:14:41.203, 0, 17434, 100
2026/09/29 11:14:41.203, 1, 17434, 100
2026/09/29 11:14:41.203, 2, 17434, 100
2026/09/29 11:14:41.203, 3, 17434, 100
2026/09/29 11:14:41.203, 4, 17434, 100
2026/09/29 11:14:41.203, 5, 17434, 100
2026/09/29 11:14:41.203, 6, 17434, 100
2026/09/29 11:14:41.203, 7, 17434, 100
2026/09/29 11:14:42.203, 0, 17434, 100
2026/09/29 11:14:42.204, 1, 17434, 100
2026/09/29 11:14:42.204, 2, 17434, 100
2026/09/29 11:14:42.204, 3, 17434, 100
2026/09/29 11:14:42.204, 4, 17434, 100
2026/09/29 11:14:42.204, 5, 17434, 100
2026/09/29 11:14:42.204, 6, 17434, 100
2026/09/29 11:14:42.204, 7, 17434, 100
2026/09/29 11:14:43.204, 0, 17434, 100
2026/09/29 11:14:43.204, 1, 17434, 100
2026/09/29 11:14:43.204, 2, 17434, 100
2026/09/29 11:14:43.204, 3, 17434, 100
2026/09/29 11:14:43.204, 4, 17434, 100
2026/09/29 11:14:43.204, 5, 17434, 100
2026/09/29 11:14:43.204, 6, 17434, 100
2026/09/29 11:14:43.204, 7, 17434, 100
2026/09/29 11:14:44.204, 0, 17434, 100
2026/09/29 11:14:44.205, 1, 17434, 100
2026/09/29 11:14:44.205, 2, 17434, 100
2026/09/29 11:14:44.205, 3, 17434, 100
2026/09/29 11:14:44.205, 4, 17434, 98
2026/09/29 11:14:44.205, 5, 17434, 100
2026/09/29 11:14:44.205, 6, 17434, 100
2026/09/29 11:14:44.205, 7, 17434, 100
2026/09/29 11:14:45.205, 0, 17434, 100
2026/09/29 11:14:45.205, 1, 17434, 100
2026/09/29 11:14:45.205, 2, 17434, 100
2026/09/29 11:14:45.205, 3, 17434, 100
2026/09/29 11:14:45.205, 4, 17434, 100
2026/09/29 11:14:45.206, 5, 17434, 100
2026/09/29 11:14:45.206, 6, 17434, 100
2026/09/29 11:14:45.206, 7, 17434, 100
2026/09/29 11:14:46.206, 0, 17434, 100
2026/09/29 11:14:46.206, 1, 17434, 100
2026/09/29 11:14:46.206, 2, 17434, 100
2026/09/29 11:14:46.206, 3, 17434, 100
2026/09/29 11:14:46.206, 4, 17434, 100
2026/09/29 11:14:46.206, 5, 17434, 100
2026/09/29 11:14:46.206, 6, 17434, 100
2026/09/29 11:14:46.206, 7, 17434, 100
2026/09/29 11:14:47.206, 0, 17434, 100
2026/09/29 11:14:47.207, 1, 17434, 100
2026/09/29 11:14:47.207, 2, 17434, 100
2026/09/29 11:14:47.207, 3, 17434, 100
2026/09/29 11:14:47.207, 4, 17434, 100
2026/09/29 11:14:47.207, 5, 17434, 100
2026/09/29 11:14:47.207, 6, 17434, 100
2026/09/29 11:14:47.207, 7, 17434, 100
2026/09/29 11:14:48.207, 0, 17434, 100
2026/09/29 11:14:48.207, 1, 17434, 100
2026/09/29 11:14:48.207, 2, 17434, 100
2026/09/29 11:14:48.207, 3, 17434, 100
2026/09/29 11:14:48.207, 4, 17434, 100
2026/09/29 11:14:48.207, 5, 17434, 100
2026/09/29 11:14:48.207, 6, 17434, 100
2026/09/29 11:14:48.207, 7, 17434, 100
2026/09/29 11:14:49.208, 0, 17434, 100
2026/09/29 11:14:49.208, 1, 17434, 100
2026/09/29 11:14:49.208, 2, 17434, 100
2026/09/29 11:14:49.208, 3, 17434, 100
2026/09/29 11:14:49.208, 4, 17434, 100
2026/09/29 11:14:49.208, 5, 17434, 100
2026/09/29 11:14:49.208, 6, 17434, 100
2026/09/29 11:14:49.208, 7, 17434, 100
2026/09/29 11:14:50.208, 0, 17434, 100
2026/09/29 11:14:50.208, 1, 17434, 100
2026/09/29 11:14:50.208, 2, 17434, 100
2026/09/29 11:14:50.208, 3, 17434, 100
2026/09/29 11:14:50.208, 4, 17434, 100
2026/09/29 11:14:50.208, 5, 17434, 100
2026/09/29 11:14:50.208, 6, 17434, 100
2026/09/29 11:14:50.208, 7, 17434, 100
2026/09/29 11:14:51.209, 0, 17434, 100
2026/09/29 11:14:51.209, 1, 17434, 100
2026/09/29 11:14:51.210, 2, 17434, 100
2026/09/29 11:14:51.214, 3, 17434, 100
2026/09/29 11:14:51.215, 4, 17434, 100
2026/09/29 11:14:51.215, 5, 17434, 100
2026/09/29 11:14:51.215, 6, 17434, 100
2026/09/29 11:14:51.215, 7, 17434, 100
2026/09/29 11:14:52.215, 0, 17434, 100
2026/09/29 11:14:52.215, 1, 17434, 100
2026/09/29 11:14:52.215, 2, 17434, 100
2026/09/29 11:14:52.215, 3, 17434, 100
2026/09/29 11:14:52.215, 4, 17434, 100
2026/09/29 11:14:52.215, 5, 17434, 100
2026/09/29 11:14:52.215, 6, 17434, 100
2026/09/29 11:14:52.215, 7, 17434, 100
2026/09/29 11:14:53.215, 0, 17434, 100
2026/09/29 11:14:53.215, 1, 17434, 100
2026/09/29 11:14:53.215, 2, 17434, 100
2026/09/29 11:14:53.216, 3, 17434, 100
2026/09/29 11:14:53.216, 4, 17434, 100
2026/09/29 11:14:53.216, 5, 17434, 100
2026/09/29 11:14:53.216, 6, 17434, 100
2026/09/29 11:14:53.216, 7, 17434, 100
2026/09/29 11:14:54.216, 0, 17434, 95
2026/09/29 11:14:54.216, 1, 17434, 96
2026/09/29 11:14:54.216, 2, 17434, 96
2026/09/29 11:14:54.216, 3, 17434, 98
2026/09/29 11:14:54.216, 4, 17434, 100
2026/09/29 11:14:54.216, 5, 17434, 100
2026/09/29 11:14:54.216, 6, 17434, 100
2026/09/29 11:14:54.216, 7, 17434, 100
2026/09/29 11:14:55.216, 0, 17434, 100
2026/09/29 11:14:55.216, 1, 17434, 100
2026/09/29 11:14:55.216, 2, 17434, 100
2026/09/29 11:14:55.217, 3, 17434, 100
2026/09/29 11:14:55.217, 4, 17434, 100
2026/09/29 11:14:55.217, 5, 17434, 100
2026/09/29 11:14:55.217, 6, 17434, 100
2026/09/29 11:14:55.217, 7, 17434, 100
2026/09/29 11:14:56.217, 0, 17434, 100
2026/09/29 11:14:56.217, 1, 17434, 100
2026/09/29 11:14:56.217, 2, 17434, 100
2026/09/29 11:14:56.217, 3, 17434, 100
2026/09/29 11:14:56.217, 4, 17434, 100
2026/09/29 11:14:56.217, 5, 17434, 100
2026/09/29 11:14:56.217, 6, 17434, 100
2026/09/29 11:14:56.217, 7, 17434, 100
2026/09/29 11:14:57.217, 0, 17434, 100
2026/09/29 11:14:57.217, 1, 17434, 100
2026/09/29 11:14:57.217, 2, 17434, 100
2026/09/29 11:14:57.217, 3, 17434, 100
2026/09/29 11:14:57.217, 4, 17434, 100
2026/09/29 11:14:57.218, 5, 17434, 100
2026/09/29 11:14:57.218, 6, 17434, 100
2026/09/29 11:14:57.218, 7, 17434, 100
2026/09/29 11:14:58.218, 0, 17434, 100
2026/09/29 11:14:58.218, 1, 17434, 100
2026/09/29 11:14:58.218, 2, 17434, 100
2026/09/29 11:14:58.218, 3, 17434, 100
2026/09/29 11:14:58.218, 4, 17434, 100
2026/09/29 11:14:58.218, 5, 17434, 100
2026/09/29 11:14:58.218, 6, 17434, 100
2026/09/29 11:14:58.218, 7, 17434, 100
2026/09/29 11:14:59.218, 0, 17434, 100
2026/09/29 11:14:59.218, 1, 17434, 100
2026/09/29 11:14:59.218, 2, 17434, 100
2026/09/29 11:14:59.218, 3, 17434, 100
2026/09/29 11:14:59.218, 4, 17434, 100
2026/09/29 11:14:59.219, 5, 17434, 100
2026/09/29 11:14:59.219, 6, 17434, 100
2026/09/29 11:14:59.219, 7, 17434, 100
2026/09/29 11:15:00.219, 0, 17434, 100
2026/09/29 11:15:00.219, 1, 17434, 100
2026/09/29 11:15:00.219, 2, 17434, 100
2026/09/29 11:15:00.219, 3, 17434, 100
2026/09/29 11:15:00.219, 4, 17434, 100
2026/09/29 11:15:00.219, 5, 17434, 100
2026/09/29 11:15:00.219, 6, 17434, 100
2026/09/29 11:15:00.219, 7, 17434, 100
2026/09/29 11:15:01.219, 0, 17434, 100
2026/09/29 11:15:01.219, 1, 17434, 100
2026/09/29 11:15:01.219, 2, 17434, 100
2026/09/29 11:15:01.219, 3, 17434, 100
2026/09/29 11:15:01.220, 4, 17434, 100
2026/09/29 11:15:01.220, 5, 17434, 100
2026/09/29 11:15:01.220, 6, 17434, 100
2026/09/29 11:15:01.220, 7, 17434, 100
2026/09/29 11:15:02.220, 0, 17434, 100
2026/09/29 11:15:02.220, 1, 17434, 100
2026/09/29 11:15:02.220, 2, 17434, 100
2026/09/29 11:15:02.220, 3, 17434, 100
2026/09/29 11:15:02.220, 4, 17434, 100
2026/09/29 11:15:02.220, 5, 17434, 100
2026/09/29 11:15:02.220, 6, 17434, 100
2026/09/29 11:15:02.220, 7, 17434, 100
2026/09/29 11:15:03.220, 0, 17434, 100
2026/09/29 11:15:03.221, 1, 17434, 100
2026/09/29 11:15:03.221, 2, 17434, 100
2026/09/29 11:15:03.221, 3, 17434, 100
2026/09/29 11:15:03.221, 4, 17434, 100
2026/09/29 11:15:03.221, 5, 17434, 100
2026/09/29 11:15:03.221, 6, 17434, 100
2026/09/29 11:15:03.221, 7, 17434, 100
2026/09/29 11:15:04.221, 0, 17434, 100
2026/09/29 11:15:04.221, 1, 17434, 100
2026/09/29 11:15:04.221, 2, 17434, 100
2026/09/29 11:15:04.221, 3, 17434, 100
2026/09/29 11:15:04.221, 4, 17434, 100
2026/09/29 11:15:04.221, 5, 17434, 100
2026/09/29 11:15:04.221, 6, 17434, 100
2026/09/29 11:15:04.221, 7, 17434, 100
2026/09/29 11:15:05.221, 0, 17434, 100
2026/09/29 11:15:05.222, 1, 17434, 100
2026/09/29 11:15:05.222, 2, 17434, 100
2026/09/29 11:15:05.222, 3, 17434, 100
2026/09/29 11:15:05.222, 4, 17434, 100
2026/09/29 11:15:05.222, 5, 17434, 100
2026/09/29 11:15:05.222, 6, 17434, 100
2026/09/29 11:15:05.222, 7, 17434, 96
2026/09/29 11:15:06.222, 0, 17434, 100
2026/09/29 11:15:06.222, 1, 17434, 100
2026/09/29 11:15:06.222, 2, 17434, 100
2026/09/29 11:15:06.222, 3, 17434, 100
2026/09/29 11:15:06.222, 4, 17434, 100
2026/09/29 11:15:06.222, 5, 17434, 100
2026/09/29 11:15:06.222, 6, 17434, 100
2026/09/29 11:15:06.222, 7, 17434, 100
2026/09/29 11:15:07.223, 0, 17434, 100
2026/09/29 11:15:07.223, 1, 17434, 100
2026/09/29 11:15:07.223, 2, 17434, 100
2026/09/29 11:15:07.223, 3, 17434, 100
2026/09/29 11:15:07.223, 4, 17434, 100
2026/09/29 11:15:07.223, 5, 17434, 100
2026/09/29 11:15:07.223, 6, 17434, 100
2026/09/29 11:15:07.223, 7, 17434, 100
2026/09/29 11:15:08.223, 0, 17434, 100
2026/09/29 11:15:08.223, 1, 17434, 100
2026/09/29 11:15:08.223, 2, 17434, 100
2026/09/29 11:15:08.223, 3, 17434, 100
2026/09/29 11:15:08.223, 4, 17434, 100
2026/09/29 11:15:08.223, 5, 17434, 100
2026/09/29 11:15:08.223, 6, 17434, 100
2026/09/29 11:15:08.223, 7, 17434, 100
2026/09/29 11:15:09.224, 0, 17434, 100
2026/09/29 11:15:09.224, 1, 17434, 100
2026/09/29 11:15:09.224, 2, 17434, 100
2026/09/29 11:15:09.224, 3, 17434, 100
2026/09/29 11:15:09.224, 4, 17434, 100
2026/09/29 11:15:09.224, 5, 17434, 100
2026/09/29 11:15:09.224, 6, 17434, 100
2026/09/29 11:15:09.224, 7, 17434, 100
2026/09/29 11:15:10.224, 0, 17434, 100
2026/09/29 11:15:10.224, 1, 17434, 98
2026/09/29 11:15:10.224, 2, 17434, 98
2026/09/29 11:15:10.224, 3, 17434, 100
2026/09/29 11:15:10.224, 4, 17434, 100
2026/09/29 11:15:10.224, 5, 17434, 95
2026/09/29 11:15:10.224, 6, 17434, 100
2026/09/29 11:15:10.224, 7, 17434, 100
2026/09/29 11:15:11.225, 0, 17434, 100
2026/09/29 11:15:11.225, 1, 17434, 100
2026/09/29 11:15:11.225, 2, 17434, 100
2026/09/29 11:15:11.225, 3, 17434, 100
2026/09/29 11:15:11.225, 4, 17434, 100
2026/09/29 11:15:11.225, 5, 17434, 100
2026/09/29 11:15:11.225, 6, 17434, 100
2026/09/29 11:15:11.225, 7, 17434, 100
2026/09/29 11:15:12.225, 0, 17434, 100
2026/09/29 11:15:12.225, 1, 17434, 100
2026/09/29 11:15:12.225, 2, 17434, 100
2026/09/29 11:15:12.225, 3, 17434, 100
2026/09/29 11:15:12.225, 4, 17434, 100
2026/09/29 11:15:12.225, 5, 17434, 100
2026/09/29 11:15:12.225, 6, 17434, 100
2026/09/29 11:15:12.225, 7, 17434, 100
2026/09/29 11:15:13.226, 0, 17434, 100
2026/09/29 11:15:13.226, 1, 17434, 100
2026/09/29 11:15:13.226, 2, 17434, 100
2026/09/29 11:15:13.226, 3, 17434, 100
2026/09/29 11:15:13.226, 4, 17434, 100
2026/09/29 11:15:13.226, 5, 17434, 100
2026/09/29 11:15:13.226, 6, 17434, 100
2026/09/29 11:15:13.226, 7, 17434, 100
2026/09/29 11:15:14.226, 0, 17434, 100
2026/09/29 11:15:14.226, 1, 17434, 100
2026/09/29 11:15:14.226, 2, 17434, 100
2026/09/29 11:15:14.226, 3, 17434, 100
2026/09/29 11:15:14.226, 4, 17434, 100
2026/09/29 11:15:14.226, 5, 17434, 100
2026/09/29 11:15:14.226, 6, 17434, 100
2026/09/29 11:15:14.226, 7, 17434, 100
2026/09/29 11:15:15.226, 0, 17434, 100
2026/09/29 11:15:15.227, 1, 17434, 100
2026/09/29 11:15:15.227, 2, 17434, 100
2026/09/29 11:15:15.227, 3, 17434, 100
2026/09/29 11:15:15.227, 4, 17434, 100
2026/09/29 11:15:15.227, 5, 17434, 100
2026/09/29 11:15:15.227, 6, 17434, 100
2026/09/29 11:15:15.227, 7, 17434, 100
2026/09/29 11:15:16.227, 0, 17434, 100
2026/09/29 11:15:16.227, 1, 17434, 100
2026/09/29 11:15:16.227, 2, 17434, 100
2026/09/29 11:15:16.227, 3, 17434, 100
2026/09/29 11:15:16.227, 4, 17434, 100
2026/09/29 11:15:16.227, 5, 17434, 100
2026/09/29 11:15:16.227, 6, 17434, 97
2026/09/29 11:15:16.227, 7, 17434, 100
2026/09/29 11:15:17.228, 0, 17434, 100
2026/09/29 11:15:17.228, 1, 17434, 100
2026/09/29 11:15:17.228, 2, 17434, 100
2026/09/29 11:15:17.228, 3, 17434, 100
2026/09/29 11:15:17.228, 4, 17434, 100
2026/09/29 11:15:17.228, 5, 17434, 100
2026/09/29 11:15:17.228, 6, 17434, 100
2026/09/29 11:15:17.228, 7, 17434, 100
2026/09/29 11:15:18.228, 0, 17434, 100
2026/09/29 11:15:18.228, 1, 17434, 100
2026/09/29 11:15:18.228, 2, 17434, 100
2026/09/29 11:15:18.228, 3, 17434, 100
2026/09/29 11:15:18.228, 4, 17434, 100
2026/09/29 11:15:18.228, 5, 17434, 100
2026/09/29 11:15:18.229, 6, 17434, 100
2026/09/29 11:15:18.229, 7, 17434, 100
2026/09/29 11:15:19.229, 0, 17434, 100
2026/09/29 11:15:19.229, 1, 17434, 100
2026/09/29 11:15:19.229, 2, 17434, 100
2026/09/29 11:15:19.229, 3, 17434, 100
2026/09/29 11:15:19.229, 4, 17434, 100
2026/09/29 11:15:19.229, 5, 17434, 100
2026/09/29 11:15:19.229, 6, 17434, 100
2026/09/29 11:15:19.229, 7, 17434, 100
2026/09/29 11:15:20.229, 0, 17434, 100
2026/09/29 11:15:20.230, 1, 17434, 100
2026/09/29 11:15:20.230, 2, 17434, 100
2026/09/29 11:15:20.230, 3, 17434, 100
2026/09/29 11:15:20.230, 4, 17434, 100
2026/09/29 11:15:20.230, 5, 17434, 100
2026/09/29 11:15:20.230, 6, 17434, 100
2026/09/29 11:15:20.230, 7, 17434, 100
2026/09/29 11:15:21.230, 0, 17434, 100
2026/09/29 11:15:21.230, 1, 17434, 100
2026/09/29 11:15:21.231, 2, 17434, 100
2026/09/29 11:15:21.231, 3, 17434, 100
2026/09/29 11:15:21.231, 4, 17434, 100
2026/09/29 11:15:21.231, 5, 17434, 100
2026/09/29 11:15:21.231, 6, 17434, 100
2026/09/29 11:15:21.231, 7, 17434, 99
2026/09/29 11:15:22.231, 0, 17434, 100
2026/09/29 11:15:22.231, 1, 17434, 100
2026/09/29 11:15:22.231, 2, 17434, 100
2026/09/29 11:15:22.231, 3, 17434, 100
2026/09/29 11:15:22.231, 4, 17434, 100
2026/09/29 11:15:22.231, 5, 17434, 100
2026/09/29 11:15:22.231, 6, 17434, 100
2026/09/29 11:15:22.231, 7, 17434, 100
2026/09/29 11:15:23.231, 0, 17434, 100
2026/09/29 11:15:23.231, 1, 17434, 100
2026/09/29 11:15:23.231, 2, 17434, 100
2026/09/29 11:15:23.231, 3, 17434, 100
2026/09/29 11:15:23.231, 4, 17434, 100
2026/09/29 11:15:23.231, 5, 17434, 100
2026/09/29 11:15:23.231, 6, 17434, 100
2026/09/29 11:15:23.231, 7, 17434, 100
2026/09/29 11:15:24.231, 0, 17434, 100
2026/09/29 11:15:24.232, 1, 17434, 100
2026/09/29 11:15:24.232, 2, 17434, 100
2026/09/29 11:15:24.232, 3, 17434, 100
2026/09/29 11:15:24.232, 4, 17434, 100
2026/09/29 11:15:24.232, 5, 17434, 100
2026/09/29 11:15:24.232, 6, 17434, 100
2026/09/29 11:15:24.232, 7, 17434, 100
2026/09/29 11:15:25.232, 0, 17434, 100
2026/09/29 11:15:25.232, 1, 17434, 100
2026/09/29 11:15:25.232, 2, 17434, 100
2026/09/29 11:15:25.232, 3, 17434, 100
2026/09/29 11:15:25.232, 4, 17434, 100
2026/09/29 11:15:25.232, 5, 17434, 100
2026/09/29 11:15:25.232, 6, 17434, 100
2026/09/29 11:15:25.232, 7, 17434, 100
2026/09/29 11:15:26.232, 0, 17434, 100
2026/09/29 11:15:26.233, 1, 17434, 100
2026/09/29 11:15:26.233, 2, 17434, 100
2026/09/29 11:15:26.233, 3, 17434, 100
2026/09/29 11:15:26.233, 4, 17434, 100
2026/09/29 11:15:26.233, 5, 17434, 100
2026/09/29 11:15:26.233, 6, 17434, 100
2026/09/29 11:15:26.233, 7, 17434, 100
2026/09/29 11:15:27.233, 0, 17434, 100
2026/09/29 11:15:27.233, 1, 17434, 100
2026/09/29 11:15:27.233, 2, 17434, 100
2026/09/29 11:15:27.233, 3, 17434, 100
2026/09/29 11:15:27.233, 4, 17434, 100
2026/09/29 11:15:27.233, 5, 17434, 100
2026/09/29 11:15:27.233, 6, 17434, 100
2026/09/29 11:15:27.233, 7, 17434, 100
2026/09/29 11:15:28.234, 0, 17434, 100
2026/09/29 11:15:28.234, 1, 17434, 100
2026/09/29 11:15:28.234, 2, 17434, 100
2026/09/29 11:15:28.234, 3, 17434, 100
2026/09/29 11:15:28.234, 4, 17434, 100
2026/09/29 11:15:28.234, 5, 17434, 100
2026/09/29 11:15:28.234, 6, 17434, 100
2026/09/29 11:15:28.234, 7, 17434, 100
2026/09/29 11:15:29.234, 0, 17434, 100
2026/09/29 11:15:29.234, 1, 17434, 100
2026/09/29 11:15:29.235, 2, 17434, 100
2026/09/29 11:15:29.235, 3, 17434, 100
2026/09/29 11:15:29.235, 4, 17434, 100
2026/09/29 11:15:29.235, 5, 17434, 100
2026/09/29 11:15:29.235, 6, 17434, 100
2026/09/29 11:15:29.235, 7, 17434, 100
2026/09/29 11:15:30.235, 0, 17434, 100
2026/09/29 11:15:30.235, 1, 17434, 100
2026/09/29 11:15:30.235, 2, 17434, 100
2026/09/29 11:15:30.235, 3, 17434, 100
2026/09/29 11:15:30.235, 4, 17434, 100
2026/09/29 11:15:30.235, 5, 17434, 100
2026/09/29 11:15:30.235, 6, 17434, 100
2026/09/29 11:15:30.235, 7, 17434, 100
2026/09/29 11:15:31.236, 0, 17434, 95
2026/09/29 11:15:31.236, 1, 17434, 100
2026/09/29 11:15:31.236, 2, 17434, 100
2026/09/29 11:15:31.236, 3, 17434, 96
2026/09/29 11:15:31.236, 4, 17434, 100
2026/09/29 11:15:31.236, 5, 17434, 100
2026/09/29 11:15:31.236, 6, 17434, 100
2026/09/29 11:15:31.236, 7, 17434, 100
2026/09/29 11:15:32.236, 0, 17434, 100
2026/09/29 11:15:32.236, 1, 17434, 100
2026/09/29 11:15:32.236, 2, 17434, 100
2026/09/29 11:15:32.236, 3, 17434, 100
2026/09/29 11:15:32.236, 4, 17434, 100
2026/09/29 11:15:32.236, 5, 17434, 100
2026/09/29 11:15:32.237, 6, 17434, 98
2026/09/29 11:15:32.237, 7, 17434, 100
2026/09/29 11:15:33.237, 0, 17434, 100
2026/09/29 11:15:33.237, 1, 17434, 100
2026/09/29 11:15:33.237, 2, 17434, 100
2026/09/29 11:15:33.237, 3, 17434, 100
2026/09/29 11:15:33.237, 4, 17434, 100
2026/09/29 11:15:33.237, 5, 17434, 100
2026/09/29 11:15:33.237, 6, 17434, 100
2026/09/29 11:15:33.237, 7, 17434, 100
2026/09/29 11:15:34.237, 0, 17434, 100
2026/09/29 11:15:34.237, 1, 17434, 100
2026/09/29 11:15:34.237, 2, 17434, 100
2026/09/29 11:15:34.238, 3, 17434, 100
2026/09/29 11:15:34.238, 4, 17434, 100
2026/09/29 11:15:34.238, 5, 17434, 100
2026/09/29 11:15:34.238, 6, 17434, 100
2026/09/29 11:15:34.238, 7, 17434, 100
2026/09/29 11:15:35.238, 0, 17434, 100
2026/09/29 11:15:35.238, 1, 17434, 100
2026/09/29 11:15:35.238, 2, 17434, 100
2026/09/29 11:15:35.238, 3, 17434, 100
2026/09/29 11:15:35.238, 4, 17434, 100
2026/09/29 11:15:35.238, 5, 17434, 100
2026/09/29 11:15:35.238, 6, 17434, 100
2026/09/29 11:15:35.238, 7, 17434, 100
2026/09/29 11:15:36.238, 0, 17434, 100
2026/09/29 11:15:36.239, 1, 17434, 100
2026/09/29 11:15:36.239, 2, 17434, 100
2026/09/29 11:15:36.239, 3, 17434, 100
2026/09/29 11:15:36.239, 4, 17434, 100
2026/09/29 11:15:36.239, 5, 17434, 100
2026/09/29 11:15:36.239, 6, 17434, 100
2026/09/29 11:15:36.239, 7, 17434, 100
2026/09/29 11:15:37.239, 0, 17434, 100
2026/09/29 11:15:37.239, 1, 17434, 100
2026/09/29 11:15:37.239, 2, 17434, 100
2026/09/29 11:15:37.239, 3, 17434, 100
2026/09/29 11:15:37.239, 4, 17434, 98
2026/09/29 11:15:37.239, 5, 17434, 100
2026/09/29 11:15:37.239, 6, 17434, 100
2026/09/29 11:15:37.239, 7, 17434, 100
2026/09/29 11:15:38.239, 0, 17434, 100
2026/09/29 11:15:38.239, 1, 17434, 100
2026/09/29 11:15:38.240, 2, 17434, 100
2026/09/29 11:15:38.240, 3, 17434, 100
2026/09/29 11:15:38.240, 4, 17434, 100
2026/09/29 11:15:38.240, 5, 17434, 100
2026/09/29 11:15:38.240, 6, 17434, 100
2026/09/29 11:15:38.240, 7, 17434, 100
2026/09/29 11:15:39.240, 0, 17434, 100
2026/09/29 11:15:39.240, 1, 17434, 100
2026/09/29 11:15:39.240, 2, 17434, 100
2026/09/29 11:15:39.240, 3, 17434, 100
2026/09/29 11:15:39.240, 4, 17434, 100
2026/09/29 11:15:39.240, 5, 17434, 100
2026/09/29 11:15:39.240, 6, 17434, 100
2026/09/29 11:15:39.241, 7, 17434, 100
2026/09/29 11:15:40.241, 0, 17434, 100
2026/09/29 11:15:40.241, 1, 17434, 100
2026/09/29 11:15:40.241, 2, 17434, 100
2026/09/29 11:15:40.241, 3, 17434, 100
2026/09/29 11:15:40.241, 4, 17434, 100
2026/09/29 11:15:40.241, 5, 17434, 100
2026/09/29 11:15:40.241, 6, 17434, 100
2026/09/29 11:15:40.241, 7, 17434, 100
2026/09/29 11:15:41.241, 0, 17434, 100
2026/09/29 11:15:41.242, 1, 17434, 100
2026/09/29 11:15:41.242, 2, 17434, 100
2026/09/29 11:15:41.242, 3, 17434, 100
2026/09/29 11:15:41.242, 4, 17434, 100
2026/09/29 11:15:41.242, 5, 17434, 100
2026/09/29 11:15:41.242, 6, 17434, 100
2026/09/29 11:15:41.242, 7, 17434, 100
2026/09/29 11:15:42.242, 0, 17434, 100
2026/09/29 11:15:42.242, 1, 17434, 100
2026/09/29 11:15:42.242, 2, 17434, 100
2026/09/29 11:15:42.242, 3, 17434, 100
2026/09/29 11:15:42.242, 4, 17434, 100
2026/09/29 11:15:42.242, 5, 17434, 100
2026/09/29 11:15:42.242, 6, 17434, 100
2026/09/29 11:15:42.242, 7, 17434, 100
2026/09/29 11:15:43.243, 0, 17434, 100
2026/09/29 11:15:43.243, 1, 17434, 100
2026/09/29 11:15:43.243, 2, 17434, 100
2026/09/29 11:15:43.243, 3, 17434, 100
2026/09/29 11:15:43.243, 4, 17434, 100
2026/09/29 11:15:43.243, 5, 17434, 100
2026/09/29 11:15:43.243, 6, 17434, 100
2026/09/29 11:15:43.243, 7, 17434, 100
2026/09/29 11:15:44.243, 0, 17434, 100
2026/09/29 11:15:44.243, 1, 17434, 100
2026/09/29 11:15:44.243, 2, 17434, 100
2026/09/29 11:15:44.243, 3, 17434, 100
2026/09/29 11:15:44.243, 4, 17434, 100
2026/09/29 11:15:44.244, 5, 17434, 100
2026/09/29 11:15:44.244, 6, 17434, 100
2026/09/29 11:15:44.244, 7, 17434, 100
2026/09/29 11:15:45.244, 0, 17434, 100
2026/09/29 11:15:45.244, 1, 17434, 100
2026/09/29 11:15:45.244, 2, 17434, 100
2026/09/29 11:15:45.244, 3, 17434, 100
2026/09/29 11:15:45.244, 4, 17434, 100
2026/09/29 11:15:45.244, 5, 17434, 100
2026/09/29 11:15:45.244, 6, 17434, 100
2026/09/29 11:15:45.244, 7, 17434, 100
2026/09/29 11:15:46.244, 0, 17434, 100
2026/09/29 11:15:46.244, 1, 17434, 100
2026/09/29 11:15:46.244, 2, 17434, 100
2026/09/29 11:15:46.244, 3, 17434, 100
2026/09/29 11:15:46.244, 4, 17434, 100
2026/09/29 11:15:46.245, 5, 17434, 100
2026/09/29 11:15:46.245, 6, 17434, 100
2026/09/29 11:15:46.245, 7, 17434, 100
2026/09/29 11:15:47.245, 0, 17434, 100
2026/09/29 11:15:47.245, 1, 17434, 95
2026/09/29 11:15:47.245, 2, 17434, 100
2026/09/29 11:15:47.245, 3, 17434, 100
2026/09/29 11:15:47.245, 4, 17434, 100
2026/09/29 11:15:47.245, 5, 17434, 100
2026/09/29 11:15:47.245, 6, 17434, 100
2026/09/29 11:15:47.245, 7, 17434, 100
2026/09/29 11:15:48.245, 0, 17434, 0
2026/09/29 11:15:48.245, 1, 17434, 100
2026/09/29 11:15:48.246, 2, 17434, 100
2026/09/29 11:15:48.246, 3, 17434, 100
2026/09/29 11:15:48.246, 4, 17434, 100
2026/09/29 11:15:48.246, 5, 17434, 100
2026/09/29 11:15:48.246, 6, 17434, 100
2026/09/29 11:15:48.246, 7, 17434, 100
2026/09/29 11:15:49.246, 0, 17434, 100
2026/09/29 11:15:49.246, 1, 17434, 96
2026/09/29 11:15:49.246, 2, 17434, 96
2026/09/29 11:15:49.246, 3, 17434, 100
2026/09/29 11:15:49.246, 4, 17434, 37
2026/09/29 11:15:49.246, 5, 17434, 98
2026/09/29 11:15:49.246, 6, 17434, 100
2026/09/29 11:15:49.246, 7, 17434, 100
2026/09/29 11:15:50.247, 0, 17434, 99
2026/09/29 11:15:50.247, 1, 17434, 100
2026/09/29 11:15:50.247, 2, 17434, 100
2026/09/29 11:15:50.247, 3, 17434, 100
2026/09/29 11:15:50.247, 4, 17434, 100
2026/09/29 11:15:50.247, 5, 17434, 100
2026/09/29 11:15:50.247, 6, 17434, 100
2026/09/29 11:15:50.247, 7, 17434, 100
2026/09/29 11:15:51.247, 0, 17434, 100
2026/09/29 11:15:51.248, 1, 17434, 100
2026/09/29 11:15:51.248, 2, 17434, 100
2026/09/29 11:15:51.249, 3, 17434, 100
2026/09/29 11:15:51.249, 4, 17434, 100
2026/09/29 11:15:51.251, 5, 17434, 100
2026/09/29 11:15:51.253, 6, 17434, 100
2026/09/29 11:15:51.253, 7, 17434, 100
2026/09/29 11:15:52.254, 0, 17434, 100
2026/09/29 11:15:52.254, 1, 17434, 99
2026/09/29 11:15:52.254, 2, 17434, 100
2026/09/29 11:15:52.254, 3, 17434, 100
2026/09/29 11:15:52.255, 4, 17434, 100
2026/09/29 11:15:52.255, 5, 17434, 100
2026/09/29 11:15:52.255, 6, 17434, 100
2026/09/29 11:15:52.255, 7, 17434, 100
2026/09/29 11:15:53.255, 0, 17434, 100
2026/09/29 11:15:53.255, 1, 17434, 99
2026/09/29 11:15:53.255, 2, 17434, 100
2026/09/29 11:15:53.255, 3, 17434, 100
2026/09/29 11:15:53.255, 4, 17434, 100
2026/09/29 11:15:53.255, 5, 17434, 100
2026/09/29 11:15:53.255, 6, 17434, 100
2026/09/29 11:15:53.255, 7, 17434, 100
2026/09/29 11:15:54.255, 0, 17434, 100
2026/09/29 11:15:54.255, 1, 17434, 100
2026/09/29 11:15:54.256, 2, 17434, 100
2026/09/29 11:15:54.256, 3, 17434, 100
2026/09/29 11:15:54.256, 4, 17434, 100
2026/09/29 11:15:54.256, 5, 17434, 100
2026/09/29 11:15:54.256, 6, 17434, 100
2026/09/29 11:15:54.256, 7, 17434, 100
2026/09/29 11:15:55.256, 0, 17434, 100
2026/09/29 11:15:55.256, 1, 17434, 100
2026/09/29 11:15:55.256, 2, 17434, 100
2026/09/29 11:15:55.256, 3, 17434, 100
2026/09/29 11:15:55.256, 4, 17434, 100
2026/09/29 11:15:55.256, 5, 17434, 100
2026/09/29 11:15:55.256, 6, 17434, 97
2026/09/29 11:15:55.256, 7, 17434, 100
2026/09/29 11:15:56.257, 0, 17434, 100
2026/09/29 11:15:56.257, 1, 17434, 100
2026/09/29 11:15:56.257, 2, 17434, 100
2026/09/29 11:15:56.257, 3, 17434, 100
2026/09/29 11:15:56.257, 4, 17434, 100
2026/09/29 11:15:56.257, 5, 17434, 100
2026/09/29 11:15:56.257, 6, 17434, 100
2026/09/29 11:15:56.257, 7, 17434, 100
2026/09/29 11:15:57.257, 0, 17434, 100
2026/09/29 11:15:57.257, 1, 17434, 100
2026/09/29 11:15:57.257, 2, 17434, 100
2026/09/29 11:15:57.257, 3, 17434, 100
2026/09/29 11:15:57.257, 4, 17434, 100
2026/09/29 11:15:57.257, 5, 17434, 100
2026/09/29 11:15:57.257, 6, 17434, 100
2026/09/29 11:15:57.258, 7, 17434, 100
2026/09/29 11:15:58.258, 0, 17434, 100
2026/09/29 11:15:58.258, 1, 17434, 100
2026/09/29 11:15:58.258, 2, 17434, 100
2026/09/29 11:15:58.258, 3, 17434, 100
2026/09/29 11:15:58.258, 4, 17434, 100
2026/09/29 11:15:58.258, 5, 17434, 100
2026/09/29 11:15:58.258, 6, 17434, 100
2026/09/29 11:15:58.258, 7, 17434, 100
2026/09/29 11:15:59.258, 0, 17434, 100
2026/09/29 11:15:59.258, 1, 17434, 100
2026/09/29 11:15:59.258, 2, 17434, 100
2026/09/29 11:15:59.259, 3, 17434, 100
2026/09/29 11:15:59.259, 4, 17434, 100
2026/09/29 11:15:59.259, 5, 17434, 100
2026/09/29 11:15:59.259, 6, 17434, 100
2026/09/29 11:15:59.259, 7, 17434, 100
2026/09/29 11:16:00.259, 0, 17434, 100
2026/09/29 11:16:00.259, 1, 17434, 100
2026/09/29 11:16:00.259, 2, 17434, 100
2026/09/29 11:16:00.259, 3, 17434, 100
2026/09/29 11:16:00.259, 4, 17434, 100
2026/09/29 11:16:00.259, 5, 17434, 100
2026/09/29 11:16:00.259, 6, 17434, 100
2026/09/29 11:16:00.259, 7, 17434, 98
2026/09/29 11:16:01.260, 0, 17434, 100
2026/09/29 11:16:01.260, 1, 17434, 100
2026/09/29 11:16:01.260, 2, 17434, 100
2026/09/29 11:16:01.260, 3, 17434, 100
2026/09/29 11:16:01.260, 4, 17434, 100
2026/09/29 11:16:01.260, 5, 17434, 100
2026/09/29 11:16:01.260, 6, 17434, 100
2026/09/29 11:16:01.260, 7, 17434, 100
2026/09/29 11:16:02.260, 0, 17434, 100
2026/09/29 11:16:02.260, 1, 17434, 100
2026/09/29 11:16:02.260, 2, 17434, 100
2026/09/29 11:16:02.260, 3, 17434, 100
2026/09/29 11:16:02.260, 4, 17434, 100
2026/09/29 11:16:02.260, 5, 17434, 100
2026/09/29 11:16:02.260, 6, 17434, 100
2026/09/29 11:16:02.261, 7, 17434, 100
2026/09/29 11:16:03.261, 0, 17434, 100
2026/09/29 11:16:03.261, 1, 17434, 100
2026/09/29 11:16:03.261, 2, 17434, 100
2026/09/29 11:16:03.261, 3, 17434, 100
2026/09/29 11:16:03.261, 4, 17434, 100
2026/09/29 11:16:03.261, 5, 17434, 100
2026/09/29 11:16:03.261, 6, 17434, 100
2026/09/29 11:16:03.261, 7, 17434, 100
2026/09/29 11:16:04.261, 0, 17434, 100
2026/09/29 11:16:04.261, 1, 17434, 100
2026/09/29 11:16:04.261, 2, 17434, 100
2026/09/29 11:16:04.261, 3, 17434, 100
2026/09/29 11:16:04.261, 4, 17434, 100
2026/09/29 11:16:04.262, 5, 17434, 100
2026/09/29 11:16:04.262, 6, 17434, 100
2026/09/29 11:16:04.262, 7, 17434, 100
2026/09/29 11:16:05.262, 0, 17434, 100
2026/09/29 11:16:05.262, 1, 17434, 98
2026/09/29 11:16:05.262, 2, 17434, 99
2026/09/29 11:16:05.262, 3, 17434, 100
2026/09/29 11:16:05.262, 4, 17434, 100
2026/09/29 11:16:05.262, 5, 17434, 98
2026/09/29 11:16:05.262, 6, 17434, 100
2026/09/29 11:16:05.262, 7, 17434, 100
2026/09/29 11:16:06.262, 0, 17434, 100
2026/09/29 11:16:06.262, 1, 17434, 100
2026/09/29 11:16:06.263, 2, 17434, 100
2026/09/29 11:16:06.263, 3, 17434, 100
2026/09/29 11:16:06.263, 4, 17434, 100
2026/09/29 11:16:06.263, 5, 17434, 100
2026/09/29 11:16:06.263, 6, 17434, 100
2026/09/29 11:16:06.263, 7, 17434, 100
2026/09/29 11:16:07.263, 0, 17434, 100
2026/09/29 11:16:07.263, 1, 17434, 100
2026/09/29 11:16:07.263, 2, 17434, 100
2026/09/29 11:16:07.263, 3, 17434, 100
2026/09/29 11:16:07.263, 4, 17434, 100
2026/09/29 11:16:07.263, 5, 17434, 100
2026/09/29 11:16:07.263, 6, 17434, 99
2026/09/29 11:16:07.263, 7, 17434, 100
2026/09/29 11:16:08.263, 0, 17434, 100
2026/09/29 11:16:08.264, 1, 17434, 100
2026/09/29 11:16:08.264, 2, 17434, 100
2026/09/29 11:16:08.264, 3, 17434, 100
2026/09/29 11:16:08.264, 4, 17434, 100
2026/09/29 11:16:08.264, 5, 17434, 100
2026/09/29 11:16:08.264, 6, 17434, 100
2026/09/29 11:16:08.264, 7, 17434, 100
2026/09/29 11:16:09.264, 0, 17434, 100
2026/09/29 11:16:09.264, 1, 17434, 100
2026/09/29 11:16:09.264, 2, 17434, 100
2026/09/29 11:16:09.264, 3, 17434, 100
2026/09/29 11:16:09.264, 4, 17434, 100
2026/09/29 11:16:09.264, 5, 17434, 100
2026/09/29 11:16:09.264, 6, 17434, 100
2026/09/29 11:16:09.265, 7, 17434, 100
2026/09/29 11:16:10.265, 0, 17434, 100
2026/09/29 11:16:10.265, 1, 17434, 100
2026/09/29 11:16:10.265, 2, 17434, 100
2026/09/29 11:16:10.265, 3, 17434, 100
2026/09/29 11:16:10.265, 4, 17434, 100
2026/09/29 11:16:10.265, 5, 17434, 100
2026/09/29 11:16:10.265, 6, 17434, 100
2026/09/29 11:16:10.265, 7, 17434, 100
2026/09/29 11:16:11.265, 0, 17434, 100
2026/09/29 11:16:11.265, 1, 17434, 100
2026/09/29 11:16:11.265, 2, 17434, 100
2026/09/29 11:16:11.265, 3, 17434, 100
2026/09/29 11:16:11.266, 4, 17434, 100
2026/09/29 11:16:11.266, 5, 17434, 100
2026/09/29 11:16:11.266, 6, 17434, 98
2026/09/29 11:16:11.266, 7, 17434, 100
2026/09/29 11:16:12.266, 0, 17434, 100
2026/09/29 11:16:12.266, 1, 17434, 100
2026/09/29 11:16:12.266, 2, 17434, 100
2026/09/29 11:16:12.266, 3, 17434, 100
2026/09/29 11:16:12.266, 4, 17434, 100
2026/09/29 11:16:12.266, 5, 17434, 100
2026/09/29 11:16:12.266, 6, 17434, 100
2026/09/29 11:16:12.266, 7, 17434, 100
2026/09/29 11:16:13.266, 0, 17434, 100
2026/09/29 11:16:13.267, 1, 17434, 100
2026/09/29 11:16:13.267, 2, 17434, 100
2026/09/29 11:16:13.267, 3, 17434, 100
2026/09/29 11:16:13.267, 4, 17434, 100
2026/09/29 11:16:13.267, 5, 17434, 100
2026/09/29 11:16:13.267, 6, 17434, 100
2026/09/29 11:16:13.267, 7, 17434, 100
2026/09/29 11:16:14.267, 0, 17434, 100
2026/09/29 11:16:14.267, 1, 17434, 99
2026/09/29 11:16:14.267, 2, 17434, 100
2026/09/29 11:16:14.267, 3, 17434, 100
2026/09/29 11:16:14.267, 4, 17434, 100
2026/09/29 11:16:14.267, 5, 17434, 100
2026/09/29 11:16:14.267, 6, 17434, 100
2026/09/29 11:16:14.267, 7, 17434, 100
2026/09/29 11:16:15.268, 0, 17434, 100
2026/09/29 11:16:15.268, 1, 17434, 100
2026/09/29 11:16:15.268, 2, 17434, 100
2026/09/29 11:16:15.268, 3, 17434, 100
2026/09/29 11:16:15.268, 4, 17434, 100
2026/09/29 11:16:15.268, 5, 17434, 100
2026/09/29 11:16:15.268, 6, 17434, 100
2026/09/29 11:16:15.268, 7, 17434, 100
2026/09/29 11:16:16.268, 0, 17434, 100
2026/09/29 11:16:16.268, 1, 17434, 100
2026/09/29 11:16:16.268, 2, 17434, 100
2026/09/29 11:16:16.268, 3, 17434, 100
2026/09/29 11:16:16.268, 4, 17434, 96
2026/09/29 11:16:16.268, 5, 17434, 100
2026/09/29 11:16:16.268, 6, 17434, 100
2026/09/29 11:16:16.269, 7, 17434, 100
2026/09/29 11:16:17.269, 0, 17434, 100
2026/09/29 11:16:17.269, 1, 17434, 100
2026/09/29 11:16:17.269, 2, 17434, 100
2026/09/29 11:16:17.269, 3, 17434, 100
2026/09/29 11:16:17.269, 4, 17434, 100
2026/09/29 11:16:17.269, 5, 17434, 100
2026/09/29 11:16:17.269, 6, 17434, 100
2026/09/29 11:16:17.269, 7, 17434, 100
2026/09/29 11:16:18.269, 0, 17434, 100
2026/09/29 11:16:18.269, 1, 17434, 100
2026/09/29 11:16:18.269, 2, 17434, 100
2026/09/29 11:16:18.269, 3, 17434, 100
2026/09/29 11:16:18.269, 4, 17434, 100
2026/09/29 11:16:18.270, 5, 17434, 100
2026/09/29 11:16:18.270, 6, 17434, 100
2026/09/29 11:16:18.270, 7, 17434, 100
2026/09/29 11:16:19.270, 0, 17434, 100
2026/09/29 11:16:19.270, 1, 17434, 100
2026/09/29 11:16:19.271, 2, 17434, 100
2026/09/29 11:16:19.271, 3, 17434, 100
2026/09/29 11:16:19.271, 4, 17434, 100
2026/09/29 11:16:19.271, 5, 17434, 100
2026/09/29 11:16:19.271, 6, 17434, 100
2026/09/29 11:16:19.271, 7, 17434, 100
2026/09/29 11:16:20.271, 0, 17434, 100
2026/09/29 11:16:20.271, 1, 17434, 99
2026/09/29 11:16:20.271, 2, 17434, 100
2026/09/29 11:16:20.271, 3, 17434, 100
2026/09/29 11:16:20.271, 4, 17434, 100
2026/09/29 11:16:20.271, 5, 17434, 100
2026/09/29 11:16:20.271, 6, 17434, 100
2026/09/29 11:16:20.271, 7, 17434, 100
2026/09/29 11:16:21.271, 0, 17434, 100
2026/09/29 11:16:21.275, 1, 17434, 100
2026/09/29 11:16:21.279, 2, 17434, 100
2026/09/29 11:16:21.279, 3, 17434, 100
2026/09/29 11:16:21.279, 4, 17434, 100
2026/09/29 11:16:21.279, 5, 17434, 100
2026/09/29 11:16:21.279, 6, 17434, 100
2026/09/29 11:16:21.279, 7, 17434, 100
2026/09/29 11:16:22.280, 0, 17434, 100
2026/09/29 11:16:22.280, 1, 17434, 100
2026/09/29 11:16:22.280, 2, 17434, 100
2026/09/29 11:16:22.280, 3, 17434, 100
2026/09/29 11:16:22.280, 4, 17434, 100
2026/09/29 11:16:22.280, 5, 17434, 100
2026/09/29 11:16:22.280, 6, 17434, 100
2026/09/29 11:16:22.280, 7, 17434, 100
2026/09/29 11:16:23.280, 0, 17434, 100
2026/09/29 11:16:23.280, 1, 17434, 99
2026/09/29 11:16:23.280, 2, 17434, 100
2026/09/29 11:16:23.280, 3, 17434, 100
2026/09/29 11:16:23.280, 4, 17434, 100
2026/09/29 11:16:23.280, 5, 17434, 100
2026/09/29 11:16:23.280, 6, 17434, 100
2026/09/29 11:16:23.281, 7, 17434, 100
2026/09/29 11:16:24.281, 0, 17434, 100
2026/09/29 11:16:24.281, 1, 17434, 100
2026/09/29 11:16:24.281, 2, 17434, 100
2026/09/29 11:16:24.281, 3, 17434, 100
2026/09/29 11:16:24.281, 4, 17434, 100
2026/09/29 11:16:24.281, 5, 17434, 100
2026/09/29 11:16:24.281, 6, 17434, 100
2026/09/29 11:16:24.281, 7, 17434, 100
2026/09/29 11:16:25.281, 0, 17434, 100
2026/09/29 11:16:25.281, 1, 17434, 100
2026/09/29 11:16:25.281, 2, 17434, 100
2026/09/29 11:16:25.281, 3, 17434, 100
2026/09/29 11:16:25.282, 4, 17434, 100
2026/09/29 11:16:25.282, 5, 17434, 100
2026/09/29 11:16:25.282, 6, 17434, 100
2026/09/29 11:16:25.282, 7, 17434, 100
2026/09/29 11:16:26.282, 0, 17434, 99
2026/09/29 11:16:26.282, 1, 17434, 95
2026/09/29 11:16:26.282, 2, 17434, 100
2026/09/29 11:16:26.282, 3, 17434, 95
2026/09/29 11:16:26.282, 4, 17434, 100
2026/09/29 11:16:26.282, 5, 17434, 100
2026/09/29 11:16:26.282, 6, 17434, 100
2026/09/29 11:16:26.282, 7, 17434, 100
2026/09/29 11:16:27.282, 0, 17434, 100
2026/09/29 11:16:27.283, 1, 17434, 100
2026/09/29 11:16:27.283, 2, 17434, 100
2026/09/29 11:16:27.283, 3, 17434, 100
2026/09/29 11:16:27.283, 4, 17434, 100
2026/09/29 11:16:27.283, 5, 17434, 100
2026/09/29 11:16:27.283, 6, 17434, 100
2026/09/29 11:16:27.283, 7, 17434, 100
2026/09/29 11:16:28.283, 0, 17434, 100
2026/09/29 11:16:28.283, 1, 17434, 100
2026/09/29 11:16:28.283, 2, 17434, 100
2026/09/29 11:16:28.283, 3, 17434, 100
2026/09/29 11:16:28.283, 4, 17434, 100
2026/09/29 11:16:28.283, 5, 17434, 100
2026/09/29 11:16:28.283, 6, 17434, 100
2026/09/29 11:16:28.283, 7, 17434, 100
2026/09/29 11:16:29.283, 0, 17434, 100
2026/09/29 11:16:29.284, 1, 17434, 100
2026/09/29 11:16:29.284, 2, 17434, 100
2026/09/29 11:16:29.284, 3, 17434, 100
2026/09/29 11:16:29.284, 4, 17434, 100
2026/09/29 11:16:29.284, 5, 17434, 100
2026/09/29 11:16:29.284, 6, 17434, 100
2026/09/29 11:16:29.284, 7, 17434, 100
2026/09/29 11:16:30.284, 0, 17434, 100
2026/09/29 11:16:30.284, 1, 17434, 99
2026/09/29 11:16:30.284, 2, 17434, 100
2026/09/29 11:16:30.284, 3, 17434, 100
2026/09/29 11:16:30.284, 4, 17434, 100
2026/09/29 11:16:30.284, 5, 17434, 100
2026/09/29 11:16:30.284, 6, 17434, 100
2026/09/29 11:16:30.284, 7, 17434, 100
2026/09/29 11:16:31.284, 0, 17434, 100
2026/09/29 11:16:31.285, 1, 17434, 100
2026/09/29 11:16:31.285, 2, 17434, 100
2026/09/29 11:16:31.285, 3, 17434, 100
2026/09/29 11:16:31.285, 4, 17434, 100
2026/09/29 11:16:31.285, 5, 17434, 100
2026/09/29 11:16:31.285, 6, 17434, 100
2026/09/29 11:16:31.285, 7, 17434, 100
2026/09/29 11:16:32.285, 0, 17434, 100
2026/09/29 11:16:32.285, 1, 17434, 100
2026/09/29 11:16:32.285, 2, 17434, 100
2026/09/29 11:16:32.285, 3, 17434, 100
2026/09/29 11:16:32.285, 4, 17434, 100
2026/09/29 11:16:32.285, 5, 17434, 100
2026/09/29 11:16:32.285, 6, 17434, 100
2026/09/29 11:16:32.285, 7, 17434, 100
2026/09/29 11:16:33.286, 0, 17434, 100
2026/09/29 11:16:33.286, 1, 17434, 100
2026/09/29 11:16:33.286, 2, 17434, 100
2026/09/29 11:16:33.286, 3, 17434, 100
2026/09/29 11:16:33.286, 4, 17434, 100
2026/09/29 11:16:33.286, 5, 17434, 100
2026/09/29 11:16:33.286, 6, 17434, 100
2026/09/29 11:16:33.286, 7, 17434, 100
2026/09/29 11:16:34.286, 0, 17434, 100
2026/09/29 11:16:34.286, 1, 17434, 100
2026/09/29 11:16:34.287, 2, 17434, 100
2026/09/29 11:16:34.287, 3, 17434, 100
2026/09/29 11:16:34.287, 4, 17434, 100
2026/09/29 11:16:34.287, 5, 17434, 100
2026/09/29 11:16:34.287, 6, 17434, 100
2026/09/29 11:16:34.287, 7, 17434, 100
2026/09/29 11:16:35.287, 0, 17434, 100
2026/09/29 11:16:35.287, 1, 17434, 100
2026/09/29 11:16:35.288, 2, 17434, 100
2026/09/29 11:16:35.288, 3, 17434, 100
2026/09/29 11:16:35.288, 4, 17434, 100
2026/09/29 11:16:35.288, 5, 17434, 100
2026/09/29 11:16:35.288, 6, 17434, 100
2026/09/29 11:16:35.288, 7, 17434, 100
2026/09/29 11:16:36.288, 0, 17434, 100
2026/09/29 11:16:36.288, 1, 17434, 100
2026/09/29 11:16:36.288, 2, 17434, 100
2026/09/29 11:16:36.288, 3, 17434, 100
2026/09/29 11:16:36.288, 4, 17434, 100
2026/09/29 11:16:36.288, 5, 17434, 100
2026/09/29 11:16:36.288, 6, 17434, 100
2026/09/29 11:16:36.288, 7, 17434, 100
2026/09/29 11:16:37.288, 0, 17434, 100
2026/09/29 11:16:37.288, 1, 17434, 100
2026/09/29 11:16:37.289, 2, 17434, 100
2026/09/29 11:16:37.289, 3, 17434, 100
2026/09/29 11:16:37.289, 4, 17434, 100
2026/09/29 11:16:37.289, 5, 17434, 100
2026/09/29 11:16:37.289, 6, 17434, 100
2026/09/29 11:16:37.289, 7, 17434, 97
2026/09/29 11:16:38.289, 0, 17434, 100
2026/09/29 11:16:38.289, 1, 17434, 100
2026/09/29 11:16:38.289, 2, 17434, 100
2026/09/29 11:16:38.289, 3, 17434, 100
2026/09/29 11:16:38.289, 4, 17434, 100
2026/09/29 11:16:38.289, 5, 17434, 100
2026/09/29 11:16:38.289, 6, 17434, 100
2026/09/29 11:16:38.289, 7, 17434, 100
2026/09/29 11:16:39.290, 0, 17434, 100
2026/09/29 11:16:39.290, 1, 17434, 100
2026/09/29 11:16:39.290, 2, 17434, 100
2026/09/29 11:16:39.290, 3, 17434, 100
2026/09/29 11:16:39.290, 4, 17434, 100
2026/09/29 11:16:39.290, 5, 17434, 100
2026/09/29 11:16:39.290, 6, 17434, 100
2026/09/29 11:16:39.290, 7, 17434, 100
2026/09/29 11:16:40.291, 0, 17434, 100
2026/09/29 11:16:40.291, 1, 17434, 100
2026/09/29 11:16:40.291, 2, 17434, 100
2026/09/29 11:16:40.291, 3, 17434, 100
2026/09/29 11:16:40.291, 4, 17434, 100
2026/09/29 11:16:40.291, 5, 17434, 100
2026/09/29 11:16:40.291, 6, 17434, 100
2026/09/29 11:16:40.291, 7, 17434, 100
2026/09/29 11:16:41.291, 0, 17434, 100
2026/09/29 11:16:41.291, 1, 17434, 100
2026/09/29 11:16:41.291, 2, 17434, 100
2026/09/29 11:16:41.291, 3, 17434, 100
2026/09/29 11:16:41.292, 4, 17434, 100
2026/09/29 11:16:41.292, 5, 17434, 100
2026/09/29 11:16:41.292, 6, 17434, 100
2026/09/29 11:16:41.292, 7, 17434, 100
2026/09/29 11:16:42.292, 0, 17434, 100
2026/09/29 11:16:42.292, 1, 17434, 100
2026/09/29 11:16:42.292, 2, 17434, 94
2026/09/29 11:16:42.292, 3, 17434, 100
2026/09/29 11:16:42.292, 4, 17434, 100
2026/09/29 11:16:42.292, 5, 17434, 97
2026/09/29 11:16:42.292, 6, 17434, 100
2026/09/29 11:16:42.292, 7, 17434, 100
2026/09/29 11:16:43.292, 0, 17434, 100
2026/09/29 11:16:43.293, 1, 17434, 100
2026/09/29 11:16:43.293, 2, 17434, 100
2026/09/29 11:16:43.293, 3, 17434, 100
2026/09/29 11:16:43.293, 4, 17434, 100
2026/09/29 11:16:43.293, 5, 17434, 100
2026/09/29 11:16:43.293, 6, 17434, 100
2026/09/29 11:16:43.293, 7, 17434, 100
2026/09/29 11:16:44.293, 0, 17434, 100
2026/09/29 11:16:44.293, 1, 17434, 100
2026/09/29 11:16:44.293, 2, 17434, 100
2026/09/29 11:16:44.293, 3, 17434, 100
2026/09/29 11:16:44.293, 4, 17434, 100
2026/09/29 11:16:44.293, 5, 17434, 100
2026/09/29 11:16:44.293, 6, 17434, 100
2026/09/29 11:16:44.293, 7, 17434, 100
2026/09/29 11:16:45.294, 0, 17434, 100
2026/09/29 11:16:45.294, 1, 17434, 100
2026/09/29 11:16:45.294, 2, 17434, 100
2026/09/29 11:16:45.294, 3, 17434, 100
2026/09/29 11:16:45.294, 4, 17434, 100
2026/09/29 11:16:45.294, 5, 17434, 100
2026/09/29 11:16:45.294, 6, 17434, 100
2026/09/29 11:16:45.294, 7, 17434, 100
2026/09/29 11:16:46.294, 0, 17434, 100
2026/09/29 11:16:46.294, 1, 17434, 100
2026/09/29 11:16:46.294, 2, 17434, 100
2026/09/29 11:16:46.294, 3, 17434, 100
2026/09/29 11:16:46.294, 4, 17434, 100
2026/09/29 11:16:46.294, 5, 17434, 100
2026/09/29 11:16:46.295, 6, 17434, 100
2026/09/29 11:16:46.295, 7, 17434, 100
2026/09/29 11:16:47.295, 0, 17434, 100
2026/09/29 11:16:47.295, 1, 17434, 100
2026/09/29 11:16:47.295, 2, 17434, 100
2026/09/29 11:16:47.295, 3, 17434, 100
2026/09/29 11:16:47.295, 4, 17434, 100
2026/09/29 11:16:47.295, 5, 17434, 100
2026/09/29 11:16:47.295, 6, 17434, 98
2026/09/29 11:16:47.295, 7, 17434, 100
2026/09/29 11:16:48.295, 0, 17434, 100
2026/09/29 11:16:48.295, 1, 17434, 100
2026/09/29 11:16:48.295, 2, 17434, 100
2026/09/29 11:16:48.295, 3, 17434, 100
2026/09/29 11:16:48.295, 4, 17434, 100
2026/09/29 11:16:48.295, 5, 17434, 100
2026/09/29 11:16:48.295, 6, 17434, 100
2026/09/29 11:16:48.295, 7, 17434, 100
2026/09/29 11:16:49.295, 0, 17434, 100
2026/09/29 11:16:49.296, 1, 17434, 100
2026/09/29 11:16:49.296, 2, 17434, 100
2026/09/29 11:16:49.296, 3, 17434, 100
2026/09/29 11:16:49.296, 4, 17434, 100
2026/09/29 11:16:49.296, 5, 17434, 100
2026/09/29 11:16:49.296, 6, 17434, 100
2026/09/29 11:16:49.296, 7, 17434, 100
2026/09/29 11:16:50.296, 0, 17434, 100
2026/09/29 11:16:50.296, 1, 17434, 100
2026/09/29 11:16:50.296, 2, 17434, 100
2026/09/29 11:16:50.296, 3, 17434, 100
2026/09/29 11:16:50.296, 4, 17434, 100
2026/09/29 11:16:50.296, 5, 17434, 100
2026/09/29 11:16:50.296, 6, 17434, 100
2026/09/29 11:16:50.296, 7, 17434, 100
2026/09/29 11:16:51.297, 0, 17434, 100
2026/09/29 11:16:51.297, 1, 17434, 100
2026/09/29 11:16:51.297, 2, 17434, 100
2026/09/29 11:16:51.297, 3, 17434, 100
2026/09/29 11:16:51.297, 4, 17434, 100
2026/09/29 11:16:51.297, 5, 17434, 100
2026/09/29 11:16:51.297, 6, 17434, 100
2026/09/29 11:16:51.297, 7, 17434, 100
2026/09/29 11:16:52.297, 0, 17434, 100
2026/09/29 11:16:52.297, 1, 17434, 100
2026/09/29 11:16:52.297, 2, 17434, 100
2026/09/29 11:16:52.297, 3, 17434, 100
2026/09/29 11:16:52.297, 4, 17434, 100
2026/09/29 11:16:52.297, 5, 17434, 100
2026/09/29 11:16:52.297, 6, 17434, 100
2026/09/29 11:16:52.298, 7, 17434, 100
2026/09/29 11:16:53.298, 0, 17434, 99
2026/09/29 11:16:53.298, 1, 17434, 100
2026/09/29 11:16:53.298, 2, 17434, 100
2026/09/29 11:16:53.298, 3, 17434, 100
2026/09/29 11:16:53.298, 4, 17434, 100
2026/09/29 11:16:53.298, 5, 17434, 100
2026/09/29 11:16:53.298, 6, 17434, 100
2026/09/29 11:16:53.298, 7, 17434, 98
2026/09/29 11:16:54.298, 0, 17434, 100
2026/09/29 11:16:54.299, 1, 17434, 100
2026/09/29 11:16:54.299, 2, 17434, 100
2026/09/29 11:16:54.299, 3, 17434, 100
2026/09/29 11:16:54.299, 4, 17434, 100
2026/09/29 11:16:54.299, 5, 17434, 100
2026/09/29 11:16:54.299, 6, 17434, 100
2026/09/29 11:16:54.299, 7, 17434, 100
2026/09/29 11:16:55.299, 0, 17434, 100
2026/09/29 11:16:55.299, 1, 17434, 100
2026/09/29 11:16:55.299, 2, 17434, 100
2026/09/29 11:16:55.299, 3, 17434, 100
2026/09/29 11:16:55.299, 4, 17434, 100
2026/09/29 11:16:55.299, 5, 17434, 100
2026/09/29 11:16:55.299, 6, 17434, 100
2026/09/29 11:16:55.299, 7, 17434, 100
2026/09/29 11:16:56.299, 0, 17434, 100
2026/09/29 11:16:56.299, 1, 17434, 100
2026/09/29 11:16:56.300, 2, 17434, 100
2026/09/29 11:16:56.300, 3, 17434, 100
2026/09/29 11:16:56.300, 4, 17434, 100
2026/09/29 11:16:56.300, 5, 17434, 100
2026/09/29 11:16:56.300, 6, 17434, 100
2026/09/29 11:16:56.300, 7, 17434, 100
2026/09/29 11:16:57.300, 0, 17434, 100
2026/09/29 11:16:57.300, 1, 17434, 100
2026/09/29 11:16:57.300, 2, 17434, 100
2026/09/29 11:16:57.300, 3, 17434, 100
2026/09/29 11:16:57.300, 4, 17434, 100
2026/09/29 11:16:57.300, 5, 17434, 100
2026/09/29 11:16:57.300, 6, 17434, 100
2026/09/29 11:16:57.300, 7, 17434, 100
2026/09/29 11:16:58.300, 0, 17434, 100
2026/09/29 11:16:58.301, 1, 17434, 100
2026/09/29 11:16:58.301, 2, 17434, 99
2026/09/29 11:16:58.301, 3, 17434, 100
2026/09/29 11:16:58.301, 4, 17434, 100
2026/09/29 11:16:58.301, 5, 17434, 99
2026/09/29 11:16:58.301, 6, 17434, 100
2026/09/29 11:16:58.301, 7, 17434, 100
2026/09/29 11:16:59.301, 0, 17434, 100
2026/09/29 11:16:59.301, 1, 17434, 100
2026/09/29 11:16:59.301, 2, 17434, 100
2026/09/29 11:16:59.301, 3, 17434, 100
2026/09/29 11:16:59.301, 4, 17434, 100
2026/09/29 11:16:59.301, 5, 17434, 100
2026/09/29 11:16:59.301, 6, 17434, 100
2026/09/29 11:16:59.301, 7, 17434, 100
2026/09/29 11:17:00.302, 0, 17434, 100
2026/09/29 11:17:00.302, 1, 17434, 100
2026/09/29 11:17:00.302, 2, 17434, 100
2026/09/29 11:17:00.302, 3, 17434, 100
2026/09/29 11:17:00.302, 4, 17434, 100
2026/09/29 11:17:00.302, 5, 17434, 100
2026/09/29 11:17:00.302, 6, 17434, 100
2026/09/29 11:17:00.302, 7, 17434, 100
2026/09/29 11:17:01.302, 0, 17434, 100
2026/09/29 11:17:01.302, 1, 17434, 100
2026/09/29 11:17:01.302, 2, 17434, 100
2026/09/29 11:17:01.302, 3, 17434, 100
2026/09/29 11:17:01.302, 4, 17434, 100
2026/09/29 11:17:01.303, 5, 17434, 100
2026/09/29 11:17:01.303, 6, 17434, 100
2026/09/29 11:17:01.303, 7, 17434, 100
2026/09/29 11:17:02.303, 0, 17434, 100
2026/09/29 11:17:02.303, 1, 17434, 100
2026/09/29 11:17:02.303, 2, 17434, 100
2026/09/29 11:17:02.303, 3, 17434, 100
2026/09/29 11:17:02.303, 4, 17434, 100
2026/09/29 11:17:02.303, 5, 17434, 100
2026/09/29 11:17:02.303, 6, 17434, 100
2026/09/29 11:17:02.303, 7, 17434, 100
2026/09/29 11:17:03.303, 0, 17434, 96
2026/09/29 11:17:03.303, 1, 17434, 100
2026/09/29 11:17:03.303, 2, 17434, 99
2026/09/29 11:17:03.303, 3, 17434, 100
2026/09/29 11:17:03.304, 4, 17434, 100
2026/09/29 11:17:03.304, 5, 17434, 100
2026/09/29 11:17:03.304, 6, 17434, 98
2026/09/29 11:17:03.304, 7, 17434, 100
2026/09/29 11:17:04.304, 0, 17434, 100
2026/09/29 11:17:04.304, 1, 17434, 100
2026/09/29 11:17:04.304, 2, 17434, 100
2026/09/29 11:17:04.304, 3, 17434, 100
2026/09/29 11:17:04.304, 4, 17434, 100
2026/09/29 11:17:04.304, 5, 17434, 100
2026/09/29 11:17:04.304, 6, 17434, 100
2026/09/29 11:17:04.304, 7, 17434, 100
2026/09/29 11:17:05.304, 0, 17434, 100
2026/09/29 11:17:05.304, 1, 17434, 100
2026/09/29 11:17:05.304, 2, 17434, 100
2026/09/29 11:17:05.304, 3, 17434, 100
2026/09/29 11:17:05.305, 4, 17434, 100
2026/09/29 11:17:05.305, 5, 17434, 100
2026/09/29 11:17:05.305, 6, 17434, 100
2026/09/29 11:17:05.305, 7, 17434, 100
2026/09/29 11:17:06.305, 0, 17434, 100
2026/09/29 11:17:06.305, 1, 17434, 100
2026/09/29 11:17:06.305, 2, 17434, 100
2026/09/29 11:17:06.305, 3, 17434, 100
2026/09/29 11:17:06.305, 4, 17434, 100
2026/09/29 11:17:06.305, 5, 17434, 100
2026/09/29 11:17:06.305, 6, 17434, 100
2026/09/29 11:17:06.305, 7, 17434, 100
2026/09/29 11:17:07.306, 0, 17434, 100
2026/09/29 11:17:07.306, 1, 17434, 100
2026/09/29 11:17:07.306, 2, 17434, 100
2026/09/29 11:17:07.306, 3, 17434, 100
2026/09/29 11:17:07.306, 4, 17434, 100
2026/09/29 11:17:07.306, 5, 17434, 100
2026/09/29 11:17:07.306, 6, 17434, 100
2026/09/29 11:17:07.306, 7, 17434, 100
2026/09/29 11:17:08.306, 0, 17434, 100
2026/09/29 11:17:08.306, 1, 17434, 100
2026/09/29 11:17:08.306, 2, 17434, 100
2026/09/29 11:17:08.306, 3, 17434, 100
2026/09/29 11:17:08.306, 4, 17434, 100
2026/09/29 11:17:08.307, 5, 17434, 100
2026/09/29 11:17:08.307, 6, 17434, 100
2026/09/29 11:17:08.307, 7, 17434, 100
2026/09/29 11:17:09.307, 0, 17434, 100
2026/09/29 11:17:09.307, 1, 17434, 100
2026/09/29 11:17:09.307, 2, 17434, 100
2026/09/29 11:17:09.307, 3, 17434, 100
2026/09/29 11:17:09.307, 4, 17434, 95
2026/09/29 11:17:09.307, 5, 17434, 100
2026/09/29 11:17:09.307, 6, 17434, 100
2026/09/29 11:17:09.307, 7, 17434, 100
2026/09/29 11:17:10.307, 0, 17434, 100
2026/09/29 11:17:10.308, 1, 17434, 100
2026/09/29 11:17:10.308, 2, 17434, 100
2026/09/29 11:17:10.308, 3, 17434, 100
2026/09/29 11:17:10.308, 4, 17434, 100
2026/09/29 11:17:10.308, 5, 17434, 100
2026/09/29 11:17:10.308, 6, 17434, 100
2026/09/29 11:17:10.308, 7, 17434, 100
2026/09/29 11:17:11.308, 0, 17434, 100
2026/09/29 11:17:11.308, 1, 17434, 100
2026/09/29 11:17:11.308, 2, 17434, 100
2026/09/29 11:17:11.308, 3, 17434, 100
2026/09/29 11:17:11.308, 4, 17434, 100
2026/09/29 11:17:11.308, 5, 17434, 100
2026/09/29 11:17:11.309, 6, 17434, 100
2026/09/29 11:17:11.309, 7, 17434, 100
2026/09/29 11:17:12.309, 0, 17434, 100
2026/09/29 11:17:12.309, 1, 17434, 100
2026/09/29 11:17:12.309, 2, 17434, 100
2026/09/29 11:17:12.309, 3, 17434, 100
2026/09/29 11:17:12.309, 4, 17434, 100
2026/09/29 11:17:12.309, 5, 17434, 100
2026/09/29 11:17:12.309, 6, 17434, 100
2026/09/29 11:17:12.309, 7, 17434, 100
2026/09/29 11:17:13.309, 0, 17434, 100
2026/09/29 11:17:13.309, 1, 17434, 100
2026/09/29 11:17:13.309, 2, 17434, 100
2026/09/29 11:17:13.310, 3, 17434, 100
2026/09/29 11:17:13.310, 4, 17434, 100
2026/09/29 11:17:13.310, 5, 17434, 100
2026/09/29 11:17:13.310, 6, 17434, 100
2026/09/29 11:17:13.310, 7, 17434, 100
2026/09/29 11:17:14.310, 0, 17434, 100
2026/09/29 11:17:14.310, 1, 17434, 100
2026/09/29 11:17:14.310, 2, 17434, 100
2026/09/29 11:17:14.310, 3, 17434, 100
2026/09/29 11:17:14.310, 4, 17434, 100
2026/09/29 11:17:14.310, 5, 17434, 100
2026/09/29 11:17:14.310, 6, 17434, 100
2026/09/29 11:17:14.310, 7, 17434, 100
2026/09/29 11:17:15.310, 0, 17434, 100
2026/09/29 11:17:15.311, 1, 17434, 100
2026/09/29 11:17:15.311, 2, 17434, 100
2026/09/29 11:17:15.311, 3, 17434, 100
2026/09/29 11:17:15.311, 4, 17434, 100
2026/09/29 11:17:15.311, 5, 17434, 100
2026/09/29 11:17:15.311, 6, 17434, 100
2026/09/29 11:17:15.311, 7, 17434, 100
2026/09/29 11:17:16.311, 0, 17434, 100
2026/09/29 11:17:16.311, 1, 17434, 100
2026/09/29 11:17:16.311, 2, 17434, 100
2026/09/29 11:17:16.311, 3, 17434, 100
2026/09/29 11:17:16.311, 4, 17434, 100
2026/09/29 11:17:16.311, 5, 17434, 100
2026/09/29 11:17:16.311, 6, 17434, 100
2026/09/29 11:17:16.311, 7, 17434, 100
2026/09/29 11:17:17.311, 0, 17434, 100
2026/09/29 11:17:17.312, 1, 17434, 100
2026/09/29 11:17:17.312, 2, 17434, 100
2026/09/29 11:17:17.312, 3, 17434, 100
2026/09/29 11:17:17.312, 4, 17434, 100
2026/09/29 11:17:17.312, 5, 17434, 100
2026/09/29 11:17:17.312, 6, 17434, 100
2026/09/29 11:17:17.312, 7, 17434, 100
2026/09/29 11:17:18.312, 0, 17434, 100
2026/09/29 11:17:18.312, 1, 17434, 100
2026/09/29 11:17:18.312, 2, 17434, 100
2026/09/29 11:17:18.312, 3, 17434, 100
2026/09/29 11:17:18.312, 4, 17434, 100
2026/09/29 11:17:18.312, 5, 17434, 100
2026/09/29 11:17:18.312, 6, 17434, 100
2026/09/29 11:17:18.312, 7, 17434, 100
2026/09/29 11:17:19.313, 0, 17434, 95
2026/09/29 11:17:19.313, 1, 17434, 95
2026/09/29 11:17:19.313, 2, 17434, 100
2026/09/29 11:17:19.313, 3, 17434, 96
2026/09/29 11:17:19.313, 4, 17434, 100
2026/09/29 11:17:19.313, 5, 17434, 100
2026/09/29 11:17:19.313, 6, 17434, 100
2026/09/29 11:17:19.313, 7, 17434, 100
2026/09/29 11:17:20.313, 0, 17434, 100
2026/09/29 11:17:20.313, 1, 17434, 100
2026/09/29 11:17:20.313, 2, 17434, 100
2026/09/29 11:17:20.313, 3, 17434, 100
2026/09/29 11:17:20.314, 4, 17434, 100
2026/09/29 11:17:20.314, 5, 17434, 100
2026/09/29 11:17:20.314, 6, 17434, 100
2026/09/29 11:17:20.314, 7, 17434, 100
2026/09/29 11:17:21.314, 0, 17434, 100
2026/09/29 11:17:21.319, 1, 17434, 100
2026/09/29 11:17:21.319, 2, 17434, 100
2026/09/29 11:17:21.319, 3, 17434, 100
2026/09/29 11:17:21.319, 4, 17434, 100
2026/09/29 11:17:21.319, 5, 17434, 100
2026/09/29 11:17:21.319, 6, 17434, 100
2026/09/29 11:17:21.320, 7, 17434, 100
2026/09/29 11:17:22.320, 0, 17434, 100
2026/09/29 11:17:22.320, 1, 17434, 100
2026/09/29 11:17:22.320, 2, 17434, 100
2026/09/29 11:17:22.320, 3, 17434, 100
2026/09/29 11:17:22.320, 4, 17434, 100
2026/09/29 11:17:22.320, 5, 17434, 100
2026/09/29 11:17:22.320, 6, 17434, 100
2026/09/29 11:17:22.320, 7, 17434, 100
2026/09/29 11:17:23.320, 0, 17434, 100
2026/09/29 11:17:23.320, 1, 17434, 100
2026/09/29 11:17:23.320, 2, 17434, 100
2026/09/29 11:17:23.320, 3, 17434, 100
2026/09/29 11:17:23.320, 4, 17434, 100
2026/09/29 11:17:23.320, 5, 17434, 100
2026/09/29 11:17:23.320, 6, 17434, 100
2026/09/29 11:17:23.320, 7, 17434, 100
2026/09/29 11:17:24.320, 0, 17434, 100
2026/09/29 11:17:24.320, 1, 17434, 100
2026/09/29 11:17:24.320, 2, 17434, 100
2026/09/29 11:17:24.321, 3, 17434, 100
2026/09/29 11:17:24.321, 4, 17434, 100
2026/09/29 11:17:24.321, 5, 17434, 100
2026/09/29 11:17:24.321, 6, 17434, 100
2026/09/29 11:17:24.321, 7, 17434, 100
2026/09/29 11:17:25.321, 0, 17434, 100
2026/09/29 11:17:25.321, 1, 17434, 100
2026/09/29 11:17:25.321, 2, 17434, 100
2026/09/29 11:17:25.321, 3, 17434, 100
2026/09/29 11:17:25.321, 4, 17434, 98
2026/09/29 11:17:25.321, 5, 17434, 100
2026/09/29 11:17:25.321, 6, 17434, 100
2026/09/29 11:17:25.321, 7, 17434, 100
2026/09/29 11:17:26.321, 0, 17434, 100
2026/09/29 11:17:26.322, 1, 17434, 100
2026/09/29 11:17:26.322, 2, 17434, 100
2026/09/29 11:17:26.322, 3, 17434, 100
2026/09/29 11:17:26.322, 4, 17434, 100
2026/09/29 11:17:26.322, 5, 17434, 100
2026/09/29 11:17:26.322, 6, 17434, 100
2026/09/29 11:17:26.322, 7, 17434, 100
2026/09/29 11:17:27.322, 0, 17434, 100
2026/09/29 11:17:27.322, 1, 17434, 100
2026/09/29 11:17:27.322, 2, 17434, 100
2026/09/29 11:17:27.322, 3, 17434, 100
2026/09/29 11:17:27.322, 4, 17434, 100
2026/09/29 11:17:27.322, 5, 17434, 100
2026/09/29 11:17:27.322, 6, 17434, 100
2026/09/29 11:17:27.322, 7, 17434, 100
2026/09/29 11:17:28.323, 0, 17434, 100
2026/09/29 11:17:28.323, 1, 17434, 100
2026/09/29 11:17:28.323, 2, 17434, 100
2026/09/29 11:17:28.323, 3, 17434, 100
2026/09/29 11:17:28.323, 4, 17434, 100
2026/09/29 11:17:28.323, 5, 17434, 100
2026/09/29 11:17:28.323, 6, 17434, 100
2026/09/29 11:17:28.323, 7, 17434, 100
2026/09/29 11:17:29.323, 0, 17434, 100
2026/09/29 11:17:29.323, 1, 17434, 100
2026/09/29 11:17:29.323, 2, 17434, 100
2026/09/29 11:17:29.323, 3, 17434, 100
2026/09/29 11:17:29.323, 4, 17434, 100
2026/09/29 11:17:29.323, 5, 17434, 100
2026/09/29 11:17:29.323, 6, 17434, 100
2026/09/29 11:17:29.324, 7, 17434, 100
2026/09/29 11:17:30.324, 0, 17434, 100
2026/09/29 11:17:30.324, 1, 17434, 100
2026/09/29 11:17:30.324, 2, 17434, 100
2026/09/29 11:17:30.324, 3, 17434, 100
2026/09/29 11:17:30.324, 4, 17434, 100
2026/09/29 11:17:30.324, 5, 17434, 100
2026/09/29 11:17:30.324, 6, 17434, 100
2026/09/29 11:17:30.324, 7, 17434, 100
2026/09/29 11:17:31.324, 0, 17434, 100
2026/09/29 11:17:31.324, 1, 17434, 100
2026/09/29 11:17:31.324, 2, 17434, 100
2026/09/29 11:17:31.324, 3, 17434, 100
2026/09/29 11:17:31.325, 4, 17434, 100
2026/09/29 11:17:31.325, 5, 17434, 100
2026/09/29 11:17:31.325, 6, 17434, 100
2026/09/29 11:17:31.325, 7, 17434, 100
2026/09/29 11:17:32.325, 0, 17434, 100
2026/09/29 11:17:32.325, 1, 17434, 100
2026/09/29 11:17:32.325, 2, 17434, 100
2026/09/29 11:17:32.325, 3, 17434, 100
2026/09/29 11:17:32.325, 4, 17434, 100
2026/09/29 11:17:32.325, 5, 17434, 100
2026/09/29 11:17:32.325, 6, 17434, 100
2026/09/29 11:17:32.325, 7, 17434, 100
2026/09/29 11:17:33.325, 0, 17434, 100
2026/09/29 11:17:33.325, 1, 17434, 100
2026/09/29 11:17:33.326, 2, 17434, 100
2026/09/29 11:17:33.326, 3, 17434, 100
2026/09/29 11:17:33.326, 4, 17434, 100
2026/09/29 11:17:33.326, 5, 17434, 100
2026/09/29 11:17:33.326, 6, 17434, 100
2026/09/29 11:17:33.326, 7, 17434, 100
2026/09/29 11:17:34.326, 0, 17434, 100
2026/09/29 11:17:34.326, 1, 17434, 100
2026/09/29 11:17:34.326, 2, 17434, 100
2026/09/29 11:17:34.326, 3, 17434, 100
2026/09/29 11:17:34.326, 4, 17434, 100
2026/09/29 11:17:34.326, 5, 17434, 100
2026/09/29 11:17:34.326, 6, 17434, 100
2026/09/29 11:17:34.327, 7, 17434, 100
2026/09/29 11:17:35.327, 0, 17434, 100
2026/09/29 11:17:35.327, 1, 17434, 98
2026/09/29 11:17:35.327, 2, 17434, 98
2026/09/29 11:17:35.327, 3, 17434, 98
2026/09/29 11:17:35.327, 4, 17434, 100
2026/09/29 11:17:35.327, 5, 17434, 100
2026/09/29 11:17:35.327, 6, 17434, 100
2026/09/29 11:17:35.327, 7, 17434, 100
2026/09/29 11:17:36.327, 0, 17434, 100
2026/09/29 11:17:36.327, 1, 17434, 100
2026/09/29 11:17:36.327, 2, 17434, 100
2026/09/29 11:17:36.328, 3, 17434, 100
2026/09/29 11:17:36.328, 4, 17434, 100
2026/09/29 11:17:36.328, 5, 17434, 100
2026/09/29 11:17:36.328, 6, 17434, 100
2026/09/29 11:17:36.328, 7, 17434, 100
2026/09/29 11:17:37.328, 0, 17434, 100
2026/09/29 11:17:37.328, 1, 17434, 100
2026/09/29 11:17:37.328, 2, 17434, 100
2026/09/29 11:17:37.328, 3, 17434, 100
2026/09/29 11:17:37.328, 4, 17434, 100
2026/09/29 11:17:37.328, 5, 17434, 100
2026/09/29 11:17:37.328, 6, 17434, 100
2026/09/29 11:17:37.328, 7, 17434, 100
2026/09/29 11:17:38.328, 0, 17434, 100
2026/09/29 11:17:38.329, 1, 17434, 100
2026/09/29 11:17:38.329, 2, 17434, 100
2026/09/29 11:17:38.329, 3, 17434, 100
2026/09/29 11:17:38.329, 4, 17434, 100
2026/09/29 11:17:38.329, 5, 17434, 100
2026/09/29 11:17:38.329, 6, 17434, 100
2026/09/29 11:17:38.329, 7, 17434, 100
2026/09/29 11:17:39.329, 0, 17434, 100
2026/09/29 11:17:39.329, 1, 17434, 100
2026/09/29 11:17:39.329, 2, 17434, 100
2026/09/29 11:17:39.329, 3, 17434, 100
2026/09/29 11:17:39.329, 4, 17434, 100
2026/09/29 11:17:39.329, 5, 17434, 100
2026/09/29 11:17:39.329, 6, 17434, 100
2026/09/29 11:17:39.329, 7, 17434, 100
2026/09/29 11:17:40.330, 0, 17434, 100
2026/09/29 11:17:40.330, 1, 17434, 100
2026/09/29 11:17:40.330, 2, 17434, 100
2026/09/29 11:17:40.330, 3, 17434, 100
2026/09/29 11:17:40.330, 4, 17434, 100
2026/09/29 11:17:40.330, 5, 17434, 100
2026/09/29 11:17:40.330, 6, 17434, 99
2026/09/29 11:17:40.330, 7, 17434, 100
2026/09/29 11:17:41.330, 0, 17434, 100
2026/09/29 11:17:41.330, 1, 17434, 100
2026/09/29 11:17:41.330, 2, 17434, 100
2026/09/29 11:17:41.330, 3, 17434, 100
2026/09/29 11:17:41.330, 4, 17434, 100
2026/09/29 11:17:41.330, 5, 17434, 100
2026/09/29 11:17:41.330, 6, 17434, 100
2026/09/29 11:17:41.331, 7, 17434, 100
2026/09/29 11:17:42.331, 0, 17434, 100
2026/09/29 11:17:42.331, 1, 17434, 100
2026/09/29 11:17:42.331, 2, 17434, 100
2026/09/29 11:17:42.331, 3, 17434, 100
2026/09/29 11:17:42.331, 4, 17434, 100
2026/09/29 11:17:42.331, 5, 17434, 100
2026/09/29 11:17:42.331, 6, 17434, 100
2026/09/29 11:17:42.331, 7, 17434, 100
2026/09/29 11:17:43.331, 0, 17434, 100
2026/09/29 11:17:43.331, 1, 17434, 100
2026/09/29 11:17:43.331, 2, 17434, 100
2026/09/29 11:17:43.331, 3, 17434, 100
2026/09/29 11:17:43.332, 4, 17434, 100
2026/09/29 11:17:43.332, 5, 17434, 100
2026/09/29 11:17:43.332, 6, 17434, 100
2026/09/29 11:17:43.332, 7, 17434, 100
2026/09/29 11:17:44.332, 0, 17434, 100
2026/09/29 11:17:44.332, 1, 17434, 100
2026/09/29 11:17:44.332, 2, 17434, 100
2026/09/29 11:17:44.332, 3, 17434, 100
2026/09/29 11:17:44.332, 4, 17434, 100
2026/09/29 11:17:44.332, 5, 17434, 100
2026/09/29 11:17:44.332, 6, 17434, 100
2026/09/29 11:17:44.332, 7, 17434, 100
2026/09/29 11:17:45.332, 0, 17434, 100
2026/09/29 11:17:45.333, 1, 17434, 100
2026/09/29 11:17:45.333, 2, 17434, 100
2026/09/29 11:17:45.333, 3, 17434, 100
2026/09/29 11:17:45.333, 4, 17434, 100
2026/09/29 11:17:45.333, 5, 17434, 100
2026/09/29 11:17:45.333, 6, 17434, 100
2026/09/29 11:17:45.333, 7, 17434, 100
2026/09/29 11:17:46.333, 0, 17434, 100
2026/09/29 11:17:46.333, 1, 17434, 100
2026/09/29 11:17:46.333, 2, 17434, 100
2026/09/29 11:17:46.333, 3, 17434, 100
2026/09/29 11:17:46.333, 4, 17434, 100
2026/09/29 11:17:46.333, 5, 17434, 100
2026/09/29 11:17:46.333, 6, 17434, 100
2026/09/29 11:17:46.333, 7, 17434, 96
2026/09/29 11:17:47.334, 0, 17434, 100
2026/09/29 11:17:47.334, 1, 17434, 100
2026/09/29 11:17:47.334, 2, 17434, 100
2026/09/29 11:17:47.334, 3, 17434, 100
2026/09/29 11:17:47.334, 4, 17434, 100
2026/09/29 11:17:47.334, 5, 17434, 100
2026/09/29 11:17:47.334, 6, 17434, 100
2026/09/29 11:17:47.334, 7, 17434, 100
2026/09/29 11:17:48.334, 0, 17434, 100
2026/09/29 11:17:48.334, 1, 17434, 100
2026/09/29 11:17:48.334, 2, 17434, 100
2026/09/29 11:17:48.334, 3, 17434, 100
2026/09/29 11:17:48.334, 4, 17434, 100
2026/09/29 11:17:48.334, 5, 17434, 100
2026/09/29 11:17:48.334, 6, 17434, 100
2026/09/29 11:17:48.335, 7, 17434, 100
2026/09/29 11:17:49.335, 0, 17434, 100
2026/09/29 11:17:49.335, 1, 17434, 100
2026/09/29 11:17:49.335, 2, 17434, 100
2026/09/29 11:17:49.335, 3, 17434, 100
2026/09/29 11:17:49.335, 4, 17434, 100
2026/09/29 11:17:49.335, 5, 17434, 99
2026/09/29 11:17:49.335, 6, 17434, 100
2026/09/29 11:17:49.335, 7, 17434, 100
2026/09/29 11:17:50.335, 0, 17434, 100
2026/09/29 11:17:50.335, 1, 17434, 100
2026/09/29 11:17:50.335, 2, 17434, 100
2026/09/29 11:17:50.335, 3, 17434, 100
2026/09/29 11:17:50.336, 4, 17434, 100
2026/09/29 11:17:50.336, 5, 17434, 100
2026/09/29 11:17:50.336, 6, 17434, 100
2026/09/29 11:17:50.336, 7, 17434, 100
2026/09/29 11:17:51.336, 0, 17434, 100
2026/09/29 11:17:51.337, 1, 17434, 100
2026/09/29 11:17:51.337, 2, 17434, 100
2026/09/29 11:17:51.337, 3, 17434, 100
2026/09/29 11:17:51.337, 4, 17434, 100
2026/09/29 11:17:51.337, 5, 17434, 95
2026/09/29 11:17:51.337, 6, 17434, 100
2026/09/29 11:17:51.337, 7, 17434, 100
2026/09/29 11:17:52.337, 0, 17434, 100
2026/09/29 11:17:52.337, 1, 17434, 100
2026/09/29 11:17:52.337, 2, 17434, 100
2026/09/29 11:17:52.337, 3, 17434, 100
2026/09/29 11:17:52.337, 4, 17434, 100
2026/09/29 11:17:52.337, 5, 17434, 100
2026/09/29 11:17:52.337, 6, 17434, 100
2026/09/29 11:17:52.337, 7, 17434, 100
2026/09/29 11:17:53.338, 0, 17434, 100
2026/09/29 11:17:53.338, 1, 17434, 100
2026/09/29 11:17:53.338, 2, 17434, 100
2026/09/29 11:17:53.338, 3, 17434, 100
2026/09/29 11:17:53.338, 4, 17434, 100
2026/09/29 11:17:53.338, 5, 17434, 100
2026/09/29 11:17:53.338, 6, 17434, 100
2026/09/29 11:17:53.338, 7, 17434, 100
2026/09/29 11:17:54.338, 0, 17434, 100
2026/09/29 11:17:54.338, 1, 17434, 100
2026/09/29 11:17:54.338, 2, 17434, 100
2026/09/29 11:17:54.338, 3, 17434, 100
2026/09/29 11:17:54.338, 4, 17434, 100
2026/09/29 11:17:54.338, 5, 17434, 100
2026/09/29 11:17:54.338, 6, 17434, 100
2026/09/29 11:17:54.339, 7, 17434, 100
2026/09/29 11:17:55.339, 0, 17434, 100
2026/09/29 11:17:55.339, 1, 17434, 100
2026/09/29 11:17:55.339, 2, 17434, 100
2026/09/29 11:17:55.339, 3, 17434, 100
2026/09/29 11:17:55.339, 4, 17434, 100
2026/09/29 11:17:55.339, 5, 17434, 100
2026/09/29 11:17:55.339, 6, 17434, 100
2026/09/29 11:17:55.339, 7, 17434, 100
2026/09/29 11:17:56.339, 0, 17434, 100
2026/09/29 11:17:56.339, 1, 17434, 100
2026/09/29 11:17:56.339, 2, 17434, 100
2026/09/29 11:17:56.339, 3, 17434, 96
2026/09/29 11:17:56.339, 4, 17434, 100
2026/09/29 11:17:56.339, 5, 17434, 99
2026/09/29 11:17:56.339, 6, 17434, 98
2026/09/29 11:17:56.339, 7, 17434, 100
2026/09/29 11:17:57.340, 0, 17434, 100
2026/09/29 11:17:57.340, 1, 17434, 100
2026/09/29 11:17:57.340, 2, 17434, 100
2026/09/29 11:17:57.340, 3, 17434, 100
2026/09/29 11:17:57.340, 4, 17434, 100
2026/09/29 11:17:57.340, 5, 17434, 100
2026/09/29 11:17:57.340, 6, 17434, 100
2026/09/29 11:17:57.340, 7, 17434, 100
2026/09/29 11:17:58.340, 0, 17434, 100
2026/09/29 11:17:58.340, 1, 17434, 100
2026/09/29 11:17:58.340, 2, 17434, 100
2026/09/29 11:17:58.341, 3, 17434, 100
2026/09/29 11:17:58.341, 4, 17434, 100
2026/09/29 11:17:58.341, 5, 17434, 100
2026/09/29 11:17:58.341, 6, 17434, 100
2026/09/29 11:17:58.341, 7, 17434, 100
2026/09/29 11:17:59.341, 0, 17434, 100
2026/09/29 11:17:59.341, 1, 17434, 100
2026/09/29 11:17:59.341, 2, 17434, 100
2026/09/29 11:17:59.341, 3, 17434, 100
2026/09/29 11:17:59.341, 4, 17434, 100
2026/09/29 11:17:59.341, 5, 17434, 100
2026/09/29 11:17:59.341, 6, 17434, 100
2026/09/29 11:17:59.341, 7, 17434, 100
2026/09/29 11:18:00.342, 0, 17434, 100
2026/09/29 11:18:00.342, 1, 17434, 100
2026/09/29 11:18:00.342, 2, 17434, 100
2026/09/29 11:18:00.342, 3, 17434, 100
2026/09/29 11:18:00.342, 4, 17434, 100
2026/09/29 11:18:00.342, 5, 17434, 100
2026/09/29 11:18:00.342, 6, 17434, 100
2026/09/29 11:18:00.342, 7, 17434, 100
2026/09/29 11:18:01.342, 0, 17434, 100
2026/09/29 11:18:01.342, 1, 17434, 100
2026/09/29 11:18:01.342, 2, 17434, 100
2026/09/29 11:18:01.343, 3, 17434, 100
2026/09/29 11:18:01.343, 4, 17434, 100
2026/09/29 11:18:01.343, 5, 17434, 100
2026/09/29 11:18:01.343, 6, 17434, 100
2026/09/29 11:18:01.343, 7, 17434, 100
2026/09/29 11:18:02.343, 0, 17434, 100
2026/09/29 11:18:02.343, 1, 17434, 100
2026/09/29 11:18:02.343, 2, 17434, 100
2026/09/29 11:18:02.343, 3, 17434, 100
2026/09/29 11:18:02.343, 4, 17434, 99
2026/09/29 11:18:02.343, 5, 17434, 100
2026/09/29 11:18:02.343, 6, 17434, 100
2026/09/29 11:18:02.343, 7, 17434, 98
2026/09/29 11:18:03.343, 0, 17434, 100
2026/09/29 11:18:03.344, 1, 17434, 100
2026/09/29 11:18:03.344, 2, 17434, 100
2026/09/29 11:18:03.344, 3, 17434, 100
2026/09/29 11:18:03.344, 4, 17434, 100
2026/09/29 11:18:03.344, 5, 17434, 100
2026/09/29 11:18:03.344, 6, 17434, 100
2026/09/29 11:18:03.344, 7, 17434, 100
2026/09/29 11:18:04.344, 0, 17434, 100
2026/09/29 11:18:04.344, 1, 17434, 100
2026/09/29 11:18:04.344, 2, 17434, 100
2026/09/29 11:18:04.344, 3, 17434, 100
2026/09/29 11:18:04.344, 4, 17434, 100
2026/09/29 11:18:04.344, 5, 17434, 100
2026/09/29 11:18:04.344, 6, 17434, 100
2026/09/29 11:18:04.344, 7, 17434, 100
2026/09/29 11:18:05.345, 0, 17434, 100
2026/09/29 11:18:05.345, 1, 17434, 100
2026/09/29 11:18:05.345, 2, 17434, 100
2026/09/29 11:18:05.345, 3, 17434, 100
2026/09/29 11:18:05.345, 4, 17434, 100
2026/09/29 11:18:05.345, 5, 17434, 100
2026/09/29 11:18:05.345, 6, 17434, 100
2026/09/29 11:18:05.345, 7, 17434, 100
2026/09/29 11:18:06.345, 0, 17434, 100
2026/09/29 11:18:06.345, 1, 17434, 100
2026/09/29 11:18:06.345, 2, 17434, 100
2026/09/29 11:18:06.346, 3, 17434, 100
2026/09/29 11:18:06.346, 4, 17434, 100
2026/09/29 11:18:06.346, 5, 17434, 100
2026/09/29 11:18:06.346, 6, 17434, 100
2026/09/29 11:18:06.346, 7, 17434, 100
2026/09/29 11:18:07.346, 0, 17434, 100
2026/09/29 11:18:07.346, 1, 17434, 100
2026/09/29 11:18:07.346, 2, 17434, 100
2026/09/29 11:18:07.346, 3, 17434, 100
2026/09/29 11:18:07.346, 4, 17434, 100
2026/09/29 11:18:07.346, 5, 17434, 99
2026/09/29 11:18:07.346, 6, 17434, 100
2026/09/29 11:18:07.347, 7, 17434, 100
2026/09/29 11:18:08.347, 0, 17434, 100
2026/09/29 11:18:08.347, 1, 17434, 100
2026/09/29 11:18:08.347, 2, 17434, 100
2026/09/29 11:18:08.347, 3, 17434, 100
2026/09/29 11:18:08.347, 4, 17434, 100
2026/09/29 11:18:08.347, 5, 17434, 100
2026/09/29 11:18:08.347, 6, 17434, 100
2026/09/29 11:18:08.347, 7, 17434, 100
2026/09/29 11:18:09.347, 0, 17434, 100
2026/09/29 11:18:09.347, 1, 17434, 100
2026/09/29 11:18:09.347, 2, 17434, 100
2026/09/29 11:18:09.347, 3, 17434, 100
2026/09/29 11:18:09.348, 4, 17434, 100
2026/09/29 11:18:09.348, 5, 17434, 100
2026/09/29 11:18:09.348, 6, 17434, 100
2026/09/29 11:18:09.348, 7, 17434, 100
2026/09/29 11:18:10.348, 0, 17434, 100
2026/09/29 11:18:10.348, 1, 17434, 100
2026/09/29 11:18:10.348, 2, 17434, 100
2026/09/29 11:18:10.348, 3, 17434, 100
2026/09/29 11:18:10.348, 4, 17434, 100
2026/09/29 11:18:10.348, 5, 17434, 100
2026/09/29 11:18:10.348, 6, 17434, 100
2026/09/29 11:18:10.348, 7, 17434, 100
2026/09/29 11:18:11.348, 0, 17434, 100
2026/09/29 11:18:11.348, 1, 17434, 100
2026/09/29 11:18:11.349, 2, 17434, 100
2026/09/29 11:18:11.349, 3, 17434, 100
2026/09/29 11:18:11.349, 4, 17434, 100
2026/09/29 11:18:11.349, 5, 17434, 100
2026/09/29 11:18:11.349, 6, 17434, 100
2026/09/29 11:18:11.349, 7, 17434, 100
2026/09/29 11:18:12.349, 0, 17434, 95
2026/09/29 11:18:12.349, 1, 17434, 100
2026/09/29 11:18:12.349, 2, 17434, 100
2026/09/29 11:18:12.349, 3, 17434, 97
2026/09/29 11:18:12.349, 4, 17434, 100
2026/09/29 11:18:12.349, 5, 17434, 100
2026/09/29 11:18:12.349, 6, 17434, 99
2026/09/29 11:18:12.349, 7, 17434, 100
2026/09/29 11:18:13.350, 0, 17434, 100
2026/09/29 11:18:13.350, 1, 17434, 100
2026/09/29 11:18:13.350, 2, 17434, 100
2026/09/29 11:18:13.350, 3, 17434, 100
2026/09/29 11:18:13.350, 4, 17434, 100
2026/09/29 11:18:13.350, 5, 17434, 100
2026/09/29 11:18:13.350, 6, 17434, 100
2026/09/29 11:18:13.350, 7, 17434, 100
2026/09/29 11:18:14.350, 0, 17434, 100
2026/09/29 11:18:14.350, 1, 17434, 100
2026/09/29 11:18:14.351, 2, 17434, 100
2026/09/29 11:18:14.351, 3, 17434, 100
2026/09/29 11:18:14.351, 4, 17434, 100
2026/09/29 11:18:14.351, 5, 17434, 100
2026/09/29 11:18:14.351, 6, 17434, 100
2026/09/29 11:18:14.351, 7, 17434, 100
2026/09/29 11:18:15.351, 0, 17434, 100
2026/09/29 11:18:15.351, 1, 17434, 100
2026/09/29 11:18:15.351, 2, 17434, 100
2026/09/29 11:18:15.351, 3, 17434, 100
2026/09/29 11:18:15.351, 4, 17434, 100
2026/09/29 11:18:15.351, 5, 17434, 100
2026/09/29 11:18:15.351, 6, 17434, 100
2026/09/29 11:18:15.351, 7, 17434, 100
2026/09/29 11:18:16.351, 0, 17434, 100
2026/09/29 11:18:16.352, 1, 17434, 100
2026/09/29 11:18:16.352, 2, 17434, 100
2026/09/29 11:18:16.352, 3, 17434, 100
2026/09/29 11:18:16.352, 4, 17434, 100
2026/09/29 11:18:16.352, 5, 17434, 100
2026/09/29 11:18:16.352, 6, 17434, 100
2026/09/29 11:18:16.352, 7, 17434, 100
2026/09/29 11:18:17.352, 0, 17434, 100
2026/09/29 11:18:17.352, 1, 17434, 100
2026/09/29 11:18:17.352, 2, 17434, 100
2026/09/29 11:18:17.352, 3, 17434, 100
2026/09/29 11:18:17.352, 4, 17434, 100
2026/09/29 11:18:17.352, 5, 17434, 100
2026/09/29 11:18:17.352, 6, 17434, 100
2026/09/29 11:18:17.353, 7, 17434, 100
2026/09/29 11:18:18.353, 0, 17434, 100
2026/09/29 11:18:18.353, 1, 17434, 100
2026/09/29 11:18:18.353, 2, 17434, 100
2026/09/29 11:18:18.353, 3, 17434, 100
2026/09/29 11:18:18.353, 4, 17434, 100
2026/09/29 11:18:18.353, 5, 17434, 100
2026/09/29 11:18:18.353, 6, 17434, 100
2026/09/29 11:18:18.353, 7, 17434, 100
2026/09/29 11:18:19.353, 0, 17434, 100
2026/09/29 11:18:19.353, 1, 17434, 100
2026/09/29 11:18:19.353, 2, 17434, 100
2026/09/29 11:18:19.354, 3, 17434, 100
2026/09/29 11:18:19.354, 4, 17434, 100
2026/09/29 11:18:19.354, 5, 17434, 100
2026/09/29 11:18:19.354, 6, 17434, 100
2026/09/29 11:18:19.354, 7, 17434, 100
2026/09/29 11:18:20.354, 0, 17434, 100
2026/09/29 11:18:20.354, 1, 17434, 100
2026/09/29 11:18:20.354, 2, 17434, 100
2026/09/29 11:18:20.354, 3, 17434, 100
2026/09/29 11:18:20.354, 4, 17434, 100
2026/09/29 11:18:20.354, 5, 17434, 100
2026/09/29 11:18:20.354, 6, 17434, 100
2026/09/29 11:18:20.354, 7, 17434, 100
2026/09/29 11:18:21.355, 0, 17434, 100
2026/09/29 11:18:21.355, 1, 17434, 100
2026/09/29 11:18:21.356, 2, 17434, 100
2026/09/29 11:18:21.362, 3, 17434, 100
2026/09/29 11:18:21.363, 4, 17434, 100
2026/09/29 11:18:21.363, 5, 17434, 100
2026/09/29 11:18:21.363, 6, 17434, 100
2026/09/29 11:18:21.363, 7, 17434, 100
2026/09/29 11:18:22.363, 0, 17434, 100
2026/09/29 11:18:22.363, 1, 17434, 100
2026/09/29 11:18:22.363, 2, 17434, 100
2026/09/29 11:18:22.363, 3, 17434, 99
2026/09/29 11:18:22.364, 4, 17434, 100
2026/09/29 11:18:22.364, 5, 17434, 100
2026/09/29 11:18:22.364, 6, 17434, 100
2026/09/29 11:18:22.364, 7, 17434, 100
2026/09/29 11:18:23.364, 0, 17434, 100
2026/09/29 11:18:23.364, 1, 17434, 100
2026/09/29 11:18:23.364, 2, 17434, 100
2026/09/29 11:18:23.364, 3, 17434, 100
2026/09/29 11:18:23.364, 4, 17434, 100
2026/09/29 11:18:23.364, 5, 17434, 100
2026/09/29 11:18:23.364, 6, 17434, 100
2026/09/29 11:18:23.364, 7, 17434, 100
2026/09/29 11:18:24.364, 0, 17434, 100
2026/09/29 11:18:24.365, 1, 17434, 100
2026/09/29 11:18:24.365, 2, 17434, 100
2026/09/29 11:18:24.365, 3, 17434, 100
2026/09/29 11:18:24.365, 4, 17434, 100
2026/09/29 11:18:24.365, 5, 17434, 100
2026/09/29 11:18:24.365, 6, 17434, 100
2026/09/29 11:18:24.365, 7, 17434, 100
2026/09/29 11:18:25.365, 0, 17434, 100
2026/09/29 11:18:25.365, 1, 17434, 100
2026/09/29 11:18:25.365, 2, 17434, 100
2026/09/29 11:18:25.365, 3, 17434, 100
2026/09/29 11:18:25.365, 4, 17434, 100
2026/09/29 11:18:25.366, 5, 17434, 100
2026/09/29 11:18:25.366, 6, 17434, 100
2026/09/29 11:18:25.366, 7, 17434, 100
2026/09/29 11:18:26.366, 0, 17434, 100
2026/09/29 11:18:26.366, 1, 17434, 100
2026/09/29 11:18:26.366, 2, 17434, 100
2026/09/29 11:18:26.366, 3, 17434, 100
2026/09/29 11:18:26.366, 4, 17434, 100
2026/09/29 11:18:26.366, 5, 17434, 100
2026/09/29 11:18:26.366, 6, 17434, 100
2026/09/29 11:18:26.366, 7, 17434, 100
2026/09/29 11:18:27.366, 0, 17434, 100
2026/09/29 11:18:27.367, 1, 17434, 100
2026/09/29 11:18:27.367, 2, 17434, 100
2026/09/29 11:18:27.367, 3, 17434, 100
2026/09/29 11:18:27.367, 4, 17434, 100
2026/09/29 11:18:27.367, 5, 17434, 100
2026/09/29 11:18:27.367, 6, 17434, 100
2026/09/29 11:18:27.367, 7, 17434, 100
2026/09/29 11:18:28.367, 0, 17434, 100
2026/09/29 11:18:28.367, 1, 17434, 98
2026/09/29 11:18:28.367, 2, 17434, 96
2026/09/29 11:18:28.367, 3, 17434, 100
2026/09/29 11:18:28.367, 4, 17434, 100
2026/09/29 11:18:28.367, 5, 17434, 100
2026/09/29 11:18:28.367, 6, 17434, 100
2026/09/29 11:18:28.367, 7, 17434, 100
2026/09/29 11:18:29.367, 0, 17434, 100
2026/09/29 11:18:29.368, 1, 17434, 100
2026/09/29 11:18:29.368, 2, 17434, 100
2026/09/29 11:18:29.368, 3, 17434, 100
2026/09/29 11:18:29.368, 4, 17434, 100
2026/09/29 11:18:29.368, 5, 17434, 100
2026/09/29 11:18:29.368, 6, 17434, 100
2026/09/29 11:18:29.368, 7, 17434, 100
2026/09/29 11:18:30.368, 0, 17434, 100
2026/09/29 11:18:30.368, 1, 17434, 100
2026/09/29 11:18:30.368, 2, 17434, 100
2026/09/29 11:18:30.368, 3, 17434, 100
2026/09/29 11:18:30.368, 4, 17434, 100
2026/09/29 11:18:30.368, 5, 17434, 100
2026/09/29 11:18:30.368, 6, 17434, 100
2026/09/29 11:18:30.369, 7, 17434, 100
2026/09/29 11:18:31.369, 0, 17434, 100
2026/09/29 11:18:31.369, 1, 17434, 100
2026/09/29 11:18:31.369, 2, 17434, 100
2026/09/29 11:18:31.369, 3, 17434, 100
2026/09/29 11:18:31.369, 4, 17434, 100
2026/09/29 11:18:31.369, 5, 17434, 100
2026/09/29 11:18:31.369, 6, 17434, 100
2026/09/29 11:18:31.369, 7, 17434, 100
2026/09/29 11:18:32.369, 0, 17434, 100
2026/09/29 11:18:32.369, 1, 17434, 100
2026/09/29 11:18:32.369, 2, 17434, 100
2026/09/29 11:18:32.369, 3, 17434, 100
2026/09/29 11:18:32.369, 4, 17434, 100
2026/09/29 11:18:32.370, 5, 17434, 100
2026/09/29 11:18:32.370, 6, 17434, 100
2026/09/29 11:18:32.370, 7, 17434, 100
2026/09/29 11:18:33.370, 0, 17434, 100
2026/09/29 11:18:33.370, 1, 17434, 100
2026/09/29 11:18:33.370, 2, 17434, 100
2026/09/29 11:18:33.370, 3, 17434, 100
2026/09/29 11:18:33.370, 4, 17434, 100
2026/09/29 11:18:33.370, 5, 17434, 100
2026/09/29 11:18:33.370, 6, 17434, 97
2026/09/29 11:18:33.370, 7, 17434, 100
2026/09/29 11:18:34.370, 0, 17434, 100
2026/09/29 11:18:34.370, 1, 17434, 100
2026/09/29 11:18:34.370, 2, 17434, 100
2026/09/29 11:18:34.371, 3, 17434, 100
2026/09/29 11:18:34.371, 4, 17434, 100
2026/09/29 11:18:34.371, 5, 17434, 100
2026/09/29 11:18:34.371, 6, 17434, 100
2026/09/29 11:18:34.371, 7, 17434, 100
2026/09/29 11:18:35.371, 0, 17434, 100
2026/09/29 11:18:35.371, 1, 17434, 100
2026/09/29 11:18:35.371, 2, 17434, 100
2026/09/29 11:18:35.371, 3, 17434, 100
2026/09/29 11:18:35.371, 4, 17434, 100
2026/09/29 11:18:35.371, 5, 17434, 100
2026/09/29 11:18:35.371, 6, 17434, 100
2026/09/29 11:18:35.371, 7, 17434, 100
2026/09/29 11:18:36.371, 0, 17434, 100
2026/09/29 11:18:36.375, 1, 17434, 100
2026/09/29 11:18:36.376, 2, 17434, 100
2026/09/29 11:18:36.376, 3, 17434, 100
2026/09/29 11:18:36.376, 4, 17434, 100
2026/09/29 11:18:36.376, 5, 17434, 100
2026/09/29 11:18:36.376, 6, 17434, 100
2026/09/29 11:18:36.376, 7, 17434, 100
2026/09/29 11:18:37.376, 0, 17434, 100
2026/09/29 11:18:37.376, 1, 17434, 100
2026/09/29 11:18:37.376, 2, 17434, 100
2026/09/29 11:18:37.376, 3, 17434, 100
2026/09/29 11:18:37.376, 4, 17434, 100
2026/09/29 11:18:37.376, 5, 17434, 100
2026/09/29 11:18:37.376, 6, 17434, 100
2026/09/29 11:18:37.376, 7, 17434, 100
2026/09/29 11:18:38.377, 0, 17434, 100
2026/09/29 11:18:38.377, 1, 17434, 100
2026/09/29 11:18:38.377, 2, 17434, 100
2026/09/29 11:18:38.377, 3, 17434, 100
2026/09/29 11:18:38.377, 4, 17434, 100
2026/09/29 11:18:38.377, 5, 17434, 100
2026/09/29 11:18:38.377, 6, 17434, 100
2026/09/29 11:18:38.377, 7, 17434, 100
2026/09/29 11:18:39.377, 0, 17434, 100
2026/09/29 11:18:39.377, 1, 17434, 100
2026/09/29 11:18:39.377, 2, 17434, 100
2026/09/29 11:18:39.377, 3, 17434, 100
2026/09/29 11:18:39.378, 4, 17434, 99
2026/09/29 11:18:39.378, 5, 17434, 100
2026/09/29 11:18:39.378, 6, 17434, 100
2026/09/29 11:18:39.378, 7, 17434, 96
2026/09/29 11:18:40.378, 0, 17434, 100
2026/09/29 11:18:40.378, 1, 17434, 100
2026/09/29 11:18:40.378, 2, 17434, 100
2026/09/29 11:18:40.378, 3, 17434, 100
2026/09/29 11:18:40.378, 4, 17434, 100
2026/09/29 11:18:40.378, 5, 17434, 100
2026/09/29 11:18:40.378, 6, 17434, 100
2026/09/29 11:18:40.378, 7, 17434, 100
2026/09/29 11:18:41.378, 0, 17434, 100
2026/09/29 11:18:41.379, 1, 17434, 100
2026/09/29 11:18:41.379, 2, 17434, 100
2026/09/29 11:18:41.379, 3, 17434, 100
2026/09/29 11:18:41.379, 4, 17434, 100
2026/09/29 11:18:41.379, 5, 17434, 100
2026/09/29 11:18:41.379, 6, 17434, 100
2026/09/29 11:18:41.379, 7, 17434, 100
2026/09/29 11:18:42.379, 0, 17434, 100
2026/09/29 11:18:42.379, 1, 17434, 100
2026/09/29 11:18:42.379, 2, 17434, 100
2026/09/29 11:18:42.379, 3, 17434, 100
2026/09/29 11:18:42.379, 4, 17434, 100
2026/09/29 11:18:42.380, 5, 17434, 100
2026/09/29 11:18:42.380, 6, 17434, 100
2026/09/29 11:18:42.380, 7, 17434, 100
2026/09/29 11:18:43.380, 0, 17434, 100
2026/09/29 11:18:43.380, 1, 17434, 100
2026/09/29 11:18:43.380, 2, 17434, 100
2026/09/29 11:18:43.380, 3, 17434, 100
2026/09/29 11:18:43.380, 4, 17434, 100
2026/09/29 11:18:43.381, 5, 17434, 100
2026/09/29 11:18:43.381, 6, 17434, 100
2026/09/29 11:18:43.381, 7, 17434, 100
2026/09/29 11:18:44.381, 0, 17434, 100
2026/09/29 11:18:44.381, 1, 17434, 100
2026/09/29 11:18:44.381, 2, 17434, 100
2026/09/29 11:18:44.381, 3, 17434, 100
2026/09/29 11:18:44.381, 4, 17434, 100
2026/09/29 11:18:44.381, 5, 17434, 96
2026/09/29 11:18:44.381, 6, 17434, 100
2026/09/29 11:18:44.381, 7, 17434, 100
2026/09/29 11:18:45.382, 0, 17434, 100
2026/09/29 11:18:45.382, 1, 17434, 100
2026/09/29 11:18:45.382, 2, 17434, 100
2026/09/29 11:18:45.382, 3, 17434, 100
2026/09/29 11:18:45.382, 4, 17434, 100
2026/09/29 11:18:45.382, 5, 17434, 100
2026/09/29 11:18:45.382, 6, 17434, 100
2026/09/29 11:18:45.382, 7, 17434, 100
2026/09/29 11:18:46.382, 0, 17434, 100
2026/09/29 11:18:46.382, 1, 17434, 100
2026/09/29 11:18:46.382, 2, 17434, 100
2026/09/29 11:18:46.383, 3, 17434, 100
2026/09/29 11:18:46.383, 4, 17434, 100
2026/09/29 11:18:46.383, 5, 17434, 100
2026/09/29 11:18:46.383, 6, 17434, 100
2026/09/29 11:18:46.383, 7, 17434, 100
2026/09/29 11:18:47.383, 0, 17434, 100
2026/09/29 11:18:47.383, 1, 17434, 100
2026/09/29 11:18:47.383, 2, 17434, 100
2026/09/29 11:18:47.383, 3, 17434, 100
2026/09/29 11:18:47.383, 4, 17434, 100
2026/09/29 11:18:47.383, 5, 17434, 100
2026/09/29 11:18:47.383, 6, 17434, 100
2026/09/29 11:18:47.383, 7, 17434, 100
2026/09/29 11:18:48.384, 0, 17434, 100
2026/09/29 11:18:48.384, 1, 17434, 100
2026/09/29 11:18:48.384, 2, 17434, 100
2026/09/29 11:18:48.384, 3, 17434, 100
2026/09/29 11:18:48.384, 4, 17434, 100
2026/09/29 11:18:48.384, 5, 17434, 100
2026/09/29 11:18:48.384, 6, 17434, 100
2026/09/29 11:18:48.384, 7, 17434, 100
2026/09/29 11:18:49.384, 0, 17434, 100
2026/09/29 11:18:49.384, 1, 17434, 100
2026/09/29 11:18:49.384, 2, 17434, 99
2026/09/29 11:18:49.385, 3, 17434, 96
2026/09/29 11:18:49.385, 4, 17434, 100
2026/09/29 11:18:49.385, 5, 17434, 100
2026/09/29 11:18:49.385, 6, 17434, 95
2026/09/29 11:18:49.385, 7, 17434, 100
2026/09/29 11:18:50.385, 0, 17434, 100
2026/09/29 11:18:50.385, 1, 17434, 100
2026/09/29 11:18:50.385, 2, 17434, 100
2026/09/29 11:18:50.385, 3, 17434, 100
2026/09/29 11:18:50.385, 4, 17434, 100
2026/09/29 11:18:50.385, 5, 17434, 100
2026/09/29 11:18:50.385, 6, 17434, 100
2026/09/29 11:18:50.385, 7, 17434, 100
2026/09/29 11:18:51.386, 0, 17434, 100
2026/09/29 11:18:51.388, 1, 17434, 100
2026/09/29 11:18:51.389, 2, 17434, 100
2026/09/29 11:18:51.389, 3, 17434, 100
2026/09/29 11:18:51.389, 4, 17434, 100
2026/09/29 11:18:51.389, 5, 17434, 100
2026/09/29 11:18:51.390, 6, 17434, 100
2026/09/29 11:18:51.395, 7, 17434, 100
2026/09/29 11:18:52.396, 0, 17434, 100
2026/09/29 11:18:52.396, 1, 17434, 100
2026/09/29 11:18:52.396, 2, 17434, 100
2026/09/29 11:18:52.396, 3, 17434, 100
2026/09/29 11:18:52.396, 4, 17434, 100
2026/09/29 11:18:52.396, 5, 17434, 100
2026/09/29 11:18:52.396, 6, 17434, 100
2026/09/29 11:18:52.396, 7, 17434, 100
2026/09/29 11:18:53.396, 0, 17434, 100
2026/09/29 11:18:53.396, 1, 17434, 100
2026/09/29 11:18:53.396, 2, 17434, 100
2026/09/29 11:18:53.397, 3, 17434, 100
2026/09/29 11:18:53.397, 4, 17434, 100
2026/09/29 11:18:53.397, 5, 17434, 100
2026/09/29 11:18:53.397, 6, 17434, 100
2026/09/29 11:18:53.397, 7, 17434, 100
2026/09/29 11:18:54.397, 0, 17434, 100
2026/09/29 11:18:54.397, 1, 17434, 100
2026/09/29 11:18:54.397, 2, 17434, 100
2026/09/29 11:18:54.397, 3, 17434, 100
2026/09/29 11:18:54.397, 4, 17434, 100
2026/09/29 11:18:54.397, 5, 17434, 100
2026/09/29 11:18:54.397, 6, 17434, 100
2026/09/29 11:18:54.397, 7, 17434, 100
2026/09/29 11:18:55.398, 0, 17434, 100
2026/09/29 11:18:55.398, 1, 17434, 100
2026/09/29 11:18:55.398, 2, 17434, 100
2026/09/29 11:18:55.398, 3, 17434, 100
2026/09/29 11:18:55.398, 4, 17434, 96
2026/09/29 11:18:55.398, 5, 17434, 100
2026/09/29 11:18:55.398, 6, 17434, 100
2026/09/29 11:18:55.398, 7, 17434, 95
2026/09/29 11:18:56.398, 0, 17434, 100
2026/09/29 11:18:56.398, 1, 17434, 100
2026/09/29 11:18:56.398, 2, 17434, 100
2026/09/29 11:18:56.398, 3, 17434, 100
2026/09/29 11:18:56.399, 4, 17434, 100
2026/09/29 11:18:56.399, 5, 17434, 100
2026/09/29 11:18:56.399, 6, 17434, 100
2026/09/29 11:18:56.399, 7, 17434, 100
2026/09/29 11:18:57.399, 0, 17434, 100
2026/09/29 11:18:57.399, 1, 17434, 100
2026/09/29 11:18:57.399, 2, 17434, 100
2026/09/29 11:18:57.399, 3, 17434, 100
2026/09/29 11:18:57.399, 4, 17434, 100
2026/09/29 11:18:57.399, 5, 17434, 100
2026/09/29 11:18:57.399, 6, 17434, 100
2026/09/29 11:18:57.399, 7, 17434, 100
2026/09/29 11:18:58.400, 0, 17434, 100
2026/09/29 11:18:58.400, 1, 17434, 100
2026/09/29 11:18:58.400, 2, 17434, 100
2026/09/29 11:18:58.400, 3, 17434, 100
2026/09/29 11:18:58.400, 4, 17434, 100
2026/09/29 11:18:58.400, 5, 17434, 100
2026/09/29 11:18:58.400, 6, 17434, 100
2026/09/29 11:18:58.400, 7, 17434, 100
2026/09/29 11:18:59.400, 0, 17434, 100
2026/09/29 11:18:59.400, 1, 17434, 100
2026/09/29 11:18:59.400, 2, 17434, 100
2026/09/29 11:18:59.400, 3, 17434, 100
2026/09/29 11:18:59.401, 4, 17434, 100
2026/09/29 11:18:59.401, 5, 17434, 100
2026/09/29 11:18:59.401, 6, 17434, 100
2026/09/29 11:18:59.401, 7, 17434, 100
2026/09/29 11:19:00.401, 0, 17434, 100
2026/09/29 11:19:00.401, 1, 17434, 100
2026/09/29 11:19:00.401, 2, 17434, 100
2026/09/29 11:19:00.401, 3, 17434, 100
2026/09/29 11:19:00.401, 4, 17434, 100
2026/09/29 11:19:00.401, 5, 17434, 99
2026/09/29 11:19:00.401, 6, 17434, 100
2026/09/29 11:19:00.401, 7, 17434, 100
2026/09/29 11:19:01.402, 0, 17434, 100
2026/09/29 11:19:01.402, 1, 17434, 100
2026/09/29 11:19:01.402, 2, 17434, 100
2026/09/29 11:19:01.402, 3, 17434, 100
2026/09/29 11:19:01.402, 4, 17434, 100
2026/09/29 11:19:01.402, 5, 17434, 100
2026/09/29 11:19:01.402, 6, 17434, 100
2026/09/29 11:19:01.402, 7, 17434, 100
2026/09/29 11:19:02.402, 0, 17434, 100
2026/09/29 11:19:02.402, 1, 17434, 100
2026/09/29 11:19:02.403, 2, 17434, 100
2026/09/29 11:19:02.403, 3, 17434, 100
2026/09/29 11:19:02.403, 4, 17434, 100
2026/09/29 11:19:02.403, 5, 17434, 100
2026/09/29 11:19:02.403, 6, 17434, 100
2026/09/29 11:19:02.403, 7, 17434, 100
2026/09/29 11:19:03.403, 0, 17434, 100
2026/09/29 11:19:03.403, 1, 17434, 100
2026/09/29 11:19:03.403, 2, 17434, 100
2026/09/29 11:19:03.403, 3, 17434, 100
2026/09/29 11:19:03.403, 4, 17434, 100
2026/09/29 11:19:03.403, 5, 17434, 100
2026/09/29 11:19:03.403, 6, 17434, 100
2026/09/29 11:19:03.404, 7, 17434, 100
2026/09/29 11:19:04.404, 0, 17434, 100
2026/09/29 11:19:04.404, 1, 17434, 100
2026/09/29 11:19:04.404, 2, 17434, 100
2026/09/29 11:19:04.404, 3, 17434, 100
2026/09/29 11:19:04.404, 4, 17434, 100
2026/09/29 11:19:04.404, 5, 17434, 100
2026/09/29 11:19:04.404, 6, 17434, 100
2026/09/29 11:19:04.404, 7, 17434, 100
2026/09/29 11:19:05.404, 0, 17434, 95
2026/09/29 11:19:05.404, 1, 17434, 100
2026/09/29 11:19:05.405, 2, 17434, 99
2026/09/29 11:19:05.405, 3, 17434, 96
2026/09/29 11:19:05.405, 4, 17434, 100
2026/09/29 11:19:05.405, 5, 17434, 100
2026/09/29 11:19:05.405, 6, 17434, 99
2026/09/29 11:19:05.405, 7, 17434, 100
2026/09/29 11:19:06.405, 0, 17434, 100
2026/09/29 11:19:06.410, 1, 17434, 100
2026/09/29 11:19:06.410, 2, 17434, 100
2026/09/29 11:19:06.410, 3, 17434, 100
2026/09/29 11:19:06.410, 4, 17434, 100
2026/09/29 11:19:06.410, 5, 17434, 100
2026/09/29 11:19:06.410, 6, 17434, 100
2026/09/29 11:19:06.410, 7, 17434, 100
2026/09/29 11:19:07.410, 0, 17434, 100
2026/09/29 11:19:07.410, 1, 17434, 100
2026/09/29 11:19:07.411, 2, 17434, 100
2026/09/29 11:19:07.411, 3, 17434, 100
2026/09/29 11:19:07.411, 4, 17434, 100
2026/09/29 11:19:07.411, 5, 17434, 100
2026/09/29 11:19:07.411, 6, 17434, 100
2026/09/29 11:19:07.411, 7, 17434, 100
2026/09/29 11:19:08.411, 0, 17434, 100
2026/09/29 11:19:08.411, 1, 17434, 100
2026/09/29 11:19:08.411, 2, 17434, 100
2026/09/29 11:19:08.411, 3, 17434, 100
2026/09/29 11:19:08.411, 4, 17434, 100
2026/09/29 11:19:08.411, 5, 17434, 100
2026/09/29 11:19:08.411, 6, 17434, 100
2026/09/29 11:19:08.411, 7, 17434, 100
2026/09/29 11:19:09.412, 0, 17434, 100
2026/09/29 11:19:09.412, 1, 17434, 100
2026/09/29 11:19:09.412, 2, 17434, 100
2026/09/29 11:19:09.412, 3, 17434, 100
2026/09/29 11:19:09.412, 4, 17434, 100
2026/09/29 11:19:09.412, 5, 17434, 100
2026/09/29 11:19:09.412, 6, 17434, 100
2026/09/29 11:19:09.412, 7, 17434, 100
2026/09/29 11:19:10.412, 0, 17434, 100
2026/09/29 11:19:10.413, 1, 17434, 100
2026/09/29 11:19:10.413, 2, 17434, 100
2026/09/29 11:19:10.413, 3, 17434, 100
2026/09/29 11:19:10.413, 4, 17434, 100
2026/09/29 11:19:10.413, 5, 17434, 100
2026/09/29 11:19:10.413, 6, 17434, 100
2026/09/29 11:19:10.413, 7, 17434, 100
2026/09/29 11:19:11.413, 0, 17434, 100
2026/09/29 11:19:11.413, 1, 17434, 100
2026/09/29 11:19:11.413, 2, 17434, 99
2026/09/29 11:19:11.413, 3, 17434, 100
2026/09/29 11:19:11.413, 4, 17434, 98
2026/09/29 11:19:11.413, 5, 17434, 100
2026/09/29 11:19:11.414, 6, 17434, 100
2026/09/29 11:19:11.414, 7, 17434, 100
2026/09/29 11:19:12.414, 0, 17434, 100
2026/09/29 11:19:12.414, 1, 17434, 100
2026/09/29 11:19:12.414, 2, 17434, 100
2026/09/29 11:19:12.414, 3, 17434, 100
2026/09/29 11:19:12.414, 4, 17434, 100
2026/09/29 11:19:12.414, 5, 17434, 100
2026/09/29 11:19:12.414, 6, 17434, 100
2026/09/29 11:19:12.414, 7, 17434, 100
2026/09/29 11:19:13.414, 0, 17434, 100
2026/09/29 11:19:13.415, 1, 17434, 100
2026/09/29 11:19:13.415, 2, 17434, 100
2026/09/29 11:19:13.415, 3, 17434, 100
2026/09/29 11:19:13.415, 4, 17434, 100
2026/09/29 11:19:13.415, 5, 17434, 100
2026/09/29 11:19:13.415, 6, 17434, 100
2026/09/29 11:19:13.415, 7, 17434, 100
2026/09/29 11:19:14.415, 0, 17434, 100
2026/09/29 11:19:14.415, 1, 17434, 100
2026/09/29 11:19:14.415, 2, 17434, 100
2026/09/29 11:19:14.415, 3, 17434, 100
2026/09/29 11:19:14.415, 4, 17434, 100
2026/09/29 11:19:14.416, 5, 17434, 100
2026/09/29 11:19:14.416, 6, 17434, 100
2026/09/29 11:19:14.416, 7, 17434, 100
2026/09/29 11:19:15.416, 0, 17434, 100
2026/09/29 11:19:15.416, 1, 17434, 100
2026/09/29 11:19:15.416, 2, 17434, 100
2026/09/29 11:19:15.416, 3, 17434, 100
2026/09/29 11:19:15.416, 4, 17434, 100
2026/09/29 11:19:15.416, 5, 17434, 100
2026/09/29 11:19:15.416, 6, 17434, 100
2026/09/29 11:19:15.416, 7, 17434, 100
2026/09/29 11:19:16.416, 0, 17434, 100
2026/09/29 11:19:16.417, 1, 17434, 100
2026/09/29 11:19:16.417, 2, 17434, 100
2026/09/29 11:19:16.417, 3, 17434, 100
2026/09/29 11:19:16.417, 4, 17434, 100
2026/09/29 11:19:16.417, 5, 17434, 100
2026/09/29 11:19:16.417, 6, 17434, 100
2026/09/29 11:19:16.417, 7, 17434, 100
2026/09/29 11:19:17.417, 0, 17434, 100
2026/09/29 11:19:17.417, 1, 17434, 100
2026/09/29 11:19:17.417, 2, 17434, 100
2026/09/29 11:19:17.417, 3, 17434, 100
2026/09/29 11:19:17.417, 4, 17434, 100
2026/09/29 11:19:17.417, 5, 17434, 100
2026/09/29 11:19:17.417, 6, 17434, 100
2026/09/29 11:19:17.417, 7, 17434, 100
2026/09/29 11:19:18.418, 0, 17434, 100
2026/09/29 11:19:18.418, 1, 17434, 100
2026/09/29 11:19:18.418, 2, 17434, 100
2026/09/29 11:19:18.418, 3, 17434, 100
2026/09/29 11:19:18.418, 4, 17434, 100
2026/09/29 11:19:18.418, 5, 17434, 100
2026/09/29 11:19:18.418, 6, 17434, 100
2026/09/29 11:19:18.418, 7, 17434, 100
2026/09/29 11:19:19.418, 0, 17434, 100
2026/09/29 11:19:19.419, 1, 17434, 100
2026/09/29 11:19:19.419, 2, 17434, 100
2026/09/29 11:19:19.419, 3, 17434, 100
2026/09/29 11:19:19.419, 4, 17434, 100
2026/09/29 11:19:19.419, 5, 17434, 100
2026/09/29 11:19:19.419, 6, 17434, 100
2026/09/29 11:19:19.419, 7, 17434, 100
2026/09/29 11:19:20.419, 0, 17434, 100
2026/09/29 11:19:20.419, 1, 17434, 100
2026/09/29 11:19:20.419, 2, 17434, 100
2026/09/29 11:19:20.419, 3, 17434, 100
2026/09/29 11:19:20.419, 4, 17434, 100
2026/09/29 11:19:20.419, 5, 17434, 100
2026/09/29 11:19:20.420, 6, 17434, 100
2026/09/29 11:19:20.420, 7, 17434, 100
2026/09/29 11:19:21.420, 0, 17434, 99
2026/09/29 11:19:21.420, 1, 17434, 90
2026/09/29 11:19:21.428, 2, 17434, 89
2026/09/29 11:19:21.428, 3, 17434, 100
2026/09/29 11:19:21.428, 4, 17434, 100
2026/09/29 11:19:21.428, 5, 17434, 100
2026/09/29 11:19:21.428, 6, 17434, 100
2026/09/29 11:19:21.429, 7, 17434, 100
2026/09/29 11:19:22.429, 0, 17434, 0
2026/09/29 11:19:22.429, 1, 17434, 100
2026/09/29 11:19:22.430, 2, 17434, 100
2026/09/29 11:19:22.430, 3, 17434, 100
2026/09/29 11:19:22.430, 4, 17434, 100
2026/09/29 11:19:22.430, 5, 17434, 100
2026/09/29 11:19:22.430, 6, 17434, 100
2026/09/29 11:19:22.430, 7, 17434, 100
2026/09/29 11:19:23.430, 0, 17434, 0
2026/09/29 11:19:23.430, 1, 17434, 0
2026/09/29 11:19:23.430, 2, 17434, 0
2026/09/29 11:19:23.430, 3, 17434, 0
2026/09/29 11:19:23.430, 4, 17434, 0
2026/09/29 11:19:23.430, 5, 17434, 0
2026/09/29 11:19:23.430, 6, 17434, 0
2026/09/29 11:19:23.431, 7, 17434, 0
2026/09/29 11:19:24.431, 0, 17434, 0
2026/09/29 11:19:24.431, 1, 17434, 0
2026/09/29 11:19:24.431, 2, 17434, 0
2026/09/29 11:19:24.431, 3, 17434, 0
2026/09/29 11:19:24.431, 4, 17434, 0
2026/09/29 11:19:24.431, 5, 17434, 0
2026/09/29 11:19:24.431, 6, 17434, 0
2026/09/29 11:19:24.431, 7, 17434, 0
2026/09/29 11:19:25.431, 0, 17434, 0
2026/09/29 11:19:25.432, 1, 17434, 0
2026/09/29 11:19:25.432, 2, 17434, 0
2026/09/29 11:19:25.432, 3, 17434, 0
2026/09/29 11:19:25.432, 4, 17434, 0
2026/09/29 11:19:25.432, 5, 17434, 0
2026/09/29 11:19:25.432, 6, 17434, 0
2026/09/29 11:19:25.432, 7, 17434, 0
2026/09/29 11:19:26.432, 0, 17434, 0
2026/09/29 11:19:26.432, 1, 17434, 0
2026/09/29 11:19:26.432, 2, 17434, 0
2026/09/29 11:19:26.432, 3, 17434, 0
2026/09/29 11:19:26.432, 4, 17434, 0
2026/09/29 11:19:26.432, 5, 17434, 0
2026/09/29 11:19:26.432, 6, 17434, 0
2026/09/29 11:19:26.432, 7, 17434, 0
2026/09/29 11:19:27.432, 0, 17434, 0
2026/09/29 11:19:27.433, 1, 17434, 0
2026/09/29 11:19:27.433, 2, 17434, 0
2026/09/29 11:19:27.433, 3, 17418, 0
2026/09/29 11:19:27.433, 4, 17434, 0
2026/09/29 11:19:27.433, 5, 17434, 0
2026/09/29 11:19:27.433, 6, 17434, 0
2026/09/29 11:19:27.433, 7, 17434, 0
2026/09/29 11:19:28.433, 0, 17342, 0
2026/09/29 11:19:28.433, 1, 17434, 0
2026/09/29 11:19:28.433, 2, 17434, 0
2026/09/29 11:19:28.433, 3, 17418, 0
2026/09/29 11:19:28.433, 4, 17434, 0
2026/09/29 11:19:28.433, 5, 17434, 0
2026/09/29 11:19:28.433, 6, 17434, 0
2026/09/29 11:19:28.433, 7, 17434, 0
2026/09/29 11:19:29.434, 0, 17342, 0
2026/09/29 11:19:29.434, 1, 17434, 0
2026/09/29 11:19:29.434, 2, 17434, 0
2026/09/29 11:19:29.434, 3, 17418, 0
2026/09/29 11:19:29.434, 4, 17434, 0
2026/09/29 11:19:29.434, 5, 17434, 0
2026/09/29 11:19:29.434, 6, 17434, 0
2026/09/29 11:19:29.434, 7, 17386, 0
2026/09/29 11:19:30.434, 0, 17342, 0
2026/09/29 11:19:30.434, 1, 17342, 5
2026/09/29 11:19:30.434, 2, 17342, 27
2026/09/29 11:19:30.434, 3, 17418, 0
2026/09/29 11:19:30.435, 4, 17342, 0
2026/09/29 11:19:30.435, 5, 17434, 0
2026/09/29 11:19:30.435, 6, 17434, 0
2026/09/29 11:19:30.435, 7, 17386, 0
2026/09/29 11:19:31.435, 0, 17342, 0
2026/09/29 11:19:31.435, 1, 17342, 0
2026/09/29 11:19:31.435, 2, 17342, 0
2026/09/29 11:19:31.435, 3, 17418, 0
2026/09/29 11:19:31.435, 4, 17342, 0
2026/09/29 11:19:31.435, 5, 17434, 0
2026/09/29 11:19:31.435, 6, 17434, 0
2026/09/29 11:19:31.435, 7, 17386, 0
2026/09/29 11:19:32.435, 0, 17342, 0
2026/09/29 11:19:32.436, 1, 17342, 0
2026/09/29 11:19:32.436, 2, 17342, 0
2026/09/29 11:19:32.436, 3, 17326, 0
2026/09/29 11:19:32.436, 4, 17342, 0
2026/09/29 11:19:32.436, 5, 17342, 18
2026/09/29 11:19:32.436, 6, 17342, 0
2026/09/29 11:19:32.436, 7, 17294, 0
2026/09/29 11:19:33.436, 0, 17342, 0
2026/09/29 11:19:33.436, 1, 17342, 0
2026/09/29 11:19:33.436, 2, 17342, 0
2026/09/29 11:19:33.437, 3, 17326, 0
2026/09/29 11:19:33.437, 4, 17342, 0
2026/09/29 11:19:33.437, 5, 17342, 0
2026/09/29 11:19:33.437, 6, 17342, 0
2026/09/29 11:19:33.437, 7, 17294, 0
2026/09/29 11:19:34.437, 0, 4, 0
2026/09/29 11:19:41.756, 1, 4, 0
2026/09/29 11:20:34.134, 2, 4, 0
2026/09/29 11:20:34.189, 3, 4, 0
2026/09/29 11:20:34.191, 4, 4, 0
2026/09/29 11:20:34.191, 5, 4, 0
2026/09/29 11:20:34.191, 6, 4, 0
2026/09/29 11:20:34.191, 7, 4, 0
2026/09/29 11:20:35.191, 0, 4, 0
2026/09/29 11:20:35.191, 1, 4, 0
2026/09/29 11:20:35.191, 2, 4, 0
2026/09/29 11:20:35.191, 3, 4, 0
2026/09/29 11:20:35.191, 4, 4, 0
2026/09/29 11:20:35.191, 5, 4, 0
2026/09/29 11:20:35.191, 6, 4, 0
2026/09/29 11:20:35.192, 7, 4, 0
2026/09/29 11:20:36.192, 0, 4, 0
2026/09/29 11:20:36.192, 1, 4, 0
2026/09/29 11:20:36.192, 2, 4, 0
2026/09/29 11:20:36.192, 3, 4, 0
2026/09/29 11:20:36.192, 4, 4, 0
2026/09/29 11:20:36.192, 5, 4, 0
2026/09/29 11:20:36.192, 6, 4, 0
2026/09/29 11:20:36.192, 7, 4, 0
2026/09/29 11:20:37.192, 0, 4, 0
2026/09/29 11:20:37.192, 1, 4, 0
2026/09/29 11:20:37.192, 2, 4, 0
2026/09/29 11:20:37.193, 3, 4, 0
2026/09/29 11:20:37.193, 4, 4, 0
2026/09/29 11:20:37.193, 5, 4, 0
2026/09/29 11:20:37.193, 6, 4, 0
2026/09/29 11:20:37.193, 7, 4, 0
2026/09/29 11:20:38.193, 0, 4, 0
2026/09/29 11:20:38.193, 1, 4, 0
2026/09/29 11:20:38.193, 2, 4, 0
2026/09/29 11:20:38.193, 3, 4, 0
2026/09/29 11:20:38.193, 4, 4, 0
2026/09/29 11:20:38.193, 5, 4, 0
2026/09/29 11:20:38.193, 6, 4, 0
2026/09/29 11:20:38.193, 7, 4, 0
2026/09/29 11:20:39.194, 0, 4, 0
2026/09/29 11:20:39.194, 1, 4, 0
2026/09/29 11:20:39.194, 2, 4, 0
2026/09/29 11:20:39.194, 3, 4, 0
2026/09/29 11:20:39.194, 4, 4, 0
2026/09/29 11:20:39.194, 5, 4, 0
2026/09/29 11:20:39.194, 6, 4, 0
2026/09/29 11:20:39.194, 7, 4, 0
2026/09/29 11:20:40.194, 0, 4, 0
2026/09/29 11:20:40.195, 1, 4, 0
2026/09/29 11:20:40.195, 2, 4, 0
2026/09/29 11:20:40.195, 3, 4, 0
2026/09/29 11:20:40.195, 4, 4, 0
2026/09/29 11:20:40.195, 5, 4, 0
2026/09/29 11:20:40.195, 6, 4, 0
2026/09/29 11:20:40.195, 7, 4, 0
2026/09/29 11:20:41.195, 0, 4, 0
2026/09/29 11:20:41.195, 1, 4, 0
2026/09/29 11:20:41.195, 2, 4, 0
2026/09/29 11:20:41.195, 3, 4, 0
2026/09/29 11:20:41.195, 4, 4, 0
2026/09/29 11:20:41.195, 5, 4, 0
2026/09/29 11:20:41.195, 6, 4, 0
2026/09/29 11:20:41.195, 7, 4, 0
2026/09/29 11:20:42.195, 0, 4, 0
2026/09/29 11:20:42.195, 1, 4, 0
2026/09/29 11:20:42.196, 2, 4, 0
2026/09/29 11:20:42.196, 3, 4, 0
2026/09/29 11:20:42.196, 4, 4, 0
2026/09/29 11:20:42.196, 5, 4, 0
2026/09/29 11:20:42.196, 6, 4, 0
2026/09/29 11:20:42.196, 7, 4, 0
2026/09/29 11:20:43.196, 0, 4, 0
2026/09/29 11:20:43.196, 1, 4, 0
2026/09/29 11:20:43.196, 2, 4, 0
2026/09/29 11:20:43.196, 3, 4, 0
2026/09/29 11:20:43.196, 4, 4, 0
2026/09/29 11:20:43.196, 5, 4, 0
2026/09/29 11:20:43.196, 6, 4, 0
2026/09/29 11:20:43.197, 7, 4, 0
2026/09/29 11:20:44.197, 0, 4, 0
2026/09/29 11:20:44.197, 1, 4, 0
2026/09/29 11:20:44.197, 2, 4, 0
2026/09/29 11:20:44.197, 3, 4, 0
2026/09/29 11:20:44.197, 4, 4, 0
2026/09/29 11:20:44.197, 5, 4, 0
2026/09/29 11:20:44.197, 6, 4, 0
2026/09/29 11:20:44.197, 7, 4, 0
2026/09/29 11:20:45.197, 0, 4, 0
2026/09/29 11:20:45.198, 1, 4, 0
2026/09/29 11:20:45.198, 2, 4, 0
2026/09/29 11:20:45.198, 3, 4, 0
2026/09/29 11:20:45.198, 4, 4, 0
2026/09/29 11:20:45.198, 5, 4, 0
2026/09/29 11:20:45.198, 6, 4, 0
2026/09/29 11:20:45.198, 7, 4, 0
2026/09/29 11:20:46.198, 0, 4, 0
2026/09/29 11:20:46.198, 1, 4, 0
2026/09/29 11:20:46.198, 2, 4, 0
2026/09/29 11:20:46.198, 3, 4, 0
2026/09/29 11:20:46.198, 4, 4, 0
2026/09/29 11:20:46.198, 5, 4, 0
2026/09/29 11:20:46.198, 6, 4, 0
2026/09/29 11:20:46.198, 7, 4, 0
2026/09/29 11:20:47.199, 0, 4, 0
2026/09/29 11:20:47.199, 1, 4, 0
2026/09/29 11:20:47.199, 2, 4, 0
2026/09/29 11:20:47.199, 3, 4, 0
2026/09/29 11:20:47.199, 4, 4, 0
2026/09/29 11:20:47.199, 5, 4, 0
2026/09/29 11:20:47.199, 6, 4, 0
2026/09/29 11:20:47.199, 7, 4, 0
2026/09/29 11:20:48.199, 0, 4, 0
2026/09/29 11:20:48.199, 1, 4, 0
2026/09/29 11:20:48.199, 2, 4, 0
2026/09/29 11:20:48.199, 3, 4, 0
2026/09/29 11:20:48.199, 4, 4, 0
2026/09/29 11:20:48.200, 5, 4, 0
2026/09/29 11:20:48.200, 6, 4, 0
2026/09/29 11:20:48.200, 7, 4, 0
2026/09/29 11:20:49.200, 0, 4, 0
2026/09/29 11:20:49.200, 1, 4, 0
2026/09/29 11:20:49.200, 2, 4, 0
2026/09/29 11:20:49.200, 3, 4, 0
2026/09/29 11:20:49.200, 4, 4, 0
2026/09/29 11:20:49.200, 5, 4, 0
2026/09/29 11:20:49.200, 6, 4, 0
2026/09/29 11:20:49.200, 7, 4, 0
2026/09/29 11:20:50.200, 0, 4, 0
2026/09/29 11:20:50.200, 1, 4, 0
2026/09/29 11:20:50.201, 2, 4, 0
2026/09/29 11:20:50.201, 3, 4, 0
2026/09/29 11:20:50.201, 4, 4, 0
2026/09/29 11:20:50.201, 5, 4, 0
2026/09/29 11:20:50.201, 6, 4, 0
2026/09/29 11:20:50.201, 7, 4, 0
